0 Jahre,Eisenstadt (Stadt) <101>,27
0 Jahre,Rust (Stadt) <102>,1
0 Jahre,Eisenstadt Umgebung <103>,33
0 Jahre,Güssing <104>,13
0 Jahre,Jennersdorf <105>,8
0 Jahre,Mattersburg <106>,34
0 Jahre,Neusiedl am See <107>,45
0 Jahre,Oberpullendorf <108>,26
0 Jahre,Oberwart <109>,52
0 Jahre,Klagenfurt (Stadt) <201>,146
0 Jahre,Villach (Stadt) <202>,82
0 Jahre,Feldkirchen <210>,18
0 Jahre,Hermagor <203>,6
0 Jahre,Klagenfurt Land <204>,51
0 Jahre,Sankt Veit an der Glan <205>,46
0 Jahre,Spittal an der Drau <206>,58
0 Jahre,Villach Land <207>,62
0 Jahre,Völkermarkt <208>,39
0 Jahre,Wolfsberg <209>,56
0 Jahre,Krems an der Donau (Stadt) <301>,25
0 Jahre,Sankt Pölten (Stadt) <302>,78
0 Jahre,Waidhofen an der Ybbs (Stadt) <303>,13
0 Jahre,Wiener Neustadt (Stadt) <304>,74
0 Jahre,Amstetten <305>,102
0 Jahre,Baden <306>,117
0 Jahre,Bruck an der Leitha <307>,112
0 Jahre,Gänserndorf <308>,99
0 Jahre,Gmünd <309>,24
0 Jahre,Hollabrunn <310>,52
0 Jahre,Horn <311>,18
0 Jahre,Korneuburg <312>,79
0 Jahre,Krems Land <313>,34
0 Jahre,Lilienfeld <314>,31
0 Jahre,Melk <315>,64
0 Jahre,Mistelbach <316>,57
0 Jahre,Mödling <317>,111
0 Jahre,Neunkirchen <318>,63
0 Jahre,Sankt Pölten Land <319>,102
0 Jahre,Scheibbs <320>,33
0 Jahre,Tulln <321>,81
0 Jahre,Waidhofen an der Thaya <322>,13
0 Jahre,Wiener Neustadt Land <323>,65
0 Jahre,Wien Umgebung ^<324>,-
0 Jahre,Zwettl <325>,30
0 Jahre,Stadt Linz <401>,350
0 Jahre,Stadt Steyr <402>,56
0 Jahre,Stadt Wels <403>,127
0 Jahre,Braunau <404>,108
0 Jahre,Eferding <405>,23
0 Jahre,Freistadt <406>,38
0 Jahre,Gmunden <407>,74
0 Jahre,Grieskirchen <408>,53
0 Jahre,Kirchdorf <409>,52
0 Jahre,Linz Land <410>,172
0 Jahre,Perg <411>,62
0 Jahre,Ried <412>,65
0 Jahre,Rohrbach <413>,30
0 Jahre,Schärding <414>,56
0 Jahre,Steyr Land <415>,40
0 Jahre,Urfahr Umgebung <416>,53
0 Jahre,Vöcklabruck <417>,159
0 Jahre,Wels Land <418>,72
0 Jahre,Salzburg (Stadt) <501>,211
0 Jahre,Hallein <502>,58
0 Jahre,Salzburg Umgebung <503>,142
0 Jahre,St. Johann im Pongau <504>,76
0 Jahre,Tamsweg <505>,13
0 Jahre,Zell am See <506>,95
0 Jahre,Graz (Stadt) <601>,545
0 Jahre,Bruck an der Mur ^<602>,-
0 Jahre,Bruck-Mürzzuschlag <621>,108
0 Jahre,Deutschlandsberg <603>,46
0 Jahre,Feldbach ^<604>,-
0 Jahre,Fürstenfeld ^<605>,-
0 Jahre,Graz Umgebung <606>,139
0 Jahre,Hartberg ^<607>,-
0 Jahre,Hartberg-Fürstenfeld <622>,60
0 Jahre,Judenburg ^<608>,-
0 Jahre,Knittelfeld ^<609>,-
0 Jahre,Leibnitz <610>,67
0 Jahre,Leoben <611>,35
0 Jahre,Liezen <612>,63
0 Jahre,Murtal <620>,61
0 Jahre,Mürzzuschlag ^<613>,-
0 Jahre,Murau <614>,16
0 Jahre,Radkersburg ^<615>,-
0 Jahre,Südoststeiermark <623>,45
0 Jahre,Voitsberg <616>,45
0 Jahre,Weiz <617>,81
1 Jahr,Eisenstadt (Stadt) <101>,22
1 Jahr,Rust (Stadt) <102>,1
1 Jahr,Eisenstadt Umgebung <103>,29
1 Jahr,Güssing <104>,13
1 Jahr,Jennersdorf <105>,10
1 Jahr,Mattersburg <106>,33
1 Jahr,Neusiedl am See <107>,54
1 Jahr,Oberpullendorf <108>,28
1 Jahr,Oberwart <109>,58
1 Jahr,Klagenfurt (Stadt) <201>,128
1 Jahr,Villach (Stadt) <202>,86
1 Jahr,Feldkirchen <210>,25
1 Jahr,Hermagor <203>,9
1 Jahr,Klagenfurt Land <204>,60
1 Jahr,Sankt Veit an der Glan <205>,57
1 Jahr,Spittal an der Drau <206>,69
1 Jahr,Villach Land <207>,48
1 Jahr,Völkermarkt <208>,27
1 Jahr,Wolfsberg <209>,43
1 Jahr,Krems an der Donau (Stadt) <301>,31
1 Jahr,Sankt Pölten (Stadt) <302>,98
1 Jahr,Waidhofen an der Ybbs (Stadt) <303>,13
1 Jahr,Wiener Neustadt (Stadt) <304>,82
1 Jahr,Amstetten <305>,84
1 Jahr,Baden <306>,143
1 Jahr,Bruck an der Leitha <307>,92
1 Jahr,Gänserndorf <308>,95
1 Jahr,Gmünd <309>,20
1 Jahr,Hollabrunn <310>,40
1 Jahr,Horn <311>,22
1 Jahr,Korneuburg <312>,96
1 Jahr,Krems Land <313>,30
1 Jahr,Lilienfeld <314>,27
1 Jahr,Melk <315>,67
1 Jahr,Mistelbach <316>,59
1 Jahr,Mödling <317>,120
1 Jahr,Neunkirchen <318>,93
1 Jahr,Sankt Pölten Land <319>,121
1 Jahr,Scheibbs <320>,36
1 Jahr,Tulln <321>,101
1 Jahr,Waidhofen an der Thaya <322>,19
1 Jahr,Wiener Neustadt Land <323>,73
1 Jahr,Wien Umgebung ^<324>,-
1 Jahr,Zwettl <325>,22
1 Jahr,Stadt Linz <401>,350
1 Jahr,Stadt Steyr <402>,47
1 Jahr,Stadt Wels <403>,107
1 Jahr,Braunau <404>,104
1 Jahr,Eferding <405>,15
1 Jahr,Freistadt <406>,49
1 Jahr,Gmunden <407>,73
1 Jahr,Grieskirchen <408>,55
1 Jahr,Kirchdorf <409>,55
1 Jahr,Linz Land <410>,182
1 Jahr,Perg <411>,63
1 Jahr,Ried <412>,67
1 Jahr,Rohrbach <413>,41
1 Jahr,Schärding <414>,40
1 Jahr,Steyr Land <415>,54
1 Jahr,Urfahr Umgebung <416>,76
1 Jahr,Vöcklabruck <417>,176
1 Jahr,Wels Land <418>,68
1 Jahr,Salzburg (Stadt) <501>,230
1 Jahr,Hallein <502>,62
1 Jahr,Salzburg Umgebung <503>,133
1 Jahr,St. Johann im Pongau <504>,79
1 Jahr,Tamsweg <505>,17
1 Jahr,Zell am See <506>,86
1 Jahr,Graz (Stadt) <601>,557
1 Jahr,Bruck an der Mur ^<602>,-
1 Jahr,Bruck-Mürzzuschlag <621>,85
1 Jahr,Deutschlandsberg <603>,51
1 Jahr,Feldbach ^<604>,-
1 Jahr,Fürstenfeld ^<605>,-
1 Jahr,Graz Umgebung <606>,156
1 Jahr,Hartberg ^<607>,-
1 Jahr,Hartberg-Fürstenfeld <622>,66
1 Jahr,Judenburg ^<608>,-
1 Jahr,Knittelfeld ^<609>,-
1 Jahr,Leibnitz <610>,73
1 Jahr,Leoben <611>,55
1 Jahr,Liezen <612>,77
1 Jahr,Murtal <620>,84
1 Jahr,Mürzzuschlag ^<613>,-
1 Jahr,Murau <614>,19
1 Jahr,Radkersburg ^<615>,-
1 Jahr,Südoststeiermark <623>,79
1 Jahr,Voitsberg <616>,40
1 Jahr,Weiz <617>,88
2 Jahre,Eisenstadt (Stadt) <101>,13
2 Jahre,Rust (Stadt) <102>,2
2 Jahre,Eisenstadt Umgebung <103>,24
2 Jahre,Güssing <104>,14
2 Jahre,Jennersdorf <105>,10
2 Jahre,Mattersburg <106>,31
2 Jahre,Neusiedl am See <107>,41
2 Jahre,Oberpullendorf <108>,25
2 Jahre,Oberwart <109>,47
2 Jahre,Klagenfurt (Stadt) <201>,151
2 Jahre,Villach (Stadt) <202>,94
2 Jahre,Feldkirchen <210>,29
2 Jahre,Hermagor <203>,10
2 Jahre,Klagenfurt Land <204>,66
2 Jahre,Sankt Veit an der Glan <205>,42
2 Jahre,Spittal an der Drau <206>,62
2 Jahre,Villach Land <207>,40
2 Jahre,Völkermarkt <208>,31
2 Jahre,Wolfsberg <209>,43
2 Jahre,Krems an der Donau (Stadt) <301>,35
2 Jahre,Sankt Pölten (Stadt) <302>,87
2 Jahre,Waidhofen an der Ybbs (Stadt) <303>,13
2 Jahre,Wiener Neustadt (Stadt) <304>,71
2 Jahre,Amstetten <305>,106
2 Jahre,Baden <306>,132
2 Jahre,Bruck an der Leitha <307>,82
2 Jahre,Gänserndorf <308>,88
2 Jahre,Gmünd <309>,15
2 Jahre,Hollabrunn <310>,35
2 Jahre,Horn <311>,14
2 Jahre,Korneuburg <312>,77
2 Jahre,Krems Land <313>,37
2 Jahre,Lilienfeld <314>,19
2 Jahre,Melk <315>,73
2 Jahre,Mistelbach <316>,56
2 Jahre,Mödling <317>,106
2 Jahre,Neunkirchen <318>,58
2 Jahre,Sankt Pölten Land <319>,110
2 Jahre,Scheibbs <320>,32
2 Jahre,Tulln <321>,92
2 Jahre,Waidhofen an der Thaya <322>,20
2 Jahre,Wiener Neustadt Land <323>,53
2 Jahre,Wien Umgebung ^<324>,-
2 Jahre,Zwettl <325>,26
2 Jahre,Stadt Linz <401>,302
2 Jahre,Stadt Steyr <402>,60
2 Jahre,Stadt Wels <403>,85
2 Jahre,Braunau <404>,104
2 Jahre,Eferding <405>,24
2 Jahre,Freistadt <406>,54
2 Jahre,Gmunden <407>,84
2 Jahre,Grieskirchen <408>,56
2 Jahre,Kirchdorf <409>,52
2 Jahre,Linz Land <410>,163
2 Jahre,Perg <411>,75
2 Jahre,Ried <412>,65
2 Jahre,Rohrbach <413>,40
2 Jahre,Schärding <414>,45
2 Jahre,Steyr Land <415>,58
2 Jahre,Urfahr Umgebung <416>,57
2 Jahre,Vöcklabruck <417>,148
2 Jahre,Wels Land <418>,61
2 Jahre,Salzburg (Stadt) <501>,180
2 Jahre,Hallein <502>,48
2 Jahre,Salzburg Umgebung <503>,147
2 Jahre,St. Johann im Pongau <504>,67
2 Jahre,Tamsweg <505>,19
2 Jahre,Zell am See <506>,55
2 Jahre,Graz (Stadt) <601>,455
2 Jahre,Bruck an der Mur ^<602>,-
2 Jahre,Bruck-Mürzzuschlag <621>,93
2 Jahre,Deutschlandsberg <603>,45
2 Jahre,Feldbach ^<604>,-
2 Jahre,Fürstenfeld ^<605>,-
2 Jahre,Graz Umgebung <606>,124
2 Jahre,Hartberg ^<607>,-
2 Jahre,Hartberg-Fürstenfeld <622>,52
2 Jahre,Judenburg ^<608>,-
2 Jahre,Knittelfeld ^<609>,-
2 Jahre,Leibnitz <610>,82
2 Jahre,Leoben <611>,62
2 Jahre,Liezen <612>,63
2 Jahre,Murtal <620>,66
2 Jahre,Mürzzuschlag ^<613>,-
2 Jahre,Murau <614>,18
2 Jahre,Radkersburg ^<615>,-
2 Jahre,Südoststeiermark <623>,63
2 Jahre,Voitsberg <616>,57
2 Jahre,Weiz <617>,100
3 Jahre,Eisenstadt (Stadt) <101>,16
3 Jahre,Rust (Stadt) <102>,-
3 Jahre,Eisenstadt Umgebung <103>,26
3 Jahre,Güssing <104>,17
3 Jahre,Jennersdorf <105>,16
3 Jahre,Mattersburg <106>,31
3 Jahre,Neusiedl am See <107>,47
3 Jahre,Oberpullendorf <108>,23
3 Jahre,Oberwart <109>,48
3 Jahre,Klagenfurt (Stadt) <201>,88
3 Jahre,Villach (Stadt) <202>,74
3 Jahre,Feldkirchen <210>,32
3 Jahre,Hermagor <203>,4
3 Jahre,Klagenfurt Land <204>,56
3 Jahre,Sankt Veit an der Glan <205>,55
3 Jahre,Spittal an der Drau <206>,57
3 Jahre,Villach Land <207>,55
3 Jahre,Völkermarkt <208>,49
3 Jahre,Wolfsberg <209>,35
3 Jahre,Krems an der Donau (Stadt) <301>,18
3 Jahre,Sankt Pölten (Stadt) <302>,65
3 Jahre,Waidhofen an der Ybbs (Stadt) <303>,9
3 Jahre,Wiener Neustadt (Stadt) <304>,63
3 Jahre,Amstetten <305>,82
3 Jahre,Baden <306>,113
3 Jahre,Bruck an der Leitha <307>,88
3 Jahre,Gänserndorf <308>,85
3 Jahre,Gmünd <309>,18
3 Jahre,Hollabrunn <310>,28
3 Jahre,Horn <311>,15
3 Jahre,Korneuburg <312>,57
3 Jahre,Krems Land <313>,29
3 Jahre,Lilienfeld <314>,25
3 Jahre,Melk <315>,54
3 Jahre,Mistelbach <316>,44
3 Jahre,Mödling <317>,77
3 Jahre,Neunkirchen <318>,67
3 Jahre,Sankt Pölten Land <319>,113
3 Jahre,Scheibbs <320>,33
3 Jahre,Tulln <321>,85
3 Jahre,Waidhofen an der Thaya <322>,17
3 Jahre,Wiener Neustadt Land <323>,55
3 Jahre,Wien Umgebung ^<324>,-
3 Jahre,Zwettl <325>,20
3 Jahre,Stadt Linz <401>,277
3 Jahre,Stadt Steyr <402>,30
3 Jahre,Stadt Wels <403>,89
3 Jahre,Braunau <404>,106
3 Jahre,Eferding <405>,22
3 Jahre,Freistadt <406>,33
3 Jahre,Gmunden <407>,73
3 Jahre,Grieskirchen <408>,52
3 Jahre,Kirchdorf <409>,40
3 Jahre,Linz Land <410>,165
3 Jahre,Perg <411>,54
3 Jahre,Ried <412>,66
3 Jahre,Rohrbach <413>,38
3 Jahre,Schärding <414>,40
3 Jahre,Steyr Land <415>,53
3 Jahre,Urfahr Umgebung <416>,55
3 Jahre,Vöcklabruck <417>,128
3 Jahre,Wels Land <418>,62
3 Jahre,Salzburg (Stadt) <501>,165
3 Jahre,Hallein <502>,56
3 Jahre,Salzburg Umgebung <503>,136
3 Jahre,St. Johann im Pongau <504>,65
3 Jahre,Tamsweg <505>,12
3 Jahre,Zell am See <506>,75
3 Jahre,Graz (Stadt) <601>,455
3 Jahre,Bruck an der Mur ^<602>,-
3 Jahre,Bruck-Mürzzuschlag <621>,84
3 Jahre,Deutschlandsberg <603>,41
3 Jahre,Feldbach ^<604>,-
3 Jahre,Fürstenfeld ^<605>,-
3 Jahre,Graz Umgebung <606>,141
3 Jahre,Hartberg ^<607>,-
3 Jahre,Hartberg-Fürstenfeld <622>,73
3 Jahre,Judenburg ^<608>,-
3 Jahre,Knittelfeld ^<609>,-
3 Jahre,Leibnitz <610>,83
3 Jahre,Leoben <611>,68
3 Jahre,Liezen <612>,60
3 Jahre,Murtal <620>,55
3 Jahre,Mürzzuschlag ^<613>,-
3 Jahre,Murau <614>,16
3 Jahre,Radkersburg ^<615>,-
3 Jahre,Südoststeiermark <623>,41
3 Jahre,Voitsberg <616>,35
3 Jahre,Weiz <617>,76
4 Jahre,Eisenstadt (Stadt) <101>,18
4 Jahre,Rust (Stadt) <102>,-
4 Jahre,Eisenstadt Umgebung <103>,29
4 Jahre,Güssing <104>,19
4 Jahre,Jennersdorf <105>,9
4 Jahre,Mattersburg <106>,26
4 Jahre,Neusiedl am See <107>,41
4 Jahre,Oberpullendorf <108>,15
4 Jahre,Oberwart <109>,34
4 Jahre,Klagenfurt (Stadt) <201>,109
4 Jahre,Villach (Stadt) <202>,81
4 Jahre,Feldkirchen <210>,17
4 Jahre,Hermagor <203>,12
4 Jahre,Klagenfurt Land <204>,57
4 Jahre,Sankt Veit an der Glan <205>,51
4 Jahre,Spittal an der Drau <206>,68
4 Jahre,Villach Land <207>,62
4 Jahre,Völkermarkt <208>,39
4 Jahre,Wolfsberg <209>,35
4 Jahre,Krems an der Donau (Stadt) <301>,32
4 Jahre,Sankt Pölten (Stadt) <302>,58
4 Jahre,Waidhofen an der Ybbs (Stadt) <303>,5
4 Jahre,Wiener Neustadt (Stadt) <304>,60
4 Jahre,Amstetten <305>,80
4 Jahre,Baden <306>,130
4 Jahre,Bruck an der Leitha <307>,73
4 Jahre,Gänserndorf <308>,82
4 Jahre,Gmünd <309>,24
4 Jahre,Hollabrunn <310>,30
4 Jahre,Horn <311>,12
4 Jahre,Korneuburg <312>,53
4 Jahre,Krems Land <313>,25
4 Jahre,Lilienfeld <314>,27
4 Jahre,Melk <315>,50
4 Jahre,Mistelbach <316>,37
4 Jahre,Mödling <317>,87
4 Jahre,Neunkirchen <318>,80
4 Jahre,Sankt Pölten Land <319>,91
4 Jahre,Scheibbs <320>,27
4 Jahre,Tulln <321>,69
4 Jahre,Waidhofen an der Thaya <322>,15
4 Jahre,Wiener Neustadt Land <323>,61
4 Jahre,Wien Umgebung ^<324>,-
4 Jahre,Zwettl <325>,21
4 Jahre,Stadt Linz <401>,231
4 Jahre,Stadt Steyr <402>,39
4 Jahre,Stadt Wels <403>,86
4 Jahre,Braunau <404>,73
4 Jahre,Eferding <405>,22
4 Jahre,Freistadt <406>,34
4 Jahre,Gmunden <407>,73
4 Jahre,Grieskirchen <408>,40
4 Jahre,Kirchdorf <409>,48
4 Jahre,Linz Land <410>,121
4 Jahre,Perg <411>,76
4 Jahre,Ried <412>,65
4 Jahre,Rohrbach <413>,35
4 Jahre,Schärding <414>,42
4 Jahre,Steyr Land <415>,35
4 Jahre,Urfahr Umgebung <416>,51
4 Jahre,Vöcklabruck <417>,126
4 Jahre,Wels Land <418>,52
4 Jahre,Salzburg (Stadt) <501>,167
4 Jahre,Hallein <502>,58
4 Jahre,Salzburg Umgebung <503>,118
4 Jahre,St. Johann im Pongau <504>,47
4 Jahre,Tamsweg <505>,14
4 Jahre,Zell am See <506>,67
4 Jahre,Graz (Stadt) <601>,395
4 Jahre,Bruck an der Mur ^<602>,-
4 Jahre,Bruck-Mürzzuschlag <621>,92
4 Jahre,Deutschlandsberg <603>,33
4 Jahre,Feldbach ^<604>,-
4 Jahre,Fürstenfeld ^<605>,-
4 Jahre,Graz Umgebung <606>,117
4 Jahre,Hartberg ^<607>,-
4 Jahre,Hartberg-Fürstenfeld <622>,54
4 Jahre,Judenburg ^<608>,-
4 Jahre,Knittelfeld ^<609>,-
4 Jahre,Leibnitz <610>,74
4 Jahre,Leoben <611>,61
4 Jahre,Liezen <612>,53
4 Jahre,Murtal <620>,70
4 Jahre,Mürzzuschlag ^<613>,-
4 Jahre,Murau <614>,16
4 Jahre,Radkersburg ^<615>,-
4 Jahre,Südoststeiermark <623>,51
4 Jahre,Voitsberg <616>,38
4 Jahre,Weiz <617>,70
5 Jahre,Eisenstadt (Stadt) <101>,21
5 Jahre,Rust (Stadt) <102>,-
5 Jahre,Eisenstadt Umgebung <103>,18
5 Jahre,Güssing <104>,9
5 Jahre,Jennersdorf <105>,5
5 Jahre,Mattersburg <106>,21
5 Jahre,Neusiedl am See <107>,31
5 Jahre,Oberpullendorf <108>,26
5 Jahre,Oberwart <109>,44
5 Jahre,Klagenfurt (Stadt) <201>,96
5 Jahre,Villach (Stadt) <202>,95
5 Jahre,Feldkirchen <210>,31
5 Jahre,Hermagor <203>,10
5 Jahre,Klagenfurt Land <204>,42
5 Jahre,Sankt Veit an der Glan <205>,33
5 Jahre,Spittal an der Drau <206>,47
5 Jahre,Villach Land <207>,55
5 Jahre,Völkermarkt <208>,38
5 Jahre,Wolfsberg <209>,35
5 Jahre,Krems an der Donau (Stadt) <301>,21
5 Jahre,Sankt Pölten (Stadt) <302>,63
5 Jahre,Waidhofen an der Ybbs (Stadt) <303>,13
5 Jahre,Wiener Neustadt (Stadt) <304>,69
5 Jahre,Amstetten <305>,77
5 Jahre,Baden <306>,152
5 Jahre,Bruck an der Leitha <307>,77
5 Jahre,Gänserndorf <308>,92
5 Jahre,Gmünd <309>,27
5 Jahre,Hollabrunn <310>,24
5 Jahre,Horn <311>,13
5 Jahre,Korneuburg <312>,55
5 Jahre,Krems Land <313>,18
5 Jahre,Lilienfeld <314>,20
5 Jahre,Melk <315>,42
5 Jahre,Mistelbach <316>,63
5 Jahre,Mödling <317>,90
5 Jahre,Neunkirchen <318>,71
5 Jahre,Sankt Pölten Land <319>,103
5 Jahre,Scheibbs <320>,31
5 Jahre,Tulln <321>,75
5 Jahre,Waidhofen an der Thaya <322>,16
5 Jahre,Wiener Neustadt Land <323>,57
5 Jahre,Wien Umgebung ^<324>,-
5 Jahre,Zwettl <325>,29
5 Jahre,Stadt Linz <401>,224
5 Jahre,Stadt Steyr <402>,42
5 Jahre,Stadt Wels <403>,91
5 Jahre,Braunau <404>,86
5 Jahre,Eferding <405>,23
5 Jahre,Freistadt <406>,37
5 Jahre,Gmunden <407>,55
5 Jahre,Grieskirchen <408>,40
5 Jahre,Kirchdorf <409>,29
5 Jahre,Linz Land <410>,132
5 Jahre,Perg <411>,57
5 Jahre,Ried <412>,44
5 Jahre,Rohrbach <413>,28
5 Jahre,Schärding <414>,44
5 Jahre,Steyr Land <415>,41
5 Jahre,Urfahr Umgebung <416>,36
5 Jahre,Vöcklabruck <417>,111
5 Jahre,Wels Land <418>,45
5 Jahre,Salzburg (Stadt) <501>,164
5 Jahre,Hallein <502>,47
5 Jahre,Salzburg Umgebung <503>,129
5 Jahre,St. Johann im Pongau <504>,66
5 Jahre,Tamsweg <505>,7
5 Jahre,Zell am See <506>,61
5 Jahre,Graz (Stadt) <601>,387
5 Jahre,Bruck an der Mur ^<602>,-
5 Jahre,Bruck-Mürzzuschlag <621>,93
5 Jahre,Deutschlandsberg <603>,39
5 Jahre,Feldbach ^<604>,-
5 Jahre,Fürstenfeld ^<605>,-
5 Jahre,Graz Umgebung <606>,102
5 Jahre,Hartberg ^<607>,-
5 Jahre,Hartberg-Fürstenfeld <622>,47
5 Jahre,Judenburg ^<608>,-
5 Jahre,Knittelfeld ^<609>,-
5 Jahre,Leibnitz <610>,70
5 Jahre,Leoben <611>,43
5 Jahre,Liezen <612>,59
5 Jahre,Murtal <620>,76
5 Jahre,Mürzzuschlag ^<613>,-
5 Jahre,Murau <614>,7
5 Jahre,Radkersburg ^<615>,-
5 Jahre,Südoststeiermark <623>,69
5 Jahre,Voitsberg <616>,36
5 Jahre,Weiz <617>,76
6 Jahre,Eisenstadt (Stadt) <101>,16
6 Jahre,Rust (Stadt) <102>,-
6 Jahre,Eisenstadt Umgebung <103>,32
6 Jahre,Güssing <104>,14
6 Jahre,Jennersdorf <105>,9
6 Jahre,Mattersburg <106>,29
6 Jahre,Neusiedl am See <107>,40
6 Jahre,Oberpullendorf <108>,18
6 Jahre,Oberwart <109>,39
6 Jahre,Klagenfurt (Stadt) <201>,63
6 Jahre,Villach (Stadt) <202>,75
6 Jahre,Feldkirchen <210>,30
6 Jahre,Hermagor <203>,14
6 Jahre,Klagenfurt Land <204>,51
6 Jahre,Sankt Veit an der Glan <205>,43
6 Jahre,Spittal an der Drau <206>,49
6 Jahre,Villach Land <207>,47
6 Jahre,Völkermarkt <208>,27
6 Jahre,Wolfsberg <209>,48
6 Jahre,Krems an der Donau (Stadt) <301>,23
6 Jahre,Sankt Pölten (Stadt) <302>,52
6 Jahre,Waidhofen an der Ybbs (Stadt) <303>,9
6 Jahre,Wiener Neustadt (Stadt) <304>,59
6 Jahre,Amstetten <305>,73
6 Jahre,Baden <306>,119
6 Jahre,Bruck an der Leitha <307>,68
6 Jahre,Gänserndorf <308>,78
6 Jahre,Gmünd <309>,15
6 Jahre,Hollabrunn <310>,23
6 Jahre,Horn <311>,15
6 Jahre,Korneuburg <312>,57
6 Jahre,Krems Land <313>,22
6 Jahre,Lilienfeld <314>,17
6 Jahre,Melk <315>,53
6 Jahre,Mistelbach <316>,45
6 Jahre,Mödling <317>,103
6 Jahre,Neunkirchen <318>,70
6 Jahre,Sankt Pölten Land <319>,97
6 Jahre,Scheibbs <320>,29
6 Jahre,Tulln <321>,70
6 Jahre,Waidhofen an der Thaya <322>,14
6 Jahre,Wiener Neustadt Land <323>,59
6 Jahre,Wien Umgebung ^<324>,-
6 Jahre,Zwettl <325>,31
6 Jahre,Stadt Linz <401>,243
6 Jahre,Stadt Steyr <402>,33
6 Jahre,Stadt Wels <403>,74
6 Jahre,Braunau <404>,71
6 Jahre,Eferding <405>,14
6 Jahre,Freistadt <406>,31
6 Jahre,Gmunden <407>,71
6 Jahre,Grieskirchen <408>,41
6 Jahre,Kirchdorf <409>,37
6 Jahre,Linz Land <410>,114
6 Jahre,Perg <411>,62
6 Jahre,Ried <412>,52
6 Jahre,Rohrbach <413>,31
6 Jahre,Schärding <414>,28
6 Jahre,Steyr Land <415>,44
6 Jahre,Urfahr Umgebung <416>,49
6 Jahre,Vöcklabruck <417>,108
6 Jahre,Wels Land <418>,54
6 Jahre,Salzburg (Stadt) <501>,132
6 Jahre,Hallein <502>,49
6 Jahre,Salzburg Umgebung <503>,92
6 Jahre,St. Johann im Pongau <504>,60
6 Jahre,Tamsweg <505>,16
6 Jahre,Zell am See <506>,68
6 Jahre,Graz (Stadt) <601>,335
6 Jahre,Bruck an der Mur ^<602>,-
6 Jahre,Bruck-Mürzzuschlag <621>,69
6 Jahre,Deutschlandsberg <603>,28
6 Jahre,Feldbach ^<604>,-
6 Jahre,Fürstenfeld ^<605>,-
6 Jahre,Graz Umgebung <606>,116
6 Jahre,Hartberg ^<607>,-
6 Jahre,Hartberg-Fürstenfeld <622>,51
6 Jahre,Judenburg ^<608>,-
6 Jahre,Knittelfeld ^<609>,-
6 Jahre,Leibnitz <610>,67
6 Jahre,Leoben <611>,49
6 Jahre,Liezen <612>,52
6 Jahre,Murtal <620>,58
6 Jahre,Mürzzuschlag ^<613>,-
6 Jahre,Murau <614>,21
6 Jahre,Radkersburg ^<615>,-
6 Jahre,Südoststeiermark <623>,45
6 Jahre,Voitsberg <616>,27
6 Jahre,Weiz <617>,62
7 Jahre,Eisenstadt (Stadt) <101>,20
7 Jahre,Rust (Stadt) <102>,-
7 Jahre,Eisenstadt Umgebung <103>,22
7 Jahre,Güssing <104>,11
7 Jahre,Jennersdorf <105>,7
7 Jahre,Mattersburg <106>,17
7 Jahre,Neusiedl am See <107>,40
7 Jahre,Oberpullendorf <108>,16
7 Jahre,Oberwart <109>,37
7 Jahre,Klagenfurt (Stadt) <201>,88
7 Jahre,Villach (Stadt) <202>,55
7 Jahre,Feldkirchen <210>,17
7 Jahre,Hermagor <203>,8
7 Jahre,Klagenfurt Land <204>,43
7 Jahre,Sankt Veit an der Glan <205>,35
7 Jahre,Spittal an der Drau <206>,46
7 Jahre,Villach Land <207>,44
7 Jahre,Völkermarkt <208>,23
7 Jahre,Wolfsberg <209>,35
7 Jahre,Krems an der Donau (Stadt) <301>,18
7 Jahre,Sankt Pölten (Stadt) <302>,57
7 Jahre,Waidhofen an der Ybbs (Stadt) <303>,9
7 Jahre,Wiener Neustadt (Stadt) <304>,42
7 Jahre,Amstetten <305>,89
7 Jahre,Baden <306>,114
7 Jahre,Bruck an der Leitha <307>,69
7 Jahre,Gänserndorf <308>,70
7 Jahre,Gmünd <309>,15
7 Jahre,Hollabrunn <310>,22
7 Jahre,Horn <311>,14
7 Jahre,Korneuburg <312>,48
7 Jahre,Krems Land <313>,22
7 Jahre,Lilienfeld <314>,21
7 Jahre,Melk <315>,42
7 Jahre,Mistelbach <316>,40
7 Jahre,Mödling <317>,65
7 Jahre,Neunkirchen <318>,64
7 Jahre,Sankt Pölten Land <319>,94
7 Jahre,Scheibbs <320>,18
7 Jahre,Tulln <321>,76
7 Jahre,Waidhofen an der Thaya <322>,10
7 Jahre,Wiener Neustadt Land <323>,42
7 Jahre,Wien Umgebung ^<324>,-
7 Jahre,Zwettl <325>,17
7 Jahre,Stadt Linz <401>,208
7 Jahre,Stadt Steyr <402>,25
7 Jahre,Stadt Wels <403>,68
7 Jahre,Braunau <404>,73
7 Jahre,Eferding <405>,30
7 Jahre,Freistadt <406>,27
7 Jahre,Gmunden <407>,63
7 Jahre,Grieskirchen <408>,40
7 Jahre,Kirchdorf <409>,26
7 Jahre,Linz Land <410>,117
7 Jahre,Perg <411>,57
7 Jahre,Ried <412>,41
7 Jahre,Rohrbach <413>,32
7 Jahre,Schärding <414>,34
7 Jahre,Steyr Land <415>,30
7 Jahre,Urfahr Umgebung <416>,53
7 Jahre,Vöcklabruck <417>,103
7 Jahre,Wels Land <418>,45
7 Jahre,Salzburg (Stadt) <501>,111
7 Jahre,Hallein <502>,40
7 Jahre,Salzburg Umgebung <503>,110
7 Jahre,St. Johann im Pongau <504>,39
7 Jahre,Tamsweg <505>,14
7 Jahre,Zell am See <506>,52
7 Jahre,Graz (Stadt) <601>,296
7 Jahre,Bruck an der Mur ^<602>,-
7 Jahre,Bruck-Mürzzuschlag <621>,57
7 Jahre,Deutschlandsberg <603>,30
7 Jahre,Feldbach ^<604>,-
7 Jahre,Fürstenfeld ^<605>,-
7 Jahre,Graz Umgebung <606>,96
7 Jahre,Hartberg ^<607>,-
7 Jahre,Hartberg-Fürstenfeld <622>,32
7 Jahre,Judenburg ^<608>,-
7 Jahre,Knittelfeld ^<609>,-
7 Jahre,Leibnitz <610>,71
7 Jahre,Leoben <611>,51
7 Jahre,Liezen <612>,48
7 Jahre,Murtal <620>,53
7 Jahre,Mürzzuschlag ^<613>,-
7 Jahre,Murau <614>,15
7 Jahre,Radkersburg ^<615>,-
7 Jahre,Südoststeiermark <623>,48
7 Jahre,Voitsberg <616>,30
7 Jahre,Weiz <617>,68
8 Jahre,Eisenstadt (Stadt) <101>,17
8 Jahre,Rust (Stadt) <102>,-
8 Jahre,Eisenstadt Umgebung <103>,27
8 Jahre,Güssing <104>,16
8 Jahre,Jennersdorf <105>,6
8 Jahre,Mattersburg <106>,23
8 Jahre,Neusiedl am See <107>,40
8 Jahre,Oberpullendorf <108>,19
8 Jahre,Oberwart <109>,50
8 Jahre,Klagenfurt (Stadt) <201>,84
8 Jahre,Villach (Stadt) <202>,60
8 Jahre,Feldkirchen <210>,29
8 Jahre,Hermagor <203>,6
8 Jahre,Klagenfurt Land <204>,42
8 Jahre,Sankt Veit an der Glan <205>,43
8 Jahre,Spittal an der Drau <206>,38
8 Jahre,Villach Land <207>,45
8 Jahre,Völkermarkt <208>,32
8 Jahre,Wolfsberg <209>,37
8 Jahre,Krems an der Donau (Stadt) <301>,15
8 Jahre,Sankt Pölten (Stadt) <302>,49
8 Jahre,Waidhofen an der Ybbs (Stadt) <303>,8
8 Jahre,Wiener Neustadt (Stadt) <304>,61
8 Jahre,Amstetten <305>,61
8 Jahre,Baden <306>,119
8 Jahre,Bruck an der Leitha <307>,68
8 Jahre,Gänserndorf <308>,64
8 Jahre,Gmünd <309>,20
8 Jahre,Hollabrunn <310>,26
8 Jahre,Horn <311>,9
8 Jahre,Korneuburg <312>,60
8 Jahre,Krems Land <313>,20
8 Jahre,Lilienfeld <314>,19
8 Jahre,Melk <315>,52
8 Jahre,Mistelbach <316>,38
8 Jahre,Mödling <317>,81
8 Jahre,Neunkirchen <318>,84
8 Jahre,Sankt Pölten Land <319>,74
8 Jahre,Scheibbs <320>,21
8 Jahre,Tulln <321>,61
8 Jahre,Waidhofen an der Thaya <322>,17
8 Jahre,Wiener Neustadt Land <323>,53
8 Jahre,Wien Umgebung ^<324>,-
8 Jahre,Zwettl <325>,9
8 Jahre,Stadt Linz <401>,171
8 Jahre,Stadt Steyr <402>,30
8 Jahre,Stadt Wels <403>,65
8 Jahre,Braunau <404>,63
8 Jahre,Eferding <405>,17
8 Jahre,Freistadt <406>,36
8 Jahre,Gmunden <407>,44
8 Jahre,Grieskirchen <408>,31
8 Jahre,Kirchdorf <409>,20
8 Jahre,Linz Land <410>,116
8 Jahre,Perg <411>,52
8 Jahre,Ried <412>,39
8 Jahre,Rohrbach <413>,28
8 Jahre,Schärding <414>,31
8 Jahre,Steyr Land <415>,44
8 Jahre,Urfahr Umgebung <416>,35
8 Jahre,Vöcklabruck <417>,116
8 Jahre,Wels Land <418>,37
8 Jahre,Salzburg (Stadt) <501>,139
8 Jahre,Hallein <502>,42
8 Jahre,Salzburg Umgebung <503>,105
8 Jahre,St. Johann im Pongau <504>,46
8 Jahre,Tamsweg <505>,10
8 Jahre,Zell am See <506>,51
8 Jahre,Graz (Stadt) <601>,292
8 Jahre,Bruck an der Mur ^<602>,-
8 Jahre,Bruck-Mürzzuschlag <621>,59
8 Jahre,Deutschlandsberg <603>,36
8 Jahre,Feldbach ^<604>,-
8 Jahre,Fürstenfeld ^<605>,-
8 Jahre,Graz Umgebung <606>,82
8 Jahre,Hartberg ^<607>,-
8 Jahre,Hartberg-Fürstenfeld <622>,45
8 Jahre,Judenburg ^<608>,-
8 Jahre,Knittelfeld ^<609>,-
8 Jahre,Leibnitz <610>,56
8 Jahre,Leoben <611>,46
8 Jahre,Liezen <612>,51
8 Jahre,Murtal <620>,50
8 Jahre,Mürzzuschlag ^<613>,-
8 Jahre,Murau <614>,11
8 Jahre,Radkersburg ^<615>,-
8 Jahre,Südoststeiermark <623>,54
8 Jahre,Voitsberg <616>,33
8 Jahre,Weiz <617>,54
9 Jahre,Eisenstadt (Stadt) <101>,18
9 Jahre,Rust (Stadt) <102>,-
9 Jahre,Eisenstadt Umgebung <103>,20
9 Jahre,Güssing <104>,17
9 Jahre,Jennersdorf <105>,8
9 Jahre,Mattersburg <106>,18
9 Jahre,Neusiedl am See <107>,23
9 Jahre,Oberpullendorf <108>,12
9 Jahre,Oberwart <109>,45
9 Jahre,Klagenfurt (Stadt) <201>,76
9 Jahre,Villach (Stadt) <202>,63
9 Jahre,Feldkirchen <210>,20
9 Jahre,Hermagor <203>,5
9 Jahre,Klagenfurt Land <204>,32
9 Jahre,Sankt Veit an der Glan <205>,31
9 Jahre,Spittal an der Drau <206>,30
9 Jahre,Villach Land <207>,48
9 Jahre,Völkermarkt <208>,32
9 Jahre,Wolfsberg <209>,28
9 Jahre,Krems an der Donau (Stadt) <301>,11
9 Jahre,Sankt Pölten (Stadt) <302>,48
9 Jahre,Waidhofen an der Ybbs (Stadt) <303>,7
9 Jahre,Wiener Neustadt (Stadt) <304>,55
9 Jahre,Amstetten <305>,66
9 Jahre,Baden <306>,110
9 Jahre,Bruck an der Leitha <307>,79
9 Jahre,Gänserndorf <308>,82
9 Jahre,Gmünd <309>,16
9 Jahre,Hollabrunn <310>,28
9 Jahre,Horn <311>,18
9 Jahre,Korneuburg <312>,41
9 Jahre,Krems Land <313>,17
9 Jahre,Lilienfeld <314>,15
9 Jahre,Melk <315>,45
9 Jahre,Mistelbach <316>,48
9 Jahre,Mödling <317>,65
9 Jahre,Neunkirchen <318>,55
9 Jahre,Sankt Pölten Land <319>,82
9 Jahre,Scheibbs <320>,19
9 Jahre,Tulln <321>,58
9 Jahre,Waidhofen an der Thaya <322>,12
9 Jahre,Wiener Neustadt Land <323>,39
9 Jahre,Wien Umgebung ^<324>,-
9 Jahre,Zwettl <325>,13
9 Jahre,Stadt Linz <401>,165
9 Jahre,Stadt Steyr <402>,24
9 Jahre,Stadt Wels <403>,58
9 Jahre,Braunau <404>,68
9 Jahre,Eferding <405>,19
9 Jahre,Freistadt <406>,24
9 Jahre,Gmunden <407>,69
9 Jahre,Grieskirchen <408>,33
9 Jahre,Kirchdorf <409>,27
9 Jahre,Linz Land <410>,104
9 Jahre,Perg <411>,74
9 Jahre,Ried <412>,38
9 Jahre,Rohrbach <413>,26
9 Jahre,Schärding <414>,32
9 Jahre,Steyr Land <415>,37
9 Jahre,Urfahr Umgebung <416>,32
9 Jahre,Vöcklabruck <417>,99
9 Jahre,Wels Land <418>,33
9 Jahre,Salzburg (Stadt) <501>,99
9 Jahre,Hallein <502>,27
9 Jahre,Salzburg Umgebung <503>,108
9 Jahre,St. Johann im Pongau <504>,40
9 Jahre,Tamsweg <505>,17
9 Jahre,Zell am See <506>,58
9 Jahre,Graz (Stadt) <601>,290
9 Jahre,Bruck an der Mur ^<602>,-
9 Jahre,Bruck-Mürzzuschlag <621>,71
9 Jahre,Deutschlandsberg <603>,30
9 Jahre,Feldbach ^<604>,-
9 Jahre,Fürstenfeld ^<605>,-
9 Jahre,Graz Umgebung <606>,92
9 Jahre,Hartberg ^<607>,-
9 Jahre,Hartberg-Fürstenfeld <622>,41
9 Jahre,Judenburg ^<608>,-
9 Jahre,Knittelfeld ^<609>,-
9 Jahre,Leibnitz <610>,65
9 Jahre,Leoben <611>,47
9 Jahre,Liezen <612>,45
9 Jahre,Murtal <620>,59
9 Jahre,Mürzzuschlag ^<613>,-
9 Jahre,Murau <614>,16
9 Jahre,Radkersburg ^<615>,-
9 Jahre,Südoststeiermark <623>,43
9 Jahre,Voitsberg <616>,36
9 Jahre,Weiz <617>,53
10 Jahre,Eisenstadt (Stadt) <101>,21
10 Jahre,Rust (Stadt) <102>,1
10 Jahre,Eisenstadt Umgebung <103>,25
10 Jahre,Güssing <104>,9
10 Jahre,Jennersdorf <105>,8
10 Jahre,Mattersburg <106>,25
10 Jahre,Neusiedl am See <107>,31
10 Jahre,Oberpullendorf <108>,10
10 Jahre,Oberwart <109>,33
10 Jahre,Klagenfurt (Stadt) <201>,69
10 Jahre,Villach (Stadt) <202>,80
10 Jahre,Feldkirchen <210>,27
10 Jahre,Hermagor <203>,7
10 Jahre,Klagenfurt Land <204>,40
10 Jahre,Sankt Veit an der Glan <205>,49
10 Jahre,Spittal an der Drau <206>,36
10 Jahre,Villach Land <207>,63
10 Jahre,Völkermarkt <208>,36
10 Jahre,Wolfsberg <209>,35
10 Jahre,Krems an der Donau (Stadt) <301>,15
10 Jahre,Sankt Pölten (Stadt) <302>,55
10 Jahre,Waidhofen an der Ybbs (Stadt) <303>,9
10 Jahre,Wiener Neustadt (Stadt) <304>,50
10 Jahre,Amstetten <305>,58
10 Jahre,Baden <306>,129
10 Jahre,Bruck an der Leitha <307>,79
10 Jahre,Gänserndorf <308>,72
10 Jahre,Gmünd <309>,22
10 Jahre,Hollabrunn <310>,27
10 Jahre,Horn <311>,15
10 Jahre,Korneuburg <312>,50
10 Jahre,Krems Land <313>,20
10 Jahre,Lilienfeld <314>,12
10 Jahre,Melk <315>,45
10 Jahre,Mistelbach <316>,35
10 Jahre,Mödling <317>,82
10 Jahre,Neunkirchen <318>,62
10 Jahre,Sankt Pölten Land <319>,85
10 Jahre,Scheibbs <320>,29
10 Jahre,Tulln <321>,47
10 Jahre,Waidhofen an der Thaya <322>,20
10 Jahre,Wiener Neustadt Land <323>,43
10 Jahre,Wien Umgebung ^<324>,-
10 Jahre,Zwettl <325>,17
10 Jahre,Stadt Linz <401>,180
10 Jahre,Stadt Steyr <402>,30
10 Jahre,Stadt Wels <403>,53
10 Jahre,Braunau <404>,67
10 Jahre,Eferding <405>,19
10 Jahre,Freistadt <406>,35
10 Jahre,Gmunden <407>,36
10 Jahre,Grieskirchen <408>,26
10 Jahre,Kirchdorf <409>,30
10 Jahre,Linz Land <410>,103
10 Jahre,Perg <411>,53
10 Jahre,Ried <412>,41
10 Jahre,Rohrbach <413>,17
10 Jahre,Schärding <414>,19
10 Jahre,Steyr Land <415>,37
10 Jahre,Urfahr Umgebung <416>,39
10 Jahre,Vöcklabruck <417>,107
10 Jahre,Wels Land <418>,39
10 Jahre,Salzburg (Stadt) <501>,117
10 Jahre,Hallein <502>,35
10 Jahre,Salzburg Umgebung <503>,98
10 Jahre,St. Johann im Pongau <504>,59
10 Jahre,Tamsweg <505>,14
10 Jahre,Zell am See <506>,63
10 Jahre,Graz (Stadt) <601>,277
10 Jahre,Bruck an der Mur ^<602>,-
10 Jahre,Bruck-Mürzzuschlag <621>,68
10 Jahre,Deutschlandsberg <603>,38
10 Jahre,Feldbach ^<604>,-
10 Jahre,Fürstenfeld ^<605>,-
10 Jahre,Graz Umgebung <606>,89
10 Jahre,Hartberg ^<607>,-
10 Jahre,Hartberg-Fürstenfeld <622>,41
10 Jahre,Judenburg ^<608>,-
10 Jahre,Knittelfeld ^<609>,-
10 Jahre,Leibnitz <610>,61
10 Jahre,Leoben <611>,48
10 Jahre,Liezen <612>,38
10 Jahre,Murtal <620>,57
10 Jahre,Mürzzuschlag ^<613>,-
10 Jahre,Murau <614>,14
10 Jahre,Radkersburg ^<615>,-
10 Jahre,Südoststeiermark <623>,39
10 Jahre,Voitsberg <616>,48
10 Jahre,Weiz <617>,59
11 Jahre,Eisenstadt (Stadt) <101>,22
11 Jahre,Rust (Stadt) <102>,-
11 Jahre,Eisenstadt Umgebung <103>,26
11 Jahre,Güssing <104>,13
11 Jahre,Jennersdorf <105>,11
11 Jahre,Mattersburg <106>,25
11 Jahre,Neusiedl am See <107>,32
11 Jahre,Oberpullendorf <108>,18
11 Jahre,Oberwart <109>,48
11 Jahre,Klagenfurt (Stadt) <201>,76
11 Jahre,Villach (Stadt) <202>,56
11 Jahre,Feldkirchen <210>,24
11 Jahre,Hermagor <203>,11
11 Jahre,Klagenfurt Land <204>,36
11 Jahre,Sankt Veit an der Glan <205>,44
11 Jahre,Spittal an der Drau <206>,41
11 Jahre,Villach Land <207>,51
11 Jahre,Völkermarkt <208>,25
11 Jahre,Wolfsberg <209>,21
11 Jahre,Krems an der Donau (Stadt) <301>,19
11 Jahre,Sankt Pölten (Stadt) <302>,45
11 Jahre,Waidhofen an der Ybbs (Stadt) <303>,2
11 Jahre,Wiener Neustadt (Stadt) <304>,47
11 Jahre,Amstetten <305>,58
11 Jahre,Baden <306>,123
11 Jahre,Bruck an der Leitha <307>,70
11 Jahre,Gänserndorf <308>,62
11 Jahre,Gmünd <309>,20
11 Jahre,Hollabrunn <310>,18
11 Jahre,Horn <311>,13
11 Jahre,Korneuburg <312>,45
11 Jahre,Krems Land <313>,32
11 Jahre,Lilienfeld <314>,15
11 Jahre,Melk <315>,48
11 Jahre,Mistelbach <316>,27
11 Jahre,Mödling <317>,67
11 Jahre,Neunkirchen <318>,37
11 Jahre,Sankt Pölten Land <319>,69
11 Jahre,Scheibbs <320>,22
11 Jahre,Tulln <321>,61
11 Jahre,Waidhofen an der Thaya <322>,11
11 Jahre,Wiener Neustadt Land <323>,44
11 Jahre,Wien Umgebung ^<324>,-
11 Jahre,Zwettl <325>,22
11 Jahre,Stadt Linz <401>,176
11 Jahre,Stadt Steyr <402>,30
11 Jahre,Stadt Wels <403>,56
11 Jahre,Braunau <404>,63
11 Jahre,Eferding <405>,14
11 Jahre,Freistadt <406>,28
11 Jahre,Gmunden <407>,44
11 Jahre,Grieskirchen <408>,38
11 Jahre,Kirchdorf <409>,32
11 Jahre,Linz Land <410>,113
11 Jahre,Perg <411>,45
11 Jahre,Ried <412>,49
11 Jahre,Rohrbach <413>,32
11 Jahre,Schärding <414>,27
11 Jahre,Steyr Land <415>,37
11 Jahre,Urfahr Umgebung <416>,41
11 Jahre,Vöcklabruck <417>,104
11 Jahre,Wels Land <418>,53
11 Jahre,Salzburg (Stadt) <501>,93
11 Jahre,Hallein <502>,24
11 Jahre,Salzburg Umgebung <503>,95
11 Jahre,St. Johann im Pongau <504>,44
11 Jahre,Tamsweg <505>,11
11 Jahre,Zell am See <506>,46
11 Jahre,Graz (Stadt) <601>,254
11 Jahre,Bruck an der Mur ^<602>,-
11 Jahre,Bruck-Mürzzuschlag <621>,66
11 Jahre,Deutschlandsberg <603>,30
11 Jahre,Feldbach ^<604>,-
11 Jahre,Fürstenfeld ^<605>,-
11 Jahre,Graz Umgebung <606>,78
11 Jahre,Hartberg ^<607>,-
11 Jahre,Hartberg-Fürstenfeld <622>,26
11 Jahre,Judenburg ^<608>,-
11 Jahre,Knittelfeld ^<609>,-
11 Jahre,Leibnitz <610>,49
11 Jahre,Leoben <611>,49
11 Jahre,Liezen <612>,33
11 Jahre,Murtal <620>,52
11 Jahre,Mürzzuschlag ^<613>,-
11 Jahre,Murau <614>,9
11 Jahre,Radkersburg ^<615>,-
11 Jahre,Südoststeiermark <623>,39
11 Jahre,Voitsberg <616>,19
11 Jahre,Weiz <617>,45
12 Jahre,Eisenstadt (Stadt) <101>,17
12 Jahre,Rust (Stadt) <102>,-
12 Jahre,Eisenstadt Umgebung <103>,20
12 Jahre,Güssing <104>,7
12 Jahre,Jennersdorf <105>,8
12 Jahre,Mattersburg <106>,22
12 Jahre,Neusiedl am See <107>,30
12 Jahre,Oberpullendorf <108>,13
12 Jahre,Oberwart <109>,36
12 Jahre,Klagenfurt (Stadt) <201>,85
12 Jahre,Villach (Stadt) <202>,71
12 Jahre,Feldkirchen <210>,19
12 Jahre,Hermagor <203>,7
12 Jahre,Klagenfurt Land <204>,22
12 Jahre,Sankt Veit an der Glan <205>,32
12 Jahre,Spittal an der Drau <206>,49
12 Jahre,Villach Land <207>,45
12 Jahre,Völkermarkt <208>,25
12 Jahre,Wolfsberg <209>,22
12 Jahre,Krems an der Donau (Stadt) <301>,17
12 Jahre,Sankt Pölten (Stadt) <302>,51
12 Jahre,Waidhofen an der Ybbs (Stadt) <303>,2
12 Jahre,Wiener Neustadt (Stadt) <304>,54
12 Jahre,Amstetten <305>,47
12 Jahre,Baden <306>,92
12 Jahre,Bruck an der Leitha <307>,51
12 Jahre,Gänserndorf <308>,55
12 Jahre,Gmünd <309>,16
12 Jahre,Hollabrunn <310>,24
12 Jahre,Horn <311>,18
12 Jahre,Korneuburg <312>,57
12 Jahre,Krems Land <313>,13
12 Jahre,Lilienfeld <314>,16
12 Jahre,Melk <315>,41
12 Jahre,Mistelbach <316>,35
12 Jahre,Mödling <317>,63
12 Jahre,Neunkirchen <318>,54
12 Jahre,Sankt Pölten Land <319>,65
12 Jahre,Scheibbs <320>,17
12 Jahre,Tulln <321>,54
12 Jahre,Waidhofen an der Thaya <322>,16
12 Jahre,Wiener Neustadt Land <323>,37
12 Jahre,Wien Umgebung ^<324>,-
12 Jahre,Zwettl <325>,14
12 Jahre,Stadt Linz <401>,175
12 Jahre,Stadt Steyr <402>,21
12 Jahre,Stadt Wels <403>,55
12 Jahre,Braunau <404>,48
12 Jahre,Eferding <405>,13
12 Jahre,Freistadt <406>,27
12 Jahre,Gmunden <407>,51
12 Jahre,Grieskirchen <408>,34
12 Jahre,Kirchdorf <409>,30
12 Jahre,Linz Land <410>,105
12 Jahre,Perg <411>,48
12 Jahre,Ried <412>,33
12 Jahre,Rohrbach <413>,22
12 Jahre,Schärding <414>,24
12 Jahre,Steyr Land <415>,29
12 Jahre,Urfahr Umgebung <416>,38
12 Jahre,Vöcklabruck <417>,92
12 Jahre,Wels Land <418>,40
12 Jahre,Salzburg (Stadt) <501>,91
12 Jahre,Hallein <502>,33
12 Jahre,Salzburg Umgebung <503>,93
12 Jahre,St. Johann im Pongau <504>,28
12 Jahre,Tamsweg <505>,10
12 Jahre,Zell am See <506>,45
12 Jahre,Graz (Stadt) <601>,213
12 Jahre,Bruck an der Mur ^<602>,-
12 Jahre,Bruck-Mürzzuschlag <621>,62
12 Jahre,Deutschlandsberg <603>,25
12 Jahre,Feldbach ^<604>,-
12 Jahre,Fürstenfeld ^<605>,-
12 Jahre,Graz Umgebung <606>,89
12 Jahre,Hartberg ^<607>,-
12 Jahre,Hartberg-Fürstenfeld <622>,39
12 Jahre,Judenburg ^<608>,-
12 Jahre,Knittelfeld ^<609>,-
12 Jahre,Leibnitz <610>,44
12 Jahre,Leoben <611>,37
12 Jahre,Liezen <612>,37
12 Jahre,Murtal <620>,50
12 Jahre,Mürzzuschlag ^<613>,-
12 Jahre,Murau <614>,13
12 Jahre,Radkersburg ^<615>,-
12 Jahre,Südoststeiermark <623>,41
12 Jahre,Voitsberg <616>,33
12 Jahre,Weiz <617>,32
13 Jahre,Eisenstadt (Stadt) <101>,19
13 Jahre,Rust (Stadt) <102>,1
13 Jahre,Eisenstadt Umgebung <103>,18
13 Jahre,Güssing <104>,11
13 Jahre,Jennersdorf <105>,6
13 Jahre,Mattersburg <106>,22
13 Jahre,Neusiedl am See <107>,21
13 Jahre,Oberpullendorf <108>,11
13 Jahre,Oberwart <109>,35
13 Jahre,Klagenfurt (Stadt) <201>,81
13 Jahre,Villach (Stadt) <202>,58
13 Jahre,Feldkirchen <210>,20
13 Jahre,Hermagor <203>,4
13 Jahre,Klagenfurt Land <204>,32
13 Jahre,Sankt Veit an der Glan <205>,38
13 Jahre,Spittal an der Drau <206>,32
13 Jahre,Villach Land <207>,54
13 Jahre,Völkermarkt <208>,15
13 Jahre,Wolfsberg <209>,20
13 Jahre,Krems an der Donau (Stadt) <301>,7
13 Jahre,Sankt Pölten (Stadt) <302>,45
13 Jahre,Waidhofen an der Ybbs (Stadt) <303>,2
13 Jahre,Wiener Neustadt (Stadt) <304>,61
13 Jahre,Amstetten <305>,55
13 Jahre,Baden <306>,110
13 Jahre,Bruck an der Leitha <307>,61
13 Jahre,Gänserndorf <308>,66
13 Jahre,Gmünd <309>,15
13 Jahre,Hollabrunn <310>,19
13 Jahre,Horn <311>,22
13 Jahre,Korneuburg <312>,54
13 Jahre,Krems Land <313>,20
13 Jahre,Lilienfeld <314>,21
13 Jahre,Melk <315>,50
13 Jahre,Mistelbach <316>,26
13 Jahre,Mödling <317>,70
13 Jahre,Neunkirchen <318>,54
13 Jahre,Sankt Pölten Land <319>,83
13 Jahre,Scheibbs <320>,16
13 Jahre,Tulln <321>,60
13 Jahre,Waidhofen an der Thaya <322>,14
13 Jahre,Wiener Neustadt Land <323>,26
13 Jahre,Wien Umgebung ^<324>,-
13 Jahre,Zwettl <325>,14
13 Jahre,Stadt Linz <401>,163
13 Jahre,Stadt Steyr <402>,23
13 Jahre,Stadt Wels <403>,39
13 Jahre,Braunau <404>,48
13 Jahre,Eferding <405>,15
13 Jahre,Freistadt <406>,22
13 Jahre,Gmunden <407>,37
13 Jahre,Grieskirchen <408>,37
13 Jahre,Kirchdorf <409>,27
13 Jahre,Linz Land <410>,81
13 Jahre,Perg <411>,46
13 Jahre,Ried <412>,38
13 Jahre,Rohrbach <413>,18
13 Jahre,Schärding <414>,26
13 Jahre,Steyr Land <415>,39
13 Jahre,Urfahr Umgebung <416>,24
13 Jahre,Vöcklabruck <417>,78
13 Jahre,Wels Land <418>,39
13 Jahre,Salzburg (Stadt) <501>,83
13 Jahre,Hallein <502>,26
13 Jahre,Salzburg Umgebung <503>,81
13 Jahre,St. Johann im Pongau <504>,29
13 Jahre,Tamsweg <505>,6
13 Jahre,Zell am See <506>,48
13 Jahre,Graz (Stadt) <601>,202
13 Jahre,Bruck an der Mur ^<602>,-
13 Jahre,Bruck-Mürzzuschlag <621>,60
13 Jahre,Deutschlandsberg <603>,22
13 Jahre,Feldbach ^<604>,-
13 Jahre,Fürstenfeld ^<605>,-
13 Jahre,Graz Umgebung <606>,85
13 Jahre,Hartberg ^<607>,-
13 Jahre,Hartberg-Fürstenfeld <622>,38
13 Jahre,Judenburg ^<608>,-
13 Jahre,Knittelfeld ^<609>,-
13 Jahre,Leibnitz <610>,44
13 Jahre,Leoben <611>,39
13 Jahre,Liezen <612>,40
13 Jahre,Murtal <620>,40
13 Jahre,Mürzzuschlag ^<613>,-
13 Jahre,Murau <614>,11
13 Jahre,Radkersburg ^<615>,-
13 Jahre,Südoststeiermark <623>,37
13 Jahre,Voitsberg <616>,24
13 Jahre,Weiz <617>,40
14 Jahre,Eisenstadt (Stadt) <101>,20
14 Jahre,Rust (Stadt) <102>,-
14 Jahre,Eisenstadt Umgebung <103>,27
14 Jahre,Güssing <104>,15
14 Jahre,Jennersdorf <105>,8
14 Jahre,Mattersburg <106>,28
14 Jahre,Neusiedl am See <107>,30
14 Jahre,Oberpullendorf <108>,14
14 Jahre,Oberwart <109>,45
14 Jahre,Klagenfurt (Stadt) <201>,70
14 Jahre,Villach (Stadt) <202>,57
14 Jahre,Feldkirchen <210>,17
14 Jahre,Hermagor <203>,9
14 Jahre,Klagenfurt Land <204>,37
14 Jahre,Sankt Veit an der Glan <205>,39
14 Jahre,Spittal an der Drau <206>,50
14 Jahre,Villach Land <207>,51
14 Jahre,Völkermarkt <208>,25
14 Jahre,Wolfsberg <209>,28
14 Jahre,Krems an der Donau (Stadt) <301>,19
14 Jahre,Sankt Pölten (Stadt) <302>,58
14 Jahre,Waidhofen an der Ybbs (Stadt) <303>,5
14 Jahre,Wiener Neustadt (Stadt) <304>,51
14 Jahre,Amstetten <305>,74
14 Jahre,Baden <306>,112
14 Jahre,Bruck an der Leitha <307>,47
14 Jahre,Gänserndorf <308>,78
14 Jahre,Gmünd <309>,22
14 Jahre,Hollabrunn <310>,19
14 Jahre,Horn <311>,9
14 Jahre,Korneuburg <312>,62
14 Jahre,Krems Land <313>,22
14 Jahre,Lilienfeld <314>,16
14 Jahre,Melk <315>,52
14 Jahre,Mistelbach <316>,34
14 Jahre,Mödling <317>,64
14 Jahre,Neunkirchen <318>,41
14 Jahre,Sankt Pölten Land <319>,70
14 Jahre,Scheibbs <320>,29
14 Jahre,Tulln <321>,78
14 Jahre,Waidhofen an der Thaya <322>,15
14 Jahre,Wiener Neustadt Land <323>,36
14 Jahre,Wien Umgebung ^<324>,-
14 Jahre,Zwettl <325>,17
14 Jahre,Stadt Linz <401>,155
14 Jahre,Stadt Steyr <402>,25
14 Jahre,Stadt Wels <403>,49
14 Jahre,Braunau <404>,55
14 Jahre,Eferding <405>,14
14 Jahre,Freistadt <406>,29
14 Jahre,Gmunden <407>,42
14 Jahre,Grieskirchen <408>,31
14 Jahre,Kirchdorf <409>,37
14 Jahre,Linz Land <410>,100
14 Jahre,Perg <411>,51
14 Jahre,Ried <412>,28
14 Jahre,Rohrbach <413>,24
14 Jahre,Schärding <414>,20
14 Jahre,Steyr Land <415>,36
14 Jahre,Urfahr Umgebung <416>,51
14 Jahre,Vöcklabruck <417>,89
14 Jahre,Wels Land <418>,43
14 Jahre,Salzburg (Stadt) <501>,101
14 Jahre,Hallein <502>,25
14 Jahre,Salzburg Umgebung <503>,95
14 Jahre,St. Johann im Pongau <504>,34
14 Jahre,Tamsweg <505>,4
14 Jahre,Zell am See <506>,41
14 Jahre,Graz (Stadt) <601>,228
14 Jahre,Bruck an der Mur ^<602>,-
14 Jahre,Bruck-Mürzzuschlag <621>,56
14 Jahre,Deutschlandsberg <603>,33
14 Jahre,Feldbach ^<604>,-
14 Jahre,Fürstenfeld ^<605>,-
14 Jahre,Graz Umgebung <606>,101
14 Jahre,Hartberg ^<607>,-
14 Jahre,Hartberg-Fürstenfeld <622>,31
14 Jahre,Judenburg ^<608>,-
14 Jahre,Knittelfeld ^<609>,-
14 Jahre,Leibnitz <610>,56
14 Jahre,Leoben <611>,40
14 Jahre,Liezen <612>,36
14 Jahre,Murtal <620>,46
14 Jahre,Mürzzuschlag ^<613>,-
14 Jahre,Murau <614>,18
14 Jahre,Radkersburg ^<615>,-
14 Jahre,Südoststeiermark <623>,33
14 Jahre,Voitsberg <616>,30
14 Jahre,Weiz <617>,49
15 Jahre,Eisenstadt (Stadt) <101>,15
15 Jahre,Rust (Stadt) <102>,1
15 Jahre,Eisenstadt Umgebung <103>,24
15 Jahre,Güssing <104>,13
15 Jahre,Jennersdorf <105>,5
15 Jahre,Mattersburg <106>,12
15 Jahre,Neusiedl am See <107>,30
15 Jahre,Oberpullendorf <108>,13
15 Jahre,Oberwart <109>,33
15 Jahre,Klagenfurt (Stadt) <201>,72
15 Jahre,Villach (Stadt) <202>,63
15 Jahre,Feldkirchen <210>,25
15 Jahre,Hermagor <203>,6
15 Jahre,Klagenfurt Land <204>,34
15 Jahre,Sankt Veit an der Glan <205>,43
15 Jahre,Spittal an der Drau <206>,37
15 Jahre,Villach Land <207>,53
15 Jahre,Völkermarkt <208>,27
15 Jahre,Wolfsberg <209>,35
15 Jahre,Krems an der Donau (Stadt) <301>,14
15 Jahre,Sankt Pölten (Stadt) <302>,49
15 Jahre,Waidhofen an der Ybbs (Stadt) <303>,4
15 Jahre,Wiener Neustadt (Stadt) <304>,48
15 Jahre,Amstetten <305>,38
15 Jahre,Baden <306>,112
15 Jahre,Bruck an der Leitha <307>,64
15 Jahre,Gänserndorf <308>,68
15 Jahre,Gmünd <309>,11
15 Jahre,Hollabrunn <310>,20
15 Jahre,Horn <311>,12
15 Jahre,Korneuburg <312>,41
15 Jahre,Krems Land <313>,25
15 Jahre,Lilienfeld <314>,18
15 Jahre,Melk <315>,35
15 Jahre,Mistelbach <316>,30
15 Jahre,Mödling <317>,70
15 Jahre,Neunkirchen <318>,44
15 Jahre,Sankt Pölten Land <319>,79
15 Jahre,Scheibbs <320>,22
15 Jahre,Tulln <321>,61
15 Jahre,Waidhofen an der Thaya <322>,12
15 Jahre,Wiener Neustadt Land <323>,38
15 Jahre,Wien Umgebung ^<324>,-
15 Jahre,Zwettl <325>,13
15 Jahre,Stadt Linz <401>,160
15 Jahre,Stadt Steyr <402>,33
15 Jahre,Stadt Wels <403>,51
15 Jahre,Braunau <404>,50
15 Jahre,Eferding <405>,12
15 Jahre,Freistadt <406>,26
15 Jahre,Gmunden <407>,30
15 Jahre,Grieskirchen <408>,43
15 Jahre,Kirchdorf <409>,28
15 Jahre,Linz Land <410>,93
15 Jahre,Perg <411>,50
15 Jahre,Ried <412>,36
15 Jahre,Rohrbach <413>,18
15 Jahre,Schärding <414>,30
15 Jahre,Steyr Land <415>,34
15 Jahre,Urfahr Umgebung <416>,41
15 Jahre,Vöcklabruck <417>,85
15 Jahre,Wels Land <418>,33
15 Jahre,Salzburg (Stadt) <501>,98
15 Jahre,Hallein <502>,32
15 Jahre,Salzburg Umgebung <503>,105
15 Jahre,St. Johann im Pongau <504>,44
15 Jahre,Tamsweg <505>,5
15 Jahre,Zell am See <506>,47
15 Jahre,Graz (Stadt) <601>,238
15 Jahre,Bruck an der Mur ^<602>,-
15 Jahre,Bruck-Mürzzuschlag <621>,68
15 Jahre,Deutschlandsberg <603>,28
15 Jahre,Feldbach ^<604>,-
15 Jahre,Fürstenfeld ^<605>,-
15 Jahre,Graz Umgebung <606>,84
15 Jahre,Hartberg ^<607>,-
15 Jahre,Hartberg-Fürstenfeld <622>,38
15 Jahre,Judenburg ^<608>,-
15 Jahre,Knittelfeld ^<609>,-
15 Jahre,Leibnitz <610>,43
15 Jahre,Leoben <611>,43
15 Jahre,Liezen <612>,33
15 Jahre,Murtal <620>,44
15 Jahre,Mürzzuschlag ^<613>,-
15 Jahre,Murau <614>,11
15 Jahre,Radkersburg ^<615>,-
15 Jahre,Südoststeiermark <623>,40
15 Jahre,Voitsberg <616>,31
15 Jahre,Weiz <617>,37
16 Jahre,Eisenstadt (Stadt) <101>,17
16 Jahre,Rust (Stadt) <102>,-
16 Jahre,Eisenstadt Umgebung <103>,12
16 Jahre,Güssing <104>,7
16 Jahre,Jennersdorf <105>,7
16 Jahre,Mattersburg <106>,20
16 Jahre,Neusiedl am See <107>,24
16 Jahre,Oberpullendorf <108>,9
16 Jahre,Oberwart <109>,44
16 Jahre,Klagenfurt (Stadt) <201>,66
16 Jahre,Villach (Stadt) <202>,55
16 Jahre,Feldkirchen <210>,19
16 Jahre,Hermagor <203>,6
16 Jahre,Klagenfurt Land <204>,47
16 Jahre,Sankt Veit an der Glan <205>,37
16 Jahre,Spittal an der Drau <206>,40
16 Jahre,Villach Land <207>,61
16 Jahre,Völkermarkt <208>,22
16 Jahre,Wolfsberg <209>,31
16 Jahre,Krems an der Donau (Stadt) <301>,28
16 Jahre,Sankt Pölten (Stadt) <302>,49
16 Jahre,Waidhofen an der Ybbs (Stadt) <303>,4
16 Jahre,Wiener Neustadt (Stadt) <304>,54
16 Jahre,Amstetten <305>,62
16 Jahre,Baden <306>,129
16 Jahre,Bruck an der Leitha <307>,61
16 Jahre,Gänserndorf <308>,70
16 Jahre,Gmünd <309>,20
16 Jahre,Hollabrunn <310>,32
16 Jahre,Horn <311>,12
16 Jahre,Korneuburg <312>,49
16 Jahre,Krems Land <313>,22
16 Jahre,Lilienfeld <314>,20
16 Jahre,Melk <315>,39
16 Jahre,Mistelbach <316>,31
16 Jahre,Mödling <317>,81
16 Jahre,Neunkirchen <318>,39
16 Jahre,Sankt Pölten Land <319>,59
16 Jahre,Scheibbs <320>,17
16 Jahre,Tulln <321>,70
16 Jahre,Waidhofen an der Thaya <322>,14
16 Jahre,Wiener Neustadt Land <323>,36
16 Jahre,Wien Umgebung ^<324>,-
16 Jahre,Zwettl <325>,11
16 Jahre,Stadt Linz <401>,180
16 Jahre,Stadt Steyr <402>,27
16 Jahre,Stadt Wels <403>,53
16 Jahre,Braunau <404>,47
16 Jahre,Eferding <405>,12
16 Jahre,Freistadt <406>,14
16 Jahre,Gmunden <407>,50
16 Jahre,Grieskirchen <408>,26
16 Jahre,Kirchdorf <409>,25
16 Jahre,Linz Land <410>,95
16 Jahre,Perg <411>,30
16 Jahre,Ried <412>,33
16 Jahre,Rohrbach <413>,26
16 Jahre,Schärding <414>,27
16 Jahre,Steyr Land <415>,34
16 Jahre,Urfahr Umgebung <416>,36
16 Jahre,Vöcklabruck <417>,84
16 Jahre,Wels Land <418>,38
16 Jahre,Salzburg (Stadt) <501>,113
16 Jahre,Hallein <502>,21
16 Jahre,Salzburg Umgebung <503>,90
16 Jahre,St. Johann im Pongau <504>,27
16 Jahre,Tamsweg <505>,15
16 Jahre,Zell am See <506>,34
16 Jahre,Graz (Stadt) <601>,241
16 Jahre,Bruck an der Mur ^<602>,-
16 Jahre,Bruck-Mürzzuschlag <621>,72
16 Jahre,Deutschlandsberg <603>,26
16 Jahre,Feldbach ^<604>,-
16 Jahre,Fürstenfeld ^<605>,-
16 Jahre,Graz Umgebung <606>,92
16 Jahre,Hartberg ^<607>,-
16 Jahre,Hartberg-Fürstenfeld <622>,44
16 Jahre,Judenburg ^<608>,-
16 Jahre,Knittelfeld ^<609>,-
16 Jahre,Leibnitz <610>,55
16 Jahre,Leoben <611>,38
16 Jahre,Liezen <612>,38
16 Jahre,Murtal <620>,48
16 Jahre,Mürzzuschlag ^<613>,-
16 Jahre,Murau <614>,5
16 Jahre,Radkersburg ^<615>,-
16 Jahre,Südoststeiermark <623>,44
16 Jahre,Voitsberg <616>,26
16 Jahre,Weiz <617>,50
17 Jahre,Eisenstadt (Stadt) <101>,10
17 Jahre,Rust (Stadt) <102>,3
17 Jahre,Eisenstadt Umgebung <103>,23
17 Jahre,Güssing <104>,9
17 Jahre,Jennersdorf <105>,2
17 Jahre,Mattersburg <106>,27
17 Jahre,Neusiedl am See <107>,23
17 Jahre,Oberpullendorf <108>,20
17 Jahre,Oberwart <109>,37
17 Jahre,Klagenfurt (Stadt) <201>,88
17 Jahre,Villach (Stadt) <202>,64
17 Jahre,Feldkirchen <210>,20
17 Jahre,Hermagor <203>,7
17 Jahre,Klagenfurt Land <204>,44
17 Jahre,Sankt Veit an der Glan <205>,22
17 Jahre,Spittal an der Drau <206>,42
17 Jahre,Villach Land <207>,66
17 Jahre,Völkermarkt <208>,31
17 Jahre,Wolfsberg <209>,25
17 Jahre,Krems an der Donau (Stadt) <301>,26
17 Jahre,Sankt Pölten (Stadt) <302>,59
17 Jahre,Waidhofen an der Ybbs (Stadt) <303>,3
17 Jahre,Wiener Neustadt (Stadt) <304>,54
17 Jahre,Amstetten <305>,61
17 Jahre,Baden <306>,147
17 Jahre,Bruck an der Leitha <307>,65
17 Jahre,Gänserndorf <308>,73
17 Jahre,Gmünd <309>,22
17 Jahre,Hollabrunn <310>,17
17 Jahre,Horn <311>,17
17 Jahre,Korneuburg <312>,34
17 Jahre,Krems Land <313>,21
17 Jahre,Lilienfeld <314>,16
17 Jahre,Melk <315>,47
17 Jahre,Mistelbach <316>,43
17 Jahre,Mödling <317>,83
17 Jahre,Neunkirchen <318>,54
17 Jahre,Sankt Pölten Land <319>,78
17 Jahre,Scheibbs <320>,26
17 Jahre,Tulln <321>,63
17 Jahre,Waidhofen an der Thaya <322>,17
17 Jahre,Wiener Neustadt Land <323>,42
17 Jahre,Wien Umgebung ^<324>,-
17 Jahre,Zwettl <325>,28
17 Jahre,Stadt Linz <401>,183
17 Jahre,Stadt Steyr <402>,36
17 Jahre,Stadt Wels <403>,53
17 Jahre,Braunau <404>,47
17 Jahre,Eferding <405>,17
17 Jahre,Freistadt <406>,28
17 Jahre,Gmunden <407>,50
17 Jahre,Grieskirchen <408>,36
17 Jahre,Kirchdorf <409>,33
17 Jahre,Linz Land <410>,107
17 Jahre,Perg <411>,49
17 Jahre,Ried <412>,29
17 Jahre,Rohrbach <413>,25
17 Jahre,Schärding <414>,24
17 Jahre,Steyr Land <415>,38
17 Jahre,Urfahr Umgebung <416>,43
17 Jahre,Vöcklabruck <417>,84
17 Jahre,Wels Land <418>,33
17 Jahre,Salzburg (Stadt) <501>,146
17 Jahre,Hallein <502>,30
17 Jahre,Salzburg Umgebung <503>,94
17 Jahre,St. Johann im Pongau <504>,45
17 Jahre,Tamsweg <505>,7
17 Jahre,Zell am See <506>,36
17 Jahre,Graz (Stadt) <601>,337
17 Jahre,Bruck an der Mur ^<602>,-
17 Jahre,Bruck-Mürzzuschlag <621>,68
17 Jahre,Deutschlandsberg <603>,39
17 Jahre,Feldbach ^<604>,-
17 Jahre,Fürstenfeld ^<605>,-
17 Jahre,Graz Umgebung <606>,89
17 Jahre,Hartberg ^<607>,-
17 Jahre,Hartberg-Fürstenfeld <622>,36
17 Jahre,Judenburg ^<608>,-
17 Jahre,Knittelfeld ^<609>,-
17 Jahre,Leibnitz <610>,48
17 Jahre,Leoben <611>,46
17 Jahre,Liezen <612>,56
17 Jahre,Murtal <620>,67
17 Jahre,Mürzzuschlag ^<613>,-
17 Jahre,Murau <614>,11
17 Jahre,Radkersburg ^<615>,-
17 Jahre,Südoststeiermark <623>,50
17 Jahre,Voitsberg <616>,44
17 Jahre,Weiz <617>,53
18 Jahre,Eisenstadt (Stadt) <101>,25
18 Jahre,Rust (Stadt) <102>,-
18 Jahre,Eisenstadt Umgebung <103>,41
18 Jahre,Güssing <104>,27
18 Jahre,Jennersdorf <105>,8
18 Jahre,Mattersburg <106>,49
18 Jahre,Neusiedl am See <107>,39
18 Jahre,Oberpullendorf <108>,33
18 Jahre,Oberwart <109>,66
18 Jahre,Klagenfurt (Stadt) <201>,174
18 Jahre,Villach (Stadt) <202>,114
18 Jahre,Feldkirchen <210>,40
18 Jahre,Hermagor <203>,13
18 Jahre,Klagenfurt Land <204>,79
18 Jahre,Sankt Veit an der Glan <205>,66
18 Jahre,Spittal an der Drau <206>,77
18 Jahre,Villach Land <207>,91
18 Jahre,Völkermarkt <208>,38
18 Jahre,Wolfsberg <209>,59
18 Jahre,Krems an der Donau (Stadt) <301>,61
18 Jahre,Sankt Pölten (Stadt) <302>,132
18 Jahre,Waidhofen an der Ybbs (Stadt) <303>,4
18 Jahre,Wiener Neustadt (Stadt) <304>,78
18 Jahre,Amstetten <305>,106
18 Jahre,Baden <306>,195
18 Jahre,Bruck an der Leitha <307>,144
18 Jahre,Gänserndorf <308>,128
18 Jahre,Gmünd <309>,24
18 Jahre,Hollabrunn <310>,55
18 Jahre,Horn <311>,24
18 Jahre,Korneuburg <312>,80
18 Jahre,Krems Land <313>,36
18 Jahre,Lilienfeld <314>,32
18 Jahre,Melk <315>,58
18 Jahre,Mistelbach <316>,120
18 Jahre,Mödling <317>,137
18 Jahre,Neunkirchen <318>,98
18 Jahre,Sankt Pölten Land <319>,129
18 Jahre,Scheibbs <320>,32
18 Jahre,Tulln <321>,102
18 Jahre,Waidhofen an der Thaya <322>,26
18 Jahre,Wiener Neustadt Land <323>,84
18 Jahre,Wien Umgebung ^<324>,-
18 Jahre,Zwettl <325>,22
18 Jahre,Stadt Linz <401>,387
18 Jahre,Stadt Steyr <402>,70
18 Jahre,Stadt Wels <403>,104
18 Jahre,Braunau <404>,90
18 Jahre,Eferding <405>,26
18 Jahre,Freistadt <406>,50
18 Jahre,Gmunden <407>,93
18 Jahre,Grieskirchen <408>,61
18 Jahre,Kirchdorf <409>,61
18 Jahre,Linz Land <410>,159
18 Jahre,Perg <411>,84
18 Jahre,Ried <412>,62
18 Jahre,Rohrbach <413>,34
18 Jahre,Schärding <414>,48
18 Jahre,Steyr Land <415>,52
18 Jahre,Urfahr Umgebung <416>,78
18 Jahre,Vöcklabruck <417>,158
18 Jahre,Wels Land <418>,74
18 Jahre,Salzburg (Stadt) <501>,187
18 Jahre,Hallein <502>,54
18 Jahre,Salzburg Umgebung <503>,156
18 Jahre,St. Johann im Pongau <504>,70
18 Jahre,Tamsweg <505>,13
18 Jahre,Zell am See <506>,65
18 Jahre,Graz (Stadt) <601>,615
18 Jahre,Bruck an der Mur ^<602>,-
18 Jahre,Bruck-Mürzzuschlag <621>,102
18 Jahre,Deutschlandsberg <603>,54
18 Jahre,Feldbach ^<604>,-
18 Jahre,Fürstenfeld ^<605>,-
18 Jahre,Graz Umgebung <606>,191
18 Jahre,Hartberg ^<607>,-
18 Jahre,Hartberg-Fürstenfeld <622>,63
18 Jahre,Judenburg ^<608>,-
18 Jahre,Knittelfeld ^<609>,-
18 Jahre,Leibnitz <610>,102
18 Jahre,Leoben <611>,91
18 Jahre,Liezen <612>,107
18 Jahre,Murtal <620>,111
18 Jahre,Mürzzuschlag ^<613>,-
18 Jahre,Murau <614>,25
18 Jahre,Radkersburg ^<615>,-
18 Jahre,Südoststeiermark <623>,109
18 Jahre,Voitsberg <616>,69
18 Jahre,Weiz <617>,91
19 Jahre,Eisenstadt (Stadt) <101>,32
19 Jahre,Rust (Stadt) <102>,2
19 Jahre,Eisenstadt Umgebung <103>,32
19 Jahre,Güssing <104>,27
19 Jahre,Jennersdorf <105>,12
19 Jahre,Mattersburg <106>,57
19 Jahre,Neusiedl am See <107>,54
19 Jahre,Oberpullendorf <108>,36
19 Jahre,Oberwart <109>,56
19 Jahre,Klagenfurt (Stadt) <201>,230
19 Jahre,Villach (Stadt) <202>,121
19 Jahre,Feldkirchen <210>,50
19 Jahre,Hermagor <203>,14
19 Jahre,Klagenfurt Land <204>,76
19 Jahre,Sankt Veit an der Glan <205>,80
19 Jahre,Spittal an der Drau <206>,82
19 Jahre,Villach Land <207>,77
19 Jahre,Völkermarkt <208>,71
19 Jahre,Wolfsberg <209>,72
19 Jahre,Krems an der Donau (Stadt) <301>,58
19 Jahre,Sankt Pölten (Stadt) <302>,111
19 Jahre,Waidhofen an der Ybbs (Stadt) <303>,12
19 Jahre,Wiener Neustadt (Stadt) <304>,101
19 Jahre,Amstetten <305>,138
19 Jahre,Baden <306>,213
19 Jahre,Bruck an der Leitha <307>,148
19 Jahre,Gänserndorf <308>,135
19 Jahre,Gmünd <309>,30
19 Jahre,Hollabrunn <310>,64
19 Jahre,Horn <311>,33
19 Jahre,Korneuburg <312>,94
19 Jahre,Krems Land <313>,37
19 Jahre,Lilienfeld <314>,30
19 Jahre,Melk <315>,106
19 Jahre,Mistelbach <316>,89
19 Jahre,Mödling <317>,157
19 Jahre,Neunkirchen <318>,113
19 Jahre,Sankt Pölten Land <319>,167
19 Jahre,Scheibbs <320>,43
19 Jahre,Tulln <321>,125
19 Jahre,Waidhofen an der Thaya <322>,13
19 Jahre,Wiener Neustadt Land <323>,93
19 Jahre,Wien Umgebung ^<324>,-
19 Jahre,Zwettl <325>,30
19 Jahre,Stadt Linz <401>,483
19 Jahre,Stadt Steyr <402>,83
19 Jahre,Stadt Wels <403>,138
19 Jahre,Braunau <404>,125
19 Jahre,Eferding <405>,37
19 Jahre,Freistadt <406>,68
19 Jahre,Gmunden <407>,130
19 Jahre,Grieskirchen <408>,83
19 Jahre,Kirchdorf <409>,76
19 Jahre,Linz Land <410>,256
19 Jahre,Perg <411>,94
19 Jahre,Ried <412>,84
19 Jahre,Rohrbach <413>,42
19 Jahre,Schärding <414>,41
19 Jahre,Steyr Land <415>,67
19 Jahre,Urfahr Umgebung <416>,89
19 Jahre,Vöcklabruck <417>,200
19 Jahre,Wels Land <418>,72
19 Jahre,Salzburg (Stadt) <501>,269
19 Jahre,Hallein <502>,58
19 Jahre,Salzburg Umgebung <503>,211
19 Jahre,St. Johann im Pongau <504>,79
19 Jahre,Tamsweg <505>,14
19 Jahre,Zell am See <506>,117
19 Jahre,Graz (Stadt) <601>,785
19 Jahre,Bruck an der Mur ^<602>,-
19 Jahre,Bruck-Mürzzuschlag <621>,159
19 Jahre,Deutschlandsberg <603>,67
19 Jahre,Feldbach ^<604>,-
19 Jahre,Fürstenfeld ^<605>,-
19 Jahre,Graz Umgebung <606>,211
19 Jahre,Hartberg ^<607>,-
19 Jahre,Hartberg-Fürstenfeld <622>,101
19 Jahre,Judenburg ^<608>,-
19 Jahre,Knittelfeld ^<609>,-
19 Jahre,Leibnitz <610>,128
19 Jahre,Leoben <611>,117
19 Jahre,Liezen <612>,141
19 Jahre,Murtal <620>,122
19 Jahre,Mürzzuschlag ^<613>,-
19 Jahre,Murau <614>,28
19 Jahre,Radkersburg ^<615>,-
19 Jahre,Südoststeiermark <623>,127
19 Jahre,Voitsberg <616>,69
19 Jahre,Weiz <617>,119
20 Jahre,Eisenstadt (Stadt) <101>,34
20 Jahre,Rust (Stadt) <102>,2
20 Jahre,Eisenstadt Umgebung <103>,63
20 Jahre,Güssing <104>,24
20 Jahre,Jennersdorf <105>,13
20 Jahre,Mattersburg <106>,53
20 Jahre,Neusiedl am See <107>,80
20 Jahre,Oberpullendorf <108>,35
20 Jahre,Oberwart <109>,90
20 Jahre,Klagenfurt (Stadt) <201>,268
20 Jahre,Villach (Stadt) <202>,151
20 Jahre,Feldkirchen <210>,51
20 Jahre,Hermagor <203>,19
20 Jahre,Klagenfurt Land <204>,82
20 Jahre,Sankt Veit an der Glan <205>,84
20 Jahre,Spittal an der Drau <206>,102
20 Jahre,Villach Land <207>,81
20 Jahre,Völkermarkt <208>,62
20 Jahre,Wolfsberg <209>,85
20 Jahre,Krems an der Donau (Stadt) <301>,88
20 Jahre,Sankt Pölten (Stadt) <302>,148
20 Jahre,Waidhofen an der Ybbs (Stadt) <303>,22
20 Jahre,Wiener Neustadt (Stadt) <304>,103
20 Jahre,Amstetten <305>,176
20 Jahre,Baden <306>,254
20 Jahre,Bruck an der Leitha <307>,202
20 Jahre,Gänserndorf <308>,164
20 Jahre,Gmünd <309>,50
20 Jahre,Hollabrunn <310>,74
20 Jahre,Horn <311>,46
20 Jahre,Korneuburg <312>,115
20 Jahre,Krems Land <313>,65
20 Jahre,Lilienfeld <314>,30
20 Jahre,Melk <315>,128
20 Jahre,Mistelbach <316>,112
20 Jahre,Mödling <317>,178
20 Jahre,Neunkirchen <318>,154
20 Jahre,Sankt Pölten Land <319>,226
20 Jahre,Scheibbs <320>,59
20 Jahre,Tulln <321>,154
20 Jahre,Waidhofen an der Thaya <322>,22
20 Jahre,Wiener Neustadt Land <323>,109
20 Jahre,Wien Umgebung ^<324>,-
20 Jahre,Zwettl <325>,29
20 Jahre,Stadt Linz <401>,586
20 Jahre,Stadt Steyr <402>,81
20 Jahre,Stadt Wels <403>,164
20 Jahre,Braunau <404>,185
20 Jahre,Eferding <405>,36
20 Jahre,Freistadt <406>,120
20 Jahre,Gmunden <407>,155
20 Jahre,Grieskirchen <408>,100
20 Jahre,Kirchdorf <409>,75
20 Jahre,Linz Land <410>,300
20 Jahre,Perg <411>,120
20 Jahre,Ried <412>,91
20 Jahre,Rohrbach <413>,67
20 Jahre,Schärding <414>,84
20 Jahre,Steyr Land <415>,104
20 Jahre,Urfahr Umgebung <416>,124
20 Jahre,Vöcklabruck <417>,257
20 Jahre,Wels Land <418>,94
20 Jahre,Salzburg (Stadt) <501>,352
20 Jahre,Hallein <502>,73
20 Jahre,Salzburg Umgebung <503>,230
20 Jahre,St. Johann im Pongau <504>,114
20 Jahre,Tamsweg <505>,22
20 Jahre,Zell am See <506>,137
20 Jahre,Graz (Stadt) <601>,957
20 Jahre,Bruck an der Mur ^<602>,-
20 Jahre,Bruck-Mürzzuschlag <621>,188
20 Jahre,Deutschlandsberg <603>,99
20 Jahre,Feldbach ^<604>,-
20 Jahre,Fürstenfeld ^<605>,-
20 Jahre,Graz Umgebung <606>,257
20 Jahre,Hartberg ^<607>,-
20 Jahre,Hartberg-Fürstenfeld <622>,106
20 Jahre,Judenburg ^<608>,-
20 Jahre,Knittelfeld ^<609>,-
20 Jahre,Leibnitz <610>,145
20 Jahre,Leoben <611>,141
20 Jahre,Liezen <612>,163
20 Jahre,Murtal <620>,150
20 Jahre,Mürzzuschlag ^<613>,-
20 Jahre,Murau <614>,40
20 Jahre,Radkersburg ^<615>,-
20 Jahre,Südoststeiermark <623>,116
20 Jahre,Voitsberg <616>,95
20 Jahre,Weiz <617>,148
21 Jahre,Eisenstadt (Stadt) <101>,32
21 Jahre,Rust (Stadt) <102>,2
21 Jahre,Eisenstadt Umgebung <103>,46
21 Jahre,Güssing <104>,32
21 Jahre,Jennersdorf <105>,20
21 Jahre,Mattersburg <106>,63
21 Jahre,Neusiedl am See <107>,70
21 Jahre,Oberpullendorf <108>,48
21 Jahre,Oberwart <109>,79
21 Jahre,Klagenfurt (Stadt) <201>,266
21 Jahre,Villach (Stadt) <202>,153
21 Jahre,Feldkirchen <210>,42
21 Jahre,Hermagor <203>,18
21 Jahre,Klagenfurt Land <204>,93
21 Jahre,Sankt Veit an der Glan <205>,95
21 Jahre,Spittal an der Drau <206>,110
21 Jahre,Villach Land <207>,83
21 Jahre,Völkermarkt <208>,62
21 Jahre,Wolfsberg <209>,83
21 Jahre,Krems an der Donau (Stadt) <301>,80
21 Jahre,Sankt Pölten (Stadt) <302>,182
21 Jahre,Waidhofen an der Ybbs (Stadt) <303>,18
21 Jahre,Wiener Neustadt (Stadt) <304>,129
21 Jahre,Amstetten <305>,208
21 Jahre,Baden <306>,294
21 Jahre,Bruck an der Leitha <307>,210
21 Jahre,Gänserndorf <308>,164
21 Jahre,Gmünd <309>,36
21 Jahre,Hollabrunn <310>,84
21 Jahre,Horn <311>,48
21 Jahre,Korneuburg <312>,147
21 Jahre,Krems Land <313>,77
21 Jahre,Lilienfeld <314>,42
21 Jahre,Melk <315>,124
21 Jahre,Mistelbach <316>,104
21 Jahre,Mödling <317>,182
21 Jahre,Neunkirchen <318>,163
21 Jahre,Sankt Pölten Land <319>,195
21 Jahre,Scheibbs <320>,70
21 Jahre,Tulln <321>,154
21 Jahre,Waidhofen an der Thaya <322>,30
21 Jahre,Wiener Neustadt Land <323>,94
21 Jahre,Wien Umgebung ^<324>,-
21 Jahre,Zwettl <325>,43
21 Jahre,Stadt Linz <401>,640
21 Jahre,Stadt Steyr <402>,103
21 Jahre,Stadt Wels <403>,183
21 Jahre,Braunau <404>,192
21 Jahre,Eferding <405>,50
21 Jahre,Freistadt <406>,124
21 Jahre,Gmunden <407>,169
21 Jahre,Grieskirchen <408>,115
21 Jahre,Kirchdorf <409>,101
21 Jahre,Linz Land <410>,291
21 Jahre,Perg <411>,132
21 Jahre,Ried <412>,118
21 Jahre,Rohrbach <413>,81
21 Jahre,Schärding <414>,58
21 Jahre,Steyr Land <415>,115
21 Jahre,Urfahr Umgebung <416>,114
21 Jahre,Vöcklabruck <417>,276
21 Jahre,Wels Land <418>,138
21 Jahre,Salzburg (Stadt) <501>,376
21 Jahre,Hallein <502>,82
21 Jahre,Salzburg Umgebung <503>,240
21 Jahre,St. Johann im Pongau <504>,119
21 Jahre,Tamsweg <505>,36
21 Jahre,Zell am See <506>,143
21 Jahre,Graz (Stadt) <601>,1067
21 Jahre,Bruck an der Mur ^<602>,-
21 Jahre,Bruck-Mürzzuschlag <621>,184
21 Jahre,Deutschlandsberg <603>,94
21 Jahre,Feldbach ^<604>,-
21 Jahre,Fürstenfeld ^<605>,-
21 Jahre,Graz Umgebung <606>,254
21 Jahre,Hartberg ^<607>,-
21 Jahre,Hartberg-Fürstenfeld <622>,116
21 Jahre,Judenburg ^<608>,-
21 Jahre,Knittelfeld ^<609>,-
21 Jahre,Leibnitz <610>,169
21 Jahre,Leoben <611>,140
21 Jahre,Liezen <612>,140
21 Jahre,Murtal <620>,155
21 Jahre,Mürzzuschlag ^<613>,-
21 Jahre,Murau <614>,36
21 Jahre,Radkersburg ^<615>,-
21 Jahre,Südoststeiermark <623>,123
21 Jahre,Voitsberg <616>,89
21 Jahre,Weiz <617>,149
22 Jahre,Eisenstadt (Stadt) <101>,44
22 Jahre,Rust (Stadt) <102>,2
22 Jahre,Eisenstadt Umgebung <103>,64
22 Jahre,Güssing <104>,30
22 Jahre,Jennersdorf <105>,19
22 Jahre,Mattersburg <106>,70
22 Jahre,Neusiedl am See <107>,82
22 Jahre,Oberpullendorf <108>,36
22 Jahre,Oberwart <109>,83
22 Jahre,Klagenfurt (Stadt) <201>,284
22 Jahre,Villach (Stadt) <202>,149
22 Jahre,Feldkirchen <210>,55
22 Jahre,Hermagor <203>,23
22 Jahre,Klagenfurt Land <204>,88
22 Jahre,Sankt Veit an der Glan <205>,100
22 Jahre,Spittal an der Drau <206>,115
22 Jahre,Villach Land <207>,80
22 Jahre,Völkermarkt <208>,73
22 Jahre,Wolfsberg <209>,82
22 Jahre,Krems an der Donau (Stadt) <301>,94
22 Jahre,Sankt Pölten (Stadt) <302>,187
22 Jahre,Waidhofen an der Ybbs (Stadt) <303>,19
22 Jahre,Wiener Neustadt (Stadt) <304>,132
22 Jahre,Amstetten <305>,205
22 Jahre,Baden <306>,284
22 Jahre,Bruck an der Leitha <307>,225
22 Jahre,Gänserndorf <308>,179
22 Jahre,Gmünd <309>,54
22 Jahre,Hollabrunn <310>,55
22 Jahre,Horn <311>,39
22 Jahre,Korneuburg <312>,171
22 Jahre,Krems Land <313>,65
22 Jahre,Lilienfeld <314>,39
22 Jahre,Melk <315>,135
22 Jahre,Mistelbach <316>,112
22 Jahre,Mödling <317>,212
22 Jahre,Neunkirchen <318>,148
22 Jahre,Sankt Pölten Land <319>,217
22 Jahre,Scheibbs <320>,71
22 Jahre,Tulln <321>,178
22 Jahre,Waidhofen an der Thaya <322>,39
22 Jahre,Wiener Neustadt Land <323>,133
22 Jahre,Wien Umgebung ^<324>,-
22 Jahre,Zwettl <325>,40
22 Jahre,Stadt Linz <401>,772
22 Jahre,Stadt Steyr <402>,115
22 Jahre,Stadt Wels <403>,189
22 Jahre,Braunau <404>,209
22 Jahre,Eferding <405>,51
22 Jahre,Freistadt <406>,111
22 Jahre,Gmunden <407>,160
22 Jahre,Grieskirchen <408>,119
22 Jahre,Kirchdorf <409>,87
22 Jahre,Linz Land <410>,337
22 Jahre,Perg <411>,102
22 Jahre,Ried <412>,118
22 Jahre,Rohrbach <413>,74
22 Jahre,Schärding <414>,93
22 Jahre,Steyr Land <415>,104
22 Jahre,Urfahr Umgebung <416>,122
22 Jahre,Vöcklabruck <417>,295
22 Jahre,Wels Land <418>,122
22 Jahre,Salzburg (Stadt) <501>,447
22 Jahre,Hallein <502>,83
22 Jahre,Salzburg Umgebung <503>,283
22 Jahre,St. Johann im Pongau <504>,143
22 Jahre,Tamsweg <505>,30
22 Jahre,Zell am See <506>,169
22 Jahre,Graz (Stadt) <601>,1178
22 Jahre,Bruck an der Mur ^<602>,-
22 Jahre,Bruck-Mürzzuschlag <621>,212
22 Jahre,Deutschlandsberg <603>,115
22 Jahre,Feldbach ^<604>,-
22 Jahre,Fürstenfeld ^<605>,-
22 Jahre,Graz Umgebung <606>,265
22 Jahre,Hartberg ^<607>,-
22 Jahre,Hartberg-Fürstenfeld <622>,126
22 Jahre,Judenburg ^<608>,-
22 Jahre,Knittelfeld ^<609>,-
22 Jahre,Leibnitz <610>,165
22 Jahre,Leoben <611>,152
22 Jahre,Liezen <612>,148
22 Jahre,Murtal <620>,178
22 Jahre,Mürzzuschlag ^<613>,-
22 Jahre,Murau <614>,43
22 Jahre,Radkersburg ^<615>,-
22 Jahre,Südoststeiermark <623>,121
22 Jahre,Voitsberg <616>,98
22 Jahre,Weiz <617>,131
23 Jahre,Eisenstadt (Stadt) <101>,37
23 Jahre,Rust (Stadt) <102>,8
23 Jahre,Eisenstadt Umgebung <103>,57
23 Jahre,Güssing <104>,23
23 Jahre,Jennersdorf <105>,16
23 Jahre,Mattersburg <106>,70
23 Jahre,Neusiedl am See <107>,75
23 Jahre,Oberpullendorf <108>,42
23 Jahre,Oberwart <109>,100
23 Jahre,Klagenfurt (Stadt) <201>,273
23 Jahre,Villach (Stadt) <202>,125
23 Jahre,Feldkirchen <210>,44
23 Jahre,Hermagor <203>,21
23 Jahre,Klagenfurt Land <204>,84
23 Jahre,Sankt Veit an der Glan <205>,89
23 Jahre,Spittal an der Drau <206>,122
23 Jahre,Villach Land <207>,94
23 Jahre,Völkermarkt <208>,64
23 Jahre,Wolfsberg <209>,76
23 Jahre,Krems an der Donau (Stadt) <301>,74
23 Jahre,Sankt Pölten (Stadt) <302>,160
23 Jahre,Waidhofen an der Ybbs (Stadt) <303>,24
23 Jahre,Wiener Neustadt (Stadt) <304>,138
23 Jahre,Amstetten <305>,212
23 Jahre,Baden <306>,317
23 Jahre,Bruck an der Leitha <307>,241
23 Jahre,Gänserndorf <308>,148
23 Jahre,Gmünd <309>,55
23 Jahre,Hollabrunn <310>,86
23 Jahre,Horn <311>,36
23 Jahre,Korneuburg <312>,163
23 Jahre,Krems Land <313>,70
23 Jahre,Lilienfeld <314>,43
23 Jahre,Melk <315>,142
23 Jahre,Mistelbach <316>,101
23 Jahre,Mödling <317>,175
23 Jahre,Neunkirchen <318>,139
23 Jahre,Sankt Pölten Land <319>,218
23 Jahre,Scheibbs <320>,85
23 Jahre,Tulln <321>,179
23 Jahre,Waidhofen an der Thaya <322>,42
23 Jahre,Wiener Neustadt Land <323>,110
23 Jahre,Wien Umgebung ^<324>,-
23 Jahre,Zwettl <325>,52
23 Jahre,Stadt Linz <401>,794
23 Jahre,Stadt Steyr <402>,104
23 Jahre,Stadt Wels <403>,225
23 Jahre,Braunau <404>,221
23 Jahre,Eferding <405>,55
23 Jahre,Freistadt <406>,117
23 Jahre,Gmunden <407>,183
23 Jahre,Grieskirchen <408>,115
23 Jahre,Kirchdorf <409>,118
23 Jahre,Linz Land <410>,302
23 Jahre,Perg <411>,121
23 Jahre,Ried <412>,140
23 Jahre,Rohrbach <413>,86
23 Jahre,Schärding <414>,94
23 Jahre,Steyr Land <415>,100
23 Jahre,Urfahr Umgebung <416>,141
23 Jahre,Vöcklabruck <417>,364
23 Jahre,Wels Land <418>,140
23 Jahre,Salzburg (Stadt) <501>,513
23 Jahre,Hallein <502>,124
23 Jahre,Salzburg Umgebung <503>,280
23 Jahre,St. Johann im Pongau <504>,145
23 Jahre,Tamsweg <505>,44
23 Jahre,Zell am See <506>,191
23 Jahre,Graz (Stadt) <601>,1212
23 Jahre,Bruck an der Mur ^<602>,-
23 Jahre,Bruck-Mürzzuschlag <621>,185
23 Jahre,Deutschlandsberg <603>,124
23 Jahre,Feldbach ^<604>,-
23 Jahre,Fürstenfeld ^<605>,-
23 Jahre,Graz Umgebung <606>,235
23 Jahre,Hartberg ^<607>,-
23 Jahre,Hartberg-Fürstenfeld <622>,122
23 Jahre,Judenburg ^<608>,-
23 Jahre,Knittelfeld ^<609>,-
23 Jahre,Leibnitz <610>,162
23 Jahre,Leoben <611>,158
23 Jahre,Liezen <612>,136
23 Jahre,Murtal <620>,165
23 Jahre,Mürzzuschlag ^<613>,-
23 Jahre,Murau <614>,39
23 Jahre,Radkersburg ^<615>,-
23 Jahre,Südoststeiermark <623>,118
23 Jahre,Voitsberg <616>,80
23 Jahre,Weiz <617>,170
24 Jahre,Eisenstadt (Stadt) <101>,41
24 Jahre,Rust (Stadt) <102>,4
24 Jahre,Eisenstadt Umgebung <103>,52
24 Jahre,Güssing <104>,30
24 Jahre,Jennersdorf <105>,23
24 Jahre,Mattersburg <106>,50
24 Jahre,Neusiedl am See <107>,65
24 Jahre,Oberpullendorf <108>,45
24 Jahre,Oberwart <109>,84
24 Jahre,Klagenfurt (Stadt) <201>,292
24 Jahre,Villach (Stadt) <202>,150
24 Jahre,Feldkirchen <210>,41
24 Jahre,Hermagor <203>,22
24 Jahre,Klagenfurt Land <204>,98
24 Jahre,Sankt Veit an der Glan <205>,89
24 Jahre,Spittal an der Drau <206>,130
24 Jahre,Villach Land <207>,89
24 Jahre,Völkermarkt <208>,65
24 Jahre,Wolfsberg <209>,106
24 Jahre,Krems an der Donau (Stadt) <301>,89
24 Jahre,Sankt Pölten (Stadt) <302>,179
24 Jahre,Waidhofen an der Ybbs (Stadt) <303>,18
24 Jahre,Wiener Neustadt (Stadt) <304>,134
24 Jahre,Amstetten <305>,230
24 Jahre,Baden <306>,274
24 Jahre,Bruck an der Leitha <307>,233
24 Jahre,Gänserndorf <308>,184
24 Jahre,Gmünd <309>,45
24 Jahre,Hollabrunn <310>,102
24 Jahre,Horn <311>,65
24 Jahre,Korneuburg <312>,158
24 Jahre,Krems Land <313>,101
24 Jahre,Lilienfeld <314>,38
24 Jahre,Melk <315>,150
24 Jahre,Mistelbach <316>,93
24 Jahre,Mödling <317>,201
24 Jahre,Neunkirchen <318>,154
24 Jahre,Sankt Pölten Land <319>,216
24 Jahre,Scheibbs <320>,73
24 Jahre,Tulln <321>,182
24 Jahre,Waidhofen an der Thaya <322>,36
24 Jahre,Wiener Neustadt Land <323>,139
24 Jahre,Wien Umgebung ^<324>,-
24 Jahre,Zwettl <325>,34
24 Jahre,Stadt Linz <401>,909
24 Jahre,Stadt Steyr <402>,118
24 Jahre,Stadt Wels <403>,203
24 Jahre,Braunau <404>,216
24 Jahre,Eferding <405>,56
24 Jahre,Freistadt <406>,122
24 Jahre,Gmunden <407>,179
24 Jahre,Grieskirchen <408>,129
24 Jahre,Kirchdorf <409>,101
24 Jahre,Linz Land <410>,324
24 Jahre,Perg <411>,134
24 Jahre,Ried <412>,134
24 Jahre,Rohrbach <413>,77
24 Jahre,Schärding <414>,100
24 Jahre,Steyr Land <415>,112
24 Jahre,Urfahr Umgebung <416>,137
24 Jahre,Vöcklabruck <417>,305
24 Jahre,Wels Land <418>,155
24 Jahre,Salzburg (Stadt) <501>,562
24 Jahre,Hallein <502>,97
24 Jahre,Salzburg Umgebung <503>,300
24 Jahre,St. Johann im Pongau <504>,188
24 Jahre,Tamsweg <505>,33
24 Jahre,Zell am See <506>,175
24 Jahre,Graz (Stadt) <601>,1328
24 Jahre,Bruck an der Mur ^<602>,-
24 Jahre,Bruck-Mürzzuschlag <621>,194
24 Jahre,Deutschlandsberg <603>,94
24 Jahre,Feldbach ^<604>,-
24 Jahre,Fürstenfeld ^<605>,-
24 Jahre,Graz Umgebung <606>,273
24 Jahre,Hartberg ^<607>,-
24 Jahre,Hartberg-Fürstenfeld <622>,129
24 Jahre,Judenburg ^<608>,-
24 Jahre,Knittelfeld ^<609>,-
24 Jahre,Leibnitz <610>,167
24 Jahre,Leoben <611>,150
24 Jahre,Liezen <612>,168
24 Jahre,Murtal <620>,163
24 Jahre,Mürzzuschlag ^<613>,-
24 Jahre,Murau <614>,31
24 Jahre,Radkersburg ^<615>,-
24 Jahre,Südoststeiermark <623>,119
24 Jahre,Voitsberg <616>,89
24 Jahre,Weiz <617>,139
25 Jahre,Eisenstadt (Stadt) <101>,42
25 Jahre,Rust (Stadt) <102>,2
25 Jahre,Eisenstadt Umgebung <103>,56
25 Jahre,Güssing <104>,22
25 Jahre,Jennersdorf <105>,13
25 Jahre,Mattersburg <106>,69
25 Jahre,Neusiedl am See <107>,68
25 Jahre,Oberpullendorf <108>,49
25 Jahre,Oberwart <109>,74
25 Jahre,Klagenfurt (Stadt) <201>,325
25 Jahre,Villach (Stadt) <202>,185
25 Jahre,Feldkirchen <210>,52
25 Jahre,Hermagor <203>,33
25 Jahre,Klagenfurt Land <204>,73
25 Jahre,Sankt Veit an der Glan <205>,94
25 Jahre,Spittal an der Drau <206>,129
25 Jahre,Villach Land <207>,111
25 Jahre,Völkermarkt <208>,69
25 Jahre,Wolfsberg <209>,100
25 Jahre,Krems an der Donau (Stadt) <301>,80
25 Jahre,Sankt Pölten (Stadt) <302>,171
25 Jahre,Waidhofen an der Ybbs (Stadt) <303>,33
25 Jahre,Wiener Neustadt (Stadt) <304>,141
25 Jahre,Amstetten <305>,221
25 Jahre,Baden <306>,272
25 Jahre,Bruck an der Leitha <307>,236
25 Jahre,Gänserndorf <308>,176
25 Jahre,Gmünd <309>,60
25 Jahre,Hollabrunn <310>,93
25 Jahre,Horn <311>,60
25 Jahre,Korneuburg <312>,149
25 Jahre,Krems Land <313>,77
25 Jahre,Lilienfeld <314>,47
25 Jahre,Melk <315>,141
25 Jahre,Mistelbach <316>,110
25 Jahre,Mödling <317>,194
25 Jahre,Neunkirchen <318>,165
25 Jahre,Sankt Pölten Land <319>,242
25 Jahre,Scheibbs <320>,93
25 Jahre,Tulln <321>,189
25 Jahre,Waidhofen an der Thaya <322>,34
25 Jahre,Wiener Neustadt Land <323>,116
25 Jahre,Wien Umgebung ^<324>,-
25 Jahre,Zwettl <325>,56
25 Jahre,Stadt Linz <401>,949
25 Jahre,Stadt Steyr <402>,109
25 Jahre,Stadt Wels <403>,264
25 Jahre,Braunau <404>,237
25 Jahre,Eferding <405>,59
25 Jahre,Freistadt <406>,117
25 Jahre,Gmunden <407>,202
25 Jahre,Grieskirchen <408>,116
25 Jahre,Kirchdorf <409>,110
25 Jahre,Linz Land <410>,348
25 Jahre,Perg <411>,152
25 Jahre,Ried <412>,140
25 Jahre,Rohrbach <413>,76
25 Jahre,Schärding <414>,89
25 Jahre,Steyr Land <415>,124
25 Jahre,Urfahr Umgebung <416>,149
25 Jahre,Vöcklabruck <417>,306
25 Jahre,Wels Land <418>,146
25 Jahre,Salzburg (Stadt) <501>,639
25 Jahre,Hallein <502>,123
25 Jahre,Salzburg Umgebung <503>,323
25 Jahre,St. Johann im Pongau <504>,181
25 Jahre,Tamsweg <505>,30
25 Jahre,Zell am See <506>,219
25 Jahre,Graz (Stadt) <601>,1493
25 Jahre,Bruck an der Mur ^<602>,-
25 Jahre,Bruck-Mürzzuschlag <621>,213
25 Jahre,Deutschlandsberg <603>,118
25 Jahre,Feldbach ^<604>,-
25 Jahre,Fürstenfeld ^<605>,-
25 Jahre,Graz Umgebung <606>,258
25 Jahre,Hartberg ^<607>,-
25 Jahre,Hartberg-Fürstenfeld <622>,120
25 Jahre,Judenburg ^<608>,-
25 Jahre,Knittelfeld ^<609>,-
25 Jahre,Leibnitz <610>,185
25 Jahre,Leoben <611>,157
25 Jahre,Liezen <612>,151
25 Jahre,Murtal <620>,171
25 Jahre,Mürzzuschlag ^<613>,-
25 Jahre,Murau <614>,54
25 Jahre,Radkersburg ^<615>,-
25 Jahre,Südoststeiermark <623>,121
25 Jahre,Voitsberg <616>,99
25 Jahre,Weiz <617>,169
26 Jahre,Eisenstadt (Stadt) <101>,55
26 Jahre,Rust (Stadt) <102>,3
26 Jahre,Eisenstadt Umgebung <103>,60
26 Jahre,Güssing <104>,30
26 Jahre,Jennersdorf <105>,20
26 Jahre,Mattersburg <106>,78
26 Jahre,Neusiedl am See <107>,66
26 Jahre,Oberpullendorf <108>,54
26 Jahre,Oberwart <109>,103
26 Jahre,Klagenfurt (Stadt) <201>,333
26 Jahre,Villach (Stadt) <202>,160
26 Jahre,Feldkirchen <210>,49
26 Jahre,Hermagor <203>,36
26 Jahre,Klagenfurt Land <204>,101
26 Jahre,Sankt Veit an der Glan <205>,109
26 Jahre,Spittal an der Drau <206>,124
26 Jahre,Villach Land <207>,93
26 Jahre,Völkermarkt <208>,62
26 Jahre,Wolfsberg <209>,112
26 Jahre,Krems an der Donau (Stadt) <301>,74
26 Jahre,Sankt Pölten (Stadt) <302>,171
26 Jahre,Waidhofen an der Ybbs (Stadt) <303>,33
26 Jahre,Wiener Neustadt (Stadt) <304>,161
26 Jahre,Amstetten <305>,217
26 Jahre,Baden <306>,278
26 Jahre,Bruck an der Leitha <307>,195
26 Jahre,Gänserndorf <308>,179
26 Jahre,Gmünd <309>,45
26 Jahre,Hollabrunn <310>,92
26 Jahre,Horn <311>,40
26 Jahre,Korneuburg <312>,156
26 Jahre,Krems Land <313>,81
26 Jahre,Lilienfeld <314>,43
26 Jahre,Melk <315>,139
26 Jahre,Mistelbach <316>,113
26 Jahre,Mödling <317>,209
26 Jahre,Neunkirchen <318>,160
26 Jahre,Sankt Pölten Land <319>,228
26 Jahre,Scheibbs <320>,51
26 Jahre,Tulln <321>,207
26 Jahre,Waidhofen an der Thaya <322>,42
26 Jahre,Wiener Neustadt Land <323>,133
26 Jahre,Wien Umgebung ^<324>,-
26 Jahre,Zwettl <325>,66
26 Jahre,Stadt Linz <401>,909
26 Jahre,Stadt Steyr <402>,125
26 Jahre,Stadt Wels <403>,206
26 Jahre,Braunau <404>,211
26 Jahre,Eferding <405>,59
26 Jahre,Freistadt <406>,137
26 Jahre,Gmunden <407>,217
26 Jahre,Grieskirchen <408>,162
26 Jahre,Kirchdorf <409>,106
26 Jahre,Linz Land <410>,321
26 Jahre,Perg <411>,152
26 Jahre,Ried <412>,132
26 Jahre,Rohrbach <413>,104
26 Jahre,Schärding <414>,93
26 Jahre,Steyr Land <415>,134
26 Jahre,Urfahr Umgebung <416>,157
26 Jahre,Vöcklabruck <417>,360
26 Jahre,Wels Land <418>,171
26 Jahre,Salzburg (Stadt) <501>,645
26 Jahre,Hallein <502>,138
26 Jahre,Salzburg Umgebung <503>,317
26 Jahre,St. Johann im Pongau <504>,200
26 Jahre,Tamsweg <505>,38
26 Jahre,Zell am See <506>,208
26 Jahre,Graz (Stadt) <601>,1562
26 Jahre,Bruck an der Mur ^<602>,-
26 Jahre,Bruck-Mürzzuschlag <621>,201
26 Jahre,Deutschlandsberg <603>,85
26 Jahre,Feldbach ^<604>,-
26 Jahre,Fürstenfeld ^<605>,-
26 Jahre,Graz Umgebung <606>,244
26 Jahre,Hartberg ^<607>,-
26 Jahre,Hartberg-Fürstenfeld <622>,140
26 Jahre,Judenburg ^<608>,-
26 Jahre,Knittelfeld ^<609>,-
26 Jahre,Leibnitz <610>,154
26 Jahre,Leoben <611>,169
26 Jahre,Liezen <612>,173
26 Jahre,Murtal <620>,133
26 Jahre,Mürzzuschlag ^<613>,-
26 Jahre,Murau <614>,28
26 Jahre,Radkersburg ^<615>,-
26 Jahre,Südoststeiermark <623>,117
26 Jahre,Voitsberg <616>,90
26 Jahre,Weiz <617>,170
27 Jahre,Eisenstadt (Stadt) <101>,44
27 Jahre,Rust (Stadt) <102>,3
27 Jahre,Eisenstadt Umgebung <103>,63
27 Jahre,Güssing <104>,31
27 Jahre,Jennersdorf <105>,28
27 Jahre,Mattersburg <106>,80
27 Jahre,Neusiedl am See <107>,72
27 Jahre,Oberpullendorf <108>,46
27 Jahre,Oberwart <109>,91
27 Jahre,Klagenfurt (Stadt) <201>,313
27 Jahre,Villach (Stadt) <202>,178
27 Jahre,Feldkirchen <210>,48
27 Jahre,Hermagor <203>,20
27 Jahre,Klagenfurt Land <204>,82
27 Jahre,Sankt Veit an der Glan <205>,92
27 Jahre,Spittal an der Drau <206>,137
27 Jahre,Villach Land <207>,86
27 Jahre,Völkermarkt <208>,65
27 Jahre,Wolfsberg <209>,84
27 Jahre,Krems an der Donau (Stadt) <301>,67
27 Jahre,Sankt Pölten (Stadt) <302>,180
27 Jahre,Waidhofen an der Ybbs (Stadt) <303>,25
27 Jahre,Wiener Neustadt (Stadt) <304>,161
27 Jahre,Amstetten <305>,192
27 Jahre,Baden <306>,288
27 Jahre,Bruck an der Leitha <307>,241
27 Jahre,Gänserndorf <308>,144
27 Jahre,Gmünd <309>,47
27 Jahre,Hollabrunn <310>,71
27 Jahre,Horn <311>,44
27 Jahre,Korneuburg <312>,140
27 Jahre,Krems Land <313>,82
27 Jahre,Lilienfeld <314>,35
27 Jahre,Melk <315>,145
27 Jahre,Mistelbach <316>,105
27 Jahre,Mödling <317>,202
27 Jahre,Neunkirchen <318>,145
27 Jahre,Sankt Pölten Land <319>,215
27 Jahre,Scheibbs <320>,87
27 Jahre,Tulln <321>,196
27 Jahre,Waidhofen an der Thaya <322>,27
27 Jahre,Wiener Neustadt Land <323>,128
27 Jahre,Wien Umgebung ^<324>,-
27 Jahre,Zwettl <325>,64
27 Jahre,Stadt Linz <401>,863
27 Jahre,Stadt Steyr <402>,113
27 Jahre,Stadt Wels <403>,231
27 Jahre,Braunau <404>,205
27 Jahre,Eferding <405>,49
27 Jahre,Freistadt <406>,116
27 Jahre,Gmunden <407>,171
27 Jahre,Grieskirchen <408>,140
27 Jahre,Kirchdorf <409>,81
27 Jahre,Linz Land <410>,333
27 Jahre,Perg <411>,136
27 Jahre,Ried <412>,147
27 Jahre,Rohrbach <413>,90
27 Jahre,Schärding <414>,113
27 Jahre,Steyr Land <415>,112
27 Jahre,Urfahr Umgebung <416>,139
27 Jahre,Vöcklabruck <417>,315
27 Jahre,Wels Land <418>,141
27 Jahre,Salzburg (Stadt) <501>,633
27 Jahre,Hallein <502>,124
27 Jahre,Salzburg Umgebung <503>,309
27 Jahre,St. Johann im Pongau <504>,201
27 Jahre,Tamsweg <505>,36
27 Jahre,Zell am See <506>,194
27 Jahre,Graz (Stadt) <601>,1550
27 Jahre,Bruck an der Mur ^<602>,-
27 Jahre,Bruck-Mürzzuschlag <621>,198
27 Jahre,Deutschlandsberg <603>,100
27 Jahre,Feldbach ^<604>,-
27 Jahre,Fürstenfeld ^<605>,-
27 Jahre,Graz Umgebung <606>,236
27 Jahre,Hartberg ^<607>,-
27 Jahre,Hartberg-Fürstenfeld <622>,142
27 Jahre,Judenburg ^<608>,-
27 Jahre,Knittelfeld ^<609>,-
27 Jahre,Leibnitz <610>,161
27 Jahre,Leoben <611>,153
27 Jahre,Liezen <612>,140
27 Jahre,Murtal <620>,159
27 Jahre,Mürzzuschlag ^<613>,-
27 Jahre,Murau <614>,43
27 Jahre,Radkersburg ^<615>,-
27 Jahre,Südoststeiermark <623>,109
27 Jahre,Voitsberg <616>,86
27 Jahre,Weiz <617>,148
28 Jahre,Eisenstadt (Stadt) <101>,33
28 Jahre,Rust (Stadt) <102>,-
28 Jahre,Eisenstadt Umgebung <103>,60
28 Jahre,Güssing <104>,25
28 Jahre,Jennersdorf <105>,24
28 Jahre,Mattersburg <106>,79
28 Jahre,Neusiedl am See <107>,88
28 Jahre,Oberpullendorf <108>,42
28 Jahre,Oberwart <109>,92
28 Jahre,Klagenfurt (Stadt) <201>,305
28 Jahre,Villach (Stadt) <202>,177
28 Jahre,Feldkirchen <210>,33
28 Jahre,Hermagor <203>,15
28 Jahre,Klagenfurt Land <204>,90
28 Jahre,Sankt Veit an der Glan <205>,95
28 Jahre,Spittal an der Drau <206>,111
28 Jahre,Villach Land <207>,105
28 Jahre,Völkermarkt <208>,65
28 Jahre,Wolfsberg <209>,90
28 Jahre,Krems an der Donau (Stadt) <301>,67
28 Jahre,Sankt Pölten (Stadt) <302>,158
28 Jahre,Waidhofen an der Ybbs (Stadt) <303>,11
28 Jahre,Wiener Neustadt (Stadt) <304>,149
28 Jahre,Amstetten <305>,187
28 Jahre,Baden <306>,288
28 Jahre,Bruck an der Leitha <307>,199
28 Jahre,Gänserndorf <308>,189
28 Jahre,Gmünd <309>,47
28 Jahre,Hollabrunn <310>,90
28 Jahre,Horn <311>,49
28 Jahre,Korneuburg <312>,145
28 Jahre,Krems Land <313>,70
28 Jahre,Lilienfeld <314>,50
28 Jahre,Melk <315>,122
28 Jahre,Mistelbach <316>,124
28 Jahre,Mödling <317>,205
28 Jahre,Neunkirchen <318>,144
28 Jahre,Sankt Pölten Land <319>,187
28 Jahre,Scheibbs <320>,73
28 Jahre,Tulln <321>,152
28 Jahre,Waidhofen an der Thaya <322>,32
28 Jahre,Wiener Neustadt Land <323>,141
28 Jahre,Wien Umgebung ^<324>,-
28 Jahre,Zwettl <325>,63
28 Jahre,Stadt Linz <401>,838
28 Jahre,Stadt Steyr <402>,122
28 Jahre,Stadt Wels <403>,203
28 Jahre,Braunau <404>,264
28 Jahre,Eferding <405>,52
28 Jahre,Freistadt <406>,110
28 Jahre,Gmunden <407>,184
28 Jahre,Grieskirchen <408>,110
28 Jahre,Kirchdorf <409>,100
28 Jahre,Linz Land <410>,331
28 Jahre,Perg <411>,127
28 Jahre,Ried <412>,132
28 Jahre,Rohrbach <413>,100
28 Jahre,Schärding <414>,113
28 Jahre,Steyr Land <415>,110
28 Jahre,Urfahr Umgebung <416>,155
28 Jahre,Vöcklabruck <417>,297
28 Jahre,Wels Land <418>,98
28 Jahre,Salzburg (Stadt) <501>,610
28 Jahre,Hallein <502>,126
28 Jahre,Salzburg Umgebung <503>,386
28 Jahre,St. Johann im Pongau <504>,177
28 Jahre,Tamsweg <505>,40
28 Jahre,Zell am See <506>,196
28 Jahre,Graz (Stadt) <601>,1546
28 Jahre,Bruck an der Mur ^<602>,-
28 Jahre,Bruck-Mürzzuschlag <621>,199
28 Jahre,Deutschlandsberg <603>,87
28 Jahre,Feldbach ^<604>,-
28 Jahre,Fürstenfeld ^<605>,-
28 Jahre,Graz Umgebung <606>,269
28 Jahre,Hartberg ^<607>,-
28 Jahre,Hartberg-Fürstenfeld <622>,116
28 Jahre,Judenburg ^<608>,-
28 Jahre,Knittelfeld ^<609>,-
28 Jahre,Leibnitz <610>,172
28 Jahre,Leoben <611>,151
28 Jahre,Liezen <612>,154
28 Jahre,Murtal <620>,148
28 Jahre,Mürzzuschlag ^<613>,-
28 Jahre,Murau <614>,35
28 Jahre,Radkersburg ^<615>,-
28 Jahre,Südoststeiermark <623>,104
28 Jahre,Voitsberg <616>,93
28 Jahre,Weiz <617>,173
29 Jahre,Eisenstadt (Stadt) <101>,42
29 Jahre,Rust (Stadt) <102>,2
29 Jahre,Eisenstadt Umgebung <103>,60
29 Jahre,Güssing <104>,26
29 Jahre,Jennersdorf <105>,23
29 Jahre,Mattersburg <106>,72
29 Jahre,Neusiedl am See <107>,82
29 Jahre,Oberpullendorf <108>,49
29 Jahre,Oberwart <109>,80
29 Jahre,Klagenfurt (Stadt) <201>,310
29 Jahre,Villach (Stadt) <202>,164
29 Jahre,Feldkirchen <210>,45
29 Jahre,Hermagor <203>,25
29 Jahre,Klagenfurt Land <204>,82
29 Jahre,Sankt Veit an der Glan <205>,80
29 Jahre,Spittal an der Drau <206>,115
29 Jahre,Villach Land <207>,110
29 Jahre,Völkermarkt <208>,69
29 Jahre,Wolfsberg <209>,87
29 Jahre,Krems an der Donau (Stadt) <301>,75
29 Jahre,Sankt Pölten (Stadt) <302>,160
29 Jahre,Waidhofen an der Ybbs (Stadt) <303>,26
29 Jahre,Wiener Neustadt (Stadt) <304>,145
29 Jahre,Amstetten <305>,211
29 Jahre,Baden <306>,249
29 Jahre,Bruck an der Leitha <307>,207
29 Jahre,Gänserndorf <308>,158
29 Jahre,Gmünd <309>,57
29 Jahre,Hollabrunn <310>,73
29 Jahre,Horn <311>,49
29 Jahre,Korneuburg <312>,176
29 Jahre,Krems Land <313>,65
29 Jahre,Lilienfeld <314>,29
29 Jahre,Melk <315>,124
29 Jahre,Mistelbach <316>,95
29 Jahre,Mödling <317>,178
29 Jahre,Neunkirchen <318>,149
29 Jahre,Sankt Pölten Land <319>,208
29 Jahre,Scheibbs <320>,67
29 Jahre,Tulln <321>,179
29 Jahre,Waidhofen an der Thaya <322>,44
29 Jahre,Wiener Neustadt Land <323>,115
29 Jahre,Wien Umgebung ^<324>,-
29 Jahre,Zwettl <325>,56
29 Jahre,Stadt Linz <401>,872
29 Jahre,Stadt Steyr <402>,112
29 Jahre,Stadt Wels <403>,216
29 Jahre,Braunau <404>,218
29 Jahre,Eferding <405>,50
29 Jahre,Freistadt <406>,95
29 Jahre,Gmunden <407>,176
29 Jahre,Grieskirchen <408>,119
29 Jahre,Kirchdorf <409>,91
29 Jahre,Linz Land <410>,322
29 Jahre,Perg <411>,127
29 Jahre,Ried <412>,142
29 Jahre,Rohrbach <413>,78
29 Jahre,Schärding <414>,112
29 Jahre,Steyr Land <415>,88
29 Jahre,Urfahr Umgebung <416>,135
29 Jahre,Vöcklabruck <417>,305
29 Jahre,Wels Land <418>,147
29 Jahre,Salzburg (Stadt) <501>,534
29 Jahre,Hallein <502>,128
29 Jahre,Salzburg Umgebung <503>,324
29 Jahre,St. Johann im Pongau <504>,163
29 Jahre,Tamsweg <505>,27
29 Jahre,Zell am See <506>,162
29 Jahre,Graz (Stadt) <601>,1434
29 Jahre,Bruck an der Mur ^<602>,-
29 Jahre,Bruck-Mürzzuschlag <621>,185
29 Jahre,Deutschlandsberg <603>,76
29 Jahre,Feldbach ^<604>,-
29 Jahre,Fürstenfeld ^<605>,-
29 Jahre,Graz Umgebung <606>,225
29 Jahre,Hartberg ^<607>,-
29 Jahre,Hartberg-Fürstenfeld <622>,116
29 Jahre,Judenburg ^<608>,-
29 Jahre,Knittelfeld ^<609>,-
29 Jahre,Leibnitz <610>,125
29 Jahre,Leoben <611>,140
29 Jahre,Liezen <612>,139
29 Jahre,Murtal <620>,120
29 Jahre,Mürzzuschlag ^<613>,-
29 Jahre,Murau <614>,42
29 Jahre,Radkersburg ^<615>,-
29 Jahre,Südoststeiermark <623>,121
29 Jahre,Voitsberg <616>,105
29 Jahre,Weiz <617>,142
30 Jahre,Eisenstadt (Stadt) <101>,27
30 Jahre,Rust (Stadt) <102>,1
30 Jahre,Eisenstadt Umgebung <103>,60
30 Jahre,Güssing <104>,27
30 Jahre,Jennersdorf <105>,16
30 Jahre,Mattersburg <106>,63
30 Jahre,Neusiedl am See <107>,76
30 Jahre,Oberpullendorf <108>,50
30 Jahre,Oberwart <109>,83
30 Jahre,Klagenfurt (Stadt) <201>,301
30 Jahre,Villach (Stadt) <202>,177
30 Jahre,Feldkirchen <210>,45
30 Jahre,Hermagor <203>,18
30 Jahre,Klagenfurt Land <204>,81
30 Jahre,Sankt Veit an der Glan <205>,82
30 Jahre,Spittal an der Drau <206>,110
30 Jahre,Villach Land <207>,86
30 Jahre,Völkermarkt <208>,62
30 Jahre,Wolfsberg <209>,61
30 Jahre,Krems an der Donau (Stadt) <301>,74
30 Jahre,Sankt Pölten (Stadt) <302>,152
30 Jahre,Waidhofen an der Ybbs (Stadt) <303>,17
30 Jahre,Wiener Neustadt (Stadt) <304>,128
30 Jahre,Amstetten <305>,184
30 Jahre,Baden <306>,238
30 Jahre,Bruck an der Leitha <307>,175
30 Jahre,Gänserndorf <308>,141
30 Jahre,Gmünd <309>,43
30 Jahre,Hollabrunn <310>,86
30 Jahre,Horn <311>,41
30 Jahre,Korneuburg <312>,130
30 Jahre,Krems Land <313>,77
30 Jahre,Lilienfeld <314>,45
30 Jahre,Melk <315>,111
30 Jahre,Mistelbach <316>,104
30 Jahre,Mödling <317>,184
30 Jahre,Neunkirchen <318>,145
30 Jahre,Sankt Pölten Land <319>,199
30 Jahre,Scheibbs <320>,57
30 Jahre,Tulln <321>,184
30 Jahre,Waidhofen an der Thaya <322>,46
30 Jahre,Wiener Neustadt Land <323>,111
30 Jahre,Wien Umgebung ^<324>,-
30 Jahre,Zwettl <325>,44
30 Jahre,Stadt Linz <401>,739
30 Jahre,Stadt Steyr <402>,105
30 Jahre,Stadt Wels <403>,208
30 Jahre,Braunau <404>,238
30 Jahre,Eferding <405>,60
30 Jahre,Freistadt <406>,98
30 Jahre,Gmunden <407>,150
30 Jahre,Grieskirchen <408>,114
30 Jahre,Kirchdorf <409>,86
30 Jahre,Linz Land <410>,282
30 Jahre,Perg <411>,113
30 Jahre,Ried <412>,144
30 Jahre,Rohrbach <413>,96
30 Jahre,Schärding <414>,86
30 Jahre,Steyr Land <415>,98
30 Jahre,Urfahr Umgebung <416>,110
30 Jahre,Vöcklabruck <417>,275
30 Jahre,Wels Land <418>,139
30 Jahre,Salzburg (Stadt) <501>,568
30 Jahre,Hallein <502>,118
30 Jahre,Salzburg Umgebung <503>,319
30 Jahre,St. Johann im Pongau <504>,172
30 Jahre,Tamsweg <505>,23
30 Jahre,Zell am See <506>,178
30 Jahre,Graz (Stadt) <601>,1348
30 Jahre,Bruck an der Mur ^<602>,-
30 Jahre,Bruck-Mürzzuschlag <621>,187
30 Jahre,Deutschlandsberg <603>,79
30 Jahre,Feldbach ^<604>,-
30 Jahre,Fürstenfeld ^<605>,-
30 Jahre,Graz Umgebung <606>,234
30 Jahre,Hartberg ^<607>,-
30 Jahre,Hartberg-Fürstenfeld <622>,116
30 Jahre,Judenburg ^<608>,-
30 Jahre,Knittelfeld ^<609>,-
30 Jahre,Leibnitz <610>,127
30 Jahre,Leoben <611>,116
30 Jahre,Liezen <612>,124
30 Jahre,Murtal <620>,126
30 Jahre,Mürzzuschlag ^<613>,-
30 Jahre,Murau <614>,34
30 Jahre,Radkersburg ^<615>,-
30 Jahre,Südoststeiermark <623>,108
30 Jahre,Voitsberg <616>,73
30 Jahre,Weiz <617>,139
31 Jahre,Eisenstadt (Stadt) <101>,41
31 Jahre,Rust (Stadt) <102>,2
31 Jahre,Eisenstadt Umgebung <103>,54
31 Jahre,Güssing <104>,21
31 Jahre,Jennersdorf <105>,26
31 Jahre,Mattersburg <106>,49
31 Jahre,Neusiedl am See <107>,73
31 Jahre,Oberpullendorf <108>,34
31 Jahre,Oberwart <109>,66
31 Jahre,Klagenfurt (Stadt) <201>,281
31 Jahre,Villach (Stadt) <202>,173
31 Jahre,Feldkirchen <210>,47
31 Jahre,Hermagor <203>,12
31 Jahre,Klagenfurt Land <204>,94
31 Jahre,Sankt Veit an der Glan <205>,78
31 Jahre,Spittal an der Drau <206>,116
31 Jahre,Villach Land <207>,77
31 Jahre,Völkermarkt <208>,66
31 Jahre,Wolfsberg <209>,74
31 Jahre,Krems an der Donau (Stadt) <301>,65
31 Jahre,Sankt Pölten (Stadt) <302>,124
31 Jahre,Waidhofen an der Ybbs (Stadt) <303>,14
31 Jahre,Wiener Neustadt (Stadt) <304>,117
31 Jahre,Amstetten <305>,170
31 Jahre,Baden <306>,261
31 Jahre,Bruck an der Leitha <307>,173
31 Jahre,Gänserndorf <308>,160
31 Jahre,Gmünd <309>,57
31 Jahre,Hollabrunn <310>,70
31 Jahre,Horn <311>,29
31 Jahre,Korneuburg <312>,145
31 Jahre,Krems Land <313>,72
31 Jahre,Lilienfeld <314>,34
31 Jahre,Melk <315>,106
31 Jahre,Mistelbach <316>,116
31 Jahre,Mödling <317>,200
31 Jahre,Neunkirchen <318>,138
31 Jahre,Sankt Pölten Land <319>,201
31 Jahre,Scheibbs <320>,71
31 Jahre,Tulln <321>,175
31 Jahre,Waidhofen an der Thaya <322>,31
31 Jahre,Wiener Neustadt Land <323>,112
31 Jahre,Wien Umgebung ^<324>,-
31 Jahre,Zwettl <325>,37
31 Jahre,Stadt Linz <401>,790
31 Jahre,Stadt Steyr <402>,110
31 Jahre,Stadt Wels <403>,181
31 Jahre,Braunau <404>,164
31 Jahre,Eferding <405>,47
31 Jahre,Freistadt <406>,79
31 Jahre,Gmunden <407>,176
31 Jahre,Grieskirchen <408>,111
31 Jahre,Kirchdorf <409>,96
31 Jahre,Linz Land <410>,300
31 Jahre,Perg <411>,120
31 Jahre,Ried <412>,117
31 Jahre,Rohrbach <413>,67
31 Jahre,Schärding <414>,68
31 Jahre,Steyr Land <415>,92
31 Jahre,Urfahr Umgebung <416>,124
31 Jahre,Vöcklabruck <417>,272
31 Jahre,Wels Land <418>,125
31 Jahre,Salzburg (Stadt) <501>,525
31 Jahre,Hallein <502>,101
31 Jahre,Salzburg Umgebung <503>,266
31 Jahre,St. Johann im Pongau <504>,129
31 Jahre,Tamsweg <505>,25
31 Jahre,Zell am See <506>,171
31 Jahre,Graz (Stadt) <601>,1269
31 Jahre,Bruck an der Mur ^<602>,-
31 Jahre,Bruck-Mürzzuschlag <621>,166
31 Jahre,Deutschlandsberg <603>,100
31 Jahre,Feldbach ^<604>,-
31 Jahre,Fürstenfeld ^<605>,-
31 Jahre,Graz Umgebung <606>,226
31 Jahre,Hartberg ^<607>,-
31 Jahre,Hartberg-Fürstenfeld <622>,132
31 Jahre,Judenburg ^<608>,-
31 Jahre,Knittelfeld ^<609>,-
31 Jahre,Leibnitz <610>,108
31 Jahre,Leoben <611>,127
31 Jahre,Liezen <612>,120
31 Jahre,Murtal <620>,111
31 Jahre,Mürzzuschlag ^<613>,-
31 Jahre,Murau <614>,28
31 Jahre,Radkersburg ^<615>,-
31 Jahre,Südoststeiermark <623>,93
31 Jahre,Voitsberg <616>,58
31 Jahre,Weiz <617>,153
32 Jahre,Eisenstadt (Stadt) <101>,42
32 Jahre,Rust (Stadt) <102>,1
32 Jahre,Eisenstadt Umgebung <103>,48
32 Jahre,Güssing <104>,23
32 Jahre,Jennersdorf <105>,11
32 Jahre,Mattersburg <106>,57
32 Jahre,Neusiedl am See <107>,65
32 Jahre,Oberpullendorf <108>,40
32 Jahre,Oberwart <109>,66
32 Jahre,Klagenfurt (Stadt) <201>,251
32 Jahre,Villach (Stadt) <202>,147
32 Jahre,Feldkirchen <210>,44
32 Jahre,Hermagor <203>,17
32 Jahre,Klagenfurt Land <204>,80
32 Jahre,Sankt Veit an der Glan <205>,77
32 Jahre,Spittal an der Drau <206>,95
32 Jahre,Villach Land <207>,104
32 Jahre,Völkermarkt <208>,44
32 Jahre,Wolfsberg <209>,53
32 Jahre,Krems an der Donau (Stadt) <301>,64
32 Jahre,Sankt Pölten (Stadt) <302>,127
32 Jahre,Waidhofen an der Ybbs (Stadt) <303>,12
32 Jahre,Wiener Neustadt (Stadt) <304>,129
32 Jahre,Amstetten <305>,166
32 Jahre,Baden <306>,232
32 Jahre,Bruck an der Leitha <307>,179
32 Jahre,Gänserndorf <308>,152
32 Jahre,Gmünd <309>,39
32 Jahre,Hollabrunn <310>,68
32 Jahre,Horn <311>,36
32 Jahre,Korneuburg <312>,137
32 Jahre,Krems Land <313>,67
32 Jahre,Lilienfeld <314>,30
32 Jahre,Melk <315>,108
32 Jahre,Mistelbach <316>,83
32 Jahre,Mödling <317>,182
32 Jahre,Neunkirchen <318>,124
32 Jahre,Sankt Pölten Land <319>,164
32 Jahre,Scheibbs <320>,54
32 Jahre,Tulln <321>,163
32 Jahre,Waidhofen an der Thaya <322>,33
32 Jahre,Wiener Neustadt Land <323>,94
32 Jahre,Wien Umgebung ^<324>,-
32 Jahre,Zwettl <325>,42
32 Jahre,Stadt Linz <401>,687
32 Jahre,Stadt Steyr <402>,97
32 Jahre,Stadt Wels <403>,172
32 Jahre,Braunau <404>,196
32 Jahre,Eferding <405>,49
32 Jahre,Freistadt <406>,96
32 Jahre,Gmunden <407>,134
32 Jahre,Grieskirchen <408>,87
32 Jahre,Kirchdorf <409>,87
32 Jahre,Linz Land <410>,251
32 Jahre,Perg <411>,100
32 Jahre,Ried <412>,124
32 Jahre,Rohrbach <413>,84
32 Jahre,Schärding <414>,86
32 Jahre,Steyr Land <415>,78
32 Jahre,Urfahr Umgebung <416>,107
32 Jahre,Vöcklabruck <417>,277
32 Jahre,Wels Land <418>,118
32 Jahre,Salzburg (Stadt) <501>,462
32 Jahre,Hallein <502>,102
32 Jahre,Salzburg Umgebung <503>,295
32 Jahre,St. Johann im Pongau <504>,114
32 Jahre,Tamsweg <505>,23
32 Jahre,Zell am See <506>,177
32 Jahre,Graz (Stadt) <601>,1139
32 Jahre,Bruck an der Mur ^<602>,-
32 Jahre,Bruck-Mürzzuschlag <621>,161
32 Jahre,Deutschlandsberg <603>,76
32 Jahre,Feldbach ^<604>,-
32 Jahre,Fürstenfeld ^<605>,-
32 Jahre,Graz Umgebung <606>,230
32 Jahre,Hartberg ^<607>,-
32 Jahre,Hartberg-Fürstenfeld <622>,108
32 Jahre,Judenburg ^<608>,-
32 Jahre,Knittelfeld ^<609>,-
32 Jahre,Leibnitz <610>,133
32 Jahre,Leoben <611>,134
32 Jahre,Liezen <612>,125
32 Jahre,Murtal <620>,122
32 Jahre,Mürzzuschlag ^<613>,-
32 Jahre,Murau <614>,33
32 Jahre,Radkersburg ^<615>,-
32 Jahre,Südoststeiermark <623>,101
32 Jahre,Voitsberg <616>,77
32 Jahre,Weiz <617>,115
33 Jahre,Eisenstadt (Stadt) <101>,31
33 Jahre,Rust (Stadt) <102>,1
33 Jahre,Eisenstadt Umgebung <103>,59
33 Jahre,Güssing <104>,19
33 Jahre,Jennersdorf <105>,13
33 Jahre,Mattersburg <106>,44
33 Jahre,Neusiedl am See <107>,60
33 Jahre,Oberpullendorf <108>,45
33 Jahre,Oberwart <109>,79
33 Jahre,Klagenfurt (Stadt) <201>,265
33 Jahre,Villach (Stadt) <202>,134
33 Jahre,Feldkirchen <210>,53
33 Jahre,Hermagor <203>,19
33 Jahre,Klagenfurt Land <204>,79
33 Jahre,Sankt Veit an der Glan <205>,66
33 Jahre,Spittal an der Drau <206>,88
33 Jahre,Villach Land <207>,83
33 Jahre,Völkermarkt <208>,54
33 Jahre,Wolfsberg <209>,57
33 Jahre,Krems an der Donau (Stadt) <301>,64
33 Jahre,Sankt Pölten (Stadt) <302>,131
33 Jahre,Waidhofen an der Ybbs (Stadt) <303>,16
33 Jahre,Wiener Neustadt (Stadt) <304>,121
33 Jahre,Amstetten <305>,149
33 Jahre,Baden <306>,240
33 Jahre,Bruck an der Leitha <307>,172
33 Jahre,Gänserndorf <308>,147
33 Jahre,Gmünd <309>,38
33 Jahre,Hollabrunn <310>,61
33 Jahre,Horn <311>,30
33 Jahre,Korneuburg <312>,138
33 Jahre,Krems Land <313>,54
33 Jahre,Lilienfeld <314>,38
33 Jahre,Melk <315>,91
33 Jahre,Mistelbach <316>,77
33 Jahre,Mödling <317>,176
33 Jahre,Neunkirchen <318>,106
33 Jahre,Sankt Pölten Land <319>,174
33 Jahre,Scheibbs <320>,64
33 Jahre,Tulln <321>,137
33 Jahre,Waidhofen an der Thaya <322>,33
33 Jahre,Wiener Neustadt Land <323>,96
33 Jahre,Wien Umgebung ^<324>,-
33 Jahre,Zwettl <325>,43
33 Jahre,Stadt Linz <401>,655
33 Jahre,Stadt Steyr <402>,91
33 Jahre,Stadt Wels <403>,155
33 Jahre,Braunau <404>,157
33 Jahre,Eferding <405>,43
33 Jahre,Freistadt <406>,71
33 Jahre,Gmunden <407>,147
33 Jahre,Grieskirchen <408>,96
33 Jahre,Kirchdorf <409>,82
33 Jahre,Linz Land <410>,251
33 Jahre,Perg <411>,99
33 Jahre,Ried <412>,117
33 Jahre,Rohrbach <413>,68
33 Jahre,Schärding <414>,82
33 Jahre,Steyr Land <415>,86
33 Jahre,Urfahr Umgebung <416>,98
33 Jahre,Vöcklabruck <417>,234
33 Jahre,Wels Land <418>,126
33 Jahre,Salzburg (Stadt) <501>,437
33 Jahre,Hallein <502>,96
33 Jahre,Salzburg Umgebung <503>,270
33 Jahre,St. Johann im Pongau <504>,127
33 Jahre,Tamsweg <505>,27
33 Jahre,Zell am See <506>,125
33 Jahre,Graz (Stadt) <601>,1023
33 Jahre,Bruck an der Mur ^<602>,-
33 Jahre,Bruck-Mürzzuschlag <621>,138
33 Jahre,Deutschlandsberg <603>,71
33 Jahre,Feldbach ^<604>,-
33 Jahre,Fürstenfeld ^<605>,-
33 Jahre,Graz Umgebung <606>,232
33 Jahre,Hartberg ^<607>,-
33 Jahre,Hartberg-Fürstenfeld <622>,127
33 Jahre,Judenburg ^<608>,-
33 Jahre,Knittelfeld ^<609>,-
33 Jahre,Leibnitz <610>,125
33 Jahre,Leoben <611>,130
33 Jahre,Liezen <612>,117
33 Jahre,Murtal <620>,116
33 Jahre,Mürzzuschlag ^<613>,-
33 Jahre,Murau <614>,30
33 Jahre,Radkersburg ^<615>,-
33 Jahre,Südoststeiermark <623>,96
33 Jahre,Voitsberg <616>,77
33 Jahre,Weiz <617>,124
34 Jahre,Eisenstadt (Stadt) <101>,49
34 Jahre,Rust (Stadt) <102>,1
34 Jahre,Eisenstadt Umgebung <103>,62
34 Jahre,Güssing <104>,20
34 Jahre,Jennersdorf <105>,19
34 Jahre,Mattersburg <106>,42
34 Jahre,Neusiedl am See <107>,81
34 Jahre,Oberpullendorf <108>,45
34 Jahre,Oberwart <109>,58
34 Jahre,Klagenfurt (Stadt) <201>,228
34 Jahre,Villach (Stadt) <202>,133
34 Jahre,Feldkirchen <210>,39
34 Jahre,Hermagor <203>,20
34 Jahre,Klagenfurt Land <204>,83
34 Jahre,Sankt Veit an der Glan <205>,74
34 Jahre,Spittal an der Drau <206>,74
34 Jahre,Villach Land <207>,70
34 Jahre,Völkermarkt <208>,64
34 Jahre,Wolfsberg <209>,68
34 Jahre,Krems an der Donau (Stadt) <301>,50
34 Jahre,Sankt Pölten (Stadt) <302>,140
34 Jahre,Waidhofen an der Ybbs (Stadt) <303>,12
34 Jahre,Wiener Neustadt (Stadt) <304>,108
34 Jahre,Amstetten <305>,132
34 Jahre,Baden <306>,228
34 Jahre,Bruck an der Leitha <307>,158
34 Jahre,Gänserndorf <308>,137
34 Jahre,Gmünd <309>,48
34 Jahre,Hollabrunn <310>,48
34 Jahre,Horn <311>,35
34 Jahre,Korneuburg <312>,115
34 Jahre,Krems Land <313>,55
34 Jahre,Lilienfeld <314>,46
34 Jahre,Melk <315>,104
34 Jahre,Mistelbach <316>,68
34 Jahre,Mödling <317>,191
34 Jahre,Neunkirchen <318>,101
34 Jahre,Sankt Pölten Land <319>,167
34 Jahre,Scheibbs <320>,54
34 Jahre,Tulln <321>,141
34 Jahre,Waidhofen an der Thaya <322>,30
34 Jahre,Wiener Neustadt Land <323>,99
34 Jahre,Wien Umgebung ^<324>,-
34 Jahre,Zwettl <325>,38
34 Jahre,Stadt Linz <401>,612
34 Jahre,Stadt Steyr <402>,79
34 Jahre,Stadt Wels <403>,144
34 Jahre,Braunau <404>,147
34 Jahre,Eferding <405>,53
34 Jahre,Freistadt <406>,64
34 Jahre,Gmunden <407>,135
34 Jahre,Grieskirchen <408>,89
34 Jahre,Kirchdorf <409>,83
34 Jahre,Linz Land <410>,264
34 Jahre,Perg <411>,86
34 Jahre,Ried <412>,128
34 Jahre,Rohrbach <413>,45
34 Jahre,Schärding <414>,90
34 Jahre,Steyr Land <415>,74
34 Jahre,Urfahr Umgebung <416>,92
34 Jahre,Vöcklabruck <417>,246
34 Jahre,Wels Land <418>,79
34 Jahre,Salzburg (Stadt) <501>,414
34 Jahre,Hallein <502>,96
34 Jahre,Salzburg Umgebung <503>,240
34 Jahre,St. Johann im Pongau <504>,129
34 Jahre,Tamsweg <505>,19
34 Jahre,Zell am See <506>,127
34 Jahre,Graz (Stadt) <601>,909
34 Jahre,Bruck an der Mur ^<602>,-
34 Jahre,Bruck-Mürzzuschlag <621>,144
34 Jahre,Deutschlandsberg <603>,81
34 Jahre,Feldbach ^<604>,-
34 Jahre,Fürstenfeld ^<605>,-
34 Jahre,Graz Umgebung <606>,196
34 Jahre,Hartberg ^<607>,-
34 Jahre,Hartberg-Fürstenfeld <622>,92
34 Jahre,Judenburg ^<608>,-
34 Jahre,Knittelfeld ^<609>,-
34 Jahre,Leibnitz <610>,94
34 Jahre,Leoben <611>,103
34 Jahre,Liezen <612>,95
34 Jahre,Murtal <620>,107
34 Jahre,Mürzzuschlag ^<613>,-
34 Jahre,Murau <614>,18
34 Jahre,Radkersburg ^<615>,-
34 Jahre,Südoststeiermark <623>,83
34 Jahre,Voitsberg <616>,68
34 Jahre,Weiz <617>,110
35 Jahre,Eisenstadt (Stadt) <101>,38
35 Jahre,Rust (Stadt) <102>,1
35 Jahre,Eisenstadt Umgebung <103>,46
35 Jahre,Güssing <104>,27
35 Jahre,Jennersdorf <105>,18
35 Jahre,Mattersburg <106>,44
35 Jahre,Neusiedl am See <107>,72
35 Jahre,Oberpullendorf <108>,39
35 Jahre,Oberwart <109>,56
35 Jahre,Klagenfurt (Stadt) <201>,252
35 Jahre,Villach (Stadt) <202>,154
35 Jahre,Feldkirchen <210>,35
35 Jahre,Hermagor <203>,23
35 Jahre,Klagenfurt Land <204>,79
35 Jahre,Sankt Veit an der Glan <205>,61
35 Jahre,Spittal an der Drau <206>,83
35 Jahre,Villach Land <207>,78
35 Jahre,Völkermarkt <208>,41
35 Jahre,Wolfsberg <209>,55
35 Jahre,Krems an der Donau (Stadt) <301>,48
35 Jahre,Sankt Pölten (Stadt) <302>,141
35 Jahre,Waidhofen an der Ybbs (Stadt) <303>,10
35 Jahre,Wiener Neustadt (Stadt) <304>,109
35 Jahre,Amstetten <305>,111
35 Jahre,Baden <306>,196
35 Jahre,Bruck an der Leitha <307>,156
35 Jahre,Gänserndorf <308>,137
35 Jahre,Gmünd <309>,32
35 Jahre,Hollabrunn <310>,55
35 Jahre,Horn <311>,26
35 Jahre,Korneuburg <312>,116
35 Jahre,Krems Land <313>,50
35 Jahre,Lilienfeld <314>,40
35 Jahre,Melk <315>,65
35 Jahre,Mistelbach <316>,81
35 Jahre,Mödling <317>,173
35 Jahre,Neunkirchen <318>,115
35 Jahre,Sankt Pölten Land <319>,134
35 Jahre,Scheibbs <320>,42
35 Jahre,Tulln <321>,132
35 Jahre,Waidhofen an der Thaya <322>,21
35 Jahre,Wiener Neustadt Land <323>,76
35 Jahre,Wien Umgebung ^<324>,-
35 Jahre,Zwettl <325>,34
35 Jahre,Stadt Linz <401>,608
35 Jahre,Stadt Steyr <402>,80
35 Jahre,Stadt Wels <403>,141
35 Jahre,Braunau <404>,165
35 Jahre,Eferding <405>,28
35 Jahre,Freistadt <406>,63
35 Jahre,Gmunden <407>,134
35 Jahre,Grieskirchen <408>,66
35 Jahre,Kirchdorf <409>,66
35 Jahre,Linz Land <410>,214
35 Jahre,Perg <411>,81
35 Jahre,Ried <412>,90
35 Jahre,Rohrbach <413>,58
35 Jahre,Schärding <414>,70
35 Jahre,Steyr Land <415>,60
35 Jahre,Urfahr Umgebung <416>,82
35 Jahre,Vöcklabruck <417>,208
35 Jahre,Wels Land <418>,76
35 Jahre,Salzburg (Stadt) <501>,406
35 Jahre,Hallein <502>,78
35 Jahre,Salzburg Umgebung <503>,239
35 Jahre,St. Johann im Pongau <504>,113
35 Jahre,Tamsweg <505>,26
35 Jahre,Zell am See <506>,134
35 Jahre,Graz (Stadt) <601>,939
35 Jahre,Bruck an der Mur ^<602>,-
35 Jahre,Bruck-Mürzzuschlag <621>,146
35 Jahre,Deutschlandsberg <603>,70
35 Jahre,Feldbach ^<604>,-
35 Jahre,Fürstenfeld ^<605>,-
35 Jahre,Graz Umgebung <606>,205
35 Jahre,Hartberg ^<607>,-
35 Jahre,Hartberg-Fürstenfeld <622>,79
35 Jahre,Judenburg ^<608>,-
35 Jahre,Knittelfeld ^<609>,-
35 Jahre,Leibnitz <610>,117
35 Jahre,Leoben <611>,104
35 Jahre,Liezen <612>,109
35 Jahre,Murtal <620>,88
35 Jahre,Mürzzuschlag ^<613>,-
35 Jahre,Murau <614>,18
35 Jahre,Radkersburg ^<615>,-
35 Jahre,Südoststeiermark <623>,84
35 Jahre,Voitsberg <616>,62
35 Jahre,Weiz <617>,97
36 Jahre,Eisenstadt (Stadt) <101>,37
36 Jahre,Rust (Stadt) <102>,-
36 Jahre,Eisenstadt Umgebung <103>,41
36 Jahre,Güssing <104>,28
36 Jahre,Jennersdorf <105>,13
36 Jahre,Mattersburg <106>,29
36 Jahre,Neusiedl am See <107>,84
36 Jahre,Oberpullendorf <108>,34
36 Jahre,Oberwart <109>,65
36 Jahre,Klagenfurt (Stadt) <201>,197
36 Jahre,Villach (Stadt) <202>,114
36 Jahre,Feldkirchen <210>,39
36 Jahre,Hermagor <203>,10
36 Jahre,Klagenfurt Land <204>,66
36 Jahre,Sankt Veit an der Glan <205>,62
36 Jahre,Spittal an der Drau <206>,78
36 Jahre,Villach Land <207>,78
36 Jahre,Völkermarkt <208>,58
36 Jahre,Wolfsberg <209>,60
36 Jahre,Krems an der Donau (Stadt) <301>,54
36 Jahre,Sankt Pölten (Stadt) <302>,98
36 Jahre,Waidhofen an der Ybbs (Stadt) <303>,14
36 Jahre,Wiener Neustadt (Stadt) <304>,97
36 Jahre,Amstetten <305>,114
36 Jahre,Baden <306>,185
36 Jahre,Bruck an der Leitha <307>,149
36 Jahre,Gänserndorf <308>,114
36 Jahre,Gmünd <309>,22
36 Jahre,Hollabrunn <310>,45
36 Jahre,Horn <311>,26
36 Jahre,Korneuburg <312>,125
36 Jahre,Krems Land <313>,56
36 Jahre,Lilienfeld <314>,35
36 Jahre,Melk <315>,79
36 Jahre,Mistelbach <316>,69
36 Jahre,Mödling <317>,124
36 Jahre,Neunkirchen <318>,103
36 Jahre,Sankt Pölten Land <319>,146
36 Jahre,Scheibbs <320>,33
36 Jahre,Tulln <321>,126
36 Jahre,Waidhofen an der Thaya <322>,20
36 Jahre,Wiener Neustadt Land <323>,87
36 Jahre,Wien Umgebung ^<324>,-
36 Jahre,Zwettl <325>,34
36 Jahre,Stadt Linz <401>,532
36 Jahre,Stadt Steyr <402>,79
36 Jahre,Stadt Wels <403>,141
36 Jahre,Braunau <404>,150
36 Jahre,Eferding <405>,39
36 Jahre,Freistadt <406>,50
36 Jahre,Gmunden <407>,133
36 Jahre,Grieskirchen <408>,77
36 Jahre,Kirchdorf <409>,63
36 Jahre,Linz Land <410>,185
36 Jahre,Perg <411>,81
36 Jahre,Ried <412>,94
36 Jahre,Rohrbach <413>,46
36 Jahre,Schärding <414>,68
36 Jahre,Steyr Land <415>,47
36 Jahre,Urfahr Umgebung <416>,89
36 Jahre,Vöcklabruck <417>,221
36 Jahre,Wels Land <418>,85
36 Jahre,Salzburg (Stadt) <501>,351
36 Jahre,Hallein <502>,82
36 Jahre,Salzburg Umgebung <503>,228
36 Jahre,St. Johann im Pongau <504>,105
36 Jahre,Tamsweg <505>,25
36 Jahre,Zell am See <506>,108
36 Jahre,Graz (Stadt) <601>,804
36 Jahre,Bruck an der Mur ^<602>,-
36 Jahre,Bruck-Mürzzuschlag <621>,140
36 Jahre,Deutschlandsberg <603>,65
36 Jahre,Feldbach ^<604>,-
36 Jahre,Fürstenfeld ^<605>,-
36 Jahre,Graz Umgebung <606>,184
36 Jahre,Hartberg ^<607>,-
36 Jahre,Hartberg-Fürstenfeld <622>,80
36 Jahre,Judenburg ^<608>,-
36 Jahre,Knittelfeld ^<609>,-
36 Jahre,Leibnitz <610>,88
36 Jahre,Leoben <611>,111
36 Jahre,Liezen <612>,90
36 Jahre,Murtal <620>,83
36 Jahre,Mürzzuschlag ^<613>,-
36 Jahre,Murau <614>,25
36 Jahre,Radkersburg ^<615>,-
36 Jahre,Südoststeiermark <623>,82
36 Jahre,Voitsberg <616>,54
36 Jahre,Weiz <617>,86
37 Jahre,Eisenstadt (Stadt) <101>,32
37 Jahre,Rust (Stadt) <102>,-
37 Jahre,Eisenstadt Umgebung <103>,28
37 Jahre,Güssing <104>,24
37 Jahre,Jennersdorf <105>,8
37 Jahre,Mattersburg <106>,41
37 Jahre,Neusiedl am See <107>,71
37 Jahre,Oberpullendorf <108>,28
37 Jahre,Oberwart <109>,63
37 Jahre,Klagenfurt (Stadt) <201>,203
37 Jahre,Villach (Stadt) <202>,108
37 Jahre,Feldkirchen <210>,37
37 Jahre,Hermagor <203>,12
37 Jahre,Klagenfurt Land <204>,60
37 Jahre,Sankt Veit an der Glan <205>,54
37 Jahre,Spittal an der Drau <206>,76
37 Jahre,Villach Land <207>,69
37 Jahre,Völkermarkt <208>,53
37 Jahre,Wolfsberg <209>,58
37 Jahre,Krems an der Donau (Stadt) <301>,54
37 Jahre,Sankt Pölten (Stadt) <302>,95
37 Jahre,Waidhofen an der Ybbs (Stadt) <303>,11
37 Jahre,Wiener Neustadt (Stadt) <304>,106
37 Jahre,Amstetten <305>,105
37 Jahre,Baden <306>,172
37 Jahre,Bruck an der Leitha <307>,137
37 Jahre,Gänserndorf <308>,104
37 Jahre,Gmünd <309>,26
37 Jahre,Hollabrunn <310>,51
37 Jahre,Horn <311>,26
37 Jahre,Korneuburg <312>,90
37 Jahre,Krems Land <313>,43
37 Jahre,Lilienfeld <314>,34
37 Jahre,Melk <315>,71
37 Jahre,Mistelbach <316>,59
37 Jahre,Mödling <317>,144
37 Jahre,Neunkirchen <318>,108
37 Jahre,Sankt Pölten Land <319>,151
37 Jahre,Scheibbs <320>,37
37 Jahre,Tulln <321>,143
37 Jahre,Waidhofen an der Thaya <322>,21
37 Jahre,Wiener Neustadt Land <323>,89
37 Jahre,Wien Umgebung ^<324>,-
37 Jahre,Zwettl <325>,30
37 Jahre,Stadt Linz <401>,468
37 Jahre,Stadt Steyr <402>,70
37 Jahre,Stadt Wels <403>,126
37 Jahre,Braunau <404>,123
37 Jahre,Eferding <405>,26
37 Jahre,Freistadt <406>,48
37 Jahre,Gmunden <407>,126
37 Jahre,Grieskirchen <408>,76
37 Jahre,Kirchdorf <409>,59
37 Jahre,Linz Land <410>,211
37 Jahre,Perg <411>,86
37 Jahre,Ried <412>,88
37 Jahre,Rohrbach <413>,38
37 Jahre,Schärding <414>,49
37 Jahre,Steyr Land <415>,70
37 Jahre,Urfahr Umgebung <416>,82
37 Jahre,Vöcklabruck <417>,190
37 Jahre,Wels Land <418>,78
37 Jahre,Salzburg (Stadt) <501>,314
37 Jahre,Hallein <502>,74
37 Jahre,Salzburg Umgebung <503>,180
37 Jahre,St. Johann im Pongau <504>,105
37 Jahre,Tamsweg <505>,24
37 Jahre,Zell am See <506>,127
37 Jahre,Graz (Stadt) <601>,745
37 Jahre,Bruck an der Mur ^<602>,-
37 Jahre,Bruck-Mürzzuschlag <621>,108
37 Jahre,Deutschlandsberg <603>,43
37 Jahre,Feldbach ^<604>,-
37 Jahre,Fürstenfeld ^<605>,-
37 Jahre,Graz Umgebung <606>,192
37 Jahre,Hartberg ^<607>,-
37 Jahre,Hartberg-Fürstenfeld <622>,73
37 Jahre,Judenburg ^<608>,-
37 Jahre,Knittelfeld ^<609>,-
37 Jahre,Leibnitz <610>,94
37 Jahre,Leoben <611>,104
37 Jahre,Liezen <612>,89
37 Jahre,Murtal <620>,84
37 Jahre,Mürzzuschlag ^<613>,-
37 Jahre,Murau <614>,24
37 Jahre,Radkersburg ^<615>,-
37 Jahre,Südoststeiermark <623>,70
37 Jahre,Voitsberg <616>,44
37 Jahre,Weiz <617>,80
38 Jahre,Eisenstadt (Stadt) <101>,24
38 Jahre,Rust (Stadt) <102>,-
38 Jahre,Eisenstadt Umgebung <103>,32
38 Jahre,Güssing <104>,22
38 Jahre,Jennersdorf <105>,5
38 Jahre,Mattersburg <106>,42
38 Jahre,Neusiedl am See <107>,46
38 Jahre,Oberpullendorf <108>,27
38 Jahre,Oberwart <109>,63
38 Jahre,Klagenfurt (Stadt) <201>,189
38 Jahre,Villach (Stadt) <202>,108
38 Jahre,Feldkirchen <210>,20
38 Jahre,Hermagor <203>,6
38 Jahre,Klagenfurt Land <204>,58
38 Jahre,Sankt Veit an der Glan <205>,70
38 Jahre,Spittal an der Drau <206>,70
38 Jahre,Villach Land <207>,78
38 Jahre,Völkermarkt <208>,46
38 Jahre,Wolfsberg <209>,42
38 Jahre,Krems an der Donau (Stadt) <301>,41
38 Jahre,Sankt Pölten (Stadt) <302>,107
38 Jahre,Waidhofen an der Ybbs (Stadt) <303>,9
38 Jahre,Wiener Neustadt (Stadt) <304>,119
38 Jahre,Amstetten <305>,102
38 Jahre,Baden <306>,179
38 Jahre,Bruck an der Leitha <307>,138
38 Jahre,Gänserndorf <308>,99
38 Jahre,Gmünd <309>,37
38 Jahre,Hollabrunn <310>,48
38 Jahre,Horn <311>,19
38 Jahre,Korneuburg <312>,94
38 Jahre,Krems Land <313>,26
38 Jahre,Lilienfeld <314>,14
38 Jahre,Melk <315>,80
38 Jahre,Mistelbach <316>,68
38 Jahre,Mödling <317>,152
38 Jahre,Neunkirchen <318>,98
38 Jahre,Sankt Pölten Land <319>,145
38 Jahre,Scheibbs <320>,39
38 Jahre,Tulln <321>,111
38 Jahre,Waidhofen an der Thaya <322>,15
38 Jahre,Wiener Neustadt Land <323>,65
38 Jahre,Wien Umgebung ^<324>,-
38 Jahre,Zwettl <325>,23
38 Jahre,Stadt Linz <401>,434
38 Jahre,Stadt Steyr <402>,75
38 Jahre,Stadt Wels <403>,111
38 Jahre,Braunau <404>,127
38 Jahre,Eferding <405>,26
38 Jahre,Freistadt <406>,34
38 Jahre,Gmunden <407>,96
38 Jahre,Grieskirchen <408>,54
38 Jahre,Kirchdorf <409>,34
38 Jahre,Linz Land <410>,189
38 Jahre,Perg <411>,72
38 Jahre,Ried <412>,65
38 Jahre,Rohrbach <413>,40
38 Jahre,Schärding <414>,52
38 Jahre,Steyr Land <415>,63
38 Jahre,Urfahr Umgebung <416>,65
38 Jahre,Vöcklabruck <417>,188
38 Jahre,Wels Land <418>,69
38 Jahre,Salzburg (Stadt) <501>,308
38 Jahre,Hallein <502>,72
38 Jahre,Salzburg Umgebung <503>,175
38 Jahre,St. Johann im Pongau <504>,80
38 Jahre,Tamsweg <505>,17
38 Jahre,Zell am See <506>,112
38 Jahre,Graz (Stadt) <601>,751
38 Jahre,Bruck an der Mur ^<602>,-
38 Jahre,Bruck-Mürzzuschlag <621>,93
38 Jahre,Deutschlandsberg <603>,50
38 Jahre,Feldbach ^<604>,-
38 Jahre,Fürstenfeld ^<605>,-
38 Jahre,Graz Umgebung <606>,160
38 Jahre,Hartberg ^<607>,-
38 Jahre,Hartberg-Fürstenfeld <622>,74
38 Jahre,Judenburg ^<608>,-
38 Jahre,Knittelfeld ^<609>,-
38 Jahre,Leibnitz <610>,76
38 Jahre,Leoben <611>,87
38 Jahre,Liezen <612>,93
38 Jahre,Murtal <620>,72
38 Jahre,Mürzzuschlag ^<613>,-
38 Jahre,Murau <614>,21
38 Jahre,Radkersburg ^<615>,-
38 Jahre,Südoststeiermark <623>,67
38 Jahre,Voitsberg <616>,46
38 Jahre,Weiz <617>,80
39 Jahre,Eisenstadt (Stadt) <101>,40
39 Jahre,Rust (Stadt) <102>,1
39 Jahre,Eisenstadt Umgebung <103>,48
39 Jahre,Güssing <104>,20
39 Jahre,Jennersdorf <105>,19
39 Jahre,Mattersburg <106>,38
39 Jahre,Neusiedl am See <107>,55
39 Jahre,Oberpullendorf <108>,24
39 Jahre,Oberwart <109>,52
39 Jahre,Klagenfurt (Stadt) <201>,161
39 Jahre,Villach (Stadt) <202>,112
39 Jahre,Feldkirchen <210>,35
39 Jahre,Hermagor <203>,13
39 Jahre,Klagenfurt Land <204>,68
39 Jahre,Sankt Veit an der Glan <205>,58
39 Jahre,Spittal an der Drau <206>,69
39 Jahre,Villach Land <207>,60
39 Jahre,Völkermarkt <208>,40
39 Jahre,Wolfsberg <209>,58
39 Jahre,Krems an der Donau (Stadt) <301>,39
39 Jahre,Sankt Pölten (Stadt) <302>,94
39 Jahre,Waidhofen an der Ybbs (Stadt) <303>,15
39 Jahre,Wiener Neustadt (Stadt) <304>,82
39 Jahre,Amstetten <305>,92
39 Jahre,Baden <306>,178
39 Jahre,Bruck an der Leitha <307>,120
39 Jahre,Gänserndorf <308>,76
39 Jahre,Gmünd <309>,18
39 Jahre,Hollabrunn <310>,32
39 Jahre,Horn <311>,25
39 Jahre,Korneuburg <312>,88
39 Jahre,Krems Land <313>,39
39 Jahre,Lilienfeld <314>,27
39 Jahre,Melk <315>,58
39 Jahre,Mistelbach <316>,54
39 Jahre,Mödling <317>,131
39 Jahre,Neunkirchen <318>,106
39 Jahre,Sankt Pölten Land <319>,123
39 Jahre,Scheibbs <320>,46
39 Jahre,Tulln <321>,109
39 Jahre,Waidhofen an der Thaya <322>,24
39 Jahre,Wiener Neustadt Land <323>,73
39 Jahre,Wien Umgebung ^<324>,-
39 Jahre,Zwettl <325>,31
39 Jahre,Stadt Linz <401>,392
39 Jahre,Stadt Steyr <402>,39
39 Jahre,Stadt Wels <403>,104
39 Jahre,Braunau <404>,112
39 Jahre,Eferding <405>,22
39 Jahre,Freistadt <406>,44
39 Jahre,Gmunden <407>,129
39 Jahre,Grieskirchen <408>,56
39 Jahre,Kirchdorf <409>,46
39 Jahre,Linz Land <410>,174
39 Jahre,Perg <411>,64
39 Jahre,Ried <412>,76
39 Jahre,Rohrbach <413>,38
39 Jahre,Schärding <414>,52
39 Jahre,Steyr Land <415>,48
39 Jahre,Urfahr Umgebung <416>,75
39 Jahre,Vöcklabruck <417>,174
39 Jahre,Wels Land <418>,66
39 Jahre,Salzburg (Stadt) <501>,246
39 Jahre,Hallein <502>,60
39 Jahre,Salzburg Umgebung <503>,170
39 Jahre,St. Johann im Pongau <504>,107
39 Jahre,Tamsweg <505>,18
39 Jahre,Zell am See <506>,101
39 Jahre,Graz (Stadt) <601>,608
39 Jahre,Bruck an der Mur ^<602>,-
39 Jahre,Bruck-Mürzzuschlag <621>,86
39 Jahre,Deutschlandsberg <603>,56
39 Jahre,Feldbach ^<604>,-
39 Jahre,Fürstenfeld ^<605>,-
39 Jahre,Graz Umgebung <606>,156
39 Jahre,Hartberg ^<607>,-
39 Jahre,Hartberg-Fürstenfeld <622>,65
39 Jahre,Judenburg ^<608>,-
39 Jahre,Knittelfeld ^<609>,-
39 Jahre,Leibnitz <610>,106
39 Jahre,Leoben <611>,86
39 Jahre,Liezen <612>,57
39 Jahre,Murtal <620>,80
39 Jahre,Mürzzuschlag ^<613>,-
39 Jahre,Murau <614>,18
39 Jahre,Radkersburg ^<615>,-
39 Jahre,Südoststeiermark <623>,49
39 Jahre,Voitsberg <616>,53
39 Jahre,Weiz <617>,85
40 Jahre,Eisenstadt (Stadt) <101>,36
40 Jahre,Rust (Stadt) <102>,-
40 Jahre,Eisenstadt Umgebung <103>,27
40 Jahre,Güssing <104>,18
40 Jahre,Jennersdorf <105>,12
40 Jahre,Mattersburg <106>,27
40 Jahre,Neusiedl am See <107>,65
40 Jahre,Oberpullendorf <108>,29
40 Jahre,Oberwart <109>,51
40 Jahre,Klagenfurt (Stadt) <201>,186
40 Jahre,Villach (Stadt) <202>,105
40 Jahre,Feldkirchen <210>,37
40 Jahre,Hermagor <203>,11
40 Jahre,Klagenfurt Land <204>,56
40 Jahre,Sankt Veit an der Glan <205>,54
40 Jahre,Spittal an der Drau <206>,69
40 Jahre,Villach Land <207>,70
40 Jahre,Völkermarkt <208>,38
40 Jahre,Wolfsberg <209>,54
40 Jahre,Krems an der Donau (Stadt) <301>,50
40 Jahre,Sankt Pölten (Stadt) <302>,86
40 Jahre,Waidhofen an der Ybbs (Stadt) <303>,8
40 Jahre,Wiener Neustadt (Stadt) <304>,91
40 Jahre,Amstetten <305>,102
40 Jahre,Baden <306>,159
40 Jahre,Bruck an der Leitha <307>,110
40 Jahre,Gänserndorf <308>,97
40 Jahre,Gmünd <309>,19
40 Jahre,Hollabrunn <310>,35
40 Jahre,Horn <311>,21
40 Jahre,Korneuburg <312>,97
40 Jahre,Krems Land <313>,36
40 Jahre,Lilienfeld <314>,25
40 Jahre,Melk <315>,59
40 Jahre,Mistelbach <316>,47
40 Jahre,Mödling <317>,137
40 Jahre,Neunkirchen <318>,80
40 Jahre,Sankt Pölten Land <319>,117
40 Jahre,Scheibbs <320>,39
40 Jahre,Tulln <321>,87
40 Jahre,Waidhofen an der Thaya <322>,17
40 Jahre,Wiener Neustadt Land <323>,63
40 Jahre,Wien Umgebung ^<324>,-
40 Jahre,Zwettl <325>,11
40 Jahre,Stadt Linz <401>,410
40 Jahre,Stadt Steyr <402>,63
40 Jahre,Stadt Wels <403>,90
40 Jahre,Braunau <404>,96
40 Jahre,Eferding <405>,21
40 Jahre,Freistadt <406>,37
40 Jahre,Gmunden <407>,113
40 Jahre,Grieskirchen <408>,58
40 Jahre,Kirchdorf <409>,49
40 Jahre,Linz Land <410>,152
40 Jahre,Perg <411>,69
40 Jahre,Ried <412>,55
40 Jahre,Rohrbach <413>,31
40 Jahre,Schärding <414>,40
40 Jahre,Steyr Land <415>,47
40 Jahre,Urfahr Umgebung <416>,63
40 Jahre,Vöcklabruck <417>,153
40 Jahre,Wels Land <418>,58
40 Jahre,Salzburg (Stadt) <501>,254
40 Jahre,Hallein <502>,50
40 Jahre,Salzburg Umgebung <503>,177
40 Jahre,St. Johann im Pongau <504>,78
40 Jahre,Tamsweg <505>,6
40 Jahre,Zell am See <506>,72
40 Jahre,Graz (Stadt) <601>,599
40 Jahre,Bruck an der Mur ^<602>,-
40 Jahre,Bruck-Mürzzuschlag <621>,85
40 Jahre,Deutschlandsberg <603>,36
40 Jahre,Feldbach ^<604>,-
40 Jahre,Fürstenfeld ^<605>,-
40 Jahre,Graz Umgebung <606>,128
40 Jahre,Hartberg ^<607>,-
40 Jahre,Hartberg-Fürstenfeld <622>,61
40 Jahre,Judenburg ^<608>,-
40 Jahre,Knittelfeld ^<609>,-
40 Jahre,Leibnitz <610>,94
40 Jahre,Leoben <611>,66
40 Jahre,Liezen <612>,81
40 Jahre,Murtal <620>,63
40 Jahre,Mürzzuschlag ^<613>,-
40 Jahre,Murau <614>,17
40 Jahre,Radkersburg ^<615>,-
40 Jahre,Südoststeiermark <623>,66
40 Jahre,Voitsberg <616>,41
40 Jahre,Weiz <617>,71
41 Jahre,Eisenstadt (Stadt) <101>,21
41 Jahre,Rust (Stadt) <102>,3
41 Jahre,Eisenstadt Umgebung <103>,27
41 Jahre,Güssing <104>,23
41 Jahre,Jennersdorf <105>,13
41 Jahre,Mattersburg <106>,30
41 Jahre,Neusiedl am See <107>,41
41 Jahre,Oberpullendorf <108>,29
41 Jahre,Oberwart <109>,56
41 Jahre,Klagenfurt (Stadt) <201>,165
41 Jahre,Villach (Stadt) <202>,81
41 Jahre,Feldkirchen <210>,22
41 Jahre,Hermagor <203>,6
41 Jahre,Klagenfurt Land <204>,48
41 Jahre,Sankt Veit an der Glan <205>,45
41 Jahre,Spittal an der Drau <206>,51
41 Jahre,Villach Land <207>,53
41 Jahre,Völkermarkt <208>,38
41 Jahre,Wolfsberg <209>,31
41 Jahre,Krems an der Donau (Stadt) <301>,45
41 Jahre,Sankt Pölten (Stadt) <302>,70
41 Jahre,Waidhofen an der Ybbs (Stadt) <303>,11
41 Jahre,Wiener Neustadt (Stadt) <304>,69
41 Jahre,Amstetten <305>,82
41 Jahre,Baden <306>,159
41 Jahre,Bruck an der Leitha <307>,107
41 Jahre,Gänserndorf <308>,96
41 Jahre,Gmünd <309>,22
41 Jahre,Hollabrunn <310>,33
41 Jahre,Horn <311>,16
41 Jahre,Korneuburg <312>,96
41 Jahre,Krems Land <313>,29
41 Jahre,Lilienfeld <314>,25
41 Jahre,Melk <315>,56
41 Jahre,Mistelbach <316>,57
41 Jahre,Mödling <317>,108
41 Jahre,Neunkirchen <318>,67
41 Jahre,Sankt Pölten Land <319>,122
41 Jahre,Scheibbs <320>,29
41 Jahre,Tulln <321>,93
41 Jahre,Waidhofen an der Thaya <322>,19
41 Jahre,Wiener Neustadt Land <323>,68
41 Jahre,Wien Umgebung ^<324>,-
41 Jahre,Zwettl <325>,23
41 Jahre,Stadt Linz <401>,358
41 Jahre,Stadt Steyr <402>,55
41 Jahre,Stadt Wels <403>,65
41 Jahre,Braunau <404>,89
41 Jahre,Eferding <405>,23
41 Jahre,Freistadt <406>,33
41 Jahre,Gmunden <407>,84
41 Jahre,Grieskirchen <408>,48
41 Jahre,Kirchdorf <409>,41
41 Jahre,Linz Land <410>,158
41 Jahre,Perg <411>,70
41 Jahre,Ried <412>,41
41 Jahre,Rohrbach <413>,15
41 Jahre,Schärding <414>,37
41 Jahre,Steyr Land <415>,51
41 Jahre,Urfahr Umgebung <416>,61
41 Jahre,Vöcklabruck <417>,133
41 Jahre,Wels Land <418>,54
41 Jahre,Salzburg (Stadt) <501>,220
41 Jahre,Hallein <502>,56
41 Jahre,Salzburg Umgebung <503>,152
41 Jahre,St. Johann im Pongau <504>,67
41 Jahre,Tamsweg <505>,16
41 Jahre,Zell am See <506>,72
41 Jahre,Graz (Stadt) <601>,483
41 Jahre,Bruck an der Mur ^<602>,-
41 Jahre,Bruck-Mürzzuschlag <621>,86
41 Jahre,Deutschlandsberg <603>,45
41 Jahre,Feldbach ^<604>,-
41 Jahre,Fürstenfeld ^<605>,-
41 Jahre,Graz Umgebung <606>,153
41 Jahre,Hartberg ^<607>,-
41 Jahre,Hartberg-Fürstenfeld <622>,51
41 Jahre,Judenburg ^<608>,-
41 Jahre,Knittelfeld ^<609>,-
41 Jahre,Leibnitz <610>,64
41 Jahre,Leoben <611>,77
41 Jahre,Liezen <612>,67
41 Jahre,Murtal <620>,62
41 Jahre,Mürzzuschlag ^<613>,-
41 Jahre,Murau <614>,16
41 Jahre,Radkersburg ^<615>,-
41 Jahre,Südoststeiermark <623>,46
41 Jahre,Voitsberg <616>,44
41 Jahre,Weiz <617>,79
42 Jahre,Eisenstadt (Stadt) <101>,19
42 Jahre,Rust (Stadt) <102>,-
42 Jahre,Eisenstadt Umgebung <103>,34
42 Jahre,Güssing <104>,21
42 Jahre,Jennersdorf <105>,12
42 Jahre,Mattersburg <106>,15
42 Jahre,Neusiedl am See <107>,34
42 Jahre,Oberpullendorf <108>,31
42 Jahre,Oberwart <109>,39
42 Jahre,Klagenfurt (Stadt) <201>,148
42 Jahre,Villach (Stadt) <202>,105
42 Jahre,Feldkirchen <210>,26
42 Jahre,Hermagor <203>,7
42 Jahre,Klagenfurt Land <204>,49
42 Jahre,Sankt Veit an der Glan <205>,36
42 Jahre,Spittal an der Drau <206>,51
42 Jahre,Villach Land <207>,45
42 Jahre,Völkermarkt <208>,32
42 Jahre,Wolfsberg <209>,24
42 Jahre,Krems an der Donau (Stadt) <301>,45
42 Jahre,Sankt Pölten (Stadt) <302>,80
42 Jahre,Waidhofen an der Ybbs (Stadt) <303>,8
42 Jahre,Wiener Neustadt (Stadt) <304>,69
42 Jahre,Amstetten <305>,81
42 Jahre,Baden <306>,179
42 Jahre,Bruck an der Leitha <307>,100
42 Jahre,Gänserndorf <308>,79
42 Jahre,Gmünd <309>,21
42 Jahre,Hollabrunn <310>,36
42 Jahre,Horn <311>,19
42 Jahre,Korneuburg <312>,79
42 Jahre,Krems Land <313>,43
42 Jahre,Lilienfeld <314>,18
42 Jahre,Melk <315>,49
42 Jahre,Mistelbach <316>,50
42 Jahre,Mödling <317>,112
42 Jahre,Neunkirchen <318>,76
42 Jahre,Sankt Pölten Land <319>,103
42 Jahre,Scheibbs <320>,27
42 Jahre,Tulln <321>,99
42 Jahre,Waidhofen an der Thaya <322>,16
42 Jahre,Wiener Neustadt Land <323>,62
42 Jahre,Wien Umgebung ^<324>,-
42 Jahre,Zwettl <325>,27
42 Jahre,Stadt Linz <401>,326
42 Jahre,Stadt Steyr <402>,58
42 Jahre,Stadt Wels <403>,88
42 Jahre,Braunau <404>,96
42 Jahre,Eferding <405>,20
42 Jahre,Freistadt <406>,36
42 Jahre,Gmunden <407>,65
42 Jahre,Grieskirchen <408>,48
42 Jahre,Kirchdorf <409>,45
42 Jahre,Linz Land <410>,157
42 Jahre,Perg <411>,49
42 Jahre,Ried <412>,37
42 Jahre,Rohrbach <413>,27
42 Jahre,Schärding <414>,36
42 Jahre,Steyr Land <415>,40
42 Jahre,Urfahr Umgebung <416>,54
42 Jahre,Vöcklabruck <417>,142
42 Jahre,Wels Land <418>,52
42 Jahre,Salzburg (Stadt) <501>,237
42 Jahre,Hallein <502>,50
42 Jahre,Salzburg Umgebung <503>,145
42 Jahre,St. Johann im Pongau <504>,52
42 Jahre,Tamsweg <505>,16
42 Jahre,Zell am See <506>,74
42 Jahre,Graz (Stadt) <601>,508
42 Jahre,Bruck an der Mur ^<602>,-
42 Jahre,Bruck-Mürzzuschlag <621>,95
42 Jahre,Deutschlandsberg <603>,42
42 Jahre,Feldbach ^<604>,-
42 Jahre,Fürstenfeld ^<605>,-
42 Jahre,Graz Umgebung <606>,129
42 Jahre,Hartberg ^<607>,-
42 Jahre,Hartberg-Fürstenfeld <622>,52
42 Jahre,Judenburg ^<608>,-
42 Jahre,Knittelfeld ^<609>,-
42 Jahre,Leibnitz <610>,94
42 Jahre,Leoben <611>,58
42 Jahre,Liezen <612>,78
42 Jahre,Murtal <620>,56
42 Jahre,Mürzzuschlag ^<613>,-
42 Jahre,Murau <614>,17
42 Jahre,Radkersburg ^<615>,-
42 Jahre,Südoststeiermark <623>,52
42 Jahre,Voitsberg <616>,41
42 Jahre,Weiz <617>,71
43 Jahre,Eisenstadt (Stadt) <101>,23
43 Jahre,Rust (Stadt) <102>,-
43 Jahre,Eisenstadt Umgebung <103>,35
43 Jahre,Güssing <104>,16
43 Jahre,Jennersdorf <105>,9
43 Jahre,Mattersburg <106>,26
43 Jahre,Neusiedl am See <107>,39
43 Jahre,Oberpullendorf <108>,27
43 Jahre,Oberwart <109>,48
43 Jahre,Klagenfurt (Stadt) <201>,149
43 Jahre,Villach (Stadt) <202>,82
43 Jahre,Feldkirchen <210>,29
43 Jahre,Hermagor <203>,12
43 Jahre,Klagenfurt Land <204>,55
43 Jahre,Sankt Veit an der Glan <205>,37
43 Jahre,Spittal an der Drau <206>,54
43 Jahre,Villach Land <207>,74
43 Jahre,Völkermarkt <208>,24
43 Jahre,Wolfsberg <209>,37
43 Jahre,Krems an der Donau (Stadt) <301>,36
43 Jahre,Sankt Pölten (Stadt) <302>,92
43 Jahre,Waidhofen an der Ybbs (Stadt) <303>,2
43 Jahre,Wiener Neustadt (Stadt) <304>,85
43 Jahre,Amstetten <305>,82
43 Jahre,Baden <306>,136
43 Jahre,Bruck an der Leitha <307>,109
43 Jahre,Gänserndorf <308>,76
43 Jahre,Gmünd <309>,20
43 Jahre,Hollabrunn <310>,33
43 Jahre,Horn <311>,22
43 Jahre,Korneuburg <312>,84
43 Jahre,Krems Land <313>,27
43 Jahre,Lilienfeld <314>,22
43 Jahre,Melk <315>,50
43 Jahre,Mistelbach <316>,54
43 Jahre,Mödling <317>,113
43 Jahre,Neunkirchen <318>,76
43 Jahre,Sankt Pölten Land <319>,99
43 Jahre,Scheibbs <320>,34
43 Jahre,Tulln <321>,88
43 Jahre,Waidhofen an der Thaya <322>,8
43 Jahre,Wiener Neustadt Land <323>,64
43 Jahre,Wien Umgebung ^<324>,-
43 Jahre,Zwettl <325>,21
43 Jahre,Stadt Linz <401>,275
43 Jahre,Stadt Steyr <402>,46
43 Jahre,Stadt Wels <403>,95
43 Jahre,Braunau <404>,81
43 Jahre,Eferding <405>,28
43 Jahre,Freistadt <406>,32
43 Jahre,Gmunden <407>,61
43 Jahre,Grieskirchen <408>,42
43 Jahre,Kirchdorf <409>,37
43 Jahre,Linz Land <410>,153
43 Jahre,Perg <411>,52
43 Jahre,Ried <412>,58
43 Jahre,Rohrbach <413>,24
43 Jahre,Schärding <414>,36
43 Jahre,Steyr Land <415>,42
43 Jahre,Urfahr Umgebung <416>,45
43 Jahre,Vöcklabruck <417>,140
43 Jahre,Wels Land <418>,64
43 Jahre,Salzburg (Stadt) <501>,207
43 Jahre,Hallein <502>,43
43 Jahre,Salzburg Umgebung <503>,147
43 Jahre,St. Johann im Pongau <504>,51
43 Jahre,Tamsweg <505>,16
43 Jahre,Zell am See <506>,70
43 Jahre,Graz (Stadt) <601>,461
43 Jahre,Bruck an der Mur ^<602>,-
43 Jahre,Bruck-Mürzzuschlag <621>,80
43 Jahre,Deutschlandsberg <603>,43
43 Jahre,Feldbach ^<604>,-
43 Jahre,Fürstenfeld ^<605>,-
43 Jahre,Graz Umgebung <606>,142
43 Jahre,Hartberg ^<607>,-
43 Jahre,Hartberg-Fürstenfeld <622>,64
43 Jahre,Judenburg ^<608>,-
43 Jahre,Knittelfeld ^<609>,-
43 Jahre,Leibnitz <610>,84
43 Jahre,Leoben <611>,62
43 Jahre,Liezen <612>,66
43 Jahre,Murtal <620>,59
43 Jahre,Mürzzuschlag ^<613>,-
43 Jahre,Murau <614>,17
43 Jahre,Radkersburg ^<615>,-
43 Jahre,Südoststeiermark <623>,49
43 Jahre,Voitsberg <616>,33
43 Jahre,Weiz <617>,73
44 Jahre,Eisenstadt (Stadt) <101>,19
44 Jahre,Rust (Stadt) <102>,-
44 Jahre,Eisenstadt Umgebung <103>,32
44 Jahre,Güssing <104>,11
44 Jahre,Jennersdorf <105>,6
44 Jahre,Mattersburg <106>,29
44 Jahre,Neusiedl am See <107>,45
44 Jahre,Oberpullendorf <108>,21
44 Jahre,Oberwart <109>,38
44 Jahre,Klagenfurt (Stadt) <201>,117
44 Jahre,Villach (Stadt) <202>,67
44 Jahre,Feldkirchen <210>,27
44 Jahre,Hermagor <203>,9
44 Jahre,Klagenfurt Land <204>,34
44 Jahre,Sankt Veit an der Glan <205>,37
44 Jahre,Spittal an der Drau <206>,53
44 Jahre,Villach Land <207>,54
44 Jahre,Völkermarkt <208>,28
44 Jahre,Wolfsberg <209>,42
44 Jahre,Krems an der Donau (Stadt) <301>,35
44 Jahre,Sankt Pölten (Stadt) <302>,79
44 Jahre,Waidhofen an der Ybbs (Stadt) <303>,12
44 Jahre,Wiener Neustadt (Stadt) <304>,59
44 Jahre,Amstetten <305>,61
44 Jahre,Baden <306>,141
44 Jahre,Bruck an der Leitha <307>,77
44 Jahre,Gänserndorf <308>,83
44 Jahre,Gmünd <309>,21
44 Jahre,Hollabrunn <310>,31
44 Jahre,Horn <311>,16
44 Jahre,Korneuburg <312>,86
44 Jahre,Krems Land <313>,34
44 Jahre,Lilienfeld <314>,21
44 Jahre,Melk <315>,41
44 Jahre,Mistelbach <316>,43
44 Jahre,Mödling <317>,104
44 Jahre,Neunkirchen <318>,76
44 Jahre,Sankt Pölten Land <319>,85
44 Jahre,Scheibbs <320>,29
44 Jahre,Tulln <321>,72
44 Jahre,Waidhofen an der Thaya <322>,15
44 Jahre,Wiener Neustadt Land <323>,54
44 Jahre,Wien Umgebung ^<324>,-
44 Jahre,Zwettl <325>,15
44 Jahre,Stadt Linz <401>,283
44 Jahre,Stadt Steyr <402>,44
44 Jahre,Stadt Wels <403>,79
44 Jahre,Braunau <404>,71
44 Jahre,Eferding <405>,20
44 Jahre,Freistadt <406>,33
44 Jahre,Gmunden <407>,55
44 Jahre,Grieskirchen <408>,50
44 Jahre,Kirchdorf <409>,35
44 Jahre,Linz Land <410>,131
44 Jahre,Perg <411>,58
44 Jahre,Ried <412>,54
44 Jahre,Rohrbach <413>,23
44 Jahre,Schärding <414>,37
44 Jahre,Steyr Land <415>,37
44 Jahre,Urfahr Umgebung <416>,49
44 Jahre,Vöcklabruck <417>,115
44 Jahre,Wels Land <418>,51
44 Jahre,Salzburg (Stadt) <501>,202
44 Jahre,Hallein <502>,44
44 Jahre,Salzburg Umgebung <503>,124
44 Jahre,St. Johann im Pongau <504>,76
44 Jahre,Tamsweg <505>,14
44 Jahre,Zell am See <506>,64
44 Jahre,Graz (Stadt) <601>,414
44 Jahre,Bruck an der Mur ^<602>,-
44 Jahre,Bruck-Mürzzuschlag <621>,82
44 Jahre,Deutschlandsberg <603>,48
44 Jahre,Feldbach ^<604>,-
44 Jahre,Fürstenfeld ^<605>,-
44 Jahre,Graz Umgebung <606>,148
44 Jahre,Hartberg ^<607>,-
44 Jahre,Hartberg-Fürstenfeld <622>,51
44 Jahre,Judenburg ^<608>,-
44 Jahre,Knittelfeld ^<609>,-
44 Jahre,Leibnitz <610>,68
44 Jahre,Leoben <611>,62
44 Jahre,Liezen <612>,56
44 Jahre,Murtal <620>,69
44 Jahre,Mürzzuschlag ^<613>,-
44 Jahre,Murau <614>,16
44 Jahre,Radkersburg ^<615>,-
44 Jahre,Südoststeiermark <623>,53
44 Jahre,Voitsberg <616>,28
44 Jahre,Weiz <617>,59
45 Jahre,Eisenstadt (Stadt) <101>,24
45 Jahre,Rust (Stadt) <102>,2
45 Jahre,Eisenstadt Umgebung <103>,29
45 Jahre,Güssing <104>,15
45 Jahre,Jennersdorf <105>,11
45 Jahre,Mattersburg <106>,22
45 Jahre,Neusiedl am See <107>,33
45 Jahre,Oberpullendorf <108>,30
45 Jahre,Oberwart <109>,40
45 Jahre,Klagenfurt (Stadt) <201>,117
45 Jahre,Villach (Stadt) <202>,66
45 Jahre,Feldkirchen <210>,16
45 Jahre,Hermagor <203>,6
45 Jahre,Klagenfurt Land <204>,42
45 Jahre,Sankt Veit an der Glan <205>,43
45 Jahre,Spittal an der Drau <206>,31
45 Jahre,Villach Land <207>,47
45 Jahre,Völkermarkt <208>,38
45 Jahre,Wolfsberg <209>,34
45 Jahre,Krems an der Donau (Stadt) <301>,29
45 Jahre,Sankt Pölten (Stadt) <302>,58
45 Jahre,Waidhofen an der Ybbs (Stadt) <303>,3
45 Jahre,Wiener Neustadt (Stadt) <304>,69
45 Jahre,Amstetten <305>,70
45 Jahre,Baden <306>,141
45 Jahre,Bruck an der Leitha <307>,80
45 Jahre,Gänserndorf <308>,80
45 Jahre,Gmünd <309>,19
45 Jahre,Hollabrunn <310>,32
45 Jahre,Horn <311>,15
45 Jahre,Korneuburg <312>,74
45 Jahre,Krems Land <313>,27
45 Jahre,Lilienfeld <314>,22
45 Jahre,Melk <315>,38
45 Jahre,Mistelbach <316>,51
45 Jahre,Mödling <317>,115
45 Jahre,Neunkirchen <318>,56
45 Jahre,Sankt Pölten Land <319>,90
45 Jahre,Scheibbs <320>,23
45 Jahre,Tulln <321>,75
45 Jahre,Waidhofen an der Thaya <322>,5
45 Jahre,Wiener Neustadt Land <323>,53
45 Jahre,Wien Umgebung ^<324>,-
45 Jahre,Zwettl <325>,25
45 Jahre,Stadt Linz <401>,244
45 Jahre,Stadt Steyr <402>,34
45 Jahre,Stadt Wels <403>,67
45 Jahre,Braunau <404>,71
45 Jahre,Eferding <405>,15
45 Jahre,Freistadt <406>,35
45 Jahre,Gmunden <407>,68
45 Jahre,Grieskirchen <408>,41
45 Jahre,Kirchdorf <409>,38
45 Jahre,Linz Land <410>,119
45 Jahre,Perg <411>,38
45 Jahre,Ried <412>,51
45 Jahre,Rohrbach <413>,22
45 Jahre,Schärding <414>,25
45 Jahre,Steyr Land <415>,38
45 Jahre,Urfahr Umgebung <416>,47
45 Jahre,Vöcklabruck <417>,116
45 Jahre,Wels Land <418>,52
45 Jahre,Salzburg (Stadt) <501>,191
45 Jahre,Hallein <502>,37
45 Jahre,Salzburg Umgebung <503>,113
45 Jahre,St. Johann im Pongau <504>,58
45 Jahre,Tamsweg <505>,13
45 Jahre,Zell am See <506>,85
45 Jahre,Graz (Stadt) <601>,388
45 Jahre,Bruck an der Mur ^<602>,-
45 Jahre,Bruck-Mürzzuschlag <621>,63
45 Jahre,Deutschlandsberg <603>,48
45 Jahre,Feldbach ^<604>,-
45 Jahre,Fürstenfeld ^<605>,-
45 Jahre,Graz Umgebung <606>,105
45 Jahre,Hartberg ^<607>,-
45 Jahre,Hartberg-Fürstenfeld <622>,39
45 Jahre,Judenburg ^<608>,-
45 Jahre,Knittelfeld ^<609>,-
45 Jahre,Leibnitz <610>,47
45 Jahre,Leoben <611>,62
45 Jahre,Liezen <612>,55
45 Jahre,Murtal <620>,57
45 Jahre,Mürzzuschlag ^<613>,-
45 Jahre,Murau <614>,20
45 Jahre,Radkersburg ^<615>,-
45 Jahre,Südoststeiermark <623>,50
45 Jahre,Voitsberg <616>,39
45 Jahre,Weiz <617>,38
46 Jahre,Eisenstadt (Stadt) <101>,20
46 Jahre,Rust (Stadt) <102>,-
46 Jahre,Eisenstadt Umgebung <103>,19
46 Jahre,Güssing <104>,16
46 Jahre,Jennersdorf <105>,9
46 Jahre,Mattersburg <106>,15
46 Jahre,Neusiedl am See <107>,38
46 Jahre,Oberpullendorf <108>,21
46 Jahre,Oberwart <109>,35
46 Jahre,Klagenfurt (Stadt) <201>,96
46 Jahre,Villach (Stadt) <202>,62
46 Jahre,Feldkirchen <210>,26
46 Jahre,Hermagor <203>,10
46 Jahre,Klagenfurt Land <204>,43
46 Jahre,Sankt Veit an der Glan <205>,33
46 Jahre,Spittal an der Drau <206>,47
46 Jahre,Villach Land <207>,49
46 Jahre,Völkermarkt <208>,26
46 Jahre,Wolfsberg <209>,30
46 Jahre,Krems an der Donau (Stadt) <301>,31
46 Jahre,Sankt Pölten (Stadt) <302>,57
46 Jahre,Waidhofen an der Ybbs (Stadt) <303>,3
46 Jahre,Wiener Neustadt (Stadt) <304>,57
46 Jahre,Amstetten <305>,60
46 Jahre,Baden <306>,113
46 Jahre,Bruck an der Leitha <307>,77
46 Jahre,Gänserndorf <308>,70
46 Jahre,Gmünd <309>,26
46 Jahre,Hollabrunn <310>,24
46 Jahre,Horn <311>,12
46 Jahre,Korneuburg <312>,72
46 Jahre,Krems Land <313>,32
46 Jahre,Lilienfeld <314>,19
46 Jahre,Melk <315>,42
46 Jahre,Mistelbach <316>,34
46 Jahre,Mödling <317>,98
46 Jahre,Neunkirchen <318>,72
46 Jahre,Sankt Pölten Land <319>,95
46 Jahre,Scheibbs <320>,27
46 Jahre,Tulln <321>,58
46 Jahre,Waidhofen an der Thaya <322>,10
46 Jahre,Wiener Neustadt Land <323>,41
46 Jahre,Wien Umgebung ^<324>,-
46 Jahre,Zwettl <325>,8
46 Jahre,Stadt Linz <401>,218
46 Jahre,Stadt Steyr <402>,34
46 Jahre,Stadt Wels <403>,63
46 Jahre,Braunau <404>,84
46 Jahre,Eferding <405>,19
46 Jahre,Freistadt <406>,29
46 Jahre,Gmunden <407>,70
46 Jahre,Grieskirchen <408>,43
46 Jahre,Kirchdorf <409>,39
46 Jahre,Linz Land <410>,118
46 Jahre,Perg <411>,35
46 Jahre,Ried <412>,36
46 Jahre,Rohrbach <413>,28
46 Jahre,Schärding <414>,21
46 Jahre,Steyr Land <415>,39
46 Jahre,Urfahr Umgebung <416>,51
46 Jahre,Vöcklabruck <417>,98
46 Jahre,Wels Land <418>,41
46 Jahre,Salzburg (Stadt) <501>,164
46 Jahre,Hallein <502>,38
46 Jahre,Salzburg Umgebung <503>,117
46 Jahre,St. Johann im Pongau <504>,60
46 Jahre,Tamsweg <505>,8
46 Jahre,Zell am See <506>,65
46 Jahre,Graz (Stadt) <601>,374
46 Jahre,Bruck an der Mur ^<602>,-
46 Jahre,Bruck-Mürzzuschlag <621>,64
46 Jahre,Deutschlandsberg <603>,41
46 Jahre,Feldbach ^<604>,-
46 Jahre,Fürstenfeld ^<605>,-
46 Jahre,Graz Umgebung <606>,107
46 Jahre,Hartberg ^<607>,-
46 Jahre,Hartberg-Fürstenfeld <622>,46
46 Jahre,Judenburg ^<608>,-
46 Jahre,Knittelfeld ^<609>,-
46 Jahre,Leibnitz <610>,59
46 Jahre,Leoben <611>,49
46 Jahre,Liezen <612>,64
46 Jahre,Murtal <620>,56
46 Jahre,Mürzzuschlag ^<613>,-
46 Jahre,Murau <614>,9
46 Jahre,Radkersburg ^<615>,-
46 Jahre,Südoststeiermark <623>,41
46 Jahre,Voitsberg <616>,54
46 Jahre,Weiz <617>,51
47 Jahre,Eisenstadt (Stadt) <101>,21
47 Jahre,Rust (Stadt) <102>,-
47 Jahre,Eisenstadt Umgebung <103>,20
47 Jahre,Güssing <104>,9
47 Jahre,Jennersdorf <105>,11
47 Jahre,Mattersburg <106>,21
47 Jahre,Neusiedl am See <107>,38
47 Jahre,Oberpullendorf <108>,20
47 Jahre,Oberwart <109>,36
47 Jahre,Klagenfurt (Stadt) <201>,102
47 Jahre,Villach (Stadt) <202>,51
47 Jahre,Feldkirchen <210>,24
47 Jahre,Hermagor <203>,8
47 Jahre,Klagenfurt Land <204>,36
47 Jahre,Sankt Veit an der Glan <205>,33
47 Jahre,Spittal an der Drau <206>,38
47 Jahre,Villach Land <207>,34
47 Jahre,Völkermarkt <208>,27
47 Jahre,Wolfsberg <209>,25
47 Jahre,Krems an der Donau (Stadt) <301>,29
47 Jahre,Sankt Pölten (Stadt) <302>,50
47 Jahre,Waidhofen an der Ybbs (Stadt) <303>,3
47 Jahre,Wiener Neustadt (Stadt) <304>,34
47 Jahre,Amstetten <305>,48
47 Jahre,Baden <306>,118
47 Jahre,Bruck an der Leitha <307>,87
47 Jahre,Gänserndorf <308>,57
47 Jahre,Gmünd <309>,20
47 Jahre,Hollabrunn <310>,19
47 Jahre,Horn <311>,14
47 Jahre,Korneuburg <312>,61
47 Jahre,Krems Land <313>,25
47 Jahre,Lilienfeld <314>,11
47 Jahre,Melk <315>,39
47 Jahre,Mistelbach <316>,32
47 Jahre,Mödling <317>,106
47 Jahre,Neunkirchen <318>,56
47 Jahre,Sankt Pölten Land <319>,76
47 Jahre,Scheibbs <320>,19
47 Jahre,Tulln <321>,51
47 Jahre,Waidhofen an der Thaya <322>,11
47 Jahre,Wiener Neustadt Land <323>,46
47 Jahre,Wien Umgebung ^<324>,-
47 Jahre,Zwettl <325>,14
47 Jahre,Stadt Linz <401>,228
47 Jahre,Stadt Steyr <402>,35
47 Jahre,Stadt Wels <403>,67
47 Jahre,Braunau <404>,77
47 Jahre,Eferding <405>,16
47 Jahre,Freistadt <406>,20
47 Jahre,Gmunden <407>,58
47 Jahre,Grieskirchen <408>,30
47 Jahre,Kirchdorf <409>,37
47 Jahre,Linz Land <410>,125
47 Jahre,Perg <411>,51
47 Jahre,Ried <412>,35
47 Jahre,Rohrbach <413>,12
47 Jahre,Schärding <414>,29
47 Jahre,Steyr Land <415>,23
47 Jahre,Urfahr Umgebung <416>,42
47 Jahre,Vöcklabruck <417>,102
47 Jahre,Wels Land <418>,34
47 Jahre,Salzburg (Stadt) <501>,150
47 Jahre,Hallein <502>,38
47 Jahre,Salzburg Umgebung <503>,102
47 Jahre,St. Johann im Pongau <504>,75
47 Jahre,Tamsweg <505>,11
47 Jahre,Zell am See <506>,63
47 Jahre,Graz (Stadt) <601>,349
47 Jahre,Bruck an der Mur ^<602>,-
47 Jahre,Bruck-Mürzzuschlag <621>,56
47 Jahre,Deutschlandsberg <603>,42
47 Jahre,Feldbach ^<604>,-
47 Jahre,Fürstenfeld ^<605>,-
47 Jahre,Graz Umgebung <606>,83
47 Jahre,Hartberg ^<607>,-
47 Jahre,Hartberg-Fürstenfeld <622>,51
47 Jahre,Judenburg ^<608>,-
47 Jahre,Knittelfeld ^<609>,-
47 Jahre,Leibnitz <610>,51
47 Jahre,Leoben <611>,45
47 Jahre,Liezen <612>,44
47 Jahre,Murtal <620>,48
47 Jahre,Mürzzuschlag ^<613>,-
47 Jahre,Murau <614>,12
47 Jahre,Radkersburg ^<615>,-
47 Jahre,Südoststeiermark <623>,50
47 Jahre,Voitsberg <616>,36
47 Jahre,Weiz <617>,41
48 Jahre,Eisenstadt (Stadt) <101>,19
48 Jahre,Rust (Stadt) <102>,1
48 Jahre,Eisenstadt Umgebung <103>,22
48 Jahre,Güssing <104>,14
48 Jahre,Jennersdorf <105>,11
48 Jahre,Mattersburg <106>,23
48 Jahre,Neusiedl am See <107>,38
48 Jahre,Oberpullendorf <108>,17
48 Jahre,Oberwart <109>,30
48 Jahre,Klagenfurt (Stadt) <201>,94
48 Jahre,Villach (Stadt) <202>,58
48 Jahre,Feldkirchen <210>,14
48 Jahre,Hermagor <203>,5
48 Jahre,Klagenfurt Land <204>,29
48 Jahre,Sankt Veit an der Glan <205>,26
48 Jahre,Spittal an der Drau <206>,37
48 Jahre,Villach Land <207>,39
48 Jahre,Völkermarkt <208>,38
48 Jahre,Wolfsberg <209>,29
48 Jahre,Krems an der Donau (Stadt) <301>,26
48 Jahre,Sankt Pölten (Stadt) <302>,59
48 Jahre,Waidhofen an der Ybbs (Stadt) <303>,6
48 Jahre,Wiener Neustadt (Stadt) <304>,55
48 Jahre,Amstetten <305>,61
48 Jahre,Baden <306>,104
48 Jahre,Bruck an der Leitha <307>,83
48 Jahre,Gänserndorf <308>,55
48 Jahre,Gmünd <309>,17
48 Jahre,Hollabrunn <310>,27
48 Jahre,Horn <311>,13
48 Jahre,Korneuburg <312>,60
48 Jahre,Krems Land <313>,27
48 Jahre,Lilienfeld <314>,20
48 Jahre,Melk <315>,45
48 Jahre,Mistelbach <316>,38
48 Jahre,Mödling <317>,92
48 Jahre,Neunkirchen <318>,61
48 Jahre,Sankt Pölten Land <319>,100
48 Jahre,Scheibbs <320>,26
48 Jahre,Tulln <321>,84
48 Jahre,Waidhofen an der Thaya <322>,15
48 Jahre,Wiener Neustadt Land <323>,33
48 Jahre,Wien Umgebung ^<324>,-
48 Jahre,Zwettl <325>,11
48 Jahre,Stadt Linz <401>,198
48 Jahre,Stadt Steyr <402>,29
48 Jahre,Stadt Wels <403>,63
48 Jahre,Braunau <404>,77
48 Jahre,Eferding <405>,16
48 Jahre,Freistadt <406>,31
48 Jahre,Gmunden <407>,50
48 Jahre,Grieskirchen <408>,28
48 Jahre,Kirchdorf <409>,40
48 Jahre,Linz Land <410>,105
48 Jahre,Perg <411>,44
48 Jahre,Ried <412>,50
48 Jahre,Rohrbach <413>,28
48 Jahre,Schärding <414>,35
48 Jahre,Steyr Land <415>,27
48 Jahre,Urfahr Umgebung <416>,31
48 Jahre,Vöcklabruck <417>,75
48 Jahre,Wels Land <418>,46
48 Jahre,Salzburg (Stadt) <501>,149
48 Jahre,Hallein <502>,29
48 Jahre,Salzburg Umgebung <503>,85
48 Jahre,St. Johann im Pongau <504>,66
48 Jahre,Tamsweg <505>,9
48 Jahre,Zell am See <506>,54
48 Jahre,Graz (Stadt) <601>,339
48 Jahre,Bruck an der Mur ^<602>,-
48 Jahre,Bruck-Mürzzuschlag <621>,59
48 Jahre,Deutschlandsberg <603>,40
48 Jahre,Feldbach ^<604>,-
48 Jahre,Fürstenfeld ^<605>,-
48 Jahre,Graz Umgebung <606>,94
48 Jahre,Hartberg ^<607>,-
48 Jahre,Hartberg-Fürstenfeld <622>,48
48 Jahre,Judenburg ^<608>,-
48 Jahre,Knittelfeld ^<609>,-
48 Jahre,Leibnitz <610>,55
48 Jahre,Leoben <611>,44
48 Jahre,Liezen <612>,60
48 Jahre,Murtal <620>,45
48 Jahre,Mürzzuschlag ^<613>,-
48 Jahre,Murau <614>,15
48 Jahre,Radkersburg ^<615>,-
48 Jahre,Südoststeiermark <623>,37
48 Jahre,Voitsberg <616>,36
48 Jahre,Weiz <617>,49
49 Jahre,Eisenstadt (Stadt) <101>,20
49 Jahre,Rust (Stadt) <102>,1
49 Jahre,Eisenstadt Umgebung <103>,15
49 Jahre,Güssing <104>,11
49 Jahre,Jennersdorf <105>,6
49 Jahre,Mattersburg <106>,20
49 Jahre,Neusiedl am See <107>,30
49 Jahre,Oberpullendorf <108>,9
49 Jahre,Oberwart <109>,37
49 Jahre,Klagenfurt (Stadt) <201>,92
49 Jahre,Villach (Stadt) <202>,66
49 Jahre,Feldkirchen <210>,15
49 Jahre,Hermagor <203>,11
49 Jahre,Klagenfurt Land <204>,30
49 Jahre,Sankt Veit an der Glan <205>,24
49 Jahre,Spittal an der Drau <206>,34
49 Jahre,Villach Land <207>,37
49 Jahre,Völkermarkt <208>,23
49 Jahre,Wolfsberg <209>,30
49 Jahre,Krems an der Donau (Stadt) <301>,26
49 Jahre,Sankt Pölten (Stadt) <302>,62
49 Jahre,Waidhofen an der Ybbs (Stadt) <303>,4
49 Jahre,Wiener Neustadt (Stadt) <304>,54
49 Jahre,Amstetten <305>,64
49 Jahre,Baden <306>,89
49 Jahre,Bruck an der Leitha <307>,64
49 Jahre,Gänserndorf <308>,54
49 Jahre,Gmünd <309>,12
49 Jahre,Hollabrunn <310>,18
49 Jahre,Horn <311>,14
49 Jahre,Korneuburg <312>,56
49 Jahre,Krems Land <313>,22
49 Jahre,Lilienfeld <314>,13
49 Jahre,Melk <315>,30
49 Jahre,Mistelbach <316>,34
49 Jahre,Mödling <317>,72
49 Jahre,Neunkirchen <318>,44
49 Jahre,Sankt Pölten Land <319>,79
49 Jahre,Scheibbs <320>,21
49 Jahre,Tulln <321>,63
49 Jahre,Waidhofen an der Thaya <322>,10
49 Jahre,Wiener Neustadt Land <323>,49
49 Jahre,Wien Umgebung ^<324>,-
49 Jahre,Zwettl <325>,15
49 Jahre,Stadt Linz <401>,218
49 Jahre,Stadt Steyr <402>,35
49 Jahre,Stadt Wels <403>,67
49 Jahre,Braunau <404>,72
49 Jahre,Eferding <405>,19
49 Jahre,Freistadt <406>,21
49 Jahre,Gmunden <407>,50
49 Jahre,Grieskirchen <408>,29
49 Jahre,Kirchdorf <409>,32
49 Jahre,Linz Land <410>,94
49 Jahre,Perg <411>,40
49 Jahre,Ried <412>,35
49 Jahre,Rohrbach <413>,11
49 Jahre,Schärding <414>,18
49 Jahre,Steyr Land <415>,38
49 Jahre,Urfahr Umgebung <416>,37
49 Jahre,Vöcklabruck <417>,72
49 Jahre,Wels Land <418>,40
49 Jahre,Salzburg (Stadt) <501>,129
49 Jahre,Hallein <502>,35
49 Jahre,Salzburg Umgebung <503>,96
49 Jahre,St. Johann im Pongau <504>,61
49 Jahre,Tamsweg <505>,10
49 Jahre,Zell am See <506>,41
49 Jahre,Graz (Stadt) <601>,300
49 Jahre,Bruck an der Mur ^<602>,-
49 Jahre,Bruck-Mürzzuschlag <621>,50
49 Jahre,Deutschlandsberg <603>,27
49 Jahre,Feldbach ^<604>,-
49 Jahre,Fürstenfeld ^<605>,-
49 Jahre,Graz Umgebung <606>,101
49 Jahre,Hartberg ^<607>,-
49 Jahre,Hartberg-Fürstenfeld <622>,34
49 Jahre,Judenburg ^<608>,-
49 Jahre,Knittelfeld ^<609>,-
49 Jahre,Leibnitz <610>,40
49 Jahre,Leoben <611>,40
49 Jahre,Liezen <612>,48
49 Jahre,Murtal <620>,57
49 Jahre,Mürzzuschlag ^<613>,-
49 Jahre,Murau <614>,9
49 Jahre,Radkersburg ^<615>,-
49 Jahre,Südoststeiermark <623>,41
49 Jahre,Voitsberg <616>,41
49 Jahre,Weiz <617>,39
50 Jahre,Eisenstadt (Stadt) <101>,18
50 Jahre,Rust (Stadt) <102>,1
50 Jahre,Eisenstadt Umgebung <103>,20
50 Jahre,Güssing <104>,14
50 Jahre,Jennersdorf <105>,12
50 Jahre,Mattersburg <106>,26
50 Jahre,Neusiedl am See <107>,32
50 Jahre,Oberpullendorf <108>,17
50 Jahre,Oberwart <109>,27
50 Jahre,Klagenfurt (Stadt) <201>,106
50 Jahre,Villach (Stadt) <202>,63
50 Jahre,Feldkirchen <210>,22
50 Jahre,Hermagor <203>,6
50 Jahre,Klagenfurt Land <204>,32
50 Jahre,Sankt Veit an der Glan <205>,30
50 Jahre,Spittal an der Drau <206>,32
50 Jahre,Villach Land <207>,29
50 Jahre,Völkermarkt <208>,22
50 Jahre,Wolfsberg <209>,21
50 Jahre,Krems an der Donau (Stadt) <301>,38
50 Jahre,Sankt Pölten (Stadt) <302>,59
50 Jahre,Waidhofen an der Ybbs (Stadt) <303>,5
50 Jahre,Wiener Neustadt (Stadt) <304>,47
50 Jahre,Amstetten <305>,54
50 Jahre,Baden <306>,102
50 Jahre,Bruck an der Leitha <307>,68
50 Jahre,Gänserndorf <308>,58
50 Jahre,Gmünd <309>,15
50 Jahre,Hollabrunn <310>,21
50 Jahre,Horn <311>,13
50 Jahre,Korneuburg <312>,53
50 Jahre,Krems Land <313>,22
50 Jahre,Lilienfeld <314>,15
50 Jahre,Melk <315>,36
50 Jahre,Mistelbach <316>,42
50 Jahre,Mödling <317>,97
50 Jahre,Neunkirchen <318>,35
50 Jahre,Sankt Pölten Land <319>,79
50 Jahre,Scheibbs <320>,23
50 Jahre,Tulln <321>,56
50 Jahre,Waidhofen an der Thaya <322>,13
50 Jahre,Wiener Neustadt Land <323>,40
50 Jahre,Wien Umgebung ^<324>,-
50 Jahre,Zwettl <325>,12
50 Jahre,Stadt Linz <401>,201
50 Jahre,Stadt Steyr <402>,26
50 Jahre,Stadt Wels <403>,65
50 Jahre,Braunau <404>,55
50 Jahre,Eferding <405>,15
50 Jahre,Freistadt <406>,25
50 Jahre,Gmunden <407>,54
50 Jahre,Grieskirchen <408>,21
50 Jahre,Kirchdorf <409>,25
50 Jahre,Linz Land <410>,112
50 Jahre,Perg <411>,33
50 Jahre,Ried <412>,41
50 Jahre,Rohrbach <413>,13
50 Jahre,Schärding <414>,26
50 Jahre,Steyr Land <415>,32
50 Jahre,Urfahr Umgebung <416>,54
50 Jahre,Vöcklabruck <417>,84
50 Jahre,Wels Land <418>,31
50 Jahre,Salzburg (Stadt) <501>,135
50 Jahre,Hallein <502>,46
50 Jahre,Salzburg Umgebung <503>,86
50 Jahre,St. Johann im Pongau <504>,54
50 Jahre,Tamsweg <505>,17
50 Jahre,Zell am See <506>,47
50 Jahre,Graz (Stadt) <601>,301
50 Jahre,Bruck an der Mur ^<602>,-
50 Jahre,Bruck-Mürzzuschlag <621>,63
50 Jahre,Deutschlandsberg <603>,36
50 Jahre,Feldbach ^<604>,-
50 Jahre,Fürstenfeld ^<605>,-
50 Jahre,Graz Umgebung <606>,92
50 Jahre,Hartberg ^<607>,-
50 Jahre,Hartberg-Fürstenfeld <622>,42
50 Jahre,Judenburg ^<608>,-
50 Jahre,Knittelfeld ^<609>,-
50 Jahre,Leibnitz <610>,62
50 Jahre,Leoben <611>,43
50 Jahre,Liezen <612>,46
50 Jahre,Murtal <620>,58
50 Jahre,Mürzzuschlag ^<613>,-
50 Jahre,Murau <614>,13
50 Jahre,Radkersburg ^<615>,-
50 Jahre,Südoststeiermark <623>,45
50 Jahre,Voitsberg <616>,28
50 Jahre,Weiz <617>,25
51 Jahre,Eisenstadt (Stadt) <101>,10
51 Jahre,Rust (Stadt) <102>,-
51 Jahre,Eisenstadt Umgebung <103>,28
51 Jahre,Güssing <104>,12
51 Jahre,Jennersdorf <105>,6
51 Jahre,Mattersburg <106>,22
51 Jahre,Neusiedl am See <107>,37
51 Jahre,Oberpullendorf <108>,19
51 Jahre,Oberwart <109>,47
51 Jahre,Klagenfurt (Stadt) <201>,74
51 Jahre,Villach (Stadt) <202>,35
51 Jahre,Feldkirchen <210>,24
51 Jahre,Hermagor <203>,10
51 Jahre,Klagenfurt Land <204>,34
51 Jahre,Sankt Veit an der Glan <205>,30
51 Jahre,Spittal an der Drau <206>,32
51 Jahre,Villach Land <207>,37
51 Jahre,Völkermarkt <208>,19
51 Jahre,Wolfsberg <209>,25
51 Jahre,Krems an der Donau (Stadt) <301>,30
51 Jahre,Sankt Pölten (Stadt) <302>,47
51 Jahre,Waidhofen an der Ybbs (Stadt) <303>,6
51 Jahre,Wiener Neustadt (Stadt) <304>,45
51 Jahre,Amstetten <305>,44
51 Jahre,Baden <306>,99
51 Jahre,Bruck an der Leitha <307>,79
51 Jahre,Gänserndorf <308>,48
51 Jahre,Gmünd <309>,21
51 Jahre,Hollabrunn <310>,25
51 Jahre,Horn <311>,13
51 Jahre,Korneuburg <312>,54
51 Jahre,Krems Land <313>,15
51 Jahre,Lilienfeld <314>,14
51 Jahre,Melk <315>,32
51 Jahre,Mistelbach <316>,48
51 Jahre,Mödling <317>,99
51 Jahre,Neunkirchen <318>,57
51 Jahre,Sankt Pölten Land <319>,69
51 Jahre,Scheibbs <320>,24
51 Jahre,Tulln <321>,55
51 Jahre,Waidhofen an der Thaya <322>,13
51 Jahre,Wiener Neustadt Land <323>,42
51 Jahre,Wien Umgebung ^<324>,-
51 Jahre,Zwettl <325>,13
51 Jahre,Stadt Linz <401>,204
51 Jahre,Stadt Steyr <402>,32
51 Jahre,Stadt Wels <403>,59
51 Jahre,Braunau <404>,52
51 Jahre,Eferding <405>,14
51 Jahre,Freistadt <406>,27
51 Jahre,Gmunden <407>,46
51 Jahre,Grieskirchen <408>,27
51 Jahre,Kirchdorf <409>,24
51 Jahre,Linz Land <410>,93
51 Jahre,Perg <411>,28
51 Jahre,Ried <412>,33
51 Jahre,Rohrbach <413>,18
51 Jahre,Schärding <414>,22
51 Jahre,Steyr Land <415>,28
51 Jahre,Urfahr Umgebung <416>,25
51 Jahre,Vöcklabruck <417>,87
51 Jahre,Wels Land <418>,34
51 Jahre,Salzburg (Stadt) <501>,128
51 Jahre,Hallein <502>,25
51 Jahre,Salzburg Umgebung <503>,91
51 Jahre,St. Johann im Pongau <504>,41
51 Jahre,Tamsweg <505>,7
51 Jahre,Zell am See <506>,36
51 Jahre,Graz (Stadt) <601>,264
51 Jahre,Bruck an der Mur ^<602>,-
51 Jahre,Bruck-Mürzzuschlag <621>,57
51 Jahre,Deutschlandsberg <603>,24
51 Jahre,Feldbach ^<604>,-
51 Jahre,Fürstenfeld ^<605>,-
51 Jahre,Graz Umgebung <606>,92
51 Jahre,Hartberg ^<607>,-
51 Jahre,Hartberg-Fürstenfeld <622>,38
51 Jahre,Judenburg ^<608>,-
51 Jahre,Knittelfeld ^<609>,-
51 Jahre,Leibnitz <610>,51
51 Jahre,Leoben <611>,47
51 Jahre,Liezen <612>,39
51 Jahre,Murtal <620>,44
51 Jahre,Mürzzuschlag ^<613>,-
51 Jahre,Murau <614>,11
51 Jahre,Radkersburg ^<615>,-
51 Jahre,Südoststeiermark <623>,32
51 Jahre,Voitsberg <616>,34
51 Jahre,Weiz <617>,31
52 Jahre,Eisenstadt (Stadt) <101>,21
52 Jahre,Rust (Stadt) <102>,1
52 Jahre,Eisenstadt Umgebung <103>,25
52 Jahre,Güssing <104>,5
52 Jahre,Jennersdorf <105>,6
52 Jahre,Mattersburg <106>,16
52 Jahre,Neusiedl am See <107>,36
52 Jahre,Oberpullendorf <108>,14
52 Jahre,Oberwart <109>,33
52 Jahre,Klagenfurt (Stadt) <201>,71
52 Jahre,Villach (Stadt) <202>,50
52 Jahre,Feldkirchen <210>,21
52 Jahre,Hermagor <203>,4
52 Jahre,Klagenfurt Land <204>,23
52 Jahre,Sankt Veit an der Glan <205>,28
52 Jahre,Spittal an der Drau <206>,40
52 Jahre,Villach Land <207>,42
52 Jahre,Völkermarkt <208>,16
52 Jahre,Wolfsberg <209>,21
52 Jahre,Krems an der Donau (Stadt) <301>,20
52 Jahre,Sankt Pölten (Stadt) <302>,35
52 Jahre,Waidhofen an der Ybbs (Stadt) <303>,4
52 Jahre,Wiener Neustadt (Stadt) <304>,40
52 Jahre,Amstetten <305>,52
52 Jahre,Baden <306>,102
52 Jahre,Bruck an der Leitha <307>,66
52 Jahre,Gänserndorf <308>,52
52 Jahre,Gmünd <309>,13
52 Jahre,Hollabrunn <310>,34
52 Jahre,Horn <311>,12
52 Jahre,Korneuburg <312>,64
52 Jahre,Krems Land <313>,18
52 Jahre,Lilienfeld <314>,17
52 Jahre,Melk <315>,38
52 Jahre,Mistelbach <316>,28
52 Jahre,Mödling <317>,76
52 Jahre,Neunkirchen <318>,49
52 Jahre,Sankt Pölten Land <319>,84
52 Jahre,Scheibbs <320>,21
52 Jahre,Tulln <321>,70
52 Jahre,Waidhofen an der Thaya <322>,8
52 Jahre,Wiener Neustadt Land <323>,42
52 Jahre,Wien Umgebung ^<324>,-
52 Jahre,Zwettl <325>,12
52 Jahre,Stadt Linz <401>,192
52 Jahre,Stadt Steyr <402>,25
52 Jahre,Stadt Wels <403>,50
52 Jahre,Braunau <404>,48
52 Jahre,Eferding <405>,15
52 Jahre,Freistadt <406>,20
52 Jahre,Gmunden <407>,47
52 Jahre,Grieskirchen <408>,26
52 Jahre,Kirchdorf <409>,24
52 Jahre,Linz Land <410>,78
52 Jahre,Perg <411>,31
52 Jahre,Ried <412>,29
52 Jahre,Rohrbach <413>,17
52 Jahre,Schärding <414>,21
52 Jahre,Steyr Land <415>,34
52 Jahre,Urfahr Umgebung <416>,30
52 Jahre,Vöcklabruck <417>,87
52 Jahre,Wels Land <418>,36
52 Jahre,Salzburg (Stadt) <501>,133
52 Jahre,Hallein <502>,33
52 Jahre,Salzburg Umgebung <503>,77
52 Jahre,St. Johann im Pongau <504>,56
52 Jahre,Tamsweg <505>,8
52 Jahre,Zell am See <506>,55
52 Jahre,Graz (Stadt) <601>,261
52 Jahre,Bruck an der Mur ^<602>,-
52 Jahre,Bruck-Mürzzuschlag <621>,62
52 Jahre,Deutschlandsberg <603>,38
52 Jahre,Feldbach ^<604>,-
52 Jahre,Fürstenfeld ^<605>,-
52 Jahre,Graz Umgebung <606>,90
52 Jahre,Hartberg ^<607>,-
52 Jahre,Hartberg-Fürstenfeld <622>,36
52 Jahre,Judenburg ^<608>,-
52 Jahre,Knittelfeld ^<609>,-
52 Jahre,Leibnitz <610>,51
52 Jahre,Leoben <611>,44
52 Jahre,Liezen <612>,47
52 Jahre,Murtal <620>,41
52 Jahre,Mürzzuschlag ^<613>,-
52 Jahre,Murau <614>,13
52 Jahre,Radkersburg ^<615>,-
52 Jahre,Südoststeiermark <623>,27
52 Jahre,Voitsberg <616>,26
52 Jahre,Weiz <617>,30
53 Jahre,Eisenstadt (Stadt) <101>,21
53 Jahre,Rust (Stadt) <102>,1
53 Jahre,Eisenstadt Umgebung <103>,25
53 Jahre,Güssing <104>,11
53 Jahre,Jennersdorf <105>,14
53 Jahre,Mattersburg <106>,23
53 Jahre,Neusiedl am See <107>,20
53 Jahre,Oberpullendorf <108>,17
53 Jahre,Oberwart <109>,28
53 Jahre,Klagenfurt (Stadt) <201>,69
53 Jahre,Villach (Stadt) <202>,58
53 Jahre,Feldkirchen <210>,17
53 Jahre,Hermagor <203>,4
53 Jahre,Klagenfurt Land <204>,22
53 Jahre,Sankt Veit an der Glan <205>,24
53 Jahre,Spittal an der Drau <206>,42
53 Jahre,Villach Land <207>,36
53 Jahre,Völkermarkt <208>,34
53 Jahre,Wolfsberg <209>,25
53 Jahre,Krems an der Donau (Stadt) <301>,25
53 Jahre,Sankt Pölten (Stadt) <302>,48
53 Jahre,Waidhofen an der Ybbs (Stadt) <303>,4
53 Jahre,Wiener Neustadt (Stadt) <304>,55
53 Jahre,Amstetten <305>,44
53 Jahre,Baden <306>,75
53 Jahre,Bruck an der Leitha <307>,72
53 Jahre,Gänserndorf <308>,52
53 Jahre,Gmünd <309>,23
53 Jahre,Hollabrunn <310>,20
53 Jahre,Horn <311>,20
53 Jahre,Korneuburg <312>,68
53 Jahre,Krems Land <313>,20
53 Jahre,Lilienfeld <314>,19
53 Jahre,Melk <315>,42
53 Jahre,Mistelbach <316>,39
53 Jahre,Mödling <317>,97
53 Jahre,Neunkirchen <318>,42
53 Jahre,Sankt Pölten Land <319>,73
53 Jahre,Scheibbs <320>,12
53 Jahre,Tulln <321>,67
53 Jahre,Waidhofen an der Thaya <322>,15
53 Jahre,Wiener Neustadt Land <323>,31
53 Jahre,Wien Umgebung ^<324>,-
53 Jahre,Zwettl <325>,23
53 Jahre,Stadt Linz <401>,190
53 Jahre,Stadt Steyr <402>,29
53 Jahre,Stadt Wels <403>,52
53 Jahre,Braunau <404>,50
53 Jahre,Eferding <405>,12
53 Jahre,Freistadt <406>,16
53 Jahre,Gmunden <407>,52
53 Jahre,Grieskirchen <408>,31
53 Jahre,Kirchdorf <409>,31
53 Jahre,Linz Land <410>,86
53 Jahre,Perg <411>,19
53 Jahre,Ried <412>,43
53 Jahre,Rohrbach <413>,20
53 Jahre,Schärding <414>,34
53 Jahre,Steyr Land <415>,30
53 Jahre,Urfahr Umgebung <416>,34
53 Jahre,Vöcklabruck <417>,85
53 Jahre,Wels Land <418>,28
53 Jahre,Salzburg (Stadt) <501>,126
53 Jahre,Hallein <502>,33
53 Jahre,Salzburg Umgebung <503>,91
53 Jahre,St. Johann im Pongau <504>,60
53 Jahre,Tamsweg <505>,12
53 Jahre,Zell am See <506>,48
53 Jahre,Graz (Stadt) <601>,279
53 Jahre,Bruck an der Mur ^<602>,-
53 Jahre,Bruck-Mürzzuschlag <621>,61
53 Jahre,Deutschlandsberg <603>,29
53 Jahre,Feldbach ^<604>,-
53 Jahre,Fürstenfeld ^<605>,-
53 Jahre,Graz Umgebung <606>,69
53 Jahre,Hartberg ^<607>,-
53 Jahre,Hartberg-Fürstenfeld <622>,25
53 Jahre,Judenburg ^<608>,-
53 Jahre,Knittelfeld ^<609>,-
53 Jahre,Leibnitz <610>,50
53 Jahre,Leoben <611>,36
53 Jahre,Liezen <612>,46
53 Jahre,Murtal <620>,40
53 Jahre,Mürzzuschlag ^<613>,-
53 Jahre,Murau <614>,11
53 Jahre,Radkersburg ^<615>,-
53 Jahre,Südoststeiermark <623>,41
53 Jahre,Voitsberg <616>,32
53 Jahre,Weiz <617>,27
54 Jahre,Eisenstadt (Stadt) <101>,17
54 Jahre,Rust (Stadt) <102>,1
54 Jahre,Eisenstadt Umgebung <103>,18
54 Jahre,Güssing <104>,14
54 Jahre,Jennersdorf <105>,7
54 Jahre,Mattersburg <106>,17
54 Jahre,Neusiedl am See <107>,27
54 Jahre,Oberpullendorf <108>,9
54 Jahre,Oberwart <109>,46
54 Jahre,Klagenfurt (Stadt) <201>,81
54 Jahre,Villach (Stadt) <202>,46
54 Jahre,Feldkirchen <210>,14
54 Jahre,Hermagor <203>,6
54 Jahre,Klagenfurt Land <204>,35
54 Jahre,Sankt Veit an der Glan <205>,19
54 Jahre,Spittal an der Drau <206>,32
54 Jahre,Villach Land <207>,33
54 Jahre,Völkermarkt <208>,22
54 Jahre,Wolfsberg <209>,24
54 Jahre,Krems an der Donau (Stadt) <301>,14
54 Jahre,Sankt Pölten (Stadt) <302>,52
54 Jahre,Waidhofen an der Ybbs (Stadt) <303>,6
54 Jahre,Wiener Neustadt (Stadt) <304>,46
54 Jahre,Amstetten <305>,43
54 Jahre,Baden <306>,74
54 Jahre,Bruck an der Leitha <307>,52
54 Jahre,Gänserndorf <308>,56
54 Jahre,Gmünd <309>,22
54 Jahre,Hollabrunn <310>,23
54 Jahre,Horn <311>,14
54 Jahre,Korneuburg <312>,56
54 Jahre,Krems Land <313>,25
54 Jahre,Lilienfeld <314>,21
54 Jahre,Melk <315>,53
54 Jahre,Mistelbach <316>,39
54 Jahre,Mödling <317>,88
54 Jahre,Neunkirchen <318>,64
54 Jahre,Sankt Pölten Land <319>,72
54 Jahre,Scheibbs <320>,11
54 Jahre,Tulln <321>,63
54 Jahre,Waidhofen an der Thaya <322>,5
54 Jahre,Wiener Neustadt Land <323>,31
54 Jahre,Wien Umgebung ^<324>,-
54 Jahre,Zwettl <325>,14
54 Jahre,Stadt Linz <401>,162
54 Jahre,Stadt Steyr <402>,37
54 Jahre,Stadt Wels <403>,54
54 Jahre,Braunau <404>,44
54 Jahre,Eferding <405>,9
54 Jahre,Freistadt <406>,20
54 Jahre,Gmunden <407>,38
54 Jahre,Grieskirchen <408>,21
54 Jahre,Kirchdorf <409>,22
54 Jahre,Linz Land <410>,90
54 Jahre,Perg <411>,16
54 Jahre,Ried <412>,34
54 Jahre,Rohrbach <413>,13
54 Jahre,Schärding <414>,22
54 Jahre,Steyr Land <415>,26
54 Jahre,Urfahr Umgebung <416>,22
54 Jahre,Vöcklabruck <417>,76
54 Jahre,Wels Land <418>,33
54 Jahre,Salzburg (Stadt) <501>,109
54 Jahre,Hallein <502>,27
54 Jahre,Salzburg Umgebung <503>,94
54 Jahre,St. Johann im Pongau <504>,43
54 Jahre,Tamsweg <505>,12
54 Jahre,Zell am See <506>,47
54 Jahre,Graz (Stadt) <601>,243
54 Jahre,Bruck an der Mur ^<602>,-
54 Jahre,Bruck-Mürzzuschlag <621>,57
54 Jahre,Deutschlandsberg <603>,38
54 Jahre,Feldbach ^<604>,-
54 Jahre,Fürstenfeld ^<605>,-
54 Jahre,Graz Umgebung <606>,100
54 Jahre,Hartberg ^<607>,-
54 Jahre,Hartberg-Fürstenfeld <622>,32
54 Jahre,Judenburg ^<608>,-
54 Jahre,Knittelfeld ^<609>,-
54 Jahre,Leibnitz <610>,55
54 Jahre,Leoben <611>,37
54 Jahre,Liezen <612>,33
54 Jahre,Murtal <620>,37
54 Jahre,Mürzzuschlag ^<613>,-
54 Jahre,Murau <614>,15
54 Jahre,Radkersburg ^<615>,-
54 Jahre,Südoststeiermark <623>,38
54 Jahre,Voitsberg <616>,38
54 Jahre,Weiz <617>,34
55 Jahre,Eisenstadt (Stadt) <101>,15
55 Jahre,Rust (Stadt) <102>,-
55 Jahre,Eisenstadt Umgebung <103>,18
55 Jahre,Güssing <104>,14
55 Jahre,Jennersdorf <105>,7
55 Jahre,Mattersburg <106>,18
55 Jahre,Neusiedl am See <107>,35
55 Jahre,Oberpullendorf <108>,19
55 Jahre,Oberwart <109>,29
55 Jahre,Klagenfurt (Stadt) <201>,81
55 Jahre,Villach (Stadt) <202>,55
55 Jahre,Feldkirchen <210>,21
55 Jahre,Hermagor <203>,4
55 Jahre,Klagenfurt Land <204>,28
55 Jahre,Sankt Veit an der Glan <205>,27
55 Jahre,Spittal an der Drau <206>,36
55 Jahre,Villach Land <207>,31
55 Jahre,Völkermarkt <208>,13
55 Jahre,Wolfsberg <209>,29
55 Jahre,Krems an der Donau (Stadt) <301>,26
55 Jahre,Sankt Pölten (Stadt) <302>,54
55 Jahre,Waidhofen an der Ybbs (Stadt) <303>,5
55 Jahre,Wiener Neustadt (Stadt) <304>,41
55 Jahre,Amstetten <305>,45
55 Jahre,Baden <306>,101
55 Jahre,Bruck an der Leitha <307>,64
55 Jahre,Gänserndorf <308>,47
55 Jahre,Gmünd <309>,5
55 Jahre,Hollabrunn <310>,19
55 Jahre,Horn <311>,16
55 Jahre,Korneuburg <312>,47
55 Jahre,Krems Land <313>,22
55 Jahre,Lilienfeld <314>,16
55 Jahre,Melk <315>,39
55 Jahre,Mistelbach <316>,34
55 Jahre,Mödling <317>,88
55 Jahre,Neunkirchen <318>,62
55 Jahre,Sankt Pölten Land <319>,65
55 Jahre,Scheibbs <320>,18
55 Jahre,Tulln <321>,58
55 Jahre,Waidhofen an der Thaya <322>,12
55 Jahre,Wiener Neustadt Land <323>,34
55 Jahre,Wien Umgebung ^<324>,-
55 Jahre,Zwettl <325>,10
55 Jahre,Stadt Linz <401>,173
55 Jahre,Stadt Steyr <402>,29
55 Jahre,Stadt Wels <403>,46
55 Jahre,Braunau <404>,58
55 Jahre,Eferding <405>,21
55 Jahre,Freistadt <406>,19
55 Jahre,Gmunden <407>,64
55 Jahre,Grieskirchen <408>,27
55 Jahre,Kirchdorf <409>,23
55 Jahre,Linz Land <410>,71
55 Jahre,Perg <411>,28
55 Jahre,Ried <412>,33
55 Jahre,Rohrbach <413>,17
55 Jahre,Schärding <414>,17
55 Jahre,Steyr Land <415>,28
55 Jahre,Urfahr Umgebung <416>,26
55 Jahre,Vöcklabruck <417>,84
55 Jahre,Wels Land <418>,32
55 Jahre,Salzburg (Stadt) <501>,128
55 Jahre,Hallein <502>,31
55 Jahre,Salzburg Umgebung <503>,88
55 Jahre,St. Johann im Pongau <504>,53
55 Jahre,Tamsweg <505>,12
55 Jahre,Zell am See <506>,62
55 Jahre,Graz (Stadt) <601>,249
55 Jahre,Bruck an der Mur ^<602>,-
55 Jahre,Bruck-Mürzzuschlag <621>,52
55 Jahre,Deutschlandsberg <603>,28
55 Jahre,Feldbach ^<604>,-
55 Jahre,Fürstenfeld ^<605>,-
55 Jahre,Graz Umgebung <606>,78
55 Jahre,Hartberg ^<607>,-
55 Jahre,Hartberg-Fürstenfeld <622>,35
55 Jahre,Judenburg ^<608>,-
55 Jahre,Knittelfeld ^<609>,-
55 Jahre,Leibnitz <610>,57
55 Jahre,Leoben <611>,38
55 Jahre,Liezen <612>,38
55 Jahre,Murtal <620>,44
55 Jahre,Mürzzuschlag ^<613>,-
55 Jahre,Murau <614>,13
55 Jahre,Radkersburg ^<615>,-
55 Jahre,Südoststeiermark <623>,35
55 Jahre,Voitsberg <616>,25
55 Jahre,Weiz <617>,26
56 Jahre,Eisenstadt (Stadt) <101>,19
56 Jahre,Rust (Stadt) <102>,-
56 Jahre,Eisenstadt Umgebung <103>,27
56 Jahre,Güssing <104>,14
56 Jahre,Jennersdorf <105>,4
56 Jahre,Mattersburg <106>,16
56 Jahre,Neusiedl am See <107>,37
56 Jahre,Oberpullendorf <108>,28
56 Jahre,Oberwart <109>,30
56 Jahre,Klagenfurt (Stadt) <201>,97
56 Jahre,Villach (Stadt) <202>,61
56 Jahre,Feldkirchen <210>,16
56 Jahre,Hermagor <203>,8
56 Jahre,Klagenfurt Land <204>,25
56 Jahre,Sankt Veit an der Glan <205>,26
56 Jahre,Spittal an der Drau <206>,30
56 Jahre,Villach Land <207>,33
56 Jahre,Völkermarkt <208>,25
56 Jahre,Wolfsberg <209>,23
56 Jahre,Krems an der Donau (Stadt) <301>,25
56 Jahre,Sankt Pölten (Stadt) <302>,43
56 Jahre,Waidhofen an der Ybbs (Stadt) <303>,7
56 Jahre,Wiener Neustadt (Stadt) <304>,43
56 Jahre,Amstetten <305>,36
56 Jahre,Baden <306>,75
56 Jahre,Bruck an der Leitha <307>,66
56 Jahre,Gänserndorf <308>,58
56 Jahre,Gmünd <309>,12
56 Jahre,Hollabrunn <310>,25
56 Jahre,Horn <311>,14
56 Jahre,Korneuburg <312>,64
56 Jahre,Krems Land <313>,13
56 Jahre,Lilienfeld <314>,12
56 Jahre,Melk <315>,36
56 Jahre,Mistelbach <316>,37
56 Jahre,Mödling <317>,86
56 Jahre,Neunkirchen <318>,43
56 Jahre,Sankt Pölten Land <319>,74
56 Jahre,Scheibbs <320>,10
56 Jahre,Tulln <321>,62
56 Jahre,Waidhofen an der Thaya <322>,9
56 Jahre,Wiener Neustadt Land <323>,45
56 Jahre,Wien Umgebung ^<324>,-
56 Jahre,Zwettl <325>,13
56 Jahre,Stadt Linz <401>,159
56 Jahre,Stadt Steyr <402>,30
56 Jahre,Stadt Wels <403>,42
56 Jahre,Braunau <404>,54
56 Jahre,Eferding <405>,13
56 Jahre,Freistadt <406>,24
56 Jahre,Gmunden <407>,51
56 Jahre,Grieskirchen <408>,36
56 Jahre,Kirchdorf <409>,16
56 Jahre,Linz Land <410>,79
56 Jahre,Perg <411>,25
56 Jahre,Ried <412>,25
56 Jahre,Rohrbach <413>,17
56 Jahre,Schärding <414>,15
56 Jahre,Steyr Land <415>,30
56 Jahre,Urfahr Umgebung <416>,29
56 Jahre,Vöcklabruck <417>,74
56 Jahre,Wels Land <418>,25
56 Jahre,Salzburg (Stadt) <501>,108
56 Jahre,Hallein <502>,31
56 Jahre,Salzburg Umgebung <503>,95
56 Jahre,St. Johann im Pongau <504>,51
56 Jahre,Tamsweg <505>,11
56 Jahre,Zell am See <506>,44
56 Jahre,Graz (Stadt) <601>,228
56 Jahre,Bruck an der Mur ^<602>,-
56 Jahre,Bruck-Mürzzuschlag <621>,60
56 Jahre,Deutschlandsberg <603>,37
56 Jahre,Feldbach ^<604>,-
56 Jahre,Fürstenfeld ^<605>,-
56 Jahre,Graz Umgebung <606>,95
56 Jahre,Hartberg ^<607>,-
56 Jahre,Hartberg-Fürstenfeld <622>,34
56 Jahre,Judenburg ^<608>,-
56 Jahre,Knittelfeld ^<609>,-
56 Jahre,Leibnitz <610>,46
56 Jahre,Leoben <611>,42
56 Jahre,Liezen <612>,47
56 Jahre,Murtal <620>,39
56 Jahre,Mürzzuschlag ^<613>,-
56 Jahre,Murau <614>,10
56 Jahre,Radkersburg ^<615>,-
56 Jahre,Südoststeiermark <623>,43
56 Jahre,Voitsberg <616>,35
56 Jahre,Weiz <617>,32
57 Jahre,Eisenstadt (Stadt) <101>,8
57 Jahre,Rust (Stadt) <102>,-
57 Jahre,Eisenstadt Umgebung <103>,22
57 Jahre,Güssing <104>,11
57 Jahre,Jennersdorf <105>,8
57 Jahre,Mattersburg <106>,18
57 Jahre,Neusiedl am See <107>,20
57 Jahre,Oberpullendorf <108>,19
57 Jahre,Oberwart <109>,29
57 Jahre,Klagenfurt (Stadt) <201>,63
57 Jahre,Villach (Stadt) <202>,46
57 Jahre,Feldkirchen <210>,21
57 Jahre,Hermagor <203>,4
57 Jahre,Klagenfurt Land <204>,31
57 Jahre,Sankt Veit an der Glan <205>,26
57 Jahre,Spittal an der Drau <206>,39
57 Jahre,Villach Land <207>,30
57 Jahre,Völkermarkt <208>,23
57 Jahre,Wolfsberg <209>,27
57 Jahre,Krems an der Donau (Stadt) <301>,17
57 Jahre,Sankt Pölten (Stadt) <302>,35
57 Jahre,Waidhofen an der Ybbs (Stadt) <303>,3
57 Jahre,Wiener Neustadt (Stadt) <304>,42
57 Jahre,Amstetten <305>,31
57 Jahre,Baden <306>,82
57 Jahre,Bruck an der Leitha <307>,55
57 Jahre,Gänserndorf <308>,56
57 Jahre,Gmünd <309>,8
57 Jahre,Hollabrunn <310>,27
57 Jahre,Horn <311>,6
57 Jahre,Korneuburg <312>,75
57 Jahre,Krems Land <313>,21
57 Jahre,Lilienfeld <314>,12
57 Jahre,Melk <315>,32
57 Jahre,Mistelbach <316>,33
57 Jahre,Mödling <317>,78
57 Jahre,Neunkirchen <318>,40
57 Jahre,Sankt Pölten Land <319>,64
57 Jahre,Scheibbs <320>,19
57 Jahre,Tulln <321>,71
57 Jahre,Waidhofen an der Thaya <322>,4
57 Jahre,Wiener Neustadt Land <323>,42
57 Jahre,Wien Umgebung ^<324>,-
57 Jahre,Zwettl <325>,13
57 Jahre,Stadt Linz <401>,171
57 Jahre,Stadt Steyr <402>,25
57 Jahre,Stadt Wels <403>,47
57 Jahre,Braunau <404>,47
57 Jahre,Eferding <405>,8
57 Jahre,Freistadt <406>,21
57 Jahre,Gmunden <407>,60
57 Jahre,Grieskirchen <408>,30
57 Jahre,Kirchdorf <409>,19
57 Jahre,Linz Land <410>,85
57 Jahre,Perg <411>,33
57 Jahre,Ried <412>,38
57 Jahre,Rohrbach <413>,13
57 Jahre,Schärding <414>,13
57 Jahre,Steyr Land <415>,32
57 Jahre,Urfahr Umgebung <416>,31
57 Jahre,Vöcklabruck <417>,74
57 Jahre,Wels Land <418>,25
57 Jahre,Salzburg (Stadt) <501>,102
57 Jahre,Hallein <502>,28
57 Jahre,Salzburg Umgebung <503>,91
57 Jahre,St. Johann im Pongau <504>,38
57 Jahre,Tamsweg <505>,10
57 Jahre,Zell am See <506>,43
57 Jahre,Graz (Stadt) <601>,216
57 Jahre,Bruck an der Mur ^<602>,-
57 Jahre,Bruck-Mürzzuschlag <621>,59
57 Jahre,Deutschlandsberg <603>,51
57 Jahre,Feldbach ^<604>,-
57 Jahre,Fürstenfeld ^<605>,-
57 Jahre,Graz Umgebung <606>,70
57 Jahre,Hartberg ^<607>,-
57 Jahre,Hartberg-Fürstenfeld <622>,18
57 Jahre,Judenburg ^<608>,-
57 Jahre,Knittelfeld ^<609>,-
57 Jahre,Leibnitz <610>,41
57 Jahre,Leoben <611>,42
57 Jahre,Liezen <612>,39
57 Jahre,Murtal <620>,42
57 Jahre,Mürzzuschlag ^<613>,-
57 Jahre,Murau <614>,8
57 Jahre,Radkersburg ^<615>,-
57 Jahre,Südoststeiermark <623>,41
57 Jahre,Voitsberg <616>,23
57 Jahre,Weiz <617>,40
58 Jahre,Eisenstadt (Stadt) <101>,7
58 Jahre,Rust (Stadt) <102>,-
58 Jahre,Eisenstadt Umgebung <103>,17
58 Jahre,Güssing <104>,10
58 Jahre,Jennersdorf <105>,3
58 Jahre,Mattersburg <106>,13
58 Jahre,Neusiedl am See <107>,20
58 Jahre,Oberpullendorf <108>,15
58 Jahre,Oberwart <109>,21
58 Jahre,Klagenfurt (Stadt) <201>,66
58 Jahre,Villach (Stadt) <202>,42
58 Jahre,Feldkirchen <210>,24
58 Jahre,Hermagor <203>,5
58 Jahre,Klagenfurt Land <204>,29
58 Jahre,Sankt Veit an der Glan <205>,28
58 Jahre,Spittal an der Drau <206>,38
58 Jahre,Villach Land <207>,37
58 Jahre,Völkermarkt <208>,26
58 Jahre,Wolfsberg <209>,20
58 Jahre,Krems an der Donau (Stadt) <301>,14
58 Jahre,Sankt Pölten (Stadt) <302>,44
58 Jahre,Waidhofen an der Ybbs (Stadt) <303>,5
58 Jahre,Wiener Neustadt (Stadt) <304>,39
58 Jahre,Amstetten <305>,42
58 Jahre,Baden <306>,99
58 Jahre,Bruck an der Leitha <307>,54
58 Jahre,Gänserndorf <308>,58
58 Jahre,Gmünd <309>,17
58 Jahre,Hollabrunn <310>,20
58 Jahre,Horn <311>,13
58 Jahre,Korneuburg <312>,40
58 Jahre,Krems Land <313>,22
58 Jahre,Lilienfeld <314>,7
58 Jahre,Melk <315>,34
58 Jahre,Mistelbach <316>,30
58 Jahre,Mödling <317>,73
58 Jahre,Neunkirchen <318>,40
58 Jahre,Sankt Pölten Land <319>,48
58 Jahre,Scheibbs <320>,17
58 Jahre,Tulln <321>,46
58 Jahre,Waidhofen an der Thaya <322>,6
58 Jahre,Wiener Neustadt Land <323>,42
58 Jahre,Wien Umgebung ^<324>,-
58 Jahre,Zwettl <325>,9
58 Jahre,Stadt Linz <401>,131
58 Jahre,Stadt Steyr <402>,20
58 Jahre,Stadt Wels <403>,38
58 Jahre,Braunau <404>,35
58 Jahre,Eferding <405>,11
58 Jahre,Freistadt <406>,23
58 Jahre,Gmunden <407>,52
58 Jahre,Grieskirchen <408>,24
58 Jahre,Kirchdorf <409>,24
58 Jahre,Linz Land <410>,67
58 Jahre,Perg <411>,29
58 Jahre,Ried <412>,31
58 Jahre,Rohrbach <413>,11
58 Jahre,Schärding <414>,20
58 Jahre,Steyr Land <415>,22
58 Jahre,Urfahr Umgebung <416>,22
58 Jahre,Vöcklabruck <417>,80
58 Jahre,Wels Land <418>,26
58 Jahre,Salzburg (Stadt) <501>,108
58 Jahre,Hallein <502>,26
58 Jahre,Salzburg Umgebung <503>,88
58 Jahre,St. Johann im Pongau <504>,37
58 Jahre,Tamsweg <505>,8
58 Jahre,Zell am See <506>,39
58 Jahre,Graz (Stadt) <601>,200
58 Jahre,Bruck an der Mur ^<602>,-
58 Jahre,Bruck-Mürzzuschlag <621>,53
58 Jahre,Deutschlandsberg <603>,50
58 Jahre,Feldbach ^<604>,-
58 Jahre,Fürstenfeld ^<605>,-
58 Jahre,Graz Umgebung <606>,81
58 Jahre,Hartberg ^<607>,-
58 Jahre,Hartberg-Fürstenfeld <622>,23
58 Jahre,Judenburg ^<608>,-
58 Jahre,Knittelfeld ^<609>,-
58 Jahre,Leibnitz <610>,39
58 Jahre,Leoben <611>,31
58 Jahre,Liezen <612>,36
58 Jahre,Murtal <620>,32
58 Jahre,Mürzzuschlag ^<613>,-
58 Jahre,Murau <614>,7
58 Jahre,Radkersburg ^<615>,-
58 Jahre,Südoststeiermark <623>,33
58 Jahre,Voitsberg <616>,24
58 Jahre,Weiz <617>,28
59 Jahre,Eisenstadt (Stadt) <101>,11
59 Jahre,Rust (Stadt) <102>,-
59 Jahre,Eisenstadt Umgebung <103>,21
59 Jahre,Güssing <104>,11
59 Jahre,Jennersdorf <105>,10
59 Jahre,Mattersburg <106>,19
59 Jahre,Neusiedl am See <107>,27
59 Jahre,Oberpullendorf <108>,13
59 Jahre,Oberwart <109>,32
59 Jahre,Klagenfurt (Stadt) <201>,56
59 Jahre,Villach (Stadt) <202>,40
59 Jahre,Feldkirchen <210>,11
59 Jahre,Hermagor <203>,9
59 Jahre,Klagenfurt Land <204>,24
59 Jahre,Sankt Veit an der Glan <205>,24
59 Jahre,Spittal an der Drau <206>,22
59 Jahre,Villach Land <207>,32
59 Jahre,Völkermarkt <208>,14
59 Jahre,Wolfsberg <209>,14
59 Jahre,Krems an der Donau (Stadt) <301>,19
59 Jahre,Sankt Pölten (Stadt) <302>,51
59 Jahre,Waidhofen an der Ybbs (Stadt) <303>,2
59 Jahre,Wiener Neustadt (Stadt) <304>,27
59 Jahre,Amstetten <305>,40
59 Jahre,Baden <306>,91
59 Jahre,Bruck an der Leitha <307>,52
59 Jahre,Gänserndorf <308>,48
59 Jahre,Gmünd <309>,10
59 Jahre,Hollabrunn <310>,18
59 Jahre,Horn <311>,18
59 Jahre,Korneuburg <312>,37
59 Jahre,Krems Land <313>,29
59 Jahre,Lilienfeld <314>,12
59 Jahre,Melk <315>,32
59 Jahre,Mistelbach <316>,43
59 Jahre,Mödling <317>,66
59 Jahre,Neunkirchen <318>,42
59 Jahre,Sankt Pölten Land <319>,67
59 Jahre,Scheibbs <320>,18
59 Jahre,Tulln <321>,55
59 Jahre,Waidhofen an der Thaya <322>,6
59 Jahre,Wiener Neustadt Land <323>,23
59 Jahre,Wien Umgebung ^<324>,-
59 Jahre,Zwettl <325>,11
59 Jahre,Stadt Linz <401>,117
59 Jahre,Stadt Steyr <402>,22
59 Jahre,Stadt Wels <403>,41
59 Jahre,Braunau <404>,38
59 Jahre,Eferding <405>,8
59 Jahre,Freistadt <406>,12
59 Jahre,Gmunden <407>,42
59 Jahre,Grieskirchen <408>,25
59 Jahre,Kirchdorf <409>,26
59 Jahre,Linz Land <410>,68
59 Jahre,Perg <411>,22
59 Jahre,Ried <412>,26
59 Jahre,Rohrbach <413>,17
59 Jahre,Schärding <414>,22
59 Jahre,Steyr Land <415>,17
59 Jahre,Urfahr Umgebung <416>,27
59 Jahre,Vöcklabruck <417>,64
59 Jahre,Wels Land <418>,37
59 Jahre,Salzburg (Stadt) <501>,94
59 Jahre,Hallein <502>,29
59 Jahre,Salzburg Umgebung <503>,86
59 Jahre,St. Johann im Pongau <504>,50
59 Jahre,Tamsweg <505>,9
59 Jahre,Zell am See <506>,45
59 Jahre,Graz (Stadt) <601>,179
59 Jahre,Bruck an der Mur ^<602>,-
59 Jahre,Bruck-Mürzzuschlag <621>,53
59 Jahre,Deutschlandsberg <603>,33
59 Jahre,Feldbach ^<604>,-
59 Jahre,Fürstenfeld ^<605>,-
59 Jahre,Graz Umgebung <606>,69
59 Jahre,Hartberg ^<607>,-
59 Jahre,Hartberg-Fürstenfeld <622>,22
59 Jahre,Judenburg ^<608>,-
59 Jahre,Knittelfeld ^<609>,-
59 Jahre,Leibnitz <610>,42
59 Jahre,Leoben <611>,36
59 Jahre,Liezen <612>,39
59 Jahre,Murtal <620>,35
59 Jahre,Mürzzuschlag ^<613>,-
59 Jahre,Murau <614>,3
59 Jahre,Radkersburg ^<615>,-
59 Jahre,Südoststeiermark <623>,47
59 Jahre,Voitsberg <616>,20
59 Jahre,Weiz <617>,24
60 Jahre,Eisenstadt (Stadt) <101>,8
60 Jahre,Rust (Stadt) <102>,-
60 Jahre,Eisenstadt Umgebung <103>,20
60 Jahre,Güssing <104>,16
60 Jahre,Jennersdorf <105>,5
60 Jahre,Mattersburg <106>,19
60 Jahre,Neusiedl am See <107>,24
60 Jahre,Oberpullendorf <108>,14
60 Jahre,Oberwart <109>,22
60 Jahre,Klagenfurt (Stadt) <201>,63
60 Jahre,Villach (Stadt) <202>,47
60 Jahre,Feldkirchen <210>,14
60 Jahre,Hermagor <203>,5
60 Jahre,Klagenfurt Land <204>,27
60 Jahre,Sankt Veit an der Glan <205>,13
60 Jahre,Spittal an der Drau <206>,36
60 Jahre,Villach Land <207>,26
60 Jahre,Völkermarkt <208>,18
60 Jahre,Wolfsberg <209>,16
60 Jahre,Krems an der Donau (Stadt) <301>,13
60 Jahre,Sankt Pölten (Stadt) <302>,37
60 Jahre,Waidhofen an der Ybbs (Stadt) <303>,3
60 Jahre,Wiener Neustadt (Stadt) <304>,32
60 Jahre,Amstetten <305>,40
60 Jahre,Baden <306>,95
60 Jahre,Bruck an der Leitha <307>,64
60 Jahre,Gänserndorf <308>,49
60 Jahre,Gmünd <309>,18
60 Jahre,Hollabrunn <310>,16
60 Jahre,Horn <311>,8
60 Jahre,Korneuburg <312>,48
60 Jahre,Krems Land <313>,25
60 Jahre,Lilienfeld <314>,16
60 Jahre,Melk <315>,30
60 Jahre,Mistelbach <316>,43
60 Jahre,Mödling <317>,79
60 Jahre,Neunkirchen <318>,46
60 Jahre,Sankt Pölten Land <319>,68
60 Jahre,Scheibbs <320>,5
60 Jahre,Tulln <321>,65
60 Jahre,Waidhofen an der Thaya <322>,4
60 Jahre,Wiener Neustadt Land <323>,40
60 Jahre,Wien Umgebung ^<324>,-
60 Jahre,Zwettl <325>,11
60 Jahre,Stadt Linz <401>,140
60 Jahre,Stadt Steyr <402>,22
60 Jahre,Stadt Wels <403>,39
60 Jahre,Braunau <404>,33
60 Jahre,Eferding <405>,10
60 Jahre,Freistadt <406>,21
60 Jahre,Gmunden <407>,50
60 Jahre,Grieskirchen <408>,25
60 Jahre,Kirchdorf <409>,25
60 Jahre,Linz Land <410>,58
60 Jahre,Perg <411>,20
60 Jahre,Ried <412>,25
60 Jahre,Rohrbach <413>,9
60 Jahre,Schärding <414>,20
60 Jahre,Steyr Land <415>,21
60 Jahre,Urfahr Umgebung <416>,28
60 Jahre,Vöcklabruck <417>,61
60 Jahre,Wels Land <418>,20
60 Jahre,Salzburg (Stadt) <501>,92
60 Jahre,Hallein <502>,27
60 Jahre,Salzburg Umgebung <503>,96
60 Jahre,St. Johann im Pongau <504>,40
60 Jahre,Tamsweg <505>,5
60 Jahre,Zell am See <506>,40
60 Jahre,Graz (Stadt) <601>,200
60 Jahre,Bruck an der Mur ^<602>,-
60 Jahre,Bruck-Mürzzuschlag <621>,62
60 Jahre,Deutschlandsberg <603>,23
60 Jahre,Feldbach ^<604>,-
60 Jahre,Fürstenfeld ^<605>,-
60 Jahre,Graz Umgebung <606>,69
60 Jahre,Hartberg ^<607>,-
60 Jahre,Hartberg-Fürstenfeld <622>,33
60 Jahre,Judenburg ^<608>,-
60 Jahre,Knittelfeld ^<609>,-
60 Jahre,Leibnitz <610>,53
60 Jahre,Leoben <611>,33
60 Jahre,Liezen <612>,39
60 Jahre,Murtal <620>,54
60 Jahre,Mürzzuschlag ^<613>,-
60 Jahre,Murau <614>,6
60 Jahre,Radkersburg ^<615>,-
60 Jahre,Südoststeiermark <623>,20
60 Jahre,Voitsberg <616>,20
60 Jahre,Weiz <617>,29
61 Jahre,Eisenstadt (Stadt) <101>,11
61 Jahre,Rust (Stadt) <102>,-
61 Jahre,Eisenstadt Umgebung <103>,10
61 Jahre,Güssing <104>,10
61 Jahre,Jennersdorf <105>,8
61 Jahre,Mattersburg <106>,14
61 Jahre,Neusiedl am See <107>,30
61 Jahre,Oberpullendorf <108>,13
61 Jahre,Oberwart <109>,21
61 Jahre,Klagenfurt (Stadt) <201>,60
61 Jahre,Villach (Stadt) <202>,34
61 Jahre,Feldkirchen <210>,11
61 Jahre,Hermagor <203>,4
61 Jahre,Klagenfurt Land <204>,23
61 Jahre,Sankt Veit an der Glan <205>,25
61 Jahre,Spittal an der Drau <206>,25
61 Jahre,Villach Land <207>,45
61 Jahre,Völkermarkt <208>,18
61 Jahre,Wolfsberg <209>,21
61 Jahre,Krems an der Donau (Stadt) <301>,14
61 Jahre,Sankt Pölten (Stadt) <302>,41
61 Jahre,Waidhofen an der Ybbs (Stadt) <303>,3
61 Jahre,Wiener Neustadt (Stadt) <304>,28
61 Jahre,Amstetten <305>,43
61 Jahre,Baden <306>,87
61 Jahre,Bruck an der Leitha <307>,43
61 Jahre,Gänserndorf <308>,49
61 Jahre,Gmünd <309>,21
61 Jahre,Hollabrunn <310>,23
61 Jahre,Horn <311>,12
61 Jahre,Korneuburg <312>,34
61 Jahre,Krems Land <313>,15
61 Jahre,Lilienfeld <314>,11
61 Jahre,Melk <315>,26
61 Jahre,Mistelbach <316>,30
61 Jahre,Mödling <317>,73
61 Jahre,Neunkirchen <318>,37
61 Jahre,Sankt Pölten Land <319>,54
61 Jahre,Scheibbs <320>,9
61 Jahre,Tulln <321>,51
61 Jahre,Waidhofen an der Thaya <322>,4
61 Jahre,Wiener Neustadt Land <323>,45
61 Jahre,Wien Umgebung ^<324>,-
61 Jahre,Zwettl <325>,13
61 Jahre,Stadt Linz <401>,124
61 Jahre,Stadt Steyr <402>,26
61 Jahre,Stadt Wels <403>,40
61 Jahre,Braunau <404>,48
61 Jahre,Eferding <405>,15
61 Jahre,Freistadt <406>,18
61 Jahre,Gmunden <407>,42
61 Jahre,Grieskirchen <408>,15
61 Jahre,Kirchdorf <409>,18
61 Jahre,Linz Land <410>,81
61 Jahre,Perg <411>,26
61 Jahre,Ried <412>,39
61 Jahre,Rohrbach <413>,14
61 Jahre,Schärding <414>,15
61 Jahre,Steyr Land <415>,22
61 Jahre,Urfahr Umgebung <416>,33
61 Jahre,Vöcklabruck <417>,71
61 Jahre,Wels Land <418>,33
61 Jahre,Salzburg (Stadt) <501>,87
61 Jahre,Hallein <502>,21
61 Jahre,Salzburg Umgebung <503>,69
61 Jahre,St. Johann im Pongau <504>,31
61 Jahre,Tamsweg <505>,9
61 Jahre,Zell am See <506>,40
61 Jahre,Graz (Stadt) <601>,190
61 Jahre,Bruck an der Mur ^<602>,-
61 Jahre,Bruck-Mürzzuschlag <621>,58
61 Jahre,Deutschlandsberg <603>,31
61 Jahre,Feldbach ^<604>,-
61 Jahre,Fürstenfeld ^<605>,-
61 Jahre,Graz Umgebung <606>,76
61 Jahre,Hartberg ^<607>,-
61 Jahre,Hartberg-Fürstenfeld <622>,37
61 Jahre,Judenburg ^<608>,-
61 Jahre,Knittelfeld ^<609>,-
61 Jahre,Leibnitz <610>,36
61 Jahre,Leoben <611>,42
61 Jahre,Liezen <612>,36
61 Jahre,Murtal <620>,46
61 Jahre,Mürzzuschlag ^<613>,-
61 Jahre,Murau <614>,13
61 Jahre,Radkersburg ^<615>,-
61 Jahre,Südoststeiermark <623>,34
61 Jahre,Voitsberg <616>,25
61 Jahre,Weiz <617>,29
62 Jahre,Eisenstadt (Stadt) <101>,16
62 Jahre,Rust (Stadt) <102>,1
62 Jahre,Eisenstadt Umgebung <103>,18
62 Jahre,Güssing <104>,18
62 Jahre,Jennersdorf <105>,6
62 Jahre,Mattersburg <106>,23
62 Jahre,Neusiedl am See <107>,23
62 Jahre,Oberpullendorf <108>,13
62 Jahre,Oberwart <109>,25
62 Jahre,Klagenfurt (Stadt) <201>,62
62 Jahre,Villach (Stadt) <202>,40
62 Jahre,Feldkirchen <210>,22
62 Jahre,Hermagor <203>,7
62 Jahre,Klagenfurt Land <204>,38
62 Jahre,Sankt Veit an der Glan <205>,19
62 Jahre,Spittal an der Drau <206>,37
62 Jahre,Villach Land <207>,42
62 Jahre,Völkermarkt <208>,16
62 Jahre,Wolfsberg <209>,23
62 Jahre,Krems an der Donau (Stadt) <301>,17
62 Jahre,Sankt Pölten (Stadt) <302>,37
62 Jahre,Waidhofen an der Ybbs (Stadt) <303>,5
62 Jahre,Wiener Neustadt (Stadt) <304>,29
62 Jahre,Amstetten <305>,33
62 Jahre,Baden <306>,88
62 Jahre,Bruck an der Leitha <307>,46
62 Jahre,Gänserndorf <308>,41
62 Jahre,Gmünd <309>,20
62 Jahre,Hollabrunn <310>,26
62 Jahre,Horn <311>,10
62 Jahre,Korneuburg <312>,39
62 Jahre,Krems Land <313>,19
62 Jahre,Lilienfeld <314>,11
62 Jahre,Melk <315>,29
62 Jahre,Mistelbach <316>,27
62 Jahre,Mödling <317>,65
62 Jahre,Neunkirchen <318>,52
62 Jahre,Sankt Pölten Land <319>,53
62 Jahre,Scheibbs <320>,16
62 Jahre,Tulln <321>,49
62 Jahre,Waidhofen an der Thaya <322>,9
62 Jahre,Wiener Neustadt Land <323>,30
62 Jahre,Wien Umgebung ^<324>,-
62 Jahre,Zwettl <325>,10
62 Jahre,Stadt Linz <401>,104
62 Jahre,Stadt Steyr <402>,26
62 Jahre,Stadt Wels <403>,39
62 Jahre,Braunau <404>,37
62 Jahre,Eferding <405>,12
62 Jahre,Freistadt <406>,20
62 Jahre,Gmunden <407>,49
62 Jahre,Grieskirchen <408>,30
62 Jahre,Kirchdorf <409>,24
62 Jahre,Linz Land <410>,75
62 Jahre,Perg <411>,37
62 Jahre,Ried <412>,26
62 Jahre,Rohrbach <413>,15
62 Jahre,Schärding <414>,20
62 Jahre,Steyr Land <415>,30
62 Jahre,Urfahr Umgebung <416>,26
62 Jahre,Vöcklabruck <417>,68
62 Jahre,Wels Land <418>,29
62 Jahre,Salzburg (Stadt) <501>,105
62 Jahre,Hallein <502>,24
62 Jahre,Salzburg Umgebung <503>,68
62 Jahre,St. Johann im Pongau <504>,40
62 Jahre,Tamsweg <505>,4
62 Jahre,Zell am See <506>,30
62 Jahre,Graz (Stadt) <601>,169
62 Jahre,Bruck an der Mur ^<602>,-
62 Jahre,Bruck-Mürzzuschlag <621>,49
62 Jahre,Deutschlandsberg <603>,27
62 Jahre,Feldbach ^<604>,-
62 Jahre,Fürstenfeld ^<605>,-
62 Jahre,Graz Umgebung <606>,78
62 Jahre,Hartberg ^<607>,-
62 Jahre,Hartberg-Fürstenfeld <622>,23
62 Jahre,Judenburg ^<608>,-
62 Jahre,Knittelfeld ^<609>,-
62 Jahre,Leibnitz <610>,38
62 Jahre,Leoben <611>,33
62 Jahre,Liezen <612>,39
62 Jahre,Murtal <620>,47
62 Jahre,Mürzzuschlag ^<613>,-
62 Jahre,Murau <614>,7
62 Jahre,Radkersburg ^<615>,-
62 Jahre,Südoststeiermark <623>,40
62 Jahre,Voitsberg <616>,22
62 Jahre,Weiz <617>,30
63 Jahre,Eisenstadt (Stadt) <101>,10
63 Jahre,Rust (Stadt) <102>,-
63 Jahre,Eisenstadt Umgebung <103>,19
63 Jahre,Güssing <104>,6
63 Jahre,Jennersdorf <105>,7
63 Jahre,Mattersburg <106>,14
63 Jahre,Neusiedl am See <107>,28
63 Jahre,Oberpullendorf <108>,21
63 Jahre,Oberwart <109>,31
63 Jahre,Klagenfurt (Stadt) <201>,64
63 Jahre,Villach (Stadt) <202>,44
63 Jahre,Feldkirchen <210>,11
63 Jahre,Hermagor <203>,8
63 Jahre,Klagenfurt Land <204>,15
63 Jahre,Sankt Veit an der Glan <205>,21
63 Jahre,Spittal an der Drau <206>,30
63 Jahre,Villach Land <207>,29
63 Jahre,Völkermarkt <208>,9
63 Jahre,Wolfsberg <209>,21
63 Jahre,Krems an der Donau (Stadt) <301>,17
63 Jahre,Sankt Pölten (Stadt) <302>,33
63 Jahre,Waidhofen an der Ybbs (Stadt) <303>,4
63 Jahre,Wiener Neustadt (Stadt) <304>,19
63 Jahre,Amstetten <305>,28
63 Jahre,Baden <306>,65
63 Jahre,Bruck an der Leitha <307>,38
63 Jahre,Gänserndorf <308>,51
63 Jahre,Gmünd <309>,5
63 Jahre,Hollabrunn <310>,16
63 Jahre,Horn <311>,13
63 Jahre,Korneuburg <312>,33
63 Jahre,Krems Land <313>,7
63 Jahre,Lilienfeld <314>,12
63 Jahre,Melk <315>,27
63 Jahre,Mistelbach <316>,30
63 Jahre,Mödling <317>,73
63 Jahre,Neunkirchen <318>,37
63 Jahre,Sankt Pölten Land <319>,44
63 Jahre,Scheibbs <320>,11
63 Jahre,Tulln <321>,47
63 Jahre,Waidhofen an der Thaya <322>,7
63 Jahre,Wiener Neustadt Land <323>,31
63 Jahre,Wien Umgebung ^<324>,-
63 Jahre,Zwettl <325>,9
63 Jahre,Stadt Linz <401>,111
63 Jahre,Stadt Steyr <402>,16
63 Jahre,Stadt Wels <403>,51
63 Jahre,Braunau <404>,40
63 Jahre,Eferding <405>,11
63 Jahre,Freistadt <406>,20
63 Jahre,Gmunden <407>,44
63 Jahre,Grieskirchen <408>,21
63 Jahre,Kirchdorf <409>,16
63 Jahre,Linz Land <410>,58
63 Jahre,Perg <411>,22
63 Jahre,Ried <412>,25
63 Jahre,Rohrbach <413>,8
63 Jahre,Schärding <414>,16
63 Jahre,Steyr Land <415>,27
63 Jahre,Urfahr Umgebung <416>,21
63 Jahre,Vöcklabruck <417>,52
63 Jahre,Wels Land <418>,27
63 Jahre,Salzburg (Stadt) <501>,78
63 Jahre,Hallein <502>,22
63 Jahre,Salzburg Umgebung <503>,70
63 Jahre,St. Johann im Pongau <504>,39
63 Jahre,Tamsweg <505>,5
63 Jahre,Zell am See <506>,42
63 Jahre,Graz (Stadt) <601>,176
63 Jahre,Bruck an der Mur ^<602>,-
63 Jahre,Bruck-Mürzzuschlag <621>,36
63 Jahre,Deutschlandsberg <603>,28
63 Jahre,Feldbach ^<604>,-
63 Jahre,Fürstenfeld ^<605>,-
63 Jahre,Graz Umgebung <606>,64
63 Jahre,Hartberg ^<607>,-
63 Jahre,Hartberg-Fürstenfeld <622>,27
63 Jahre,Judenburg ^<608>,-
63 Jahre,Knittelfeld ^<609>,-
63 Jahre,Leibnitz <610>,43
63 Jahre,Leoben <611>,31
63 Jahre,Liezen <612>,24
63 Jahre,Murtal <620>,45
63 Jahre,Mürzzuschlag ^<613>,-
63 Jahre,Murau <614>,13
63 Jahre,Radkersburg ^<615>,-
63 Jahre,Südoststeiermark <623>,23
63 Jahre,Voitsberg <616>,15
63 Jahre,Weiz <617>,22
64 Jahre,Eisenstadt (Stadt) <101>,14
64 Jahre,Rust (Stadt) <102>,2
64 Jahre,Eisenstadt Umgebung <103>,9
64 Jahre,Güssing <104>,10
64 Jahre,Jennersdorf <105>,9
64 Jahre,Mattersburg <106>,15
64 Jahre,Neusiedl am See <107>,19
64 Jahre,Oberpullendorf <108>,17
64 Jahre,Oberwart <109>,29
64 Jahre,Klagenfurt (Stadt) <201>,43
64 Jahre,Villach (Stadt) <202>,35
64 Jahre,Feldkirchen <210>,18
64 Jahre,Hermagor <203>,8
64 Jahre,Klagenfurt Land <204>,25
64 Jahre,Sankt Veit an der Glan <205>,23
64 Jahre,Spittal an der Drau <206>,26
64 Jahre,Villach Land <207>,28
64 Jahre,Völkermarkt <208>,9
64 Jahre,Wolfsberg <209>,17
64 Jahre,Krems an der Donau (Stadt) <301>,21
64 Jahre,Sankt Pölten (Stadt) <302>,30
64 Jahre,Waidhofen an der Ybbs (Stadt) <303>,1
64 Jahre,Wiener Neustadt (Stadt) <304>,22
64 Jahre,Amstetten <305>,25
64 Jahre,Baden <306>,61
64 Jahre,Bruck an der Leitha <307>,35
64 Jahre,Gänserndorf <308>,52
64 Jahre,Gmünd <309>,8
64 Jahre,Hollabrunn <310>,20
64 Jahre,Horn <311>,10
64 Jahre,Korneuburg <312>,31
64 Jahre,Krems Land <313>,12
64 Jahre,Lilienfeld <314>,10
64 Jahre,Melk <315>,28
64 Jahre,Mistelbach <316>,20
64 Jahre,Mödling <317>,57
64 Jahre,Neunkirchen <318>,26
64 Jahre,Sankt Pölten Land <319>,41
64 Jahre,Scheibbs <320>,16
64 Jahre,Tulln <321>,43
64 Jahre,Waidhofen an der Thaya <322>,13
64 Jahre,Wiener Neustadt Land <323>,23
64 Jahre,Wien Umgebung ^<324>,-
64 Jahre,Zwettl <325>,8
64 Jahre,Stadt Linz <401>,100
64 Jahre,Stadt Steyr <402>,15
64 Jahre,Stadt Wels <403>,40
64 Jahre,Braunau <404>,38
64 Jahre,Eferding <405>,8
64 Jahre,Freistadt <406>,10
64 Jahre,Gmunden <407>,38
64 Jahre,Grieskirchen <408>,11
64 Jahre,Kirchdorf <409>,22
64 Jahre,Linz Land <410>,47
64 Jahre,Perg <411>,17
64 Jahre,Ried <412>,19
64 Jahre,Rohrbach <413>,13
64 Jahre,Schärding <414>,17
64 Jahre,Steyr Land <415>,15
64 Jahre,Urfahr Umgebung <416>,26
64 Jahre,Vöcklabruck <417>,41
64 Jahre,Wels Land <418>,21
64 Jahre,Salzburg (Stadt) <501>,83
64 Jahre,Hallein <502>,26
64 Jahre,Salzburg Umgebung <503>,60
64 Jahre,St. Johann im Pongau <504>,46
64 Jahre,Tamsweg <505>,9
64 Jahre,Zell am See <506>,27
64 Jahre,Graz (Stadt) <601>,152
64 Jahre,Bruck an der Mur ^<602>,-
64 Jahre,Bruck-Mürzzuschlag <621>,43
64 Jahre,Deutschlandsberg <603>,17
64 Jahre,Feldbach ^<604>,-
64 Jahre,Fürstenfeld ^<605>,-
64 Jahre,Graz Umgebung <606>,52
64 Jahre,Hartberg ^<607>,-
64 Jahre,Hartberg-Fürstenfeld <622>,34
64 Jahre,Judenburg ^<608>,-
64 Jahre,Knittelfeld ^<609>,-
64 Jahre,Leibnitz <610>,24
64 Jahre,Leoben <611>,30
64 Jahre,Liezen <612>,31
64 Jahre,Murtal <620>,23
64 Jahre,Mürzzuschlag ^<613>,-
64 Jahre,Murau <614>,8
64 Jahre,Radkersburg ^<615>,-
64 Jahre,Südoststeiermark <623>,23
64 Jahre,Voitsberg <616>,15
64 Jahre,Weiz <617>,27
65 Jahre,Eisenstadt (Stadt) <101>,8
65 Jahre,Rust (Stadt) <102>,-
65 Jahre,Eisenstadt Umgebung <103>,13
65 Jahre,Güssing <104>,9
65 Jahre,Jennersdorf <105>,6
65 Jahre,Mattersburg <106>,13
65 Jahre,Neusiedl am See <107>,11
65 Jahre,Oberpullendorf <108>,14
65 Jahre,Oberwart <109>,24
65 Jahre,Klagenfurt (Stadt) <201>,52
65 Jahre,Villach (Stadt) <202>,26
65 Jahre,Feldkirchen <210>,12
65 Jahre,Hermagor <203>,4
65 Jahre,Klagenfurt Land <204>,23
65 Jahre,Sankt Veit an der Glan <205>,21
65 Jahre,Spittal an der Drau <206>,21
65 Jahre,Villach Land <207>,22
65 Jahre,Völkermarkt <208>,13
65 Jahre,Wolfsberg <209>,22
65 Jahre,Krems an der Donau (Stadt) <301>,12
65 Jahre,Sankt Pölten (Stadt) <302>,27
65 Jahre,Waidhofen an der Ybbs (Stadt) <303>,6
65 Jahre,Wiener Neustadt (Stadt) <304>,23
65 Jahre,Amstetten <305>,28
65 Jahre,Baden <306>,66
65 Jahre,Bruck an der Leitha <307>,33
65 Jahre,Gänserndorf <308>,39
65 Jahre,Gmünd <309>,10
65 Jahre,Hollabrunn <310>,17
65 Jahre,Horn <311>,16
65 Jahre,Korneuburg <312>,29
65 Jahre,Krems Land <313>,12
65 Jahre,Lilienfeld <314>,11
65 Jahre,Melk <315>,28
65 Jahre,Mistelbach <316>,23
65 Jahre,Mödling <317>,48
65 Jahre,Neunkirchen <318>,29
65 Jahre,Sankt Pölten Land <319>,41
65 Jahre,Scheibbs <320>,8
65 Jahre,Tulln <321>,44
65 Jahre,Waidhofen an der Thaya <322>,5
65 Jahre,Wiener Neustadt Land <323>,23
65 Jahre,Wien Umgebung ^<324>,-
65 Jahre,Zwettl <325>,8
65 Jahre,Stadt Linz <401>,81
65 Jahre,Stadt Steyr <402>,17
65 Jahre,Stadt Wels <403>,23
65 Jahre,Braunau <404>,24
65 Jahre,Eferding <405>,9
65 Jahre,Freistadt <406>,12
65 Jahre,Gmunden <407>,36
65 Jahre,Grieskirchen <408>,32
65 Jahre,Kirchdorf <409>,20
65 Jahre,Linz Land <410>,47
65 Jahre,Perg <411>,17
65 Jahre,Ried <412>,20
65 Jahre,Rohrbach <413>,8
65 Jahre,Schärding <414>,15
65 Jahre,Steyr Land <415>,9
65 Jahre,Urfahr Umgebung <416>,19
65 Jahre,Vöcklabruck <417>,47
65 Jahre,Wels Land <418>,21
65 Jahre,Salzburg (Stadt) <501>,77
65 Jahre,Hallein <502>,21
65 Jahre,Salzburg Umgebung <503>,56
65 Jahre,St. Johann im Pongau <504>,32
65 Jahre,Tamsweg <505>,4
65 Jahre,Zell am See <506>,31
65 Jahre,Graz (Stadt) <601>,143
65 Jahre,Bruck an der Mur ^<602>,-
65 Jahre,Bruck-Mürzzuschlag <621>,32
65 Jahre,Deutschlandsberg <603>,18
65 Jahre,Feldbach ^<604>,-
65 Jahre,Fürstenfeld ^<605>,-
65 Jahre,Graz Umgebung <606>,44
65 Jahre,Hartberg ^<607>,-
65 Jahre,Hartberg-Fürstenfeld <622>,23
65 Jahre,Judenburg ^<608>,-
65 Jahre,Knittelfeld ^<609>,-
65 Jahre,Leibnitz <610>,38
65 Jahre,Leoben <611>,25
65 Jahre,Liezen <612>,34
65 Jahre,Murtal <620>,31
65 Jahre,Mürzzuschlag ^<613>,-
65 Jahre,Murau <614>,13
65 Jahre,Radkersburg ^<615>,-
65 Jahre,Südoststeiermark <623>,25
65 Jahre,Voitsberg <616>,21
65 Jahre,Weiz <617>,27
66 Jahre,Eisenstadt (Stadt) <101>,16
66 Jahre,Rust (Stadt) <102>,1
66 Jahre,Eisenstadt Umgebung <103>,11
66 Jahre,Güssing <104>,10
66 Jahre,Jennersdorf <105>,3
66 Jahre,Mattersburg <106>,12
66 Jahre,Neusiedl am See <107>,22
66 Jahre,Oberpullendorf <108>,12
66 Jahre,Oberwart <109>,21
66 Jahre,Klagenfurt (Stadt) <201>,33
66 Jahre,Villach (Stadt) <202>,21
66 Jahre,Feldkirchen <210>,10
66 Jahre,Hermagor <203>,5
66 Jahre,Klagenfurt Land <204>,22
66 Jahre,Sankt Veit an der Glan <205>,15
66 Jahre,Spittal an der Drau <206>,22
66 Jahre,Villach Land <207>,25
66 Jahre,Völkermarkt <208>,15
66 Jahre,Wolfsberg <209>,13
66 Jahre,Krems an der Donau (Stadt) <301>,9
66 Jahre,Sankt Pölten (Stadt) <302>,17
66 Jahre,Waidhofen an der Ybbs (Stadt) <303>,6
66 Jahre,Wiener Neustadt (Stadt) <304>,15
66 Jahre,Amstetten <305>,30
66 Jahre,Baden <306>,49
66 Jahre,Bruck an der Leitha <307>,33
66 Jahre,Gänserndorf <308>,31
66 Jahre,Gmünd <309>,11
66 Jahre,Hollabrunn <310>,16
66 Jahre,Horn <311>,20
66 Jahre,Korneuburg <312>,31
66 Jahre,Krems Land <313>,5
66 Jahre,Lilienfeld <314>,11
66 Jahre,Melk <315>,11
66 Jahre,Mistelbach <316>,31
66 Jahre,Mödling <317>,40
66 Jahre,Neunkirchen <318>,31
66 Jahre,Sankt Pölten Land <319>,43
66 Jahre,Scheibbs <320>,2
66 Jahre,Tulln <321>,40
66 Jahre,Waidhofen an der Thaya <322>,7
66 Jahre,Wiener Neustadt Land <323>,21
66 Jahre,Wien Umgebung ^<324>,-
66 Jahre,Zwettl <325>,11
66 Jahre,Stadt Linz <401>,73
66 Jahre,Stadt Steyr <402>,16
66 Jahre,Stadt Wels <403>,30
66 Jahre,Braunau <404>,41
66 Jahre,Eferding <405>,8
66 Jahre,Freistadt <406>,12
66 Jahre,Gmunden <407>,28
66 Jahre,Grieskirchen <408>,10
66 Jahre,Kirchdorf <409>,18
66 Jahre,Linz Land <410>,40
66 Jahre,Perg <411>,15
66 Jahre,Ried <412>,11
66 Jahre,Rohrbach <413>,4
66 Jahre,Schärding <414>,10
66 Jahre,Steyr Land <415>,11
66 Jahre,Urfahr Umgebung <416>,26
66 Jahre,Vöcklabruck <417>,46
66 Jahre,Wels Land <418>,9
66 Jahre,Salzburg (Stadt) <501>,74
66 Jahre,Hallein <502>,16
66 Jahre,Salzburg Umgebung <503>,43
66 Jahre,St. Johann im Pongau <504>,37
66 Jahre,Tamsweg <505>,2
66 Jahre,Zell am See <506>,25
66 Jahre,Graz (Stadt) <601>,110
66 Jahre,Bruck an der Mur ^<602>,-
66 Jahre,Bruck-Mürzzuschlag <621>,39
66 Jahre,Deutschlandsberg <603>,23
66 Jahre,Feldbach ^<604>,-
66 Jahre,Fürstenfeld ^<605>,-
66 Jahre,Graz Umgebung <606>,43
66 Jahre,Hartberg ^<607>,-
66 Jahre,Hartberg-Fürstenfeld <622>,23
66 Jahre,Judenburg ^<608>,-
66 Jahre,Knittelfeld ^<609>,-
66 Jahre,Leibnitz <610>,29
66 Jahre,Leoben <611>,27
66 Jahre,Liezen <612>,18
66 Jahre,Murtal <620>,29
66 Jahre,Mürzzuschlag ^<613>,-
66 Jahre,Murau <614>,12
66 Jahre,Radkersburg ^<615>,-
66 Jahre,Südoststeiermark <623>,17
66 Jahre,Voitsberg <616>,16
66 Jahre,Weiz <617>,18
67 Jahre,Eisenstadt (Stadt) <101>,1
67 Jahre,Rust (Stadt) <102>,1
67 Jahre,Eisenstadt Umgebung <103>,18
67 Jahre,Güssing <104>,6
67 Jahre,Jennersdorf <105>,7
67 Jahre,Mattersburg <106>,18
67 Jahre,Neusiedl am See <107>,18
67 Jahre,Oberpullendorf <108>,12
67 Jahre,Oberwart <109>,15
67 Jahre,Klagenfurt (Stadt) <201>,45
67 Jahre,Villach (Stadt) <202>,22
67 Jahre,Feldkirchen <210>,13
67 Jahre,Hermagor <203>,8
67 Jahre,Klagenfurt Land <204>,20
67 Jahre,Sankt Veit an der Glan <205>,8
67 Jahre,Spittal an der Drau <206>,20
67 Jahre,Villach Land <207>,17
67 Jahre,Völkermarkt <208>,13
67 Jahre,Wolfsberg <209>,10
67 Jahre,Krems an der Donau (Stadt) <301>,10
67 Jahre,Sankt Pölten (Stadt) <302>,17
67 Jahre,Waidhofen an der Ybbs (Stadt) <303>,2
67 Jahre,Wiener Neustadt (Stadt) <304>,18
67 Jahre,Amstetten <305>,18
67 Jahre,Baden <306>,35
67 Jahre,Bruck an der Leitha <307>,26
67 Jahre,Gänserndorf <308>,29
67 Jahre,Gmünd <309>,7
67 Jahre,Hollabrunn <310>,6
67 Jahre,Horn <311>,5
67 Jahre,Korneuburg <312>,20
67 Jahre,Krems Land <313>,10
67 Jahre,Lilienfeld <314>,4
67 Jahre,Melk <315>,22
67 Jahre,Mistelbach <316>,19
67 Jahre,Mödling <317>,37
67 Jahre,Neunkirchen <318>,30
67 Jahre,Sankt Pölten Land <319>,38
67 Jahre,Scheibbs <320>,9
67 Jahre,Tulln <321>,27
67 Jahre,Waidhofen an der Thaya <322>,5
67 Jahre,Wiener Neustadt Land <323>,19
67 Jahre,Wien Umgebung ^<324>,-
67 Jahre,Zwettl <325>,6
67 Jahre,Stadt Linz <401>,69
67 Jahre,Stadt Steyr <402>,8
67 Jahre,Stadt Wels <403>,22
67 Jahre,Braunau <404>,30
67 Jahre,Eferding <405>,5
67 Jahre,Freistadt <406>,18
67 Jahre,Gmunden <407>,28
67 Jahre,Grieskirchen <408>,15
67 Jahre,Kirchdorf <409>,15
67 Jahre,Linz Land <410>,32
67 Jahre,Perg <411>,12
67 Jahre,Ried <412>,14
67 Jahre,Rohrbach <413>,10
67 Jahre,Schärding <414>,9
67 Jahre,Steyr Land <415>,15
67 Jahre,Urfahr Umgebung <416>,12
67 Jahre,Vöcklabruck <417>,32
67 Jahre,Wels Land <418>,13
67 Jahre,Salzburg (Stadt) <501>,40
67 Jahre,Hallein <502>,25
67 Jahre,Salzburg Umgebung <503>,38
67 Jahre,St. Johann im Pongau <504>,25
67 Jahre,Tamsweg <505>,5
67 Jahre,Zell am See <506>,32
67 Jahre,Graz (Stadt) <601>,81
67 Jahre,Bruck an der Mur ^<602>,-
67 Jahre,Bruck-Mürzzuschlag <621>,27
67 Jahre,Deutschlandsberg <603>,19
67 Jahre,Feldbach ^<604>,-
67 Jahre,Fürstenfeld ^<605>,-
67 Jahre,Graz Umgebung <606>,38
67 Jahre,Hartberg ^<607>,-
67 Jahre,Hartberg-Fürstenfeld <622>,20
67 Jahre,Judenburg ^<608>,-
67 Jahre,Knittelfeld ^<609>,-
67 Jahre,Leibnitz <610>,22
67 Jahre,Leoben <611>,17
67 Jahre,Liezen <612>,25
67 Jahre,Murtal <620>,25
67 Jahre,Mürzzuschlag ^<613>,-
67 Jahre,Murau <614>,9
67 Jahre,Radkersburg ^<615>,-
67 Jahre,Südoststeiermark <623>,12
67 Jahre,Voitsberg <616>,18
67 Jahre,Weiz <617>,17
68 Jahre,Eisenstadt (Stadt) <101>,7
68 Jahre,Rust (Stadt) <102>,3
68 Jahre,Eisenstadt Umgebung <103>,4
68 Jahre,Güssing <104>,3
68 Jahre,Jennersdorf <105>,4
68 Jahre,Mattersburg <106>,7
68 Jahre,Neusiedl am See <107>,16
68 Jahre,Oberpullendorf <108>,11
68 Jahre,Oberwart <109>,19
68 Jahre,Klagenfurt (Stadt) <201>,30
68 Jahre,Villach (Stadt) <202>,30
68 Jahre,Feldkirchen <210>,19
68 Jahre,Hermagor <203>,4
68 Jahre,Klagenfurt Land <204>,13
68 Jahre,Sankt Veit an der Glan <205>,17
68 Jahre,Spittal an der Drau <206>,17
68 Jahre,Villach Land <207>,9
68 Jahre,Völkermarkt <208>,13
68 Jahre,Wolfsberg <209>,11
68 Jahre,Krems an der Donau (Stadt) <301>,11
68 Jahre,Sankt Pölten (Stadt) <302>,15
68 Jahre,Waidhofen an der Ybbs (Stadt) <303>,2
68 Jahre,Wiener Neustadt (Stadt) <304>,10
68 Jahre,Amstetten <305>,19
68 Jahre,Baden <306>,38
68 Jahre,Bruck an der Leitha <307>,26
68 Jahre,Gänserndorf <308>,26
68 Jahre,Gmünd <309>,13
68 Jahre,Hollabrunn <310>,14
68 Jahre,Horn <311>,12
68 Jahre,Korneuburg <312>,17
68 Jahre,Krems Land <313>,14
68 Jahre,Lilienfeld <314>,11
68 Jahre,Melk <315>,23
68 Jahre,Mistelbach <316>,20
68 Jahre,Mödling <317>,27
68 Jahre,Neunkirchen <318>,22
68 Jahre,Sankt Pölten Land <319>,30
68 Jahre,Scheibbs <320>,8
68 Jahre,Tulln <321>,35
68 Jahre,Waidhofen an der Thaya <322>,5
68 Jahre,Wiener Neustadt Land <323>,10
68 Jahre,Wien Umgebung ^<324>,-
68 Jahre,Zwettl <325>,7
68 Jahre,Stadt Linz <401>,53
68 Jahre,Stadt Steyr <402>,13
68 Jahre,Stadt Wels <403>,17
68 Jahre,Braunau <404>,20
68 Jahre,Eferding <405>,6
68 Jahre,Freistadt <406>,8
68 Jahre,Gmunden <407>,26
68 Jahre,Grieskirchen <408>,6
68 Jahre,Kirchdorf <409>,8
68 Jahre,Linz Land <410>,34
68 Jahre,Perg <411>,7
68 Jahre,Ried <412>,16
68 Jahre,Rohrbach <413>,8
68 Jahre,Schärding <414>,12
68 Jahre,Steyr Land <415>,10
68 Jahre,Urfahr Umgebung <416>,18
68 Jahre,Vöcklabruck <417>,30
68 Jahre,Wels Land <418>,19
68 Jahre,Salzburg (Stadt) <501>,66
68 Jahre,Hallein <502>,14
68 Jahre,Salzburg Umgebung <503>,35
68 Jahre,St. Johann im Pongau <504>,24
68 Jahre,Tamsweg <505>,2
68 Jahre,Zell am See <506>,13
68 Jahre,Graz (Stadt) <601>,77
68 Jahre,Bruck an der Mur ^<602>,-
68 Jahre,Bruck-Mürzzuschlag <621>,32
68 Jahre,Deutschlandsberg <603>,20
68 Jahre,Feldbach ^<604>,-
68 Jahre,Fürstenfeld ^<605>,-
68 Jahre,Graz Umgebung <606>,38
68 Jahre,Hartberg ^<607>,-
68 Jahre,Hartberg-Fürstenfeld <622>,12
68 Jahre,Judenburg ^<608>,-
68 Jahre,Knittelfeld ^<609>,-
68 Jahre,Leibnitz <610>,24
68 Jahre,Leoben <611>,12
68 Jahre,Liezen <612>,21
68 Jahre,Murtal <620>,26
68 Jahre,Mürzzuschlag ^<613>,-
68 Jahre,Murau <614>,11
68 Jahre,Radkersburg ^<615>,-
68 Jahre,Südoststeiermark <623>,23
68 Jahre,Voitsberg <616>,12
68 Jahre,Weiz <617>,21
69 Jahre,Eisenstadt (Stadt) <101>,7
69 Jahre,Rust (Stadt) <102>,-
69 Jahre,Eisenstadt Umgebung <103>,7
69 Jahre,Güssing <104>,7
69 Jahre,Jennersdorf <105>,-
69 Jahre,Mattersburg <106>,6
69 Jahre,Neusiedl am See <107>,16
69 Jahre,Oberpullendorf <108>,14
69 Jahre,Oberwart <109>,15
69 Jahre,Klagenfurt (Stadt) <201>,31
69 Jahre,Villach (Stadt) <202>,20
69 Jahre,Feldkirchen <210>,5
69 Jahre,Hermagor <203>,2
69 Jahre,Klagenfurt Land <204>,18
69 Jahre,Sankt Veit an der Glan <205>,12
69 Jahre,Spittal an der Drau <206>,17
69 Jahre,Villach Land <207>,17
69 Jahre,Völkermarkt <208>,9
69 Jahre,Wolfsberg <209>,12
69 Jahre,Krems an der Donau (Stadt) <301>,3
69 Jahre,Sankt Pölten (Stadt) <302>,19
69 Jahre,Waidhofen an der Ybbs (Stadt) <303>,1
69 Jahre,Wiener Neustadt (Stadt) <304>,12
69 Jahre,Amstetten <305>,16
69 Jahre,Baden <306>,44
69 Jahre,Bruck an der Leitha <307>,30
69 Jahre,Gänserndorf <308>,20
69 Jahre,Gmünd <309>,2
69 Jahre,Hollabrunn <310>,11
69 Jahre,Horn <311>,14
69 Jahre,Korneuburg <312>,22
69 Jahre,Krems Land <313>,8
69 Jahre,Lilienfeld <314>,8
69 Jahre,Melk <315>,18
69 Jahre,Mistelbach <316>,17
69 Jahre,Mödling <317>,30
69 Jahre,Neunkirchen <318>,28
69 Jahre,Sankt Pölten Land <319>,39
69 Jahre,Scheibbs <320>,5
69 Jahre,Tulln <321>,19
69 Jahre,Waidhofen an der Thaya <322>,9
69 Jahre,Wiener Neustadt Land <323>,12
69 Jahre,Wien Umgebung ^<324>,-
69 Jahre,Zwettl <325>,8
69 Jahre,Stadt Linz <401>,57
69 Jahre,Stadt Steyr <402>,3
69 Jahre,Stadt Wels <403>,13
69 Jahre,Braunau <404>,14
69 Jahre,Eferding <405>,6
69 Jahre,Freistadt <406>,12
69 Jahre,Gmunden <407>,29
69 Jahre,Grieskirchen <408>,7
69 Jahre,Kirchdorf <409>,10
69 Jahre,Linz Land <410>,32
69 Jahre,Perg <411>,17
69 Jahre,Ried <412>,15
69 Jahre,Rohrbach <413>,9
69 Jahre,Schärding <414>,12
69 Jahre,Steyr Land <415>,15
69 Jahre,Urfahr Umgebung <416>,15
69 Jahre,Vöcklabruck <417>,37
69 Jahre,Wels Land <418>,15
69 Jahre,Salzburg (Stadt) <501>,55
69 Jahre,Hallein <502>,17
69 Jahre,Salzburg Umgebung <503>,31
69 Jahre,St. Johann im Pongau <504>,22
69 Jahre,Tamsweg <505>,5
69 Jahre,Zell am See <506>,22
69 Jahre,Graz (Stadt) <601>,88
69 Jahre,Bruck an der Mur ^<602>,-
69 Jahre,Bruck-Mürzzuschlag <621>,36
69 Jahre,Deutschlandsberg <603>,13
69 Jahre,Feldbach ^<604>,-
69 Jahre,Fürstenfeld ^<605>,-
69 Jahre,Graz Umgebung <606>,33
69 Jahre,Hartberg ^<607>,-
69 Jahre,Hartberg-Fürstenfeld <622>,15
69 Jahre,Judenburg ^<608>,-
69 Jahre,Knittelfeld ^<609>,-
69 Jahre,Leibnitz <610>,18
69 Jahre,Leoben <611>,20
69 Jahre,Liezen <612>,29
69 Jahre,Murtal <620>,21
69 Jahre,Mürzzuschlag ^<613>,-
69 Jahre,Murau <614>,9
69 Jahre,Radkersburg ^<615>,-
69 Jahre,Südoststeiermark <623>,16
69 Jahre,Voitsberg <616>,15
69 Jahre,Weiz <617>,12
70 Jahre,Eisenstadt (Stadt) <101>,5
70 Jahre,Rust (Stadt) <102>,2
70 Jahre,Eisenstadt Umgebung <103>,5
70 Jahre,Güssing <104>,7
70 Jahre,Jennersdorf <105>,4
70 Jahre,Mattersburg <106>,10
70 Jahre,Neusiedl am See <107>,10
70 Jahre,Oberpullendorf <108>,9
70 Jahre,Oberwart <109>,17
70 Jahre,Klagenfurt (Stadt) <201>,33
70 Jahre,Villach (Stadt) <202>,16
70 Jahre,Feldkirchen <210>,11
70 Jahre,Hermagor <203>,2
70 Jahre,Klagenfurt Land <204>,15
70 Jahre,Sankt Veit an der Glan <205>,10
70 Jahre,Spittal an der Drau <206>,11
70 Jahre,Villach Land <207>,18
70 Jahre,Völkermarkt <208>,9
70 Jahre,Wolfsberg <209>,12
70 Jahre,Krems an der Donau (Stadt) <301>,5
70 Jahre,Sankt Pölten (Stadt) <302>,8
70 Jahre,Waidhofen an der Ybbs (Stadt) <303>,2
70 Jahre,Wiener Neustadt (Stadt) <304>,15
70 Jahre,Amstetten <305>,9
70 Jahre,Baden <306>,26
70 Jahre,Bruck an der Leitha <307>,12
70 Jahre,Gänserndorf <308>,23
70 Jahre,Gmünd <309>,6
70 Jahre,Hollabrunn <310>,9
70 Jahre,Horn <311>,6
70 Jahre,Korneuburg <312>,13
70 Jahre,Krems Land <313>,8
70 Jahre,Lilienfeld <314>,11
70 Jahre,Melk <315>,13
70 Jahre,Mistelbach <316>,19
70 Jahre,Mödling <317>,23
70 Jahre,Neunkirchen <318>,22
70 Jahre,Sankt Pölten Land <319>,33
70 Jahre,Scheibbs <320>,5
70 Jahre,Tulln <321>,29
70 Jahre,Waidhofen an der Thaya <322>,1
70 Jahre,Wiener Neustadt Land <323>,15
70 Jahre,Wien Umgebung ^<324>,-
70 Jahre,Zwettl <325>,9
70 Jahre,Stadt Linz <401>,42
70 Jahre,Stadt Steyr <402>,3
70 Jahre,Stadt Wels <403>,16
70 Jahre,Braunau <404>,14
70 Jahre,Eferding <405>,5
70 Jahre,Freistadt <406>,11
70 Jahre,Gmunden <407>,20
70 Jahre,Grieskirchen <408>,12
70 Jahre,Kirchdorf <409>,13
70 Jahre,Linz Land <410>,37
70 Jahre,Perg <411>,5
70 Jahre,Ried <412>,11
70 Jahre,Rohrbach <413>,11
70 Jahre,Schärding <414>,12
70 Jahre,Steyr Land <415>,9
70 Jahre,Urfahr Umgebung <416>,18
70 Jahre,Vöcklabruck <417>,22
70 Jahre,Wels Land <418>,12
70 Jahre,Salzburg (Stadt) <501>,32
70 Jahre,Hallein <502>,6
70 Jahre,Salzburg Umgebung <503>,27
70 Jahre,St. Johann im Pongau <504>,27
70 Jahre,Tamsweg <505>,2
70 Jahre,Zell am See <506>,16
70 Jahre,Graz (Stadt) <601>,88
70 Jahre,Bruck an der Mur ^<602>,-
70 Jahre,Bruck-Mürzzuschlag <621>,23
70 Jahre,Deutschlandsberg <603>,17
70 Jahre,Feldbach ^<604>,-
70 Jahre,Fürstenfeld ^<605>,-
70 Jahre,Graz Umgebung <606>,25
70 Jahre,Hartberg ^<607>,-
70 Jahre,Hartberg-Fürstenfeld <622>,21
70 Jahre,Judenburg ^<608>,-
70 Jahre,Knittelfeld ^<609>,-
70 Jahre,Leibnitz <610>,21
70 Jahre,Leoben <611>,18
70 Jahre,Liezen <612>,15
70 Jahre,Murtal <620>,15
70 Jahre,Mürzzuschlag ^<613>,-
70 Jahre,Murau <614>,4
70 Jahre,Radkersburg ^<615>,-
70 Jahre,Südoststeiermark <623>,20
70 Jahre,Voitsberg <616>,8
70 Jahre,Weiz <617>,17
71 Jahre,Eisenstadt (Stadt) <101>,7
71 Jahre,Rust (Stadt) <102>,-
71 Jahre,Eisenstadt Umgebung <103>,10
71 Jahre,Güssing <104>,12
71 Jahre,Jennersdorf <105>,3
71 Jahre,Mattersburg <106>,6
71 Jahre,Neusiedl am See <107>,8
71 Jahre,Oberpullendorf <108>,9
71 Jahre,Oberwart <109>,13
71 Jahre,Klagenfurt (Stadt) <201>,18
71 Jahre,Villach (Stadt) <202>,17
71 Jahre,Feldkirchen <210>,11
71 Jahre,Hermagor <203>,1
71 Jahre,Klagenfurt Land <204>,10
71 Jahre,Sankt Veit an der Glan <205>,13
71 Jahre,Spittal an der Drau <206>,23
71 Jahre,Villach Land <207>,17
71 Jahre,Völkermarkt <208>,6
71 Jahre,Wolfsberg <209>,11
71 Jahre,Krems an der Donau (Stadt) <301>,7
71 Jahre,Sankt Pölten (Stadt) <302>,17
71 Jahre,Waidhofen an der Ybbs (Stadt) <303>,3
71 Jahre,Wiener Neustadt (Stadt) <304>,9
71 Jahre,Amstetten <305>,9
71 Jahre,Baden <306>,38
71 Jahre,Bruck an der Leitha <307>,18
71 Jahre,Gänserndorf <308>,22
71 Jahre,Gmünd <309>,6
71 Jahre,Hollabrunn <310>,10
71 Jahre,Horn <311>,7
71 Jahre,Korneuburg <312>,18
71 Jahre,Krems Land <313>,8
71 Jahre,Lilienfeld <314>,8
71 Jahre,Melk <315>,16
71 Jahre,Mistelbach <316>,19
71 Jahre,Mödling <317>,22
71 Jahre,Neunkirchen <318>,17
71 Jahre,Sankt Pölten Land <319>,34
71 Jahre,Scheibbs <320>,11
71 Jahre,Tulln <321>,22
71 Jahre,Waidhofen an der Thaya <322>,7
71 Jahre,Wiener Neustadt Land <323>,15
71 Jahre,Wien Umgebung ^<324>,-
71 Jahre,Zwettl <325>,2
71 Jahre,Stadt Linz <401>,51
71 Jahre,Stadt Steyr <402>,4
71 Jahre,Stadt Wels <403>,10
71 Jahre,Braunau <404>,18
71 Jahre,Eferding <405>,3
71 Jahre,Freistadt <406>,8
71 Jahre,Gmunden <407>,15
71 Jahre,Grieskirchen <408>,10
71 Jahre,Kirchdorf <409>,15
71 Jahre,Linz Land <410>,27
71 Jahre,Perg <411>,8
71 Jahre,Ried <412>,8
71 Jahre,Rohrbach <413>,7
71 Jahre,Schärding <414>,9
71 Jahre,Steyr Land <415>,10
71 Jahre,Urfahr Umgebung <416>,4
71 Jahre,Vöcklabruck <417>,23
71 Jahre,Wels Land <418>,14
71 Jahre,Salzburg (Stadt) <501>,32
71 Jahre,Hallein <502>,6
71 Jahre,Salzburg Umgebung <503>,26
71 Jahre,St. Johann im Pongau <504>,21
71 Jahre,Tamsweg <505>,7
71 Jahre,Zell am See <506>,20
71 Jahre,Graz (Stadt) <601>,74
71 Jahre,Bruck an der Mur ^<602>,-
71 Jahre,Bruck-Mürzzuschlag <621>,23
71 Jahre,Deutschlandsberg <603>,21
71 Jahre,Feldbach ^<604>,-
71 Jahre,Fürstenfeld ^<605>,-
71 Jahre,Graz Umgebung <606>,29
71 Jahre,Hartberg ^<607>,-
71 Jahre,Hartberg-Fürstenfeld <622>,18
71 Jahre,Judenburg ^<608>,-
71 Jahre,Knittelfeld ^<609>,-
71 Jahre,Leibnitz <610>,17
71 Jahre,Leoben <611>,13
71 Jahre,Liezen <612>,17
71 Jahre,Murtal <620>,16
71 Jahre,Mürzzuschlag ^<613>,-
71 Jahre,Murau <614>,2
71 Jahre,Radkersburg ^<615>,-
71 Jahre,Südoststeiermark <623>,13
71 Jahre,Voitsberg <616>,9
71 Jahre,Weiz <617>,13
72 Jahre,Eisenstadt (Stadt) <101>,6
72 Jahre,Rust (Stadt) <102>,-
72 Jahre,Eisenstadt Umgebung <103>,8
72 Jahre,Güssing <104>,5
72 Jahre,Jennersdorf <105>,1
72 Jahre,Mattersburg <106>,4
72 Jahre,Neusiedl am See <107>,6
72 Jahre,Oberpullendorf <108>,11
72 Jahre,Oberwart <109>,18
72 Jahre,Klagenfurt (Stadt) <201>,24
72 Jahre,Villach (Stadt) <202>,16
72 Jahre,Feldkirchen <210>,5
72 Jahre,Hermagor <203>,3
72 Jahre,Klagenfurt Land <204>,13
72 Jahre,Sankt Veit an der Glan <205>,14
72 Jahre,Spittal an der Drau <206>,14
72 Jahre,Villach Land <207>,13
72 Jahre,Völkermarkt <208>,6
72 Jahre,Wolfsberg <209>,9
72 Jahre,Krems an der Donau (Stadt) <301>,3
72 Jahre,Sankt Pölten (Stadt) <302>,9
72 Jahre,Waidhofen an der Ybbs (Stadt) <303>,3
72 Jahre,Wiener Neustadt (Stadt) <304>,14
72 Jahre,Amstetten <305>,15
72 Jahre,Baden <306>,42
72 Jahre,Bruck an der Leitha <307>,18
72 Jahre,Gänserndorf <308>,16
72 Jahre,Gmünd <309>,5
72 Jahre,Hollabrunn <310>,11
72 Jahre,Horn <311>,6
72 Jahre,Korneuburg <312>,12
72 Jahre,Krems Land <313>,5
72 Jahre,Lilienfeld <314>,5
72 Jahre,Melk <315>,9
72 Jahre,Mistelbach <316>,13
72 Jahre,Mödling <317>,26
72 Jahre,Neunkirchen <318>,15
72 Jahre,Sankt Pölten Land <319>,27
72 Jahre,Scheibbs <320>,4
72 Jahre,Tulln <321>,21
72 Jahre,Waidhofen an der Thaya <322>,3
72 Jahre,Wiener Neustadt Land <323>,14
72 Jahre,Wien Umgebung ^<324>,-
72 Jahre,Zwettl <325>,4
72 Jahre,Stadt Linz <401>,48
72 Jahre,Stadt Steyr <402>,8
72 Jahre,Stadt Wels <403>,9
72 Jahre,Braunau <404>,15
72 Jahre,Eferding <405>,5
72 Jahre,Freistadt <406>,4
72 Jahre,Gmunden <407>,18
72 Jahre,Grieskirchen <408>,17
72 Jahre,Kirchdorf <409>,20
72 Jahre,Linz Land <410>,23
72 Jahre,Perg <411>,11
72 Jahre,Ried <412>,12
72 Jahre,Rohrbach <413>,7
72 Jahre,Schärding <414>,9
72 Jahre,Steyr Land <415>,12
72 Jahre,Urfahr Umgebung <416>,7
72 Jahre,Vöcklabruck <417>,23
72 Jahre,Wels Land <418>,11
72 Jahre,Salzburg (Stadt) <501>,52
72 Jahre,Hallein <502>,11
72 Jahre,Salzburg Umgebung <503>,29
72 Jahre,St. Johann im Pongau <504>,17
72 Jahre,Tamsweg <505>,3
72 Jahre,Zell am See <506>,7
72 Jahre,Graz (Stadt) <601>,71
72 Jahre,Bruck an der Mur ^<602>,-
72 Jahre,Bruck-Mürzzuschlag <621>,22
72 Jahre,Deutschlandsberg <603>,20
72 Jahre,Feldbach ^<604>,-
72 Jahre,Fürstenfeld ^<605>,-
72 Jahre,Graz Umgebung <606>,33
72 Jahre,Hartberg ^<607>,-
72 Jahre,Hartberg-Fürstenfeld <622>,13
72 Jahre,Judenburg ^<608>,-
72 Jahre,Knittelfeld ^<609>,-
72 Jahre,Leibnitz <610>,20
72 Jahre,Leoben <611>,19
72 Jahre,Liezen <612>,17
72 Jahre,Murtal <620>,21
72 Jahre,Mürzzuschlag ^<613>,-
72 Jahre,Murau <614>,2
72 Jahre,Radkersburg ^<615>,-
72 Jahre,Südoststeiermark <623>,18
72 Jahre,Voitsberg <616>,9
72 Jahre,Weiz <617>,17
73 Jahre,Eisenstadt (Stadt) <101>,8
73 Jahre,Rust (Stadt) <102>,-
73 Jahre,Eisenstadt Umgebung <103>,10
73 Jahre,Güssing <104>,8
73 Jahre,Jennersdorf <105>,-
73 Jahre,Mattersburg <106>,4
73 Jahre,Neusiedl am See <107>,16
73 Jahre,Oberpullendorf <108>,13
73 Jahre,Oberwart <109>,14
73 Jahre,Klagenfurt (Stadt) <201>,28
73 Jahre,Villach (Stadt) <202>,12
73 Jahre,Feldkirchen <210>,12
73 Jahre,Hermagor <203>,6
73 Jahre,Klagenfurt Land <204>,12
73 Jahre,Sankt Veit an der Glan <205>,12
73 Jahre,Spittal an der Drau <206>,14
73 Jahre,Villach Land <207>,14
73 Jahre,Völkermarkt <208>,5
73 Jahre,Wolfsberg <209>,10
73 Jahre,Krems an der Donau (Stadt) <301>,4
73 Jahre,Sankt Pölten (Stadt) <302>,16
73 Jahre,Waidhofen an der Ybbs (Stadt) <303>,1
73 Jahre,Wiener Neustadt (Stadt) <304>,12
73 Jahre,Amstetten <305>,21
73 Jahre,Baden <306>,29
73 Jahre,Bruck an der Leitha <307>,15
73 Jahre,Gänserndorf <308>,16
73 Jahre,Gmünd <309>,5
73 Jahre,Hollabrunn <310>,7
73 Jahre,Horn <311>,5
73 Jahre,Korneuburg <312>,15
73 Jahre,Krems Land <313>,8
73 Jahre,Lilienfeld <314>,2
73 Jahre,Melk <315>,13
73 Jahre,Mistelbach <316>,11
73 Jahre,Mödling <317>,26
73 Jahre,Neunkirchen <318>,16
73 Jahre,Sankt Pölten Land <319>,22
73 Jahre,Scheibbs <320>,6
73 Jahre,Tulln <321>,19
73 Jahre,Waidhofen an der Thaya <322>,3
73 Jahre,Wiener Neustadt Land <323>,15
73 Jahre,Wien Umgebung ^<324>,-
73 Jahre,Zwettl <325>,6
73 Jahre,Stadt Linz <401>,40
73 Jahre,Stadt Steyr <402>,7
73 Jahre,Stadt Wels <403>,9
73 Jahre,Braunau <404>,22
73 Jahre,Eferding <405>,2
73 Jahre,Freistadt <406>,8
73 Jahre,Gmunden <407>,18
73 Jahre,Grieskirchen <408>,11
73 Jahre,Kirchdorf <409>,3
73 Jahre,Linz Land <410>,18
73 Jahre,Perg <411>,10
73 Jahre,Ried <412>,15
73 Jahre,Rohrbach <413>,8
73 Jahre,Schärding <414>,14
73 Jahre,Steyr Land <415>,11
73 Jahre,Urfahr Umgebung <416>,9
73 Jahre,Vöcklabruck <417>,19
73 Jahre,Wels Land <418>,15
73 Jahre,Salzburg (Stadt) <501>,37
73 Jahre,Hallein <502>,13
73 Jahre,Salzburg Umgebung <503>,21
73 Jahre,St. Johann im Pongau <504>,19
73 Jahre,Tamsweg <505>,3
73 Jahre,Zell am See <506>,13
73 Jahre,Graz (Stadt) <601>,68
73 Jahre,Bruck an der Mur ^<602>,-
73 Jahre,Bruck-Mürzzuschlag <621>,24
73 Jahre,Deutschlandsberg <603>,8
73 Jahre,Feldbach ^<604>,-
73 Jahre,Fürstenfeld ^<605>,-
73 Jahre,Graz Umgebung <606>,25
73 Jahre,Hartberg ^<607>,-
73 Jahre,Hartberg-Fürstenfeld <622>,17
73 Jahre,Judenburg ^<608>,-
73 Jahre,Knittelfeld ^<609>,-
73 Jahre,Leibnitz <610>,14
73 Jahre,Leoben <611>,17
73 Jahre,Liezen <612>,30
73 Jahre,Murtal <620>,14
73 Jahre,Mürzzuschlag ^<613>,-
73 Jahre,Murau <614>,7
73 Jahre,Radkersburg ^<615>,-
73 Jahre,Südoststeiermark <623>,22
73 Jahre,Voitsberg <616>,9
73 Jahre,Weiz <617>,15
74 Jahre,Eisenstadt (Stadt) <101>,8
74 Jahre,Rust (Stadt) <102>,-
74 Jahre,Eisenstadt Umgebung <103>,8
74 Jahre,Güssing <104>,6
74 Jahre,Jennersdorf <105>,4
74 Jahre,Mattersburg <106>,9
74 Jahre,Neusiedl am See <107>,11
74 Jahre,Oberpullendorf <108>,13
74 Jahre,Oberwart <109>,8
74 Jahre,Klagenfurt (Stadt) <201>,14
74 Jahre,Villach (Stadt) <202>,16
74 Jahre,Feldkirchen <210>,4
74 Jahre,Hermagor <203>,4
74 Jahre,Klagenfurt Land <204>,10
74 Jahre,Sankt Veit an der Glan <205>,8
74 Jahre,Spittal an der Drau <206>,14
74 Jahre,Villach Land <207>,15
74 Jahre,Völkermarkt <208>,9
74 Jahre,Wolfsberg <209>,11
74 Jahre,Krems an der Donau (Stadt) <301>,5
74 Jahre,Sankt Pölten (Stadt) <302>,16
74 Jahre,Waidhofen an der Ybbs (Stadt) <303>,3
74 Jahre,Wiener Neustadt (Stadt) <304>,8
74 Jahre,Amstetten <305>,17
74 Jahre,Baden <306>,34
74 Jahre,Bruck an der Leitha <307>,22
74 Jahre,Gänserndorf <308>,15
74 Jahre,Gmünd <309>,4
74 Jahre,Hollabrunn <310>,12
74 Jahre,Horn <311>,10
74 Jahre,Korneuburg <312>,13
74 Jahre,Krems Land <313>,6
74 Jahre,Lilienfeld <314>,6
74 Jahre,Melk <315>,10
74 Jahre,Mistelbach <316>,12
74 Jahre,Mödling <317>,29
74 Jahre,Neunkirchen <318>,14
74 Jahre,Sankt Pölten Land <319>,26
74 Jahre,Scheibbs <320>,5
74 Jahre,Tulln <321>,21
74 Jahre,Waidhofen an der Thaya <322>,4
74 Jahre,Wiener Neustadt Land <323>,18
74 Jahre,Wien Umgebung ^<324>,-
74 Jahre,Zwettl <325>,8
74 Jahre,Stadt Linz <401>,44
74 Jahre,Stadt Steyr <402>,6
74 Jahre,Stadt Wels <403>,4
74 Jahre,Braunau <404>,14
74 Jahre,Eferding <405>,3
74 Jahre,Freistadt <406>,11
74 Jahre,Gmunden <407>,21
74 Jahre,Grieskirchen <408>,9
74 Jahre,Kirchdorf <409>,9
74 Jahre,Linz Land <410>,23
74 Jahre,Perg <411>,10
74 Jahre,Ried <412>,12
74 Jahre,Rohrbach <413>,12
74 Jahre,Schärding <414>,9
74 Jahre,Steyr Land <415>,11
74 Jahre,Urfahr Umgebung <416>,13
74 Jahre,Vöcklabruck <417>,18
74 Jahre,Wels Land <418>,16
74 Jahre,Salzburg (Stadt) <501>,33
74 Jahre,Hallein <502>,9
74 Jahre,Salzburg Umgebung <503>,30
74 Jahre,St. Johann im Pongau <504>,16
74 Jahre,Tamsweg <505>,3
74 Jahre,Zell am See <506>,11
74 Jahre,Graz (Stadt) <601>,56
74 Jahre,Bruck an der Mur ^<602>,-
74 Jahre,Bruck-Mürzzuschlag <621>,26
74 Jahre,Deutschlandsberg <603>,17
74 Jahre,Feldbach ^<604>,-
74 Jahre,Fürstenfeld ^<605>,-
74 Jahre,Graz Umgebung <606>,27
74 Jahre,Hartberg ^<607>,-
74 Jahre,Hartberg-Fürstenfeld <622>,23
74 Jahre,Judenburg ^<608>,-
74 Jahre,Knittelfeld ^<609>,-
74 Jahre,Leibnitz <610>,17
74 Jahre,Leoben <611>,15
74 Jahre,Liezen <612>,22
74 Jahre,Murtal <620>,24
74 Jahre,Mürzzuschlag ^<613>,-
74 Jahre,Murau <614>,5
74 Jahre,Radkersburg ^<615>,-
74 Jahre,Südoststeiermark <623>,19
74 Jahre,Voitsberg <616>,13
74 Jahre,Weiz <617>,19
75 Jahre,Eisenstadt (Stadt) <101>,1
75 Jahre,Rust (Stadt) <102>,-
75 Jahre,Eisenstadt Umgebung <103>,8
75 Jahre,Güssing <104>,11
75 Jahre,Jennersdorf <105>,1
75 Jahre,Mattersburg <106>,5
75 Jahre,Neusiedl am See <107>,15
75 Jahre,Oberpullendorf <108>,11
75 Jahre,Oberwart <109>,13
75 Jahre,Klagenfurt (Stadt) <201>,16
75 Jahre,Villach (Stadt) <202>,10
75 Jahre,Feldkirchen <210>,6
75 Jahre,Hermagor <203>,5
75 Jahre,Klagenfurt Land <204>,8
75 Jahre,Sankt Veit an der Glan <205>,13
75 Jahre,Spittal an der Drau <206>,16
75 Jahre,Villach Land <207>,9
75 Jahre,Völkermarkt <208>,8
75 Jahre,Wolfsberg <209>,6
75 Jahre,Krems an der Donau (Stadt) <301>,7
75 Jahre,Sankt Pölten (Stadt) <302>,12
75 Jahre,Waidhofen an der Ybbs (Stadt) <303>,2
75 Jahre,Wiener Neustadt (Stadt) <304>,6
75 Jahre,Amstetten <305>,15
75 Jahre,Baden <306>,35
75 Jahre,Bruck an der Leitha <307>,19
75 Jahre,Gänserndorf <308>,18
75 Jahre,Gmünd <309>,11
75 Jahre,Hollabrunn <310>,4
75 Jahre,Horn <311>,5
75 Jahre,Korneuburg <312>,6
75 Jahre,Krems Land <313>,3
75 Jahre,Lilienfeld <314>,8
75 Jahre,Melk <315>,14
75 Jahre,Mistelbach <316>,11
75 Jahre,Mödling <317>,26
75 Jahre,Neunkirchen <318>,16
75 Jahre,Sankt Pölten Land <319>,25
75 Jahre,Scheibbs <320>,7
75 Jahre,Tulln <321>,22
75 Jahre,Waidhofen an der Thaya <322>,2
75 Jahre,Wiener Neustadt Land <323>,14
75 Jahre,Wien Umgebung ^<324>,-
75 Jahre,Zwettl <325>,12
75 Jahre,Stadt Linz <401>,38
75 Jahre,Stadt Steyr <402>,7
75 Jahre,Stadt Wels <403>,15
75 Jahre,Braunau <404>,16
75 Jahre,Eferding <405>,5
75 Jahre,Freistadt <406>,9
75 Jahre,Gmunden <407>,23
75 Jahre,Grieskirchen <408>,15
75 Jahre,Kirchdorf <409>,8
75 Jahre,Linz Land <410>,18
75 Jahre,Perg <411>,11
75 Jahre,Ried <412>,6
75 Jahre,Rohrbach <413>,11
75 Jahre,Schärding <414>,8
75 Jahre,Steyr Land <415>,11
75 Jahre,Urfahr Umgebung <416>,8
75 Jahre,Vöcklabruck <417>,28
75 Jahre,Wels Land <418>,16
75 Jahre,Salzburg (Stadt) <501>,30
75 Jahre,Hallein <502>,11
75 Jahre,Salzburg Umgebung <503>,21
75 Jahre,St. Johann im Pongau <504>,24
75 Jahre,Tamsweg <505>,2
75 Jahre,Zell am See <506>,18
75 Jahre,Graz (Stadt) <601>,56
75 Jahre,Bruck an der Mur ^<602>,-
75 Jahre,Bruck-Mürzzuschlag <621>,29
75 Jahre,Deutschlandsberg <603>,11
75 Jahre,Feldbach ^<604>,-
75 Jahre,Fürstenfeld ^<605>,-
75 Jahre,Graz Umgebung <606>,20
75 Jahre,Hartberg ^<607>,-
75 Jahre,Hartberg-Fürstenfeld <622>,17
75 Jahre,Judenburg ^<608>,-
75 Jahre,Knittelfeld ^<609>,-
75 Jahre,Leibnitz <610>,13
75 Jahre,Leoben <611>,11
75 Jahre,Liezen <612>,16
75 Jahre,Murtal <620>,13
75 Jahre,Mürzzuschlag ^<613>,-
75 Jahre,Murau <614>,5
75 Jahre,Radkersburg ^<615>,-
75 Jahre,Südoststeiermark <623>,10
75 Jahre,Voitsberg <616>,9
75 Jahre,Weiz <617>,15
76 Jahre,Eisenstadt (Stadt) <101>,1
76 Jahre,Rust (Stadt) <102>,1
76 Jahre,Eisenstadt Umgebung <103>,13
76 Jahre,Güssing <104>,6
76 Jahre,Jennersdorf <105>,5
76 Jahre,Mattersburg <106>,7
76 Jahre,Neusiedl am See <107>,16
76 Jahre,Oberpullendorf <108>,15
76 Jahre,Oberwart <109>,18
76 Jahre,Klagenfurt (Stadt) <201>,20
76 Jahre,Villach (Stadt) <202>,18
76 Jahre,Feldkirchen <210>,7
76 Jahre,Hermagor <203>,4
76 Jahre,Klagenfurt Land <204>,8
76 Jahre,Sankt Veit an der Glan <205>,10
76 Jahre,Spittal an der Drau <206>,14
76 Jahre,Villach Land <207>,12
76 Jahre,Völkermarkt <208>,7
76 Jahre,Wolfsberg <209>,6
76 Jahre,Krems an der Donau (Stadt) <301>,4
76 Jahre,Sankt Pölten (Stadt) <302>,4
76 Jahre,Waidhofen an der Ybbs (Stadt) <303>,-
76 Jahre,Wiener Neustadt (Stadt) <304>,9
76 Jahre,Amstetten <305>,18
76 Jahre,Baden <306>,27
76 Jahre,Bruck an der Leitha <307>,13
76 Jahre,Gänserndorf <308>,20
76 Jahre,Gmünd <309>,8
76 Jahre,Hollabrunn <310>,7
76 Jahre,Horn <311>,8
76 Jahre,Korneuburg <312>,15
76 Jahre,Krems Land <313>,9
76 Jahre,Lilienfeld <314>,5
76 Jahre,Melk <315>,11
76 Jahre,Mistelbach <316>,10
76 Jahre,Mödling <317>,22
76 Jahre,Neunkirchen <318>,23
76 Jahre,Sankt Pölten Land <319>,25
76 Jahre,Scheibbs <320>,4
76 Jahre,Tulln <321>,18
76 Jahre,Waidhofen an der Thaya <322>,5
76 Jahre,Wiener Neustadt Land <323>,13
76 Jahre,Wien Umgebung ^<324>,-
76 Jahre,Zwettl <325>,4
76 Jahre,Stadt Linz <401>,54
76 Jahre,Stadt Steyr <402>,4
76 Jahre,Stadt Wels <403>,11
76 Jahre,Braunau <404>,15
76 Jahre,Eferding <405>,4
76 Jahre,Freistadt <406>,7
76 Jahre,Gmunden <407>,12
76 Jahre,Grieskirchen <408>,8
76 Jahre,Kirchdorf <409>,7
76 Jahre,Linz Land <410>,23
76 Jahre,Perg <411>,11
76 Jahre,Ried <412>,9
76 Jahre,Rohrbach <413>,9
76 Jahre,Schärding <414>,15
76 Jahre,Steyr Land <415>,13
76 Jahre,Urfahr Umgebung <416>,12
76 Jahre,Vöcklabruck <417>,26
76 Jahre,Wels Land <418>,15
76 Jahre,Salzburg (Stadt) <501>,42
76 Jahre,Hallein <502>,5
76 Jahre,Salzburg Umgebung <503>,30
76 Jahre,St. Johann im Pongau <504>,17
76 Jahre,Tamsweg <505>,2
76 Jahre,Zell am See <506>,18
76 Jahre,Graz (Stadt) <601>,60
76 Jahre,Bruck an der Mur ^<602>,-
76 Jahre,Bruck-Mürzzuschlag <621>,21
76 Jahre,Deutschlandsberg <603>,18
76 Jahre,Feldbach ^<604>,-
76 Jahre,Fürstenfeld ^<605>,-
76 Jahre,Graz Umgebung <606>,34
76 Jahre,Hartberg ^<607>,-
76 Jahre,Hartberg-Fürstenfeld <622>,14
76 Jahre,Judenburg ^<608>,-
76 Jahre,Knittelfeld ^<609>,-
76 Jahre,Leibnitz <610>,12
76 Jahre,Leoben <611>,26
76 Jahre,Liezen <612>,11
76 Jahre,Murtal <620>,17
76 Jahre,Mürzzuschlag ^<613>,-
76 Jahre,Murau <614>,9
76 Jahre,Radkersburg ^<615>,-
76 Jahre,Südoststeiermark <623>,20
76 Jahre,Voitsberg <616>,19
76 Jahre,Weiz <617>,22
77 Jahre,Eisenstadt (Stadt) <101>,7
77 Jahre,Rust (Stadt) <102>,-
77 Jahre,Eisenstadt Umgebung <103>,12
77 Jahre,Güssing <104>,5
77 Jahre,Jennersdorf <105>,10
77 Jahre,Mattersburg <106>,8
77 Jahre,Neusiedl am See <107>,5
77 Jahre,Oberpullendorf <108>,13
77 Jahre,Oberwart <109>,14
77 Jahre,Klagenfurt (Stadt) <201>,34
77 Jahre,Villach (Stadt) <202>,9
77 Jahre,Feldkirchen <210>,11
77 Jahre,Hermagor <203>,5
77 Jahre,Klagenfurt Land <204>,12
77 Jahre,Sankt Veit an der Glan <205>,20
77 Jahre,Spittal an der Drau <206>,8
77 Jahre,Villach Land <207>,9
77 Jahre,Völkermarkt <208>,10
77 Jahre,Wolfsberg <209>,15
77 Jahre,Krems an der Donau (Stadt) <301>,5
77 Jahre,Sankt Pölten (Stadt) <302>,8
77 Jahre,Waidhofen an der Ybbs (Stadt) <303>,3
77 Jahre,Wiener Neustadt (Stadt) <304>,11
77 Jahre,Amstetten <305>,11
77 Jahre,Baden <306>,31
77 Jahre,Bruck an der Leitha <307>,26
77 Jahre,Gänserndorf <308>,16
77 Jahre,Gmünd <309>,3
77 Jahre,Hollabrunn <310>,10
77 Jahre,Horn <311>,9
77 Jahre,Korneuburg <312>,17
77 Jahre,Krems Land <313>,8
77 Jahre,Lilienfeld <314>,4
77 Jahre,Melk <315>,14
77 Jahre,Mistelbach <316>,11
77 Jahre,Mödling <317>,22
77 Jahre,Neunkirchen <318>,13
77 Jahre,Sankt Pölten Land <319>,32
77 Jahre,Scheibbs <320>,6
77 Jahre,Tulln <321>,29
77 Jahre,Waidhofen an der Thaya <322>,5
77 Jahre,Wiener Neustadt Land <323>,17
77 Jahre,Wien Umgebung ^<324>,-
77 Jahre,Zwettl <325>,4
77 Jahre,Stadt Linz <401>,52
77 Jahre,Stadt Steyr <402>,4
77 Jahre,Stadt Wels <403>,12
77 Jahre,Braunau <404>,11
77 Jahre,Eferding <405>,6
77 Jahre,Freistadt <406>,14
77 Jahre,Gmunden <407>,17
77 Jahre,Grieskirchen <408>,13
77 Jahre,Kirchdorf <409>,9
77 Jahre,Linz Land <410>,25
77 Jahre,Perg <411>,8
77 Jahre,Ried <412>,13
77 Jahre,Rohrbach <413>,10
77 Jahre,Schärding <414>,7
77 Jahre,Steyr Land <415>,8
77 Jahre,Urfahr Umgebung <416>,9
77 Jahre,Vöcklabruck <417>,17
77 Jahre,Wels Land <418>,15
77 Jahre,Salzburg (Stadt) <501>,41
77 Jahre,Hallein <502>,12
77 Jahre,Salzburg Umgebung <503>,32
77 Jahre,St. Johann im Pongau <504>,10
77 Jahre,Tamsweg <505>,3
77 Jahre,Zell am See <506>,16
77 Jahre,Graz (Stadt) <601>,54
77 Jahre,Bruck an der Mur ^<602>,-
77 Jahre,Bruck-Mürzzuschlag <621>,27
77 Jahre,Deutschlandsberg <603>,14
77 Jahre,Feldbach ^<604>,-
77 Jahre,Fürstenfeld ^<605>,-
77 Jahre,Graz Umgebung <606>,32
77 Jahre,Hartberg ^<607>,-
77 Jahre,Hartberg-Fürstenfeld <622>,16
77 Jahre,Judenburg ^<608>,-
77 Jahre,Knittelfeld ^<609>,-
77 Jahre,Leibnitz <610>,27
77 Jahre,Leoben <611>,18
77 Jahre,Liezen <612>,16
77 Jahre,Murtal <620>,28
77 Jahre,Mürzzuschlag ^<613>,-
77 Jahre,Murau <614>,11
77 Jahre,Radkersburg ^<615>,-
77 Jahre,Südoststeiermark <623>,18
77 Jahre,Voitsberg <616>,13
77 Jahre,Weiz <617>,17
78 Jahre,Eisenstadt (Stadt) <101>,3
78 Jahre,Rust (Stadt) <102>,-
78 Jahre,Eisenstadt Umgebung <103>,12
78 Jahre,Güssing <104>,6
78 Jahre,Jennersdorf <105>,5
78 Jahre,Mattersburg <106>,4
78 Jahre,Neusiedl am See <107>,6
78 Jahre,Oberpullendorf <108>,18
78 Jahre,Oberwart <109>,26
78 Jahre,Klagenfurt (Stadt) <201>,23
78 Jahre,Villach (Stadt) <202>,18
78 Jahre,Feldkirchen <210>,5
78 Jahre,Hermagor <203>,4
78 Jahre,Klagenfurt Land <204>,16
78 Jahre,Sankt Veit an der Glan <205>,14
78 Jahre,Spittal an der Drau <206>,15
78 Jahre,Villach Land <207>,18
78 Jahre,Völkermarkt <208>,9
78 Jahre,Wolfsberg <209>,7
78 Jahre,Krems an der Donau (Stadt) <301>,4
78 Jahre,Sankt Pölten (Stadt) <302>,13
78 Jahre,Waidhofen an der Ybbs (Stadt) <303>,1
78 Jahre,Wiener Neustadt (Stadt) <304>,14
78 Jahre,Amstetten <305>,17
78 Jahre,Baden <306>,21
78 Jahre,Bruck an der Leitha <307>,22
78 Jahre,Gänserndorf <308>,19
78 Jahre,Gmünd <309>,8
78 Jahre,Hollabrunn <310>,9
78 Jahre,Horn <311>,7
78 Jahre,Korneuburg <312>,20
78 Jahre,Krems Land <313>,10
78 Jahre,Lilienfeld <314>,4
78 Jahre,Melk <315>,7
78 Jahre,Mistelbach <316>,15
78 Jahre,Mödling <317>,28
78 Jahre,Neunkirchen <318>,16
78 Jahre,Sankt Pölten Land <319>,26
78 Jahre,Scheibbs <320>,3
78 Jahre,Tulln <321>,32
78 Jahre,Waidhofen an der Thaya <322>,5
78 Jahre,Wiener Neustadt Land <323>,16
78 Jahre,Wien Umgebung ^<324>,-
78 Jahre,Zwettl <325>,8
78 Jahre,Stadt Linz <401>,45
78 Jahre,Stadt Steyr <402>,8
78 Jahre,Stadt Wels <403>,14
78 Jahre,Braunau <404>,17
78 Jahre,Eferding <405>,7
78 Jahre,Freistadt <406>,9
78 Jahre,Gmunden <407>,19
78 Jahre,Grieskirchen <408>,7
78 Jahre,Kirchdorf <409>,13
78 Jahre,Linz Land <410>,21
78 Jahre,Perg <411>,9
78 Jahre,Ried <412>,12
78 Jahre,Rohrbach <413>,5
78 Jahre,Schärding <414>,11
78 Jahre,Steyr Land <415>,9
78 Jahre,Urfahr Umgebung <416>,11
78 Jahre,Vöcklabruck <417>,27
78 Jahre,Wels Land <418>,8
78 Jahre,Salzburg (Stadt) <501>,37
78 Jahre,Hallein <502>,9
78 Jahre,Salzburg Umgebung <503>,25
78 Jahre,St. Johann im Pongau <504>,25
78 Jahre,Tamsweg <505>,5
78 Jahre,Zell am See <506>,7
78 Jahre,Graz (Stadt) <601>,53
78 Jahre,Bruck an der Mur ^<602>,-
78 Jahre,Bruck-Mürzzuschlag <621>,42
78 Jahre,Deutschlandsberg <603>,26
78 Jahre,Feldbach ^<604>,-
78 Jahre,Fürstenfeld ^<605>,-
78 Jahre,Graz Umgebung <606>,26
78 Jahre,Hartberg ^<607>,-
78 Jahre,Hartberg-Fürstenfeld <622>,27
78 Jahre,Judenburg ^<608>,-
78 Jahre,Knittelfeld ^<609>,-
78 Jahre,Leibnitz <610>,24
78 Jahre,Leoben <611>,27
78 Jahre,Liezen <612>,24
78 Jahre,Murtal <620>,19
78 Jahre,Mürzzuschlag ^<613>,-
78 Jahre,Murau <614>,7
78 Jahre,Radkersburg ^<615>,-
78 Jahre,Südoststeiermark <623>,15
78 Jahre,Voitsberg <616>,8
78 Jahre,Weiz <617>,20
79 Jahre,Eisenstadt (Stadt) <101>,4
79 Jahre,Rust (Stadt) <102>,1
79 Jahre,Eisenstadt Umgebung <103>,8
79 Jahre,Güssing <104>,6
79 Jahre,Jennersdorf <105>,2
79 Jahre,Mattersburg <106>,6
79 Jahre,Neusiedl am See <107>,10
79 Jahre,Oberpullendorf <108>,6
79 Jahre,Oberwart <109>,16
79 Jahre,Klagenfurt (Stadt) <201>,21
79 Jahre,Villach (Stadt) <202>,20
79 Jahre,Feldkirchen <210>,12
79 Jahre,Hermagor <203>,1
79 Jahre,Klagenfurt Land <204>,7
79 Jahre,Sankt Veit an der Glan <205>,13
79 Jahre,Spittal an der Drau <206>,12
79 Jahre,Villach Land <207>,9
79 Jahre,Völkermarkt <208>,6
79 Jahre,Wolfsberg <209>,11
79 Jahre,Krems an der Donau (Stadt) <301>,9
79 Jahre,Sankt Pölten (Stadt) <302>,7
79 Jahre,Waidhofen an der Ybbs (Stadt) <303>,2
79 Jahre,Wiener Neustadt (Stadt) <304>,8
79 Jahre,Amstetten <305>,14
79 Jahre,Baden <306>,15
79 Jahre,Bruck an der Leitha <307>,16
79 Jahre,Gänserndorf <308>,10
79 Jahre,Gmünd <309>,11
79 Jahre,Hollabrunn <310>,11
79 Jahre,Horn <311>,3
79 Jahre,Korneuburg <312>,15
79 Jahre,Krems Land <313>,8
79 Jahre,Lilienfeld <314>,4
79 Jahre,Melk <315>,6
79 Jahre,Mistelbach <316>,16
79 Jahre,Mödling <317>,24
79 Jahre,Neunkirchen <318>,15
79 Jahre,Sankt Pölten Land <319>,25
79 Jahre,Scheibbs <320>,2
79 Jahre,Tulln <321>,18
79 Jahre,Waidhofen an der Thaya <322>,7
79 Jahre,Wiener Neustadt Land <323>,12
79 Jahre,Wien Umgebung ^<324>,-
79 Jahre,Zwettl <325>,6
79 Jahre,Stadt Linz <401>,48
79 Jahre,Stadt Steyr <402>,6
79 Jahre,Stadt Wels <403>,9
79 Jahre,Braunau <404>,17
79 Jahre,Eferding <405>,4
79 Jahre,Freistadt <406>,7
79 Jahre,Gmunden <407>,19
79 Jahre,Grieskirchen <408>,6
79 Jahre,Kirchdorf <409>,4
79 Jahre,Linz Land <410>,22
79 Jahre,Perg <411>,9
79 Jahre,Ried <412>,5
79 Jahre,Rohrbach <413>,2
79 Jahre,Schärding <414>,9
79 Jahre,Steyr Land <415>,4
79 Jahre,Urfahr Umgebung <416>,5
79 Jahre,Vöcklabruck <417>,18
79 Jahre,Wels Land <418>,10
79 Jahre,Salzburg (Stadt) <501>,23
79 Jahre,Hallein <502>,2
79 Jahre,Salzburg Umgebung <503>,16
79 Jahre,St. Johann im Pongau <504>,10
79 Jahre,Tamsweg <505>,2
79 Jahre,Zell am See <506>,12
79 Jahre,Graz (Stadt) <601>,45
79 Jahre,Bruck an der Mur ^<602>,-
79 Jahre,Bruck-Mürzzuschlag <621>,18
79 Jahre,Deutschlandsberg <603>,12
79 Jahre,Feldbach ^<604>,-
79 Jahre,Fürstenfeld ^<605>,-
79 Jahre,Graz Umgebung <606>,13
79 Jahre,Hartberg ^<607>,-
79 Jahre,Hartberg-Fürstenfeld <622>,19
79 Jahre,Judenburg ^<608>,-
79 Jahre,Knittelfeld ^<609>,-
79 Jahre,Leibnitz <610>,19
79 Jahre,Leoben <611>,20
79 Jahre,Liezen <612>,12
79 Jahre,Murtal <620>,12
79 Jahre,Mürzzuschlag ^<613>,-
79 Jahre,Murau <614>,6
79 Jahre,Radkersburg ^<615>,-
79 Jahre,Südoststeiermark <623>,20
79 Jahre,Voitsberg <616>,2
79 Jahre,Weiz <617>,13
80 Jahre,Eisenstadt (Stadt) <101>,2
80 Jahre,Rust (Stadt) <102>,-
80 Jahre,Eisenstadt Umgebung <103>,8
80 Jahre,Güssing <104>,7
80 Jahre,Jennersdorf <105>,5
80 Jahre,Mattersburg <106>,4
80 Jahre,Neusiedl am See <107>,6
80 Jahre,Oberpullendorf <108>,5
80 Jahre,Oberwart <109>,14
80 Jahre,Klagenfurt (Stadt) <201>,25
80 Jahre,Villach (Stadt) <202>,10
80 Jahre,Feldkirchen <210>,9
80 Jahre,Hermagor <203>,4
80 Jahre,Klagenfurt Land <204>,12
80 Jahre,Sankt Veit an der Glan <205>,11
80 Jahre,Spittal an der Drau <206>,16
80 Jahre,Villach Land <207>,12
80 Jahre,Völkermarkt <208>,7
80 Jahre,Wolfsberg <209>,7
80 Jahre,Krems an der Donau (Stadt) <301>,11
80 Jahre,Sankt Pölten (Stadt) <302>,20
80 Jahre,Waidhofen an der Ybbs (Stadt) <303>,4
80 Jahre,Wiener Neustadt (Stadt) <304>,11
80 Jahre,Amstetten <305>,11
80 Jahre,Baden <306>,27
80 Jahre,Bruck an der Leitha <307>,22
80 Jahre,Gänserndorf <308>,11
80 Jahre,Gmünd <309>,9
80 Jahre,Hollabrunn <310>,3
80 Jahre,Horn <311>,6
80 Jahre,Korneuburg <312>,16
80 Jahre,Krems Land <313>,13
80 Jahre,Lilienfeld <314>,5
80 Jahre,Melk <315>,16
80 Jahre,Mistelbach <316>,10
80 Jahre,Mödling <317>,30
80 Jahre,Neunkirchen <318>,23
80 Jahre,Sankt Pölten Land <319>,21
80 Jahre,Scheibbs <320>,2
80 Jahre,Tulln <321>,18
80 Jahre,Waidhofen an der Thaya <322>,5
80 Jahre,Wiener Neustadt Land <323>,9
80 Jahre,Wien Umgebung ^<324>,-
80 Jahre,Zwettl <325>,4
80 Jahre,Stadt Linz <401>,29
80 Jahre,Stadt Steyr <402>,5
80 Jahre,Stadt Wels <403>,11
80 Jahre,Braunau <404>,10
80 Jahre,Eferding <405>,4
80 Jahre,Freistadt <406>,4
80 Jahre,Gmunden <407>,10
80 Jahre,Grieskirchen <408>,11
80 Jahre,Kirchdorf <409>,8
80 Jahre,Linz Land <410>,18
80 Jahre,Perg <411>,11
80 Jahre,Ried <412>,8
80 Jahre,Rohrbach <413>,9
80 Jahre,Schärding <414>,7
80 Jahre,Steyr Land <415>,13
80 Jahre,Urfahr Umgebung <416>,7
80 Jahre,Vöcklabruck <417>,20
80 Jahre,Wels Land <418>,8
80 Jahre,Salzburg (Stadt) <501>,22
80 Jahre,Hallein <502>,6
80 Jahre,Salzburg Umgebung <503>,22
80 Jahre,St. Johann im Pongau <504>,13
80 Jahre,Tamsweg <505>,2
80 Jahre,Zell am See <506>,20
80 Jahre,Graz (Stadt) <601>,71
80 Jahre,Bruck an der Mur ^<602>,-
80 Jahre,Bruck-Mürzzuschlag <621>,25
80 Jahre,Deutschlandsberg <603>,13
80 Jahre,Feldbach ^<604>,-
80 Jahre,Fürstenfeld ^<605>,-
80 Jahre,Graz Umgebung <606>,26
80 Jahre,Hartberg ^<607>,-
80 Jahre,Hartberg-Fürstenfeld <622>,19
80 Jahre,Judenburg ^<608>,-
80 Jahre,Knittelfeld ^<609>,-
80 Jahre,Leibnitz <610>,17
80 Jahre,Leoben <611>,20
80 Jahre,Liezen <612>,23
80 Jahre,Murtal <620>,32
80 Jahre,Mürzzuschlag ^<613>,-
80 Jahre,Murau <614>,8
80 Jahre,Radkersburg ^<615>,-
80 Jahre,Südoststeiermark <623>,20
80 Jahre,Voitsberg <616>,9
80 Jahre,Weiz <617>,16
81 Jahre,Eisenstadt (Stadt) <101>,2
81 Jahre,Rust (Stadt) <102>,-
81 Jahre,Eisenstadt Umgebung <103>,9
81 Jahre,Güssing <104>,4
81 Jahre,Jennersdorf <105>,10
81 Jahre,Mattersburg <106>,5
81 Jahre,Neusiedl am See <107>,8
81 Jahre,Oberpullendorf <108>,3
81 Jahre,Oberwart <109>,14
81 Jahre,Klagenfurt (Stadt) <201>,30
81 Jahre,Villach (Stadt) <202>,17
81 Jahre,Feldkirchen <210>,10
81 Jahre,Hermagor <203>,2
81 Jahre,Klagenfurt Land <204>,8
81 Jahre,Sankt Veit an der Glan <205>,15
81 Jahre,Spittal an der Drau <206>,14
81 Jahre,Villach Land <207>,14
81 Jahre,Völkermarkt <208>,6
81 Jahre,Wolfsberg <209>,11
81 Jahre,Krems an der Donau (Stadt) <301>,8
81 Jahre,Sankt Pölten (Stadt) <302>,12
81 Jahre,Waidhofen an der Ybbs (Stadt) <303>,2
81 Jahre,Wiener Neustadt (Stadt) <304>,13
81 Jahre,Amstetten <305>,13
81 Jahre,Baden <306>,35
81 Jahre,Bruck an der Leitha <307>,22
81 Jahre,Gänserndorf <308>,19
81 Jahre,Gmünd <309>,4
81 Jahre,Hollabrunn <310>,7
81 Jahre,Horn <311>,11
81 Jahre,Korneuburg <312>,21
81 Jahre,Krems Land <313>,9
81 Jahre,Lilienfeld <314>,6
81 Jahre,Melk <315>,11
81 Jahre,Mistelbach <316>,14
81 Jahre,Mödling <317>,24
81 Jahre,Neunkirchen <318>,16
81 Jahre,Sankt Pölten Land <319>,26
81 Jahre,Scheibbs <320>,10
81 Jahre,Tulln <321>,31
81 Jahre,Waidhofen an der Thaya <322>,4
81 Jahre,Wiener Neustadt Land <323>,13
81 Jahre,Wien Umgebung ^<324>,-
81 Jahre,Zwettl <325>,6
81 Jahre,Stadt Linz <401>,50
81 Jahre,Stadt Steyr <402>,7
81 Jahre,Stadt Wels <403>,18
81 Jahre,Braunau <404>,19
81 Jahre,Eferding <405>,4
81 Jahre,Freistadt <406>,8
81 Jahre,Gmunden <407>,30
81 Jahre,Grieskirchen <408>,16
81 Jahre,Kirchdorf <409>,17
81 Jahre,Linz Land <410>,34
81 Jahre,Perg <411>,12
81 Jahre,Ried <412>,11
81 Jahre,Rohrbach <413>,11
81 Jahre,Schärding <414>,10
81 Jahre,Steyr Land <415>,8
81 Jahre,Urfahr Umgebung <416>,11
81 Jahre,Vöcklabruck <417>,27
81 Jahre,Wels Land <418>,17
81 Jahre,Salzburg (Stadt) <501>,26
81 Jahre,Hallein <502>,11
81 Jahre,Salzburg Umgebung <503>,31
81 Jahre,St. Johann im Pongau <504>,20
81 Jahre,Tamsweg <505>,7
81 Jahre,Zell am See <506>,18
81 Jahre,Graz (Stadt) <601>,59
81 Jahre,Bruck an der Mur ^<602>,-
81 Jahre,Bruck-Mürzzuschlag <621>,38
81 Jahre,Deutschlandsberg <603>,22
81 Jahre,Feldbach ^<604>,-
81 Jahre,Fürstenfeld ^<605>,-
81 Jahre,Graz Umgebung <606>,36
81 Jahre,Hartberg ^<607>,-
81 Jahre,Hartberg-Fürstenfeld <622>,22
81 Jahre,Judenburg ^<608>,-
81 Jahre,Knittelfeld ^<609>,-
81 Jahre,Leibnitz <610>,29
81 Jahre,Leoben <611>,30
81 Jahre,Liezen <612>,29
81 Jahre,Murtal <620>,30
81 Jahre,Mürzzuschlag ^<613>,-
81 Jahre,Murau <614>,8
81 Jahre,Radkersburg ^<615>,-
81 Jahre,Südoststeiermark <623>,26
81 Jahre,Voitsberg <616>,15
81 Jahre,Weiz <617>,14
82 Jahre,Eisenstadt (Stadt) <101>,3
82 Jahre,Rust (Stadt) <102>,2
82 Jahre,Eisenstadt Umgebung <103>,8
82 Jahre,Güssing <104>,8
82 Jahre,Jennersdorf <105>,3
82 Jahre,Mattersburg <106>,7
82 Jahre,Neusiedl am See <107>,11
82 Jahre,Oberpullendorf <108>,6
82 Jahre,Oberwart <109>,9
82 Jahre,Klagenfurt (Stadt) <201>,15
82 Jahre,Villach (Stadt) <202>,18
82 Jahre,Feldkirchen <210>,5
82 Jahre,Hermagor <203>,1
82 Jahre,Klagenfurt Land <204>,11
82 Jahre,Sankt Veit an der Glan <205>,14
82 Jahre,Spittal an der Drau <206>,15
82 Jahre,Villach Land <207>,11
82 Jahre,Völkermarkt <208>,13
82 Jahre,Wolfsberg <209>,8
82 Jahre,Krems an der Donau (Stadt) <301>,10
82 Jahre,Sankt Pölten (Stadt) <302>,14
82 Jahre,Waidhofen an der Ybbs (Stadt) <303>,3
82 Jahre,Wiener Neustadt (Stadt) <304>,10
82 Jahre,Amstetten <305>,20
82 Jahre,Baden <306>,28
82 Jahre,Bruck an der Leitha <307>,19
82 Jahre,Gänserndorf <308>,16
82 Jahre,Gmünd <309>,10
82 Jahre,Hollabrunn <310>,12
82 Jahre,Horn <311>,7
82 Jahre,Korneuburg <312>,8
82 Jahre,Krems Land <313>,11
82 Jahre,Lilienfeld <314>,7
82 Jahre,Melk <315>,16
82 Jahre,Mistelbach <316>,11
82 Jahre,Mödling <317>,24
82 Jahre,Neunkirchen <318>,23
82 Jahre,Sankt Pölten Land <319>,24
82 Jahre,Scheibbs <320>,6
82 Jahre,Tulln <321>,25
82 Jahre,Waidhofen an der Thaya <322>,5
82 Jahre,Wiener Neustadt Land <323>,10
82 Jahre,Wien Umgebung ^<324>,-
82 Jahre,Zwettl <325>,3
82 Jahre,Stadt Linz <401>,56
82 Jahre,Stadt Steyr <402>,9
82 Jahre,Stadt Wels <403>,11
82 Jahre,Braunau <404>,11
82 Jahre,Eferding <405>,5
82 Jahre,Freistadt <406>,10
82 Jahre,Gmunden <407>,21
82 Jahre,Grieskirchen <408>,7
82 Jahre,Kirchdorf <409>,15
82 Jahre,Linz Land <410>,24
82 Jahre,Perg <411>,10
82 Jahre,Ried <412>,8
82 Jahre,Rohrbach <413>,8
82 Jahre,Schärding <414>,8
82 Jahre,Steyr Land <415>,12
82 Jahre,Urfahr Umgebung <416>,15
82 Jahre,Vöcklabruck <417>,20
82 Jahre,Wels Land <418>,10
82 Jahre,Salzburg (Stadt) <501>,27
82 Jahre,Hallein <502>,6
82 Jahre,Salzburg Umgebung <503>,25
82 Jahre,St. Johann im Pongau <504>,17
82 Jahre,Tamsweg <505>,9
82 Jahre,Zell am See <506>,21
82 Jahre,Graz (Stadt) <601>,60
82 Jahre,Bruck an der Mur ^<602>,-
82 Jahre,Bruck-Mürzzuschlag <621>,31
82 Jahre,Deutschlandsberg <603>,18
82 Jahre,Feldbach ^<604>,-
82 Jahre,Fürstenfeld ^<605>,-
82 Jahre,Graz Umgebung <606>,30
82 Jahre,Hartberg ^<607>,-
82 Jahre,Hartberg-Fürstenfeld <622>,23
82 Jahre,Judenburg ^<608>,-
82 Jahre,Knittelfeld ^<609>,-
82 Jahre,Leibnitz <610>,20
82 Jahre,Leoben <611>,24
82 Jahre,Liezen <612>,34
82 Jahre,Murtal <620>,34
82 Jahre,Mürzzuschlag ^<613>,-
82 Jahre,Murau <614>,16
82 Jahre,Radkersburg ^<615>,-
82 Jahre,Südoststeiermark <623>,19
82 Jahre,Voitsberg <616>,16
82 Jahre,Weiz <617>,18
83 Jahre,Eisenstadt (Stadt) <101>,4
83 Jahre,Rust (Stadt) <102>,-
83 Jahre,Eisenstadt Umgebung <103>,2
83 Jahre,Güssing <104>,9
83 Jahre,Jennersdorf <105>,6
83 Jahre,Mattersburg <106>,8
83 Jahre,Neusiedl am See <107>,8
83 Jahre,Oberpullendorf <108>,8
83 Jahre,Oberwart <109>,13
83 Jahre,Klagenfurt (Stadt) <201>,24
83 Jahre,Villach (Stadt) <202>,14
83 Jahre,Feldkirchen <210>,5
83 Jahre,Hermagor <203>,8
83 Jahre,Klagenfurt Land <204>,18
83 Jahre,Sankt Veit an der Glan <205>,21
83 Jahre,Spittal an der Drau <206>,21
83 Jahre,Villach Land <207>,16
83 Jahre,Völkermarkt <208>,15
83 Jahre,Wolfsberg <209>,23
83 Jahre,Krems an der Donau (Stadt) <301>,10
83 Jahre,Sankt Pölten (Stadt) <302>,12
83 Jahre,Waidhofen an der Ybbs (Stadt) <303>,1
83 Jahre,Wiener Neustadt (Stadt) <304>,7
83 Jahre,Amstetten <305>,18
83 Jahre,Baden <306>,42
83 Jahre,Bruck an der Leitha <307>,18
83 Jahre,Gänserndorf <308>,14
83 Jahre,Gmünd <309>,12
83 Jahre,Hollabrunn <310>,8
83 Jahre,Horn <311>,5
83 Jahre,Korneuburg <312>,18
83 Jahre,Krems Land <313>,16
83 Jahre,Lilienfeld <314>,4
83 Jahre,Melk <315>,13
83 Jahre,Mistelbach <316>,21
83 Jahre,Mödling <317>,38
83 Jahre,Neunkirchen <318>,26
83 Jahre,Sankt Pölten Land <319>,30
83 Jahre,Scheibbs <320>,2
83 Jahre,Tulln <321>,32
83 Jahre,Waidhofen an der Thaya <322>,11
83 Jahre,Wiener Neustadt Land <323>,12
83 Jahre,Wien Umgebung ^<324>,-
83 Jahre,Zwettl <325>,3
83 Jahre,Stadt Linz <401>,53
83 Jahre,Stadt Steyr <402>,9
83 Jahre,Stadt Wels <403>,13
83 Jahre,Braunau <404>,22
83 Jahre,Eferding <405>,10
83 Jahre,Freistadt <406>,11
83 Jahre,Gmunden <407>,32
83 Jahre,Grieskirchen <408>,20
83 Jahre,Kirchdorf <409>,11
83 Jahre,Linz Land <410>,40
83 Jahre,Perg <411>,17
83 Jahre,Ried <412>,10
83 Jahre,Rohrbach <413>,16
83 Jahre,Schärding <414>,18
83 Jahre,Steyr Land <415>,16
83 Jahre,Urfahr Umgebung <416>,22
83 Jahre,Vöcklabruck <417>,24
83 Jahre,Wels Land <418>,20
83 Jahre,Salzburg (Stadt) <501>,40
83 Jahre,Hallein <502>,18
83 Jahre,Salzburg Umgebung <503>,31
83 Jahre,St. Johann im Pongau <504>,26
83 Jahre,Tamsweg <505>,6
83 Jahre,Zell am See <506>,19
83 Jahre,Graz (Stadt) <601>,78
83 Jahre,Bruck an der Mur ^<602>,-
83 Jahre,Bruck-Mürzzuschlag <621>,46
83 Jahre,Deutschlandsberg <603>,15
83 Jahre,Feldbach ^<604>,-
83 Jahre,Fürstenfeld ^<605>,-
83 Jahre,Graz Umgebung <606>,41
83 Jahre,Hartberg ^<607>,-
83 Jahre,Hartberg-Fürstenfeld <622>,26
83 Jahre,Judenburg ^<608>,-
83 Jahre,Knittelfeld ^<609>,-
83 Jahre,Leibnitz <610>,22
83 Jahre,Leoben <611>,36
83 Jahre,Liezen <612>,28
83 Jahre,Murtal <620>,46
83 Jahre,Mürzzuschlag ^<613>,-
83 Jahre,Murau <614>,17
83 Jahre,Radkersburg ^<615>,-
83 Jahre,Südoststeiermark <623>,23
83 Jahre,Voitsberg <616>,19
83 Jahre,Weiz <617>,14
84 Jahre,Eisenstadt (Stadt) <101>,5
84 Jahre,Rust (Stadt) <102>,-
84 Jahre,Eisenstadt Umgebung <103>,8
84 Jahre,Güssing <104>,10
84 Jahre,Jennersdorf <105>,4
84 Jahre,Mattersburg <106>,8
84 Jahre,Neusiedl am See <107>,10
84 Jahre,Oberpullendorf <108>,18
84 Jahre,Oberwart <109>,12
84 Jahre,Klagenfurt (Stadt) <201>,26
84 Jahre,Villach (Stadt) <202>,21
84 Jahre,Feldkirchen <210>,8
84 Jahre,Hermagor <203>,8
84 Jahre,Klagenfurt Land <204>,15
84 Jahre,Sankt Veit an der Glan <205>,17
84 Jahre,Spittal an der Drau <206>,22
84 Jahre,Villach Land <207>,19
84 Jahre,Völkermarkt <208>,17
84 Jahre,Wolfsberg <209>,17
84 Jahre,Krems an der Donau (Stadt) <301>,10
84 Jahre,Sankt Pölten (Stadt) <302>,17
84 Jahre,Waidhofen an der Ybbs (Stadt) <303>,4
84 Jahre,Wiener Neustadt (Stadt) <304>,9
84 Jahre,Amstetten <305>,19
84 Jahre,Baden <306>,38
84 Jahre,Bruck an der Leitha <307>,21
84 Jahre,Gänserndorf <308>,22
84 Jahre,Gmünd <309>,10
84 Jahre,Hollabrunn <310>,7
84 Jahre,Horn <311>,7
84 Jahre,Korneuburg <312>,16
84 Jahre,Krems Land <313>,16
84 Jahre,Lilienfeld <314>,10
84 Jahre,Melk <315>,22
84 Jahre,Mistelbach <316>,22
84 Jahre,Mödling <317>,35
84 Jahre,Neunkirchen <318>,26
84 Jahre,Sankt Pölten Land <319>,27
84 Jahre,Scheibbs <320>,5
84 Jahre,Tulln <321>,28
84 Jahre,Waidhofen an der Thaya <322>,7
84 Jahre,Wiener Neustadt Land <323>,17
84 Jahre,Wien Umgebung ^<324>,-
84 Jahre,Zwettl <325>,6
84 Jahre,Stadt Linz <401>,55
84 Jahre,Stadt Steyr <402>,8
84 Jahre,Stadt Wels <403>,17
84 Jahre,Braunau <404>,15
84 Jahre,Eferding <405>,5
84 Jahre,Freistadt <406>,18
84 Jahre,Gmunden <407>,33
84 Jahre,Grieskirchen <408>,27
84 Jahre,Kirchdorf <409>,8
84 Jahre,Linz Land <410>,35
84 Jahre,Perg <411>,17
84 Jahre,Ried <412>,23
84 Jahre,Rohrbach <413>,18
84 Jahre,Schärding <414>,20
84 Jahre,Steyr Land <415>,9
84 Jahre,Urfahr Umgebung <416>,27
84 Jahre,Vöcklabruck <417>,23
84 Jahre,Wels Land <418>,12
84 Jahre,Salzburg (Stadt) <501>,39
84 Jahre,Hallein <502>,15
84 Jahre,Salzburg Umgebung <503>,32
84 Jahre,St. Johann im Pongau <504>,24
84 Jahre,Tamsweg <505>,8
84 Jahre,Zell am See <506>,27
84 Jahre,Graz (Stadt) <601>,90
84 Jahre,Bruck an der Mur ^<602>,-
84 Jahre,Bruck-Mürzzuschlag <621>,48
84 Jahre,Deutschlandsberg <603>,25
84 Jahre,Feldbach ^<604>,-
84 Jahre,Fürstenfeld ^<605>,-
84 Jahre,Graz Umgebung <606>,53
84 Jahre,Hartberg ^<607>,-
84 Jahre,Hartberg-Fürstenfeld <622>,32
84 Jahre,Judenburg ^<608>,-
84 Jahre,Knittelfeld ^<609>,-
84 Jahre,Leibnitz <610>,31
84 Jahre,Leoben <611>,33
84 Jahre,Liezen <612>,31
84 Jahre,Murtal <620>,43
84 Jahre,Mürzzuschlag ^<613>,-
84 Jahre,Murau <614>,13
84 Jahre,Radkersburg ^<615>,-
84 Jahre,Südoststeiermark <623>,39
84 Jahre,Voitsberg <616>,21
84 Jahre,Weiz <617>,25
85 Jahre,Eisenstadt (Stadt) <101>,5
85 Jahre,Rust (Stadt) <102>,1
85 Jahre,Eisenstadt Umgebung <103>,7
85 Jahre,Güssing <104>,16
85 Jahre,Jennersdorf <105>,13
85 Jahre,Mattersburg <106>,5
85 Jahre,Neusiedl am See <107>,17
85 Jahre,Oberpullendorf <108>,18
85 Jahre,Oberwart <109>,22
85 Jahre,Klagenfurt (Stadt) <201>,38
85 Jahre,Villach (Stadt) <202>,22
85 Jahre,Feldkirchen <210>,9
85 Jahre,Hermagor <203>,9
85 Jahre,Klagenfurt Land <204>,20
85 Jahre,Sankt Veit an der Glan <205>,23
85 Jahre,Spittal an der Drau <206>,20
85 Jahre,Villach Land <207>,17
85 Jahre,Völkermarkt <208>,13
85 Jahre,Wolfsberg <209>,24
85 Jahre,Krems an der Donau (Stadt) <301>,8
85 Jahre,Sankt Pölten (Stadt) <302>,20
85 Jahre,Waidhofen an der Ybbs (Stadt) <303>,3
85 Jahre,Wiener Neustadt (Stadt) <304>,16
85 Jahre,Amstetten <305>,33
85 Jahre,Baden <306>,39
85 Jahre,Bruck an der Leitha <307>,27
85 Jahre,Gänserndorf <308>,28
85 Jahre,Gmünd <309>,9
85 Jahre,Hollabrunn <310>,9
85 Jahre,Horn <311>,8
85 Jahre,Korneuburg <312>,24
85 Jahre,Krems Land <313>,15
85 Jahre,Lilienfeld <314>,11
85 Jahre,Melk <315>,25
85 Jahre,Mistelbach <316>,15
85 Jahre,Mödling <317>,43
85 Jahre,Neunkirchen <318>,24
85 Jahre,Sankt Pölten Land <319>,41
85 Jahre,Scheibbs <320>,7
85 Jahre,Tulln <321>,29
85 Jahre,Waidhofen an der Thaya <322>,12
85 Jahre,Wiener Neustadt Land <323>,26
85 Jahre,Wien Umgebung ^<324>,-
85 Jahre,Zwettl <325>,11
85 Jahre,Stadt Linz <401>,49
85 Jahre,Stadt Steyr <402>,10
85 Jahre,Stadt Wels <403>,20
85 Jahre,Braunau <404>,21
85 Jahre,Eferding <405>,14
85 Jahre,Freistadt <406>,17
85 Jahre,Gmunden <407>,23
85 Jahre,Grieskirchen <408>,15
85 Jahre,Kirchdorf <409>,14
85 Jahre,Linz Land <410>,36
85 Jahre,Perg <411>,14
85 Jahre,Ried <412>,14
85 Jahre,Rohrbach <413>,13
85 Jahre,Schärding <414>,18
85 Jahre,Steyr Land <415>,19
85 Jahre,Urfahr Umgebung <416>,20
85 Jahre,Vöcklabruck <417>,37
85 Jahre,Wels Land <418>,26
85 Jahre,Salzburg (Stadt) <501>,41
85 Jahre,Hallein <502>,14
85 Jahre,Salzburg Umgebung <503>,50
85 Jahre,St. Johann im Pongau <504>,31
85 Jahre,Tamsweg <505>,8
85 Jahre,Zell am See <506>,24
85 Jahre,Graz (Stadt) <601>,96
85 Jahre,Bruck an der Mur ^<602>,-
85 Jahre,Bruck-Mürzzuschlag <621>,47
85 Jahre,Deutschlandsberg <603>,34
85 Jahre,Feldbach ^<604>,-
85 Jahre,Fürstenfeld ^<605>,-
85 Jahre,Graz Umgebung <606>,57
85 Jahre,Hartberg ^<607>,-
85 Jahre,Hartberg-Fürstenfeld <622>,33
85 Jahre,Judenburg ^<608>,-
85 Jahre,Knittelfeld ^<609>,-
85 Jahre,Leibnitz <610>,24
85 Jahre,Leoben <611>,44
85 Jahre,Liezen <612>,35
85 Jahre,Murtal <620>,55
85 Jahre,Mürzzuschlag ^<613>,-
85 Jahre,Murau <614>,13
85 Jahre,Radkersburg ^<615>,-
85 Jahre,Südoststeiermark <623>,32
85 Jahre,Voitsberg <616>,23
85 Jahre,Weiz <617>,36
86 Jahre,Eisenstadt (Stadt) <101>,3
86 Jahre,Rust (Stadt) <102>,2
86 Jahre,Eisenstadt Umgebung <103>,4
86 Jahre,Güssing <104>,3
86 Jahre,Jennersdorf <105>,5
86 Jahre,Mattersburg <106>,10
86 Jahre,Neusiedl am See <107>,8
86 Jahre,Oberpullendorf <108>,16
86 Jahre,Oberwart <109>,20
86 Jahre,Klagenfurt (Stadt) <201>,22
86 Jahre,Villach (Stadt) <202>,22
86 Jahre,Feldkirchen <210>,4
86 Jahre,Hermagor <203>,4
86 Jahre,Klagenfurt Land <204>,23
86 Jahre,Sankt Veit an der Glan <205>,14
86 Jahre,Spittal an der Drau <206>,21
86 Jahre,Villach Land <207>,16
86 Jahre,Völkermarkt <208>,12
86 Jahre,Wolfsberg <209>,24
86 Jahre,Krems an der Donau (Stadt) <301>,8
86 Jahre,Sankt Pölten (Stadt) <302>,14
86 Jahre,Waidhofen an der Ybbs (Stadt) <303>,1
86 Jahre,Wiener Neustadt (Stadt) <304>,5
86 Jahre,Amstetten <305>,15
86 Jahre,Baden <306>,34
86 Jahre,Bruck an der Leitha <307>,26
86 Jahre,Gänserndorf <308>,15
86 Jahre,Gmünd <309>,12
86 Jahre,Hollabrunn <310>,5
86 Jahre,Horn <311>,14
86 Jahre,Korneuburg <312>,13
86 Jahre,Krems Land <313>,12
86 Jahre,Lilienfeld <314>,12
86 Jahre,Melk <315>,14
86 Jahre,Mistelbach <316>,17
86 Jahre,Mödling <317>,34
86 Jahre,Neunkirchen <318>,30
86 Jahre,Sankt Pölten Land <319>,24
86 Jahre,Scheibbs <320>,5
86 Jahre,Tulln <321>,30
86 Jahre,Waidhofen an der Thaya <322>,7
86 Jahre,Wiener Neustadt Land <323>,30
86 Jahre,Wien Umgebung ^<324>,-
86 Jahre,Zwettl <325>,10
86 Jahre,Stadt Linz <401>,47
86 Jahre,Stadt Steyr <402>,9
86 Jahre,Stadt Wels <403>,13
86 Jahre,Braunau <404>,23
86 Jahre,Eferding <405>,5
86 Jahre,Freistadt <406>,10
86 Jahre,Gmunden <407>,32
86 Jahre,Grieskirchen <408>,22
86 Jahre,Kirchdorf <409>,19
86 Jahre,Linz Land <410>,34
86 Jahre,Perg <411>,21
86 Jahre,Ried <412>,18
86 Jahre,Rohrbach <413>,20
86 Jahre,Schärding <414>,20
86 Jahre,Steyr Land <415>,19
86 Jahre,Urfahr Umgebung <416>,17
86 Jahre,Vöcklabruck <417>,26
86 Jahre,Wels Land <418>,20
86 Jahre,Salzburg (Stadt) <501>,31
86 Jahre,Hallein <502>,12
86 Jahre,Salzburg Umgebung <503>,33
86 Jahre,St. Johann im Pongau <504>,32
86 Jahre,Tamsweg <505>,10
86 Jahre,Zell am See <506>,23
86 Jahre,Graz (Stadt) <601>,62
86 Jahre,Bruck an der Mur ^<602>,-
86 Jahre,Bruck-Mürzzuschlag <621>,45
86 Jahre,Deutschlandsberg <603>,30
86 Jahre,Feldbach ^<604>,-
86 Jahre,Fürstenfeld ^<605>,-
86 Jahre,Graz Umgebung <606>,45
86 Jahre,Hartberg ^<607>,-
86 Jahre,Hartberg-Fürstenfeld <622>,35
86 Jahre,Judenburg ^<608>,-
86 Jahre,Knittelfeld ^<609>,-
86 Jahre,Leibnitz <610>,31
86 Jahre,Leoben <611>,18
86 Jahre,Liezen <612>,30
86 Jahre,Murtal <620>,38
86 Jahre,Mürzzuschlag ^<613>,-
86 Jahre,Murau <614>,16
86 Jahre,Radkersburg ^<615>,-
86 Jahre,Südoststeiermark <623>,31
86 Jahre,Voitsberg <616>,30
86 Jahre,Weiz <617>,26
87 Jahre,Eisenstadt (Stadt) <101>,6
87 Jahre,Rust (Stadt) <102>,1
87 Jahre,Eisenstadt Umgebung <103>,7
87 Jahre,Güssing <104>,9
87 Jahre,Jennersdorf <105>,4
87 Jahre,Mattersburg <106>,5
87 Jahre,Neusiedl am See <107>,11
87 Jahre,Oberpullendorf <108>,12
87 Jahre,Oberwart <109>,19
87 Jahre,Klagenfurt (Stadt) <201>,21
87 Jahre,Villach (Stadt) <202>,15
87 Jahre,Feldkirchen <210>,8
87 Jahre,Hermagor <203>,7
87 Jahre,Klagenfurt Land <204>,18
87 Jahre,Sankt Veit an der Glan <205>,15
87 Jahre,Spittal an der Drau <206>,15
87 Jahre,Villach Land <207>,13
87 Jahre,Völkermarkt <208>,8
87 Jahre,Wolfsberg <209>,15
87 Jahre,Krems an der Donau (Stadt) <301>,4
87 Jahre,Sankt Pölten (Stadt) <302>,16
87 Jahre,Waidhofen an der Ybbs (Stadt) <303>,3
87 Jahre,Wiener Neustadt (Stadt) <304>,5
87 Jahre,Amstetten <305>,13
87 Jahre,Baden <306>,21
87 Jahre,Bruck an der Leitha <307>,13
87 Jahre,Gänserndorf <308>,14
87 Jahre,Gmünd <309>,3
87 Jahre,Hollabrunn <310>,11
87 Jahre,Horn <311>,7
87 Jahre,Korneuburg <312>,17
87 Jahre,Krems Land <313>,9
87 Jahre,Lilienfeld <314>,2
87 Jahre,Melk <315>,10
87 Jahre,Mistelbach <316>,18
87 Jahre,Mödling <317>,20
87 Jahre,Neunkirchen <318>,19
87 Jahre,Sankt Pölten Land <319>,15
87 Jahre,Scheibbs <320>,8
87 Jahre,Tulln <321>,20
87 Jahre,Waidhofen an der Thaya <322>,10
87 Jahre,Wiener Neustadt Land <323>,9
87 Jahre,Wien Umgebung ^<324>,-
87 Jahre,Zwettl <325>,3
87 Jahre,Stadt Linz <401>,31
87 Jahre,Stadt Steyr <402>,6
87 Jahre,Stadt Wels <403>,11
87 Jahre,Braunau <404>,14
87 Jahre,Eferding <405>,8
87 Jahre,Freistadt <406>,11
87 Jahre,Gmunden <407>,29
87 Jahre,Grieskirchen <408>,16
87 Jahre,Kirchdorf <409>,15
87 Jahre,Linz Land <410>,24
87 Jahre,Perg <411>,16
87 Jahre,Ried <412>,9
87 Jahre,Rohrbach <413>,11
87 Jahre,Schärding <414>,16
87 Jahre,Steyr Land <415>,9
87 Jahre,Urfahr Umgebung <416>,17
87 Jahre,Vöcklabruck <417>,20
87 Jahre,Wels Land <418>,10
87 Jahre,Salzburg (Stadt) <501>,32
87 Jahre,Hallein <502>,8
87 Jahre,Salzburg Umgebung <503>,29
87 Jahre,St. Johann im Pongau <504>,15
87 Jahre,Tamsweg <505>,4
87 Jahre,Zell am See <506>,18
87 Jahre,Graz (Stadt) <601>,57
87 Jahre,Bruck an der Mur ^<602>,-
87 Jahre,Bruck-Mürzzuschlag <621>,42
87 Jahre,Deutschlandsberg <603>,21
87 Jahre,Feldbach ^<604>,-
87 Jahre,Fürstenfeld ^<605>,-
87 Jahre,Graz Umgebung <606>,32
87 Jahre,Hartberg ^<607>,-
87 Jahre,Hartberg-Fürstenfeld <622>,14
87 Jahre,Judenburg ^<608>,-
87 Jahre,Knittelfeld ^<609>,-
87 Jahre,Leibnitz <610>,15
87 Jahre,Leoben <611>,27
87 Jahre,Liezen <612>,23
87 Jahre,Murtal <620>,24
87 Jahre,Mürzzuschlag ^<613>,-
87 Jahre,Murau <614>,12
87 Jahre,Radkersburg ^<615>,-
87 Jahre,Südoststeiermark <623>,27
87 Jahre,Voitsberg <616>,14
87 Jahre,Weiz <617>,25
88 Jahre,Eisenstadt (Stadt) <101>,5
88 Jahre,Rust (Stadt) <102>,-
88 Jahre,Eisenstadt Umgebung <103>,5
88 Jahre,Güssing <104>,8
88 Jahre,Jennersdorf <105>,5
88 Jahre,Mattersburg <106>,5
88 Jahre,Neusiedl am See <107>,8
88 Jahre,Oberpullendorf <108>,22
88 Jahre,Oberwart <109>,23
88 Jahre,Klagenfurt (Stadt) <201>,22
88 Jahre,Villach (Stadt) <202>,9
88 Jahre,Feldkirchen <210>,10
88 Jahre,Hermagor <203>,12
88 Jahre,Klagenfurt Land <204>,7
88 Jahre,Sankt Veit an der Glan <205>,11
88 Jahre,Spittal an der Drau <206>,18
88 Jahre,Villach Land <207>,23
88 Jahre,Völkermarkt <208>,5
88 Jahre,Wolfsberg <209>,11
88 Jahre,Krems an der Donau (Stadt) <301>,4
88 Jahre,Sankt Pölten (Stadt) <302>,6
88 Jahre,Waidhofen an der Ybbs (Stadt) <303>,4
88 Jahre,Wiener Neustadt (Stadt) <304>,9
88 Jahre,Amstetten <305>,19
88 Jahre,Baden <306>,17
88 Jahre,Bruck an der Leitha <307>,15
88 Jahre,Gänserndorf <308>,9
88 Jahre,Gmünd <309>,11
88 Jahre,Hollabrunn <310>,5
88 Jahre,Horn <311>,5
88 Jahre,Korneuburg <312>,13
88 Jahre,Krems Land <313>,14
88 Jahre,Lilienfeld <314>,5
88 Jahre,Melk <315>,18
88 Jahre,Mistelbach <316>,18
88 Jahre,Mödling <317>,11
88 Jahre,Neunkirchen <318>,22
88 Jahre,Sankt Pölten Land <319>,24
88 Jahre,Scheibbs <320>,2
88 Jahre,Tulln <321>,12
88 Jahre,Waidhofen an der Thaya <322>,5
88 Jahre,Wiener Neustadt Land <323>,11
88 Jahre,Wien Umgebung ^<324>,-
88 Jahre,Zwettl <325>,4
88 Jahre,Stadt Linz <401>,44
88 Jahre,Stadt Steyr <402>,4
88 Jahre,Stadt Wels <403>,13
88 Jahre,Braunau <404>,20
88 Jahre,Eferding <405>,5
88 Jahre,Freistadt <406>,14
88 Jahre,Gmunden <407>,19
88 Jahre,Grieskirchen <408>,14
88 Jahre,Kirchdorf <409>,5
88 Jahre,Linz Land <410>,25
88 Jahre,Perg <411>,18
88 Jahre,Ried <412>,9
88 Jahre,Rohrbach <413>,20
88 Jahre,Schärding <414>,18
88 Jahre,Steyr Land <415>,13
88 Jahre,Urfahr Umgebung <416>,12
88 Jahre,Vöcklabruck <417>,25
88 Jahre,Wels Land <418>,19
88 Jahre,Salzburg (Stadt) <501>,28
88 Jahre,Hallein <502>,13
88 Jahre,Salzburg Umgebung <503>,20
88 Jahre,St. Johann im Pongau <504>,22
88 Jahre,Tamsweg <505>,5
88 Jahre,Zell am See <506>,26
88 Jahre,Graz (Stadt) <601>,58
88 Jahre,Bruck an der Mur ^<602>,-
88 Jahre,Bruck-Mürzzuschlag <621>,38
88 Jahre,Deutschlandsberg <603>,25
88 Jahre,Feldbach ^<604>,-
88 Jahre,Fürstenfeld ^<605>,-
88 Jahre,Graz Umgebung <606>,45
88 Jahre,Hartberg ^<607>,-
88 Jahre,Hartberg-Fürstenfeld <622>,25
88 Jahre,Judenburg ^<608>,-
88 Jahre,Knittelfeld ^<609>,-
88 Jahre,Leibnitz <610>,17
88 Jahre,Leoben <611>,21
88 Jahre,Liezen <612>,16
88 Jahre,Murtal <620>,20
88 Jahre,Mürzzuschlag ^<613>,-
88 Jahre,Murau <614>,15
88 Jahre,Radkersburg ^<615>,-
88 Jahre,Südoststeiermark <623>,24
88 Jahre,Voitsberg <616>,10
88 Jahre,Weiz <617>,21
89 Jahre,Eisenstadt (Stadt) <101>,4
89 Jahre,Rust (Stadt) <102>,-
89 Jahre,Eisenstadt Umgebung <103>,4
89 Jahre,Güssing <104>,8
89 Jahre,Jennersdorf <105>,7
89 Jahre,Mattersburg <106>,9
89 Jahre,Neusiedl am See <107>,11
89 Jahre,Oberpullendorf <108>,12
89 Jahre,Oberwart <109>,14
89 Jahre,Klagenfurt (Stadt) <201>,17
89 Jahre,Villach (Stadt) <202>,12
89 Jahre,Feldkirchen <210>,2
89 Jahre,Hermagor <203>,5
89 Jahre,Klagenfurt Land <204>,10
89 Jahre,Sankt Veit an der Glan <205>,10
89 Jahre,Spittal an der Drau <206>,9
89 Jahre,Villach Land <207>,12
89 Jahre,Völkermarkt <208>,10
89 Jahre,Wolfsberg <209>,16
89 Jahre,Krems an der Donau (Stadt) <301>,6
89 Jahre,Sankt Pölten (Stadt) <302>,8
89 Jahre,Waidhofen an der Ybbs (Stadt) <303>,2
89 Jahre,Wiener Neustadt (Stadt) <304>,6
89 Jahre,Amstetten <305>,13
89 Jahre,Baden <306>,16
89 Jahre,Bruck an der Leitha <307>,9
89 Jahre,Gänserndorf <308>,10
89 Jahre,Gmünd <309>,8
89 Jahre,Hollabrunn <310>,11
89 Jahre,Horn <311>,2
89 Jahre,Korneuburg <312>,5
89 Jahre,Krems Land <313>,5
89 Jahre,Lilienfeld <314>,4
89 Jahre,Melk <315>,11
89 Jahre,Mistelbach <316>,12
89 Jahre,Mödling <317>,22
89 Jahre,Neunkirchen <318>,11
89 Jahre,Sankt Pölten Land <319>,15
89 Jahre,Scheibbs <320>,5
89 Jahre,Tulln <321>,16
89 Jahre,Waidhofen an der Thaya <322>,2
89 Jahre,Wiener Neustadt Land <323>,17
89 Jahre,Wien Umgebung ^<324>,-
89 Jahre,Zwettl <325>,6
89 Jahre,Stadt Linz <401>,44
89 Jahre,Stadt Steyr <402>,6
89 Jahre,Stadt Wels <403>,13
89 Jahre,Braunau <404>,15
89 Jahre,Eferding <405>,7
89 Jahre,Freistadt <406>,4
89 Jahre,Gmunden <407>,24
89 Jahre,Grieskirchen <408>,9
89 Jahre,Kirchdorf <409>,15
89 Jahre,Linz Land <410>,20
89 Jahre,Perg <411>,9
89 Jahre,Ried <412>,14
89 Jahre,Rohrbach <413>,12
89 Jahre,Schärding <414>,17
89 Jahre,Steyr Land <415>,13
89 Jahre,Urfahr Umgebung <416>,16
89 Jahre,Vöcklabruck <417>,20
89 Jahre,Wels Land <418>,16
89 Jahre,Salzburg (Stadt) <501>,37
89 Jahre,Hallein <502>,11
89 Jahre,Salzburg Umgebung <503>,25
89 Jahre,St. Johann im Pongau <504>,16
89 Jahre,Tamsweg <505>,6
89 Jahre,Zell am See <506>,13
89 Jahre,Graz (Stadt) <601>,41
89 Jahre,Bruck an der Mur ^<602>,-
89 Jahre,Bruck-Mürzzuschlag <621>,30
89 Jahre,Deutschlandsberg <603>,17
89 Jahre,Feldbach ^<604>,-
89 Jahre,Fürstenfeld ^<605>,-
89 Jahre,Graz Umgebung <606>,24
89 Jahre,Hartberg ^<607>,-
89 Jahre,Hartberg-Fürstenfeld <622>,20
89 Jahre,Judenburg ^<608>,-
89 Jahre,Knittelfeld ^<609>,-
89 Jahre,Leibnitz <610>,16
89 Jahre,Leoben <611>,31
89 Jahre,Liezen <612>,23
89 Jahre,Murtal <620>,31
89 Jahre,Mürzzuschlag ^<613>,-
89 Jahre,Murau <614>,9
89 Jahre,Radkersburg ^<615>,-
89 Jahre,Südoststeiermark <623>,32
89 Jahre,Voitsberg <616>,13
89 Jahre,Weiz <617>,18
90 Jahre,Eisenstadt (Stadt) <101>,3
90 Jahre,Rust (Stadt) <102>,1
90 Jahre,Eisenstadt Umgebung <103>,9
90 Jahre,Güssing <104>,9
90 Jahre,Jennersdorf <105>,4
90 Jahre,Mattersburg <106>,2
90 Jahre,Neusiedl am See <107>,8
90 Jahre,Oberpullendorf <108>,18
90 Jahre,Oberwart <109>,14
90 Jahre,Klagenfurt (Stadt) <201>,16
90 Jahre,Villach (Stadt) <202>,10
90 Jahre,Feldkirchen <210>,6
90 Jahre,Hermagor <203>,2
90 Jahre,Klagenfurt Land <204>,10
90 Jahre,Sankt Veit an der Glan <205>,13
90 Jahre,Spittal an der Drau <206>,8
90 Jahre,Villach Land <207>,9
90 Jahre,Völkermarkt <208>,2
90 Jahre,Wolfsberg <209>,9
90 Jahre,Krems an der Donau (Stadt) <301>,2
90 Jahre,Sankt Pölten (Stadt) <302>,8
90 Jahre,Waidhofen an der Ybbs (Stadt) <303>,-
90 Jahre,Wiener Neustadt (Stadt) <304>,9
90 Jahre,Amstetten <305>,12
90 Jahre,Baden <306>,15
90 Jahre,Bruck an der Leitha <307>,14
90 Jahre,Gänserndorf <308>,8
90 Jahre,Gmünd <309>,7
90 Jahre,Hollabrunn <310>,2
90 Jahre,Horn <311>,7
90 Jahre,Korneuburg <312>,17
90 Jahre,Krems Land <313>,9
90 Jahre,Lilienfeld <314>,2
90 Jahre,Melk <315>,13
90 Jahre,Mistelbach <316>,16
90 Jahre,Mödling <317>,15
90 Jahre,Neunkirchen <318>,16
90 Jahre,Sankt Pölten Land <319>,13
90 Jahre,Scheibbs <320>,5
90 Jahre,Tulln <321>,12
90 Jahre,Waidhofen an der Thaya <322>,2
90 Jahre,Wiener Neustadt Land <323>,9
90 Jahre,Wien Umgebung ^<324>,-
90 Jahre,Zwettl <325>,5
90 Jahre,Stadt Linz <401>,32
90 Jahre,Stadt Steyr <402>,8
90 Jahre,Stadt Wels <403>,7
90 Jahre,Braunau <404>,10
90 Jahre,Eferding <405>,10
90 Jahre,Freistadt <406>,12
90 Jahre,Gmunden <407>,20
90 Jahre,Grieskirchen <408>,14
90 Jahre,Kirchdorf <409>,8
90 Jahre,Linz Land <410>,16
90 Jahre,Perg <411>,9
90 Jahre,Ried <412>,10
90 Jahre,Rohrbach <413>,15
90 Jahre,Schärding <414>,11
90 Jahre,Steyr Land <415>,18
90 Jahre,Urfahr Umgebung <416>,13
90 Jahre,Vöcklabruck <417>,18
90 Jahre,Wels Land <418>,9
90 Jahre,Salzburg (Stadt) <501>,18
90 Jahre,Hallein <502>,5
90 Jahre,Salzburg Umgebung <503>,20
90 Jahre,St. Johann im Pongau <504>,19
90 Jahre,Tamsweg <505>,7
90 Jahre,Zell am See <506>,17
90 Jahre,Graz (Stadt) <601>,49
90 Jahre,Bruck an der Mur ^<602>,-
90 Jahre,Bruck-Mürzzuschlag <621>,36
90 Jahre,Deutschlandsberg <603>,15
90 Jahre,Feldbach ^<604>,-
90 Jahre,Fürstenfeld ^<605>,-
90 Jahre,Graz Umgebung <606>,18
90 Jahre,Hartberg ^<607>,-
90 Jahre,Hartberg-Fürstenfeld <622>,16
90 Jahre,Judenburg ^<608>,-
90 Jahre,Knittelfeld ^<609>,-
90 Jahre,Leibnitz <610>,14
90 Jahre,Leoben <611>,18
90 Jahre,Liezen <612>,20
90 Jahre,Murtal <620>,24
90 Jahre,Mürzzuschlag ^<613>,-
90 Jahre,Murau <614>,10
90 Jahre,Radkersburg ^<615>,-
90 Jahre,Südoststeiermark <623>,19
90 Jahre,Voitsberg <616>,17
90 Jahre,Weiz <617>,16
91 Jahre,Eisenstadt (Stadt) <101>,1
91 Jahre,Rust (Stadt) <102>,1
91 Jahre,Eisenstadt Umgebung <103>,1
91 Jahre,Güssing <104>,4
91 Jahre,Jennersdorf <105>,2
91 Jahre,Mattersburg <106>,6
91 Jahre,Neusiedl am See <107>,7
91 Jahre,Oberpullendorf <108>,5
91 Jahre,Oberwart <109>,13
91 Jahre,Klagenfurt (Stadt) <201>,16
91 Jahre,Villach (Stadt) <202>,8
91 Jahre,Feldkirchen <210>,4
91 Jahre,Hermagor <203>,3
91 Jahre,Klagenfurt Land <204>,15
91 Jahre,Sankt Veit an der Glan <205>,10
91 Jahre,Spittal an der Drau <206>,6
91 Jahre,Villach Land <207>,11
91 Jahre,Völkermarkt <208>,8
91 Jahre,Wolfsberg <209>,12
91 Jahre,Krems an der Donau (Stadt) <301>,7
91 Jahre,Sankt Pölten (Stadt) <302>,11
91 Jahre,Waidhofen an der Ybbs (Stadt) <303>,2
91 Jahre,Wiener Neustadt (Stadt) <304>,6
91 Jahre,Amstetten <305>,10
91 Jahre,Baden <306>,11
91 Jahre,Bruck an der Leitha <307>,10
91 Jahre,Gänserndorf <308>,12
91 Jahre,Gmünd <309>,7
91 Jahre,Hollabrunn <310>,8
91 Jahre,Horn <311>,4
91 Jahre,Korneuburg <312>,10
91 Jahre,Krems Land <313>,6
91 Jahre,Lilienfeld <314>,2
91 Jahre,Melk <315>,11
91 Jahre,Mistelbach <316>,9
91 Jahre,Mödling <317>,10
91 Jahre,Neunkirchen <318>,14
91 Jahre,Sankt Pölten Land <319>,14
91 Jahre,Scheibbs <320>,5
91 Jahre,Tulln <321>,18
91 Jahre,Waidhofen an der Thaya <322>,6
91 Jahre,Wiener Neustadt Land <323>,7
91 Jahre,Wien Umgebung ^<324>,-
91 Jahre,Zwettl <325>,3
91 Jahre,Stadt Linz <401>,27
91 Jahre,Stadt Steyr <402>,3
91 Jahre,Stadt Wels <403>,8
91 Jahre,Braunau <404>,18
91 Jahre,Eferding <405>,7
91 Jahre,Freistadt <406>,8
91 Jahre,Gmunden <407>,17
91 Jahre,Grieskirchen <408>,17
91 Jahre,Kirchdorf <409>,12
91 Jahre,Linz Land <410>,19
91 Jahre,Perg <411>,9
91 Jahre,Ried <412>,11
91 Jahre,Rohrbach <413>,12
91 Jahre,Schärding <414>,8
91 Jahre,Steyr Land <415>,11
91 Jahre,Urfahr Umgebung <416>,16
91 Jahre,Vöcklabruck <417>,10
91 Jahre,Wels Land <418>,10
91 Jahre,Salzburg (Stadt) <501>,21
91 Jahre,Hallein <502>,11
91 Jahre,Salzburg Umgebung <503>,20
91 Jahre,St. Johann im Pongau <504>,13
91 Jahre,Tamsweg <505>,5
91 Jahre,Zell am See <506>,11
91 Jahre,Graz (Stadt) <601>,37
91 Jahre,Bruck an der Mur ^<602>,-
91 Jahre,Bruck-Mürzzuschlag <621>,27
91 Jahre,Deutschlandsberg <603>,6
91 Jahre,Feldbach ^<604>,-
91 Jahre,Fürstenfeld ^<605>,-
91 Jahre,Graz Umgebung <606>,24
91 Jahre,Hartberg ^<607>,-
91 Jahre,Hartberg-Fürstenfeld <622>,24
91 Jahre,Judenburg ^<608>,-
91 Jahre,Knittelfeld ^<609>,-
91 Jahre,Leibnitz <610>,12
91 Jahre,Leoben <611>,25
91 Jahre,Liezen <612>,17
91 Jahre,Murtal <620>,28
91 Jahre,Mürzzuschlag ^<613>,-
91 Jahre,Murau <614>,11
91 Jahre,Radkersburg ^<615>,-
91 Jahre,Südoststeiermark <623>,24
91 Jahre,Voitsberg <616>,13
91 Jahre,Weiz <617>,17
92 Jahre,Eisenstadt (Stadt) <101>,3
92 Jahre,Rust (Stadt) <102>,2
92 Jahre,Eisenstadt Umgebung <103>,4
92 Jahre,Güssing <104>,6
92 Jahre,Jennersdorf <105>,3
92 Jahre,Mattersburg <106>,5
92 Jahre,Neusiedl am See <107>,4
92 Jahre,Oberpullendorf <108>,9
92 Jahre,Oberwart <109>,11
92 Jahre,Klagenfurt (Stadt) <201>,10
92 Jahre,Villach (Stadt) <202>,4
92 Jahre,Feldkirchen <210>,6
92 Jahre,Hermagor <203>,4
92 Jahre,Klagenfurt Land <204>,17
92 Jahre,Sankt Veit an der Glan <205>,10
92 Jahre,Spittal an der Drau <206>,14
92 Jahre,Villach Land <207>,6
92 Jahre,Völkermarkt <208>,5
92 Jahre,Wolfsberg <209>,8
92 Jahre,Krems an der Donau (Stadt) <301>,7
92 Jahre,Sankt Pölten (Stadt) <302>,10
92 Jahre,Waidhofen an der Ybbs (Stadt) <303>,1
92 Jahre,Wiener Neustadt (Stadt) <304>,8
92 Jahre,Amstetten <305>,10
92 Jahre,Baden <306>,21
92 Jahre,Bruck an der Leitha <307>,12
92 Jahre,Gänserndorf <308>,4
92 Jahre,Gmünd <309>,5
92 Jahre,Hollabrunn <310>,3
92 Jahre,Horn <311>,6
92 Jahre,Korneuburg <312>,11
92 Jahre,Krems Land <313>,3
92 Jahre,Lilienfeld <314>,4
92 Jahre,Melk <315>,8
92 Jahre,Mistelbach <316>,5
92 Jahre,Mödling <317>,8
92 Jahre,Neunkirchen <318>,14
92 Jahre,Sankt Pölten Land <319>,14
92 Jahre,Scheibbs <320>,2
92 Jahre,Tulln <321>,9
92 Jahre,Waidhofen an der Thaya <322>,6
92 Jahre,Wiener Neustadt Land <323>,8
92 Jahre,Wien Umgebung ^<324>,-
92 Jahre,Zwettl <325>,6
92 Jahre,Stadt Linz <401>,32
92 Jahre,Stadt Steyr <402>,10
92 Jahre,Stadt Wels <403>,13
92 Jahre,Braunau <404>,12
92 Jahre,Eferding <405>,3
92 Jahre,Freistadt <406>,11
92 Jahre,Gmunden <407>,12
92 Jahre,Grieskirchen <408>,8
92 Jahre,Kirchdorf <409>,7
92 Jahre,Linz Land <410>,14
92 Jahre,Perg <411>,8
92 Jahre,Ried <412>,11
92 Jahre,Rohrbach <413>,13
92 Jahre,Schärding <414>,15
92 Jahre,Steyr Land <415>,14
92 Jahre,Urfahr Umgebung <416>,7
92 Jahre,Vöcklabruck <417>,15
92 Jahre,Wels Land <418>,6
92 Jahre,Salzburg (Stadt) <501>,16
92 Jahre,Hallein <502>,7
92 Jahre,Salzburg Umgebung <503>,17
92 Jahre,St. Johann im Pongau <504>,8
92 Jahre,Tamsweg <505>,3
92 Jahre,Zell am See <506>,11
92 Jahre,Graz (Stadt) <601>,40
92 Jahre,Bruck an der Mur ^<602>,-
92 Jahre,Bruck-Mürzzuschlag <621>,24
92 Jahre,Deutschlandsberg <603>,14
92 Jahre,Feldbach ^<604>,-
92 Jahre,Fürstenfeld ^<605>,-
92 Jahre,Graz Umgebung <606>,21
92 Jahre,Hartberg ^<607>,-
92 Jahre,Hartberg-Fürstenfeld <622>,19
92 Jahre,Judenburg ^<608>,-
92 Jahre,Knittelfeld ^<609>,-
92 Jahre,Leibnitz <610>,6
92 Jahre,Leoben <611>,17
92 Jahre,Liezen <612>,14
92 Jahre,Murtal <620>,18
92 Jahre,Mürzzuschlag ^<613>,-
92 Jahre,Murau <614>,5
92 Jahre,Radkersburg ^<615>,-
92 Jahre,Südoststeiermark <623>,13
92 Jahre,Voitsberg <616>,9
92 Jahre,Weiz <617>,13
93 Jahre,Eisenstadt (Stadt) <101>,1
93 Jahre,Rust (Stadt) <102>,-
93 Jahre,Eisenstadt Umgebung <103>,7
93 Jahre,Güssing <104>,1
93 Jahre,Jennersdorf <105>,-
93 Jahre,Mattersburg <106>,4
93 Jahre,Neusiedl am See <107>,6
93 Jahre,Oberpullendorf <108>,3
93 Jahre,Oberwart <109>,10
93 Jahre,Klagenfurt (Stadt) <201>,10
93 Jahre,Villach (Stadt) <202>,7
93 Jahre,Feldkirchen <210>,7
93 Jahre,Hermagor <203>,1
93 Jahre,Klagenfurt Land <204>,7
93 Jahre,Sankt Veit an der Glan <205>,7
93 Jahre,Spittal an der Drau <206>,10
93 Jahre,Villach Land <207>,6
93 Jahre,Völkermarkt <208>,4
93 Jahre,Wolfsberg <209>,5
93 Jahre,Krems an der Donau (Stadt) <301>,1
93 Jahre,Sankt Pölten (Stadt) <302>,4
93 Jahre,Waidhofen an der Ybbs (Stadt) <303>,1
93 Jahre,Wiener Neustadt (Stadt) <304>,4
93 Jahre,Amstetten <305>,9
93 Jahre,Baden <306>,11
93 Jahre,Bruck an der Leitha <307>,11
93 Jahre,Gänserndorf <308>,7
93 Jahre,Gmünd <309>,6
93 Jahre,Hollabrunn <310>,6
93 Jahre,Horn <311>,6
93 Jahre,Korneuburg <312>,8
93 Jahre,Krems Land <313>,4
93 Jahre,Lilienfeld <314>,2
93 Jahre,Melk <315>,8
93 Jahre,Mistelbach <316>,9
93 Jahre,Mödling <317>,12
93 Jahre,Neunkirchen <318>,9
93 Jahre,Sankt Pölten Land <319>,7
93 Jahre,Scheibbs <320>,1
93 Jahre,Tulln <321>,9
93 Jahre,Waidhofen an der Thaya <322>,3
93 Jahre,Wiener Neustadt Land <323>,7
93 Jahre,Wien Umgebung ^<324>,-
93 Jahre,Zwettl <325>,3
93 Jahre,Stadt Linz <401>,36
93 Jahre,Stadt Steyr <402>,4
93 Jahre,Stadt Wels <403>,7
93 Jahre,Braunau <404>,7
93 Jahre,Eferding <405>,2
93 Jahre,Freistadt <406>,7
93 Jahre,Gmunden <407>,12
93 Jahre,Grieskirchen <408>,9
93 Jahre,Kirchdorf <409>,7
93 Jahre,Linz Land <410>,6
93 Jahre,Perg <411>,7
93 Jahre,Ried <412>,9
93 Jahre,Rohrbach <413>,6
93 Jahre,Schärding <414>,13
93 Jahre,Steyr Land <415>,8
93 Jahre,Urfahr Umgebung <416>,9
93 Jahre,Vöcklabruck <417>,14
93 Jahre,Wels Land <418>,8
93 Jahre,Salzburg (Stadt) <501>,19
93 Jahre,Hallein <502>,7
93 Jahre,Salzburg Umgebung <503>,21
93 Jahre,St. Johann im Pongau <504>,9
93 Jahre,Tamsweg <505>,1
93 Jahre,Zell am See <506>,11
93 Jahre,Graz (Stadt) <601>,29
93 Jahre,Bruck an der Mur ^<602>,-
93 Jahre,Bruck-Mürzzuschlag <621>,24
93 Jahre,Deutschlandsberg <603>,9
93 Jahre,Feldbach ^<604>,-
93 Jahre,Fürstenfeld ^<605>,-
93 Jahre,Graz Umgebung <606>,16
93 Jahre,Hartberg ^<607>,-
93 Jahre,Hartberg-Fürstenfeld <622>,11
93 Jahre,Judenburg ^<608>,-
93 Jahre,Knittelfeld ^<609>,-
93 Jahre,Leibnitz <610>,12
93 Jahre,Leoben <611>,13
93 Jahre,Liezen <612>,9
93 Jahre,Murtal <620>,17
93 Jahre,Mürzzuschlag ^<613>,-
93 Jahre,Murau <614>,8
93 Jahre,Radkersburg ^<615>,-
93 Jahre,Südoststeiermark <623>,9
93 Jahre,Voitsberg <616>,8
93 Jahre,Weiz <617>,14
94 Jahre,Eisenstadt (Stadt) <101>,-
94 Jahre,Rust (Stadt) <102>,-
94 Jahre,Eisenstadt Umgebung <103>,6
94 Jahre,Güssing <104>,2
94 Jahre,Jennersdorf <105>,4
94 Jahre,Mattersburg <106>,1
94 Jahre,Neusiedl am See <107>,2
94 Jahre,Oberpullendorf <108>,7
94 Jahre,Oberwart <109>,9
94 Jahre,Klagenfurt (Stadt) <201>,8
94 Jahre,Villach (Stadt) <202>,6
94 Jahre,Feldkirchen <210>,4
94 Jahre,Hermagor <203>,4
94 Jahre,Klagenfurt Land <204>,10
94 Jahre,Sankt Veit an der Glan <205>,7
94 Jahre,Spittal an der Drau <206>,15
94 Jahre,Villach Land <207>,7
94 Jahre,Völkermarkt <208>,4
94 Jahre,Wolfsberg <209>,6
94 Jahre,Krems an der Donau (Stadt) <301>,1
94 Jahre,Sankt Pölten (Stadt) <302>,1
94 Jahre,Waidhofen an der Ybbs (Stadt) <303>,-
94 Jahre,Wiener Neustadt (Stadt) <304>,3
94 Jahre,Amstetten <305>,7
94 Jahre,Baden <306>,9
94 Jahre,Bruck an der Leitha <307>,5
94 Jahre,Gänserndorf <308>,5
94 Jahre,Gmünd <309>,5
94 Jahre,Hollabrunn <310>,4
94 Jahre,Horn <311>,3
94 Jahre,Korneuburg <312>,8
94 Jahre,Krems Land <313>,4
94 Jahre,Lilienfeld <314>,2
94 Jahre,Melk <315>,6
94 Jahre,Mistelbach <316>,6
94 Jahre,Mödling <317>,11
94 Jahre,Neunkirchen <318>,5
94 Jahre,Sankt Pölten Land <319>,10
94 Jahre,Scheibbs <320>,3
94 Jahre,Tulln <321>,5
94 Jahre,Waidhofen an der Thaya <322>,1
94 Jahre,Wiener Neustadt Land <323>,6
94 Jahre,Wien Umgebung ^<324>,-
94 Jahre,Zwettl <325>,4
94 Jahre,Stadt Linz <401>,13
94 Jahre,Stadt Steyr <402>,4
94 Jahre,Stadt Wels <403>,5
94 Jahre,Braunau <404>,9
94 Jahre,Eferding <405>,6
94 Jahre,Freistadt <406>,4
94 Jahre,Gmunden <407>,13
94 Jahre,Grieskirchen <408>,8
94 Jahre,Kirchdorf <409>,1
94 Jahre,Linz Land <410>,13
94 Jahre,Perg <411>,3
94 Jahre,Ried <412>,10
94 Jahre,Rohrbach <413>,5
94 Jahre,Schärding <414>,7
94 Jahre,Steyr Land <415>,5
94 Jahre,Urfahr Umgebung <416>,8
94 Jahre,Vöcklabruck <417>,11
94 Jahre,Wels Land <418>,10
94 Jahre,Salzburg (Stadt) <501>,8
94 Jahre,Hallein <502>,3
94 Jahre,Salzburg Umgebung <503>,5
94 Jahre,St. Johann im Pongau <504>,7
94 Jahre,Tamsweg <505>,-
94 Jahre,Zell am See <506>,8
94 Jahre,Graz (Stadt) <601>,24
94 Jahre,Bruck an der Mur ^<602>,-
94 Jahre,Bruck-Mürzzuschlag <621>,12
94 Jahre,Deutschlandsberg <603>,5
94 Jahre,Feldbach ^<604>,-
94 Jahre,Fürstenfeld ^<605>,-
94 Jahre,Graz Umgebung <606>,24
94 Jahre,Hartberg ^<607>,-
94 Jahre,Hartberg-Fürstenfeld <622>,10
94 Jahre,Judenburg ^<608>,-
94 Jahre,Knittelfeld ^<609>,-
94 Jahre,Leibnitz <610>,10
94 Jahre,Leoben <611>,13
94 Jahre,Liezen <612>,11
94 Jahre,Murtal <620>,17
94 Jahre,Mürzzuschlag ^<613>,-
94 Jahre,Murau <614>,5
94 Jahre,Radkersburg ^<615>,-
94 Jahre,Südoststeiermark <623>,6
94 Jahre,Voitsberg <616>,6
94 Jahre,Weiz <617>,8
95 Jahre und älter,Eisenstadt (Stadt) <101>,1
95 Jahre und älter,Rust (Stadt) <102>,2
95 Jahre und älter,Eisenstadt Umgebung <103>,7
95 Jahre und älter,Güssing <104>,5
95 Jahre und älter,Jennersdorf <105>,4
95 Jahre und älter,Mattersburg <106>,6
95 Jahre und älter,Neusiedl am See <107>,6
95 Jahre und älter,Oberpullendorf <108>,13
95 Jahre und älter,Oberwart <109>,17
95 Jahre und älter,Klagenfurt (Stadt) <201>,19
95 Jahre und älter,Villach (Stadt) <202>,13
95 Jahre und älter,Feldkirchen <210>,6
95 Jahre und älter,Hermagor <203>,7
95 Jahre und älter,Klagenfurt Land <204>,20
95 Jahre und älter,Sankt Veit an der Glan <205>,13
95 Jahre und älter,Spittal an der Drau <206>,16
95 Jahre und älter,Villach Land <207>,22
95 Jahre und älter,Völkermarkt <208>,9
95 Jahre und älter,Wolfsberg <209>,17
95 Jahre und älter,Krems an der Donau (Stadt) <301>,3
95 Jahre und älter,Sankt Pölten (Stadt) <302>,8
95 Jahre und älter,Waidhofen an der Ybbs (Stadt) <303>,3
95 Jahre und älter,Wiener Neustadt (Stadt) <304>,8
95 Jahre und älter,Amstetten <305>,15
95 Jahre und älter,Baden <306>,19
95 Jahre und älter,Bruck an der Leitha <307>,16
95 Jahre und älter,Gänserndorf <308>,8
95 Jahre und älter,Gmünd <309>,9
95 Jahre und älter,Hollabrunn <310>,10
95 Jahre und älter,Horn <311>,9
95 Jahre und älter,Korneuburg <312>,15
95 Jahre und älter,Krems Land <313>,6
95 Jahre und älter,Lilienfeld <314>,6
95 Jahre und älter,Melk <315>,14
95 Jahre und älter,Mistelbach <316>,12
95 Jahre und älter,Mödling <317>,15
95 Jahre und älter,Neunkirchen <318>,20
95 Jahre und älter,Sankt Pölten Land <319>,20
95 Jahre und älter,Scheibbs <320>,5
95 Jahre und älter,Tulln <321>,25
95 Jahre und älter,Waidhofen an der Thaya <322>,3
95 Jahre und älter,Wiener Neustadt Land <323>,4
95 Jahre und älter,Wien Umgebung ^<324>,-
95 Jahre und älter,Zwettl <325>,4
95 Jahre und älter,Stadt Linz <401>,58
95 Jahre und älter,Stadt Steyr <402>,14
95 Jahre und älter,Stadt Wels <403>,21
95 Jahre und älter,Braunau <404>,19
95 Jahre und älter,Eferding <405>,5
95 Jahre und älter,Freistadt <406>,6
95 Jahre und älter,Gmunden <407>,25
95 Jahre und älter,Grieskirchen <408>,12
95 Jahre und älter,Kirchdorf <409>,17
95 Jahre und älter,Linz Land <410>,24
95 Jahre und älter,Perg <411>,9
95 Jahre und älter,Ried <412>,17
95 Jahre und älter,Rohrbach <413>,7
95 Jahre und älter,Schärding <414>,4
95 Jahre und älter,Steyr Land <415>,11
95 Jahre und älter,Urfahr Umgebung <416>,12
95 Jahre und älter,Vöcklabruck <417>,28
95 Jahre und älter,Wels Land <418>,13
95 Jahre und älter,Salzburg (Stadt) <501>,23
95 Jahre und älter,Hallein <502>,6
95 Jahre und älter,Salzburg Umgebung <503>,21
95 Jahre und älter,St. Johann im Pongau <504>,18
95 Jahre und älter,Tamsweg <505>,6
95 Jahre und älter,Zell am See <506>,16
95 Jahre und älter,Graz (Stadt) <601>,59
95 Jahre und älter,Bruck an der Mur ^<602>,-
95 Jahre und älter,Bruck-Mürzzuschlag <621>,44
95 Jahre und älter,Deutschlandsberg <603>,15
95 Jahre und älter,Feldbach ^<604>,-
95 Jahre und älter,Fürstenfeld ^<605>,-
95 Jahre und älter,Graz Umgebung <606>,33
95 Jahre und älter,Hartberg ^<607>,-
95 Jahre und älter,Hartberg-Fürstenfeld <622>,28
95 Jahre und älter,Judenburg ^<608>,-
95 Jahre und älter,Knittelfeld ^<609>,-
95 Jahre und älter,Leibnitz <610>,10
95 Jahre und älter,Leoben <611>,23
95 Jahre und älter,Liezen <612>,17
95 Jahre und älter,Murtal <620>,25
95 Jahre und älter,Mürzzuschlag ^<613>,-
95 Jahre und älter,Murau <614>,8
95 Jahre und älter,Radkersburg ^<615>,-
95 Jahre und älter,Südoststeiermark <623>,27
95 Jahre und älter,Voitsberg <616>,12
95 Jahre und älter,Weiz <617>,29
0 Jahre,Innsbruck (Stadt) <701>,165
0 Jahre,Imst <702>,53
0 Jahre,Innsbruck Land <703>,159
0 Jahre,Kitzbühel <704>,59
0 Jahre,Kufstein <705>,115
0 Jahre,Landeck <706>,30
0 Jahre,Lienz <707>,37
0 Jahre,Reutte <708>,29
0 Jahre,Schwaz <709>,81
0 Jahre,Bludenz <801>,57
0 Jahre,Bregenz <802>,160
0 Jahre,Dornbirn <803>,156
0 Jahre,Feldkirch <804>,153
0 Jahre,"Wien 1.Bezirk, Innere Stadt <901>",18
0 Jahre,"Wien 2.Bezirk, Leopoldstadt <902>",169
0 Jahre,"Wien 3.Bezirk, Landstraße <903>",156
0 Jahre,"Wien 4.Bezirk, Wieden <904>",47
0 Jahre,"Wien 5.Bezirk, Margareten <905>",103
0 Jahre,"Wien 6.Bezirk, Mariahilf <906>",41
0 Jahre,"Wien 7.Bezirk, Neubau <907>",44
0 Jahre,"Wien 8.Bezirk, Josefstadt <908>",17
0 Jahre,"Wien 9.Bezirk, Alsergrund <909>",57
0 Jahre,"Wien 10.Bezirk, Favoriten <910>",477
0 Jahre,"Wien 11.Bezirk, Simmering <911>",214
0 Jahre,"Wien 12.Bezirk, Meidling <912>",185
0 Jahre,"Wien 13.Bezirk, Hietzing <913>",60
0 Jahre,"Wien 14.Bezirk, Penzing <914>",118
0 Jahre,"Wien 15.Bezirk, Rudolfsheim-Fünfhaus <915>",115
0 Jahre,"Wien 16.Bezirk, Ottakring <916>",199
0 Jahre,"Wien 17.Bezirk, Hernals <917>",84
0 Jahre,"Wien 18.Bezirk, Währing <918>",71
0 Jahre,"Wien 19.Bezirk, Döbling <919>",93
0 Jahre,"Wien 20.Bezirk, Brigittenau <920>",167
0 Jahre,"Wien 21.Bezirk, Floridsdorf <921>",278
0 Jahre,"Wien 22.Bezirk, Donaustadt <922>",279
0 Jahre,"Wien 23.Bezirk, Liesing <923>",149
1 Jahr,Innsbruck (Stadt) <701>,172
1 Jahr,Imst <702>,55
1 Jahr,Innsbruck Land <703>,177
1 Jahr,Kitzbühel <704>,54
1 Jahr,Kufstein <705>,106
1 Jahr,Landeck <706>,28
1 Jahr,Lienz <707>,43
1 Jahr,Reutte <708>,26
1 Jahr,Schwaz <709>,84
1 Jahr,Bludenz <801>,68
1 Jahr,Bregenz <802>,166
1 Jahr,Dornbirn <803>,128
1 Jahr,Feldkirch <804>,170
1 Jahr,"Wien 1.Bezirk, Innere Stadt <901>",20
1 Jahr,"Wien 2.Bezirk, Leopoldstadt <902>",146
1 Jahr,"Wien 3.Bezirk, Landstraße <903>",147
1 Jahr,"Wien 4.Bezirk, Wieden <904>",32
1 Jahr,"Wien 5.Bezirk, Margareten <905>",69
1 Jahr,"Wien 6.Bezirk, Mariahilf <906>",32
1 Jahr,"Wien 7.Bezirk, Neubau <907>",38
1 Jahr,"Wien 8.Bezirk, Josefstadt <908>",29
1 Jahr,"Wien 9.Bezirk, Alsergrund <909>",53
1 Jahr,"Wien 10.Bezirk, Favoriten <910>",407
1 Jahr,"Wien 11.Bezirk, Simmering <911>",152
1 Jahr,"Wien 12.Bezirk, Meidling <912>",180
1 Jahr,"Wien 13.Bezirk, Hietzing <913>",66
1 Jahr,"Wien 14.Bezirk, Penzing <914>",122
1 Jahr,"Wien 15.Bezirk, Rudolfsheim-Fünfhaus <915>",110
1 Jahr,"Wien 16.Bezirk, Ottakring <916>",189
1 Jahr,"Wien 17.Bezirk, Hernals <917>",97
1 Jahr,"Wien 18.Bezirk, Währing <918>",58
1 Jahr,"Wien 19.Bezirk, Döbling <919>",84
1 Jahr,"Wien 20.Bezirk, Brigittenau <920>",144
1 Jahr,"Wien 21.Bezirk, Floridsdorf <921>",274
1 Jahr,"Wien 22.Bezirk, Donaustadt <922>",300
1 Jahr,"Wien 23.Bezirk, Liesing <923>",148
2 Jahre,Innsbruck (Stadt) <701>,135
2 Jahre,Imst <702>,60
2 Jahre,Innsbruck Land <703>,151
2 Jahre,Kitzbühel <704>,54
2 Jahre,Kufstein <705>,111
2 Jahre,Landeck <706>,38
2 Jahre,Lienz <707>,51
2 Jahre,Reutte <708>,23
2 Jahre,Schwaz <709>,72
2 Jahre,Bludenz <801>,65
2 Jahre,Bregenz <802>,160
2 Jahre,Dornbirn <803>,120
2 Jahre,Feldkirch <804>,126
2 Jahre,"Wien 1.Bezirk, Innere Stadt <901>",17
2 Jahre,"Wien 2.Bezirk, Leopoldstadt <902>",125
2 Jahre,"Wien 3.Bezirk, Landstraße <903>",101
2 Jahre,"Wien 4.Bezirk, Wieden <904>",57
2 Jahre,"Wien 5.Bezirk, Margareten <905>",78
2 Jahre,"Wien 6.Bezirk, Mariahilf <906>",39
2 Jahre,"Wien 7.Bezirk, Neubau <907>",30
2 Jahre,"Wien 8.Bezirk, Josefstadt <908>",18
2 Jahre,"Wien 9.Bezirk, Alsergrund <909>",59
2 Jahre,"Wien 10.Bezirk, Favoriten <910>",339
2 Jahre,"Wien 11.Bezirk, Simmering <911>",163
2 Jahre,"Wien 12.Bezirk, Meidling <912>",126
2 Jahre,"Wien 13.Bezirk, Hietzing <913>",54
2 Jahre,"Wien 14.Bezirk, Penzing <914>",97
2 Jahre,"Wien 15.Bezirk, Rudolfsheim-Fünfhaus <915>",102
2 Jahre,"Wien 16.Bezirk, Ottakring <916>",122
2 Jahre,"Wien 17.Bezirk, Hernals <917>",70
2 Jahre,"Wien 18.Bezirk, Währing <918>",62
2 Jahre,"Wien 19.Bezirk, Döbling <919>",98
2 Jahre,"Wien 20.Bezirk, Brigittenau <920>",104
2 Jahre,"Wien 21.Bezirk, Floridsdorf <921>",273
2 Jahre,"Wien 22.Bezirk, Donaustadt <922>",239
2 Jahre,"Wien 23.Bezirk, Liesing <923>",117
3 Jahre,Innsbruck (Stadt) <701>,137
3 Jahre,Imst <702>,47
3 Jahre,Innsbruck Land <703>,143
3 Jahre,Kitzbühel <704>,71
3 Jahre,Kufstein <705>,104
3 Jahre,Landeck <706>,20
3 Jahre,Lienz <707>,31
3 Jahre,Reutte <708>,26
3 Jahre,Schwaz <709>,65
3 Jahre,Bludenz <801>,78
3 Jahre,Bregenz <802>,126
3 Jahre,Dornbirn <803>,109
3 Jahre,Feldkirch <804>,128
3 Jahre,"Wien 1.Bezirk, Innere Stadt <901>",12
3 Jahre,"Wien 2.Bezirk, Leopoldstadt <902>",120
3 Jahre,"Wien 3.Bezirk, Landstraße <903>",112
3 Jahre,"Wien 4.Bezirk, Wieden <904>",29
3 Jahre,"Wien 5.Bezirk, Margareten <905>",70
3 Jahre,"Wien 6.Bezirk, Mariahilf <906>",36
3 Jahre,"Wien 7.Bezirk, Neubau <907>",33
3 Jahre,"Wien 8.Bezirk, Josefstadt <908>",20
3 Jahre,"Wien 9.Bezirk, Alsergrund <909>",45
3 Jahre,"Wien 10.Bezirk, Favoriten <910>",337
3 Jahre,"Wien 11.Bezirk, Simmering <911>",145
3 Jahre,"Wien 12.Bezirk, Meidling <912>",115
3 Jahre,"Wien 13.Bezirk, Hietzing <913>",56
3 Jahre,"Wien 14.Bezirk, Penzing <914>",94
3 Jahre,"Wien 15.Bezirk, Rudolfsheim-Fünfhaus <915>",77
3 Jahre,"Wien 16.Bezirk, Ottakring <916>",144
3 Jahre,"Wien 17.Bezirk, Hernals <917>",77
3 Jahre,"Wien 18.Bezirk, Währing <918>",56
3 Jahre,"Wien 19.Bezirk, Döbling <919>",89
3 Jahre,"Wien 20.Bezirk, Brigittenau <920>",123
3 Jahre,"Wien 21.Bezirk, Floridsdorf <921>",208
3 Jahre,"Wien 22.Bezirk, Donaustadt <922>",233
3 Jahre,"Wien 23.Bezirk, Liesing <923>",113
4 Jahre,Innsbruck (Stadt) <701>,131
4 Jahre,Imst <702>,40
4 Jahre,Innsbruck Land <703>,149
4 Jahre,Kitzbühel <704>,44
4 Jahre,Kufstein <705>,81
4 Jahre,Landeck <706>,20
4 Jahre,Lienz <707>,25
4 Jahre,Reutte <708>,19
4 Jahre,Schwaz <709>,84
4 Jahre,Bludenz <801>,63
4 Jahre,Bregenz <802>,133
4 Jahre,Dornbirn <803>,96
4 Jahre,Feldkirch <804>,101
4 Jahre,"Wien 1.Bezirk, Innere Stadt <901>",11
4 Jahre,"Wien 2.Bezirk, Leopoldstadt <902>",123
4 Jahre,"Wien 3.Bezirk, Landstraße <903>",112
4 Jahre,"Wien 4.Bezirk, Wieden <904>",28
4 Jahre,"Wien 5.Bezirk, Margareten <905>",69
4 Jahre,"Wien 6.Bezirk, Mariahilf <906>",28
4 Jahre,"Wien 7.Bezirk, Neubau <907>",27
4 Jahre,"Wien 8.Bezirk, Josefstadt <908>",12
4 Jahre,"Wien 9.Bezirk, Alsergrund <909>",50
4 Jahre,"Wien 10.Bezirk, Favoriten <910>",330
4 Jahre,"Wien 11.Bezirk, Simmering <911>",150
4 Jahre,"Wien 12.Bezirk, Meidling <912>",125
4 Jahre,"Wien 13.Bezirk, Hietzing <913>",51
4 Jahre,"Wien 14.Bezirk, Penzing <914>",93
4 Jahre,"Wien 15.Bezirk, Rudolfsheim-Fünfhaus <915>",83
4 Jahre,"Wien 16.Bezirk, Ottakring <916>",140
4 Jahre,"Wien 17.Bezirk, Hernals <917>",75
4 Jahre,"Wien 18.Bezirk, Währing <918>",50
4 Jahre,"Wien 19.Bezirk, Döbling <919>",68
4 Jahre,"Wien 20.Bezirk, Brigittenau <920>",99
4 Jahre,"Wien 21.Bezirk, Floridsdorf <921>",223
4 Jahre,"Wien 22.Bezirk, Donaustadt <922>",226
4 Jahre,"Wien 23.Bezirk, Liesing <923>",102
5 Jahre,Innsbruck (Stadt) <701>,145
5 Jahre,Imst <702>,45
5 Jahre,Innsbruck Land <703>,139
5 Jahre,Kitzbühel <704>,41
5 Jahre,Kufstein <705>,104
5 Jahre,Landeck <706>,24
5 Jahre,Lienz <707>,37
5 Jahre,Reutte <708>,17
5 Jahre,Schwaz <709>,51
5 Jahre,Bludenz <801>,46
5 Jahre,Bregenz <802>,124
5 Jahre,Dornbirn <803>,108
5 Jahre,Feldkirch <804>,112
5 Jahre,"Wien 1.Bezirk, Innere Stadt <901>",17
5 Jahre,"Wien 2.Bezirk, Leopoldstadt <902>",142
5 Jahre,"Wien 3.Bezirk, Landstraße <903>",95
5 Jahre,"Wien 4.Bezirk, Wieden <904>",30
5 Jahre,"Wien 5.Bezirk, Margareten <905>",75
5 Jahre,"Wien 6.Bezirk, Mariahilf <906>",46
5 Jahre,"Wien 7.Bezirk, Neubau <907>",24
5 Jahre,"Wien 8.Bezirk, Josefstadt <908>",17
5 Jahre,"Wien 9.Bezirk, Alsergrund <909>",51
5 Jahre,"Wien 10.Bezirk, Favoriten <910>",333
5 Jahre,"Wien 11.Bezirk, Simmering <911>",133
5 Jahre,"Wien 12.Bezirk, Meidling <912>",126
5 Jahre,"Wien 13.Bezirk, Hietzing <913>",52
5 Jahre,"Wien 14.Bezirk, Penzing <914>",87
5 Jahre,"Wien 15.Bezirk, Rudolfsheim-Fünfhaus <915>",99
5 Jahre,"Wien 16.Bezirk, Ottakring <916>",125
5 Jahre,"Wien 17.Bezirk, Hernals <917>",77
5 Jahre,"Wien 18.Bezirk, Währing <918>",64
5 Jahre,"Wien 19.Bezirk, Döbling <919>",81
5 Jahre,"Wien 20.Bezirk, Brigittenau <920>",130
5 Jahre,"Wien 21.Bezirk, Floridsdorf <921>",222
5 Jahre,"Wien 22.Bezirk, Donaustadt <922>",219
5 Jahre,"Wien 23.Bezirk, Liesing <923>",135
6 Jahre,Innsbruck (Stadt) <701>,102
6 Jahre,Imst <702>,50
6 Jahre,Innsbruck Land <703>,117
6 Jahre,Kitzbühel <704>,47
6 Jahre,Kufstein <705>,83
6 Jahre,Landeck <706>,19
6 Jahre,Lienz <707>,22
6 Jahre,Reutte <708>,12
6 Jahre,Schwaz <709>,67
6 Jahre,Bludenz <801>,73
6 Jahre,Bregenz <802>,105
6 Jahre,Dornbirn <803>,99
6 Jahre,Feldkirch <804>,108
6 Jahre,"Wien 1.Bezirk, Innere Stadt <901>",18
6 Jahre,"Wien 2.Bezirk, Leopoldstadt <902>",106
6 Jahre,"Wien 3.Bezirk, Landstraße <903>",102
6 Jahre,"Wien 4.Bezirk, Wieden <904>",25
6 Jahre,"Wien 5.Bezirk, Margareten <905>",57
6 Jahre,"Wien 6.Bezirk, Mariahilf <906>",33
6 Jahre,"Wien 7.Bezirk, Neubau <907>",28
6 Jahre,"Wien 8.Bezirk, Josefstadt <908>",15
6 Jahre,"Wien 9.Bezirk, Alsergrund <909>",33
6 Jahre,"Wien 10.Bezirk, Favoriten <910>",322
6 Jahre,"Wien 11.Bezirk, Simmering <911>",108
6 Jahre,"Wien 12.Bezirk, Meidling <912>",99
6 Jahre,"Wien 13.Bezirk, Hietzing <913>",54
6 Jahre,"Wien 14.Bezirk, Penzing <914>",87
6 Jahre,"Wien 15.Bezirk, Rudolfsheim-Fünfhaus <915>",94
6 Jahre,"Wien 16.Bezirk, Ottakring <916>",126
6 Jahre,"Wien 17.Bezirk, Hernals <917>",67
6 Jahre,"Wien 18.Bezirk, Währing <918>",50
6 Jahre,"Wien 19.Bezirk, Döbling <919>",83
6 Jahre,"Wien 20.Bezirk, Brigittenau <920>",91
6 Jahre,"Wien 21.Bezirk, Floridsdorf <921>",195
6 Jahre,"Wien 22.Bezirk, Donaustadt <922>",199
6 Jahre,"Wien 23.Bezirk, Liesing <923>",112
7 Jahre,Innsbruck (Stadt) <701>,112
7 Jahre,Imst <702>,27
7 Jahre,Innsbruck Land <703>,113
7 Jahre,Kitzbühel <704>,27
7 Jahre,Kufstein <705>,68
7 Jahre,Landeck <706>,24
7 Jahre,Lienz <707>,22
7 Jahre,Reutte <708>,13
7 Jahre,Schwaz <709>,50
7 Jahre,Bludenz <801>,42
7 Jahre,Bregenz <802>,125
7 Jahre,Dornbirn <803>,96
7 Jahre,Feldkirch <804>,75
7 Jahre,"Wien 1.Bezirk, Innere Stadt <901>",15
7 Jahre,"Wien 2.Bezirk, Leopoldstadt <902>",95
7 Jahre,"Wien 3.Bezirk, Landstraße <903>",73
7 Jahre,"Wien 4.Bezirk, Wieden <904>",22
7 Jahre,"Wien 5.Bezirk, Margareten <905>",44
7 Jahre,"Wien 6.Bezirk, Mariahilf <906>",27
7 Jahre,"Wien 7.Bezirk, Neubau <907>",13
7 Jahre,"Wien 8.Bezirk, Josefstadt <908>",13
7 Jahre,"Wien 9.Bezirk, Alsergrund <909>",23
7 Jahre,"Wien 10.Bezirk, Favoriten <910>",264
7 Jahre,"Wien 11.Bezirk, Simmering <911>",125
7 Jahre,"Wien 12.Bezirk, Meidling <912>",112
7 Jahre,"Wien 13.Bezirk, Hietzing <913>",46
7 Jahre,"Wien 14.Bezirk, Penzing <914>",76
7 Jahre,"Wien 15.Bezirk, Rudolfsheim-Fünfhaus <915>",82
7 Jahre,"Wien 16.Bezirk, Ottakring <916>",95
7 Jahre,"Wien 17.Bezirk, Hernals <917>",68
7 Jahre,"Wien 18.Bezirk, Währing <918>",45
7 Jahre,"Wien 19.Bezirk, Döbling <919>",62
7 Jahre,"Wien 20.Bezirk, Brigittenau <920>",106
7 Jahre,"Wien 21.Bezirk, Floridsdorf <921>",167
7 Jahre,"Wien 22.Bezirk, Donaustadt <922>",172
7 Jahre,"Wien 23.Bezirk, Liesing <923>",89
8 Jahre,Innsbruck (Stadt) <701>,77
8 Jahre,Imst <702>,36
8 Jahre,Innsbruck Land <703>,100
8 Jahre,Kitzbühel <704>,34
8 Jahre,Kufstein <705>,73
8 Jahre,Landeck <706>,14
8 Jahre,Lienz <707>,15
8 Jahre,Reutte <708>,14
8 Jahre,Schwaz <709>,61
8 Jahre,Bludenz <801>,51
8 Jahre,Bregenz <802>,98
8 Jahre,Dornbirn <803>,76
8 Jahre,Feldkirch <804>,79
8 Jahre,"Wien 1.Bezirk, Innere Stadt <901>",11
8 Jahre,"Wien 2.Bezirk, Leopoldstadt <902>",101
8 Jahre,"Wien 3.Bezirk, Landstraße <903>",65
8 Jahre,"Wien 4.Bezirk, Wieden <904>",28
8 Jahre,"Wien 5.Bezirk, Margareten <905>",52
8 Jahre,"Wien 6.Bezirk, Mariahilf <906>",20
8 Jahre,"Wien 7.Bezirk, Neubau <907>",16
8 Jahre,"Wien 8.Bezirk, Josefstadt <908>",12
8 Jahre,"Wien 9.Bezirk, Alsergrund <909>",33
8 Jahre,"Wien 10.Bezirk, Favoriten <910>",224
8 Jahre,"Wien 11.Bezirk, Simmering <911>",105
8 Jahre,"Wien 12.Bezirk, Meidling <912>",76
8 Jahre,"Wien 13.Bezirk, Hietzing <913>",41
8 Jahre,"Wien 14.Bezirk, Penzing <914>",79
8 Jahre,"Wien 15.Bezirk, Rudolfsheim-Fünfhaus <915>",85
8 Jahre,"Wien 16.Bezirk, Ottakring <916>",98
8 Jahre,"Wien 17.Bezirk, Hernals <917>",54
8 Jahre,"Wien 18.Bezirk, Währing <918>",42
8 Jahre,"Wien 19.Bezirk, Döbling <919>",54
8 Jahre,"Wien 20.Bezirk, Brigittenau <920>",104
8 Jahre,"Wien 21.Bezirk, Floridsdorf <921>",190
8 Jahre,"Wien 22.Bezirk, Donaustadt <922>",185
8 Jahre,"Wien 23.Bezirk, Liesing <923>",92
9 Jahre,Innsbruck (Stadt) <701>,92
9 Jahre,Imst <702>,33
9 Jahre,Innsbruck Land <703>,111
9 Jahre,Kitzbühel <704>,45
9 Jahre,Kufstein <705>,60
9 Jahre,Landeck <706>,18
9 Jahre,Lienz <707>,16
9 Jahre,Reutte <708>,14
9 Jahre,Schwaz <709>,62
9 Jahre,Bludenz <801>,48
9 Jahre,Bregenz <802>,87
9 Jahre,Dornbirn <803>,67
9 Jahre,Feldkirch <804>,72
9 Jahre,"Wien 1.Bezirk, Innere Stadt <901>",19
9 Jahre,"Wien 2.Bezirk, Leopoldstadt <902>",96
9 Jahre,"Wien 3.Bezirk, Landstraße <903>",80
9 Jahre,"Wien 4.Bezirk, Wieden <904>",23
9 Jahre,"Wien 5.Bezirk, Margareten <905>",51
9 Jahre,"Wien 6.Bezirk, Mariahilf <906>",25
9 Jahre,"Wien 7.Bezirk, Neubau <907>",20
9 Jahre,"Wien 8.Bezirk, Josefstadt <908>",20
9 Jahre,"Wien 9.Bezirk, Alsergrund <909>",39
9 Jahre,"Wien 10.Bezirk, Favoriten <910>",267
9 Jahre,"Wien 11.Bezirk, Simmering <911>",105
9 Jahre,"Wien 12.Bezirk, Meidling <912>",88
9 Jahre,"Wien 13.Bezirk, Hietzing <913>",53
9 Jahre,"Wien 14.Bezirk, Penzing <914>",87
9 Jahre,"Wien 15.Bezirk, Rudolfsheim-Fünfhaus <915>",84
9 Jahre,"Wien 16.Bezirk, Ottakring <916>",112
9 Jahre,"Wien 17.Bezirk, Hernals <917>",56
9 Jahre,"Wien 18.Bezirk, Währing <918>",59
9 Jahre,"Wien 19.Bezirk, Döbling <919>",71
9 Jahre,"Wien 20.Bezirk, Brigittenau <920>",92
9 Jahre,"Wien 21.Bezirk, Floridsdorf <921>",188
9 Jahre,"Wien 22.Bezirk, Donaustadt <922>",196
9 Jahre,"Wien 23.Bezirk, Liesing <923>",108
10 Jahre,Innsbruck (Stadt) <701>,102
10 Jahre,Imst <702>,30
10 Jahre,Innsbruck Land <703>,104
10 Jahre,Kitzbühel <704>,30
10 Jahre,Kufstein <705>,61
10 Jahre,Landeck <706>,25
10 Jahre,Lienz <707>,28
10 Jahre,Reutte <708>,15
10 Jahre,Schwaz <709>,70
10 Jahre,Bludenz <801>,43
10 Jahre,Bregenz <802>,102
10 Jahre,Dornbirn <803>,87
10 Jahre,Feldkirch <804>,89
10 Jahre,"Wien 1.Bezirk, Innere Stadt <901>",17
10 Jahre,"Wien 2.Bezirk, Leopoldstadt <902>",97
10 Jahre,"Wien 3.Bezirk, Landstraße <903>",77
10 Jahre,"Wien 4.Bezirk, Wieden <904>",29
10 Jahre,"Wien 5.Bezirk, Margareten <905>",40
10 Jahre,"Wien 6.Bezirk, Mariahilf <906>",31
10 Jahre,"Wien 7.Bezirk, Neubau <907>",22
10 Jahre,"Wien 8.Bezirk, Josefstadt <908>",9
10 Jahre,"Wien 9.Bezirk, Alsergrund <909>",37
10 Jahre,"Wien 10.Bezirk, Favoriten <910>",243
10 Jahre,"Wien 11.Bezirk, Simmering <911>",86
10 Jahre,"Wien 12.Bezirk, Meidling <912>",94
10 Jahre,"Wien 13.Bezirk, Hietzing <913>",41
10 Jahre,"Wien 14.Bezirk, Penzing <914>",75
10 Jahre,"Wien 15.Bezirk, Rudolfsheim-Fünfhaus <915>",54
10 Jahre,"Wien 16.Bezirk, Ottakring <916>",99
10 Jahre,"Wien 17.Bezirk, Hernals <917>",51
10 Jahre,"Wien 18.Bezirk, Währing <918>",45
10 Jahre,"Wien 19.Bezirk, Döbling <919>",68
10 Jahre,"Wien 20.Bezirk, Brigittenau <920>",91
10 Jahre,"Wien 21.Bezirk, Floridsdorf <921>",176
10 Jahre,"Wien 22.Bezirk, Donaustadt <922>",171
10 Jahre,"Wien 23.Bezirk, Liesing <923>",98
11 Jahre,Innsbruck (Stadt) <701>,85
11 Jahre,Imst <702>,25
11 Jahre,Innsbruck Land <703>,94
11 Jahre,Kitzbühel <704>,30
11 Jahre,Kufstein <705>,58
11 Jahre,Landeck <706>,16
11 Jahre,Lienz <707>,20
11 Jahre,Reutte <708>,18
11 Jahre,Schwaz <709>,52
11 Jahre,Bludenz <801>,46
11 Jahre,Bregenz <802>,87
11 Jahre,Dornbirn <803>,60
11 Jahre,Feldkirch <804>,65
11 Jahre,"Wien 1.Bezirk, Innere Stadt <901>",12
11 Jahre,"Wien 2.Bezirk, Leopoldstadt <902>",69
11 Jahre,"Wien 3.Bezirk, Landstraße <903>",63
11 Jahre,"Wien 4.Bezirk, Wieden <904>",20
11 Jahre,"Wien 5.Bezirk, Margareten <905>",42
11 Jahre,"Wien 6.Bezirk, Mariahilf <906>",12
11 Jahre,"Wien 7.Bezirk, Neubau <907>",10
11 Jahre,"Wien 8.Bezirk, Josefstadt <908>",12
11 Jahre,"Wien 9.Bezirk, Alsergrund <909>",31
11 Jahre,"Wien 10.Bezirk, Favoriten <910>",224
11 Jahre,"Wien 11.Bezirk, Simmering <911>",81
11 Jahre,"Wien 12.Bezirk, Meidling <912>",92
11 Jahre,"Wien 13.Bezirk, Hietzing <913>",43
11 Jahre,"Wien 14.Bezirk, Penzing <914>",63
11 Jahre,"Wien 15.Bezirk, Rudolfsheim-Fünfhaus <915>",60
11 Jahre,"Wien 16.Bezirk, Ottakring <916>",84
11 Jahre,"Wien 17.Bezirk, Hernals <917>",56
11 Jahre,"Wien 18.Bezirk, Währing <918>",46
11 Jahre,"Wien 19.Bezirk, Döbling <919>",65
11 Jahre,"Wien 20.Bezirk, Brigittenau <920>",82
11 Jahre,"Wien 21.Bezirk, Floridsdorf <921>",161
11 Jahre,"Wien 22.Bezirk, Donaustadt <922>",160
11 Jahre,"Wien 23.Bezirk, Liesing <923>",75
12 Jahre,Innsbruck (Stadt) <701>,89
12 Jahre,Imst <702>,21
12 Jahre,Innsbruck Land <703>,80
12 Jahre,Kitzbühel <704>,29
12 Jahre,Kufstein <705>,53
12 Jahre,Landeck <706>,16
12 Jahre,Lienz <707>,13
12 Jahre,Reutte <708>,13
12 Jahre,Schwaz <709>,49
12 Jahre,Bludenz <801>,34
12 Jahre,Bregenz <802>,77
12 Jahre,Dornbirn <803>,57
12 Jahre,Feldkirch <804>,73
12 Jahre,"Wien 1.Bezirk, Innere Stadt <901>",13
12 Jahre,"Wien 2.Bezirk, Leopoldstadt <902>",81
12 Jahre,"Wien 3.Bezirk, Landstraße <903>",57
12 Jahre,"Wien 4.Bezirk, Wieden <904>",22
12 Jahre,"Wien 5.Bezirk, Margareten <905>",30
12 Jahre,"Wien 6.Bezirk, Mariahilf <906>",20
12 Jahre,"Wien 7.Bezirk, Neubau <907>",10
12 Jahre,"Wien 8.Bezirk, Josefstadt <908>",9
12 Jahre,"Wien 9.Bezirk, Alsergrund <909>",30
12 Jahre,"Wien 10.Bezirk, Favoriten <910>",224
12 Jahre,"Wien 11.Bezirk, Simmering <911>",79
12 Jahre,"Wien 12.Bezirk, Meidling <912>",75
12 Jahre,"Wien 13.Bezirk, Hietzing <913>",38
12 Jahre,"Wien 14.Bezirk, Penzing <914>",66
12 Jahre,"Wien 15.Bezirk, Rudolfsheim-Fünfhaus <915>",56
12 Jahre,"Wien 16.Bezirk, Ottakring <916>",99
12 Jahre,"Wien 17.Bezirk, Hernals <917>",44
12 Jahre,"Wien 18.Bezirk, Währing <918>",35
12 Jahre,"Wien 19.Bezirk, Döbling <919>",64
12 Jahre,"Wien 20.Bezirk, Brigittenau <920>",77
12 Jahre,"Wien 21.Bezirk, Floridsdorf <921>",144
12 Jahre,"Wien 22.Bezirk, Donaustadt <922>",143
12 Jahre,"Wien 23.Bezirk, Liesing <923>",73
13 Jahre,Innsbruck (Stadt) <701>,80
13 Jahre,Imst <702>,32
13 Jahre,Innsbruck Land <703>,103
13 Jahre,Kitzbühel <704>,36
13 Jahre,Kufstein <705>,73
13 Jahre,Landeck <706>,16
13 Jahre,Lienz <707>,17
13 Jahre,Reutte <708>,9
13 Jahre,Schwaz <709>,43
13 Jahre,Bludenz <801>,42
13 Jahre,Bregenz <802>,72
13 Jahre,Dornbirn <803>,66
13 Jahre,Feldkirch <804>,72
13 Jahre,"Wien 1.Bezirk, Innere Stadt <901>",19
13 Jahre,"Wien 2.Bezirk, Leopoldstadt <902>",81
13 Jahre,"Wien 3.Bezirk, Landstraße <903>",68
13 Jahre,"Wien 4.Bezirk, Wieden <904>",19
13 Jahre,"Wien 5.Bezirk, Margareten <905>",42
13 Jahre,"Wien 6.Bezirk, Mariahilf <906>",20
13 Jahre,"Wien 7.Bezirk, Neubau <907>",15
13 Jahre,"Wien 8.Bezirk, Josefstadt <908>",9
13 Jahre,"Wien 9.Bezirk, Alsergrund <909>",31
13 Jahre,"Wien 10.Bezirk, Favoriten <910>",212
13 Jahre,"Wien 11.Bezirk, Simmering <911>",83
13 Jahre,"Wien 12.Bezirk, Meidling <912>",83
13 Jahre,"Wien 13.Bezirk, Hietzing <913>",35
13 Jahre,"Wien 14.Bezirk, Penzing <914>",59
13 Jahre,"Wien 15.Bezirk, Rudolfsheim-Fünfhaus <915>",59
13 Jahre,"Wien 16.Bezirk, Ottakring <916>",87
13 Jahre,"Wien 17.Bezirk, Hernals <917>",42
13 Jahre,"Wien 18.Bezirk, Währing <918>",40
13 Jahre,"Wien 19.Bezirk, Döbling <919>",59
13 Jahre,"Wien 20.Bezirk, Brigittenau <920>",77
13 Jahre,"Wien 21.Bezirk, Floridsdorf <921>",135
13 Jahre,"Wien 22.Bezirk, Donaustadt <922>",146
13 Jahre,"Wien 23.Bezirk, Liesing <923>",77
14 Jahre,Innsbruck (Stadt) <701>,95
14 Jahre,Imst <702>,29
14 Jahre,Innsbruck Land <703>,115
14 Jahre,Kitzbühel <704>,22
14 Jahre,Kufstein <705>,64
14 Jahre,Landeck <706>,16
14 Jahre,Lienz <707>,11
14 Jahre,Reutte <708>,16
14 Jahre,Schwaz <709>,48
14 Jahre,Bludenz <801>,43
14 Jahre,Bregenz <802>,84
14 Jahre,Dornbirn <803>,68
14 Jahre,Feldkirch <804>,61
14 Jahre,"Wien 1.Bezirk, Innere Stadt <901>",11
14 Jahre,"Wien 2.Bezirk, Leopoldstadt <902>",75
14 Jahre,"Wien 3.Bezirk, Landstraße <903>",47
14 Jahre,"Wien 4.Bezirk, Wieden <904>",12
14 Jahre,"Wien 5.Bezirk, Margareten <905>",35
14 Jahre,"Wien 6.Bezirk, Mariahilf <906>",26
14 Jahre,"Wien 7.Bezirk, Neubau <907>",17
14 Jahre,"Wien 8.Bezirk, Josefstadt <908>",7
14 Jahre,"Wien 9.Bezirk, Alsergrund <909>",17
14 Jahre,"Wien 10.Bezirk, Favoriten <910>",188
14 Jahre,"Wien 11.Bezirk, Simmering <911>",84
14 Jahre,"Wien 12.Bezirk, Meidling <912>",80
14 Jahre,"Wien 13.Bezirk, Hietzing <913>",44
14 Jahre,"Wien 14.Bezirk, Penzing <914>",62
14 Jahre,"Wien 15.Bezirk, Rudolfsheim-Fünfhaus <915>",71
14 Jahre,"Wien 16.Bezirk, Ottakring <916>",74
14 Jahre,"Wien 17.Bezirk, Hernals <917>",36
14 Jahre,"Wien 18.Bezirk, Währing <918>",34
14 Jahre,"Wien 19.Bezirk, Döbling <919>",59
14 Jahre,"Wien 20.Bezirk, Brigittenau <920>",89
14 Jahre,"Wien 21.Bezirk, Floridsdorf <921>",145
14 Jahre,"Wien 22.Bezirk, Donaustadt <922>",130
14 Jahre,"Wien 23.Bezirk, Liesing <923>",77
15 Jahre,Innsbruck (Stadt) <701>,89
15 Jahre,Imst <702>,25
15 Jahre,Innsbruck Land <703>,86
15 Jahre,Kitzbühel <704>,22
15 Jahre,Kufstein <705>,75
15 Jahre,Landeck <706>,17
15 Jahre,Lienz <707>,20
15 Jahre,Reutte <708>,15
15 Jahre,Schwaz <709>,47
15 Jahre,Bludenz <801>,41
15 Jahre,Bregenz <802>,102
15 Jahre,Dornbirn <803>,57
15 Jahre,Feldkirch <804>,62
15 Jahre,"Wien 1.Bezirk, Innere Stadt <901>",16
15 Jahre,"Wien 2.Bezirk, Leopoldstadt <902>",64
15 Jahre,"Wien 3.Bezirk, Landstraße <903>",53
15 Jahre,"Wien 4.Bezirk, Wieden <904>",18
15 Jahre,"Wien 5.Bezirk, Margareten <905>",38
15 Jahre,"Wien 6.Bezirk, Mariahilf <906>",11
15 Jahre,"Wien 7.Bezirk, Neubau <907>",19
15 Jahre,"Wien 8.Bezirk, Josefstadt <908>",16
15 Jahre,"Wien 9.Bezirk, Alsergrund <909>",27
15 Jahre,"Wien 10.Bezirk, Favoriten <910>",235
15 Jahre,"Wien 11.Bezirk, Simmering <911>",76
15 Jahre,"Wien 12.Bezirk, Meidling <912>",84
15 Jahre,"Wien 13.Bezirk, Hietzing <913>",34
15 Jahre,"Wien 14.Bezirk, Penzing <914>",46
15 Jahre,"Wien 15.Bezirk, Rudolfsheim-Fünfhaus <915>",54
15 Jahre,"Wien 16.Bezirk, Ottakring <916>",88
15 Jahre,"Wien 17.Bezirk, Hernals <917>",40
15 Jahre,"Wien 18.Bezirk, Währing <918>",34
15 Jahre,"Wien 19.Bezirk, Döbling <919>",44
15 Jahre,"Wien 20.Bezirk, Brigittenau <920>",68
15 Jahre,"Wien 21.Bezirk, Floridsdorf <921>",149
15 Jahre,"Wien 22.Bezirk, Donaustadt <922>",116
15 Jahre,"Wien 23.Bezirk, Liesing <923>",83
16 Jahre,Innsbruck (Stadt) <701>,112
16 Jahre,Imst <702>,28
16 Jahre,Innsbruck Land <703>,83
16 Jahre,Kitzbühel <704>,39
16 Jahre,Kufstein <705>,62
16 Jahre,Landeck <706>,14
16 Jahre,Lienz <707>,11
16 Jahre,Reutte <708>,20
16 Jahre,Schwaz <709>,44
16 Jahre,Bludenz <801>,47
16 Jahre,Bregenz <802>,96
16 Jahre,Dornbirn <803>,61
16 Jahre,Feldkirch <804>,71
16 Jahre,"Wien 1.Bezirk, Innere Stadt <901>",14
16 Jahre,"Wien 2.Bezirk, Leopoldstadt <902>",71
16 Jahre,"Wien 3.Bezirk, Landstraße <903>",65
16 Jahre,"Wien 4.Bezirk, Wieden <904>",19
16 Jahre,"Wien 5.Bezirk, Margareten <905>",40
16 Jahre,"Wien 6.Bezirk, Mariahilf <906>",12
16 Jahre,"Wien 7.Bezirk, Neubau <907>",13
16 Jahre,"Wien 8.Bezirk, Josefstadt <908>",13
16 Jahre,"Wien 9.Bezirk, Alsergrund <909>",29
16 Jahre,"Wien 10.Bezirk, Favoriten <910>",201
16 Jahre,"Wien 11.Bezirk, Simmering <911>",74
16 Jahre,"Wien 12.Bezirk, Meidling <912>",96
16 Jahre,"Wien 13.Bezirk, Hietzing <913>",34
16 Jahre,"Wien 14.Bezirk, Penzing <914>",70
16 Jahre,"Wien 15.Bezirk, Rudolfsheim-Fünfhaus <915>",65
16 Jahre,"Wien 16.Bezirk, Ottakring <916>",90
16 Jahre,"Wien 17.Bezirk, Hernals <917>",53
16 Jahre,"Wien 18.Bezirk, Währing <918>",39
16 Jahre,"Wien 19.Bezirk, Döbling <919>",53
16 Jahre,"Wien 20.Bezirk, Brigittenau <920>",72
16 Jahre,"Wien 21.Bezirk, Floridsdorf <921>",150
16 Jahre,"Wien 22.Bezirk, Donaustadt <922>",134
16 Jahre,"Wien 23.Bezirk, Liesing <923>",67
17 Jahre,Innsbruck (Stadt) <701>,138
17 Jahre,Imst <702>,30
17 Jahre,Innsbruck Land <703>,95
17 Jahre,Kitzbühel <704>,22
17 Jahre,Kufstein <705>,57
17 Jahre,Landeck <706>,17
17 Jahre,Lienz <707>,22
17 Jahre,Reutte <708>,18
17 Jahre,Schwaz <709>,46
17 Jahre,Bludenz <801>,61
17 Jahre,Bregenz <802>,105
17 Jahre,Dornbirn <803>,98
17 Jahre,Feldkirch <804>,90
17 Jahre,"Wien 1.Bezirk, Innere Stadt <901>",15
17 Jahre,"Wien 2.Bezirk, Leopoldstadt <902>",86
17 Jahre,"Wien 3.Bezirk, Landstraße <903>",97
17 Jahre,"Wien 4.Bezirk, Wieden <904>",14
17 Jahre,"Wien 5.Bezirk, Margareten <905>",47
17 Jahre,"Wien 6.Bezirk, Mariahilf <906>",15
17 Jahre,"Wien 7.Bezirk, Neubau <907>",17
17 Jahre,"Wien 8.Bezirk, Josefstadt <908>",19
17 Jahre,"Wien 9.Bezirk, Alsergrund <909>",22
17 Jahre,"Wien 10.Bezirk, Favoriten <910>",231
17 Jahre,"Wien 11.Bezirk, Simmering <911>",78
17 Jahre,"Wien 12.Bezirk, Meidling <912>",124
17 Jahre,"Wien 13.Bezirk, Hietzing <913>",37
17 Jahre,"Wien 14.Bezirk, Penzing <914>",72
17 Jahre,"Wien 15.Bezirk, Rudolfsheim-Fünfhaus <915>",81
17 Jahre,"Wien 16.Bezirk, Ottakring <916>",91
17 Jahre,"Wien 17.Bezirk, Hernals <917>",40
17 Jahre,"Wien 18.Bezirk, Währing <918>",53
17 Jahre,"Wien 19.Bezirk, Döbling <919>",57
17 Jahre,"Wien 20.Bezirk, Brigittenau <920>",99
17 Jahre,"Wien 21.Bezirk, Floridsdorf <921>",141
17 Jahre,"Wien 22.Bezirk, Donaustadt <922>",164
17 Jahre,"Wien 23.Bezirk, Liesing <923>",74
18 Jahre,Innsbruck (Stadt) <701>,178
18 Jahre,Imst <702>,56
18 Jahre,Innsbruck Land <703>,161
18 Jahre,Kitzbühel <704>,51
18 Jahre,Kufstein <705>,90
18 Jahre,Landeck <706>,20
18 Jahre,Lienz <707>,34
18 Jahre,Reutte <708>,26
18 Jahre,Schwaz <709>,68
18 Jahre,Bludenz <801>,70
18 Jahre,Bregenz <802>,140
18 Jahre,Dornbirn <803>,110
18 Jahre,Feldkirch <804>,138
18 Jahre,"Wien 1.Bezirk, Innere Stadt <901>",31
18 Jahre,"Wien 2.Bezirk, Leopoldstadt <902>",195
18 Jahre,"Wien 3.Bezirk, Landstraße <903>",204
18 Jahre,"Wien 4.Bezirk, Wieden <904>",47
18 Jahre,"Wien 5.Bezirk, Margareten <905>",91
18 Jahre,"Wien 6.Bezirk, Mariahilf <906>",43
18 Jahre,"Wien 7.Bezirk, Neubau <907>",32
18 Jahre,"Wien 8.Bezirk, Josefstadt <908>",37
18 Jahre,"Wien 9.Bezirk, Alsergrund <909>",55
18 Jahre,"Wien 10.Bezirk, Favoriten <910>",568
18 Jahre,"Wien 11.Bezirk, Simmering <911>",176
18 Jahre,"Wien 12.Bezirk, Meidling <912>",208
18 Jahre,"Wien 13.Bezirk, Hietzing <913>",51
18 Jahre,"Wien 14.Bezirk, Penzing <914>",160
18 Jahre,"Wien 15.Bezirk, Rudolfsheim-Fünfhaus <915>",181
18 Jahre,"Wien 16.Bezirk, Ottakring <916>",189
18 Jahre,"Wien 17.Bezirk, Hernals <917>",97
18 Jahre,"Wien 18.Bezirk, Währing <918>",87
18 Jahre,"Wien 19.Bezirk, Döbling <919>",127
18 Jahre,"Wien 20.Bezirk, Brigittenau <920>",203
18 Jahre,"Wien 21.Bezirk, Floridsdorf <921>",310
18 Jahre,"Wien 22.Bezirk, Donaustadt <922>",339
18 Jahre,"Wien 23.Bezirk, Liesing <923>",150
19 Jahre,Innsbruck (Stadt) <701>,208
19 Jahre,Imst <702>,74
19 Jahre,Innsbruck Land <703>,172
19 Jahre,Kitzbühel <704>,79
19 Jahre,Kufstein <705>,142
19 Jahre,Landeck <706>,28
19 Jahre,Lienz <707>,37
19 Jahre,Reutte <708>,27
19 Jahre,Schwaz <709>,93
19 Jahre,Bludenz <801>,92
19 Jahre,Bregenz <802>,194
19 Jahre,Dornbirn <803>,144
19 Jahre,Feldkirch <804>,171
19 Jahre,"Wien 1.Bezirk, Innere Stadt <901>",35
19 Jahre,"Wien 2.Bezirk, Leopoldstadt <902>",224
19 Jahre,"Wien 3.Bezirk, Landstraße <903>",184
19 Jahre,"Wien 4.Bezirk, Wieden <904>",65
19 Jahre,"Wien 5.Bezirk, Margareten <905>",143
19 Jahre,"Wien 6.Bezirk, Mariahilf <906>",52
19 Jahre,"Wien 7.Bezirk, Neubau <907>",64
19 Jahre,"Wien 8.Bezirk, Josefstadt <908>",64
19 Jahre,"Wien 9.Bezirk, Alsergrund <909>",77
19 Jahre,"Wien 10.Bezirk, Favoriten <910>",602
19 Jahre,"Wien 11.Bezirk, Simmering <911>",204
19 Jahre,"Wien 12.Bezirk, Meidling <912>",212
19 Jahre,"Wien 13.Bezirk, Hietzing <913>",70
19 Jahre,"Wien 14.Bezirk, Penzing <914>",169
19 Jahre,"Wien 15.Bezirk, Rudolfsheim-Fünfhaus <915>",223
19 Jahre,"Wien 16.Bezirk, Ottakring <916>",243
19 Jahre,"Wien 17.Bezirk, Hernals <917>",113
19 Jahre,"Wien 18.Bezirk, Währing <918>",92
19 Jahre,"Wien 19.Bezirk, Döbling <919>",148
19 Jahre,"Wien 20.Bezirk, Brigittenau <920>",242
19 Jahre,"Wien 21.Bezirk, Floridsdorf <921>",347
19 Jahre,"Wien 22.Bezirk, Donaustadt <922>",394
19 Jahre,"Wien 23.Bezirk, Liesing <923>",160
20 Jahre,Innsbruck (Stadt) <701>,313
20 Jahre,Imst <702>,89
20 Jahre,Innsbruck Land <703>,217
20 Jahre,Kitzbühel <704>,69
20 Jahre,Kufstein <705>,183
20 Jahre,Landeck <706>,40
20 Jahre,Lienz <707>,47
20 Jahre,Reutte <708>,34
20 Jahre,Schwaz <709>,86
20 Jahre,Bludenz <801>,104
20 Jahre,Bregenz <802>,201
20 Jahre,Dornbirn <803>,148
20 Jahre,Feldkirch <804>,195
20 Jahre,"Wien 1.Bezirk, Innere Stadt <901>",28
20 Jahre,"Wien 2.Bezirk, Leopoldstadt <902>",319
20 Jahre,"Wien 3.Bezirk, Landstraße <903>",219
20 Jahre,"Wien 4.Bezirk, Wieden <904>",83
20 Jahre,"Wien 5.Bezirk, Margareten <905>",154
20 Jahre,"Wien 6.Bezirk, Mariahilf <906>",81
20 Jahre,"Wien 7.Bezirk, Neubau <907>",53
20 Jahre,"Wien 8.Bezirk, Josefstadt <908>",102
20 Jahre,"Wien 9.Bezirk, Alsergrund <909>",96
20 Jahre,"Wien 10.Bezirk, Favoriten <910>",709
20 Jahre,"Wien 11.Bezirk, Simmering <911>",251
20 Jahre,"Wien 12.Bezirk, Meidling <912>",281
20 Jahre,"Wien 13.Bezirk, Hietzing <913>",78
20 Jahre,"Wien 14.Bezirk, Penzing <914>",211
20 Jahre,"Wien 15.Bezirk, Rudolfsheim-Fünfhaus <915>",249
20 Jahre,"Wien 16.Bezirk, Ottakring <916>",305
20 Jahre,"Wien 17.Bezirk, Hernals <917>",147
20 Jahre,"Wien 18.Bezirk, Währing <918>",94
20 Jahre,"Wien 19.Bezirk, Döbling <919>",181
20 Jahre,"Wien 20.Bezirk, Brigittenau <920>",311
20 Jahre,"Wien 21.Bezirk, Floridsdorf <921>",422
20 Jahre,"Wien 22.Bezirk, Donaustadt <922>",445
20 Jahre,"Wien 23.Bezirk, Liesing <923>",206
21 Jahre,Innsbruck (Stadt) <701>,371
21 Jahre,Imst <702>,91
21 Jahre,Innsbruck Land <703>,238
21 Jahre,Kitzbühel <704>,82
21 Jahre,Kufstein <705>,193
21 Jahre,Landeck <706>,53
21 Jahre,Lienz <707>,68
21 Jahre,Reutte <708>,35
21 Jahre,Schwaz <709>,119
21 Jahre,Bludenz <801>,117
21 Jahre,Bregenz <802>,259
21 Jahre,Dornbirn <803>,203
21 Jahre,Feldkirch <804>,246
21 Jahre,"Wien 1.Bezirk, Innere Stadt <901>",25
21 Jahre,"Wien 2.Bezirk, Leopoldstadt <902>",307
21 Jahre,"Wien 3.Bezirk, Landstraße <903>",239
21 Jahre,"Wien 4.Bezirk, Wieden <904>",90
21 Jahre,"Wien 5.Bezirk, Margareten <905>",164
21 Jahre,"Wien 6.Bezirk, Mariahilf <906>",82
21 Jahre,"Wien 7.Bezirk, Neubau <907>",67
21 Jahre,"Wien 8.Bezirk, Josefstadt <908>",88
21 Jahre,"Wien 9.Bezirk, Alsergrund <909>",126
21 Jahre,"Wien 10.Bezirk, Favoriten <910>",789
21 Jahre,"Wien 11.Bezirk, Simmering <911>",307
21 Jahre,"Wien 12.Bezirk, Meidling <912>",289
21 Jahre,"Wien 13.Bezirk, Hietzing <913>",97
21 Jahre,"Wien 14.Bezirk, Penzing <914>",219
21 Jahre,"Wien 15.Bezirk, Rudolfsheim-Fünfhaus <915>",292
21 Jahre,"Wien 16.Bezirk, Ottakring <916>",344
21 Jahre,"Wien 17.Bezirk, Hernals <917>",161
21 Jahre,"Wien 18.Bezirk, Währing <918>",120
21 Jahre,"Wien 19.Bezirk, Döbling <919>",180
21 Jahre,"Wien 20.Bezirk, Brigittenau <920>",351
21 Jahre,"Wien 21.Bezirk, Floridsdorf <921>",413
21 Jahre,"Wien 22.Bezirk, Donaustadt <922>",485
21 Jahre,"Wien 23.Bezirk, Liesing <923>",204
22 Jahre,Innsbruck (Stadt) <701>,409
22 Jahre,Imst <702>,106
22 Jahre,Innsbruck Land <703>,267
22 Jahre,Kitzbühel <704>,119
22 Jahre,Kufstein <705>,193
22 Jahre,Landeck <706>,52
22 Jahre,Lienz <707>,65
22 Jahre,Reutte <708>,60
22 Jahre,Schwaz <709>,127
22 Jahre,Bludenz <801>,129
22 Jahre,Bregenz <802>,264
22 Jahre,Dornbirn <803>,214
22 Jahre,Feldkirch <804>,222
22 Jahre,"Wien 1.Bezirk, Innere Stadt <901>",39
22 Jahre,"Wien 2.Bezirk, Leopoldstadt <902>",308
22 Jahre,"Wien 3.Bezirk, Landstraße <903>",268
22 Jahre,"Wien 4.Bezirk, Wieden <904>",98
22 Jahre,"Wien 5.Bezirk, Margareten <905>",210
22 Jahre,"Wien 6.Bezirk, Mariahilf <906>",113
22 Jahre,"Wien 7.Bezirk, Neubau <907>",92
22 Jahre,"Wien 8.Bezirk, Josefstadt <908>",115
22 Jahre,"Wien 9.Bezirk, Alsergrund <909>",152
22 Jahre,"Wien 10.Bezirk, Favoriten <910>",833
22 Jahre,"Wien 11.Bezirk, Simmering <911>",296
22 Jahre,"Wien 12.Bezirk, Meidling <912>",364
22 Jahre,"Wien 13.Bezirk, Hietzing <913>",90
22 Jahre,"Wien 14.Bezirk, Penzing <914>",257
22 Jahre,"Wien 15.Bezirk, Rudolfsheim-Fünfhaus <915>",289
22 Jahre,"Wien 16.Bezirk, Ottakring <916>",374
22 Jahre,"Wien 17.Bezirk, Hernals <917>",183
22 Jahre,"Wien 18.Bezirk, Währing <918>",113
22 Jahre,"Wien 19.Bezirk, Döbling <919>",210
22 Jahre,"Wien 20.Bezirk, Brigittenau <920>",344
22 Jahre,"Wien 21.Bezirk, Floridsdorf <921>",464
22 Jahre,"Wien 22.Bezirk, Donaustadt <922>",526
22 Jahre,"Wien 23.Bezirk, Liesing <923>",228
23 Jahre,Innsbruck (Stadt) <701>,510
23 Jahre,Imst <702>,104
23 Jahre,Innsbruck Land <703>,296
23 Jahre,Kitzbühel <704>,101
23 Jahre,Kufstein <705>,223
23 Jahre,Landeck <706>,59
23 Jahre,Lienz <707>,65
23 Jahre,Reutte <708>,51
23 Jahre,Schwaz <709>,117
23 Jahre,Bludenz <801>,138
23 Jahre,Bregenz <802>,289
23 Jahre,Dornbirn <803>,223
23 Jahre,Feldkirch <804>,263
23 Jahre,"Wien 1.Bezirk, Innere Stadt <901>",44
23 Jahre,"Wien 2.Bezirk, Leopoldstadt <902>",342
23 Jahre,"Wien 3.Bezirk, Landstraße <903>",313
23 Jahre,"Wien 4.Bezirk, Wieden <904>",134
23 Jahre,"Wien 5.Bezirk, Margareten <905>",220
23 Jahre,"Wien 6.Bezirk, Mariahilf <906>",132
23 Jahre,"Wien 7.Bezirk, Neubau <907>",100
23 Jahre,"Wien 8.Bezirk, Josefstadt <908>",125
23 Jahre,"Wien 9.Bezirk, Alsergrund <909>",167
23 Jahre,"Wien 10.Bezirk, Favoriten <910>",939
23 Jahre,"Wien 11.Bezirk, Simmering <911>",316
23 Jahre,"Wien 12.Bezirk, Meidling <912>",372
23 Jahre,"Wien 13.Bezirk, Hietzing <913>",111
23 Jahre,"Wien 14.Bezirk, Penzing <914>",262
23 Jahre,"Wien 15.Bezirk, Rudolfsheim-Fünfhaus <915>",302
23 Jahre,"Wien 16.Bezirk, Ottakring <916>",397
23 Jahre,"Wien 17.Bezirk, Hernals <917>",210
23 Jahre,"Wien 18.Bezirk, Währing <918>",120
23 Jahre,"Wien 19.Bezirk, Döbling <919>",184
23 Jahre,"Wien 20.Bezirk, Brigittenau <920>",373
23 Jahre,"Wien 21.Bezirk, Floridsdorf <921>",509
23 Jahre,"Wien 22.Bezirk, Donaustadt <922>",579
23 Jahre,"Wien 23.Bezirk, Liesing <923>",236
24 Jahre,Innsbruck (Stadt) <701>,573
24 Jahre,Imst <702>,110
24 Jahre,Innsbruck Land <703>,321
24 Jahre,Kitzbühel <704>,111
24 Jahre,Kufstein <705>,217
24 Jahre,Landeck <706>,50
24 Jahre,Lienz <707>,76
24 Jahre,Reutte <708>,69
24 Jahre,Schwaz <709>,149
24 Jahre,Bludenz <801>,150
24 Jahre,Bregenz <802>,326
24 Jahre,Dornbirn <803>,257
24 Jahre,Feldkirch <804>,262
24 Jahre,"Wien 1.Bezirk, Innere Stadt <901>",41
24 Jahre,"Wien 2.Bezirk, Leopoldstadt <902>",410
24 Jahre,"Wien 3.Bezirk, Landstraße <903>",384
24 Jahre,"Wien 4.Bezirk, Wieden <904>",145
24 Jahre,"Wien 5.Bezirk, Margareten <905>",256
24 Jahre,"Wien 6.Bezirk, Mariahilf <906>",152
24 Jahre,"Wien 7.Bezirk, Neubau <907>",125
24 Jahre,"Wien 8.Bezirk, Josefstadt <908>",148
24 Jahre,"Wien 9.Bezirk, Alsergrund <909>",228
24 Jahre,"Wien 10.Bezirk, Favoriten <910>",983
24 Jahre,"Wien 11.Bezirk, Simmering <911>",380
24 Jahre,"Wien 12.Bezirk, Meidling <912>",396
24 Jahre,"Wien 13.Bezirk, Hietzing <913>",142
24 Jahre,"Wien 14.Bezirk, Penzing <914>",238
24 Jahre,"Wien 15.Bezirk, Rudolfsheim-Fünfhaus <915>",357
24 Jahre,"Wien 16.Bezirk, Ottakring <916>",437
24 Jahre,"Wien 17.Bezirk, Hernals <917>",227
24 Jahre,"Wien 18.Bezirk, Währing <918>",166
24 Jahre,"Wien 19.Bezirk, Döbling <919>",190
24 Jahre,"Wien 20.Bezirk, Brigittenau <920>",434
24 Jahre,"Wien 21.Bezirk, Floridsdorf <921>",522
24 Jahre,"Wien 22.Bezirk, Donaustadt <922>",584
24 Jahre,"Wien 23.Bezirk, Liesing <923>",266
25 Jahre,Innsbruck (Stadt) <701>,601
25 Jahre,Imst <702>,117
25 Jahre,Innsbruck Land <703>,343
25 Jahre,Kitzbühel <704>,101
25 Jahre,Kufstein <705>,286
25 Jahre,Landeck <706>,73
25 Jahre,Lienz <707>,74
25 Jahre,Reutte <708>,53
25 Jahre,Schwaz <709>,170
25 Jahre,Bludenz <801>,167
25 Jahre,Bregenz <802>,305
25 Jahre,Dornbirn <803>,275
25 Jahre,Feldkirch <804>,333
25 Jahre,"Wien 1.Bezirk, Innere Stadt <901>",54
25 Jahre,"Wien 2.Bezirk, Leopoldstadt <902>",457
25 Jahre,"Wien 3.Bezirk, Landstraße <903>",447
25 Jahre,"Wien 4.Bezirk, Wieden <904>",146
25 Jahre,"Wien 5.Bezirk, Margareten <905>",279
25 Jahre,"Wien 6.Bezirk, Mariahilf <906>",149
25 Jahre,"Wien 7.Bezirk, Neubau <907>",153
25 Jahre,"Wien 8.Bezirk, Josefstadt <908>",185
25 Jahre,"Wien 9.Bezirk, Alsergrund <909>",247
25 Jahre,"Wien 10.Bezirk, Favoriten <910>",986
25 Jahre,"Wien 11.Bezirk, Simmering <911>",371
25 Jahre,"Wien 12.Bezirk, Meidling <912>",437
25 Jahre,"Wien 13.Bezirk, Hietzing <913>",107
25 Jahre,"Wien 14.Bezirk, Penzing <914>",273
25 Jahre,"Wien 15.Bezirk, Rudolfsheim-Fünfhaus <915>",377
25 Jahre,"Wien 16.Bezirk, Ottakring <916>",445
25 Jahre,"Wien 17.Bezirk, Hernals <917>",247
25 Jahre,"Wien 18.Bezirk, Währing <918>",214
25 Jahre,"Wien 19.Bezirk, Döbling <919>",225
25 Jahre,"Wien 20.Bezirk, Brigittenau <920>",445
25 Jahre,"Wien 21.Bezirk, Floridsdorf <921>",521
25 Jahre,"Wien 22.Bezirk, Donaustadt <922>",564
25 Jahre,"Wien 23.Bezirk, Liesing <923>",257
26 Jahre,Innsbruck (Stadt) <701>,674
26 Jahre,Imst <702>,104
26 Jahre,Innsbruck Land <703>,293
26 Jahre,Kitzbühel <704>,121
26 Jahre,Kufstein <705>,270
26 Jahre,Landeck <706>,66
26 Jahre,Lienz <707>,77
26 Jahre,Reutte <708>,50
26 Jahre,Schwaz <709>,170
26 Jahre,Bludenz <801>,136
26 Jahre,Bregenz <802>,331
26 Jahre,Dornbirn <803>,245
26 Jahre,Feldkirch <804>,283
26 Jahre,"Wien 1.Bezirk, Innere Stadt <901>",40
26 Jahre,"Wien 2.Bezirk, Leopoldstadt <902>",443
26 Jahre,"Wien 3.Bezirk, Landstraße <903>",437
26 Jahre,"Wien 4.Bezirk, Wieden <904>",174
26 Jahre,"Wien 5.Bezirk, Margareten <905>",292
26 Jahre,"Wien 6.Bezirk, Mariahilf <906>",170
26 Jahre,"Wien 7.Bezirk, Neubau <907>",176
26 Jahre,"Wien 8.Bezirk, Josefstadt <908>",181
26 Jahre,"Wien 9.Bezirk, Alsergrund <909>",244
26 Jahre,"Wien 10.Bezirk, Favoriten <910>",948
26 Jahre,"Wien 11.Bezirk, Simmering <911>",352
26 Jahre,"Wien 12.Bezirk, Meidling <912>",430
26 Jahre,"Wien 13.Bezirk, Hietzing <913>",104
26 Jahre,"Wien 14.Bezirk, Penzing <914>",301
26 Jahre,"Wien 15.Bezirk, Rudolfsheim-Fünfhaus <915>",394
26 Jahre,"Wien 16.Bezirk, Ottakring <916>",460
26 Jahre,"Wien 17.Bezirk, Hernals <917>",242
26 Jahre,"Wien 18.Bezirk, Währing <918>",216
26 Jahre,"Wien 19.Bezirk, Döbling <919>",217
26 Jahre,"Wien 20.Bezirk, Brigittenau <920>",422
26 Jahre,"Wien 21.Bezirk, Floridsdorf <921>",501
26 Jahre,"Wien 22.Bezirk, Donaustadt <922>",598
26 Jahre,"Wien 23.Bezirk, Liesing <923>",244
27 Jahre,Innsbruck (Stadt) <701>,682
27 Jahre,Imst <702>,130
27 Jahre,Innsbruck Land <703>,310
27 Jahre,Kitzbühel <704>,114
27 Jahre,Kufstein <705>,260
27 Jahre,Landeck <706>,82
27 Jahre,Lienz <707>,83
27 Jahre,Reutte <708>,70
27 Jahre,Schwaz <709>,155
27 Jahre,Bludenz <801>,150
27 Jahre,Bregenz <802>,289
27 Jahre,Dornbirn <803>,286
27 Jahre,Feldkirch <804>,313
27 Jahre,"Wien 1.Bezirk, Innere Stadt <901>",37
27 Jahre,"Wien 2.Bezirk, Leopoldstadt <902>",410
27 Jahre,"Wien 3.Bezirk, Landstraße <903>",422
27 Jahre,"Wien 4.Bezirk, Wieden <904>",173
27 Jahre,"Wien 5.Bezirk, Margareten <905>",292
27 Jahre,"Wien 6.Bezirk, Mariahilf <906>",187
27 Jahre,"Wien 7.Bezirk, Neubau <907>",143
27 Jahre,"Wien 8.Bezirk, Josefstadt <908>",180
27 Jahre,"Wien 9.Bezirk, Alsergrund <909>",277
27 Jahre,"Wien 10.Bezirk, Favoriten <910>",981
27 Jahre,"Wien 11.Bezirk, Simmering <911>",367
27 Jahre,"Wien 12.Bezirk, Meidling <912>",413
27 Jahre,"Wien 13.Bezirk, Hietzing <913>",128
27 Jahre,"Wien 14.Bezirk, Penzing <914>",316
27 Jahre,"Wien 15.Bezirk, Rudolfsheim-Fünfhaus <915>",359
27 Jahre,"Wien 16.Bezirk, Ottakring <916>",485
27 Jahre,"Wien 17.Bezirk, Hernals <917>",240
27 Jahre,"Wien 18.Bezirk, Währing <918>",205
27 Jahre,"Wien 19.Bezirk, Döbling <919>",251
27 Jahre,"Wien 20.Bezirk, Brigittenau <920>",437
27 Jahre,"Wien 21.Bezirk, Floridsdorf <921>",529
27 Jahre,"Wien 22.Bezirk, Donaustadt <922>",598
27 Jahre,"Wien 23.Bezirk, Liesing <923>",248
28 Jahre,Innsbruck (Stadt) <701>,759
28 Jahre,Imst <702>,129
28 Jahre,Innsbruck Land <703>,359
28 Jahre,Kitzbühel <704>,116
28 Jahre,Kufstein <705>,248
28 Jahre,Landeck <706>,67
28 Jahre,Lienz <707>,88
28 Jahre,Reutte <708>,61
28 Jahre,Schwaz <709>,160
28 Jahre,Bludenz <801>,148
28 Jahre,Bregenz <802>,293
28 Jahre,Dornbirn <803>,272
28 Jahre,Feldkirch <804>,311
28 Jahre,"Wien 1.Bezirk, Innere Stadt <901>",48
28 Jahre,"Wien 2.Bezirk, Leopoldstadt <902>",473
28 Jahre,"Wien 3.Bezirk, Landstraße <903>",435
28 Jahre,"Wien 4.Bezirk, Wieden <904>",152
28 Jahre,"Wien 5.Bezirk, Margareten <905>",289
28 Jahre,"Wien 6.Bezirk, Mariahilf <906>",171
28 Jahre,"Wien 7.Bezirk, Neubau <907>",158
28 Jahre,"Wien 8.Bezirk, Josefstadt <908>",158
28 Jahre,"Wien 9.Bezirk, Alsergrund <909>",200
28 Jahre,"Wien 10.Bezirk, Favoriten <910>",940
28 Jahre,"Wien 11.Bezirk, Simmering <911>",341
28 Jahre,"Wien 12.Bezirk, Meidling <912>",387
28 Jahre,"Wien 13.Bezirk, Hietzing <913>",109
28 Jahre,"Wien 14.Bezirk, Penzing <914>",291
28 Jahre,"Wien 15.Bezirk, Rudolfsheim-Fünfhaus <915>",399
28 Jahre,"Wien 16.Bezirk, Ottakring <916>",487
28 Jahre,"Wien 17.Bezirk, Hernals <917>",247
28 Jahre,"Wien 18.Bezirk, Währing <918>",193
28 Jahre,"Wien 19.Bezirk, Döbling <919>",200
28 Jahre,"Wien 20.Bezirk, Brigittenau <920>",407
28 Jahre,"Wien 21.Bezirk, Floridsdorf <921>",516
28 Jahre,"Wien 22.Bezirk, Donaustadt <922>",581
28 Jahre,"Wien 23.Bezirk, Liesing <923>",248
29 Jahre,Innsbruck (Stadt) <701>,700
29 Jahre,Imst <702>,113
29 Jahre,Innsbruck Land <703>,350
29 Jahre,Kitzbühel <704>,106
29 Jahre,Kufstein <705>,276
29 Jahre,Landeck <706>,52
29 Jahre,Lienz <707>,73
29 Jahre,Reutte <708>,63
29 Jahre,Schwaz <709>,161
29 Jahre,Bludenz <801>,155
29 Jahre,Bregenz <802>,331
29 Jahre,Dornbirn <803>,244
29 Jahre,Feldkirch <804>,278
29 Jahre,"Wien 1.Bezirk, Innere Stadt <901>",40
29 Jahre,"Wien 2.Bezirk, Leopoldstadt <902>",425
29 Jahre,"Wien 3.Bezirk, Landstraße <903>",429
29 Jahre,"Wien 4.Bezirk, Wieden <904>",153
29 Jahre,"Wien 5.Bezirk, Margareten <905>",287
29 Jahre,"Wien 6.Bezirk, Mariahilf <906>",145
29 Jahre,"Wien 7.Bezirk, Neubau <907>",146
29 Jahre,"Wien 8.Bezirk, Josefstadt <908>",172
29 Jahre,"Wien 9.Bezirk, Alsergrund <909>",215
29 Jahre,"Wien 10.Bezirk, Favoriten <910>",867
29 Jahre,"Wien 11.Bezirk, Simmering <911>",333
29 Jahre,"Wien 12.Bezirk, Meidling <912>",385
29 Jahre,"Wien 13.Bezirk, Hietzing <913>",137
29 Jahre,"Wien 14.Bezirk, Penzing <914>",245
29 Jahre,"Wien 15.Bezirk, Rudolfsheim-Fünfhaus <915>",401
29 Jahre,"Wien 16.Bezirk, Ottakring <916>",403
29 Jahre,"Wien 17.Bezirk, Hernals <917>",251
29 Jahre,"Wien 18.Bezirk, Währing <918>",164
29 Jahre,"Wien 19.Bezirk, Döbling <919>",201
29 Jahre,"Wien 20.Bezirk, Brigittenau <920>",403
29 Jahre,"Wien 21.Bezirk, Floridsdorf <921>",515
29 Jahre,"Wien 22.Bezirk, Donaustadt <922>",557
29 Jahre,"Wien 23.Bezirk, Liesing <923>",238
30 Jahre,Innsbruck (Stadt) <701>,625
30 Jahre,Imst <702>,97
30 Jahre,Innsbruck Land <703>,309
30 Jahre,Kitzbühel <704>,104
30 Jahre,Kufstein <705>,236
30 Jahre,Landeck <706>,71
30 Jahre,Lienz <707>,93
30 Jahre,Reutte <708>,61
30 Jahre,Schwaz <709>,153
30 Jahre,Bludenz <801>,115
30 Jahre,Bregenz <802>,292
30 Jahre,Dornbirn <803>,235
30 Jahre,Feldkirch <804>,286
30 Jahre,"Wien 1.Bezirk, Innere Stadt <901>",44
30 Jahre,"Wien 2.Bezirk, Leopoldstadt <902>",377
30 Jahre,"Wien 3.Bezirk, Landstraße <903>",407
30 Jahre,"Wien 4.Bezirk, Wieden <904>",151
30 Jahre,"Wien 5.Bezirk, Margareten <905>",298
30 Jahre,"Wien 6.Bezirk, Mariahilf <906>",140
30 Jahre,"Wien 7.Bezirk, Neubau <907>",166
30 Jahre,"Wien 8.Bezirk, Josefstadt <908>",156
30 Jahre,"Wien 9.Bezirk, Alsergrund <909>",202
30 Jahre,"Wien 10.Bezirk, Favoriten <910>",845
30 Jahre,"Wien 11.Bezirk, Simmering <911>",337
30 Jahre,"Wien 12.Bezirk, Meidling <912>",368
30 Jahre,"Wien 13.Bezirk, Hietzing <913>",114
30 Jahre,"Wien 14.Bezirk, Penzing <914>",266
30 Jahre,"Wien 15.Bezirk, Rudolfsheim-Fünfhaus <915>",346
30 Jahre,"Wien 16.Bezirk, Ottakring <916>",428
30 Jahre,"Wien 17.Bezirk, Hernals <917>",212
30 Jahre,"Wien 18.Bezirk, Währing <918>",160
30 Jahre,"Wien 19.Bezirk, Döbling <919>",207
30 Jahre,"Wien 20.Bezirk, Brigittenau <920>",355
30 Jahre,"Wien 21.Bezirk, Floridsdorf <921>",518
30 Jahre,"Wien 22.Bezirk, Donaustadt <922>",528
30 Jahre,"Wien 23.Bezirk, Liesing <923>",256
31 Jahre,Innsbruck (Stadt) <701>,590
31 Jahre,Imst <702>,82
31 Jahre,Innsbruck Land <703>,311
31 Jahre,Kitzbühel <704>,101
31 Jahre,Kufstein <705>,244
31 Jahre,Landeck <706>,79
31 Jahre,Lienz <707>,72
31 Jahre,Reutte <708>,61
31 Jahre,Schwaz <709>,177
31 Jahre,Bludenz <801>,134
31 Jahre,Bregenz <802>,279
31 Jahre,Dornbirn <803>,253
31 Jahre,Feldkirch <804>,231
31 Jahre,"Wien 1.Bezirk, Innere Stadt <901>",45
31 Jahre,"Wien 2.Bezirk, Leopoldstadt <902>",370
31 Jahre,"Wien 3.Bezirk, Landstraße <903>",354
31 Jahre,"Wien 4.Bezirk, Wieden <904>",153
31 Jahre,"Wien 5.Bezirk, Margareten <905>",234
31 Jahre,"Wien 6.Bezirk, Mariahilf <906>",125
31 Jahre,"Wien 7.Bezirk, Neubau <907>",168
31 Jahre,"Wien 8.Bezirk, Josefstadt <908>",146
31 Jahre,"Wien 9.Bezirk, Alsergrund <909>",198
31 Jahre,"Wien 10.Bezirk, Favoriten <910>",759
31 Jahre,"Wien 11.Bezirk, Simmering <911>",253
31 Jahre,"Wien 12.Bezirk, Meidling <912>",340
31 Jahre,"Wien 13.Bezirk, Hietzing <913>",110
31 Jahre,"Wien 14.Bezirk, Penzing <914>",240
31 Jahre,"Wien 15.Bezirk, Rudolfsheim-Fünfhaus <915>",355
31 Jahre,"Wien 16.Bezirk, Ottakring <916>",386
31 Jahre,"Wien 17.Bezirk, Hernals <917>",200
31 Jahre,"Wien 18.Bezirk, Währing <918>",165
31 Jahre,"Wien 19.Bezirk, Döbling <919>",208
31 Jahre,"Wien 20.Bezirk, Brigittenau <920>",290
31 Jahre,"Wien 21.Bezirk, Floridsdorf <921>",503
31 Jahre,"Wien 22.Bezirk, Donaustadt <922>",458
31 Jahre,"Wien 23.Bezirk, Liesing <923>",245
32 Jahre,Innsbruck (Stadt) <701>,505
32 Jahre,Imst <702>,83
32 Jahre,Innsbruck Land <703>,299
32 Jahre,Kitzbühel <704>,97
32 Jahre,Kufstein <705>,196
32 Jahre,Landeck <706>,60
32 Jahre,Lienz <707>,65
32 Jahre,Reutte <708>,51
32 Jahre,Schwaz <709>,147
32 Jahre,Bludenz <801>,124
32 Jahre,Bregenz <802>,254
32 Jahre,Dornbirn <803>,227
32 Jahre,Feldkirch <804>,226
32 Jahre,"Wien 1.Bezirk, Innere Stadt <901>",36
32 Jahre,"Wien 2.Bezirk, Leopoldstadt <902>",365
32 Jahre,"Wien 3.Bezirk, Landstraße <903>",367
32 Jahre,"Wien 4.Bezirk, Wieden <904>",126
32 Jahre,"Wien 5.Bezirk, Margareten <905>",241
32 Jahre,"Wien 6.Bezirk, Mariahilf <906>",125
32 Jahre,"Wien 7.Bezirk, Neubau <907>",135
32 Jahre,"Wien 8.Bezirk, Josefstadt <908>",143
32 Jahre,"Wien 9.Bezirk, Alsergrund <909>",174
32 Jahre,"Wien 10.Bezirk, Favoriten <910>",697
32 Jahre,"Wien 11.Bezirk, Simmering <911>",289
32 Jahre,"Wien 12.Bezirk, Meidling <912>",345
32 Jahre,"Wien 13.Bezirk, Hietzing <913>",110
32 Jahre,"Wien 14.Bezirk, Penzing <914>",240
32 Jahre,"Wien 15.Bezirk, Rudolfsheim-Fünfhaus <915>",323
32 Jahre,"Wien 16.Bezirk, Ottakring <916>",361
32 Jahre,"Wien 17.Bezirk, Hernals <917>",160
32 Jahre,"Wien 18.Bezirk, Währing <918>",142
32 Jahre,"Wien 19.Bezirk, Döbling <919>",161
32 Jahre,"Wien 20.Bezirk, Brigittenau <920>",293
32 Jahre,"Wien 21.Bezirk, Floridsdorf <921>",479
32 Jahre,"Wien 22.Bezirk, Donaustadt <922>",471
32 Jahre,"Wien 23.Bezirk, Liesing <923>",260
33 Jahre,Innsbruck (Stadt) <701>,460
33 Jahre,Imst <702>,78
33 Jahre,Innsbruck Land <703>,302
33 Jahre,Kitzbühel <704>,93
33 Jahre,Kufstein <705>,197
33 Jahre,Landeck <706>,58
33 Jahre,Lienz <707>,65
33 Jahre,Reutte <708>,41
33 Jahre,Schwaz <709>,135
33 Jahre,Bludenz <801>,127
33 Jahre,Bregenz <802>,276
33 Jahre,Dornbirn <803>,208
33 Jahre,Feldkirch <804>,225
33 Jahre,"Wien 1.Bezirk, Innere Stadt <901>",30
33 Jahre,"Wien 2.Bezirk, Leopoldstadt <902>",326
33 Jahre,"Wien 3.Bezirk, Landstraße <903>",320
33 Jahre,"Wien 4.Bezirk, Wieden <904>",123
33 Jahre,"Wien 5.Bezirk, Margareten <905>",225
33 Jahre,"Wien 6.Bezirk, Mariahilf <906>",145
33 Jahre,"Wien 7.Bezirk, Neubau <907>",115
33 Jahre,"Wien 8.Bezirk, Josefstadt <908>",119
33 Jahre,"Wien 9.Bezirk, Alsergrund <909>",175
33 Jahre,"Wien 10.Bezirk, Favoriten <910>",667
33 Jahre,"Wien 11.Bezirk, Simmering <911>",264
33 Jahre,"Wien 12.Bezirk, Meidling <912>",294
33 Jahre,"Wien 13.Bezirk, Hietzing <913>",92
33 Jahre,"Wien 14.Bezirk, Penzing <914>",231
33 Jahre,"Wien 15.Bezirk, Rudolfsheim-Fünfhaus <915>",290
33 Jahre,"Wien 16.Bezirk, Ottakring <916>",330
33 Jahre,"Wien 17.Bezirk, Hernals <917>",189
33 Jahre,"Wien 18.Bezirk, Währing <918>",152
33 Jahre,"Wien 19.Bezirk, Döbling <919>",148
33 Jahre,"Wien 20.Bezirk, Brigittenau <920>",298
33 Jahre,"Wien 21.Bezirk, Floridsdorf <921>",421
33 Jahre,"Wien 22.Bezirk, Donaustadt <922>",448
33 Jahre,"Wien 23.Bezirk, Liesing <923>",212
34 Jahre,Innsbruck (Stadt) <701>,370
34 Jahre,Imst <702>,59
34 Jahre,Innsbruck Land <703>,275
34 Jahre,Kitzbühel <704>,98
34 Jahre,Kufstein <705>,209
34 Jahre,Landeck <706>,59
34 Jahre,Lienz <707>,69
34 Jahre,Reutte <708>,63
34 Jahre,Schwaz <709>,154
34 Jahre,Bludenz <801>,94
34 Jahre,Bregenz <802>,231
34 Jahre,Dornbirn <803>,208
34 Jahre,Feldkirch <804>,217
34 Jahre,"Wien 1.Bezirk, Innere Stadt <901>",43
34 Jahre,"Wien 2.Bezirk, Leopoldstadt <902>",316
34 Jahre,"Wien 3.Bezirk, Landstraße <903>",315
34 Jahre,"Wien 4.Bezirk, Wieden <904>",137
34 Jahre,"Wien 5.Bezirk, Margareten <905>",208
34 Jahre,"Wien 6.Bezirk, Mariahilf <906>",131
34 Jahre,"Wien 7.Bezirk, Neubau <907>",125
34 Jahre,"Wien 8.Bezirk, Josefstadt <908>",108
34 Jahre,"Wien 9.Bezirk, Alsergrund <909>",172
34 Jahre,"Wien 10.Bezirk, Favoriten <910>",702
34 Jahre,"Wien 11.Bezirk, Simmering <911>",233
34 Jahre,"Wien 12.Bezirk, Meidling <912>",291
34 Jahre,"Wien 13.Bezirk, Hietzing <913>",107
34 Jahre,"Wien 14.Bezirk, Penzing <914>",254
34 Jahre,"Wien 15.Bezirk, Rudolfsheim-Fünfhaus <915>",283
34 Jahre,"Wien 16.Bezirk, Ottakring <916>",282
34 Jahre,"Wien 17.Bezirk, Hernals <917>",183
34 Jahre,"Wien 18.Bezirk, Währing <918>",137
34 Jahre,"Wien 19.Bezirk, Döbling <919>",156
34 Jahre,"Wien 20.Bezirk, Brigittenau <920>",250
34 Jahre,"Wien 21.Bezirk, Floridsdorf <921>",418
34 Jahre,"Wien 22.Bezirk, Donaustadt <922>",446
34 Jahre,"Wien 23.Bezirk, Liesing <923>",229
35 Jahre,Innsbruck (Stadt) <701>,382
35 Jahre,Imst <702>,77
35 Jahre,Innsbruck Land <703>,275
35 Jahre,Kitzbühel <704>,92
35 Jahre,Kufstein <705>,167
35 Jahre,Landeck <706>,50
35 Jahre,Lienz <707>,40
35 Jahre,Reutte <708>,46
35 Jahre,Schwaz <709>,135
35 Jahre,Bludenz <801>,98
35 Jahre,Bregenz <802>,209
35 Jahre,Dornbirn <803>,195
35 Jahre,Feldkirch <804>,182
35 Jahre,"Wien 1.Bezirk, Innere Stadt <901>",35
35 Jahre,"Wien 2.Bezirk, Leopoldstadt <902>",310
35 Jahre,"Wien 3.Bezirk, Landstraße <903>",297
35 Jahre,"Wien 4.Bezirk, Wieden <904>",144
35 Jahre,"Wien 5.Bezirk, Margareten <905>",178
35 Jahre,"Wien 6.Bezirk, Mariahilf <906>",105
35 Jahre,"Wien 7.Bezirk, Neubau <907>",82
35 Jahre,"Wien 8.Bezirk, Josefstadt <908>",97
35 Jahre,"Wien 9.Bezirk, Alsergrund <909>",150
35 Jahre,"Wien 10.Bezirk, Favoriten <910>",592
35 Jahre,"Wien 11.Bezirk, Simmering <911>",257
35 Jahre,"Wien 12.Bezirk, Meidling <912>",257
35 Jahre,"Wien 13.Bezirk, Hietzing <913>",103
35 Jahre,"Wien 14.Bezirk, Penzing <914>",194
35 Jahre,"Wien 15.Bezirk, Rudolfsheim-Fünfhaus <915>",298
35 Jahre,"Wien 16.Bezirk, Ottakring <916>",286
35 Jahre,"Wien 17.Bezirk, Hernals <917>",169
35 Jahre,"Wien 18.Bezirk, Währing <918>",136
35 Jahre,"Wien 19.Bezirk, Döbling <919>",140
35 Jahre,"Wien 20.Bezirk, Brigittenau <920>",238
35 Jahre,"Wien 21.Bezirk, Floridsdorf <921>",408
35 Jahre,"Wien 22.Bezirk, Donaustadt <922>",410
35 Jahre,"Wien 23.Bezirk, Liesing <923>",167
36 Jahre,Innsbruck (Stadt) <701>,353
36 Jahre,Imst <702>,74
36 Jahre,Innsbruck Land <703>,228
36 Jahre,Kitzbühel <704>,79
36 Jahre,Kufstein <705>,164
36 Jahre,Landeck <706>,39
36 Jahre,Lienz <707>,40
36 Jahre,Reutte <708>,40
36 Jahre,Schwaz <709>,112
36 Jahre,Bludenz <801>,93
36 Jahre,Bregenz <802>,203
36 Jahre,Dornbirn <803>,161
36 Jahre,Feldkirch <804>,169
36 Jahre,"Wien 1.Bezirk, Innere Stadt <901>",36
36 Jahre,"Wien 2.Bezirk, Leopoldstadt <902>",292
36 Jahre,"Wien 3.Bezirk, Landstraße <903>",274
36 Jahre,"Wien 4.Bezirk, Wieden <904>",100
36 Jahre,"Wien 5.Bezirk, Margareten <905>",158
36 Jahre,"Wien 6.Bezirk, Mariahilf <906>",107
36 Jahre,"Wien 7.Bezirk, Neubau <907>",88
36 Jahre,"Wien 8.Bezirk, Josefstadt <908>",104
36 Jahre,"Wien 9.Bezirk, Alsergrund <909>",128
36 Jahre,"Wien 10.Bezirk, Favoriten <910>",554
36 Jahre,"Wien 11.Bezirk, Simmering <911>",220
36 Jahre,"Wien 12.Bezirk, Meidling <912>",246
36 Jahre,"Wien 13.Bezirk, Hietzing <913>",93
36 Jahre,"Wien 14.Bezirk, Penzing <914>",198
36 Jahre,"Wien 15.Bezirk, Rudolfsheim-Fünfhaus <915>",244
36 Jahre,"Wien 16.Bezirk, Ottakring <916>",261
36 Jahre,"Wien 17.Bezirk, Hernals <917>",139
36 Jahre,"Wien 18.Bezirk, Währing <918>",128
36 Jahre,"Wien 19.Bezirk, Döbling <919>",147
36 Jahre,"Wien 20.Bezirk, Brigittenau <920>",232
36 Jahre,"Wien 21.Bezirk, Floridsdorf <921>",354
36 Jahre,"Wien 22.Bezirk, Donaustadt <922>",382
36 Jahre,"Wien 23.Bezirk, Liesing <923>",201
37 Jahre,Innsbruck (Stadt) <701>,323
37 Jahre,Imst <702>,70
37 Jahre,Innsbruck Land <703>,253
37 Jahre,Kitzbühel <704>,96
37 Jahre,Kufstein <705>,154
37 Jahre,Landeck <706>,39
37 Jahre,Lienz <707>,39
37 Jahre,Reutte <708>,36
37 Jahre,Schwaz <709>,119
37 Jahre,Bludenz <801>,91
37 Jahre,Bregenz <802>,199
37 Jahre,Dornbirn <803>,152
37 Jahre,Feldkirch <804>,181
37 Jahre,"Wien 1.Bezirk, Innere Stadt <901>",40
37 Jahre,"Wien 2.Bezirk, Leopoldstadt <902>",247
37 Jahre,"Wien 3.Bezirk, Landstraße <903>",257
37 Jahre,"Wien 4.Bezirk, Wieden <904>",109
37 Jahre,"Wien 5.Bezirk, Margareten <905>",144
37 Jahre,"Wien 6.Bezirk, Mariahilf <906>",89
37 Jahre,"Wien 7.Bezirk, Neubau <907>",74
37 Jahre,"Wien 8.Bezirk, Josefstadt <908>",89
37 Jahre,"Wien 9.Bezirk, Alsergrund <909>",117
37 Jahre,"Wien 10.Bezirk, Favoriten <910>",523
37 Jahre,"Wien 11.Bezirk, Simmering <911>",181
37 Jahre,"Wien 12.Bezirk, Meidling <912>",247
37 Jahre,"Wien 13.Bezirk, Hietzing <913>",98
37 Jahre,"Wien 14.Bezirk, Penzing <914>",198
37 Jahre,"Wien 15.Bezirk, Rudolfsheim-Fünfhaus <915>",202
37 Jahre,"Wien 16.Bezirk, Ottakring <916>",228
37 Jahre,"Wien 17.Bezirk, Hernals <917>",133
37 Jahre,"Wien 18.Bezirk, Währing <918>",119
37 Jahre,"Wien 19.Bezirk, Döbling <919>",162
37 Jahre,"Wien 20.Bezirk, Brigittenau <920>",223
37 Jahre,"Wien 21.Bezirk, Floridsdorf <921>",336
37 Jahre,"Wien 22.Bezirk, Donaustadt <922>",364
37 Jahre,"Wien 23.Bezirk, Liesing <923>",165
38 Jahre,Innsbruck (Stadt) <701>,293
38 Jahre,Imst <702>,54
38 Jahre,Innsbruck Land <703>,201
38 Jahre,Kitzbühel <704>,73
38 Jahre,Kufstein <705>,127
38 Jahre,Landeck <706>,32
38 Jahre,Lienz <707>,36
38 Jahre,Reutte <708>,33
38 Jahre,Schwaz <709>,86
38 Jahre,Bludenz <801>,83
38 Jahre,Bregenz <802>,195
38 Jahre,Dornbirn <803>,141
38 Jahre,Feldkirch <804>,130
38 Jahre,"Wien 1.Bezirk, Innere Stadt <901>",34
38 Jahre,"Wien 2.Bezirk, Leopoldstadt <902>",200
38 Jahre,"Wien 3.Bezirk, Landstraße <903>",233
38 Jahre,"Wien 4.Bezirk, Wieden <904>",85
38 Jahre,"Wien 5.Bezirk, Margareten <905>",132
38 Jahre,"Wien 6.Bezirk, Mariahilf <906>",74
38 Jahre,"Wien 7.Bezirk, Neubau <907>",47
38 Jahre,"Wien 8.Bezirk, Josefstadt <908>",91
38 Jahre,"Wien 9.Bezirk, Alsergrund <909>",107
38 Jahre,"Wien 10.Bezirk, Favoriten <910>",492
38 Jahre,"Wien 11.Bezirk, Simmering <911>",194
38 Jahre,"Wien 12.Bezirk, Meidling <912>",209
38 Jahre,"Wien 13.Bezirk, Hietzing <913>",89
38 Jahre,"Wien 14.Bezirk, Penzing <914>",180
38 Jahre,"Wien 15.Bezirk, Rudolfsheim-Fünfhaus <915>",187
38 Jahre,"Wien 16.Bezirk, Ottakring <916>",238
38 Jahre,"Wien 17.Bezirk, Hernals <917>",121
38 Jahre,"Wien 18.Bezirk, Währing <918>",107
38 Jahre,"Wien 19.Bezirk, Döbling <919>",131
38 Jahre,"Wien 20.Bezirk, Brigittenau <920>",191
38 Jahre,"Wien 21.Bezirk, Floridsdorf <921>",285
38 Jahre,"Wien 22.Bezirk, Donaustadt <922>",344
38 Jahre,"Wien 23.Bezirk, Liesing <923>",179
39 Jahre,Innsbruck (Stadt) <701>,258
39 Jahre,Imst <702>,46
39 Jahre,Innsbruck Land <703>,162
39 Jahre,Kitzbühel <704>,85
39 Jahre,Kufstein <705>,135
39 Jahre,Landeck <706>,38
39 Jahre,Lienz <707>,35
39 Jahre,Reutte <708>,26
39 Jahre,Schwaz <709>,102
39 Jahre,Bludenz <801>,100
39 Jahre,Bregenz <802>,181
39 Jahre,Dornbirn <803>,132
39 Jahre,Feldkirch <804>,164
39 Jahre,"Wien 1.Bezirk, Innere Stadt <901>",25
39 Jahre,"Wien 2.Bezirk, Leopoldstadt <902>",210
39 Jahre,"Wien 3.Bezirk, Landstraße <903>",175
39 Jahre,"Wien 4.Bezirk, Wieden <904>",93
39 Jahre,"Wien 5.Bezirk, Margareten <905>",114
39 Jahre,"Wien 6.Bezirk, Mariahilf <906>",66
39 Jahre,"Wien 7.Bezirk, Neubau <907>",68
39 Jahre,"Wien 8.Bezirk, Josefstadt <908>",72
39 Jahre,"Wien 9.Bezirk, Alsergrund <909>",81
39 Jahre,"Wien 10.Bezirk, Favoriten <910>",441
39 Jahre,"Wien 11.Bezirk, Simmering <911>",183
39 Jahre,"Wien 12.Bezirk, Meidling <912>",178
39 Jahre,"Wien 13.Bezirk, Hietzing <913>",96
39 Jahre,"Wien 14.Bezirk, Penzing <914>",150
39 Jahre,"Wien 15.Bezirk, Rudolfsheim-Fünfhaus <915>",180
39 Jahre,"Wien 16.Bezirk, Ottakring <916>",215
39 Jahre,"Wien 17.Bezirk, Hernals <917>",109
39 Jahre,"Wien 18.Bezirk, Währing <918>",87
39 Jahre,"Wien 19.Bezirk, Döbling <919>",119
39 Jahre,"Wien 20.Bezirk, Brigittenau <920>",200
39 Jahre,"Wien 21.Bezirk, Floridsdorf <921>",287
39 Jahre,"Wien 22.Bezirk, Donaustadt <922>",343
39 Jahre,"Wien 23.Bezirk, Liesing <923>",146
40 Jahre,Innsbruck (Stadt) <701>,205
40 Jahre,Imst <702>,51
40 Jahre,Innsbruck Land <703>,202
40 Jahre,Kitzbühel <704>,56
40 Jahre,Kufstein <705>,140
40 Jahre,Landeck <706>,39
40 Jahre,Lienz <707>,26
40 Jahre,Reutte <708>,44
40 Jahre,Schwaz <709>,93
40 Jahre,Bludenz <801>,87
40 Jahre,Bregenz <802>,166
40 Jahre,Dornbirn <803>,131
40 Jahre,Feldkirch <804>,118
40 Jahre,"Wien 1.Bezirk, Innere Stadt <901>",30
40 Jahre,"Wien 2.Bezirk, Leopoldstadt <902>",194
40 Jahre,"Wien 3.Bezirk, Landstraße <903>",188
40 Jahre,"Wien 4.Bezirk, Wieden <904>",74
40 Jahre,"Wien 5.Bezirk, Margareten <905>",126
40 Jahre,"Wien 6.Bezirk, Mariahilf <906>",78
40 Jahre,"Wien 7.Bezirk, Neubau <907>",59
40 Jahre,"Wien 8.Bezirk, Josefstadt <908>",76
40 Jahre,"Wien 9.Bezirk, Alsergrund <909>",102
40 Jahre,"Wien 10.Bezirk, Favoriten <910>",460
40 Jahre,"Wien 11.Bezirk, Simmering <911>",173
40 Jahre,"Wien 12.Bezirk, Meidling <912>",187
40 Jahre,"Wien 13.Bezirk, Hietzing <913>",85
40 Jahre,"Wien 14.Bezirk, Penzing <914>",158
40 Jahre,"Wien 15.Bezirk, Rudolfsheim-Fünfhaus <915>",169
40 Jahre,"Wien 16.Bezirk, Ottakring <916>",193
40 Jahre,"Wien 17.Bezirk, Hernals <917>",123
40 Jahre,"Wien 18.Bezirk, Währing <918>",102
40 Jahre,"Wien 19.Bezirk, Döbling <919>",114
40 Jahre,"Wien 20.Bezirk, Brigittenau <920>",172
40 Jahre,"Wien 21.Bezirk, Floridsdorf <921>",246
40 Jahre,"Wien 22.Bezirk, Donaustadt <922>",316
40 Jahre,"Wien 23.Bezirk, Liesing <923>",145
41 Jahre,Innsbruck (Stadt) <701>,188
41 Jahre,Imst <702>,54
41 Jahre,Innsbruck Land <703>,185
41 Jahre,Kitzbühel <704>,57
41 Jahre,Kufstein <705>,110
41 Jahre,Landeck <706>,30
41 Jahre,Lienz <707>,28
41 Jahre,Reutte <708>,33
41 Jahre,Schwaz <709>,93
41 Jahre,Bludenz <801>,76
41 Jahre,Bregenz <802>,165
41 Jahre,Dornbirn <803>,139
41 Jahre,Feldkirch <804>,138
41 Jahre,"Wien 1.Bezirk, Innere Stadt <901>",24
41 Jahre,"Wien 2.Bezirk, Leopoldstadt <902>",174
41 Jahre,"Wien 3.Bezirk, Landstraße <903>",159
41 Jahre,"Wien 4.Bezirk, Wieden <904>",90
41 Jahre,"Wien 5.Bezirk, Margareten <905>",106
41 Jahre,"Wien 6.Bezirk, Mariahilf <906>",72
41 Jahre,"Wien 7.Bezirk, Neubau <907>",54
41 Jahre,"Wien 8.Bezirk, Josefstadt <908>",61
41 Jahre,"Wien 9.Bezirk, Alsergrund <909>",102
41 Jahre,"Wien 10.Bezirk, Favoriten <910>",424
41 Jahre,"Wien 11.Bezirk, Simmering <911>",151
41 Jahre,"Wien 12.Bezirk, Meidling <912>",164
41 Jahre,"Wien 13.Bezirk, Hietzing <913>",100
41 Jahre,"Wien 14.Bezirk, Penzing <914>",177
41 Jahre,"Wien 15.Bezirk, Rudolfsheim-Fünfhaus <915>",162
41 Jahre,"Wien 16.Bezirk, Ottakring <916>",199
41 Jahre,"Wien 17.Bezirk, Hernals <917>",101
41 Jahre,"Wien 18.Bezirk, Währing <918>",74
41 Jahre,"Wien 19.Bezirk, Döbling <919>",109
41 Jahre,"Wien 20.Bezirk, Brigittenau <920>",166
41 Jahre,"Wien 21.Bezirk, Floridsdorf <921>",255
41 Jahre,"Wien 22.Bezirk, Donaustadt <922>",276
41 Jahre,"Wien 23.Bezirk, Liesing <923>",121
42 Jahre,Innsbruck (Stadt) <701>,226
42 Jahre,Imst <702>,39
42 Jahre,Innsbruck Land <703>,187
42 Jahre,Kitzbühel <704>,80
42 Jahre,Kufstein <705>,123
42 Jahre,Landeck <706>,31
42 Jahre,Lienz <707>,22
42 Jahre,Reutte <708>,27
42 Jahre,Schwaz <709>,92
42 Jahre,Bludenz <801>,84
42 Jahre,Bregenz <802>,160
42 Jahre,Dornbirn <803>,136
42 Jahre,Feldkirch <804>,129
42 Jahre,"Wien 1.Bezirk, Innere Stadt <901>",26
42 Jahre,"Wien 2.Bezirk, Leopoldstadt <902>",148
42 Jahre,"Wien 3.Bezirk, Landstraße <903>",170
42 Jahre,"Wien 4.Bezirk, Wieden <904>",82
42 Jahre,"Wien 5.Bezirk, Margareten <905>",90
42 Jahre,"Wien 6.Bezirk, Mariahilf <906>",86
42 Jahre,"Wien 7.Bezirk, Neubau <907>",52
42 Jahre,"Wien 8.Bezirk, Josefstadt <908>",77
42 Jahre,"Wien 9.Bezirk, Alsergrund <909>",79
42 Jahre,"Wien 10.Bezirk, Favoriten <910>",358
42 Jahre,"Wien 11.Bezirk, Simmering <911>",133
42 Jahre,"Wien 12.Bezirk, Meidling <912>",155
42 Jahre,"Wien 13.Bezirk, Hietzing <913>",67
42 Jahre,"Wien 14.Bezirk, Penzing <914>",132
42 Jahre,"Wien 15.Bezirk, Rudolfsheim-Fünfhaus <915>",131
42 Jahre,"Wien 16.Bezirk, Ottakring <916>",194
42 Jahre,"Wien 17.Bezirk, Hernals <917>",102
42 Jahre,"Wien 18.Bezirk, Währing <918>",72
42 Jahre,"Wien 19.Bezirk, Döbling <919>",98
42 Jahre,"Wien 20.Bezirk, Brigittenau <920>",134
42 Jahre,"Wien 21.Bezirk, Floridsdorf <921>",242
42 Jahre,"Wien 22.Bezirk, Donaustadt <922>",245
42 Jahre,"Wien 23.Bezirk, Liesing <923>",145
43 Jahre,Innsbruck (Stadt) <701>,181
43 Jahre,Imst <702>,45
43 Jahre,Innsbruck Land <703>,158
43 Jahre,Kitzbühel <704>,69
43 Jahre,Kufstein <705>,114
43 Jahre,Landeck <706>,30
43 Jahre,Lienz <707>,30
43 Jahre,Reutte <708>,25
43 Jahre,Schwaz <709>,94
43 Jahre,Bludenz <801>,67
43 Jahre,Bregenz <802>,156
43 Jahre,Dornbirn <803>,129
43 Jahre,Feldkirch <804>,124
43 Jahre,"Wien 1.Bezirk, Innere Stadt <901>",31
43 Jahre,"Wien 2.Bezirk, Leopoldstadt <902>",172
43 Jahre,"Wien 3.Bezirk, Landstraße <903>",149
43 Jahre,"Wien 4.Bezirk, Wieden <904>",74
43 Jahre,"Wien 5.Bezirk, Margareten <905>",74
43 Jahre,"Wien 6.Bezirk, Mariahilf <906>",63
43 Jahre,"Wien 7.Bezirk, Neubau <907>",55
43 Jahre,"Wien 8.Bezirk, Josefstadt <908>",52
43 Jahre,"Wien 9.Bezirk, Alsergrund <909>",68
43 Jahre,"Wien 10.Bezirk, Favoriten <910>",347
43 Jahre,"Wien 11.Bezirk, Simmering <911>",109
43 Jahre,"Wien 12.Bezirk, Meidling <912>",127
43 Jahre,"Wien 13.Bezirk, Hietzing <913>",59
43 Jahre,"Wien 14.Bezirk, Penzing <914>",128
43 Jahre,"Wien 15.Bezirk, Rudolfsheim-Fünfhaus <915>",142
43 Jahre,"Wien 16.Bezirk, Ottakring <916>",149
43 Jahre,"Wien 17.Bezirk, Hernals <917>",102
43 Jahre,"Wien 18.Bezirk, Währing <918>",78
43 Jahre,"Wien 19.Bezirk, Döbling <919>",93
43 Jahre,"Wien 20.Bezirk, Brigittenau <920>",128
43 Jahre,"Wien 21.Bezirk, Floridsdorf <921>",241
43 Jahre,"Wien 22.Bezirk, Donaustadt <922>",237
43 Jahre,"Wien 23.Bezirk, Liesing <923>",113
44 Jahre,Innsbruck (Stadt) <701>,156
44 Jahre,Imst <702>,45
44 Jahre,Innsbruck Land <703>,149
44 Jahre,Kitzbühel <704>,54
44 Jahre,Kufstein <705>,111
44 Jahre,Landeck <706>,23
44 Jahre,Lienz <707>,18
44 Jahre,Reutte <708>,36
44 Jahre,Schwaz <709>,69
44 Jahre,Bludenz <801>,54
44 Jahre,Bregenz <802>,149
44 Jahre,Dornbirn <803>,92
44 Jahre,Feldkirch <804>,116
44 Jahre,"Wien 1.Bezirk, Innere Stadt <901>",29
44 Jahre,"Wien 2.Bezirk, Leopoldstadt <902>",139
44 Jahre,"Wien 3.Bezirk, Landstraße <903>",151
44 Jahre,"Wien 4.Bezirk, Wieden <904>",70
44 Jahre,"Wien 5.Bezirk, Margareten <905>",77
44 Jahre,"Wien 6.Bezirk, Mariahilf <906>",57
44 Jahre,"Wien 7.Bezirk, Neubau <907>",46
44 Jahre,"Wien 8.Bezirk, Josefstadt <908>",41
44 Jahre,"Wien 9.Bezirk, Alsergrund <909>",65
44 Jahre,"Wien 10.Bezirk, Favoriten <910>",304
44 Jahre,"Wien 11.Bezirk, Simmering <911>",116
44 Jahre,"Wien 12.Bezirk, Meidling <912>",144
44 Jahre,"Wien 13.Bezirk, Hietzing <913>",64
44 Jahre,"Wien 14.Bezirk, Penzing <914>",124
44 Jahre,"Wien 15.Bezirk, Rudolfsheim-Fünfhaus <915>",128
44 Jahre,"Wien 16.Bezirk, Ottakring <916>",180
44 Jahre,"Wien 17.Bezirk, Hernals <917>",84
44 Jahre,"Wien 18.Bezirk, Währing <918>",79
44 Jahre,"Wien 19.Bezirk, Döbling <919>",108
44 Jahre,"Wien 20.Bezirk, Brigittenau <920>",135
44 Jahre,"Wien 21.Bezirk, Floridsdorf <921>",190
44 Jahre,"Wien 22.Bezirk, Donaustadt <922>",222
44 Jahre,"Wien 23.Bezirk, Liesing <923>",121
45 Jahre,Innsbruck (Stadt) <701>,158
45 Jahre,Imst <702>,34
45 Jahre,Innsbruck Land <703>,130
45 Jahre,Kitzbühel <704>,70
45 Jahre,Kufstein <705>,88
45 Jahre,Landeck <706>,21
45 Jahre,Lienz <707>,28
45 Jahre,Reutte <708>,26
45 Jahre,Schwaz <709>,76
45 Jahre,Bludenz <801>,52
45 Jahre,Bregenz <802>,126
45 Jahre,Dornbirn <803>,70
45 Jahre,Feldkirch <804>,118
45 Jahre,"Wien 1.Bezirk, Innere Stadt <901>",28
45 Jahre,"Wien 2.Bezirk, Leopoldstadt <902>",121
45 Jahre,"Wien 3.Bezirk, Landstraße <903>",124
45 Jahre,"Wien 4.Bezirk, Wieden <904>",64
45 Jahre,"Wien 5.Bezirk, Margareten <905>",70
45 Jahre,"Wien 6.Bezirk, Mariahilf <906>",45
45 Jahre,"Wien 7.Bezirk, Neubau <907>",38
45 Jahre,"Wien 8.Bezirk, Josefstadt <908>",59
45 Jahre,"Wien 9.Bezirk, Alsergrund <909>",50
45 Jahre,"Wien 10.Bezirk, Favoriten <910>",279
45 Jahre,"Wien 11.Bezirk, Simmering <911>",110
45 Jahre,"Wien 12.Bezirk, Meidling <912>",135
45 Jahre,"Wien 13.Bezirk, Hietzing <913>",65
45 Jahre,"Wien 14.Bezirk, Penzing <914>",108
45 Jahre,"Wien 15.Bezirk, Rudolfsheim-Fünfhaus <915>",107
45 Jahre,"Wien 16.Bezirk, Ottakring <916>",117
45 Jahre,"Wien 17.Bezirk, Hernals <917>",73
45 Jahre,"Wien 18.Bezirk, Währing <918>",68
45 Jahre,"Wien 19.Bezirk, Döbling <919>",80
45 Jahre,"Wien 20.Bezirk, Brigittenau <920>",111
45 Jahre,"Wien 21.Bezirk, Floridsdorf <921>",175
45 Jahre,"Wien 22.Bezirk, Donaustadt <922>",209
45 Jahre,"Wien 23.Bezirk, Liesing <923>",111
46 Jahre,Innsbruck (Stadt) <701>,143
46 Jahre,Imst <702>,33
46 Jahre,Innsbruck Land <703>,137
46 Jahre,Kitzbühel <704>,62
46 Jahre,Kufstein <705>,85
46 Jahre,Landeck <706>,18
46 Jahre,Lienz <707>,16
46 Jahre,Reutte <708>,20
46 Jahre,Schwaz <709>,65
46 Jahre,Bludenz <801>,45
46 Jahre,Bregenz <802>,136
46 Jahre,Dornbirn <803>,68
46 Jahre,Feldkirch <804>,103
46 Jahre,"Wien 1.Bezirk, Innere Stadt <901>",16
46 Jahre,"Wien 2.Bezirk, Leopoldstadt <902>",134
46 Jahre,"Wien 3.Bezirk, Landstraße <903>",123
46 Jahre,"Wien 4.Bezirk, Wieden <904>",54
46 Jahre,"Wien 5.Bezirk, Margareten <905>",63
46 Jahre,"Wien 6.Bezirk, Mariahilf <906>",45
46 Jahre,"Wien 7.Bezirk, Neubau <907>",27
46 Jahre,"Wien 8.Bezirk, Josefstadt <908>",37
46 Jahre,"Wien 9.Bezirk, Alsergrund <909>",55
46 Jahre,"Wien 10.Bezirk, Favoriten <910>",276
46 Jahre,"Wien 11.Bezirk, Simmering <911>",103
46 Jahre,"Wien 12.Bezirk, Meidling <912>",132
46 Jahre,"Wien 13.Bezirk, Hietzing <913>",47
46 Jahre,"Wien 14.Bezirk, Penzing <914>",114
46 Jahre,"Wien 15.Bezirk, Rudolfsheim-Fünfhaus <915>",116
46 Jahre,"Wien 16.Bezirk, Ottakring <916>",146
46 Jahre,"Wien 17.Bezirk, Hernals <917>",70
46 Jahre,"Wien 18.Bezirk, Währing <918>",49
46 Jahre,"Wien 19.Bezirk, Döbling <919>",80
46 Jahre,"Wien 20.Bezirk, Brigittenau <920>",103
46 Jahre,"Wien 21.Bezirk, Floridsdorf <921>",185
46 Jahre,"Wien 22.Bezirk, Donaustadt <922>",191
46 Jahre,"Wien 23.Bezirk, Liesing <923>",89
47 Jahre,Innsbruck (Stadt) <701>,118
47 Jahre,Imst <702>,36
47 Jahre,Innsbruck Land <703>,111
47 Jahre,Kitzbühel <704>,47
47 Jahre,Kufstein <705>,72
47 Jahre,Landeck <706>,24
47 Jahre,Lienz <707>,18
47 Jahre,Reutte <708>,20
47 Jahre,Schwaz <709>,58
47 Jahre,Bludenz <801>,45
47 Jahre,Bregenz <802>,120
47 Jahre,Dornbirn <803>,90
47 Jahre,Feldkirch <804>,86
47 Jahre,"Wien 1.Bezirk, Innere Stadt <901>",28
47 Jahre,"Wien 2.Bezirk, Leopoldstadt <902>",118
47 Jahre,"Wien 3.Bezirk, Landstraße <903>",126
47 Jahre,"Wien 4.Bezirk, Wieden <904>",51
47 Jahre,"Wien 5.Bezirk, Margareten <905>",74
47 Jahre,"Wien 6.Bezirk, Mariahilf <906>",42
47 Jahre,"Wien 7.Bezirk, Neubau <907>",35
47 Jahre,"Wien 8.Bezirk, Josefstadt <908>",37
47 Jahre,"Wien 9.Bezirk, Alsergrund <909>",51
47 Jahre,"Wien 10.Bezirk, Favoriten <910>",252
47 Jahre,"Wien 11.Bezirk, Simmering <911>",97
47 Jahre,"Wien 12.Bezirk, Meidling <912>",114
47 Jahre,"Wien 13.Bezirk, Hietzing <913>",51
47 Jahre,"Wien 14.Bezirk, Penzing <914>",70
47 Jahre,"Wien 15.Bezirk, Rudolfsheim-Fünfhaus <915>",94
47 Jahre,"Wien 16.Bezirk, Ottakring <916>",119
47 Jahre,"Wien 17.Bezirk, Hernals <917>",53
47 Jahre,"Wien 18.Bezirk, Währing <918>",41
47 Jahre,"Wien 19.Bezirk, Döbling <919>",66
47 Jahre,"Wien 20.Bezirk, Brigittenau <920>",98
47 Jahre,"Wien 21.Bezirk, Floridsdorf <921>",158
47 Jahre,"Wien 22.Bezirk, Donaustadt <922>",181
47 Jahre,"Wien 23.Bezirk, Liesing <923>",82
48 Jahre,Innsbruck (Stadt) <701>,147
48 Jahre,Imst <702>,34
48 Jahre,Innsbruck Land <703>,114
48 Jahre,Kitzbühel <704>,47
48 Jahre,Kufstein <705>,93
48 Jahre,Landeck <706>,16
48 Jahre,Lienz <707>,29
48 Jahre,Reutte <708>,19
48 Jahre,Schwaz <709>,58
48 Jahre,Bludenz <801>,48
48 Jahre,Bregenz <802>,119
48 Jahre,Dornbirn <803>,82
48 Jahre,Feldkirch <804>,78
48 Jahre,"Wien 1.Bezirk, Innere Stadt <901>",30
48 Jahre,"Wien 2.Bezirk, Leopoldstadt <902>",100
48 Jahre,"Wien 3.Bezirk, Landstraße <903>",87
48 Jahre,"Wien 4.Bezirk, Wieden <904>",50
48 Jahre,"Wien 5.Bezirk, Margareten <905>",60
48 Jahre,"Wien 6.Bezirk, Mariahilf <906>",30
48 Jahre,"Wien 7.Bezirk, Neubau <907>",31
48 Jahre,"Wien 8.Bezirk, Josefstadt <908>",48
48 Jahre,"Wien 9.Bezirk, Alsergrund <909>",43
48 Jahre,"Wien 10.Bezirk, Favoriten <910>",229
48 Jahre,"Wien 11.Bezirk, Simmering <911>",82
48 Jahre,"Wien 12.Bezirk, Meidling <912>",116
48 Jahre,"Wien 13.Bezirk, Hietzing <913>",48
48 Jahre,"Wien 14.Bezirk, Penzing <914>",74
48 Jahre,"Wien 15.Bezirk, Rudolfsheim-Fünfhaus <915>",93
48 Jahre,"Wien 16.Bezirk, Ottakring <916>",105
48 Jahre,"Wien 17.Bezirk, Hernals <917>",48
48 Jahre,"Wien 18.Bezirk, Währing <918>",59
48 Jahre,"Wien 19.Bezirk, Döbling <919>",65
48 Jahre,"Wien 20.Bezirk, Brigittenau <920>",76
48 Jahre,"Wien 21.Bezirk, Floridsdorf <921>",146
48 Jahre,"Wien 22.Bezirk, Donaustadt <922>",154
48 Jahre,"Wien 23.Bezirk, Liesing <923>",81
49 Jahre,Innsbruck (Stadt) <701>,118
49 Jahre,Imst <702>,38
49 Jahre,Innsbruck Land <703>,129
49 Jahre,Kitzbühel <704>,48
49 Jahre,Kufstein <705>,78
49 Jahre,Landeck <706>,25
49 Jahre,Lienz <707>,16
49 Jahre,Reutte <708>,16
49 Jahre,Schwaz <709>,64
49 Jahre,Bludenz <801>,39
49 Jahre,Bregenz <802>,89
49 Jahre,Dornbirn <803>,62
49 Jahre,Feldkirch <804>,84
49 Jahre,"Wien 1.Bezirk, Innere Stadt <901>",32
49 Jahre,"Wien 2.Bezirk, Leopoldstadt <902>",119
49 Jahre,"Wien 3.Bezirk, Landstraße <903>",102
49 Jahre,"Wien 4.Bezirk, Wieden <904>",67
49 Jahre,"Wien 5.Bezirk, Margareten <905>",38
49 Jahre,"Wien 6.Bezirk, Mariahilf <906>",27
49 Jahre,"Wien 7.Bezirk, Neubau <907>",21
49 Jahre,"Wien 8.Bezirk, Josefstadt <908>",39
49 Jahre,"Wien 9.Bezirk, Alsergrund <909>",44
49 Jahre,"Wien 10.Bezirk, Favoriten <910>",211
49 Jahre,"Wien 11.Bezirk, Simmering <911>",82
49 Jahre,"Wien 12.Bezirk, Meidling <912>",102
49 Jahre,"Wien 13.Bezirk, Hietzing <913>",45
49 Jahre,"Wien 14.Bezirk, Penzing <914>",83
49 Jahre,"Wien 15.Bezirk, Rudolfsheim-Fünfhaus <915>",82
49 Jahre,"Wien 16.Bezirk, Ottakring <916>",102
49 Jahre,"Wien 17.Bezirk, Hernals <917>",65
49 Jahre,"Wien 18.Bezirk, Währing <918>",58
49 Jahre,"Wien 19.Bezirk, Döbling <919>",69
49 Jahre,"Wien 20.Bezirk, Brigittenau <920>",74
49 Jahre,"Wien 21.Bezirk, Floridsdorf <921>",136
49 Jahre,"Wien 22.Bezirk, Donaustadt <922>",142
49 Jahre,"Wien 23.Bezirk, Liesing <923>",82
50 Jahre,Innsbruck (Stadt) <701>,90
50 Jahre,Imst <702>,26
50 Jahre,Innsbruck Land <703>,116
50 Jahre,Kitzbühel <704>,41
50 Jahre,Kufstein <705>,59
50 Jahre,Landeck <706>,19
50 Jahre,Lienz <707>,23
50 Jahre,Reutte <708>,16
50 Jahre,Schwaz <709>,63
50 Jahre,Bludenz <801>,53
50 Jahre,Bregenz <802>,90
50 Jahre,Dornbirn <803>,67
50 Jahre,Feldkirch <804>,88
50 Jahre,"Wien 1.Bezirk, Innere Stadt <901>",26
50 Jahre,"Wien 2.Bezirk, Leopoldstadt <902>",103
50 Jahre,"Wien 3.Bezirk, Landstraße <903>",106
50 Jahre,"Wien 4.Bezirk, Wieden <904>",70
50 Jahre,"Wien 5.Bezirk, Margareten <905>",47
50 Jahre,"Wien 6.Bezirk, Mariahilf <906>",35
50 Jahre,"Wien 7.Bezirk, Neubau <907>",18
50 Jahre,"Wien 8.Bezirk, Josefstadt <908>",33
50 Jahre,"Wien 9.Bezirk, Alsergrund <909>",40
50 Jahre,"Wien 10.Bezirk, Favoriten <910>",228
50 Jahre,"Wien 11.Bezirk, Simmering <911>",96
50 Jahre,"Wien 12.Bezirk, Meidling <912>",95
50 Jahre,"Wien 13.Bezirk, Hietzing <913>",39
50 Jahre,"Wien 14.Bezirk, Penzing <914>",80
50 Jahre,"Wien 15.Bezirk, Rudolfsheim-Fünfhaus <915>",89
50 Jahre,"Wien 16.Bezirk, Ottakring <916>",103
50 Jahre,"Wien 17.Bezirk, Hernals <917>",55
50 Jahre,"Wien 18.Bezirk, Währing <918>",36
50 Jahre,"Wien 19.Bezirk, Döbling <919>",69
50 Jahre,"Wien 20.Bezirk, Brigittenau <920>",77
50 Jahre,"Wien 21.Bezirk, Floridsdorf <921>",138
50 Jahre,"Wien 22.Bezirk, Donaustadt <922>",156
50 Jahre,"Wien 23.Bezirk, Liesing <923>",88
51 Jahre,Innsbruck (Stadt) <701>,93
51 Jahre,Imst <702>,46
51 Jahre,Innsbruck Land <703>,98
51 Jahre,Kitzbühel <704>,35
51 Jahre,Kufstein <705>,54
51 Jahre,Landeck <706>,19
51 Jahre,Lienz <707>,24
51 Jahre,Reutte <708>,10
51 Jahre,Schwaz <709>,60
51 Jahre,Bludenz <801>,43
51 Jahre,Bregenz <802>,87
51 Jahre,Dornbirn <803>,62
51 Jahre,Feldkirch <804>,59
51 Jahre,"Wien 1.Bezirk, Innere Stadt <901>",20
51 Jahre,"Wien 2.Bezirk, Leopoldstadt <902>",103
51 Jahre,"Wien 3.Bezirk, Landstraße <903>",94
51 Jahre,"Wien 4.Bezirk, Wieden <904>",52
51 Jahre,"Wien 5.Bezirk, Margareten <905>",40
51 Jahre,"Wien 6.Bezirk, Mariahilf <906>",27
51 Jahre,"Wien 7.Bezirk, Neubau <907>",22
51 Jahre,"Wien 8.Bezirk, Josefstadt <908>",43
51 Jahre,"Wien 9.Bezirk, Alsergrund <909>",38
51 Jahre,"Wien 10.Bezirk, Favoriten <910>",208
51 Jahre,"Wien 11.Bezirk, Simmering <911>",70
51 Jahre,"Wien 12.Bezirk, Meidling <912>",84
51 Jahre,"Wien 13.Bezirk, Hietzing <913>",56
51 Jahre,"Wien 14.Bezirk, Penzing <914>",73
51 Jahre,"Wien 15.Bezirk, Rudolfsheim-Fünfhaus <915>",70
51 Jahre,"Wien 16.Bezirk, Ottakring <916>",105
51 Jahre,"Wien 17.Bezirk, Hernals <917>",65
51 Jahre,"Wien 18.Bezirk, Währing <918>",53
51 Jahre,"Wien 19.Bezirk, Döbling <919>",69
51 Jahre,"Wien 20.Bezirk, Brigittenau <920>",73
51 Jahre,"Wien 21.Bezirk, Floridsdorf <921>",143
51 Jahre,"Wien 22.Bezirk, Donaustadt <922>",130
51 Jahre,"Wien 23.Bezirk, Liesing <923>",85
52 Jahre,Innsbruck (Stadt) <701>,105
52 Jahre,Imst <702>,33
52 Jahre,Innsbruck Land <703>,100
52 Jahre,Kitzbühel <704>,34
52 Jahre,Kufstein <705>,58
52 Jahre,Landeck <706>,15
52 Jahre,Lienz <707>,16
52 Jahre,Reutte <708>,15
52 Jahre,Schwaz <709>,52
52 Jahre,Bludenz <801>,33
52 Jahre,Bregenz <802>,117
52 Jahre,Dornbirn <803>,72
52 Jahre,Feldkirch <804>,77
52 Jahre,"Wien 1.Bezirk, Innere Stadt <901>",15
52 Jahre,"Wien 2.Bezirk, Leopoldstadt <902>",76
52 Jahre,"Wien 3.Bezirk, Landstraße <903>",75
52 Jahre,"Wien 4.Bezirk, Wieden <904>",29
52 Jahre,"Wien 5.Bezirk, Margareten <905>",48
52 Jahre,"Wien 6.Bezirk, Mariahilf <906>",37
52 Jahre,"Wien 7.Bezirk, Neubau <907>",24
52 Jahre,"Wien 8.Bezirk, Josefstadt <908>",18
52 Jahre,"Wien 9.Bezirk, Alsergrund <909>",30
52 Jahre,"Wien 10.Bezirk, Favoriten <910>",156
52 Jahre,"Wien 11.Bezirk, Simmering <911>",64
52 Jahre,"Wien 12.Bezirk, Meidling <912>",79
52 Jahre,"Wien 13.Bezirk, Hietzing <913>",48
52 Jahre,"Wien 14.Bezirk, Penzing <914>",59
52 Jahre,"Wien 15.Bezirk, Rudolfsheim-Fünfhaus <915>",75
52 Jahre,"Wien 16.Bezirk, Ottakring <916>",103
52 Jahre,"Wien 17.Bezirk, Hernals <917>",38
52 Jahre,"Wien 18.Bezirk, Währing <918>",40
52 Jahre,"Wien 19.Bezirk, Döbling <919>",58
52 Jahre,"Wien 20.Bezirk, Brigittenau <920>",68
52 Jahre,"Wien 21.Bezirk, Floridsdorf <921>",136
52 Jahre,"Wien 22.Bezirk, Donaustadt <922>",135
52 Jahre,"Wien 23.Bezirk, Liesing <923>",65
53 Jahre,Innsbruck (Stadt) <701>,94
53 Jahre,Imst <702>,35
53 Jahre,Innsbruck Land <703>,116
53 Jahre,Kitzbühel <704>,35
53 Jahre,Kufstein <705>,47
53 Jahre,Landeck <706>,13
53 Jahre,Lienz <707>,19
53 Jahre,Reutte <708>,22
53 Jahre,Schwaz <709>,58
53 Jahre,Bludenz <801>,32
53 Jahre,Bregenz <802>,94
53 Jahre,Dornbirn <803>,57
53 Jahre,Feldkirch <804>,72
53 Jahre,"Wien 1.Bezirk, Innere Stadt <901>",18
53 Jahre,"Wien 2.Bezirk, Leopoldstadt <902>",75
53 Jahre,"Wien 3.Bezirk, Landstraße <903>",90
53 Jahre,"Wien 4.Bezirk, Wieden <904>",36
53 Jahre,"Wien 5.Bezirk, Margareten <905>",55
53 Jahre,"Wien 6.Bezirk, Mariahilf <906>",28
53 Jahre,"Wien 7.Bezirk, Neubau <907>",22
53 Jahre,"Wien 8.Bezirk, Josefstadt <908>",24
53 Jahre,"Wien 9.Bezirk, Alsergrund <909>",44
53 Jahre,"Wien 10.Bezirk, Favoriten <910>",196
53 Jahre,"Wien 11.Bezirk, Simmering <911>",72
53 Jahre,"Wien 12.Bezirk, Meidling <912>",80
53 Jahre,"Wien 13.Bezirk, Hietzing <913>",45
53 Jahre,"Wien 14.Bezirk, Penzing <914>",64
53 Jahre,"Wien 15.Bezirk, Rudolfsheim-Fünfhaus <915>",65
53 Jahre,"Wien 16.Bezirk, Ottakring <916>",106
53 Jahre,"Wien 17.Bezirk, Hernals <917>",31
53 Jahre,"Wien 18.Bezirk, Währing <918>",41
53 Jahre,"Wien 19.Bezirk, Döbling <919>",61
53 Jahre,"Wien 20.Bezirk, Brigittenau <920>",92
53 Jahre,"Wien 21.Bezirk, Floridsdorf <921>",128
53 Jahre,"Wien 22.Bezirk, Donaustadt <922>",124
53 Jahre,"Wien 23.Bezirk, Liesing <923>",70
54 Jahre,Innsbruck (Stadt) <701>,89
54 Jahre,Imst <702>,29
54 Jahre,Innsbruck Land <703>,98
54 Jahre,Kitzbühel <704>,41
54 Jahre,Kufstein <705>,63
54 Jahre,Landeck <706>,16
54 Jahre,Lienz <707>,25
54 Jahre,Reutte <708>,26
54 Jahre,Schwaz <709>,44
54 Jahre,Bludenz <801>,49
54 Jahre,Bregenz <802>,79
54 Jahre,Dornbirn <803>,54
54 Jahre,Feldkirch <804>,50
54 Jahre,"Wien 1.Bezirk, Innere Stadt <901>",25
54 Jahre,"Wien 2.Bezirk, Leopoldstadt <902>",87
54 Jahre,"Wien 3.Bezirk, Landstraße <903>",95
54 Jahre,"Wien 4.Bezirk, Wieden <904>",54
54 Jahre,"Wien 5.Bezirk, Margareten <905>",46
54 Jahre,"Wien 6.Bezirk, Mariahilf <906>",22
54 Jahre,"Wien 7.Bezirk, Neubau <907>",20
54 Jahre,"Wien 8.Bezirk, Josefstadt <908>",31
54 Jahre,"Wien 9.Bezirk, Alsergrund <909>",41
54 Jahre,"Wien 10.Bezirk, Favoriten <910>",161
54 Jahre,"Wien 11.Bezirk, Simmering <911>",80
54 Jahre,"Wien 12.Bezirk, Meidling <912>",79
54 Jahre,"Wien 13.Bezirk, Hietzing <913>",51
54 Jahre,"Wien 14.Bezirk, Penzing <914>",71
54 Jahre,"Wien 15.Bezirk, Rudolfsheim-Fünfhaus <915>",71
54 Jahre,"Wien 16.Bezirk, Ottakring <916>",84
54 Jahre,"Wien 17.Bezirk, Hernals <917>",42
54 Jahre,"Wien 18.Bezirk, Währing <918>",32
54 Jahre,"Wien 19.Bezirk, Döbling <919>",66
54 Jahre,"Wien 20.Bezirk, Brigittenau <920>",65
54 Jahre,"Wien 21.Bezirk, Floridsdorf <921>",120
54 Jahre,"Wien 22.Bezirk, Donaustadt <922>",169
54 Jahre,"Wien 23.Bezirk, Liesing <923>",67
55 Jahre,Innsbruck (Stadt) <701>,86
55 Jahre,Imst <702>,26
55 Jahre,Innsbruck Land <703>,112
55 Jahre,Kitzbühel <704>,45
55 Jahre,Kufstein <705>,80
55 Jahre,Landeck <706>,23
55 Jahre,Lienz <707>,16
55 Jahre,Reutte <708>,22
55 Jahre,Schwaz <709>,45
55 Jahre,Bludenz <801>,46
55 Jahre,Bregenz <802>,114
55 Jahre,Dornbirn <803>,40
55 Jahre,Feldkirch <804>,76
55 Jahre,"Wien 1.Bezirk, Innere Stadt <901>",17
55 Jahre,"Wien 2.Bezirk, Leopoldstadt <902>",73
55 Jahre,"Wien 3.Bezirk, Landstraße <903>",68
55 Jahre,"Wien 4.Bezirk, Wieden <904>",39
55 Jahre,"Wien 5.Bezirk, Margareten <905>",36
55 Jahre,"Wien 6.Bezirk, Mariahilf <906>",18
55 Jahre,"Wien 7.Bezirk, Neubau <907>",20
55 Jahre,"Wien 8.Bezirk, Josefstadt <908>",28
55 Jahre,"Wien 9.Bezirk, Alsergrund <909>",34
55 Jahre,"Wien 10.Bezirk, Favoriten <910>",170
55 Jahre,"Wien 11.Bezirk, Simmering <911>",68
55 Jahre,"Wien 12.Bezirk, Meidling <912>",89
55 Jahre,"Wien 13.Bezirk, Hietzing <913>",37
55 Jahre,"Wien 14.Bezirk, Penzing <914>",66
55 Jahre,"Wien 15.Bezirk, Rudolfsheim-Fünfhaus <915>",61
55 Jahre,"Wien 16.Bezirk, Ottakring <916>",102
55 Jahre,"Wien 17.Bezirk, Hernals <917>",55
55 Jahre,"Wien 18.Bezirk, Währing <918>",35
55 Jahre,"Wien 19.Bezirk, Döbling <919>",59
55 Jahre,"Wien 20.Bezirk, Brigittenau <920>",57
55 Jahre,"Wien 21.Bezirk, Floridsdorf <921>",116
55 Jahre,"Wien 22.Bezirk, Donaustadt <922>",125
55 Jahre,"Wien 23.Bezirk, Liesing <923>",77
56 Jahre,Innsbruck (Stadt) <701>,80
56 Jahre,Imst <702>,26
56 Jahre,Innsbruck Land <703>,98
56 Jahre,Kitzbühel <704>,37
56 Jahre,Kufstein <705>,67
56 Jahre,Landeck <706>,17
56 Jahre,Lienz <707>,24
56 Jahre,Reutte <708>,20
56 Jahre,Schwaz <709>,51
56 Jahre,Bludenz <801>,51
56 Jahre,Bregenz <802>,94
56 Jahre,Dornbirn <803>,42
56 Jahre,Feldkirch <804>,56
56 Jahre,"Wien 1.Bezirk, Innere Stadt <901>",17
56 Jahre,"Wien 2.Bezirk, Leopoldstadt <902>",80
56 Jahre,"Wien 3.Bezirk, Landstraße <903>",82
56 Jahre,"Wien 4.Bezirk, Wieden <904>",52
56 Jahre,"Wien 5.Bezirk, Margareten <905>",40
56 Jahre,"Wien 6.Bezirk, Mariahilf <906>",15
56 Jahre,"Wien 7.Bezirk, Neubau <907>",31
56 Jahre,"Wien 8.Bezirk, Josefstadt <908>",31
56 Jahre,"Wien 9.Bezirk, Alsergrund <909>",28
56 Jahre,"Wien 10.Bezirk, Favoriten <910>",174
56 Jahre,"Wien 11.Bezirk, Simmering <911>",75
56 Jahre,"Wien 12.Bezirk, Meidling <912>",53
56 Jahre,"Wien 13.Bezirk, Hietzing <913>",41
56 Jahre,"Wien 14.Bezirk, Penzing <914>",60
56 Jahre,"Wien 15.Bezirk, Rudolfsheim-Fünfhaus <915>",48
56 Jahre,"Wien 16.Bezirk, Ottakring <916>",74
56 Jahre,"Wien 17.Bezirk, Hernals <917>",35
56 Jahre,"Wien 18.Bezirk, Währing <918>",30
56 Jahre,"Wien 19.Bezirk, Döbling <919>",62
56 Jahre,"Wien 20.Bezirk, Brigittenau <920>",58
56 Jahre,"Wien 21.Bezirk, Floridsdorf <921>",104
56 Jahre,"Wien 22.Bezirk, Donaustadt <922>",107
56 Jahre,"Wien 23.Bezirk, Liesing <923>",65
57 Jahre,Innsbruck (Stadt) <701>,76
57 Jahre,Imst <702>,30
57 Jahre,Innsbruck Land <703>,98
57 Jahre,Kitzbühel <704>,36
57 Jahre,Kufstein <705>,51
57 Jahre,Landeck <706>,17
57 Jahre,Lienz <707>,20
57 Jahre,Reutte <708>,23
57 Jahre,Schwaz <709>,50
57 Jahre,Bludenz <801>,36
57 Jahre,Bregenz <802>,76
57 Jahre,Dornbirn <803>,60
57 Jahre,Feldkirch <804>,58
57 Jahre,"Wien 1.Bezirk, Innere Stadt <901>",25
57 Jahre,"Wien 2.Bezirk, Leopoldstadt <902>",78
57 Jahre,"Wien 3.Bezirk, Landstraße <903>",69
57 Jahre,"Wien 4.Bezirk, Wieden <904>",39
57 Jahre,"Wien 5.Bezirk, Margareten <905>",40
57 Jahre,"Wien 6.Bezirk, Mariahilf <906>",22
57 Jahre,"Wien 7.Bezirk, Neubau <907>",20
57 Jahre,"Wien 8.Bezirk, Josefstadt <908>",22
57 Jahre,"Wien 9.Bezirk, Alsergrund <909>",23
57 Jahre,"Wien 10.Bezirk, Favoriten <910>",180
57 Jahre,"Wien 11.Bezirk, Simmering <911>",79
57 Jahre,"Wien 12.Bezirk, Meidling <912>",68
57 Jahre,"Wien 13.Bezirk, Hietzing <913>",35
57 Jahre,"Wien 14.Bezirk, Penzing <914>",54
57 Jahre,"Wien 15.Bezirk, Rudolfsheim-Fünfhaus <915>",53
57 Jahre,"Wien 16.Bezirk, Ottakring <916>",74
57 Jahre,"Wien 17.Bezirk, Hernals <917>",44
57 Jahre,"Wien 18.Bezirk, Währing <918>",32
57 Jahre,"Wien 19.Bezirk, Döbling <919>",49
57 Jahre,"Wien 20.Bezirk, Brigittenau <920>",71
57 Jahre,"Wien 21.Bezirk, Floridsdorf <921>",88
57 Jahre,"Wien 22.Bezirk, Donaustadt <922>",117
57 Jahre,"Wien 23.Bezirk, Liesing <923>",81
58 Jahre,Innsbruck (Stadt) <701>,91
58 Jahre,Imst <702>,29
58 Jahre,Innsbruck Land <703>,95
58 Jahre,Kitzbühel <704>,42
58 Jahre,Kufstein <705>,56
58 Jahre,Landeck <706>,18
58 Jahre,Lienz <707>,24
58 Jahre,Reutte <708>,18
58 Jahre,Schwaz <709>,40
58 Jahre,Bludenz <801>,47
58 Jahre,Bregenz <802>,81
58 Jahre,Dornbirn <803>,43
58 Jahre,Feldkirch <804>,60
58 Jahre,"Wien 1.Bezirk, Innere Stadt <901>",23
58 Jahre,"Wien 2.Bezirk, Leopoldstadt <902>",61
58 Jahre,"Wien 3.Bezirk, Landstraße <903>",62
58 Jahre,"Wien 4.Bezirk, Wieden <904>",48
58 Jahre,"Wien 5.Bezirk, Margareten <905>",31
58 Jahre,"Wien 6.Bezirk, Mariahilf <906>",26
58 Jahre,"Wien 7.Bezirk, Neubau <907>",19
58 Jahre,"Wien 8.Bezirk, Josefstadt <908>",15
58 Jahre,"Wien 9.Bezirk, Alsergrund <909>",31
58 Jahre,"Wien 10.Bezirk, Favoriten <910>",144
58 Jahre,"Wien 11.Bezirk, Simmering <911>",75
58 Jahre,"Wien 12.Bezirk, Meidling <912>",61
58 Jahre,"Wien 13.Bezirk, Hietzing <913>",31
58 Jahre,"Wien 14.Bezirk, Penzing <914>",55
58 Jahre,"Wien 15.Bezirk, Rudolfsheim-Fünfhaus <915>",57
58 Jahre,"Wien 16.Bezirk, Ottakring <916>",75
58 Jahre,"Wien 17.Bezirk, Hernals <917>",32
58 Jahre,"Wien 18.Bezirk, Währing <918>",29
58 Jahre,"Wien 19.Bezirk, Döbling <919>",53
58 Jahre,"Wien 20.Bezirk, Brigittenau <920>",67
58 Jahre,"Wien 21.Bezirk, Floridsdorf <921>",102
58 Jahre,"Wien 22.Bezirk, Donaustadt <922>",117
58 Jahre,"Wien 23.Bezirk, Liesing <923>",72
59 Jahre,Innsbruck (Stadt) <701>,86
59 Jahre,Imst <702>,15
59 Jahre,Innsbruck Land <703>,82
59 Jahre,Kitzbühel <704>,32
59 Jahre,Kufstein <705>,44
59 Jahre,Landeck <706>,10
59 Jahre,Lienz <707>,17
59 Jahre,Reutte <708>,20
59 Jahre,Schwaz <709>,33
59 Jahre,Bludenz <801>,39
59 Jahre,Bregenz <802>,75
59 Jahre,Dornbirn <803>,70
59 Jahre,Feldkirch <804>,43
59 Jahre,"Wien 1.Bezirk, Innere Stadt <901>",19
59 Jahre,"Wien 2.Bezirk, Leopoldstadt <902>",57
59 Jahre,"Wien 3.Bezirk, Landstraße <903>",50
59 Jahre,"Wien 4.Bezirk, Wieden <904>",34
59 Jahre,"Wien 5.Bezirk, Margareten <905>",32
59 Jahre,"Wien 6.Bezirk, Mariahilf <906>",15
59 Jahre,"Wien 7.Bezirk, Neubau <907>",15
59 Jahre,"Wien 8.Bezirk, Josefstadt <908>",16
59 Jahre,"Wien 9.Bezirk, Alsergrund <909>",30
59 Jahre,"Wien 10.Bezirk, Favoriten <910>",133
59 Jahre,"Wien 11.Bezirk, Simmering <911>",50
59 Jahre,"Wien 12.Bezirk, Meidling <912>",62
59 Jahre,"Wien 13.Bezirk, Hietzing <913>",33
59 Jahre,"Wien 14.Bezirk, Penzing <914>",54
59 Jahre,"Wien 15.Bezirk, Rudolfsheim-Fünfhaus <915>",49
59 Jahre,"Wien 16.Bezirk, Ottakring <916>",68
59 Jahre,"Wien 17.Bezirk, Hernals <917>",36
59 Jahre,"Wien 18.Bezirk, Währing <918>",33
59 Jahre,"Wien 19.Bezirk, Döbling <919>",58
59 Jahre,"Wien 20.Bezirk, Brigittenau <920>",51
59 Jahre,"Wien 21.Bezirk, Floridsdorf <921>",98
59 Jahre,"Wien 22.Bezirk, Donaustadt <922>",113
59 Jahre,"Wien 23.Bezirk, Liesing <923>",59
60 Jahre,Innsbruck (Stadt) <701>,91
60 Jahre,Imst <702>,29
60 Jahre,Innsbruck Land <703>,93
60 Jahre,Kitzbühel <704>,56
60 Jahre,Kufstein <705>,62
60 Jahre,Landeck <706>,16
60 Jahre,Lienz <707>,25
60 Jahre,Reutte <708>,15
60 Jahre,Schwaz <709>,44
60 Jahre,Bludenz <801>,39
60 Jahre,Bregenz <802>,90
60 Jahre,Dornbirn <803>,47
60 Jahre,Feldkirch <804>,59
60 Jahre,"Wien 1.Bezirk, Innere Stadt <901>",12
60 Jahre,"Wien 2.Bezirk, Leopoldstadt <902>",58
60 Jahre,"Wien 3.Bezirk, Landstraße <903>",55
60 Jahre,"Wien 4.Bezirk, Wieden <904>",31
60 Jahre,"Wien 5.Bezirk, Margareten <905>",37
60 Jahre,"Wien 6.Bezirk, Mariahilf <906>",21
60 Jahre,"Wien 7.Bezirk, Neubau <907>",17
60 Jahre,"Wien 8.Bezirk, Josefstadt <908>",14
60 Jahre,"Wien 9.Bezirk, Alsergrund <909>",25
60 Jahre,"Wien 10.Bezirk, Favoriten <910>",157
60 Jahre,"Wien 11.Bezirk, Simmering <911>",62
60 Jahre,"Wien 12.Bezirk, Meidling <912>",64
60 Jahre,"Wien 13.Bezirk, Hietzing <913>",34
60 Jahre,"Wien 14.Bezirk, Penzing <914>",46
60 Jahre,"Wien 15.Bezirk, Rudolfsheim-Fünfhaus <915>",52
60 Jahre,"Wien 16.Bezirk, Ottakring <916>",65
60 Jahre,"Wien 17.Bezirk, Hernals <917>",39
60 Jahre,"Wien 18.Bezirk, Währing <918>",29
60 Jahre,"Wien 19.Bezirk, Döbling <919>",37
60 Jahre,"Wien 20.Bezirk, Brigittenau <920>",69
60 Jahre,"Wien 21.Bezirk, Floridsdorf <921>",101
60 Jahre,"Wien 22.Bezirk, Donaustadt <922>",113
60 Jahre,"Wien 23.Bezirk, Liesing <923>",58
61 Jahre,Innsbruck (Stadt) <701>,67
61 Jahre,Imst <702>,24
61 Jahre,Innsbruck Land <703>,77
61 Jahre,Kitzbühel <704>,48
61 Jahre,Kufstein <705>,49
61 Jahre,Landeck <706>,13
61 Jahre,Lienz <707>,26
61 Jahre,Reutte <708>,15
61 Jahre,Schwaz <709>,40
61 Jahre,Bludenz <801>,30
61 Jahre,Bregenz <802>,83
61 Jahre,Dornbirn <803>,32
61 Jahre,Feldkirch <804>,49
61 Jahre,"Wien 1.Bezirk, Innere Stadt <901>",13
61 Jahre,"Wien 2.Bezirk, Leopoldstadt <902>",71
61 Jahre,"Wien 3.Bezirk, Landstraße <903>",66
61 Jahre,"Wien 4.Bezirk, Wieden <904>",34
61 Jahre,"Wien 5.Bezirk, Margareten <905>",36
61 Jahre,"Wien 6.Bezirk, Mariahilf <906>",23
61 Jahre,"Wien 7.Bezirk, Neubau <907>",17
61 Jahre,"Wien 8.Bezirk, Josefstadt <908>",19
61 Jahre,"Wien 9.Bezirk, Alsergrund <909>",25
61 Jahre,"Wien 10.Bezirk, Favoriten <910>",129
61 Jahre,"Wien 11.Bezirk, Simmering <911>",54
61 Jahre,"Wien 12.Bezirk, Meidling <912>",67
61 Jahre,"Wien 13.Bezirk, Hietzing <913>",33
61 Jahre,"Wien 14.Bezirk, Penzing <914>",72
61 Jahre,"Wien 15.Bezirk, Rudolfsheim-Fünfhaus <915>",51
61 Jahre,"Wien 16.Bezirk, Ottakring <916>",53
61 Jahre,"Wien 17.Bezirk, Hernals <917>",36
61 Jahre,"Wien 18.Bezirk, Währing <918>",32
61 Jahre,"Wien 19.Bezirk, Döbling <919>",41
61 Jahre,"Wien 20.Bezirk, Brigittenau <920>",42
61 Jahre,"Wien 21.Bezirk, Floridsdorf <921>",84
61 Jahre,"Wien 22.Bezirk, Donaustadt <922>",85
61 Jahre,"Wien 23.Bezirk, Liesing <923>",53
62 Jahre,Innsbruck (Stadt) <701>,75
62 Jahre,Imst <702>,37
62 Jahre,Innsbruck Land <703>,73
62 Jahre,Kitzbühel <704>,40
62 Jahre,Kufstein <705>,34
62 Jahre,Landeck <706>,14
62 Jahre,Lienz <707>,21
62 Jahre,Reutte <708>,19
62 Jahre,Schwaz <709>,39
62 Jahre,Bludenz <801>,28
62 Jahre,Bregenz <802>,76
62 Jahre,Dornbirn <803>,41
62 Jahre,Feldkirch <804>,50
62 Jahre,"Wien 1.Bezirk, Innere Stadt <901>",19
62 Jahre,"Wien 2.Bezirk, Leopoldstadt <902>",62
62 Jahre,"Wien 3.Bezirk, Landstraße <903>",45
62 Jahre,"Wien 4.Bezirk, Wieden <904>",28
62 Jahre,"Wien 5.Bezirk, Margareten <905>",32
62 Jahre,"Wien 6.Bezirk, Mariahilf <906>",15
62 Jahre,"Wien 7.Bezirk, Neubau <907>",14
62 Jahre,"Wien 8.Bezirk, Josefstadt <908>",18
62 Jahre,"Wien 9.Bezirk, Alsergrund <909>",20
62 Jahre,"Wien 10.Bezirk, Favoriten <910>",132
62 Jahre,"Wien 11.Bezirk, Simmering <911>",53
62 Jahre,"Wien 12.Bezirk, Meidling <912>",60
62 Jahre,"Wien 13.Bezirk, Hietzing <913>",30
62 Jahre,"Wien 14.Bezirk, Penzing <914>",53
62 Jahre,"Wien 15.Bezirk, Rudolfsheim-Fünfhaus <915>",40
62 Jahre,"Wien 16.Bezirk, Ottakring <916>",66
62 Jahre,"Wien 17.Bezirk, Hernals <917>",28
62 Jahre,"Wien 18.Bezirk, Währing <918>",22
62 Jahre,"Wien 19.Bezirk, Döbling <919>",37
62 Jahre,"Wien 20.Bezirk, Brigittenau <920>",47
62 Jahre,"Wien 21.Bezirk, Floridsdorf <921>",89
62 Jahre,"Wien 22.Bezirk, Donaustadt <922>",77
62 Jahre,"Wien 23.Bezirk, Liesing <923>",49
63 Jahre,Innsbruck (Stadt) <701>,83
63 Jahre,Imst <702>,18
63 Jahre,Innsbruck Land <703>,68
63 Jahre,Kitzbühel <704>,33
63 Jahre,Kufstein <705>,44
63 Jahre,Landeck <706>,9
63 Jahre,Lienz <707>,14
63 Jahre,Reutte <708>,11
63 Jahre,Schwaz <709>,23
63 Jahre,Bludenz <801>,36
63 Jahre,Bregenz <802>,56
63 Jahre,Dornbirn <803>,42
63 Jahre,Feldkirch <804>,34
63 Jahre,"Wien 1.Bezirk, Innere Stadt <901>",19
63 Jahre,"Wien 2.Bezirk, Leopoldstadt <902>",50
63 Jahre,"Wien 3.Bezirk, Landstraße <903>",50
63 Jahre,"Wien 4.Bezirk, Wieden <904>",20
63 Jahre,"Wien 5.Bezirk, Margareten <905>",32
63 Jahre,"Wien 6.Bezirk, Mariahilf <906>",13
63 Jahre,"Wien 7.Bezirk, Neubau <907>",12
63 Jahre,"Wien 8.Bezirk, Josefstadt <908>",12
63 Jahre,"Wien 9.Bezirk, Alsergrund <909>",17
63 Jahre,"Wien 10.Bezirk, Favoriten <910>",132
63 Jahre,"Wien 11.Bezirk, Simmering <911>",42
63 Jahre,"Wien 12.Bezirk, Meidling <912>",48
63 Jahre,"Wien 13.Bezirk, Hietzing <913>",33
63 Jahre,"Wien 14.Bezirk, Penzing <914>",53
63 Jahre,"Wien 15.Bezirk, Rudolfsheim-Fünfhaus <915>",42
63 Jahre,"Wien 16.Bezirk, Ottakring <916>",45
63 Jahre,"Wien 17.Bezirk, Hernals <917>",31
63 Jahre,"Wien 18.Bezirk, Währing <918>",22
63 Jahre,"Wien 19.Bezirk, Döbling <919>",36
63 Jahre,"Wien 20.Bezirk, Brigittenau <920>",44
63 Jahre,"Wien 21.Bezirk, Floridsdorf <921>",83
63 Jahre,"Wien 22.Bezirk, Donaustadt <922>",84
63 Jahre,"Wien 23.Bezirk, Liesing <923>",51
64 Jahre,Innsbruck (Stadt) <701>,64
64 Jahre,Imst <702>,20
64 Jahre,Innsbruck Land <703>,47
64 Jahre,Kitzbühel <704>,26
64 Jahre,Kufstein <705>,45
64 Jahre,Landeck <706>,6
64 Jahre,Lienz <707>,7
64 Jahre,Reutte <708>,8
64 Jahre,Schwaz <709>,21
64 Jahre,Bludenz <801>,35
64 Jahre,Bregenz <802>,67
64 Jahre,Dornbirn <803>,40
64 Jahre,Feldkirch <804>,24
64 Jahre,"Wien 1.Bezirk, Innere Stadt <901>",11
64 Jahre,"Wien 2.Bezirk, Leopoldstadt <902>",30
64 Jahre,"Wien 3.Bezirk, Landstraße <903>",49
64 Jahre,"Wien 4.Bezirk, Wieden <904>",16
64 Jahre,"Wien 5.Bezirk, Margareten <905>",18
64 Jahre,"Wien 6.Bezirk, Mariahilf <906>",9
64 Jahre,"Wien 7.Bezirk, Neubau <907>",13
64 Jahre,"Wien 8.Bezirk, Josefstadt <908>",14
64 Jahre,"Wien 9.Bezirk, Alsergrund <909>",13
64 Jahre,"Wien 10.Bezirk, Favoriten <910>",96
64 Jahre,"Wien 11.Bezirk, Simmering <911>",38
64 Jahre,"Wien 12.Bezirk, Meidling <912>",42
64 Jahre,"Wien 13.Bezirk, Hietzing <913>",31
64 Jahre,"Wien 14.Bezirk, Penzing <914>",43
64 Jahre,"Wien 15.Bezirk, Rudolfsheim-Fünfhaus <915>",41
64 Jahre,"Wien 16.Bezirk, Ottakring <916>",45
64 Jahre,"Wien 17.Bezirk, Hernals <917>",27
64 Jahre,"Wien 18.Bezirk, Währing <918>",27
64 Jahre,"Wien 19.Bezirk, Döbling <919>",36
64 Jahre,"Wien 20.Bezirk, Brigittenau <920>",45
64 Jahre,"Wien 21.Bezirk, Floridsdorf <921>",57
64 Jahre,"Wien 22.Bezirk, Donaustadt <922>",74
64 Jahre,"Wien 23.Bezirk, Liesing <923>",47
65 Jahre,Innsbruck (Stadt) <701>,54
65 Jahre,Imst <702>,22
65 Jahre,Innsbruck Land <703>,70
65 Jahre,Kitzbühel <704>,26
65 Jahre,Kufstein <705>,35
65 Jahre,Landeck <706>,7
65 Jahre,Lienz <707>,14
65 Jahre,Reutte <708>,12
65 Jahre,Schwaz <709>,33
65 Jahre,Bludenz <801>,26
65 Jahre,Bregenz <802>,70
65 Jahre,Dornbirn <803>,34
65 Jahre,Feldkirch <804>,37
65 Jahre,"Wien 1.Bezirk, Innere Stadt <901>",17
65 Jahre,"Wien 2.Bezirk, Leopoldstadt <902>",49
65 Jahre,"Wien 3.Bezirk, Landstraße <903>",31
65 Jahre,"Wien 4.Bezirk, Wieden <904>",31
65 Jahre,"Wien 5.Bezirk, Margareten <905>",38
65 Jahre,"Wien 6.Bezirk, Mariahilf <906>",15
65 Jahre,"Wien 7.Bezirk, Neubau <907>",12
65 Jahre,"Wien 8.Bezirk, Josefstadt <908>",15
65 Jahre,"Wien 9.Bezirk, Alsergrund <909>",15
65 Jahre,"Wien 10.Bezirk, Favoriten <910>",92
65 Jahre,"Wien 11.Bezirk, Simmering <911>",39
65 Jahre,"Wien 12.Bezirk, Meidling <912>",54
65 Jahre,"Wien 13.Bezirk, Hietzing <913>",26
65 Jahre,"Wien 14.Bezirk, Penzing <914>",45
65 Jahre,"Wien 15.Bezirk, Rudolfsheim-Fünfhaus <915>",53
65 Jahre,"Wien 16.Bezirk, Ottakring <916>",42
65 Jahre,"Wien 17.Bezirk, Hernals <917>",17
65 Jahre,"Wien 18.Bezirk, Währing <918>",20
65 Jahre,"Wien 19.Bezirk, Döbling <919>",40
65 Jahre,"Wien 20.Bezirk, Brigittenau <920>",35
65 Jahre,"Wien 21.Bezirk, Floridsdorf <921>",61
65 Jahre,"Wien 22.Bezirk, Donaustadt <922>",76
65 Jahre,"Wien 23.Bezirk, Liesing <923>",35
66 Jahre,Innsbruck (Stadt) <701>,32
66 Jahre,Imst <702>,19
66 Jahre,Innsbruck Land <703>,54
66 Jahre,Kitzbühel <704>,34
66 Jahre,Kufstein <705>,30
66 Jahre,Landeck <706>,8
66 Jahre,Lienz <707>,8
66 Jahre,Reutte <708>,15
66 Jahre,Schwaz <709>,29
66 Jahre,Bludenz <801>,26
66 Jahre,Bregenz <802>,56
66 Jahre,Dornbirn <803>,34
66 Jahre,Feldkirch <804>,32
66 Jahre,"Wien 1.Bezirk, Innere Stadt <901>",17
66 Jahre,"Wien 2.Bezirk, Leopoldstadt <902>",44
66 Jahre,"Wien 3.Bezirk, Landstraße <903>",46
66 Jahre,"Wien 4.Bezirk, Wieden <904>",24
66 Jahre,"Wien 5.Bezirk, Margareten <905>",26
66 Jahre,"Wien 6.Bezirk, Mariahilf <906>",17
66 Jahre,"Wien 7.Bezirk, Neubau <907>",14
66 Jahre,"Wien 8.Bezirk, Josefstadt <908>",10
66 Jahre,"Wien 9.Bezirk, Alsergrund <909>",16
66 Jahre,"Wien 10.Bezirk, Favoriten <910>",81
66 Jahre,"Wien 11.Bezirk, Simmering <911>",31
66 Jahre,"Wien 12.Bezirk, Meidling <912>",42
66 Jahre,"Wien 13.Bezirk, Hietzing <913>",20
66 Jahre,"Wien 14.Bezirk, Penzing <914>",31
66 Jahre,"Wien 15.Bezirk, Rudolfsheim-Fünfhaus <915>",23
66 Jahre,"Wien 16.Bezirk, Ottakring <916>",38
66 Jahre,"Wien 17.Bezirk, Hernals <917>",20
66 Jahre,"Wien 18.Bezirk, Währing <918>",24
66 Jahre,"Wien 19.Bezirk, Döbling <919>",29
66 Jahre,"Wien 20.Bezirk, Brigittenau <920>",35
66 Jahre,"Wien 21.Bezirk, Floridsdorf <921>",65
66 Jahre,"Wien 22.Bezirk, Donaustadt <922>",60
66 Jahre,"Wien 23.Bezirk, Liesing <923>",27
67 Jahre,Innsbruck (Stadt) <701>,42
67 Jahre,Imst <702>,10
67 Jahre,Innsbruck Land <703>,43
67 Jahre,Kitzbühel <704>,26
67 Jahre,Kufstein <705>,29
67 Jahre,Landeck <706>,9
67 Jahre,Lienz <707>,7
67 Jahre,Reutte <708>,9
67 Jahre,Schwaz <709>,24
67 Jahre,Bludenz <801>,19
67 Jahre,Bregenz <802>,58
67 Jahre,Dornbirn <803>,19
67 Jahre,Feldkirch <804>,30
67 Jahre,"Wien 1.Bezirk, Innere Stadt <901>",15
67 Jahre,"Wien 2.Bezirk, Leopoldstadt <902>",28
67 Jahre,"Wien 3.Bezirk, Landstraße <903>",35
67 Jahre,"Wien 4.Bezirk, Wieden <904>",29
67 Jahre,"Wien 5.Bezirk, Margareten <905>",17
67 Jahre,"Wien 6.Bezirk, Mariahilf <906>",22
67 Jahre,"Wien 7.Bezirk, Neubau <907>",12
67 Jahre,"Wien 8.Bezirk, Josefstadt <908>",10
67 Jahre,"Wien 9.Bezirk, Alsergrund <909>",12
67 Jahre,"Wien 10.Bezirk, Favoriten <910>",72
67 Jahre,"Wien 11.Bezirk, Simmering <911>",34
67 Jahre,"Wien 12.Bezirk, Meidling <912>",23
67 Jahre,"Wien 13.Bezirk, Hietzing <913>",23
67 Jahre,"Wien 14.Bezirk, Penzing <914>",33
67 Jahre,"Wien 15.Bezirk, Rudolfsheim-Fünfhaus <915>",26
67 Jahre,"Wien 16.Bezirk, Ottakring <916>",26
67 Jahre,"Wien 17.Bezirk, Hernals <917>",21
67 Jahre,"Wien 18.Bezirk, Währing <918>",23
67 Jahre,"Wien 19.Bezirk, Döbling <919>",36
67 Jahre,"Wien 20.Bezirk, Brigittenau <920>",26
67 Jahre,"Wien 21.Bezirk, Floridsdorf <921>",45
67 Jahre,"Wien 22.Bezirk, Donaustadt <922>",48
67 Jahre,"Wien 23.Bezirk, Liesing <923>",28
68 Jahre,Innsbruck (Stadt) <701>,28
68 Jahre,Imst <702>,18
68 Jahre,Innsbruck Land <703>,34
68 Jahre,Kitzbühel <704>,16
68 Jahre,Kufstein <705>,26
68 Jahre,Landeck <706>,7
68 Jahre,Lienz <707>,9
68 Jahre,Reutte <708>,4
68 Jahre,Schwaz <709>,20
68 Jahre,Bludenz <801>,31
68 Jahre,Bregenz <802>,49
68 Jahre,Dornbirn <803>,20
68 Jahre,Feldkirch <804>,23
68 Jahre,"Wien 1.Bezirk, Innere Stadt <901>",14
68 Jahre,"Wien 2.Bezirk, Leopoldstadt <902>",32
68 Jahre,"Wien 3.Bezirk, Landstraße <903>",30
68 Jahre,"Wien 4.Bezirk, Wieden <904>",11
68 Jahre,"Wien 5.Bezirk, Margareten <905>",12
68 Jahre,"Wien 6.Bezirk, Mariahilf <906>",5
68 Jahre,"Wien 7.Bezirk, Neubau <907>",11
68 Jahre,"Wien 8.Bezirk, Josefstadt <908>",9
68 Jahre,"Wien 9.Bezirk, Alsergrund <909>",11
68 Jahre,"Wien 10.Bezirk, Favoriten <910>",72
68 Jahre,"Wien 11.Bezirk, Simmering <911>",29
68 Jahre,"Wien 12.Bezirk, Meidling <912>",27
68 Jahre,"Wien 13.Bezirk, Hietzing <913>",24
68 Jahre,"Wien 14.Bezirk, Penzing <914>",22
68 Jahre,"Wien 15.Bezirk, Rudolfsheim-Fünfhaus <915>",31
68 Jahre,"Wien 16.Bezirk, Ottakring <916>",31
68 Jahre,"Wien 17.Bezirk, Hernals <917>",15
68 Jahre,"Wien 18.Bezirk, Währing <918>",11
68 Jahre,"Wien 19.Bezirk, Döbling <919>",32
68 Jahre,"Wien 20.Bezirk, Brigittenau <920>",26
68 Jahre,"Wien 21.Bezirk, Floridsdorf <921>",45
68 Jahre,"Wien 22.Bezirk, Donaustadt <922>",50
68 Jahre,"Wien 23.Bezirk, Liesing <923>",26
69 Jahre,Innsbruck (Stadt) <701>,31
69 Jahre,Imst <702>,10
69 Jahre,Innsbruck Land <703>,38
69 Jahre,Kitzbühel <704>,17
69 Jahre,Kufstein <705>,25
69 Jahre,Landeck <706>,6
69 Jahre,Lienz <707>,16
69 Jahre,Reutte <708>,7
69 Jahre,Schwaz <709>,22
69 Jahre,Bludenz <801>,18
69 Jahre,Bregenz <802>,35
69 Jahre,Dornbirn <803>,32
69 Jahre,Feldkirch <804>,32
69 Jahre,"Wien 1.Bezirk, Innere Stadt <901>",21
69 Jahre,"Wien 2.Bezirk, Leopoldstadt <902>",28
69 Jahre,"Wien 3.Bezirk, Landstraße <903>",30
69 Jahre,"Wien 4.Bezirk, Wieden <904>",9
69 Jahre,"Wien 5.Bezirk, Margareten <905>",20
69 Jahre,"Wien 6.Bezirk, Mariahilf <906>",10
69 Jahre,"Wien 7.Bezirk, Neubau <907>",13
69 Jahre,"Wien 8.Bezirk, Josefstadt <908>",12
69 Jahre,"Wien 9.Bezirk, Alsergrund <909>",11
69 Jahre,"Wien 10.Bezirk, Favoriten <910>",65
69 Jahre,"Wien 11.Bezirk, Simmering <911>",33
69 Jahre,"Wien 12.Bezirk, Meidling <912>",29
69 Jahre,"Wien 13.Bezirk, Hietzing <913>",10
69 Jahre,"Wien 14.Bezirk, Penzing <914>",23
69 Jahre,"Wien 15.Bezirk, Rudolfsheim-Fünfhaus <915>",20
69 Jahre,"Wien 16.Bezirk, Ottakring <916>",30
69 Jahre,"Wien 17.Bezirk, Hernals <917>",17
69 Jahre,"Wien 18.Bezirk, Währing <918>",16
69 Jahre,"Wien 19.Bezirk, Döbling <919>",27
69 Jahre,"Wien 20.Bezirk, Brigittenau <920>",31
69 Jahre,"Wien 21.Bezirk, Floridsdorf <921>",48
69 Jahre,"Wien 22.Bezirk, Donaustadt <922>",47
69 Jahre,"Wien 23.Bezirk, Liesing <923>",29
70 Jahre,Innsbruck (Stadt) <701>,32
70 Jahre,Imst <702>,13
70 Jahre,Innsbruck Land <703>,35
70 Jahre,Kitzbühel <704>,13
70 Jahre,Kufstein <705>,18
70 Jahre,Landeck <706>,5
70 Jahre,Lienz <707>,4
70 Jahre,Reutte <708>,5
70 Jahre,Schwaz <709>,22
70 Jahre,Bludenz <801>,11
70 Jahre,Bregenz <802>,32
70 Jahre,Dornbirn <803>,22
70 Jahre,Feldkirch <804>,19
70 Jahre,"Wien 1.Bezirk, Innere Stadt <901>",5
70 Jahre,"Wien 2.Bezirk, Leopoldstadt <902>",18
70 Jahre,"Wien 3.Bezirk, Landstraße <903>",28
70 Jahre,"Wien 4.Bezirk, Wieden <904>",11
70 Jahre,"Wien 5.Bezirk, Margareten <905>",13
70 Jahre,"Wien 6.Bezirk, Mariahilf <906>",10
70 Jahre,"Wien 7.Bezirk, Neubau <907>",7
70 Jahre,"Wien 8.Bezirk, Josefstadt <908>",5
70 Jahre,"Wien 9.Bezirk, Alsergrund <909>",10
70 Jahre,"Wien 10.Bezirk, Favoriten <910>",51
70 Jahre,"Wien 11.Bezirk, Simmering <911>",20
70 Jahre,"Wien 12.Bezirk, Meidling <912>",23
70 Jahre,"Wien 13.Bezirk, Hietzing <913>",19
70 Jahre,"Wien 14.Bezirk, Penzing <914>",25
70 Jahre,"Wien 15.Bezirk, Rudolfsheim-Fünfhaus <915>",11
70 Jahre,"Wien 16.Bezirk, Ottakring <916>",36
70 Jahre,"Wien 17.Bezirk, Hernals <917>",11
70 Jahre,"Wien 18.Bezirk, Währing <918>",14
70 Jahre,"Wien 19.Bezirk, Döbling <919>",16
70 Jahre,"Wien 20.Bezirk, Brigittenau <920>",26
70 Jahre,"Wien 21.Bezirk, Floridsdorf <921>",35
70 Jahre,"Wien 22.Bezirk, Donaustadt <922>",42
70 Jahre,"Wien 23.Bezirk, Liesing <923>",14
71 Jahre,Innsbruck (Stadt) <701>,38
71 Jahre,Imst <702>,14
71 Jahre,Innsbruck Land <703>,23
71 Jahre,Kitzbühel <704>,12
71 Jahre,Kufstein <705>,14
71 Jahre,Landeck <706>,1
71 Jahre,Lienz <707>,6
71 Jahre,Reutte <708>,4
71 Jahre,Schwaz <709>,22
71 Jahre,Bludenz <801>,19
71 Jahre,Bregenz <802>,25
71 Jahre,Dornbirn <803>,23
71 Jahre,Feldkirch <804>,21
71 Jahre,"Wien 1.Bezirk, Innere Stadt <901>",7
71 Jahre,"Wien 2.Bezirk, Leopoldstadt <902>",25
71 Jahre,"Wien 3.Bezirk, Landstraße <903>",24
71 Jahre,"Wien 4.Bezirk, Wieden <904>",9
71 Jahre,"Wien 5.Bezirk, Margareten <905>",15
71 Jahre,"Wien 6.Bezirk, Mariahilf <906>",7
71 Jahre,"Wien 7.Bezirk, Neubau <907>",9
71 Jahre,"Wien 8.Bezirk, Josefstadt <908>",6
71 Jahre,"Wien 9.Bezirk, Alsergrund <909>",9
71 Jahre,"Wien 10.Bezirk, Favoriten <910>",45
71 Jahre,"Wien 11.Bezirk, Simmering <911>",12
71 Jahre,"Wien 12.Bezirk, Meidling <912>",20
71 Jahre,"Wien 13.Bezirk, Hietzing <913>",15
71 Jahre,"Wien 14.Bezirk, Penzing <914>",23
71 Jahre,"Wien 15.Bezirk, Rudolfsheim-Fünfhaus <915>",16
71 Jahre,"Wien 16.Bezirk, Ottakring <916>",23
71 Jahre,"Wien 17.Bezirk, Hernals <917>",14
71 Jahre,"Wien 18.Bezirk, Währing <918>",18
71 Jahre,"Wien 19.Bezirk, Döbling <919>",13
71 Jahre,"Wien 20.Bezirk, Brigittenau <920>",15
71 Jahre,"Wien 21.Bezirk, Floridsdorf <921>",33
71 Jahre,"Wien 22.Bezirk, Donaustadt <922>",31
71 Jahre,"Wien 23.Bezirk, Liesing <923>",24
72 Jahre,Innsbruck (Stadt) <701>,36
72 Jahre,Imst <702>,9
72 Jahre,Innsbruck Land <703>,24
72 Jahre,Kitzbühel <704>,11
72 Jahre,Kufstein <705>,22
72 Jahre,Landeck <706>,6
72 Jahre,Lienz <707>,6
72 Jahre,Reutte <708>,2
72 Jahre,Schwaz <709>,17
72 Jahre,Bludenz <801>,13
72 Jahre,Bregenz <802>,25
72 Jahre,Dornbirn <803>,13
72 Jahre,Feldkirch <804>,27
72 Jahre,"Wien 1.Bezirk, Innere Stadt <901>",7
72 Jahre,"Wien 2.Bezirk, Leopoldstadt <902>",18
72 Jahre,"Wien 3.Bezirk, Landstraße <903>",23
72 Jahre,"Wien 4.Bezirk, Wieden <904>",14
72 Jahre,"Wien 5.Bezirk, Margareten <905>",10
72 Jahre,"Wien 6.Bezirk, Mariahilf <906>",8
72 Jahre,"Wien 7.Bezirk, Neubau <907>",8
72 Jahre,"Wien 8.Bezirk, Josefstadt <908>",7
72 Jahre,"Wien 9.Bezirk, Alsergrund <909>",11
72 Jahre,"Wien 10.Bezirk, Favoriten <910>",37
72 Jahre,"Wien 11.Bezirk, Simmering <911>",21
72 Jahre,"Wien 12.Bezirk, Meidling <912>",16
72 Jahre,"Wien 13.Bezirk, Hietzing <913>",13
72 Jahre,"Wien 14.Bezirk, Penzing <914>",34
72 Jahre,"Wien 15.Bezirk, Rudolfsheim-Fünfhaus <915>",14
72 Jahre,"Wien 16.Bezirk, Ottakring <916>",14
72 Jahre,"Wien 17.Bezirk, Hernals <917>",17
72 Jahre,"Wien 18.Bezirk, Währing <918>",14
72 Jahre,"Wien 19.Bezirk, Döbling <919>",7
72 Jahre,"Wien 20.Bezirk, Brigittenau <920>",22
72 Jahre,"Wien 21.Bezirk, Floridsdorf <921>",26
72 Jahre,"Wien 22.Bezirk, Donaustadt <922>",42
72 Jahre,"Wien 23.Bezirk, Liesing <923>",16
73 Jahre,Innsbruck (Stadt) <701>,20
73 Jahre,Imst <702>,9
73 Jahre,Innsbruck Land <703>,26
73 Jahre,Kitzbühel <704>,11
73 Jahre,Kufstein <705>,28
73 Jahre,Landeck <706>,4
73 Jahre,Lienz <707>,7
73 Jahre,Reutte <708>,6
73 Jahre,Schwaz <709>,18
73 Jahre,Bludenz <801>,14
73 Jahre,Bregenz <802>,29
73 Jahre,Dornbirn <803>,20
73 Jahre,Feldkirch <804>,19
73 Jahre,"Wien 1.Bezirk, Innere Stadt <901>",9
73 Jahre,"Wien 2.Bezirk, Leopoldstadt <902>",16
73 Jahre,"Wien 3.Bezirk, Landstraße <903>",19
73 Jahre,"Wien 4.Bezirk, Wieden <904>",10
73 Jahre,"Wien 5.Bezirk, Margareten <905>",19
73 Jahre,"Wien 6.Bezirk, Mariahilf <906>",2
73 Jahre,"Wien 7.Bezirk, Neubau <907>",4
73 Jahre,"Wien 8.Bezirk, Josefstadt <908>",5
73 Jahre,"Wien 9.Bezirk, Alsergrund <909>",7
73 Jahre,"Wien 10.Bezirk, Favoriten <910>",27
73 Jahre,"Wien 11.Bezirk, Simmering <911>",9
73 Jahre,"Wien 12.Bezirk, Meidling <912>",11
73 Jahre,"Wien 13.Bezirk, Hietzing <913>",12
73 Jahre,"Wien 14.Bezirk, Penzing <914>",19
73 Jahre,"Wien 15.Bezirk, Rudolfsheim-Fünfhaus <915>",18
73 Jahre,"Wien 16.Bezirk, Ottakring <916>",17
73 Jahre,"Wien 17.Bezirk, Hernals <917>",15
73 Jahre,"Wien 18.Bezirk, Währing <918>",18
73 Jahre,"Wien 19.Bezirk, Döbling <919>",17
73 Jahre,"Wien 20.Bezirk, Brigittenau <920>",18
73 Jahre,"Wien 21.Bezirk, Floridsdorf <921>",26
73 Jahre,"Wien 22.Bezirk, Donaustadt <922>",27
73 Jahre,"Wien 23.Bezirk, Liesing <923>",12
74 Jahre,Innsbruck (Stadt) <701>,25
74 Jahre,Imst <702>,11
74 Jahre,Innsbruck Land <703>,30
74 Jahre,Kitzbühel <704>,10
74 Jahre,Kufstein <705>,16
74 Jahre,Landeck <706>,2
74 Jahre,Lienz <707>,8
74 Jahre,Reutte <708>,5
74 Jahre,Schwaz <709>,12
74 Jahre,Bludenz <801>,7
74 Jahre,Bregenz <802>,32
74 Jahre,Dornbirn <803>,14
74 Jahre,Feldkirch <804>,18
74 Jahre,"Wien 1.Bezirk, Innere Stadt <901>",13
74 Jahre,"Wien 2.Bezirk, Leopoldstadt <902>",13
74 Jahre,"Wien 3.Bezirk, Landstraße <903>",20
74 Jahre,"Wien 4.Bezirk, Wieden <904>",9
74 Jahre,"Wien 5.Bezirk, Margareten <905>",11
74 Jahre,"Wien 6.Bezirk, Mariahilf <906>",5
74 Jahre,"Wien 7.Bezirk, Neubau <907>",7
74 Jahre,"Wien 8.Bezirk, Josefstadt <908>",4
74 Jahre,"Wien 9.Bezirk, Alsergrund <909>",7
74 Jahre,"Wien 10.Bezirk, Favoriten <910>",43
74 Jahre,"Wien 11.Bezirk, Simmering <911>",9
74 Jahre,"Wien 12.Bezirk, Meidling <912>",27
74 Jahre,"Wien 13.Bezirk, Hietzing <913>",14
74 Jahre,"Wien 14.Bezirk, Penzing <914>",11
74 Jahre,"Wien 15.Bezirk, Rudolfsheim-Fünfhaus <915>",14
74 Jahre,"Wien 16.Bezirk, Ottakring <916>",13
74 Jahre,"Wien 17.Bezirk, Hernals <917>",10
74 Jahre,"Wien 18.Bezirk, Währing <918>",19
74 Jahre,"Wien 19.Bezirk, Döbling <919>",16
74 Jahre,"Wien 20.Bezirk, Brigittenau <920>",21
74 Jahre,"Wien 21.Bezirk, Floridsdorf <921>",29
74 Jahre,"Wien 22.Bezirk, Donaustadt <922>",30
74 Jahre,"Wien 23.Bezirk, Liesing <923>",20
75 Jahre,Innsbruck (Stadt) <701>,16
75 Jahre,Imst <702>,12
75 Jahre,Innsbruck Land <703>,24
75 Jahre,Kitzbühel <704>,11
75 Jahre,Kufstein <705>,22
75 Jahre,Landeck <706>,7
75 Jahre,Lienz <707>,3
75 Jahre,Reutte <708>,3
75 Jahre,Schwaz <709>,12
75 Jahre,Bludenz <801>,7
75 Jahre,Bregenz <802>,25
75 Jahre,Dornbirn <803>,13
75 Jahre,Feldkirch <804>,14
75 Jahre,"Wien 1.Bezirk, Innere Stadt <901>",9
75 Jahre,"Wien 2.Bezirk, Leopoldstadt <902>",22
75 Jahre,"Wien 3.Bezirk, Landstraße <903>",20
75 Jahre,"Wien 4.Bezirk, Wieden <904>",12
75 Jahre,"Wien 5.Bezirk, Margareten <905>",14
75 Jahre,"Wien 6.Bezirk, Mariahilf <906>",5
75 Jahre,"Wien 7.Bezirk, Neubau <907>",10
75 Jahre,"Wien 8.Bezirk, Josefstadt <908>",5
75 Jahre,"Wien 9.Bezirk, Alsergrund <909>",7
75 Jahre,"Wien 10.Bezirk, Favoriten <910>",46
75 Jahre,"Wien 11.Bezirk, Simmering <911>",20
75 Jahre,"Wien 12.Bezirk, Meidling <912>",19
75 Jahre,"Wien 13.Bezirk, Hietzing <913>",12
75 Jahre,"Wien 14.Bezirk, Penzing <914>",17
75 Jahre,"Wien 15.Bezirk, Rudolfsheim-Fünfhaus <915>",14
75 Jahre,"Wien 16.Bezirk, Ottakring <916>",14
75 Jahre,"Wien 17.Bezirk, Hernals <917>",12
75 Jahre,"Wien 18.Bezirk, Währing <918>",5
75 Jahre,"Wien 19.Bezirk, Döbling <919>",14
75 Jahre,"Wien 20.Bezirk, Brigittenau <920>",15
75 Jahre,"Wien 21.Bezirk, Floridsdorf <921>",21
75 Jahre,"Wien 22.Bezirk, Donaustadt <922>",31
75 Jahre,"Wien 23.Bezirk, Liesing <923>",16
76 Jahre,Innsbruck (Stadt) <701>,28
76 Jahre,Imst <702>,5
76 Jahre,Innsbruck Land <703>,22
76 Jahre,Kitzbühel <704>,12
76 Jahre,Kufstein <705>,20
76 Jahre,Landeck <706>,5
76 Jahre,Lienz <707>,9
76 Jahre,Reutte <708>,6
76 Jahre,Schwaz <709>,11
76 Jahre,Bludenz <801>,17
76 Jahre,Bregenz <802>,26
76 Jahre,Dornbirn <803>,18
76 Jahre,Feldkirch <804>,15
76 Jahre,"Wien 1.Bezirk, Innere Stadt <901>",6
76 Jahre,"Wien 2.Bezirk, Leopoldstadt <902>",17
76 Jahre,"Wien 3.Bezirk, Landstraße <903>",17
76 Jahre,"Wien 4.Bezirk, Wieden <904>",7
76 Jahre,"Wien 5.Bezirk, Margareten <905>",9
76 Jahre,"Wien 6.Bezirk, Mariahilf <906>",6
76 Jahre,"Wien 7.Bezirk, Neubau <907>",4
76 Jahre,"Wien 8.Bezirk, Josefstadt <908>",4
76 Jahre,"Wien 9.Bezirk, Alsergrund <909>",6
76 Jahre,"Wien 10.Bezirk, Favoriten <910>",41
76 Jahre,"Wien 11.Bezirk, Simmering <911>",23
76 Jahre,"Wien 12.Bezirk, Meidling <912>",25
76 Jahre,"Wien 13.Bezirk, Hietzing <913>",8
76 Jahre,"Wien 14.Bezirk, Penzing <914>",23
76 Jahre,"Wien 15.Bezirk, Rudolfsheim-Fünfhaus <915>",15
76 Jahre,"Wien 16.Bezirk, Ottakring <916>",19
76 Jahre,"Wien 17.Bezirk, Hernals <917>",11
76 Jahre,"Wien 18.Bezirk, Währing <918>",10
76 Jahre,"Wien 19.Bezirk, Döbling <919>",13
76 Jahre,"Wien 20.Bezirk, Brigittenau <920>",10
76 Jahre,"Wien 21.Bezirk, Floridsdorf <921>",20
76 Jahre,"Wien 22.Bezirk, Donaustadt <922>",43
76 Jahre,"Wien 23.Bezirk, Liesing <923>",13
77 Jahre,Innsbruck (Stadt) <701>,30
77 Jahre,Imst <702>,9
77 Jahre,Innsbruck Land <703>,25
77 Jahre,Kitzbühel <704>,15
77 Jahre,Kufstein <705>,16
77 Jahre,Landeck <706>,4
77 Jahre,Lienz <707>,7
77 Jahre,Reutte <708>,2
77 Jahre,Schwaz <709>,17
77 Jahre,Bludenz <801>,11
77 Jahre,Bregenz <802>,32
77 Jahre,Dornbirn <803>,12
77 Jahre,Feldkirch <804>,19
77 Jahre,"Wien 1.Bezirk, Innere Stadt <901>",3
77 Jahre,"Wien 2.Bezirk, Leopoldstadt <902>",15
77 Jahre,"Wien 3.Bezirk, Landstraße <903>",12
77 Jahre,"Wien 4.Bezirk, Wieden <904>",2
77 Jahre,"Wien 5.Bezirk, Margareten <905>",5
77 Jahre,"Wien 6.Bezirk, Mariahilf <906>",4
77 Jahre,"Wien 7.Bezirk, Neubau <907>",6
77 Jahre,"Wien 8.Bezirk, Josefstadt <908>",3
77 Jahre,"Wien 9.Bezirk, Alsergrund <909>",5
77 Jahre,"Wien 10.Bezirk, Favoriten <910>",38
77 Jahre,"Wien 11.Bezirk, Simmering <911>",18
77 Jahre,"Wien 12.Bezirk, Meidling <912>",27
77 Jahre,"Wien 13.Bezirk, Hietzing <913>",14
77 Jahre,"Wien 14.Bezirk, Penzing <914>",17
77 Jahre,"Wien 15.Bezirk, Rudolfsheim-Fünfhaus <915>",10
77 Jahre,"Wien 16.Bezirk, Ottakring <916>",13
77 Jahre,"Wien 17.Bezirk, Hernals <917>",9
77 Jahre,"Wien 18.Bezirk, Währing <918>",10
77 Jahre,"Wien 19.Bezirk, Döbling <919>",23
77 Jahre,"Wien 20.Bezirk, Brigittenau <920>",14
77 Jahre,"Wien 21.Bezirk, Floridsdorf <921>",31
77 Jahre,"Wien 22.Bezirk, Donaustadt <922>",30
77 Jahre,"Wien 23.Bezirk, Liesing <923>",17
78 Jahre,Innsbruck (Stadt) <701>,24
78 Jahre,Imst <702>,11
78 Jahre,Innsbruck Land <703>,40
78 Jahre,Kitzbühel <704>,19
78 Jahre,Kufstein <705>,14
78 Jahre,Landeck <706>,5
78 Jahre,Lienz <707>,10
78 Jahre,Reutte <708>,3
78 Jahre,Schwaz <709>,14
78 Jahre,Bludenz <801>,6
78 Jahre,Bregenz <802>,26
78 Jahre,Dornbirn <803>,18
78 Jahre,Feldkirch <804>,23
78 Jahre,"Wien 1.Bezirk, Innere Stadt <901>",8
78 Jahre,"Wien 2.Bezirk, Leopoldstadt <902>",16
78 Jahre,"Wien 3.Bezirk, Landstraße <903>",15
78 Jahre,"Wien 4.Bezirk, Wieden <904>",4
78 Jahre,"Wien 5.Bezirk, Margareten <905>",6
78 Jahre,"Wien 6.Bezirk, Mariahilf <906>",6
78 Jahre,"Wien 7.Bezirk, Neubau <907>",5
78 Jahre,"Wien 8.Bezirk, Josefstadt <908>",4
78 Jahre,"Wien 9.Bezirk, Alsergrund <909>",7
78 Jahre,"Wien 10.Bezirk, Favoriten <910>",48
78 Jahre,"Wien 11.Bezirk, Simmering <911>",19
78 Jahre,"Wien 12.Bezirk, Meidling <912>",17
78 Jahre,"Wien 13.Bezirk, Hietzing <913>",10
78 Jahre,"Wien 14.Bezirk, Penzing <914>",14
78 Jahre,"Wien 15.Bezirk, Rudolfsheim-Fünfhaus <915>",14
78 Jahre,"Wien 16.Bezirk, Ottakring <916>",20
78 Jahre,"Wien 17.Bezirk, Hernals <917>",11
78 Jahre,"Wien 18.Bezirk, Währing <918>",12
78 Jahre,"Wien 19.Bezirk, Döbling <919>",17
78 Jahre,"Wien 20.Bezirk, Brigittenau <920>",15
78 Jahre,"Wien 21.Bezirk, Floridsdorf <921>",24
78 Jahre,"Wien 22.Bezirk, Donaustadt <922>",31
78 Jahre,"Wien 23.Bezirk, Liesing <923>",19
79 Jahre,Innsbruck (Stadt) <701>,27
79 Jahre,Imst <702>,6
79 Jahre,Innsbruck Land <703>,20
79 Jahre,Kitzbühel <704>,11
79 Jahre,Kufstein <705>,9
79 Jahre,Landeck <706>,3
79 Jahre,Lienz <707>,8
79 Jahre,Reutte <708>,2
79 Jahre,Schwaz <709>,8
79 Jahre,Bludenz <801>,12
79 Jahre,Bregenz <802>,24
79 Jahre,Dornbirn <803>,12
79 Jahre,Feldkirch <804>,15
79 Jahre,"Wien 1.Bezirk, Innere Stadt <901>",4
79 Jahre,"Wien 2.Bezirk, Leopoldstadt <902>",8
79 Jahre,"Wien 3.Bezirk, Landstraße <903>",14
79 Jahre,"Wien 4.Bezirk, Wieden <904>",8
79 Jahre,"Wien 5.Bezirk, Margareten <905>",8
79 Jahre,"Wien 6.Bezirk, Mariahilf <906>",2
79 Jahre,"Wien 7.Bezirk, Neubau <907>",5
79 Jahre,"Wien 8.Bezirk, Josefstadt <908>",3
79 Jahre,"Wien 9.Bezirk, Alsergrund <909>",5
79 Jahre,"Wien 10.Bezirk, Favoriten <910>",37
79 Jahre,"Wien 11.Bezirk, Simmering <911>",6
79 Jahre,"Wien 12.Bezirk, Meidling <912>",13
79 Jahre,"Wien 13.Bezirk, Hietzing <913>",5
79 Jahre,"Wien 14.Bezirk, Penzing <914>",11
79 Jahre,"Wien 15.Bezirk, Rudolfsheim-Fünfhaus <915>",11
79 Jahre,"Wien 16.Bezirk, Ottakring <916>",7
79 Jahre,"Wien 17.Bezirk, Hernals <917>",7
79 Jahre,"Wien 18.Bezirk, Währing <918>",11
79 Jahre,"Wien 19.Bezirk, Döbling <919>",20
79 Jahre,"Wien 20.Bezirk, Brigittenau <920>",13
79 Jahre,"Wien 21.Bezirk, Floridsdorf <921>",28
79 Jahre,"Wien 22.Bezirk, Donaustadt <922>",22
79 Jahre,"Wien 23.Bezirk, Liesing <923>",16
80 Jahre,Innsbruck (Stadt) <701>,20
80 Jahre,Imst <702>,7
80 Jahre,Innsbruck Land <703>,33
80 Jahre,Kitzbühel <704>,9
80 Jahre,Kufstein <705>,7
80 Jahre,Landeck <706>,3
80 Jahre,Lienz <707>,6
80 Jahre,Reutte <708>,7
80 Jahre,Schwaz <709>,9
80 Jahre,Bludenz <801>,14
80 Jahre,Bregenz <802>,25
80 Jahre,Dornbirn <803>,17
80 Jahre,Feldkirch <804>,14
80 Jahre,"Wien 1.Bezirk, Innere Stadt <901>",5
80 Jahre,"Wien 2.Bezirk, Leopoldstadt <902>",12
80 Jahre,"Wien 3.Bezirk, Landstraße <903>",16
80 Jahre,"Wien 4.Bezirk, Wieden <904>",6
80 Jahre,"Wien 5.Bezirk, Margareten <905>",10
80 Jahre,"Wien 6.Bezirk, Mariahilf <906>",3
80 Jahre,"Wien 7.Bezirk, Neubau <907>",4
80 Jahre,"Wien 8.Bezirk, Josefstadt <908>",4
80 Jahre,"Wien 9.Bezirk, Alsergrund <909>",9
80 Jahre,"Wien 10.Bezirk, Favoriten <910>",37
80 Jahre,"Wien 11.Bezirk, Simmering <911>",11
80 Jahre,"Wien 12.Bezirk, Meidling <912>",18
80 Jahre,"Wien 13.Bezirk, Hietzing <913>",12
80 Jahre,"Wien 14.Bezirk, Penzing <914>",17
80 Jahre,"Wien 15.Bezirk, Rudolfsheim-Fünfhaus <915>",13
80 Jahre,"Wien 16.Bezirk, Ottakring <916>",20
80 Jahre,"Wien 17.Bezirk, Hernals <917>",8
80 Jahre,"Wien 18.Bezirk, Währing <918>",9
80 Jahre,"Wien 19.Bezirk, Döbling <919>",21
80 Jahre,"Wien 20.Bezirk, Brigittenau <920>",16
80 Jahre,"Wien 21.Bezirk, Floridsdorf <921>",33
80 Jahre,"Wien 22.Bezirk, Donaustadt <922>",29
80 Jahre,"Wien 23.Bezirk, Liesing <923>",20
81 Jahre,Innsbruck (Stadt) <701>,40
81 Jahre,Imst <702>,6
81 Jahre,Innsbruck Land <703>,41
81 Jahre,Kitzbühel <704>,11
81 Jahre,Kufstein <705>,15
81 Jahre,Landeck <706>,6
81 Jahre,Lienz <707>,10
81 Jahre,Reutte <708>,4
81 Jahre,Schwaz <709>,12
81 Jahre,Bludenz <801>,9
81 Jahre,Bregenz <802>,23
81 Jahre,Dornbirn <803>,10
81 Jahre,Feldkirch <804>,19
81 Jahre,"Wien 1.Bezirk, Innere Stadt <901>",1
81 Jahre,"Wien 2.Bezirk, Leopoldstadt <902>",10
81 Jahre,"Wien 3.Bezirk, Landstraße <903>",18
81 Jahre,"Wien 4.Bezirk, Wieden <904>",5
81 Jahre,"Wien 5.Bezirk, Margareten <905>",6
81 Jahre,"Wien 6.Bezirk, Mariahilf <906>",7
81 Jahre,"Wien 7.Bezirk, Neubau <907>",10
81 Jahre,"Wien 8.Bezirk, Josefstadt <908>",5
81 Jahre,"Wien 9.Bezirk, Alsergrund <909>",9
81 Jahre,"Wien 10.Bezirk, Favoriten <910>",40
81 Jahre,"Wien 11.Bezirk, Simmering <911>",16
81 Jahre,"Wien 12.Bezirk, Meidling <912>",27
81 Jahre,"Wien 13.Bezirk, Hietzing <913>",8
81 Jahre,"Wien 14.Bezirk, Penzing <914>",22
81 Jahre,"Wien 15.Bezirk, Rudolfsheim-Fünfhaus <915>",5
81 Jahre,"Wien 16.Bezirk, Ottakring <916>",17
81 Jahre,"Wien 17.Bezirk, Hernals <917>",14
81 Jahre,"Wien 18.Bezirk, Währing <918>",8
81 Jahre,"Wien 19.Bezirk, Döbling <919>",26
81 Jahre,"Wien 20.Bezirk, Brigittenau <920>",17
81 Jahre,"Wien 21.Bezirk, Floridsdorf <921>",44
81 Jahre,"Wien 22.Bezirk, Donaustadt <922>",32
81 Jahre,"Wien 23.Bezirk, Liesing <923>",27
82 Jahre,Innsbruck (Stadt) <701>,34
82 Jahre,Imst <702>,7
82 Jahre,Innsbruck Land <703>,35
82 Jahre,Kitzbühel <704>,16
82 Jahre,Kufstein <705>,19
82 Jahre,Landeck <706>,3
82 Jahre,Lienz <707>,9
82 Jahre,Reutte <708>,6
82 Jahre,Schwaz <709>,15
82 Jahre,Bludenz <801>,5
82 Jahre,Bregenz <802>,36
82 Jahre,Dornbirn <803>,16
82 Jahre,Feldkirch <804>,10
82 Jahre,"Wien 1.Bezirk, Innere Stadt <901>",5
82 Jahre,"Wien 2.Bezirk, Leopoldstadt <902>",22
82 Jahre,"Wien 3.Bezirk, Landstraße <903>",15
82 Jahre,"Wien 4.Bezirk, Wieden <904>",3
82 Jahre,"Wien 5.Bezirk, Margareten <905>",5
82 Jahre,"Wien 6.Bezirk, Mariahilf <906>",6
82 Jahre,"Wien 7.Bezirk, Neubau <907>",6
82 Jahre,"Wien 8.Bezirk, Josefstadt <908>",8
82 Jahre,"Wien 9.Bezirk, Alsergrund <909>",8
82 Jahre,"Wien 10.Bezirk, Favoriten <910>",35
82 Jahre,"Wien 11.Bezirk, Simmering <911>",14
82 Jahre,"Wien 12.Bezirk, Meidling <912>",15
82 Jahre,"Wien 13.Bezirk, Hietzing <913>",13
82 Jahre,"Wien 14.Bezirk, Penzing <914>",17
82 Jahre,"Wien 15.Bezirk, Rudolfsheim-Fünfhaus <915>",12
82 Jahre,"Wien 16.Bezirk, Ottakring <916>",23
82 Jahre,"Wien 17.Bezirk, Hernals <917>",11
82 Jahre,"Wien 18.Bezirk, Währing <918>",9
82 Jahre,"Wien 19.Bezirk, Döbling <919>",20
82 Jahre,"Wien 20.Bezirk, Brigittenau <920>",13
82 Jahre,"Wien 21.Bezirk, Floridsdorf <921>",26
82 Jahre,"Wien 22.Bezirk, Donaustadt <922>",22
82 Jahre,"Wien 23.Bezirk, Liesing <923>",25
83 Jahre,Innsbruck (Stadt) <701>,41
83 Jahre,Imst <702>,13
83 Jahre,Innsbruck Land <703>,38
83 Jahre,Kitzbühel <704>,24
83 Jahre,Kufstein <705>,29
83 Jahre,Landeck <706>,8
83 Jahre,Lienz <707>,11
83 Jahre,Reutte <708>,8
83 Jahre,Schwaz <709>,20
83 Jahre,Bludenz <801>,14
83 Jahre,Bregenz <802>,26
83 Jahre,Dornbirn <803>,22
83 Jahre,Feldkirch <804>,17
83 Jahre,"Wien 1.Bezirk, Innere Stadt <901>",7
83 Jahre,"Wien 2.Bezirk, Leopoldstadt <902>",18
83 Jahre,"Wien 3.Bezirk, Landstraße <903>",24
83 Jahre,"Wien 4.Bezirk, Wieden <904>",4
83 Jahre,"Wien 5.Bezirk, Margareten <905>",8
83 Jahre,"Wien 6.Bezirk, Mariahilf <906>",3
83 Jahre,"Wien 7.Bezirk, Neubau <907>",5
83 Jahre,"Wien 8.Bezirk, Josefstadt <908>",5
83 Jahre,"Wien 9.Bezirk, Alsergrund <909>",10
83 Jahre,"Wien 10.Bezirk, Favoriten <910>",35
83 Jahre,"Wien 11.Bezirk, Simmering <911>",18
83 Jahre,"Wien 12.Bezirk, Meidling <912>",22
83 Jahre,"Wien 13.Bezirk, Hietzing <913>",15
83 Jahre,"Wien 14.Bezirk, Penzing <914>",23
83 Jahre,"Wien 15.Bezirk, Rudolfsheim-Fünfhaus <915>",11
83 Jahre,"Wien 16.Bezirk, Ottakring <916>",13
83 Jahre,"Wien 17.Bezirk, Hernals <917>",4
83 Jahre,"Wien 18.Bezirk, Währing <918>",14
83 Jahre,"Wien 19.Bezirk, Döbling <919>",16
83 Jahre,"Wien 20.Bezirk, Brigittenau <920>",8
83 Jahre,"Wien 21.Bezirk, Floridsdorf <921>",26
83 Jahre,"Wien 22.Bezirk, Donaustadt <922>",32
83 Jahre,"Wien 23.Bezirk, Liesing <923>",32
84 Jahre,Innsbruck (Stadt) <701>,42
84 Jahre,Imst <702>,6
84 Jahre,Innsbruck Land <703>,26
84 Jahre,Kitzbühel <704>,14
84 Jahre,Kufstein <705>,20
84 Jahre,Landeck <706>,3
84 Jahre,Lienz <707>,14
84 Jahre,Reutte <708>,5
84 Jahre,Schwaz <709>,20
84 Jahre,Bludenz <801>,10
84 Jahre,Bregenz <802>,29
84 Jahre,Dornbirn <803>,18
84 Jahre,Feldkirch <804>,16
84 Jahre,"Wien 1.Bezirk, Innere Stadt <901>",8
84 Jahre,"Wien 2.Bezirk, Leopoldstadt <902>",12
84 Jahre,"Wien 3.Bezirk, Landstraße <903>",13
84 Jahre,"Wien 4.Bezirk, Wieden <904>",12
84 Jahre,"Wien 5.Bezirk, Margareten <905>",12
84 Jahre,"Wien 6.Bezirk, Mariahilf <906>",5
84 Jahre,"Wien 7.Bezirk, Neubau <907>",5
84 Jahre,"Wien 8.Bezirk, Josefstadt <908>",3
84 Jahre,"Wien 9.Bezirk, Alsergrund <909>",6
84 Jahre,"Wien 10.Bezirk, Favoriten <910>",36
84 Jahre,"Wien 11.Bezirk, Simmering <911>",9
84 Jahre,"Wien 12.Bezirk, Meidling <912>",23
84 Jahre,"Wien 13.Bezirk, Hietzing <913>",16
84 Jahre,"Wien 14.Bezirk, Penzing <914>",19
84 Jahre,"Wien 15.Bezirk, Rudolfsheim-Fünfhaus <915>",17
84 Jahre,"Wien 16.Bezirk, Ottakring <916>",25
84 Jahre,"Wien 17.Bezirk, Hernals <917>",21
84 Jahre,"Wien 18.Bezirk, Währing <918>",14
84 Jahre,"Wien 19.Bezirk, Döbling <919>",14
84 Jahre,"Wien 20.Bezirk, Brigittenau <920>",22
84 Jahre,"Wien 21.Bezirk, Floridsdorf <921>",33
84 Jahre,"Wien 22.Bezirk, Donaustadt <922>",36
84 Jahre,"Wien 23.Bezirk, Liesing <923>",28
85 Jahre,Innsbruck (Stadt) <701>,49
85 Jahre,Imst <702>,15
85 Jahre,Innsbruck Land <703>,47
85 Jahre,Kitzbühel <704>,18
85 Jahre,Kufstein <705>,26
85 Jahre,Landeck <706>,5
85 Jahre,Lienz <707>,12
85 Jahre,Reutte <708>,8
85 Jahre,Schwaz <709>,22
85 Jahre,Bludenz <801>,19
85 Jahre,Bregenz <802>,33
85 Jahre,Dornbirn <803>,16
85 Jahre,Feldkirch <804>,15
85 Jahre,"Wien 1.Bezirk, Innere Stadt <901>",9
85 Jahre,"Wien 2.Bezirk, Leopoldstadt <902>",17
85 Jahre,"Wien 3.Bezirk, Landstraße <903>",16
85 Jahre,"Wien 4.Bezirk, Wieden <904>",5
85 Jahre,"Wien 5.Bezirk, Margareten <905>",8
85 Jahre,"Wien 6.Bezirk, Mariahilf <906>",5
85 Jahre,"Wien 7.Bezirk, Neubau <907>",4
85 Jahre,"Wien 8.Bezirk, Josefstadt <908>",5
85 Jahre,"Wien 9.Bezirk, Alsergrund <909>",6
85 Jahre,"Wien 10.Bezirk, Favoriten <910>",51
85 Jahre,"Wien 11.Bezirk, Simmering <911>",22
85 Jahre,"Wien 12.Bezirk, Meidling <912>",21
85 Jahre,"Wien 13.Bezirk, Hietzing <913>",22
85 Jahre,"Wien 14.Bezirk, Penzing <914>",31
85 Jahre,"Wien 15.Bezirk, Rudolfsheim-Fünfhaus <915>",21
85 Jahre,"Wien 16.Bezirk, Ottakring <916>",17
85 Jahre,"Wien 17.Bezirk, Hernals <917>",12
85 Jahre,"Wien 18.Bezirk, Währing <918>",14
85 Jahre,"Wien 19.Bezirk, Döbling <919>",26
85 Jahre,"Wien 20.Bezirk, Brigittenau <920>",13
85 Jahre,"Wien 21.Bezirk, Floridsdorf <921>",43
85 Jahre,"Wien 22.Bezirk, Donaustadt <922>",35
85 Jahre,"Wien 23.Bezirk, Liesing <923>",21
86 Jahre,Innsbruck (Stadt) <701>,31
86 Jahre,Imst <702>,10
86 Jahre,Innsbruck Land <703>,41
86 Jahre,Kitzbühel <704>,19
86 Jahre,Kufstein <705>,23
86 Jahre,Landeck <706>,6
86 Jahre,Lienz <707>,16
86 Jahre,Reutte <708>,2
86 Jahre,Schwaz <709>,23
86 Jahre,Bludenz <801>,6
86 Jahre,Bregenz <802>,28
86 Jahre,Dornbirn <803>,11
86 Jahre,Feldkirch <804>,18
86 Jahre,"Wien 1.Bezirk, Innere Stadt <901>",2
86 Jahre,"Wien 2.Bezirk, Leopoldstadt <902>",11
86 Jahre,"Wien 3.Bezirk, Landstraße <903>",17
86 Jahre,"Wien 4.Bezirk, Wieden <904>",2
86 Jahre,"Wien 5.Bezirk, Margareten <905>",11
86 Jahre,"Wien 6.Bezirk, Mariahilf <906>",5
86 Jahre,"Wien 7.Bezirk, Neubau <907>",8
86 Jahre,"Wien 8.Bezirk, Josefstadt <908>",5
86 Jahre,"Wien 9.Bezirk, Alsergrund <909>",5
86 Jahre,"Wien 10.Bezirk, Favoriten <910>",30
86 Jahre,"Wien 11.Bezirk, Simmering <911>",14
86 Jahre,"Wien 12.Bezirk, Meidling <912>",12
86 Jahre,"Wien 13.Bezirk, Hietzing <913>",13
86 Jahre,"Wien 14.Bezirk, Penzing <914>",17
86 Jahre,"Wien 15.Bezirk, Rudolfsheim-Fünfhaus <915>",4
86 Jahre,"Wien 16.Bezirk, Ottakring <916>",17
86 Jahre,"Wien 17.Bezirk, Hernals <917>",12
86 Jahre,"Wien 18.Bezirk, Währing <918>",8
86 Jahre,"Wien 19.Bezirk, Döbling <919>",17
86 Jahre,"Wien 20.Bezirk, Brigittenau <920>",14
86 Jahre,"Wien 21.Bezirk, Floridsdorf <921>",25
86 Jahre,"Wien 22.Bezirk, Donaustadt <922>",33
86 Jahre,"Wien 23.Bezirk, Liesing <923>",16
87 Jahre,Innsbruck (Stadt) <701>,23
87 Jahre,Imst <702>,6
87 Jahre,Innsbruck Land <703>,51
87 Jahre,Kitzbühel <704>,25
87 Jahre,Kufstein <705>,21
87 Jahre,Landeck <706>,4
87 Jahre,Lienz <707>,8
87 Jahre,Reutte <708>,6
87 Jahre,Schwaz <709>,16
87 Jahre,Bludenz <801>,5
87 Jahre,Bregenz <802>,19
87 Jahre,Dornbirn <803>,12
87 Jahre,Feldkirch <804>,5
87 Jahre,"Wien 1.Bezirk, Innere Stadt <901>",2
87 Jahre,"Wien 2.Bezirk, Leopoldstadt <902>",8
87 Jahre,"Wien 3.Bezirk, Landstraße <903>",14
87 Jahre,"Wien 4.Bezirk, Wieden <904>",6
87 Jahre,"Wien 5.Bezirk, Margareten <905>",3
87 Jahre,"Wien 6.Bezirk, Mariahilf <906>",3
87 Jahre,"Wien 7.Bezirk, Neubau <907>",3
87 Jahre,"Wien 8.Bezirk, Josefstadt <908>",1
87 Jahre,"Wien 9.Bezirk, Alsergrund <909>",8
87 Jahre,"Wien 10.Bezirk, Favoriten <910>",22
87 Jahre,"Wien 11.Bezirk, Simmering <911>",12
87 Jahre,"Wien 12.Bezirk, Meidling <912>",16
87 Jahre,"Wien 13.Bezirk, Hietzing <913>",10
87 Jahre,"Wien 14.Bezirk, Penzing <914>",9
87 Jahre,"Wien 15.Bezirk, Rudolfsheim-Fünfhaus <915>",5
87 Jahre,"Wien 16.Bezirk, Ottakring <916>",13
87 Jahre,"Wien 17.Bezirk, Hernals <917>",8
87 Jahre,"Wien 18.Bezirk, Währing <918>",6
87 Jahre,"Wien 19.Bezirk, Döbling <919>",16
87 Jahre,"Wien 20.Bezirk, Brigittenau <920>",11
87 Jahre,"Wien 21.Bezirk, Floridsdorf <921>",21
87 Jahre,"Wien 22.Bezirk, Donaustadt <922>",24
87 Jahre,"Wien 23.Bezirk, Liesing <923>",16
88 Jahre,Innsbruck (Stadt) <701>,27
88 Jahre,Imst <702>,12
88 Jahre,Innsbruck Land <703>,38
88 Jahre,Kitzbühel <704>,13
88 Jahre,Kufstein <705>,26
88 Jahre,Landeck <706>,10
88 Jahre,Lienz <707>,4
88 Jahre,Reutte <708>,7
88 Jahre,Schwaz <709>,13
88 Jahre,Bludenz <801>,12
88 Jahre,Bregenz <802>,22
88 Jahre,Dornbirn <803>,15
88 Jahre,Feldkirch <804>,9
88 Jahre,"Wien 1.Bezirk, Innere Stadt <901>",1
88 Jahre,"Wien 2.Bezirk, Leopoldstadt <902>",8
88 Jahre,"Wien 3.Bezirk, Landstraße <903>",13
88 Jahre,"Wien 4.Bezirk, Wieden <904>",1
88 Jahre,"Wien 5.Bezirk, Margareten <905>",3
88 Jahre,"Wien 6.Bezirk, Mariahilf <906>",2
88 Jahre,"Wien 7.Bezirk, Neubau <907>",1
88 Jahre,"Wien 8.Bezirk, Josefstadt <908>",-
88 Jahre,"Wien 9.Bezirk, Alsergrund <909>",5
88 Jahre,"Wien 10.Bezirk, Favoriten <910>",18
88 Jahre,"Wien 11.Bezirk, Simmering <911>",8
88 Jahre,"Wien 12.Bezirk, Meidling <912>",11
88 Jahre,"Wien 13.Bezirk, Hietzing <913>",8
88 Jahre,"Wien 14.Bezirk, Penzing <914>",8
88 Jahre,"Wien 15.Bezirk, Rudolfsheim-Fünfhaus <915>",5
88 Jahre,"Wien 16.Bezirk, Ottakring <916>",12
88 Jahre,"Wien 17.Bezirk, Hernals <917>",8
88 Jahre,"Wien 18.Bezirk, Währing <918>",4
88 Jahre,"Wien 19.Bezirk, Döbling <919>",14
88 Jahre,"Wien 20.Bezirk, Brigittenau <920>",16
88 Jahre,"Wien 21.Bezirk, Floridsdorf <921>",11
88 Jahre,"Wien 22.Bezirk, Donaustadt <922>",16
88 Jahre,"Wien 23.Bezirk, Liesing <923>",16
89 Jahre,Innsbruck (Stadt) <701>,26
89 Jahre,Imst <702>,8
89 Jahre,Innsbruck Land <703>,29
89 Jahre,Kitzbühel <704>,15
89 Jahre,Kufstein <705>,12
89 Jahre,Landeck <706>,2
89 Jahre,Lienz <707>,6
89 Jahre,Reutte <708>,3
89 Jahre,Schwaz <709>,10
89 Jahre,Bludenz <801>,6
89 Jahre,Bregenz <802>,23
89 Jahre,Dornbirn <803>,14
89 Jahre,Feldkirch <804>,8
89 Jahre,"Wien 1.Bezirk, Innere Stadt <901>",1
89 Jahre,"Wien 2.Bezirk, Leopoldstadt <902>",14
89 Jahre,"Wien 3.Bezirk, Landstraße <903>",14
89 Jahre,"Wien 4.Bezirk, Wieden <904>",-
89 Jahre,"Wien 5.Bezirk, Margareten <905>",1
89 Jahre,"Wien 6.Bezirk, Mariahilf <906>",2
89 Jahre,"Wien 7.Bezirk, Neubau <907>",3
89 Jahre,"Wien 8.Bezirk, Josefstadt <908>",3
89 Jahre,"Wien 9.Bezirk, Alsergrund <909>",2
89 Jahre,"Wien 10.Bezirk, Favoriten <910>",19
89 Jahre,"Wien 11.Bezirk, Simmering <911>",7
89 Jahre,"Wien 12.Bezirk, Meidling <912>",7
89 Jahre,"Wien 13.Bezirk, Hietzing <913>",8
89 Jahre,"Wien 14.Bezirk, Penzing <914>",12
89 Jahre,"Wien 15.Bezirk, Rudolfsheim-Fünfhaus <915>",3
89 Jahre,"Wien 16.Bezirk, Ottakring <916>",8
89 Jahre,"Wien 17.Bezirk, Hernals <917>",2
89 Jahre,"Wien 18.Bezirk, Währing <918>",4
89 Jahre,"Wien 19.Bezirk, Döbling <919>",15
89 Jahre,"Wien 20.Bezirk, Brigittenau <920>",9
89 Jahre,"Wien 21.Bezirk, Floridsdorf <921>",19
89 Jahre,"Wien 22.Bezirk, Donaustadt <922>",10
89 Jahre,"Wien 23.Bezirk, Liesing <923>",13
90 Jahre,Innsbruck (Stadt) <701>,34
90 Jahre,Imst <702>,8
90 Jahre,Innsbruck Land <703>,27
90 Jahre,Kitzbühel <704>,14
90 Jahre,Kufstein <705>,22
90 Jahre,Landeck <706>,4
90 Jahre,Lienz <707>,10
90 Jahre,Reutte <708>,6
90 Jahre,Schwaz <709>,14
90 Jahre,Bludenz <801>,5
90 Jahre,Bregenz <802>,8
90 Jahre,Dornbirn <803>,3
90 Jahre,Feldkirch <804>,11
90 Jahre,"Wien 1.Bezirk, Innere Stadt <901>",1
90 Jahre,"Wien 2.Bezirk, Leopoldstadt <902>",9
90 Jahre,"Wien 3.Bezirk, Landstraße <903>",8
90 Jahre,"Wien 4.Bezirk, Wieden <904>",2
90 Jahre,"Wien 5.Bezirk, Margareten <905>",4
90 Jahre,"Wien 6.Bezirk, Mariahilf <906>",3
90 Jahre,"Wien 7.Bezirk, Neubau <907>",2
90 Jahre,"Wien 8.Bezirk, Josefstadt <908>",1
90 Jahre,"Wien 9.Bezirk, Alsergrund <909>",3
90 Jahre,"Wien 10.Bezirk, Favoriten <910>",12
90 Jahre,"Wien 11.Bezirk, Simmering <911>",8
90 Jahre,"Wien 12.Bezirk, Meidling <912>",11
90 Jahre,"Wien 13.Bezirk, Hietzing <913>",7
90 Jahre,"Wien 14.Bezirk, Penzing <914>",5
90 Jahre,"Wien 15.Bezirk, Rudolfsheim-Fünfhaus <915>",6
90 Jahre,"Wien 16.Bezirk, Ottakring <916>",12
90 Jahre,"Wien 17.Bezirk, Hernals <917>",5
90 Jahre,"Wien 18.Bezirk, Währing <918>",6
90 Jahre,"Wien 19.Bezirk, Döbling <919>",14
90 Jahre,"Wien 20.Bezirk, Brigittenau <920>",9
90 Jahre,"Wien 21.Bezirk, Floridsdorf <921>",18
90 Jahre,"Wien 22.Bezirk, Donaustadt <922>",7
90 Jahre,"Wien 23.Bezirk, Liesing <923>",4
91 Jahre,Innsbruck (Stadt) <701>,35
91 Jahre,Imst <702>,5
91 Jahre,Innsbruck Land <703>,17
91 Jahre,Kitzbühel <704>,9
91 Jahre,Kufstein <705>,9
91 Jahre,Landeck <706>,2
91 Jahre,Lienz <707>,5
91 Jahre,Reutte <708>,4
91 Jahre,Schwaz <709>,11
91 Jahre,Bludenz <801>,5
91 Jahre,Bregenz <802>,12
91 Jahre,Dornbirn <803>,18
91 Jahre,Feldkirch <804>,12
91 Jahre,"Wien 1.Bezirk, Innere Stadt <901>",1
91 Jahre,"Wien 2.Bezirk, Leopoldstadt <902>",12
91 Jahre,"Wien 3.Bezirk, Landstraße <903>",8
91 Jahre,"Wien 4.Bezirk, Wieden <904>",5
91 Jahre,"Wien 5.Bezirk, Margareten <905>",4
91 Jahre,"Wien 6.Bezirk, Mariahilf <906>",1
91 Jahre,"Wien 7.Bezirk, Neubau <907>",3
91 Jahre,"Wien 8.Bezirk, Josefstadt <908>",-
91 Jahre,"Wien 9.Bezirk, Alsergrund <909>",4
91 Jahre,"Wien 10.Bezirk, Favoriten <910>",23
91 Jahre,"Wien 11.Bezirk, Simmering <911>",8
91 Jahre,"Wien 12.Bezirk, Meidling <912>",7
91 Jahre,"Wien 13.Bezirk, Hietzing <913>",6
91 Jahre,"Wien 14.Bezirk, Penzing <914>",3
91 Jahre,"Wien 15.Bezirk, Rudolfsheim-Fünfhaus <915>",3
91 Jahre,"Wien 16.Bezirk, Ottakring <916>",6
91 Jahre,"Wien 17.Bezirk, Hernals <917>",6
91 Jahre,"Wien 18.Bezirk, Währing <918>",4
91 Jahre,"Wien 19.Bezirk, Döbling <919>",7
91 Jahre,"Wien 20.Bezirk, Brigittenau <920>",7
91 Jahre,"Wien 21.Bezirk, Floridsdorf <921>",20
91 Jahre,"Wien 22.Bezirk, Donaustadt <922>",15
91 Jahre,"Wien 23.Bezirk, Liesing <923>",11
92 Jahre,Innsbruck (Stadt) <701>,21
92 Jahre,Imst <702>,7
92 Jahre,Innsbruck Land <703>,18
92 Jahre,Kitzbühel <704>,12
92 Jahre,Kufstein <705>,12
92 Jahre,Landeck <706>,8
92 Jahre,Lienz <707>,5
92 Jahre,Reutte <708>,3
92 Jahre,Schwaz <709>,10
92 Jahre,Bludenz <801>,7
92 Jahre,Bregenz <802>,10
92 Jahre,Dornbirn <803>,5
92 Jahre,Feldkirch <804>,13
92 Jahre,"Wien 1.Bezirk, Innere Stadt <901>",1
92 Jahre,"Wien 2.Bezirk, Leopoldstadt <902>",2
92 Jahre,"Wien 3.Bezirk, Landstraße <903>",6
92 Jahre,"Wien 4.Bezirk, Wieden <904>",3
92 Jahre,"Wien 5.Bezirk, Margareten <905>",5
92 Jahre,"Wien 6.Bezirk, Mariahilf <906>",2
92 Jahre,"Wien 7.Bezirk, Neubau <907>",2
92 Jahre,"Wien 8.Bezirk, Josefstadt <908>",1
92 Jahre,"Wien 9.Bezirk, Alsergrund <909>",3
92 Jahre,"Wien 10.Bezirk, Favoriten <910>",17
92 Jahre,"Wien 11.Bezirk, Simmering <911>",5
92 Jahre,"Wien 12.Bezirk, Meidling <912>",10
92 Jahre,"Wien 13.Bezirk, Hietzing <913>",5
92 Jahre,"Wien 14.Bezirk, Penzing <914>",9
92 Jahre,"Wien 15.Bezirk, Rudolfsheim-Fünfhaus <915>",4
92 Jahre,"Wien 16.Bezirk, Ottakring <916>",13
92 Jahre,"Wien 17.Bezirk, Hernals <917>",-
92 Jahre,"Wien 18.Bezirk, Währing <918>",2
92 Jahre,"Wien 19.Bezirk, Döbling <919>",7
92 Jahre,"Wien 20.Bezirk, Brigittenau <920>",8
92 Jahre,"Wien 21.Bezirk, Floridsdorf <921>",13
92 Jahre,"Wien 22.Bezirk, Donaustadt <922>",8
92 Jahre,"Wien 23.Bezirk, Liesing <923>",4
93 Jahre,Innsbruck (Stadt) <701>,21
93 Jahre,Imst <702>,4
93 Jahre,Innsbruck Land <703>,26
93 Jahre,Kitzbühel <704>,12
93 Jahre,Kufstein <705>,10
93 Jahre,Landeck <706>,4
93 Jahre,Lienz <707>,12
93 Jahre,Reutte <708>,3
93 Jahre,Schwaz <709>,13
93 Jahre,Bludenz <801>,4
93 Jahre,Bregenz <802>,10
93 Jahre,Dornbirn <803>,5
93 Jahre,Feldkirch <804>,5
93 Jahre,"Wien 1.Bezirk, Innere Stadt <901>",2
93 Jahre,"Wien 2.Bezirk, Leopoldstadt <902>",8
93 Jahre,"Wien 3.Bezirk, Landstraße <903>",9
93 Jahre,"Wien 4.Bezirk, Wieden <904>",-
93 Jahre,"Wien 5.Bezirk, Margareten <905>",3
93 Jahre,"Wien 6.Bezirk, Mariahilf <906>",-
93 Jahre,"Wien 7.Bezirk, Neubau <907>",-
93 Jahre,"Wien 8.Bezirk, Josefstadt <908>",-
93 Jahre,"Wien 9.Bezirk, Alsergrund <909>",3
93 Jahre,"Wien 10.Bezirk, Favoriten <910>",16
93 Jahre,"Wien 11.Bezirk, Simmering <911>",4
93 Jahre,"Wien 12.Bezirk, Meidling <912>",12
93 Jahre,"Wien 13.Bezirk, Hietzing <913>",8
93 Jahre,"Wien 14.Bezirk, Penzing <914>",10
93 Jahre,"Wien 15.Bezirk, Rudolfsheim-Fünfhaus <915>",2
93 Jahre,"Wien 16.Bezirk, Ottakring <916>",7
93 Jahre,"Wien 17.Bezirk, Hernals <917>",2
93 Jahre,"Wien 18.Bezirk, Währing <918>",2
93 Jahre,"Wien 19.Bezirk, Döbling <919>",6
93 Jahre,"Wien 20.Bezirk, Brigittenau <920>",9
93 Jahre,"Wien 21.Bezirk, Floridsdorf <921>",9
93 Jahre,"Wien 22.Bezirk, Donaustadt <922>",10
93 Jahre,"Wien 23.Bezirk, Liesing <923>",9
94 Jahre,Innsbruck (Stadt) <701>,19
94 Jahre,Imst <702>,1
94 Jahre,Innsbruck Land <703>,10
94 Jahre,Kitzbühel <704>,7
94 Jahre,Kufstein <705>,5
94 Jahre,Landeck <706>,-
94 Jahre,Lienz <707>,5
94 Jahre,Reutte <708>,3
94 Jahre,Schwaz <709>,7
94 Jahre,Bludenz <801>,4
94 Jahre,Bregenz <802>,12
94 Jahre,Dornbirn <803>,6
94 Jahre,Feldkirch <804>,2
94 Jahre,"Wien 1.Bezirk, Innere Stadt <901>",1
94 Jahre,"Wien 2.Bezirk, Leopoldstadt <902>",7
94 Jahre,"Wien 3.Bezirk, Landstraße <903>",4
94 Jahre,"Wien 4.Bezirk, Wieden <904>",2
94 Jahre,"Wien 5.Bezirk, Margareten <905>",2
94 Jahre,"Wien 6.Bezirk, Mariahilf <906>",-
94 Jahre,"Wien 7.Bezirk, Neubau <907>",1
94 Jahre,"Wien 8.Bezirk, Josefstadt <908>",1
94 Jahre,"Wien 9.Bezirk, Alsergrund <909>",5
94 Jahre,"Wien 10.Bezirk, Favoriten <910>",10
94 Jahre,"Wien 11.Bezirk, Simmering <911>",5
94 Jahre,"Wien 12.Bezirk, Meidling <912>",6
94 Jahre,"Wien 13.Bezirk, Hietzing <913>",2
94 Jahre,"Wien 14.Bezirk, Penzing <914>",5
94 Jahre,"Wien 15.Bezirk, Rudolfsheim-Fünfhaus <915>",-
94 Jahre,"Wien 16.Bezirk, Ottakring <916>",6
94 Jahre,"Wien 17.Bezirk, Hernals <917>",-
94 Jahre,"Wien 18.Bezirk, Währing <918>",-
94 Jahre,"Wien 19.Bezirk, Döbling <919>",3
94 Jahre,"Wien 20.Bezirk, Brigittenau <920>",3
94 Jahre,"Wien 21.Bezirk, Floridsdorf <921>",8
94 Jahre,"Wien 22.Bezirk, Donaustadt <922>",4
94 Jahre,"Wien 23.Bezirk, Liesing <923>",2
95 Jahre und älter,Innsbruck (Stadt) <701>,41
95 Jahre und älter,Imst <702>,9
95 Jahre und älter,Innsbruck Land <703>,25
95 Jahre und älter,Kitzbühel <704>,10
95 Jahre und älter,Kufstein <705>,18
95 Jahre und älter,Landeck <706>,7
95 Jahre und älter,Lienz <707>,8
95 Jahre und älter,Reutte <708>,14
95 Jahre und älter,Schwaz <709>,14
95 Jahre und älter,Bludenz <801>,10
95 Jahre und älter,Bregenz <802>,20
95 Jahre und älter,Dornbirn <803>,11
95 Jahre und älter,Feldkirch <804>,9
95 Jahre und älter,"Wien 1.Bezirk, Innere Stadt <901>",2
95 Jahre und älter,"Wien 2.Bezirk, Leopoldstadt <902>",11
95 Jahre und älter,"Wien 3.Bezirk, Landstraße <903>",23
95 Jahre und älter,"Wien 4.Bezirk, Wieden <904>",6
95 Jahre und älter,"Wien 5.Bezirk, Margareten <905>",5
95 Jahre und älter,"Wien 6.Bezirk, Mariahilf <906>",1
95 Jahre und älter,"Wien 7.Bezirk, Neubau <907>",4
95 Jahre und älter,"Wien 8.Bezirk, Josefstadt <908>",2
95 Jahre und älter,"Wien 9.Bezirk, Alsergrund <909>",2
95 Jahre und älter,"Wien 10.Bezirk, Favoriten <910>",18
95 Jahre und älter,"Wien 11.Bezirk, Simmering <911>",6
95 Jahre und älter,"Wien 12.Bezirk, Meidling <912>",27
95 Jahre und älter,"Wien 13.Bezirk, Hietzing <913>",14
95 Jahre und älter,"Wien 14.Bezirk, Penzing <914>",17
95 Jahre und älter,"Wien 15.Bezirk, Rudolfsheim-Fünfhaus <915>",4
95 Jahre und älter,"Wien 16.Bezirk, Ottakring <916>",9
95 Jahre und älter,"Wien 17.Bezirk, Hernals <917>",9
95 Jahre und älter,"Wien 18.Bezirk, Währing <918>",6
95 Jahre und älter,"Wien 19.Bezirk, Döbling <919>",13
95 Jahre und älter,"Wien 20.Bezirk, Brigittenau <920>",12
95 Jahre und älter,"Wien 21.Bezirk, Floridsdorf <921>",18
95 Jahre und älter,"Wien 22.Bezirk, Donaustadt <922>",16
95 Jahre und älter,"Wien 23.Bezirk, Liesing <923>",19
