0 Jahre,Eisenstadt (Stadt) <101>,30
0 Jahre,Rust (Stadt) <102>,-
0 Jahre,Eisenstadt Umgebung <103>,46
0 Jahre,Güssing <104>,17
0 Jahre,Jennersdorf <105>,12
0 Jahre,Mattersburg <106>,41
0 Jahre,Neusiedl am See <107>,44
0 Jahre,Oberpullendorf <108>,29
0 Jahre,Oberwart <109>,66
0 Jahre,Klagenfurt (Stadt) <201>,151
0 Jahre,Villach (Stadt) <202>,83
0 Jahre,Feldkirchen <210>,22
0 Jahre,Hermagor <203>,11
0 Jahre,Klagenfurt Land <204>,52
0 Jahre,Sankt Veit an der Glan <205>,54
0 Jahre,Spittal an der Drau <206>,66
0 Jahre,Villach Land <207>,51
0 Jahre,Völkermarkt <208>,40
0 Jahre,Wolfsberg <209>,57
0 Jahre,Krems an der Donau (Stadt) <301>,24
0 Jahre,Sankt Pölten (Stadt) <302>,83
0 Jahre,Waidhofen an der Ybbs (Stadt) <303>,12
0 Jahre,Wiener Neustadt (Stadt) <304>,86
0 Jahre,Amstetten <305>,112
0 Jahre,Baden <306>,160
0 Jahre,Bruck an der Leitha <307>,134
0 Jahre,Gänserndorf <308>,144
0 Jahre,Gmünd <309>,26
0 Jahre,Hollabrunn <310>,64
0 Jahre,Horn <311>,27
0 Jahre,Korneuburg <312>,93
0 Jahre,Krems Land <313>,32
0 Jahre,Lilienfeld <314>,35
0 Jahre,Melk <315>,83
0 Jahre,Mistelbach <316>,63
0 Jahre,Mödling <317>,120
0 Jahre,Neunkirchen <318>,67
0 Jahre,Sankt Pölten Land <319>,141
0 Jahre,Scheibbs <320>,28
0 Jahre,Tulln <321>,115
0 Jahre,Waidhofen an der Thaya <322>,13
0 Jahre,Wiener Neustadt Land <323>,79
0 Jahre,Wien Umgebung ^<324>,-
0 Jahre,Zwettl <325>,36
0 Jahre,Stadt Linz <401>,279
0 Jahre,Stadt Steyr <402>,43
0 Jahre,Stadt Wels <403>,108
0 Jahre,Braunau <404>,106
0 Jahre,Eferding <405>,27
0 Jahre,Freistadt <406>,45
0 Jahre,Gmunden <407>,81
0 Jahre,Grieskirchen <408>,58
0 Jahre,Kirchdorf <409>,46
0 Jahre,Linz Land <410>,195
0 Jahre,Perg <411>,67
0 Jahre,Ried <412>,83
0 Jahre,Rohrbach <413>,31
0 Jahre,Schärding <414>,46
0 Jahre,Steyr Land <415>,57
0 Jahre,Urfahr Umgebung <416>,67
0 Jahre,Vöcklabruck <417>,166
0 Jahre,Wels Land <418>,92
0 Jahre,Salzburg (Stadt) <501>,170
0 Jahre,Hallein <502>,55
0 Jahre,Salzburg Umgebung <503>,164
0 Jahre,St. Johann im Pongau <504>,78
0 Jahre,Tamsweg <505>,15
0 Jahre,Zell am See <506>,86
0 Jahre,Graz (Stadt) <601>,434
0 Jahre,Bruck an der Mur ^<602>,-
0 Jahre,Bruck-Mürzzuschlag <621>,118
0 Jahre,Deutschlandsberg <603>,48
0 Jahre,Feldbach ^<604>,-
0 Jahre,Fürstenfeld ^<605>,-
0 Jahre,Graz Umgebung <606>,170
0 Jahre,Hartberg ^<607>,-
0 Jahre,Hartberg-Fürstenfeld <622>,72
0 Jahre,Judenburg ^<608>,-
0 Jahre,Knittelfeld ^<609>,-
0 Jahre,Leibnitz <610>,94
0 Jahre,Leoben <611>,47
0 Jahre,Liezen <612>,65
0 Jahre,Murtal <620>,66
0 Jahre,Mürzzuschlag ^<613>,-
0 Jahre,Murau <614>,14
0 Jahre,Radkersburg ^<615>,-
0 Jahre,Südoststeiermark <623>,56
0 Jahre,Voitsberg <616>,54
0 Jahre,Weiz <617>,83
1 Jahr,Eisenstadt (Stadt) <101>,23
1 Jahr,Rust (Stadt) <102>,1
1 Jahr,Eisenstadt Umgebung <103>,39
1 Jahr,Güssing <104>,11
1 Jahr,Jennersdorf <105>,19
1 Jahr,Mattersburg <106>,39
1 Jahr,Neusiedl am See <107>,61
1 Jahr,Oberpullendorf <108>,30
1 Jahr,Oberwart <109>,70
1 Jahr,Klagenfurt (Stadt) <201>,128
1 Jahr,Villach (Stadt) <202>,69
1 Jahr,Feldkirchen <210>,30
1 Jahr,Hermagor <203>,7
1 Jahr,Klagenfurt Land <204>,59
1 Jahr,Sankt Veit an der Glan <205>,62
1 Jahr,Spittal an der Drau <206>,69
1 Jahr,Villach Land <207>,67
1 Jahr,Völkermarkt <208>,28
1 Jahr,Wolfsberg <209>,45
1 Jahr,Krems an der Donau (Stadt) <301>,24
1 Jahr,Sankt Pölten (Stadt) <302>,75
1 Jahr,Waidhofen an der Ybbs (Stadt) <303>,10
1 Jahr,Wiener Neustadt (Stadt) <304>,97
1 Jahr,Amstetten <305>,84
1 Jahr,Baden <306>,194
1 Jahr,Bruck an der Leitha <307>,129
1 Jahr,Gänserndorf <308>,126
1 Jahr,Gmünd <309>,22
1 Jahr,Hollabrunn <310>,44
1 Jahr,Horn <311>,25
1 Jahr,Korneuburg <312>,100
1 Jahr,Krems Land <313>,33
1 Jahr,Lilienfeld <314>,34
1 Jahr,Melk <315>,84
1 Jahr,Mistelbach <316>,75
1 Jahr,Mödling <317>,133
1 Jahr,Neunkirchen <318>,102
1 Jahr,Sankt Pölten Land <319>,167
1 Jahr,Scheibbs <320>,28
1 Jahr,Tulln <321>,113
1 Jahr,Waidhofen an der Thaya <322>,24
1 Jahr,Wiener Neustadt Land <323>,93
1 Jahr,Wien Umgebung ^<324>,-
1 Jahr,Zwettl <325>,21
1 Jahr,Stadt Linz <401>,293
1 Jahr,Stadt Steyr <402>,43
1 Jahr,Stadt Wels <403>,97
1 Jahr,Braunau <404>,104
1 Jahr,Eferding <405>,21
1 Jahr,Freistadt <406>,57
1 Jahr,Gmunden <407>,81
1 Jahr,Grieskirchen <408>,64
1 Jahr,Kirchdorf <409>,61
1 Jahr,Linz Land <410>,188
1 Jahr,Perg <411>,77
1 Jahr,Ried <412>,82
1 Jahr,Rohrbach <413>,41
1 Jahr,Schärding <414>,34
1 Jahr,Steyr Land <415>,61
1 Jahr,Urfahr Umgebung <416>,90
1 Jahr,Vöcklabruck <417>,162
1 Jahr,Wels Land <418>,78
1 Jahr,Salzburg (Stadt) <501>,171
1 Jahr,Hallein <502>,62
1 Jahr,Salzburg Umgebung <503>,166
1 Jahr,St. Johann im Pongau <504>,75
1 Jahr,Tamsweg <505>,13
1 Jahr,Zell am See <506>,99
1 Jahr,Graz (Stadt) <601>,495
1 Jahr,Bruck an der Mur ^<602>,-
1 Jahr,Bruck-Mürzzuschlag <621>,89
1 Jahr,Deutschlandsberg <603>,56
1 Jahr,Feldbach ^<604>,-
1 Jahr,Fürstenfeld ^<605>,-
1 Jahr,Graz Umgebung <606>,181
1 Jahr,Hartberg ^<607>,-
1 Jahr,Hartberg-Fürstenfeld <622>,70
1 Jahr,Judenburg ^<608>,-
1 Jahr,Knittelfeld ^<609>,-
1 Jahr,Leibnitz <610>,89
1 Jahr,Leoben <611>,59
1 Jahr,Liezen <612>,75
1 Jahr,Murtal <620>,84
1 Jahr,Mürzzuschlag ^<613>,-
1 Jahr,Murau <614>,20
1 Jahr,Radkersburg ^<615>,-
1 Jahr,Südoststeiermark <623>,87
1 Jahr,Voitsberg <616>,50
1 Jahr,Weiz <617>,97
2 Jahre,Eisenstadt (Stadt) <101>,15
2 Jahre,Rust (Stadt) <102>,-
2 Jahre,Eisenstadt Umgebung <103>,34
2 Jahre,Güssing <104>,23
2 Jahre,Jennersdorf <105>,9
2 Jahre,Mattersburg <106>,36
2 Jahre,Neusiedl am See <107>,37
2 Jahre,Oberpullendorf <108>,30
2 Jahre,Oberwart <109>,53
2 Jahre,Klagenfurt (Stadt) <201>,143
2 Jahre,Villach (Stadt) <202>,80
2 Jahre,Feldkirchen <210>,30
2 Jahre,Hermagor <203>,5
2 Jahre,Klagenfurt Land <204>,73
2 Jahre,Sankt Veit an der Glan <205>,45
2 Jahre,Spittal an der Drau <206>,68
2 Jahre,Villach Land <207>,49
2 Jahre,Völkermarkt <208>,43
2 Jahre,Wolfsberg <209>,46
2 Jahre,Krems an der Donau (Stadt) <301>,34
2 Jahre,Sankt Pölten (Stadt) <302>,79
2 Jahre,Waidhofen an der Ybbs (Stadt) <303>,19
2 Jahre,Wiener Neustadt (Stadt) <304>,81
2 Jahre,Amstetten <305>,108
2 Jahre,Baden <306>,156
2 Jahre,Bruck an der Leitha <307>,99
2 Jahre,Gänserndorf <308>,131
2 Jahre,Gmünd <309>,21
2 Jahre,Hollabrunn <310>,45
2 Jahre,Horn <311>,12
2 Jahre,Korneuburg <312>,116
2 Jahre,Krems Land <313>,47
2 Jahre,Lilienfeld <314>,24
2 Jahre,Melk <315>,78
2 Jahre,Mistelbach <316>,59
2 Jahre,Mödling <317>,119
2 Jahre,Neunkirchen <318>,64
2 Jahre,Sankt Pölten Land <319>,131
2 Jahre,Scheibbs <320>,32
2 Jahre,Tulln <321>,100
2 Jahre,Waidhofen an der Thaya <322>,20
2 Jahre,Wiener Neustadt Land <323>,54
2 Jahre,Wien Umgebung ^<324>,-
2 Jahre,Zwettl <325>,30
2 Jahre,Stadt Linz <401>,261
2 Jahre,Stadt Steyr <402>,49
2 Jahre,Stadt Wels <403>,77
2 Jahre,Braunau <404>,105
2 Jahre,Eferding <405>,32
2 Jahre,Freistadt <406>,69
2 Jahre,Gmunden <407>,94
2 Jahre,Grieskirchen <408>,67
2 Jahre,Kirchdorf <409>,48
2 Jahre,Linz Land <410>,166
2 Jahre,Perg <411>,84
2 Jahre,Ried <412>,57
2 Jahre,Rohrbach <413>,38
2 Jahre,Schärding <414>,42
2 Jahre,Steyr Land <415>,63
2 Jahre,Urfahr Umgebung <416>,68
2 Jahre,Vöcklabruck <417>,134
2 Jahre,Wels Land <418>,69
2 Jahre,Salzburg (Stadt) <501>,170
2 Jahre,Hallein <502>,47
2 Jahre,Salzburg Umgebung <503>,131
2 Jahre,St. Johann im Pongau <504>,64
2 Jahre,Tamsweg <505>,15
2 Jahre,Zell am See <506>,56
2 Jahre,Graz (Stadt) <601>,376
2 Jahre,Bruck an der Mur ^<602>,-
2 Jahre,Bruck-Mürzzuschlag <621>,104
2 Jahre,Deutschlandsberg <603>,51
2 Jahre,Feldbach ^<604>,-
2 Jahre,Fürstenfeld ^<605>,-
2 Jahre,Graz Umgebung <606>,178
2 Jahre,Hartberg ^<607>,-
2 Jahre,Hartberg-Fürstenfeld <622>,57
2 Jahre,Judenburg ^<608>,-
2 Jahre,Knittelfeld ^<609>,-
2 Jahre,Leibnitz <610>,89
2 Jahre,Leoben <611>,61
2 Jahre,Liezen <612>,80
2 Jahre,Murtal <620>,63
2 Jahre,Mürzzuschlag ^<613>,-
2 Jahre,Murau <614>,19
2 Jahre,Radkersburg ^<615>,-
2 Jahre,Südoststeiermark <623>,68
2 Jahre,Voitsberg <616>,60
2 Jahre,Weiz <617>,111
3 Jahre,Eisenstadt (Stadt) <101>,25
3 Jahre,Rust (Stadt) <102>,-
3 Jahre,Eisenstadt Umgebung <103>,47
3 Jahre,Güssing <104>,27
3 Jahre,Jennersdorf <105>,20
3 Jahre,Mattersburg <106>,33
3 Jahre,Neusiedl am See <107>,54
3 Jahre,Oberpullendorf <108>,25
3 Jahre,Oberwart <109>,55
3 Jahre,Klagenfurt (Stadt) <201>,92
3 Jahre,Villach (Stadt) <202>,57
3 Jahre,Feldkirchen <210>,31
3 Jahre,Hermagor <203>,7
3 Jahre,Klagenfurt Land <204>,58
3 Jahre,Sankt Veit an der Glan <205>,55
3 Jahre,Spittal an der Drau <206>,62
3 Jahre,Villach Land <207>,55
3 Jahre,Völkermarkt <208>,45
3 Jahre,Wolfsberg <209>,42
3 Jahre,Krems an der Donau (Stadt) <301>,15
3 Jahre,Sankt Pölten (Stadt) <302>,67
3 Jahre,Waidhofen an der Ybbs (Stadt) <303>,7
3 Jahre,Wiener Neustadt (Stadt) <304>,57
3 Jahre,Amstetten <305>,82
3 Jahre,Baden <306>,128
3 Jahre,Bruck an der Leitha <307>,96
3 Jahre,Gänserndorf <308>,115
3 Jahre,Gmünd <309>,20
3 Jahre,Hollabrunn <310>,34
3 Jahre,Horn <311>,16
3 Jahre,Korneuburg <312>,85
3 Jahre,Krems Land <313>,36
3 Jahre,Lilienfeld <314>,22
3 Jahre,Melk <315>,66
3 Jahre,Mistelbach <316>,46
3 Jahre,Mödling <317>,100
3 Jahre,Neunkirchen <318>,72
3 Jahre,Sankt Pölten Land <319>,134
3 Jahre,Scheibbs <320>,36
3 Jahre,Tulln <321>,108
3 Jahre,Waidhofen an der Thaya <322>,16
3 Jahre,Wiener Neustadt Land <323>,68
3 Jahre,Wien Umgebung ^<324>,-
3 Jahre,Zwettl <325>,19
3 Jahre,Stadt Linz <401>,243
3 Jahre,Stadt Steyr <402>,32
3 Jahre,Stadt Wels <403>,82
3 Jahre,Braunau <404>,105
3 Jahre,Eferding <405>,21
3 Jahre,Freistadt <406>,44
3 Jahre,Gmunden <407>,80
3 Jahre,Grieskirchen <408>,53
3 Jahre,Kirchdorf <409>,40
3 Jahre,Linz Land <410>,172
3 Jahre,Perg <411>,64
3 Jahre,Ried <412>,66
3 Jahre,Rohrbach <413>,41
3 Jahre,Schärding <414>,43
3 Jahre,Steyr Land <415>,51
3 Jahre,Urfahr Umgebung <416>,57
3 Jahre,Vöcklabruck <417>,118
3 Jahre,Wels Land <418>,79
3 Jahre,Salzburg (Stadt) <501>,160
3 Jahre,Hallein <502>,54
3 Jahre,Salzburg Umgebung <503>,139
3 Jahre,St. Johann im Pongau <504>,71
3 Jahre,Tamsweg <505>,10
3 Jahre,Zell am See <506>,67
3 Jahre,Graz (Stadt) <601>,377
3 Jahre,Bruck an der Mur ^<602>,-
3 Jahre,Bruck-Mürzzuschlag <621>,87
3 Jahre,Deutschlandsberg <603>,54
3 Jahre,Feldbach ^<604>,-
3 Jahre,Fürstenfeld ^<605>,-
3 Jahre,Graz Umgebung <606>,179
3 Jahre,Hartberg ^<607>,-
3 Jahre,Hartberg-Fürstenfeld <622>,72
3 Jahre,Judenburg ^<608>,-
3 Jahre,Knittelfeld ^<609>,-
3 Jahre,Leibnitz <610>,97
3 Jahre,Leoben <611>,67
3 Jahre,Liezen <612>,59
3 Jahre,Murtal <620>,65
3 Jahre,Mürzzuschlag ^<613>,-
3 Jahre,Murau <614>,15
3 Jahre,Radkersburg ^<615>,-
3 Jahre,Südoststeiermark <623>,48
3 Jahre,Voitsberg <616>,38
3 Jahre,Weiz <617>,72
4 Jahre,Eisenstadt (Stadt) <101>,22
4 Jahre,Rust (Stadt) <102>,1
4 Jahre,Eisenstadt Umgebung <103>,34
4 Jahre,Güssing <104>,24
4 Jahre,Jennersdorf <105>,15
4 Jahre,Mattersburg <106>,31
4 Jahre,Neusiedl am See <107>,44
4 Jahre,Oberpullendorf <108>,26
4 Jahre,Oberwart <109>,35
4 Jahre,Klagenfurt (Stadt) <201>,102
4 Jahre,Villach (Stadt) <202>,65
4 Jahre,Feldkirchen <210>,18
4 Jahre,Hermagor <203>,11
4 Jahre,Klagenfurt Land <204>,71
4 Jahre,Sankt Veit an der Glan <205>,51
4 Jahre,Spittal an der Drau <206>,60
4 Jahre,Villach Land <207>,64
4 Jahre,Völkermarkt <208>,40
4 Jahre,Wolfsberg <209>,39
4 Jahre,Krems an der Donau (Stadt) <301>,35
4 Jahre,Sankt Pölten (Stadt) <302>,63
4 Jahre,Waidhofen an der Ybbs (Stadt) <303>,11
4 Jahre,Wiener Neustadt (Stadt) <304>,68
4 Jahre,Amstetten <305>,78
4 Jahre,Baden <306>,134
4 Jahre,Bruck an der Leitha <307>,86
4 Jahre,Gänserndorf <308>,125
4 Jahre,Gmünd <309>,28
4 Jahre,Hollabrunn <310>,30
4 Jahre,Horn <311>,14
4 Jahre,Korneuburg <312>,72
4 Jahre,Krems Land <313>,30
4 Jahre,Lilienfeld <314>,23
4 Jahre,Melk <315>,64
4 Jahre,Mistelbach <316>,42
4 Jahre,Mödling <317>,102
4 Jahre,Neunkirchen <318>,81
4 Jahre,Sankt Pölten Land <319>,116
4 Jahre,Scheibbs <320>,26
4 Jahre,Tulln <321>,79
4 Jahre,Waidhofen an der Thaya <322>,23
4 Jahre,Wiener Neustadt Land <323>,61
4 Jahre,Wien Umgebung ^<324>,-
4 Jahre,Zwettl <325>,18
4 Jahre,Stadt Linz <401>,208
4 Jahre,Stadt Steyr <402>,29
4 Jahre,Stadt Wels <403>,76
4 Jahre,Braunau <404>,77
4 Jahre,Eferding <405>,17
4 Jahre,Freistadt <406>,38
4 Jahre,Gmunden <407>,84
4 Jahre,Grieskirchen <408>,51
4 Jahre,Kirchdorf <409>,39
4 Jahre,Linz Land <410>,130
4 Jahre,Perg <411>,79
4 Jahre,Ried <412>,56
4 Jahre,Rohrbach <413>,36
4 Jahre,Schärding <414>,39
4 Jahre,Steyr Land <415>,43
4 Jahre,Urfahr Umgebung <416>,59
4 Jahre,Vöcklabruck <417>,115
4 Jahre,Wels Land <418>,59
4 Jahre,Salzburg (Stadt) <501>,153
4 Jahre,Hallein <502>,54
4 Jahre,Salzburg Umgebung <503>,126
4 Jahre,St. Johann im Pongau <504>,54
4 Jahre,Tamsweg <505>,16
4 Jahre,Zell am See <506>,67
4 Jahre,Graz (Stadt) <601>,358
4 Jahre,Bruck an der Mur ^<602>,-
4 Jahre,Bruck-Mürzzuschlag <621>,92
4 Jahre,Deutschlandsberg <603>,39
4 Jahre,Feldbach ^<604>,-
4 Jahre,Fürstenfeld ^<605>,-
4 Jahre,Graz Umgebung <606>,131
4 Jahre,Hartberg ^<607>,-
4 Jahre,Hartberg-Fürstenfeld <622>,55
4 Jahre,Judenburg ^<608>,-
4 Jahre,Knittelfeld ^<609>,-
4 Jahre,Leibnitz <610>,81
4 Jahre,Leoben <611>,56
4 Jahre,Liezen <612>,52
4 Jahre,Murtal <620>,78
4 Jahre,Mürzzuschlag ^<613>,-
4 Jahre,Murau <614>,12
4 Jahre,Radkersburg ^<615>,-
4 Jahre,Südoststeiermark <623>,57
4 Jahre,Voitsberg <616>,35
4 Jahre,Weiz <617>,71
5 Jahre,Eisenstadt (Stadt) <101>,21
5 Jahre,Rust (Stadt) <102>,-
5 Jahre,Eisenstadt Umgebung <103>,27
5 Jahre,Güssing <104>,14
5 Jahre,Jennersdorf <105>,9
5 Jahre,Mattersburg <106>,27
5 Jahre,Neusiedl am See <107>,31
5 Jahre,Oberpullendorf <108>,30
5 Jahre,Oberwart <109>,46
5 Jahre,Klagenfurt (Stadt) <201>,111
5 Jahre,Villach (Stadt) <202>,76
5 Jahre,Feldkirchen <210>,33
5 Jahre,Hermagor <203>,9
5 Jahre,Klagenfurt Land <204>,48
5 Jahre,Sankt Veit an der Glan <205>,39
5 Jahre,Spittal an der Drau <206>,45
5 Jahre,Villach Land <207>,49
5 Jahre,Völkermarkt <208>,34
5 Jahre,Wolfsberg <209>,40
5 Jahre,Krems an der Donau (Stadt) <301>,20
5 Jahre,Sankt Pölten (Stadt) <302>,63
5 Jahre,Waidhofen an der Ybbs (Stadt) <303>,7
5 Jahre,Wiener Neustadt (Stadt) <304>,62
5 Jahre,Amstetten <305>,72
5 Jahre,Baden <306>,152
5 Jahre,Bruck an der Leitha <307>,98
5 Jahre,Gänserndorf <308>,118
5 Jahre,Gmünd <309>,28
5 Jahre,Hollabrunn <310>,35
5 Jahre,Horn <311>,16
5 Jahre,Korneuburg <312>,76
5 Jahre,Krems Land <313>,24
5 Jahre,Lilienfeld <314>,18
5 Jahre,Melk <315>,44
5 Jahre,Mistelbach <316>,69
5 Jahre,Mödling <317>,103
5 Jahre,Neunkirchen <318>,80
5 Jahre,Sankt Pölten Land <319>,117
5 Jahre,Scheibbs <320>,35
5 Jahre,Tulln <321>,88
5 Jahre,Waidhofen an der Thaya <322>,15
5 Jahre,Wiener Neustadt Land <323>,73
5 Jahre,Wien Umgebung ^<324>,-
5 Jahre,Zwettl <325>,27
5 Jahre,Stadt Linz <401>,211
5 Jahre,Stadt Steyr <402>,44
5 Jahre,Stadt Wels <403>,87
5 Jahre,Braunau <404>,85
5 Jahre,Eferding <405>,17
5 Jahre,Freistadt <406>,36
5 Jahre,Gmunden <407>,51
5 Jahre,Grieskirchen <408>,43
5 Jahre,Kirchdorf <409>,36
5 Jahre,Linz Land <410>,130
5 Jahre,Perg <411>,55
5 Jahre,Ried <412>,50
5 Jahre,Rohrbach <413>,28
5 Jahre,Schärding <414>,41
5 Jahre,Steyr Land <415>,41
5 Jahre,Urfahr Umgebung <416>,50
5 Jahre,Vöcklabruck <417>,90
5 Jahre,Wels Land <418>,56
5 Jahre,Salzburg (Stadt) <501>,157
5 Jahre,Hallein <502>,49
5 Jahre,Salzburg Umgebung <503>,118
5 Jahre,St. Johann im Pongau <504>,70
5 Jahre,Tamsweg <505>,7
5 Jahre,Zell am See <506>,58
5 Jahre,Graz (Stadt) <601>,333
5 Jahre,Bruck an der Mur ^<602>,-
5 Jahre,Bruck-Mürzzuschlag <621>,99
5 Jahre,Deutschlandsberg <603>,41
5 Jahre,Feldbach ^<604>,-
5 Jahre,Fürstenfeld ^<605>,-
5 Jahre,Graz Umgebung <606>,144
5 Jahre,Hartberg ^<607>,-
5 Jahre,Hartberg-Fürstenfeld <622>,53
5 Jahre,Judenburg ^<608>,-
5 Jahre,Knittelfeld ^<609>,-
5 Jahre,Leibnitz <610>,77
5 Jahre,Leoben <611>,45
5 Jahre,Liezen <612>,65
5 Jahre,Murtal <620>,76
5 Jahre,Mürzzuschlag ^<613>,-
5 Jahre,Murau <614>,6
5 Jahre,Radkersburg ^<615>,-
5 Jahre,Südoststeiermark <623>,62
5 Jahre,Voitsberg <616>,45
5 Jahre,Weiz <617>,72
6 Jahre,Eisenstadt (Stadt) <101>,24
6 Jahre,Rust (Stadt) <102>,-
6 Jahre,Eisenstadt Umgebung <103>,32
6 Jahre,Güssing <104>,16
6 Jahre,Jennersdorf <105>,9
6 Jahre,Mattersburg <106>,32
6 Jahre,Neusiedl am See <107>,39
6 Jahre,Oberpullendorf <108>,19
6 Jahre,Oberwart <109>,47
6 Jahre,Klagenfurt (Stadt) <201>,82
6 Jahre,Villach (Stadt) <202>,61
6 Jahre,Feldkirchen <210>,27
6 Jahre,Hermagor <203>,13
6 Jahre,Klagenfurt Land <204>,50
6 Jahre,Sankt Veit an der Glan <205>,44
6 Jahre,Spittal an der Drau <206>,41
6 Jahre,Villach Land <207>,45
6 Jahre,Völkermarkt <208>,29
6 Jahre,Wolfsberg <209>,55
6 Jahre,Krems an der Donau (Stadt) <301>,22
6 Jahre,Sankt Pölten (Stadt) <302>,55
6 Jahre,Waidhofen an der Ybbs (Stadt) <303>,7
6 Jahre,Wiener Neustadt (Stadt) <304>,57
6 Jahre,Amstetten <305>,76
6 Jahre,Baden <306>,135
6 Jahre,Bruck an der Leitha <307>,97
6 Jahre,Gänserndorf <308>,106
6 Jahre,Gmünd <309>,17
6 Jahre,Hollabrunn <310>,25
6 Jahre,Horn <311>,12
6 Jahre,Korneuburg <312>,71
6 Jahre,Krems Land <313>,26
6 Jahre,Lilienfeld <314>,18
6 Jahre,Melk <315>,57
6 Jahre,Mistelbach <316>,64
6 Jahre,Mödling <317>,127
6 Jahre,Neunkirchen <318>,81
6 Jahre,Sankt Pölten Land <319>,112
6 Jahre,Scheibbs <320>,28
6 Jahre,Tulln <321>,87
6 Jahre,Waidhofen an der Thaya <322>,14
6 Jahre,Wiener Neustadt Land <323>,73
6 Jahre,Wien Umgebung ^<324>,-
6 Jahre,Zwettl <325>,33
6 Jahre,Stadt Linz <401>,213
6 Jahre,Stadt Steyr <402>,34
6 Jahre,Stadt Wels <403>,69
6 Jahre,Braunau <404>,85
6 Jahre,Eferding <405>,14
6 Jahre,Freistadt <406>,37
6 Jahre,Gmunden <407>,68
6 Jahre,Grieskirchen <408>,35
6 Jahre,Kirchdorf <409>,25
6 Jahre,Linz Land <410>,130
6 Jahre,Perg <411>,68
6 Jahre,Ried <412>,56
6 Jahre,Rohrbach <413>,24
6 Jahre,Schärding <414>,30
6 Jahre,Steyr Land <415>,44
6 Jahre,Urfahr Umgebung <416>,61
6 Jahre,Vöcklabruck <417>,108
6 Jahre,Wels Land <418>,55
6 Jahre,Salzburg (Stadt) <501>,124
6 Jahre,Hallein <502>,39
6 Jahre,Salzburg Umgebung <503>,79
6 Jahre,St. Johann im Pongau <504>,60
6 Jahre,Tamsweg <505>,15
6 Jahre,Zell am See <506>,65
6 Jahre,Graz (Stadt) <601>,306
6 Jahre,Bruck an der Mur ^<602>,-
6 Jahre,Bruck-Mürzzuschlag <621>,72
6 Jahre,Deutschlandsberg <603>,37
6 Jahre,Feldbach ^<604>,-
6 Jahre,Fürstenfeld ^<605>,-
6 Jahre,Graz Umgebung <606>,136
6 Jahre,Hartberg ^<607>,-
6 Jahre,Hartberg-Fürstenfeld <622>,58
6 Jahre,Judenburg ^<608>,-
6 Jahre,Knittelfeld ^<609>,-
6 Jahre,Leibnitz <610>,64
6 Jahre,Leoben <611>,51
6 Jahre,Liezen <612>,50
6 Jahre,Murtal <620>,60
6 Jahre,Mürzzuschlag ^<613>,-
6 Jahre,Murau <614>,18
6 Jahre,Radkersburg ^<615>,-
6 Jahre,Südoststeiermark <623>,53
6 Jahre,Voitsberg <616>,29
6 Jahre,Weiz <617>,62
7 Jahre,Eisenstadt (Stadt) <101>,18
7 Jahre,Rust (Stadt) <102>,1
7 Jahre,Eisenstadt Umgebung <103>,27
7 Jahre,Güssing <104>,10
7 Jahre,Jennersdorf <105>,10
7 Jahre,Mattersburg <106>,20
7 Jahre,Neusiedl am See <107>,33
7 Jahre,Oberpullendorf <108>,17
7 Jahre,Oberwart <109>,36
7 Jahre,Klagenfurt (Stadt) <201>,90
7 Jahre,Villach (Stadt) <202>,40
7 Jahre,Feldkirchen <210>,23
7 Jahre,Hermagor <203>,5
7 Jahre,Klagenfurt Land <204>,47
7 Jahre,Sankt Veit an der Glan <205>,35
7 Jahre,Spittal an der Drau <206>,47
7 Jahre,Villach Land <207>,38
7 Jahre,Völkermarkt <208>,17
7 Jahre,Wolfsberg <209>,41
7 Jahre,Krems an der Donau (Stadt) <301>,19
7 Jahre,Sankt Pölten (Stadt) <302>,56
7 Jahre,Waidhofen an der Ybbs (Stadt) <303>,9
7 Jahre,Wiener Neustadt (Stadt) <304>,54
7 Jahre,Amstetten <305>,83
7 Jahre,Baden <306>,111
7 Jahre,Bruck an der Leitha <307>,95
7 Jahre,Gänserndorf <308>,89
7 Jahre,Gmünd <309>,16
7 Jahre,Hollabrunn <310>,23
7 Jahre,Horn <311>,15
7 Jahre,Korneuburg <312>,61
7 Jahre,Krems Land <313>,23
7 Jahre,Lilienfeld <314>,19
7 Jahre,Melk <315>,55
7 Jahre,Mistelbach <316>,52
7 Jahre,Mödling <317>,76
7 Jahre,Neunkirchen <318>,60
7 Jahre,Sankt Pölten Land <319>,100
7 Jahre,Scheibbs <320>,16
7 Jahre,Tulln <321>,79
7 Jahre,Waidhofen an der Thaya <322>,12
7 Jahre,Wiener Neustadt Land <323>,51
7 Jahre,Wien Umgebung ^<324>,-
7 Jahre,Zwettl <325>,11
7 Jahre,Stadt Linz <401>,193
7 Jahre,Stadt Steyr <402>,26
7 Jahre,Stadt Wels <403>,62
7 Jahre,Braunau <404>,73
7 Jahre,Eferding <405>,23
7 Jahre,Freistadt <406>,21
7 Jahre,Gmunden <407>,63
7 Jahre,Grieskirchen <408>,44
7 Jahre,Kirchdorf <409>,30
7 Jahre,Linz Land <410>,126
7 Jahre,Perg <411>,55
7 Jahre,Ried <412>,40
7 Jahre,Rohrbach <413>,34
7 Jahre,Schärding <414>,34
7 Jahre,Steyr Land <415>,26
7 Jahre,Urfahr Umgebung <416>,63
7 Jahre,Vöcklabruck <417>,97
7 Jahre,Wels Land <418>,45
7 Jahre,Salzburg (Stadt) <501>,113
7 Jahre,Hallein <502>,34
7 Jahre,Salzburg Umgebung <503>,96
7 Jahre,St. Johann im Pongau <504>,42
7 Jahre,Tamsweg <505>,11
7 Jahre,Zell am See <506>,48
7 Jahre,Graz (Stadt) <601>,278
7 Jahre,Bruck an der Mur ^<602>,-
7 Jahre,Bruck-Mürzzuschlag <621>,53
7 Jahre,Deutschlandsberg <603>,36
7 Jahre,Feldbach ^<604>,-
7 Jahre,Fürstenfeld ^<605>,-
7 Jahre,Graz Umgebung <606>,119
7 Jahre,Hartberg ^<607>,-
7 Jahre,Hartberg-Fürstenfeld <622>,32
7 Jahre,Judenburg ^<608>,-
7 Jahre,Knittelfeld ^<609>,-
7 Jahre,Leibnitz <610>,77
7 Jahre,Leoben <611>,44
7 Jahre,Liezen <612>,52
7 Jahre,Murtal <620>,49
7 Jahre,Mürzzuschlag ^<613>,-
7 Jahre,Murau <614>,15
7 Jahre,Radkersburg ^<615>,-
7 Jahre,Südoststeiermark <623>,46
7 Jahre,Voitsberg <616>,35
7 Jahre,Weiz <617>,61
8 Jahre,Eisenstadt (Stadt) <101>,23
8 Jahre,Rust (Stadt) <102>,-
8 Jahre,Eisenstadt Umgebung <103>,32
8 Jahre,Güssing <104>,14
8 Jahre,Jennersdorf <105>,11
8 Jahre,Mattersburg <106>,28
8 Jahre,Neusiedl am See <107>,34
8 Jahre,Oberpullendorf <108>,19
8 Jahre,Oberwart <109>,45
8 Jahre,Klagenfurt (Stadt) <201>,98
8 Jahre,Villach (Stadt) <202>,40
8 Jahre,Feldkirchen <210>,22
8 Jahre,Hermagor <203>,4
8 Jahre,Klagenfurt Land <204>,49
8 Jahre,Sankt Veit an der Glan <205>,38
8 Jahre,Spittal an der Drau <206>,36
8 Jahre,Villach Land <207>,41
8 Jahre,Völkermarkt <208>,33
8 Jahre,Wolfsberg <209>,41
8 Jahre,Krems an der Donau (Stadt) <301>,9
8 Jahre,Sankt Pölten (Stadt) <302>,47
8 Jahre,Waidhofen an der Ybbs (Stadt) <303>,6
8 Jahre,Wiener Neustadt (Stadt) <304>,63
8 Jahre,Amstetten <305>,54
8 Jahre,Baden <306>,126
8 Jahre,Bruck an der Leitha <307>,71
8 Jahre,Gänserndorf <308>,110
8 Jahre,Gmünd <309>,17
8 Jahre,Hollabrunn <310>,30
8 Jahre,Horn <311>,11
8 Jahre,Korneuburg <312>,59
8 Jahre,Krems Land <313>,26
8 Jahre,Lilienfeld <314>,19
8 Jahre,Melk <315>,55
8 Jahre,Mistelbach <316>,45
8 Jahre,Mödling <317>,91
8 Jahre,Neunkirchen <318>,90
8 Jahre,Sankt Pölten Land <319>,83
8 Jahre,Scheibbs <320>,24
8 Jahre,Tulln <321>,69
8 Jahre,Waidhofen an der Thaya <322>,18
8 Jahre,Wiener Neustadt Land <323>,57
8 Jahre,Wien Umgebung ^<324>,-
8 Jahre,Zwettl <325>,9
8 Jahre,Stadt Linz <401>,163
8 Jahre,Stadt Steyr <402>,23
8 Jahre,Stadt Wels <403>,60
8 Jahre,Braunau <404>,64
8 Jahre,Eferding <405>,17
8 Jahre,Freistadt <406>,34
8 Jahre,Gmunden <407>,39
8 Jahre,Grieskirchen <408>,38
8 Jahre,Kirchdorf <409>,26
8 Jahre,Linz Land <410>,128
8 Jahre,Perg <411>,65
8 Jahre,Ried <412>,40
8 Jahre,Rohrbach <413>,25
8 Jahre,Schärding <414>,26
8 Jahre,Steyr Land <415>,43
8 Jahre,Urfahr Umgebung <416>,38
8 Jahre,Vöcklabruck <417>,101
8 Jahre,Wels Land <418>,46
8 Jahre,Salzburg (Stadt) <501>,128
8 Jahre,Hallein <502>,36
8 Jahre,Salzburg Umgebung <503>,106
8 Jahre,St. Johann im Pongau <504>,47
8 Jahre,Tamsweg <505>,9
8 Jahre,Zell am See <506>,54
8 Jahre,Graz (Stadt) <601>,271
8 Jahre,Bruck an der Mur ^<602>,-
8 Jahre,Bruck-Mürzzuschlag <621>,66
8 Jahre,Deutschlandsberg <603>,34
8 Jahre,Feldbach ^<604>,-
8 Jahre,Fürstenfeld ^<605>,-
8 Jahre,Graz Umgebung <606>,101
8 Jahre,Hartberg ^<607>,-
8 Jahre,Hartberg-Fürstenfeld <622>,49
8 Jahre,Judenburg ^<608>,-
8 Jahre,Knittelfeld ^<609>,-
8 Jahre,Leibnitz <610>,63
8 Jahre,Leoben <611>,41
8 Jahre,Liezen <612>,50
8 Jahre,Murtal <620>,48
8 Jahre,Mürzzuschlag ^<613>,-
8 Jahre,Murau <614>,12
8 Jahre,Radkersburg ^<615>,-
8 Jahre,Südoststeiermark <623>,39
8 Jahre,Voitsberg <616>,29
8 Jahre,Weiz <617>,57
9 Jahre,Eisenstadt (Stadt) <101>,16
9 Jahre,Rust (Stadt) <102>,-
9 Jahre,Eisenstadt Umgebung <103>,26
9 Jahre,Güssing <104>,15
9 Jahre,Jennersdorf <105>,13
9 Jahre,Mattersburg <106>,25
9 Jahre,Neusiedl am See <107>,34
9 Jahre,Oberpullendorf <108>,12
9 Jahre,Oberwart <109>,45
9 Jahre,Klagenfurt (Stadt) <201>,78
9 Jahre,Villach (Stadt) <202>,53
9 Jahre,Feldkirchen <210>,19
9 Jahre,Hermagor <203>,5
9 Jahre,Klagenfurt Land <204>,39
9 Jahre,Sankt Veit an der Glan <205>,32
9 Jahre,Spittal an der Drau <206>,31
9 Jahre,Villach Land <207>,31
9 Jahre,Völkermarkt <208>,25
9 Jahre,Wolfsberg <209>,31
9 Jahre,Krems an der Donau (Stadt) <301>,11
9 Jahre,Sankt Pölten (Stadt) <302>,50
9 Jahre,Waidhofen an der Ybbs (Stadt) <303>,7
9 Jahre,Wiener Neustadt (Stadt) <304>,49
9 Jahre,Amstetten <305>,65
9 Jahre,Baden <306>,102
9 Jahre,Bruck an der Leitha <307>,95
9 Jahre,Gänserndorf <308>,97
9 Jahre,Gmünd <309>,13
9 Jahre,Hollabrunn <310>,30
9 Jahre,Horn <311>,16
9 Jahre,Korneuburg <312>,58
9 Jahre,Krems Land <313>,18
9 Jahre,Lilienfeld <314>,13
9 Jahre,Melk <315>,42
9 Jahre,Mistelbach <316>,49
9 Jahre,Mödling <317>,96
9 Jahre,Neunkirchen <318>,57
9 Jahre,Sankt Pölten Land <319>,93
9 Jahre,Scheibbs <320>,21
9 Jahre,Tulln <321>,63
9 Jahre,Waidhofen an der Thaya <322>,14
9 Jahre,Wiener Neustadt Land <323>,48
9 Jahre,Wien Umgebung ^<324>,-
9 Jahre,Zwettl <325>,16
9 Jahre,Stadt Linz <401>,165
9 Jahre,Stadt Steyr <402>,35
9 Jahre,Stadt Wels <403>,56
9 Jahre,Braunau <404>,71
9 Jahre,Eferding <405>,18
9 Jahre,Freistadt <406>,21
9 Jahre,Gmunden <407>,65
9 Jahre,Grieskirchen <408>,31
9 Jahre,Kirchdorf <409>,26
9 Jahre,Linz Land <410>,107
9 Jahre,Perg <411>,74
9 Jahre,Ried <412>,35
9 Jahre,Rohrbach <413>,28
9 Jahre,Schärding <414>,31
9 Jahre,Steyr Land <415>,29
9 Jahre,Urfahr Umgebung <416>,37
9 Jahre,Vöcklabruck <417>,89
9 Jahre,Wels Land <418>,44
9 Jahre,Salzburg (Stadt) <501>,97
9 Jahre,Hallein <502>,28
9 Jahre,Salzburg Umgebung <503>,95
9 Jahre,St. Johann im Pongau <504>,43
9 Jahre,Tamsweg <505>,16
9 Jahre,Zell am See <506>,56
9 Jahre,Graz (Stadt) <601>,285
9 Jahre,Bruck an der Mur ^<602>,-
9 Jahre,Bruck-Mürzzuschlag <621>,67
9 Jahre,Deutschlandsberg <603>,30
9 Jahre,Feldbach ^<604>,-
9 Jahre,Fürstenfeld ^<605>,-
9 Jahre,Graz Umgebung <606>,110
9 Jahre,Hartberg ^<607>,-
9 Jahre,Hartberg-Fürstenfeld <622>,41
9 Jahre,Judenburg ^<608>,-
9 Jahre,Knittelfeld ^<609>,-
9 Jahre,Leibnitz <610>,73
9 Jahre,Leoben <611>,52
9 Jahre,Liezen <612>,41
9 Jahre,Murtal <620>,58
9 Jahre,Mürzzuschlag ^<613>,-
9 Jahre,Murau <614>,12
9 Jahre,Radkersburg ^<615>,-
9 Jahre,Südoststeiermark <623>,41
9 Jahre,Voitsberg <616>,39
9 Jahre,Weiz <617>,52
10 Jahre,Eisenstadt (Stadt) <101>,16
10 Jahre,Rust (Stadt) <102>,-
10 Jahre,Eisenstadt Umgebung <103>,22
10 Jahre,Güssing <104>,13
10 Jahre,Jennersdorf <105>,9
10 Jahre,Mattersburg <106>,25
10 Jahre,Neusiedl am See <107>,29
10 Jahre,Oberpullendorf <108>,14
10 Jahre,Oberwart <109>,34
10 Jahre,Klagenfurt (Stadt) <201>,67
10 Jahre,Villach (Stadt) <202>,71
10 Jahre,Feldkirchen <210>,28
10 Jahre,Hermagor <203>,7
10 Jahre,Klagenfurt Land <204>,46
10 Jahre,Sankt Veit an der Glan <205>,43
10 Jahre,Spittal an der Drau <206>,34
10 Jahre,Villach Land <207>,65
10 Jahre,Völkermarkt <208>,35
10 Jahre,Wolfsberg <209>,40
10 Jahre,Krems an der Donau (Stadt) <301>,20
10 Jahre,Sankt Pölten (Stadt) <302>,62
10 Jahre,Waidhofen an der Ybbs (Stadt) <303>,12
10 Jahre,Wiener Neustadt (Stadt) <304>,64
10 Jahre,Amstetten <305>,57
10 Jahre,Baden <306>,123
10 Jahre,Bruck an der Leitha <307>,101
10 Jahre,Gänserndorf <308>,95
10 Jahre,Gmünd <309>,21
10 Jahre,Hollabrunn <310>,30
10 Jahre,Horn <311>,18
10 Jahre,Korneuburg <312>,64
10 Jahre,Krems Land <313>,24
10 Jahre,Lilienfeld <314>,14
10 Jahre,Melk <315>,50
10 Jahre,Mistelbach <316>,32
10 Jahre,Mödling <317>,85
10 Jahre,Neunkirchen <318>,68
10 Jahre,Sankt Pölten Land <319>,106
10 Jahre,Scheibbs <320>,23
10 Jahre,Tulln <321>,54
10 Jahre,Waidhofen an der Thaya <322>,18
10 Jahre,Wiener Neustadt Land <323>,44
10 Jahre,Wien Umgebung ^<324>,-
10 Jahre,Zwettl <325>,10
10 Jahre,Stadt Linz <401>,178
10 Jahre,Stadt Steyr <402>,28
10 Jahre,Stadt Wels <403>,54
10 Jahre,Braunau <404>,60
10 Jahre,Eferding <405>,22
10 Jahre,Freistadt <406>,39
10 Jahre,Gmunden <407>,39
10 Jahre,Grieskirchen <408>,23
10 Jahre,Kirchdorf <409>,30
10 Jahre,Linz Land <410>,106
10 Jahre,Perg <411>,54
10 Jahre,Ried <412>,39
10 Jahre,Rohrbach <413>,20
10 Jahre,Schärding <414>,21
10 Jahre,Steyr Land <415>,37
10 Jahre,Urfahr Umgebung <416>,43
10 Jahre,Vöcklabruck <417>,87
10 Jahre,Wels Land <418>,42
10 Jahre,Salzburg (Stadt) <501>,123
10 Jahre,Hallein <502>,37
10 Jahre,Salzburg Umgebung <503>,88
10 Jahre,St. Johann im Pongau <504>,54
10 Jahre,Tamsweg <505>,13
10 Jahre,Zell am See <506>,64
10 Jahre,Graz (Stadt) <601>,275
10 Jahre,Bruck an der Mur ^<602>,-
10 Jahre,Bruck-Mürzzuschlag <621>,64
10 Jahre,Deutschlandsberg <603>,41
10 Jahre,Feldbach ^<604>,-
10 Jahre,Fürstenfeld ^<605>,-
10 Jahre,Graz Umgebung <606>,107
10 Jahre,Hartberg ^<607>,-
10 Jahre,Hartberg-Fürstenfeld <622>,37
10 Jahre,Judenburg ^<608>,-
10 Jahre,Knittelfeld ^<609>,-
10 Jahre,Leibnitz <610>,66
10 Jahre,Leoben <611>,48
10 Jahre,Liezen <612>,35
10 Jahre,Murtal <620>,55
10 Jahre,Mürzzuschlag ^<613>,-
10 Jahre,Murau <614>,12
10 Jahre,Radkersburg ^<615>,-
10 Jahre,Südoststeiermark <623>,40
10 Jahre,Voitsberg <616>,46
10 Jahre,Weiz <617>,54
11 Jahre,Eisenstadt (Stadt) <101>,20
11 Jahre,Rust (Stadt) <102>,-
11 Jahre,Eisenstadt Umgebung <103>,29
11 Jahre,Güssing <104>,12
11 Jahre,Jennersdorf <105>,11
11 Jahre,Mattersburg <106>,27
11 Jahre,Neusiedl am See <107>,26
11 Jahre,Oberpullendorf <108>,16
11 Jahre,Oberwart <109>,48
11 Jahre,Klagenfurt (Stadt) <201>,83
11 Jahre,Villach (Stadt) <202>,49
11 Jahre,Feldkirchen <210>,27
11 Jahre,Hermagor <203>,11
11 Jahre,Klagenfurt Land <204>,35
11 Jahre,Sankt Veit an der Glan <205>,36
11 Jahre,Spittal an der Drau <206>,38
11 Jahre,Villach Land <207>,45
11 Jahre,Völkermarkt <208>,29
11 Jahre,Wolfsberg <209>,25
11 Jahre,Krems an der Donau (Stadt) <301>,13
11 Jahre,Sankt Pölten (Stadt) <302>,50
11 Jahre,Waidhofen an der Ybbs (Stadt) <303>,5
11 Jahre,Wiener Neustadt (Stadt) <304>,49
11 Jahre,Amstetten <305>,58
11 Jahre,Baden <306>,116
11 Jahre,Bruck an der Leitha <307>,63
11 Jahre,Gänserndorf <308>,81
11 Jahre,Gmünd <309>,14
11 Jahre,Hollabrunn <310>,19
11 Jahre,Horn <311>,12
11 Jahre,Korneuburg <312>,58
11 Jahre,Krems Land <313>,40
11 Jahre,Lilienfeld <314>,15
11 Jahre,Melk <315>,48
11 Jahre,Mistelbach <316>,38
11 Jahre,Mödling <317>,79
11 Jahre,Neunkirchen <318>,43
11 Jahre,Sankt Pölten Land <319>,79
11 Jahre,Scheibbs <320>,21
11 Jahre,Tulln <321>,61
11 Jahre,Waidhofen an der Thaya <322>,12
11 Jahre,Wiener Neustadt Land <323>,42
11 Jahre,Wien Umgebung ^<324>,-
11 Jahre,Zwettl <325>,21
11 Jahre,Stadt Linz <401>,180
11 Jahre,Stadt Steyr <402>,33
11 Jahre,Stadt Wels <403>,58
11 Jahre,Braunau <404>,56
11 Jahre,Eferding <405>,18
11 Jahre,Freistadt <406>,25
11 Jahre,Gmunden <407>,46
11 Jahre,Grieskirchen <408>,35
11 Jahre,Kirchdorf <409>,31
11 Jahre,Linz Land <410>,114
11 Jahre,Perg <411>,53
11 Jahre,Ried <412>,51
11 Jahre,Rohrbach <413>,29
11 Jahre,Schärding <414>,22
11 Jahre,Steyr Land <415>,35
11 Jahre,Urfahr Umgebung <416>,41
11 Jahre,Vöcklabruck <417>,86
11 Jahre,Wels Land <418>,48
11 Jahre,Salzburg (Stadt) <501>,87
11 Jahre,Hallein <502>,25
11 Jahre,Salzburg Umgebung <503>,81
11 Jahre,St. Johann im Pongau <504>,49
11 Jahre,Tamsweg <505>,12
11 Jahre,Zell am See <506>,48
11 Jahre,Graz (Stadt) <601>,258
11 Jahre,Bruck an der Mur ^<602>,-
11 Jahre,Bruck-Mürzzuschlag <621>,60
11 Jahre,Deutschlandsberg <603>,34
11 Jahre,Feldbach ^<604>,-
11 Jahre,Fürstenfeld ^<605>,-
11 Jahre,Graz Umgebung <606>,82
11 Jahre,Hartberg ^<607>,-
11 Jahre,Hartberg-Fürstenfeld <622>,31
11 Jahre,Judenburg ^<608>,-
11 Jahre,Knittelfeld ^<609>,-
11 Jahre,Leibnitz <610>,56
11 Jahre,Leoben <611>,44
11 Jahre,Liezen <612>,30
11 Jahre,Murtal <620>,48
11 Jahre,Mürzzuschlag ^<613>,-
11 Jahre,Murau <614>,7
11 Jahre,Radkersburg ^<615>,-
11 Jahre,Südoststeiermark <623>,40
11 Jahre,Voitsberg <616>,21
11 Jahre,Weiz <617>,40
12 Jahre,Eisenstadt (Stadt) <101>,18
12 Jahre,Rust (Stadt) <102>,-
12 Jahre,Eisenstadt Umgebung <103>,15
12 Jahre,Güssing <104>,9
12 Jahre,Jennersdorf <105>,7
12 Jahre,Mattersburg <106>,29
12 Jahre,Neusiedl am See <107>,32
12 Jahre,Oberpullendorf <108>,14
12 Jahre,Oberwart <109>,36
12 Jahre,Klagenfurt (Stadt) <201>,82
12 Jahre,Villach (Stadt) <202>,52
12 Jahre,Feldkirchen <210>,16
12 Jahre,Hermagor <203>,5
12 Jahre,Klagenfurt Land <204>,31
12 Jahre,Sankt Veit an der Glan <205>,34
12 Jahre,Spittal an der Drau <206>,47
12 Jahre,Villach Land <207>,50
12 Jahre,Völkermarkt <208>,25
12 Jahre,Wolfsberg <209>,20
12 Jahre,Krems an der Donau (Stadt) <301>,15
12 Jahre,Sankt Pölten (Stadt) <302>,60
12 Jahre,Waidhofen an der Ybbs (Stadt) <303>,2
12 Jahre,Wiener Neustadt (Stadt) <304>,61
12 Jahre,Amstetten <305>,47
12 Jahre,Baden <306>,94
12 Jahre,Bruck an der Leitha <307>,68
12 Jahre,Gänserndorf <308>,68
12 Jahre,Gmünd <309>,19
12 Jahre,Hollabrunn <310>,27
12 Jahre,Horn <311>,18
12 Jahre,Korneuburg <312>,60
12 Jahre,Krems Land <313>,16
12 Jahre,Lilienfeld <314>,15
12 Jahre,Melk <315>,39
12 Jahre,Mistelbach <316>,42
12 Jahre,Mödling <317>,64
12 Jahre,Neunkirchen <318>,52
12 Jahre,Sankt Pölten Land <319>,59
12 Jahre,Scheibbs <320>,21
12 Jahre,Tulln <321>,55
12 Jahre,Waidhofen an der Thaya <322>,15
12 Jahre,Wiener Neustadt Land <323>,39
12 Jahre,Wien Umgebung ^<324>,-
12 Jahre,Zwettl <325>,17
12 Jahre,Stadt Linz <401>,185
12 Jahre,Stadt Steyr <402>,20
12 Jahre,Stadt Wels <403>,61
12 Jahre,Braunau <404>,49
12 Jahre,Eferding <405>,15
12 Jahre,Freistadt <406>,29
12 Jahre,Gmunden <407>,60
12 Jahre,Grieskirchen <408>,26
12 Jahre,Kirchdorf <409>,33
12 Jahre,Linz Land <410>,94
12 Jahre,Perg <411>,49
12 Jahre,Ried <412>,35
12 Jahre,Rohrbach <413>,21
12 Jahre,Schärding <414>,21
12 Jahre,Steyr Land <415>,33
12 Jahre,Urfahr Umgebung <416>,44
12 Jahre,Vöcklabruck <417>,79
12 Jahre,Wels Land <418>,39
12 Jahre,Salzburg (Stadt) <501>,93
12 Jahre,Hallein <502>,36
12 Jahre,Salzburg Umgebung <503>,74
12 Jahre,St. Johann im Pongau <504>,26
12 Jahre,Tamsweg <505>,9
12 Jahre,Zell am See <506>,42
12 Jahre,Graz (Stadt) <601>,202
12 Jahre,Bruck an der Mur ^<602>,-
12 Jahre,Bruck-Mürzzuschlag <621>,64
12 Jahre,Deutschlandsberg <603>,28
12 Jahre,Feldbach ^<604>,-
12 Jahre,Fürstenfeld ^<605>,-
12 Jahre,Graz Umgebung <606>,97
12 Jahre,Hartberg ^<607>,-
12 Jahre,Hartberg-Fürstenfeld <622>,40
12 Jahre,Judenburg ^<608>,-
12 Jahre,Knittelfeld ^<609>,-
12 Jahre,Leibnitz <610>,56
12 Jahre,Leoben <611>,37
12 Jahre,Liezen <612>,37
12 Jahre,Murtal <620>,48
12 Jahre,Mürzzuschlag ^<613>,-
12 Jahre,Murau <614>,9
12 Jahre,Radkersburg ^<615>,-
12 Jahre,Südoststeiermark <623>,33
12 Jahre,Voitsberg <616>,37
12 Jahre,Weiz <617>,36
13 Jahre,Eisenstadt (Stadt) <101>,20
13 Jahre,Rust (Stadt) <102>,-
13 Jahre,Eisenstadt Umgebung <103>,26
13 Jahre,Güssing <104>,12
13 Jahre,Jennersdorf <105>,7
13 Jahre,Mattersburg <106>,24
13 Jahre,Neusiedl am See <107>,24
13 Jahre,Oberpullendorf <108>,14
13 Jahre,Oberwart <109>,35
13 Jahre,Klagenfurt (Stadt) <201>,94
13 Jahre,Villach (Stadt) <202>,52
13 Jahre,Feldkirchen <210>,25
13 Jahre,Hermagor <203>,4
13 Jahre,Klagenfurt Land <204>,29
13 Jahre,Sankt Veit an der Glan <205>,27
13 Jahre,Spittal an der Drau <206>,30
13 Jahre,Villach Land <207>,39
13 Jahre,Völkermarkt <208>,15
13 Jahre,Wolfsberg <209>,26
13 Jahre,Krems an der Donau (Stadt) <301>,15
13 Jahre,Sankt Pölten (Stadt) <302>,45
13 Jahre,Waidhofen an der Ybbs (Stadt) <303>,5
13 Jahre,Wiener Neustadt (Stadt) <304>,51
13 Jahre,Amstetten <305>,60
13 Jahre,Baden <306>,103
13 Jahre,Bruck an der Leitha <307>,70
13 Jahre,Gänserndorf <308>,88
13 Jahre,Gmünd <309>,13
13 Jahre,Hollabrunn <310>,23
13 Jahre,Horn <311>,16
13 Jahre,Korneuburg <312>,65
13 Jahre,Krems Land <313>,16
13 Jahre,Lilienfeld <314>,17
13 Jahre,Melk <315>,49
13 Jahre,Mistelbach <316>,31
13 Jahre,Mödling <317>,77
13 Jahre,Neunkirchen <318>,45
13 Jahre,Sankt Pölten Land <319>,87
13 Jahre,Scheibbs <320>,21
13 Jahre,Tulln <321>,63
13 Jahre,Waidhofen an der Thaya <322>,13
13 Jahre,Wiener Neustadt Land <323>,46
13 Jahre,Wien Umgebung ^<324>,-
13 Jahre,Zwettl <325>,17
13 Jahre,Stadt Linz <401>,157
13 Jahre,Stadt Steyr <402>,29
13 Jahre,Stadt Wels <403>,46
13 Jahre,Braunau <404>,46
13 Jahre,Eferding <405>,19
13 Jahre,Freistadt <406>,24
13 Jahre,Gmunden <407>,35
13 Jahre,Grieskirchen <408>,28
13 Jahre,Kirchdorf <409>,30
13 Jahre,Linz Land <410>,95
13 Jahre,Perg <411>,44
13 Jahre,Ried <412>,42
13 Jahre,Rohrbach <413>,17
13 Jahre,Schärding <414>,21
13 Jahre,Steyr Land <415>,33
13 Jahre,Urfahr Umgebung <416>,24
13 Jahre,Vöcklabruck <417>,73
13 Jahre,Wels Land <418>,44
13 Jahre,Salzburg (Stadt) <501>,80
13 Jahre,Hallein <502>,26
13 Jahre,Salzburg Umgebung <503>,68
13 Jahre,St. Johann im Pongau <504>,34
13 Jahre,Tamsweg <505>,7
13 Jahre,Zell am See <506>,47
13 Jahre,Graz (Stadt) <601>,211
13 Jahre,Bruck an der Mur ^<602>,-
13 Jahre,Bruck-Mürzzuschlag <621>,62
13 Jahre,Deutschlandsberg <603>,25
13 Jahre,Feldbach ^<604>,-
13 Jahre,Fürstenfeld ^<605>,-
13 Jahre,Graz Umgebung <606>,77
13 Jahre,Hartberg ^<607>,-
13 Jahre,Hartberg-Fürstenfeld <622>,36
13 Jahre,Judenburg ^<608>,-
13 Jahre,Knittelfeld ^<609>,-
13 Jahre,Leibnitz <610>,48
13 Jahre,Leoben <611>,43
13 Jahre,Liezen <612>,33
13 Jahre,Murtal <620>,44
13 Jahre,Mürzzuschlag ^<613>,-
13 Jahre,Murau <614>,7
13 Jahre,Radkersburg ^<615>,-
13 Jahre,Südoststeiermark <623>,32
13 Jahre,Voitsberg <616>,22
13 Jahre,Weiz <617>,46
14 Jahre,Eisenstadt (Stadt) <101>,13
14 Jahre,Rust (Stadt) <102>,-
14 Jahre,Eisenstadt Umgebung <103>,31
14 Jahre,Güssing <104>,20
14 Jahre,Jennersdorf <105>,6
14 Jahre,Mattersburg <106>,22
14 Jahre,Neusiedl am See <107>,26
14 Jahre,Oberpullendorf <108>,15
14 Jahre,Oberwart <109>,43
14 Jahre,Klagenfurt (Stadt) <201>,76
14 Jahre,Villach (Stadt) <202>,41
14 Jahre,Feldkirchen <210>,20
14 Jahre,Hermagor <203>,7
14 Jahre,Klagenfurt Land <204>,34
14 Jahre,Sankt Veit an der Glan <205>,43
14 Jahre,Spittal an der Drau <206>,51
14 Jahre,Villach Land <207>,47
14 Jahre,Völkermarkt <208>,23
14 Jahre,Wolfsberg <209>,33
14 Jahre,Krems an der Donau (Stadt) <301>,12
14 Jahre,Sankt Pölten (Stadt) <302>,58
14 Jahre,Waidhofen an der Ybbs (Stadt) <303>,5
14 Jahre,Wiener Neustadt (Stadt) <304>,62
14 Jahre,Amstetten <305>,69
14 Jahre,Baden <306>,81
14 Jahre,Bruck an der Leitha <307>,54
14 Jahre,Gänserndorf <308>,97
14 Jahre,Gmünd <309>,26
14 Jahre,Hollabrunn <310>,24
14 Jahre,Horn <311>,15
14 Jahre,Korneuburg <312>,66
14 Jahre,Krems Land <313>,23
14 Jahre,Lilienfeld <314>,15
14 Jahre,Melk <315>,47
14 Jahre,Mistelbach <316>,38
14 Jahre,Mödling <317>,89
14 Jahre,Neunkirchen <318>,50
14 Jahre,Sankt Pölten Land <319>,72
14 Jahre,Scheibbs <320>,24
14 Jahre,Tulln <321>,70
14 Jahre,Waidhofen an der Thaya <322>,10
14 Jahre,Wiener Neustadt Land <323>,51
14 Jahre,Wien Umgebung ^<324>,-
14 Jahre,Zwettl <325>,12
14 Jahre,Stadt Linz <401>,156
14 Jahre,Stadt Steyr <402>,31
14 Jahre,Stadt Wels <403>,56
14 Jahre,Braunau <404>,53
14 Jahre,Eferding <405>,14
14 Jahre,Freistadt <406>,33
14 Jahre,Gmunden <407>,41
14 Jahre,Grieskirchen <408>,29
14 Jahre,Kirchdorf <409>,37
14 Jahre,Linz Land <410>,108
14 Jahre,Perg <411>,50
14 Jahre,Ried <412>,28
14 Jahre,Rohrbach <413>,16
14 Jahre,Schärding <414>,24
14 Jahre,Steyr Land <415>,36
14 Jahre,Urfahr Umgebung <416>,51
14 Jahre,Vöcklabruck <417>,68
14 Jahre,Wels Land <418>,46
14 Jahre,Salzburg (Stadt) <501>,107
14 Jahre,Hallein <502>,24
14 Jahre,Salzburg Umgebung <503>,79
14 Jahre,St. Johann im Pongau <504>,37
14 Jahre,Tamsweg <505>,7
14 Jahre,Zell am See <506>,41
14 Jahre,Graz (Stadt) <601>,256
14 Jahre,Bruck an der Mur ^<602>,-
14 Jahre,Bruck-Mürzzuschlag <621>,54
14 Jahre,Deutschlandsberg <603>,30
14 Jahre,Feldbach ^<604>,-
14 Jahre,Fürstenfeld ^<605>,-
14 Jahre,Graz Umgebung <606>,82
14 Jahre,Hartberg ^<607>,-
14 Jahre,Hartberg-Fürstenfeld <622>,33
14 Jahre,Judenburg ^<608>,-
14 Jahre,Knittelfeld ^<609>,-
14 Jahre,Leibnitz <610>,61
14 Jahre,Leoben <611>,30
14 Jahre,Liezen <612>,32
14 Jahre,Murtal <620>,52
14 Jahre,Mürzzuschlag ^<613>,-
14 Jahre,Murau <614>,14
14 Jahre,Radkersburg ^<615>,-
14 Jahre,Südoststeiermark <623>,31
14 Jahre,Voitsberg <616>,35
14 Jahre,Weiz <617>,51
15 Jahre,Eisenstadt (Stadt) <101>,19
15 Jahre,Rust (Stadt) <102>,1
15 Jahre,Eisenstadt Umgebung <103>,15
15 Jahre,Güssing <104>,10
15 Jahre,Jennersdorf <105>,5
15 Jahre,Mattersburg <106>,14
15 Jahre,Neusiedl am See <107>,28
15 Jahre,Oberpullendorf <108>,11
15 Jahre,Oberwart <109>,37
15 Jahre,Klagenfurt (Stadt) <201>,98
15 Jahre,Villach (Stadt) <202>,57
15 Jahre,Feldkirchen <210>,20
15 Jahre,Hermagor <203>,8
15 Jahre,Klagenfurt Land <204>,30
15 Jahre,Sankt Veit an der Glan <205>,39
15 Jahre,Spittal an der Drau <206>,31
15 Jahre,Villach Land <207>,42
15 Jahre,Völkermarkt <208>,17
15 Jahre,Wolfsberg <209>,38
15 Jahre,Krems an der Donau (Stadt) <301>,14
15 Jahre,Sankt Pölten (Stadt) <302>,59
15 Jahre,Waidhofen an der Ybbs (Stadt) <303>,4
15 Jahre,Wiener Neustadt (Stadt) <304>,62
15 Jahre,Amstetten <305>,39
15 Jahre,Baden <306>,86
15 Jahre,Bruck an der Leitha <307>,67
15 Jahre,Gänserndorf <308>,84
15 Jahre,Gmünd <309>,13
15 Jahre,Hollabrunn <310>,20
15 Jahre,Horn <311>,10
15 Jahre,Korneuburg <312>,50
15 Jahre,Krems Land <313>,29
15 Jahre,Lilienfeld <314>,17
15 Jahre,Melk <315>,39
15 Jahre,Mistelbach <316>,27
15 Jahre,Mödling <317>,74
15 Jahre,Neunkirchen <318>,46
15 Jahre,Sankt Pölten Land <319>,73
15 Jahre,Scheibbs <320>,20
15 Jahre,Tulln <321>,53
15 Jahre,Waidhofen an der Thaya <322>,15
15 Jahre,Wiener Neustadt Land <323>,33
15 Jahre,Wien Umgebung ^<324>,-
15 Jahre,Zwettl <325>,12
15 Jahre,Stadt Linz <401>,169
15 Jahre,Stadt Steyr <402>,38
15 Jahre,Stadt Wels <403>,52
15 Jahre,Braunau <404>,56
15 Jahre,Eferding <405>,13
15 Jahre,Freistadt <406>,25
15 Jahre,Gmunden <407>,44
15 Jahre,Grieskirchen <408>,34
15 Jahre,Kirchdorf <409>,29
15 Jahre,Linz Land <410>,100
15 Jahre,Perg <411>,45
15 Jahre,Ried <412>,37
15 Jahre,Rohrbach <413>,13
15 Jahre,Schärding <414>,23
15 Jahre,Steyr Land <415>,33
15 Jahre,Urfahr Umgebung <416>,38
15 Jahre,Vöcklabruck <417>,76
15 Jahre,Wels Land <418>,32
15 Jahre,Salzburg (Stadt) <501>,113
15 Jahre,Hallein <502>,27
15 Jahre,Salzburg Umgebung <503>,80
15 Jahre,St. Johann im Pongau <504>,35
15 Jahre,Tamsweg <505>,4
15 Jahre,Zell am See <506>,47
15 Jahre,Graz (Stadt) <601>,253
15 Jahre,Bruck an der Mur ^<602>,-
15 Jahre,Bruck-Mürzzuschlag <621>,76
15 Jahre,Deutschlandsberg <603>,31
15 Jahre,Feldbach ^<604>,-
15 Jahre,Fürstenfeld ^<605>,-
15 Jahre,Graz Umgebung <606>,72
15 Jahre,Hartberg ^<607>,-
15 Jahre,Hartberg-Fürstenfeld <622>,41
15 Jahre,Judenburg ^<608>,-
15 Jahre,Knittelfeld ^<609>,-
15 Jahre,Leibnitz <610>,46
15 Jahre,Leoben <611>,43
15 Jahre,Liezen <612>,28
15 Jahre,Murtal <620>,38
15 Jahre,Mürzzuschlag ^<613>,-
15 Jahre,Murau <614>,9
15 Jahre,Radkersburg ^<615>,-
15 Jahre,Südoststeiermark <623>,33
15 Jahre,Voitsberg <616>,33
15 Jahre,Weiz <617>,38
16 Jahre,Eisenstadt (Stadt) <101>,11
16 Jahre,Rust (Stadt) <102>,-
16 Jahre,Eisenstadt Umgebung <103>,20
16 Jahre,Güssing <104>,12
16 Jahre,Jennersdorf <105>,6
16 Jahre,Mattersburg <106>,19
16 Jahre,Neusiedl am See <107>,27
16 Jahre,Oberpullendorf <108>,7
16 Jahre,Oberwart <109>,44
16 Jahre,Klagenfurt (Stadt) <201>,80
16 Jahre,Villach (Stadt) <202>,58
16 Jahre,Feldkirchen <210>,25
16 Jahre,Hermagor <203>,5
16 Jahre,Klagenfurt Land <204>,30
16 Jahre,Sankt Veit an der Glan <205>,33
16 Jahre,Spittal an der Drau <206>,34
16 Jahre,Villach Land <207>,42
16 Jahre,Völkermarkt <208>,19
16 Jahre,Wolfsberg <209>,34
16 Jahre,Krems an der Donau (Stadt) <301>,24
16 Jahre,Sankt Pölten (Stadt) <302>,54
16 Jahre,Waidhofen an der Ybbs (Stadt) <303>,1
16 Jahre,Wiener Neustadt (Stadt) <304>,57
16 Jahre,Amstetten <305>,62
16 Jahre,Baden <306>,80
16 Jahre,Bruck an der Leitha <307>,69
16 Jahre,Gänserndorf <308>,91
16 Jahre,Gmünd <309>,19
16 Jahre,Hollabrunn <310>,41
16 Jahre,Horn <311>,7
16 Jahre,Korneuburg <312>,45
16 Jahre,Krems Land <313>,20
16 Jahre,Lilienfeld <314>,16
16 Jahre,Melk <315>,40
16 Jahre,Mistelbach <316>,29
16 Jahre,Mödling <317>,85
16 Jahre,Neunkirchen <318>,47
16 Jahre,Sankt Pölten Land <319>,55
16 Jahre,Scheibbs <320>,20
16 Jahre,Tulln <321>,53
16 Jahre,Waidhofen an der Thaya <322>,9
16 Jahre,Wiener Neustadt Land <323>,40
16 Jahre,Wien Umgebung ^<324>,-
16 Jahre,Zwettl <325>,8
16 Jahre,Stadt Linz <401>,184
16 Jahre,Stadt Steyr <402>,31
16 Jahre,Stadt Wels <403>,67
16 Jahre,Braunau <404>,47
16 Jahre,Eferding <405>,10
16 Jahre,Freistadt <406>,16
16 Jahre,Gmunden <407>,39
16 Jahre,Grieskirchen <408>,34
16 Jahre,Kirchdorf <409>,23
16 Jahre,Linz Land <410>,101
16 Jahre,Perg <411>,32
16 Jahre,Ried <412>,29
16 Jahre,Rohrbach <413>,19
16 Jahre,Schärding <414>,26
16 Jahre,Steyr Land <415>,31
16 Jahre,Urfahr Umgebung <416>,28
16 Jahre,Vöcklabruck <417>,71
16 Jahre,Wels Land <418>,36
16 Jahre,Salzburg (Stadt) <501>,104
16 Jahre,Hallein <502>,21
16 Jahre,Salzburg Umgebung <503>,86
16 Jahre,St. Johann im Pongau <504>,26
16 Jahre,Tamsweg <505>,12
16 Jahre,Zell am See <506>,34
16 Jahre,Graz (Stadt) <601>,284
16 Jahre,Bruck an der Mur ^<602>,-
16 Jahre,Bruck-Mürzzuschlag <621>,71
16 Jahre,Deutschlandsberg <603>,24
16 Jahre,Feldbach ^<604>,-
16 Jahre,Fürstenfeld ^<605>,-
16 Jahre,Graz Umgebung <606>,82
16 Jahre,Hartberg ^<607>,-
16 Jahre,Hartberg-Fürstenfeld <622>,44
16 Jahre,Judenburg ^<608>,-
16 Jahre,Knittelfeld ^<609>,-
16 Jahre,Leibnitz <610>,53
16 Jahre,Leoben <611>,42
16 Jahre,Liezen <612>,38
16 Jahre,Murtal <620>,42
16 Jahre,Mürzzuschlag ^<613>,-
16 Jahre,Murau <614>,7
16 Jahre,Radkersburg ^<615>,-
16 Jahre,Südoststeiermark <623>,40
16 Jahre,Voitsberg <616>,30
16 Jahre,Weiz <617>,46
17 Jahre,Eisenstadt (Stadt) <101>,11
17 Jahre,Rust (Stadt) <102>,1
17 Jahre,Eisenstadt Umgebung <103>,22
17 Jahre,Güssing <104>,12
17 Jahre,Jennersdorf <105>,6
17 Jahre,Mattersburg <106>,20
17 Jahre,Neusiedl am See <107>,26
17 Jahre,Oberpullendorf <108>,14
17 Jahre,Oberwart <109>,44
17 Jahre,Klagenfurt (Stadt) <201>,107
17 Jahre,Villach (Stadt) <202>,70
17 Jahre,Feldkirchen <210>,20
17 Jahre,Hermagor <203>,8
17 Jahre,Klagenfurt Land <204>,33
17 Jahre,Sankt Veit an der Glan <205>,29
17 Jahre,Spittal an der Drau <206>,38
17 Jahre,Villach Land <207>,35
17 Jahre,Völkermarkt <208>,26
17 Jahre,Wolfsberg <209>,23
17 Jahre,Krems an der Donau (Stadt) <301>,25
17 Jahre,Sankt Pölten (Stadt) <302>,62
17 Jahre,Waidhofen an der Ybbs (Stadt) <303>,5
17 Jahre,Wiener Neustadt (Stadt) <304>,69
17 Jahre,Amstetten <305>,55
17 Jahre,Baden <306>,78
17 Jahre,Bruck an der Leitha <307>,75
17 Jahre,Gänserndorf <308>,80
17 Jahre,Gmünd <309>,17
17 Jahre,Hollabrunn <310>,14
17 Jahre,Horn <311>,18
17 Jahre,Korneuburg <312>,32
17 Jahre,Krems Land <313>,28
17 Jahre,Lilienfeld <314>,13
17 Jahre,Melk <315>,47
17 Jahre,Mistelbach <316>,48
17 Jahre,Mödling <317>,75
17 Jahre,Neunkirchen <318>,61
17 Jahre,Sankt Pölten Land <319>,75
17 Jahre,Scheibbs <320>,19
17 Jahre,Tulln <321>,46
17 Jahre,Waidhofen an der Thaya <322>,17
17 Jahre,Wiener Neustadt Land <323>,37
17 Jahre,Wien Umgebung ^<324>,-
17 Jahre,Zwettl <325>,24
17 Jahre,Stadt Linz <401>,213
17 Jahre,Stadt Steyr <402>,42
17 Jahre,Stadt Wels <403>,72
17 Jahre,Braunau <404>,44
17 Jahre,Eferding <405>,15
17 Jahre,Freistadt <406>,24
17 Jahre,Gmunden <407>,44
17 Jahre,Grieskirchen <408>,33
17 Jahre,Kirchdorf <409>,40
17 Jahre,Linz Land <410>,98
17 Jahre,Perg <411>,48
17 Jahre,Ried <412>,30
17 Jahre,Rohrbach <413>,27
17 Jahre,Schärding <414>,19
17 Jahre,Steyr Land <415>,29
17 Jahre,Urfahr Umgebung <416>,32
17 Jahre,Vöcklabruck <417>,76
17 Jahre,Wels Land <418>,29
17 Jahre,Salzburg (Stadt) <501>,139
17 Jahre,Hallein <502>,31
17 Jahre,Salzburg Umgebung <503>,97
17 Jahre,St. Johann im Pongau <504>,42
17 Jahre,Tamsweg <505>,6
17 Jahre,Zell am See <506>,27
17 Jahre,Graz (Stadt) <601>,352
17 Jahre,Bruck an der Mur ^<602>,-
17 Jahre,Bruck-Mürzzuschlag <621>,78
17 Jahre,Deutschlandsberg <603>,34
17 Jahre,Feldbach ^<604>,-
17 Jahre,Fürstenfeld ^<605>,-
17 Jahre,Graz Umgebung <606>,94
17 Jahre,Hartberg ^<607>,-
17 Jahre,Hartberg-Fürstenfeld <622>,33
17 Jahre,Judenburg ^<608>,-
17 Jahre,Knittelfeld ^<609>,-
17 Jahre,Leibnitz <610>,40
17 Jahre,Leoben <611>,44
17 Jahre,Liezen <612>,59
17 Jahre,Murtal <620>,53
17 Jahre,Mürzzuschlag ^<613>,-
17 Jahre,Murau <614>,13
17 Jahre,Radkersburg ^<615>,-
17 Jahre,Südoststeiermark <623>,48
17 Jahre,Voitsberg <616>,42
17 Jahre,Weiz <617>,45
18 Jahre,Eisenstadt (Stadt) <101>,34
18 Jahre,Rust (Stadt) <102>,-
18 Jahre,Eisenstadt Umgebung <103>,32
18 Jahre,Güssing <104>,20
18 Jahre,Jennersdorf <105>,12
18 Jahre,Mattersburg <106>,27
18 Jahre,Neusiedl am See <107>,33
18 Jahre,Oberpullendorf <108>,28
18 Jahre,Oberwart <109>,68
18 Jahre,Klagenfurt (Stadt) <201>,204
18 Jahre,Villach (Stadt) <202>,120
18 Jahre,Feldkirchen <210>,41
18 Jahre,Hermagor <203>,5
18 Jahre,Klagenfurt Land <204>,45
18 Jahre,Sankt Veit an der Glan <205>,58
18 Jahre,Spittal an der Drau <206>,72
18 Jahre,Villach Land <207>,62
18 Jahre,Völkermarkt <208>,34
18 Jahre,Wolfsberg <209>,57
18 Jahre,Krems an der Donau (Stadt) <301>,75
18 Jahre,Sankt Pölten (Stadt) <302>,156
18 Jahre,Waidhofen an der Ybbs (Stadt) <303>,3
18 Jahre,Wiener Neustadt (Stadt) <304>,115
18 Jahre,Amstetten <305>,97
18 Jahre,Baden <306>,122
18 Jahre,Bruck an der Leitha <307>,111
18 Jahre,Gänserndorf <308>,96
18 Jahre,Gmünd <309>,20
18 Jahre,Hollabrunn <310>,48
18 Jahre,Horn <311>,21
18 Jahre,Korneuburg <312>,72
18 Jahre,Krems Land <313>,34
18 Jahre,Lilienfeld <314>,33
18 Jahre,Melk <315>,62
18 Jahre,Mistelbach <316>,94
18 Jahre,Mödling <317>,101
18 Jahre,Neunkirchen <318>,97
18 Jahre,Sankt Pölten Land <319>,80
18 Jahre,Scheibbs <320>,25
18 Jahre,Tulln <321>,72
18 Jahre,Waidhofen an der Thaya <322>,23
18 Jahre,Wiener Neustadt Land <323>,59
18 Jahre,Wien Umgebung ^<324>,-
18 Jahre,Zwettl <325>,14
18 Jahre,Stadt Linz <401>,445
18 Jahre,Stadt Steyr <402>,73
18 Jahre,Stadt Wels <403>,113
18 Jahre,Braunau <404>,82
18 Jahre,Eferding <405>,21
18 Jahre,Freistadt <406>,45
18 Jahre,Gmunden <407>,76
18 Jahre,Grieskirchen <408>,50
18 Jahre,Kirchdorf <409>,43
18 Jahre,Linz Land <410>,166
18 Jahre,Perg <411>,57
18 Jahre,Ried <412>,47
18 Jahre,Rohrbach <413>,25
18 Jahre,Schärding <414>,43
18 Jahre,Steyr Land <415>,55
18 Jahre,Urfahr Umgebung <416>,47
18 Jahre,Vöcklabruck <417>,142
18 Jahre,Wels Land <418>,57
18 Jahre,Salzburg (Stadt) <501>,198
18 Jahre,Hallein <502>,47
18 Jahre,Salzburg Umgebung <503>,112
18 Jahre,St. Johann im Pongau <504>,61
18 Jahre,Tamsweg <505>,13
18 Jahre,Zell am See <506>,67
18 Jahre,Graz (Stadt) <601>,743
18 Jahre,Bruck an der Mur ^<602>,-
18 Jahre,Bruck-Mürzzuschlag <621>,111
18 Jahre,Deutschlandsberg <603>,57
18 Jahre,Feldbach ^<604>,-
18 Jahre,Fürstenfeld ^<605>,-
18 Jahre,Graz Umgebung <606>,129
18 Jahre,Hartberg ^<607>,-
18 Jahre,Hartberg-Fürstenfeld <622>,63
18 Jahre,Judenburg ^<608>,-
18 Jahre,Knittelfeld ^<609>,-
18 Jahre,Leibnitz <610>,82
18 Jahre,Leoben <611>,87
18 Jahre,Liezen <612>,83
18 Jahre,Murtal <620>,94
18 Jahre,Mürzzuschlag ^<613>,-
18 Jahre,Murau <614>,13
18 Jahre,Radkersburg ^<615>,-
18 Jahre,Südoststeiermark <623>,86
18 Jahre,Voitsberg <616>,58
18 Jahre,Weiz <617>,78
19 Jahre,Eisenstadt (Stadt) <101>,23
19 Jahre,Rust (Stadt) <102>,-
19 Jahre,Eisenstadt Umgebung <103>,26
19 Jahre,Güssing <104>,16
19 Jahre,Jennersdorf <105>,6
19 Jahre,Mattersburg <106>,48
19 Jahre,Neusiedl am See <107>,48
19 Jahre,Oberpullendorf <108>,28
19 Jahre,Oberwart <109>,40
19 Jahre,Klagenfurt (Stadt) <201>,245
19 Jahre,Villach (Stadt) <202>,116
19 Jahre,Feldkirchen <210>,41
19 Jahre,Hermagor <203>,8
19 Jahre,Klagenfurt Land <204>,54
19 Jahre,Sankt Veit an der Glan <205>,64
19 Jahre,Spittal an der Drau <206>,74
19 Jahre,Villach Land <207>,66
19 Jahre,Völkermarkt <208>,50
19 Jahre,Wolfsberg <209>,76
19 Jahre,Krems an der Donau (Stadt) <301>,69
19 Jahre,Sankt Pölten (Stadt) <302>,124
19 Jahre,Waidhofen an der Ybbs (Stadt) <303>,14
19 Jahre,Wiener Neustadt (Stadt) <304>,114
19 Jahre,Amstetten <305>,129
19 Jahre,Baden <306>,153
19 Jahre,Bruck an der Leitha <307>,125
19 Jahre,Gänserndorf <308>,129
19 Jahre,Gmünd <309>,22
19 Jahre,Hollabrunn <310>,53
19 Jahre,Horn <311>,18
19 Jahre,Korneuburg <312>,105
19 Jahre,Krems Land <313>,40
19 Jahre,Lilienfeld <314>,30
19 Jahre,Melk <315>,91
19 Jahre,Mistelbach <316>,55
19 Jahre,Mödling <317>,118
19 Jahre,Neunkirchen <318>,110
19 Jahre,Sankt Pölten Land <319>,137
19 Jahre,Scheibbs <320>,38
19 Jahre,Tulln <321>,103
19 Jahre,Waidhofen an der Thaya <322>,9
19 Jahre,Wiener Neustadt Land <323>,75
19 Jahre,Wien Umgebung ^<324>,-
19 Jahre,Zwettl <325>,21
19 Jahre,Stadt Linz <401>,588
19 Jahre,Stadt Steyr <402>,79
19 Jahre,Stadt Wels <403>,134
19 Jahre,Braunau <404>,115
19 Jahre,Eferding <405>,24
19 Jahre,Freistadt <406>,69
19 Jahre,Gmunden <407>,94
19 Jahre,Grieskirchen <408>,68
19 Jahre,Kirchdorf <409>,61
19 Jahre,Linz Land <410>,201
19 Jahre,Perg <411>,62
19 Jahre,Ried <412>,78
19 Jahre,Rohrbach <413>,33
19 Jahre,Schärding <414>,27
19 Jahre,Steyr Land <415>,63
19 Jahre,Urfahr Umgebung <416>,65
19 Jahre,Vöcklabruck <417>,168
19 Jahre,Wels Land <418>,67
19 Jahre,Salzburg (Stadt) <501>,319
19 Jahre,Hallein <502>,59
19 Jahre,Salzburg Umgebung <503>,133
19 Jahre,St. Johann im Pongau <504>,65
19 Jahre,Tamsweg <505>,11
19 Jahre,Zell am See <506>,106
19 Jahre,Graz (Stadt) <601>,1029
19 Jahre,Bruck an der Mur ^<602>,-
19 Jahre,Bruck-Mürzzuschlag <621>,137
19 Jahre,Deutschlandsberg <603>,57
19 Jahre,Feldbach ^<604>,-
19 Jahre,Fürstenfeld ^<605>,-
19 Jahre,Graz Umgebung <606>,178
19 Jahre,Hartberg ^<607>,-
19 Jahre,Hartberg-Fürstenfeld <622>,78
19 Jahre,Judenburg ^<608>,-
19 Jahre,Knittelfeld ^<609>,-
19 Jahre,Leibnitz <610>,111
19 Jahre,Leoben <611>,104
19 Jahre,Liezen <612>,112
19 Jahre,Murtal <620>,92
19 Jahre,Mürzzuschlag ^<613>,-
19 Jahre,Murau <614>,19
19 Jahre,Radkersburg ^<615>,-
19 Jahre,Südoststeiermark <623>,96
19 Jahre,Voitsberg <616>,63
19 Jahre,Weiz <617>,97
20 Jahre,Eisenstadt (Stadt) <101>,48
20 Jahre,Rust (Stadt) <102>,2
20 Jahre,Eisenstadt Umgebung <103>,44
20 Jahre,Güssing <104>,21
20 Jahre,Jennersdorf <105>,16
20 Jahre,Mattersburg <106>,40
20 Jahre,Neusiedl am See <107>,58
20 Jahre,Oberpullendorf <108>,33
20 Jahre,Oberwart <109>,65
20 Jahre,Klagenfurt (Stadt) <201>,281
20 Jahre,Villach (Stadt) <202>,147
20 Jahre,Feldkirchen <210>,36
20 Jahre,Hermagor <203>,11
20 Jahre,Klagenfurt Land <204>,68
20 Jahre,Sankt Veit an der Glan <205>,60
20 Jahre,Spittal an der Drau <206>,91
20 Jahre,Villach Land <207>,56
20 Jahre,Völkermarkt <208>,57
20 Jahre,Wolfsberg <209>,83
20 Jahre,Krems an der Donau (Stadt) <301>,88
20 Jahre,Sankt Pölten (Stadt) <302>,165
20 Jahre,Waidhofen an der Ybbs (Stadt) <303>,16
20 Jahre,Wiener Neustadt (Stadt) <304>,117
20 Jahre,Amstetten <305>,168
20 Jahre,Baden <306>,189
20 Jahre,Bruck an der Leitha <307>,140
20 Jahre,Gänserndorf <308>,126
20 Jahre,Gmünd <309>,35
20 Jahre,Hollabrunn <310>,58
20 Jahre,Horn <311>,29
20 Jahre,Korneuburg <312>,111
20 Jahre,Krems Land <313>,50
20 Jahre,Lilienfeld <314>,30
20 Jahre,Melk <315>,123
20 Jahre,Mistelbach <316>,82
20 Jahre,Mödling <317>,148
20 Jahre,Neunkirchen <318>,138
20 Jahre,Sankt Pölten Land <319>,162
20 Jahre,Scheibbs <320>,49
20 Jahre,Tulln <321>,108
20 Jahre,Waidhofen an der Thaya <322>,24
20 Jahre,Wiener Neustadt Land <323>,94
20 Jahre,Wien Umgebung ^<324>,-
20 Jahre,Zwettl <325>,30
20 Jahre,Stadt Linz <401>,730
20 Jahre,Stadt Steyr <402>,75
20 Jahre,Stadt Wels <403>,180
20 Jahre,Braunau <404>,171
20 Jahre,Eferding <405>,39
20 Jahre,Freistadt <406>,95
20 Jahre,Gmunden <407>,125
20 Jahre,Grieskirchen <408>,82
20 Jahre,Kirchdorf <409>,77
20 Jahre,Linz Land <410>,259
20 Jahre,Perg <411>,110
20 Jahre,Ried <412>,82
20 Jahre,Rohrbach <413>,46
20 Jahre,Schärding <414>,77
20 Jahre,Steyr Land <415>,78
20 Jahre,Urfahr Umgebung <416>,91
20 Jahre,Vöcklabruck <417>,222
20 Jahre,Wels Land <418>,98
20 Jahre,Salzburg (Stadt) <501>,403
20 Jahre,Hallein <502>,73
20 Jahre,Salzburg Umgebung <503>,173
20 Jahre,St. Johann im Pongau <504>,93
20 Jahre,Tamsweg <505>,13
20 Jahre,Zell am See <506>,114
20 Jahre,Graz (Stadt) <601>,1207
20 Jahre,Bruck an der Mur ^<602>,-
20 Jahre,Bruck-Mürzzuschlag <621>,179
20 Jahre,Deutschlandsberg <603>,88
20 Jahre,Feldbach ^<604>,-
20 Jahre,Fürstenfeld ^<605>,-
20 Jahre,Graz Umgebung <606>,212
20 Jahre,Hartberg ^<607>,-
20 Jahre,Hartberg-Fürstenfeld <622>,105
20 Jahre,Judenburg ^<608>,-
20 Jahre,Knittelfeld ^<609>,-
20 Jahre,Leibnitz <610>,114
20 Jahre,Leoben <611>,134
20 Jahre,Liezen <612>,130
20 Jahre,Murtal <620>,145
20 Jahre,Mürzzuschlag ^<613>,-
20 Jahre,Murau <614>,25
20 Jahre,Radkersburg ^<615>,-
20 Jahre,Südoststeiermark <623>,91
20 Jahre,Voitsberg <616>,79
20 Jahre,Weiz <617>,133
21 Jahre,Eisenstadt (Stadt) <101>,39
21 Jahre,Rust (Stadt) <102>,2
21 Jahre,Eisenstadt Umgebung <103>,30
21 Jahre,Güssing <104>,28
21 Jahre,Jennersdorf <105>,14
21 Jahre,Mattersburg <106>,55
21 Jahre,Neusiedl am See <107>,53
21 Jahre,Oberpullendorf <108>,37
21 Jahre,Oberwart <109>,61
21 Jahre,Klagenfurt (Stadt) <201>,273
21 Jahre,Villach (Stadt) <202>,145
21 Jahre,Feldkirchen <210>,41
21 Jahre,Hermagor <203>,17
21 Jahre,Klagenfurt Land <204>,72
21 Jahre,Sankt Veit an der Glan <205>,95
21 Jahre,Spittal an der Drau <206>,90
21 Jahre,Villach Land <207>,72
21 Jahre,Völkermarkt <208>,54
21 Jahre,Wolfsberg <209>,77
21 Jahre,Krems an der Donau (Stadt) <301>,94
21 Jahre,Sankt Pölten (Stadt) <302>,198
21 Jahre,Waidhofen an der Ybbs (Stadt) <303>,21
21 Jahre,Wiener Neustadt (Stadt) <304>,140
21 Jahre,Amstetten <305>,169
21 Jahre,Baden <306>,222
21 Jahre,Bruck an der Leitha <307>,150
21 Jahre,Gänserndorf <308>,159
21 Jahre,Gmünd <309>,29
21 Jahre,Hollabrunn <310>,69
21 Jahre,Horn <311>,37
21 Jahre,Korneuburg <312>,103
21 Jahre,Krems Land <313>,65
21 Jahre,Lilienfeld <314>,39
21 Jahre,Melk <315>,108
21 Jahre,Mistelbach <316>,76
21 Jahre,Mödling <317>,138
21 Jahre,Neunkirchen <318>,143
21 Jahre,Sankt Pölten Land <319>,158
21 Jahre,Scheibbs <320>,67
21 Jahre,Tulln <321>,126
21 Jahre,Waidhofen an der Thaya <322>,27
21 Jahre,Wiener Neustadt Land <323>,85
21 Jahre,Wien Umgebung ^<324>,-
21 Jahre,Zwettl <325>,39
21 Jahre,Stadt Linz <401>,727
21 Jahre,Stadt Steyr <402>,125
21 Jahre,Stadt Wels <403>,179
21 Jahre,Braunau <404>,172
21 Jahre,Eferding <405>,54
21 Jahre,Freistadt <406>,101
21 Jahre,Gmunden <407>,153
21 Jahre,Grieskirchen <408>,114
21 Jahre,Kirchdorf <409>,94
21 Jahre,Linz Land <410>,280
21 Jahre,Perg <411>,124
21 Jahre,Ried <412>,107
21 Jahre,Rohrbach <413>,62
21 Jahre,Schärding <414>,62
21 Jahre,Steyr Land <415>,79
21 Jahre,Urfahr Umgebung <416>,103
21 Jahre,Vöcklabruck <417>,220
21 Jahre,Wels Land <418>,121
21 Jahre,Salzburg (Stadt) <501>,413
21 Jahre,Hallein <502>,86
21 Jahre,Salzburg Umgebung <503>,204
21 Jahre,St. Johann im Pongau <504>,109
21 Jahre,Tamsweg <505>,31
21 Jahre,Zell am See <506>,134
21 Jahre,Graz (Stadt) <601>,1295
21 Jahre,Bruck an der Mur ^<602>,-
21 Jahre,Bruck-Mürzzuschlag <621>,174
21 Jahre,Deutschlandsberg <603>,79
21 Jahre,Feldbach ^<604>,-
21 Jahre,Fürstenfeld ^<605>,-
21 Jahre,Graz Umgebung <606>,223
21 Jahre,Hartberg ^<607>,-
21 Jahre,Hartberg-Fürstenfeld <622>,107
21 Jahre,Judenburg ^<608>,-
21 Jahre,Knittelfeld ^<609>,-
21 Jahre,Leibnitz <610>,136
21 Jahre,Leoben <611>,150
21 Jahre,Liezen <612>,143
21 Jahre,Murtal <620>,131
21 Jahre,Mürzzuschlag ^<613>,-
21 Jahre,Murau <614>,31
21 Jahre,Radkersburg ^<615>,-
21 Jahre,Südoststeiermark <623>,92
21 Jahre,Voitsberg <616>,78
21 Jahre,Weiz <617>,142
22 Jahre,Eisenstadt (Stadt) <101>,56
22 Jahre,Rust (Stadt) <102>,1
22 Jahre,Eisenstadt Umgebung <103>,48
22 Jahre,Güssing <104>,29
22 Jahre,Jennersdorf <105>,18
22 Jahre,Mattersburg <106>,48
22 Jahre,Neusiedl am See <107>,68
22 Jahre,Oberpullendorf <108>,35
22 Jahre,Oberwart <109>,64
22 Jahre,Klagenfurt (Stadt) <201>,296
22 Jahre,Villach (Stadt) <202>,141
22 Jahre,Feldkirchen <210>,48
22 Jahre,Hermagor <203>,20
22 Jahre,Klagenfurt Land <204>,70
22 Jahre,Sankt Veit an der Glan <205>,85
22 Jahre,Spittal an der Drau <206>,97
22 Jahre,Villach Land <207>,69
22 Jahre,Völkermarkt <208>,70
22 Jahre,Wolfsberg <209>,70
22 Jahre,Krems an der Donau (Stadt) <301>,87
22 Jahre,Sankt Pölten (Stadt) <302>,187
22 Jahre,Waidhofen an der Ybbs (Stadt) <303>,23
22 Jahre,Wiener Neustadt (Stadt) <304>,154
22 Jahre,Amstetten <305>,184
22 Jahre,Baden <306>,248
22 Jahre,Bruck an der Leitha <307>,218
22 Jahre,Gänserndorf <308>,149
22 Jahre,Gmünd <309>,46
22 Jahre,Hollabrunn <310>,59
22 Jahre,Horn <311>,28
22 Jahre,Korneuburg <312>,115
22 Jahre,Krems Land <313>,65
22 Jahre,Lilienfeld <314>,41
22 Jahre,Melk <315>,124
22 Jahre,Mistelbach <316>,94
22 Jahre,Mödling <317>,174
22 Jahre,Neunkirchen <318>,147
22 Jahre,Sankt Pölten Land <319>,199
22 Jahre,Scheibbs <320>,51
22 Jahre,Tulln <321>,134
22 Jahre,Waidhofen an der Thaya <322>,23
22 Jahre,Wiener Neustadt Land <323>,107
22 Jahre,Wien Umgebung ^<324>,-
22 Jahre,Zwettl <325>,32
22 Jahre,Stadt Linz <401>,864
22 Jahre,Stadt Steyr <402>,108
22 Jahre,Stadt Wels <403>,197
22 Jahre,Braunau <404>,202
22 Jahre,Eferding <405>,46
22 Jahre,Freistadt <406>,92
22 Jahre,Gmunden <407>,143
22 Jahre,Grieskirchen <408>,104
22 Jahre,Kirchdorf <409>,74
22 Jahre,Linz Land <410>,310
22 Jahre,Perg <411>,104
22 Jahre,Ried <412>,132
22 Jahre,Rohrbach <413>,66
22 Jahre,Schärding <414>,84
22 Jahre,Steyr Land <415>,99
22 Jahre,Urfahr Umgebung <416>,103
22 Jahre,Vöcklabruck <417>,260
22 Jahre,Wels Land <418>,104
22 Jahre,Salzburg (Stadt) <501>,455
22 Jahre,Hallein <502>,91
22 Jahre,Salzburg Umgebung <503>,254
22 Jahre,St. Johann im Pongau <504>,136
22 Jahre,Tamsweg <505>,28
22 Jahre,Zell am See <506>,166
22 Jahre,Graz (Stadt) <601>,1326
22 Jahre,Bruck an der Mur ^<602>,-
22 Jahre,Bruck-Mürzzuschlag <621>,180
22 Jahre,Deutschlandsberg <603>,101
22 Jahre,Feldbach ^<604>,-
22 Jahre,Fürstenfeld ^<605>,-
22 Jahre,Graz Umgebung <606>,241
22 Jahre,Hartberg ^<607>,-
22 Jahre,Hartberg-Fürstenfeld <622>,120
22 Jahre,Judenburg ^<608>,-
22 Jahre,Knittelfeld ^<609>,-
22 Jahre,Leibnitz <610>,149
22 Jahre,Leoben <611>,150
22 Jahre,Liezen <612>,141
22 Jahre,Murtal <620>,165
22 Jahre,Mürzzuschlag ^<613>,-
22 Jahre,Murau <614>,35
22 Jahre,Radkersburg ^<615>,-
22 Jahre,Südoststeiermark <623>,90
22 Jahre,Voitsberg <616>,82
22 Jahre,Weiz <617>,129
23 Jahre,Eisenstadt (Stadt) <101>,46
23 Jahre,Rust (Stadt) <102>,4
23 Jahre,Eisenstadt Umgebung <103>,50
23 Jahre,Güssing <104>,22
23 Jahre,Jennersdorf <105>,15
23 Jahre,Mattersburg <106>,58
23 Jahre,Neusiedl am See <107>,63
23 Jahre,Oberpullendorf <108>,44
23 Jahre,Oberwart <109>,83
23 Jahre,Klagenfurt (Stadt) <201>,269
23 Jahre,Villach (Stadt) <202>,149
23 Jahre,Feldkirchen <210>,36
23 Jahre,Hermagor <203>,23
23 Jahre,Klagenfurt Land <204>,67
23 Jahre,Sankt Veit an der Glan <205>,78
23 Jahre,Spittal an der Drau <206>,109
23 Jahre,Villach Land <207>,88
23 Jahre,Völkermarkt <208>,62
23 Jahre,Wolfsberg <209>,81
23 Jahre,Krems an der Donau (Stadt) <301>,75
23 Jahre,Sankt Pölten (Stadt) <302>,163
23 Jahre,Waidhofen an der Ybbs (Stadt) <303>,19
23 Jahre,Wiener Neustadt (Stadt) <304>,167
23 Jahre,Amstetten <305>,198
23 Jahre,Baden <306>,282
23 Jahre,Bruck an der Leitha <307>,189
23 Jahre,Gänserndorf <308>,138
23 Jahre,Gmünd <309>,43
23 Jahre,Hollabrunn <310>,77
23 Jahre,Horn <311>,31
23 Jahre,Korneuburg <312>,130
23 Jahre,Krems Land <313>,62
23 Jahre,Lilienfeld <314>,41
23 Jahre,Melk <315>,142
23 Jahre,Mistelbach <316>,94
23 Jahre,Mödling <317>,133
23 Jahre,Neunkirchen <318>,136
23 Jahre,Sankt Pölten Land <319>,193
23 Jahre,Scheibbs <320>,70
23 Jahre,Tulln <321>,157
23 Jahre,Waidhofen an der Thaya <322>,31
23 Jahre,Wiener Neustadt Land <323>,95
23 Jahre,Wien Umgebung ^<324>,-
23 Jahre,Zwettl <325>,43
23 Jahre,Stadt Linz <401>,878
23 Jahre,Stadt Steyr <402>,96
23 Jahre,Stadt Wels <403>,218
23 Jahre,Braunau <404>,207
23 Jahre,Eferding <405>,36
23 Jahre,Freistadt <406>,96
23 Jahre,Gmunden <407>,171
23 Jahre,Grieskirchen <408>,121
23 Jahre,Kirchdorf <409>,106
23 Jahre,Linz Land <410>,297
23 Jahre,Perg <411>,111
23 Jahre,Ried <412>,137
23 Jahre,Rohrbach <413>,72
23 Jahre,Schärding <414>,84
23 Jahre,Steyr Land <415>,100
23 Jahre,Urfahr Umgebung <416>,115
23 Jahre,Vöcklabruck <417>,294
23 Jahre,Wels Land <418>,130
23 Jahre,Salzburg (Stadt) <501>,519
23 Jahre,Hallein <502>,111
23 Jahre,Salzburg Umgebung <503>,285
23 Jahre,St. Johann im Pongau <504>,131
23 Jahre,Tamsweg <505>,46
23 Jahre,Zell am See <506>,158
23 Jahre,Graz (Stadt) <601>,1341
23 Jahre,Bruck an der Mur ^<602>,-
23 Jahre,Bruck-Mürzzuschlag <621>,163
23 Jahre,Deutschlandsberg <603>,113
23 Jahre,Feldbach ^<604>,-
23 Jahre,Fürstenfeld ^<605>,-
23 Jahre,Graz Umgebung <606>,227
23 Jahre,Hartberg ^<607>,-
23 Jahre,Hartberg-Fürstenfeld <622>,100
23 Jahre,Judenburg ^<608>,-
23 Jahre,Knittelfeld ^<609>,-
23 Jahre,Leibnitz <610>,155
23 Jahre,Leoben <611>,154
23 Jahre,Liezen <612>,130
23 Jahre,Murtal <620>,146
23 Jahre,Mürzzuschlag ^<613>,-
23 Jahre,Murau <614>,37
23 Jahre,Radkersburg ^<615>,-
23 Jahre,Südoststeiermark <623>,103
23 Jahre,Voitsberg <616>,81
23 Jahre,Weiz <617>,142
24 Jahre,Eisenstadt (Stadt) <101>,42
24 Jahre,Rust (Stadt) <102>,6
24 Jahre,Eisenstadt Umgebung <103>,50
24 Jahre,Güssing <104>,28
24 Jahre,Jennersdorf <105>,17
24 Jahre,Mattersburg <106>,50
24 Jahre,Neusiedl am See <107>,51
24 Jahre,Oberpullendorf <108>,44
24 Jahre,Oberwart <109>,76
24 Jahre,Klagenfurt (Stadt) <201>,290
24 Jahre,Villach (Stadt) <202>,161
24 Jahre,Feldkirchen <210>,45
24 Jahre,Hermagor <203>,19
24 Jahre,Klagenfurt Land <204>,80
24 Jahre,Sankt Veit an der Glan <205>,91
24 Jahre,Spittal an der Drau <206>,103
24 Jahre,Villach Land <207>,89
24 Jahre,Völkermarkt <208>,65
24 Jahre,Wolfsberg <209>,100
24 Jahre,Krems an der Donau (Stadt) <301>,88
24 Jahre,Sankt Pölten (Stadt) <302>,181
24 Jahre,Waidhofen an der Ybbs (Stadt) <303>,22
24 Jahre,Wiener Neustadt (Stadt) <304>,154
24 Jahre,Amstetten <305>,197
24 Jahre,Baden <306>,230
24 Jahre,Bruck an der Leitha <307>,213
24 Jahre,Gänserndorf <308>,201
24 Jahre,Gmünd <309>,38
24 Jahre,Hollabrunn <310>,95
24 Jahre,Horn <311>,47
24 Jahre,Korneuburg <312>,144
24 Jahre,Krems Land <313>,73
24 Jahre,Lilienfeld <314>,36
24 Jahre,Melk <315>,148
24 Jahre,Mistelbach <316>,74
24 Jahre,Mödling <317>,178
24 Jahre,Neunkirchen <318>,123
24 Jahre,Sankt Pölten Land <319>,176
24 Jahre,Scheibbs <320>,78
24 Jahre,Tulln <321>,165
24 Jahre,Waidhofen an der Thaya <322>,36
24 Jahre,Wiener Neustadt Land <323>,118
24 Jahre,Wien Umgebung ^<324>,-
24 Jahre,Zwettl <325>,44
24 Jahre,Stadt Linz <401>,922
24 Jahre,Stadt Steyr <402>,114
24 Jahre,Stadt Wels <403>,203
24 Jahre,Braunau <404>,188
24 Jahre,Eferding <405>,45
24 Jahre,Freistadt <406>,110
24 Jahre,Gmunden <407>,156
24 Jahre,Grieskirchen <408>,112
24 Jahre,Kirchdorf <409>,102
24 Jahre,Linz Land <410>,342
24 Jahre,Perg <411>,139
24 Jahre,Ried <412>,133
24 Jahre,Rohrbach <413>,70
24 Jahre,Schärding <414>,89
24 Jahre,Steyr Land <415>,97
24 Jahre,Urfahr Umgebung <416>,121
24 Jahre,Vöcklabruck <417>,280
24 Jahre,Wels Land <418>,152
24 Jahre,Salzburg (Stadt) <501>,570
24 Jahre,Hallein <502>,93
24 Jahre,Salzburg Umgebung <503>,279
24 Jahre,St. Johann im Pongau <504>,160
24 Jahre,Tamsweg <505>,30
24 Jahre,Zell am See <506>,165
24 Jahre,Graz (Stadt) <601>,1397
24 Jahre,Bruck an der Mur ^<602>,-
24 Jahre,Bruck-Mürzzuschlag <621>,191
24 Jahre,Deutschlandsberg <603>,84
24 Jahre,Feldbach ^<604>,-
24 Jahre,Fürstenfeld ^<605>,-
24 Jahre,Graz Umgebung <606>,282
24 Jahre,Hartberg ^<607>,-
24 Jahre,Hartberg-Fürstenfeld <622>,120
24 Jahre,Judenburg ^<608>,-
24 Jahre,Knittelfeld ^<609>,-
24 Jahre,Leibnitz <610>,139
24 Jahre,Leoben <611>,145
24 Jahre,Liezen <612>,150
24 Jahre,Murtal <620>,148
24 Jahre,Mürzzuschlag ^<613>,-
24 Jahre,Murau <614>,31
24 Jahre,Radkersburg ^<615>,-
24 Jahre,Südoststeiermark <623>,109
24 Jahre,Voitsberg <616>,93
24 Jahre,Weiz <617>,141
25 Jahre,Eisenstadt (Stadt) <101>,34
25 Jahre,Rust (Stadt) <102>,2
25 Jahre,Eisenstadt Umgebung <103>,45
25 Jahre,Güssing <104>,17
25 Jahre,Jennersdorf <105>,10
25 Jahre,Mattersburg <106>,63
25 Jahre,Neusiedl am See <107>,67
25 Jahre,Oberpullendorf <108>,41
25 Jahre,Oberwart <109>,63
25 Jahre,Klagenfurt (Stadt) <201>,315
25 Jahre,Villach (Stadt) <202>,188
25 Jahre,Feldkirchen <210>,47
25 Jahre,Hermagor <203>,27
25 Jahre,Klagenfurt Land <204>,76
25 Jahre,Sankt Veit an der Glan <205>,93
25 Jahre,Spittal an der Drau <206>,114
25 Jahre,Villach Land <207>,99
25 Jahre,Völkermarkt <208>,76
25 Jahre,Wolfsberg <209>,99
25 Jahre,Krems an der Donau (Stadt) <301>,78
25 Jahre,Sankt Pölten (Stadt) <302>,173
25 Jahre,Waidhofen an der Ybbs (Stadt) <303>,30
25 Jahre,Wiener Neustadt (Stadt) <304>,158
25 Jahre,Amstetten <305>,219
25 Jahre,Baden <306>,264
25 Jahre,Bruck an der Leitha <307>,177
25 Jahre,Gänserndorf <308>,174
25 Jahre,Gmünd <309>,45
25 Jahre,Hollabrunn <310>,83
25 Jahre,Horn <311>,46
25 Jahre,Korneuburg <312>,168
25 Jahre,Krems Land <313>,61
25 Jahre,Lilienfeld <314>,32
25 Jahre,Melk <315>,151
25 Jahre,Mistelbach <316>,105
25 Jahre,Mödling <317>,178
25 Jahre,Neunkirchen <318>,159
25 Jahre,Sankt Pölten Land <319>,207
25 Jahre,Scheibbs <320>,73
25 Jahre,Tulln <321>,166
25 Jahre,Waidhofen an der Thaya <322>,29
25 Jahre,Wiener Neustadt Land <323>,117
25 Jahre,Wien Umgebung ^<324>,-
25 Jahre,Zwettl <325>,58
25 Jahre,Stadt Linz <401>,967
25 Jahre,Stadt Steyr <402>,97
25 Jahre,Stadt Wels <403>,230
25 Jahre,Braunau <404>,224
25 Jahre,Eferding <405>,54
25 Jahre,Freistadt <406>,114
25 Jahre,Gmunden <407>,178
25 Jahre,Grieskirchen <408>,139
25 Jahre,Kirchdorf <409>,91
25 Jahre,Linz Land <410>,333
25 Jahre,Perg <411>,143
25 Jahre,Ried <412>,144
25 Jahre,Rohrbach <413>,61
25 Jahre,Schärding <414>,75
25 Jahre,Steyr Land <415>,128
25 Jahre,Urfahr Umgebung <416>,146
25 Jahre,Vöcklabruck <417>,278
25 Jahre,Wels Land <418>,140
25 Jahre,Salzburg (Stadt) <501>,628
25 Jahre,Hallein <502>,109
25 Jahre,Salzburg Umgebung <503>,340
25 Jahre,St. Johann im Pongau <504>,172
25 Jahre,Tamsweg <505>,25
25 Jahre,Zell am See <506>,201
25 Jahre,Graz (Stadt) <601>,1576
25 Jahre,Bruck an der Mur ^<602>,-
25 Jahre,Bruck-Mürzzuschlag <621>,198
25 Jahre,Deutschlandsberg <603>,110
25 Jahre,Feldbach ^<604>,-
25 Jahre,Fürstenfeld ^<605>,-
25 Jahre,Graz Umgebung <606>,269
25 Jahre,Hartberg ^<607>,-
25 Jahre,Hartberg-Fürstenfeld <622>,123
25 Jahre,Judenburg ^<608>,-
25 Jahre,Knittelfeld ^<609>,-
25 Jahre,Leibnitz <610>,167
25 Jahre,Leoben <611>,158
25 Jahre,Liezen <612>,133
25 Jahre,Murtal <620>,148
25 Jahre,Mürzzuschlag ^<613>,-
25 Jahre,Murau <614>,48
25 Jahre,Radkersburg ^<615>,-
25 Jahre,Südoststeiermark <623>,116
25 Jahre,Voitsberg <616>,103
25 Jahre,Weiz <617>,141
26 Jahre,Eisenstadt (Stadt) <101>,48
26 Jahre,Rust (Stadt) <102>,1
26 Jahre,Eisenstadt Umgebung <103>,49
26 Jahre,Güssing <104>,22
26 Jahre,Jennersdorf <105>,16
26 Jahre,Mattersburg <106>,83
26 Jahre,Neusiedl am See <107>,60
26 Jahre,Oberpullendorf <108>,44
26 Jahre,Oberwart <109>,84
26 Jahre,Klagenfurt (Stadt) <201>,348
26 Jahre,Villach (Stadt) <202>,157
26 Jahre,Feldkirchen <210>,44
26 Jahre,Hermagor <203>,34
26 Jahre,Klagenfurt Land <204>,91
26 Jahre,Sankt Veit an der Glan <205>,92
26 Jahre,Spittal an der Drau <206>,105
26 Jahre,Villach Land <207>,80
26 Jahre,Völkermarkt <208>,54
26 Jahre,Wolfsberg <209>,115
26 Jahre,Krems an der Donau (Stadt) <301>,73
26 Jahre,Sankt Pölten (Stadt) <302>,165
26 Jahre,Waidhofen an der Ybbs (Stadt) <303>,20
26 Jahre,Wiener Neustadt (Stadt) <304>,163
26 Jahre,Amstetten <305>,212
26 Jahre,Baden <306>,286
26 Jahre,Bruck an der Leitha <307>,194
26 Jahre,Gänserndorf <308>,167
26 Jahre,Gmünd <309>,35
26 Jahre,Hollabrunn <310>,86
26 Jahre,Horn <311>,47
26 Jahre,Korneuburg <312>,163
26 Jahre,Krems Land <313>,68
26 Jahre,Lilienfeld <314>,43
26 Jahre,Melk <315>,142
26 Jahre,Mistelbach <316>,119
26 Jahre,Mödling <317>,169
26 Jahre,Neunkirchen <318>,162
26 Jahre,Sankt Pölten Land <319>,216
26 Jahre,Scheibbs <320>,43
26 Jahre,Tulln <321>,193
26 Jahre,Waidhofen an der Thaya <322>,42
26 Jahre,Wiener Neustadt Land <323>,130
26 Jahre,Wien Umgebung ^<324>,-
26 Jahre,Zwettl <325>,56
26 Jahre,Stadt Linz <401>,916
26 Jahre,Stadt Steyr <402>,107
26 Jahre,Stadt Wels <403>,181
26 Jahre,Braunau <404>,214
26 Jahre,Eferding <405>,58
26 Jahre,Freistadt <406>,120
26 Jahre,Gmunden <407>,195
26 Jahre,Grieskirchen <408>,148
26 Jahre,Kirchdorf <409>,93
26 Jahre,Linz Land <410>,345
26 Jahre,Perg <411>,128
26 Jahre,Ried <412>,139
26 Jahre,Rohrbach <413>,85
26 Jahre,Schärding <414>,95
26 Jahre,Steyr Land <415>,124
26 Jahre,Urfahr Umgebung <416>,143
26 Jahre,Vöcklabruck <417>,329
26 Jahre,Wels Land <418>,153
26 Jahre,Salzburg (Stadt) <501>,672
26 Jahre,Hallein <502>,137
26 Jahre,Salzburg Umgebung <503>,290
26 Jahre,St. Johann im Pongau <504>,187
26 Jahre,Tamsweg <505>,27
26 Jahre,Zell am See <506>,184
26 Jahre,Graz (Stadt) <601>,1574
26 Jahre,Bruck an der Mur ^<602>,-
26 Jahre,Bruck-Mürzzuschlag <621>,167
26 Jahre,Deutschlandsberg <603>,77
26 Jahre,Feldbach ^<604>,-
26 Jahre,Fürstenfeld ^<605>,-
26 Jahre,Graz Umgebung <606>,294
26 Jahre,Hartberg ^<607>,-
26 Jahre,Hartberg-Fürstenfeld <622>,134
26 Jahre,Judenburg ^<608>,-
26 Jahre,Knittelfeld ^<609>,-
26 Jahre,Leibnitz <610>,148
26 Jahre,Leoben <611>,190
26 Jahre,Liezen <612>,167
26 Jahre,Murtal <620>,129
26 Jahre,Mürzzuschlag ^<613>,-
26 Jahre,Murau <614>,26
26 Jahre,Radkersburg ^<615>,-
26 Jahre,Südoststeiermark <623>,122
26 Jahre,Voitsberg <616>,92
26 Jahre,Weiz <617>,166
27 Jahre,Eisenstadt (Stadt) <101>,43
27 Jahre,Rust (Stadt) <102>,1
27 Jahre,Eisenstadt Umgebung <103>,63
27 Jahre,Güssing <104>,32
27 Jahre,Jennersdorf <105>,22
27 Jahre,Mattersburg <106>,75
27 Jahre,Neusiedl am See <107>,63
27 Jahre,Oberpullendorf <108>,53
27 Jahre,Oberwart <109>,76
27 Jahre,Klagenfurt (Stadt) <201>,306
27 Jahre,Villach (Stadt) <202>,171
27 Jahre,Feldkirchen <210>,42
27 Jahre,Hermagor <203>,23
27 Jahre,Klagenfurt Land <204>,89
27 Jahre,Sankt Veit an der Glan <205>,88
27 Jahre,Spittal an der Drau <206>,113
27 Jahre,Villach Land <207>,93
27 Jahre,Völkermarkt <208>,65
27 Jahre,Wolfsberg <209>,83
27 Jahre,Krems an der Donau (Stadt) <301>,77
27 Jahre,Sankt Pölten (Stadt) <302>,169
27 Jahre,Waidhofen an der Ybbs (Stadt) <303>,18
27 Jahre,Wiener Neustadt (Stadt) <304>,169
27 Jahre,Amstetten <305>,192
27 Jahre,Baden <306>,273
27 Jahre,Bruck an der Leitha <307>,228
27 Jahre,Gänserndorf <308>,175
27 Jahre,Gmünd <309>,46
27 Jahre,Hollabrunn <310>,75
27 Jahre,Horn <311>,43
27 Jahre,Korneuburg <312>,134
27 Jahre,Krems Land <313>,77
27 Jahre,Lilienfeld <314>,33
27 Jahre,Melk <315>,143
27 Jahre,Mistelbach <316>,94
27 Jahre,Mödling <317>,217
27 Jahre,Neunkirchen <318>,137
27 Jahre,Sankt Pölten Land <319>,221
27 Jahre,Scheibbs <320>,79
27 Jahre,Tulln <321>,199
27 Jahre,Waidhofen an der Thaya <322>,30
27 Jahre,Wiener Neustadt Land <323>,133
27 Jahre,Wien Umgebung ^<324>,-
27 Jahre,Zwettl <325>,54
27 Jahre,Stadt Linz <401>,889
27 Jahre,Stadt Steyr <402>,108
27 Jahre,Stadt Wels <403>,213
27 Jahre,Braunau <404>,194
27 Jahre,Eferding <405>,49
27 Jahre,Freistadt <406>,95
27 Jahre,Gmunden <407>,170
27 Jahre,Grieskirchen <408>,134
27 Jahre,Kirchdorf <409>,88
27 Jahre,Linz Land <410>,339
27 Jahre,Perg <411>,131
27 Jahre,Ried <412>,146
27 Jahre,Rohrbach <413>,90
27 Jahre,Schärding <414>,112
27 Jahre,Steyr Land <415>,97
27 Jahre,Urfahr Umgebung <416>,147
27 Jahre,Vöcklabruck <417>,312
27 Jahre,Wels Land <418>,138
27 Jahre,Salzburg (Stadt) <501>,646
27 Jahre,Hallein <502>,128
27 Jahre,Salzburg Umgebung <503>,287
27 Jahre,St. Johann im Pongau <504>,189
27 Jahre,Tamsweg <505>,31
27 Jahre,Zell am See <506>,180
27 Jahre,Graz (Stadt) <601>,1496
27 Jahre,Bruck an der Mur ^<602>,-
27 Jahre,Bruck-Mürzzuschlag <621>,181
27 Jahre,Deutschlandsberg <603>,89
27 Jahre,Feldbach ^<604>,-
27 Jahre,Fürstenfeld ^<605>,-
27 Jahre,Graz Umgebung <606>,278
27 Jahre,Hartberg ^<607>,-
27 Jahre,Hartberg-Fürstenfeld <622>,143
27 Jahre,Judenburg ^<608>,-
27 Jahre,Knittelfeld ^<609>,-
27 Jahre,Leibnitz <610>,193
27 Jahre,Leoben <611>,151
27 Jahre,Liezen <612>,141
27 Jahre,Murtal <620>,157
27 Jahre,Mürzzuschlag ^<613>,-
27 Jahre,Murau <614>,46
27 Jahre,Radkersburg ^<615>,-
27 Jahre,Südoststeiermark <623>,113
27 Jahre,Voitsberg <616>,82
27 Jahre,Weiz <617>,141
28 Jahre,Eisenstadt (Stadt) <101>,49
28 Jahre,Rust (Stadt) <102>,3
28 Jahre,Eisenstadt Umgebung <103>,45
28 Jahre,Güssing <104>,28
28 Jahre,Jennersdorf <105>,23
28 Jahre,Mattersburg <106>,84
28 Jahre,Neusiedl am See <107>,94
28 Jahre,Oberpullendorf <108>,34
28 Jahre,Oberwart <109>,82
28 Jahre,Klagenfurt (Stadt) <201>,304
28 Jahre,Villach (Stadt) <202>,172
28 Jahre,Feldkirchen <210>,36
28 Jahre,Hermagor <203>,21
28 Jahre,Klagenfurt Land <204>,94
28 Jahre,Sankt Veit an der Glan <205>,91
28 Jahre,Spittal an der Drau <206>,102
28 Jahre,Villach Land <207>,122
28 Jahre,Völkermarkt <208>,68
28 Jahre,Wolfsberg <209>,88
28 Jahre,Krems an der Donau (Stadt) <301>,74
28 Jahre,Sankt Pölten (Stadt) <302>,179
28 Jahre,Waidhofen an der Ybbs (Stadt) <303>,15
28 Jahre,Wiener Neustadt (Stadt) <304>,154
28 Jahre,Amstetten <305>,187
28 Jahre,Baden <306>,318
28 Jahre,Bruck an der Leitha <307>,202
28 Jahre,Gänserndorf <308>,209
28 Jahre,Gmünd <309>,48
28 Jahre,Hollabrunn <310>,91
28 Jahre,Horn <311>,48
28 Jahre,Korneuburg <312>,157
28 Jahre,Krems Land <313>,60
28 Jahre,Lilienfeld <314>,51
28 Jahre,Melk <315>,127
28 Jahre,Mistelbach <316>,117
28 Jahre,Mödling <317>,222
28 Jahre,Neunkirchen <318>,148
28 Jahre,Sankt Pölten Land <319>,172
28 Jahre,Scheibbs <320>,66
28 Jahre,Tulln <321>,157
28 Jahre,Waidhofen an der Thaya <322>,33
28 Jahre,Wiener Neustadt Land <323>,141
28 Jahre,Wien Umgebung ^<324>,-
28 Jahre,Zwettl <325>,52
28 Jahre,Stadt Linz <401>,833
28 Jahre,Stadt Steyr <402>,109
28 Jahre,Stadt Wels <403>,200
28 Jahre,Braunau <404>,258
28 Jahre,Eferding <405>,58
28 Jahre,Freistadt <406>,92
28 Jahre,Gmunden <407>,179
28 Jahre,Grieskirchen <408>,115
28 Jahre,Kirchdorf <409>,100
28 Jahre,Linz Land <410>,319
28 Jahre,Perg <411>,122
28 Jahre,Ried <412>,149
28 Jahre,Rohrbach <413>,87
28 Jahre,Schärding <414>,99
28 Jahre,Steyr Land <415>,107
28 Jahre,Urfahr Umgebung <416>,156
28 Jahre,Vöcklabruck <417>,290
28 Jahre,Wels Land <418>,99
28 Jahre,Salzburg (Stadt) <501>,620
28 Jahre,Hallein <502>,121
28 Jahre,Salzburg Umgebung <503>,353
28 Jahre,St. Johann im Pongau <504>,174
28 Jahre,Tamsweg <505>,25
28 Jahre,Zell am See <506>,180
28 Jahre,Graz (Stadt) <601>,1460
28 Jahre,Bruck an der Mur ^<602>,-
28 Jahre,Bruck-Mürzzuschlag <621>,201
28 Jahre,Deutschlandsberg <603>,77
28 Jahre,Feldbach ^<604>,-
28 Jahre,Fürstenfeld ^<605>,-
28 Jahre,Graz Umgebung <606>,297
28 Jahre,Hartberg ^<607>,-
28 Jahre,Hartberg-Fürstenfeld <622>,129
28 Jahre,Judenburg ^<608>,-
28 Jahre,Knittelfeld ^<609>,-
28 Jahre,Leibnitz <610>,166
28 Jahre,Leoben <611>,140
28 Jahre,Liezen <612>,164
28 Jahre,Murtal <620>,131
28 Jahre,Mürzzuschlag ^<613>,-
28 Jahre,Murau <614>,37
28 Jahre,Radkersburg ^<615>,-
28 Jahre,Südoststeiermark <623>,116
28 Jahre,Voitsberg <616>,98
28 Jahre,Weiz <617>,174
29 Jahre,Eisenstadt (Stadt) <101>,46
29 Jahre,Rust (Stadt) <102>,3
29 Jahre,Eisenstadt Umgebung <103>,62
29 Jahre,Güssing <104>,41
29 Jahre,Jennersdorf <105>,30
29 Jahre,Mattersburg <106>,66
29 Jahre,Neusiedl am See <107>,83
29 Jahre,Oberpullendorf <108>,52
29 Jahre,Oberwart <109>,65
29 Jahre,Klagenfurt (Stadt) <201>,332
29 Jahre,Villach (Stadt) <202>,164
29 Jahre,Feldkirchen <210>,41
29 Jahre,Hermagor <203>,28
29 Jahre,Klagenfurt Land <204>,100
29 Jahre,Sankt Veit an der Glan <205>,78
29 Jahre,Spittal an der Drau <206>,109
29 Jahre,Villach Land <207>,109
29 Jahre,Völkermarkt <208>,71
29 Jahre,Wolfsberg <209>,78
29 Jahre,Krems an der Donau (Stadt) <301>,73
29 Jahre,Sankt Pölten (Stadt) <302>,170
29 Jahre,Waidhofen an der Ybbs (Stadt) <303>,24
29 Jahre,Wiener Neustadt (Stadt) <304>,145
29 Jahre,Amstetten <305>,215
29 Jahre,Baden <306>,268
29 Jahre,Bruck an der Leitha <307>,206
29 Jahre,Gänserndorf <308>,180
29 Jahre,Gmünd <309>,54
29 Jahre,Hollabrunn <310>,90
29 Jahre,Horn <311>,50
29 Jahre,Korneuburg <312>,175
29 Jahre,Krems Land <313>,79
29 Jahre,Lilienfeld <314>,33
29 Jahre,Melk <315>,144
29 Jahre,Mistelbach <316>,95
29 Jahre,Mödling <317>,191
29 Jahre,Neunkirchen <318>,151
29 Jahre,Sankt Pölten Land <319>,227
29 Jahre,Scheibbs <320>,60
29 Jahre,Tulln <321>,186
29 Jahre,Waidhofen an der Thaya <322>,49
29 Jahre,Wiener Neustadt Land <323>,136
29 Jahre,Wien Umgebung ^<324>,-
29 Jahre,Zwettl <325>,51
29 Jahre,Stadt Linz <401>,799
29 Jahre,Stadt Steyr <402>,109
29 Jahre,Stadt Wels <403>,202
29 Jahre,Braunau <404>,219
29 Jahre,Eferding <405>,41
29 Jahre,Freistadt <406>,95
29 Jahre,Gmunden <407>,186
29 Jahre,Grieskirchen <408>,115
29 Jahre,Kirchdorf <409>,89
29 Jahre,Linz Land <410>,319
29 Jahre,Perg <411>,128
29 Jahre,Ried <412>,144
29 Jahre,Rohrbach <413>,80
29 Jahre,Schärding <414>,106
29 Jahre,Steyr Land <415>,96
29 Jahre,Urfahr Umgebung <416>,162
29 Jahre,Vöcklabruck <417>,284
29 Jahre,Wels Land <418>,169
29 Jahre,Salzburg (Stadt) <501>,512
29 Jahre,Hallein <502>,120
29 Jahre,Salzburg Umgebung <503>,326
29 Jahre,St. Johann im Pongau <504>,169
29 Jahre,Tamsweg <505>,25
29 Jahre,Zell am See <506>,157
29 Jahre,Graz (Stadt) <601>,1339
29 Jahre,Bruck an der Mur ^<602>,-
29 Jahre,Bruck-Mürzzuschlag <621>,193
29 Jahre,Deutschlandsberg <603>,88
29 Jahre,Feldbach ^<604>,-
29 Jahre,Fürstenfeld ^<605>,-
29 Jahre,Graz Umgebung <606>,271
29 Jahre,Hartberg ^<607>,-
29 Jahre,Hartberg-Fürstenfeld <622>,117
29 Jahre,Judenburg ^<608>,-
29 Jahre,Knittelfeld ^<609>,-
29 Jahre,Leibnitz <610>,139
29 Jahre,Leoben <611>,125
29 Jahre,Liezen <612>,126
29 Jahre,Murtal <620>,114
29 Jahre,Mürzzuschlag ^<613>,-
29 Jahre,Murau <614>,30
29 Jahre,Radkersburg ^<615>,-
29 Jahre,Südoststeiermark <623>,118
29 Jahre,Voitsberg <616>,118
29 Jahre,Weiz <617>,132
30 Jahre,Eisenstadt (Stadt) <101>,34
30 Jahre,Rust (Stadt) <102>,-
30 Jahre,Eisenstadt Umgebung <103>,65
30 Jahre,Güssing <104>,25
30 Jahre,Jennersdorf <105>,20
30 Jahre,Mattersburg <106>,67
30 Jahre,Neusiedl am See <107>,72
30 Jahre,Oberpullendorf <108>,59
30 Jahre,Oberwart <109>,86
30 Jahre,Klagenfurt (Stadt) <201>,303
30 Jahre,Villach (Stadt) <202>,162
30 Jahre,Feldkirchen <210>,43
30 Jahre,Hermagor <203>,14
30 Jahre,Klagenfurt Land <204>,101
30 Jahre,Sankt Veit an der Glan <205>,83
30 Jahre,Spittal an der Drau <206>,99
30 Jahre,Villach Land <207>,87
30 Jahre,Völkermarkt <208>,61
30 Jahre,Wolfsberg <209>,71
30 Jahre,Krems an der Donau (Stadt) <301>,62
30 Jahre,Sankt Pölten (Stadt) <302>,148
30 Jahre,Waidhofen an der Ybbs (Stadt) <303>,16
30 Jahre,Wiener Neustadt (Stadt) <304>,158
30 Jahre,Amstetten <305>,187
30 Jahre,Baden <306>,285
30 Jahre,Bruck an der Leitha <307>,182
30 Jahre,Gänserndorf <308>,188
30 Jahre,Gmünd <309>,46
30 Jahre,Hollabrunn <310>,77
30 Jahre,Horn <311>,44
30 Jahre,Korneuburg <312>,154
30 Jahre,Krems Land <313>,84
30 Jahre,Lilienfeld <314>,36
30 Jahre,Melk <315>,142
30 Jahre,Mistelbach <316>,109
30 Jahre,Mödling <317>,213
30 Jahre,Neunkirchen <318>,138
30 Jahre,Sankt Pölten Land <319>,192
30 Jahre,Scheibbs <320>,38
30 Jahre,Tulln <321>,223
30 Jahre,Waidhofen an der Thaya <322>,43
30 Jahre,Wiener Neustadt Land <323>,126
30 Jahre,Wien Umgebung ^<324>,-
30 Jahre,Zwettl <325>,42
30 Jahre,Stadt Linz <401>,678
30 Jahre,Stadt Steyr <402>,95
30 Jahre,Stadt Wels <403>,204
30 Jahre,Braunau <404>,217
30 Jahre,Eferding <405>,44
30 Jahre,Freistadt <406>,96
30 Jahre,Gmunden <407>,158
30 Jahre,Grieskirchen <408>,117
30 Jahre,Kirchdorf <409>,82
30 Jahre,Linz Land <410>,310
30 Jahre,Perg <411>,130
30 Jahre,Ried <412>,149
30 Jahre,Rohrbach <413>,99
30 Jahre,Schärding <414>,76
30 Jahre,Steyr Land <415>,98
30 Jahre,Urfahr Umgebung <416>,127
30 Jahre,Vöcklabruck <417>,277
30 Jahre,Wels Land <418>,143
30 Jahre,Salzburg (Stadt) <501>,538
30 Jahre,Hallein <502>,118
30 Jahre,Salzburg Umgebung <503>,315
30 Jahre,St. Johann im Pongau <504>,171
30 Jahre,Tamsweg <505>,27
30 Jahre,Zell am See <506>,162
30 Jahre,Graz (Stadt) <601>,1219
30 Jahre,Bruck an der Mur ^<602>,-
30 Jahre,Bruck-Mürzzuschlag <621>,189
30 Jahre,Deutschlandsberg <603>,83
30 Jahre,Feldbach ^<604>,-
30 Jahre,Fürstenfeld ^<605>,-
30 Jahre,Graz Umgebung <606>,293
30 Jahre,Hartberg ^<607>,-
30 Jahre,Hartberg-Fürstenfeld <622>,114
30 Jahre,Judenburg ^<608>,-
30 Jahre,Knittelfeld ^<609>,-
30 Jahre,Leibnitz <610>,147
30 Jahre,Leoben <611>,128
30 Jahre,Liezen <612>,126
30 Jahre,Murtal <620>,130
30 Jahre,Mürzzuschlag ^<613>,-
30 Jahre,Murau <614>,35
30 Jahre,Radkersburg ^<615>,-
30 Jahre,Südoststeiermark <623>,100
30 Jahre,Voitsberg <616>,72
30 Jahre,Weiz <617>,139
31 Jahre,Eisenstadt (Stadt) <101>,46
31 Jahre,Rust (Stadt) <102>,1
31 Jahre,Eisenstadt Umgebung <103>,64
31 Jahre,Güssing <104>,35
31 Jahre,Jennersdorf <105>,29
31 Jahre,Mattersburg <106>,57
31 Jahre,Neusiedl am See <107>,82
31 Jahre,Oberpullendorf <108>,37
31 Jahre,Oberwart <109>,69
31 Jahre,Klagenfurt (Stadt) <201>,276
31 Jahre,Villach (Stadt) <202>,173
31 Jahre,Feldkirchen <210>,42
31 Jahre,Hermagor <203>,15
31 Jahre,Klagenfurt Land <204>,109
31 Jahre,Sankt Veit an der Glan <205>,83
31 Jahre,Spittal an der Drau <206>,117
31 Jahre,Villach Land <207>,96
31 Jahre,Völkermarkt <208>,71
31 Jahre,Wolfsberg <209>,81
31 Jahre,Krems an der Donau (Stadt) <301>,65
31 Jahre,Sankt Pölten (Stadt) <302>,137
31 Jahre,Waidhofen an der Ybbs (Stadt) <303>,17
31 Jahre,Wiener Neustadt (Stadt) <304>,142
31 Jahre,Amstetten <305>,181
31 Jahre,Baden <306>,297
31 Jahre,Bruck an der Leitha <307>,189
31 Jahre,Gänserndorf <308>,188
31 Jahre,Gmünd <309>,49
31 Jahre,Hollabrunn <310>,69
31 Jahre,Horn <311>,33
31 Jahre,Korneuburg <312>,170
31 Jahre,Krems Land <313>,64
31 Jahre,Lilienfeld <314>,35
31 Jahre,Melk <315>,139
31 Jahre,Mistelbach <316>,118
31 Jahre,Mödling <317>,222
31 Jahre,Neunkirchen <318>,151
31 Jahre,Sankt Pölten Land <319>,197
31 Jahre,Scheibbs <320>,59
31 Jahre,Tulln <321>,185
31 Jahre,Waidhofen an der Thaya <322>,35
31 Jahre,Wiener Neustadt Land <323>,128
31 Jahre,Wien Umgebung ^<324>,-
31 Jahre,Zwettl <325>,38
31 Jahre,Stadt Linz <401>,692
31 Jahre,Stadt Steyr <402>,92
31 Jahre,Stadt Wels <403>,169
31 Jahre,Braunau <404>,174
31 Jahre,Eferding <405>,47
31 Jahre,Freistadt <406>,94
31 Jahre,Gmunden <407>,201
31 Jahre,Grieskirchen <408>,117
31 Jahre,Kirchdorf <409>,86
31 Jahre,Linz Land <410>,319
31 Jahre,Perg <411>,121
31 Jahre,Ried <412>,125
31 Jahre,Rohrbach <413>,71
31 Jahre,Schärding <414>,73
31 Jahre,Steyr Land <415>,112
31 Jahre,Urfahr Umgebung <416>,148
31 Jahre,Vöcklabruck <417>,257
31 Jahre,Wels Land <418>,146
31 Jahre,Salzburg (Stadt) <501>,449
31 Jahre,Hallein <502>,119
31 Jahre,Salzburg Umgebung <503>,269
31 Jahre,St. Johann im Pongau <504>,141
31 Jahre,Tamsweg <505>,21
31 Jahre,Zell am See <506>,162
31 Jahre,Graz (Stadt) <601>,1117
31 Jahre,Bruck an der Mur ^<602>,-
31 Jahre,Bruck-Mürzzuschlag <621>,163
31 Jahre,Deutschlandsberg <603>,111
31 Jahre,Feldbach ^<604>,-
31 Jahre,Fürstenfeld ^<605>,-
31 Jahre,Graz Umgebung <606>,276
31 Jahre,Hartberg ^<607>,-
31 Jahre,Hartberg-Fürstenfeld <622>,143
31 Jahre,Judenburg ^<608>,-
31 Jahre,Knittelfeld ^<609>,-
31 Jahre,Leibnitz <610>,138
31 Jahre,Leoben <611>,130
31 Jahre,Liezen <612>,128
31 Jahre,Murtal <620>,124
31 Jahre,Mürzzuschlag ^<613>,-
31 Jahre,Murau <614>,29
31 Jahre,Radkersburg ^<615>,-
31 Jahre,Südoststeiermark <623>,104
31 Jahre,Voitsberg <616>,70
31 Jahre,Weiz <617>,147
32 Jahre,Eisenstadt (Stadt) <101>,49
32 Jahre,Rust (Stadt) <102>,-
32 Jahre,Eisenstadt Umgebung <103>,56
32 Jahre,Güssing <104>,26
32 Jahre,Jennersdorf <105>,15
32 Jahre,Mattersburg <106>,61
32 Jahre,Neusiedl am See <107>,79
32 Jahre,Oberpullendorf <108>,39
32 Jahre,Oberwart <109>,72
32 Jahre,Klagenfurt (Stadt) <201>,245
32 Jahre,Villach (Stadt) <202>,144
32 Jahre,Feldkirchen <210>,58
32 Jahre,Hermagor <203>,17
32 Jahre,Klagenfurt Land <204>,82
32 Jahre,Sankt Veit an der Glan <205>,90
32 Jahre,Spittal an der Drau <206>,106
32 Jahre,Villach Land <207>,114
32 Jahre,Völkermarkt <208>,41
32 Jahre,Wolfsberg <209>,55
32 Jahre,Krems an der Donau (Stadt) <301>,74
32 Jahre,Sankt Pölten (Stadt) <302>,143
32 Jahre,Waidhofen an der Ybbs (Stadt) <303>,14
32 Jahre,Wiener Neustadt (Stadt) <304>,134
32 Jahre,Amstetten <305>,182
32 Jahre,Baden <306>,271
32 Jahre,Bruck an der Leitha <307>,202
32 Jahre,Gänserndorf <308>,193
32 Jahre,Gmünd <309>,41
32 Jahre,Hollabrunn <310>,71
32 Jahre,Horn <311>,38
32 Jahre,Korneuburg <312>,158
32 Jahre,Krems Land <313>,67
32 Jahre,Lilienfeld <314>,36
32 Jahre,Melk <315>,118
32 Jahre,Mistelbach <316>,93
32 Jahre,Mödling <317>,202
32 Jahre,Neunkirchen <318>,140
32 Jahre,Sankt Pölten Land <319>,181
32 Jahre,Scheibbs <320>,51
32 Jahre,Tulln <321>,196
32 Jahre,Waidhofen an der Thaya <322>,32
32 Jahre,Wiener Neustadt Land <323>,114
32 Jahre,Wien Umgebung ^<324>,-
32 Jahre,Zwettl <325>,35
32 Jahre,Stadt Linz <401>,619
32 Jahre,Stadt Steyr <402>,79
32 Jahre,Stadt Wels <403>,151
32 Jahre,Braunau <404>,204
32 Jahre,Eferding <405>,50
32 Jahre,Freistadt <406>,97
32 Jahre,Gmunden <407>,150
32 Jahre,Grieskirchen <408>,93
32 Jahre,Kirchdorf <409>,89
32 Jahre,Linz Land <410>,294
32 Jahre,Perg <411>,101
32 Jahre,Ried <412>,132
32 Jahre,Rohrbach <413>,79
32 Jahre,Schärding <414>,84
32 Jahre,Steyr Land <415>,78
32 Jahre,Urfahr Umgebung <416>,123
32 Jahre,Vöcklabruck <417>,246
32 Jahre,Wels Land <418>,131
32 Jahre,Salzburg (Stadt) <501>,431
32 Jahre,Hallein <502>,101
32 Jahre,Salzburg Umgebung <503>,289
32 Jahre,St. Johann im Pongau <504>,123
32 Jahre,Tamsweg <505>,18
32 Jahre,Zell am See <506>,177
32 Jahre,Graz (Stadt) <601>,996
32 Jahre,Bruck an der Mur ^<602>,-
32 Jahre,Bruck-Mürzzuschlag <621>,168
32 Jahre,Deutschlandsberg <603>,82
32 Jahre,Feldbach ^<604>,-
32 Jahre,Fürstenfeld ^<605>,-
32 Jahre,Graz Umgebung <606>,305
32 Jahre,Hartberg ^<607>,-
32 Jahre,Hartberg-Fürstenfeld <622>,113
32 Jahre,Judenburg ^<608>,-
32 Jahre,Knittelfeld ^<609>,-
32 Jahre,Leibnitz <610>,138
32 Jahre,Leoben <611>,133
32 Jahre,Liezen <612>,135
32 Jahre,Murtal <620>,132
32 Jahre,Mürzzuschlag ^<613>,-
32 Jahre,Murau <614>,33
32 Jahre,Radkersburg ^<615>,-
32 Jahre,Südoststeiermark <623>,113
32 Jahre,Voitsberg <616>,90
32 Jahre,Weiz <617>,130
33 Jahre,Eisenstadt (Stadt) <101>,40
33 Jahre,Rust (Stadt) <102>,2
33 Jahre,Eisenstadt Umgebung <103>,52
33 Jahre,Güssing <104>,18
33 Jahre,Jennersdorf <105>,16
33 Jahre,Mattersburg <106>,62
33 Jahre,Neusiedl am See <107>,62
33 Jahre,Oberpullendorf <108>,43
33 Jahre,Oberwart <109>,83
33 Jahre,Klagenfurt (Stadt) <201>,269
33 Jahre,Villach (Stadt) <202>,129
33 Jahre,Feldkirchen <210>,39
33 Jahre,Hermagor <203>,19
33 Jahre,Klagenfurt Land <204>,91
33 Jahre,Sankt Veit an der Glan <205>,67
33 Jahre,Spittal an der Drau <206>,90
33 Jahre,Villach Land <207>,100
33 Jahre,Völkermarkt <208>,53
33 Jahre,Wolfsberg <209>,56
33 Jahre,Krems an der Donau (Stadt) <301>,50
33 Jahre,Sankt Pölten (Stadt) <302>,131
33 Jahre,Waidhofen an der Ybbs (Stadt) <303>,15
33 Jahre,Wiener Neustadt (Stadt) <304>,135
33 Jahre,Amstetten <305>,139
33 Jahre,Baden <306>,265
33 Jahre,Bruck an der Leitha <307>,182
33 Jahre,Gänserndorf <308>,194
33 Jahre,Gmünd <309>,47
33 Jahre,Hollabrunn <310>,61
33 Jahre,Horn <311>,31
33 Jahre,Korneuburg <312>,179
33 Jahre,Krems Land <313>,66
33 Jahre,Lilienfeld <314>,31
33 Jahre,Melk <315>,114
33 Jahre,Mistelbach <316>,101
33 Jahre,Mödling <317>,210
33 Jahre,Neunkirchen <318>,130
33 Jahre,Sankt Pölten Land <319>,204
33 Jahre,Scheibbs <320>,58
33 Jahre,Tulln <321>,150
33 Jahre,Waidhofen an der Thaya <322>,28
33 Jahre,Wiener Neustadt Land <323>,106
33 Jahre,Wien Umgebung ^<324>,-
33 Jahre,Zwettl <325>,42
33 Jahre,Stadt Linz <401>,617
33 Jahre,Stadt Steyr <402>,81
33 Jahre,Stadt Wels <403>,128
33 Jahre,Braunau <404>,183
33 Jahre,Eferding <405>,43
33 Jahre,Freistadt <406>,77
33 Jahre,Gmunden <407>,157
33 Jahre,Grieskirchen <408>,100
33 Jahre,Kirchdorf <409>,83
33 Jahre,Linz Land <410>,257
33 Jahre,Perg <411>,103
33 Jahre,Ried <412>,115
33 Jahre,Rohrbach <413>,75
33 Jahre,Schärding <414>,82
33 Jahre,Steyr Land <415>,100
33 Jahre,Urfahr Umgebung <416>,109
33 Jahre,Vöcklabruck <417>,224
33 Jahre,Wels Land <418>,143
33 Jahre,Salzburg (Stadt) <501>,399
33 Jahre,Hallein <502>,93
33 Jahre,Salzburg Umgebung <503>,268
33 Jahre,St. Johann im Pongau <504>,137
33 Jahre,Tamsweg <505>,27
33 Jahre,Zell am See <506>,126
33 Jahre,Graz (Stadt) <601>,924
33 Jahre,Bruck an der Mur ^<602>,-
33 Jahre,Bruck-Mürzzuschlag <621>,144
33 Jahre,Deutschlandsberg <603>,84
33 Jahre,Feldbach ^<604>,-
33 Jahre,Fürstenfeld ^<605>,-
33 Jahre,Graz Umgebung <606>,281
33 Jahre,Hartberg ^<607>,-
33 Jahre,Hartberg-Fürstenfeld <622>,111
33 Jahre,Judenburg ^<608>,-
33 Jahre,Knittelfeld ^<609>,-
33 Jahre,Leibnitz <610>,152
33 Jahre,Leoben <611>,130
33 Jahre,Liezen <612>,115
33 Jahre,Murtal <620>,118
33 Jahre,Mürzzuschlag ^<613>,-
33 Jahre,Murau <614>,24
33 Jahre,Radkersburg ^<615>,-
33 Jahre,Südoststeiermark <623>,98
33 Jahre,Voitsberg <616>,81
33 Jahre,Weiz <617>,136
34 Jahre,Eisenstadt (Stadt) <101>,51
34 Jahre,Rust (Stadt) <102>,-
34 Jahre,Eisenstadt Umgebung <103>,75
34 Jahre,Güssing <104>,18
34 Jahre,Jennersdorf <105>,23
34 Jahre,Mattersburg <106>,53
34 Jahre,Neusiedl am See <107>,84
34 Jahre,Oberpullendorf <108>,54
34 Jahre,Oberwart <109>,61
34 Jahre,Klagenfurt (Stadt) <201>,231
34 Jahre,Villach (Stadt) <202>,125
34 Jahre,Feldkirchen <210>,44
34 Jahre,Hermagor <203>,19
34 Jahre,Klagenfurt Land <204>,90
34 Jahre,Sankt Veit an der Glan <205>,78
34 Jahre,Spittal an der Drau <206>,81
34 Jahre,Villach Land <207>,88
34 Jahre,Völkermarkt <208>,68
34 Jahre,Wolfsberg <209>,81
34 Jahre,Krems an der Donau (Stadt) <301>,51
34 Jahre,Sankt Pölten (Stadt) <302>,149
34 Jahre,Waidhofen an der Ybbs (Stadt) <303>,18
34 Jahre,Wiener Neustadt (Stadt) <304>,123
34 Jahre,Amstetten <305>,126
34 Jahre,Baden <306>,282
34 Jahre,Bruck an der Leitha <307>,193
34 Jahre,Gänserndorf <308>,183
34 Jahre,Gmünd <309>,47
34 Jahre,Hollabrunn <310>,57
34 Jahre,Horn <311>,34
34 Jahre,Korneuburg <312>,139
34 Jahre,Krems Land <313>,58
34 Jahre,Lilienfeld <314>,43
34 Jahre,Melk <315>,113
34 Jahre,Mistelbach <316>,74
34 Jahre,Mödling <317>,217
34 Jahre,Neunkirchen <318>,119
34 Jahre,Sankt Pölten Land <319>,197
34 Jahre,Scheibbs <320>,55
34 Jahre,Tulln <321>,174
34 Jahre,Waidhofen an der Thaya <322>,28
34 Jahre,Wiener Neustadt Land <323>,103
34 Jahre,Wien Umgebung ^<324>,-
34 Jahre,Zwettl <325>,50
34 Jahre,Stadt Linz <401>,555
34 Jahre,Stadt Steyr <402>,72
34 Jahre,Stadt Wels <403>,121
34 Jahre,Braunau <404>,149
34 Jahre,Eferding <405>,53
34 Jahre,Freistadt <406>,69
34 Jahre,Gmunden <407>,151
34 Jahre,Grieskirchen <408>,91
34 Jahre,Kirchdorf <409>,73
34 Jahre,Linz Land <410>,264
34 Jahre,Perg <411>,96
34 Jahre,Ried <412>,135
34 Jahre,Rohrbach <413>,48
34 Jahre,Schärding <414>,83
34 Jahre,Steyr Land <415>,88
34 Jahre,Urfahr Umgebung <416>,99
34 Jahre,Vöcklabruck <417>,245
34 Jahre,Wels Land <418>,107
34 Jahre,Salzburg (Stadt) <501>,383
34 Jahre,Hallein <502>,94
34 Jahre,Salzburg Umgebung <503>,266
34 Jahre,St. Johann im Pongau <504>,132
34 Jahre,Tamsweg <505>,18
34 Jahre,Zell am See <506>,132
34 Jahre,Graz (Stadt) <601>,826
34 Jahre,Bruck an der Mur ^<602>,-
34 Jahre,Bruck-Mürzzuschlag <621>,137
34 Jahre,Deutschlandsberg <603>,79
34 Jahre,Feldbach ^<604>,-
34 Jahre,Fürstenfeld ^<605>,-
34 Jahre,Graz Umgebung <606>,258
34 Jahre,Hartberg ^<607>,-
34 Jahre,Hartberg-Fürstenfeld <622>,90
34 Jahre,Judenburg ^<608>,-
34 Jahre,Knittelfeld ^<609>,-
34 Jahre,Leibnitz <610>,118
34 Jahre,Leoben <611>,106
34 Jahre,Liezen <612>,94
34 Jahre,Murtal <620>,103
34 Jahre,Mürzzuschlag ^<613>,-
34 Jahre,Murau <614>,16
34 Jahre,Radkersburg ^<615>,-
34 Jahre,Südoststeiermark <623>,83
34 Jahre,Voitsberg <616>,76
34 Jahre,Weiz <617>,121
35 Jahre,Eisenstadt (Stadt) <101>,31
35 Jahre,Rust (Stadt) <102>,2
35 Jahre,Eisenstadt Umgebung <103>,53
35 Jahre,Güssing <104>,19
35 Jahre,Jennersdorf <105>,22
35 Jahre,Mattersburg <106>,39
35 Jahre,Neusiedl am See <107>,79
35 Jahre,Oberpullendorf <108>,31
35 Jahre,Oberwart <109>,68
35 Jahre,Klagenfurt (Stadt) <201>,243
35 Jahre,Villach (Stadt) <202>,118
35 Jahre,Feldkirchen <210>,38
35 Jahre,Hermagor <203>,17
35 Jahre,Klagenfurt Land <204>,85
35 Jahre,Sankt Veit an der Glan <205>,70
35 Jahre,Spittal an der Drau <206>,85
35 Jahre,Villach Land <207>,97
35 Jahre,Völkermarkt <208>,38
35 Jahre,Wolfsberg <209>,67
35 Jahre,Krems an der Donau (Stadt) <301>,57
35 Jahre,Sankt Pölten (Stadt) <302>,142
35 Jahre,Waidhofen an der Ybbs (Stadt) <303>,16
35 Jahre,Wiener Neustadt (Stadt) <304>,110
35 Jahre,Amstetten <305>,119
35 Jahre,Baden <306>,224
35 Jahre,Bruck an der Leitha <307>,179
35 Jahre,Gänserndorf <308>,166
35 Jahre,Gmünd <309>,30
35 Jahre,Hollabrunn <310>,56
35 Jahre,Horn <311>,27
35 Jahre,Korneuburg <312>,144
35 Jahre,Krems Land <313>,68
35 Jahre,Lilienfeld <314>,36
35 Jahre,Melk <315>,87
35 Jahre,Mistelbach <316>,99
35 Jahre,Mödling <317>,172
35 Jahre,Neunkirchen <318>,131
35 Jahre,Sankt Pölten Land <319>,164
35 Jahre,Scheibbs <320>,45
35 Jahre,Tulln <321>,142
35 Jahre,Waidhofen an der Thaya <322>,29
35 Jahre,Wiener Neustadt Land <323>,81
35 Jahre,Wien Umgebung ^<324>,-
35 Jahre,Zwettl <325>,37
35 Jahre,Stadt Linz <401>,531
35 Jahre,Stadt Steyr <402>,71
35 Jahre,Stadt Wels <403>,132
35 Jahre,Braunau <404>,166
35 Jahre,Eferding <405>,33
35 Jahre,Freistadt <406>,69
35 Jahre,Gmunden <407>,133
35 Jahre,Grieskirchen <408>,68
35 Jahre,Kirchdorf <409>,74
35 Jahre,Linz Land <410>,233
35 Jahre,Perg <411>,82
35 Jahre,Ried <412>,112
35 Jahre,Rohrbach <413>,50
35 Jahre,Schärding <414>,64
35 Jahre,Steyr Land <415>,73
35 Jahre,Urfahr Umgebung <416>,106
35 Jahre,Vöcklabruck <417>,202
35 Jahre,Wels Land <418>,99
35 Jahre,Salzburg (Stadt) <501>,387
35 Jahre,Hallein <502>,82
35 Jahre,Salzburg Umgebung <503>,253
35 Jahre,St. Johann im Pongau <504>,113
35 Jahre,Tamsweg <505>,26
35 Jahre,Zell am See <506>,121
35 Jahre,Graz (Stadt) <601>,845
35 Jahre,Bruck an der Mur ^<602>,-
35 Jahre,Bruck-Mürzzuschlag <621>,141
35 Jahre,Deutschlandsberg <603>,85
35 Jahre,Feldbach ^<604>,-
35 Jahre,Fürstenfeld ^<605>,-
35 Jahre,Graz Umgebung <606>,259
35 Jahre,Hartberg ^<607>,-
35 Jahre,Hartberg-Fürstenfeld <622>,82
35 Jahre,Judenburg ^<608>,-
35 Jahre,Knittelfeld ^<609>,-
35 Jahre,Leibnitz <610>,131
35 Jahre,Leoben <611>,105
35 Jahre,Liezen <612>,106
35 Jahre,Murtal <620>,93
35 Jahre,Mürzzuschlag ^<613>,-
35 Jahre,Murau <614>,12
35 Jahre,Radkersburg ^<615>,-
35 Jahre,Südoststeiermark <623>,93
35 Jahre,Voitsberg <616>,69
35 Jahre,Weiz <617>,114
36 Jahre,Eisenstadt (Stadt) <101>,36
36 Jahre,Rust (Stadt) <102>,-
36 Jahre,Eisenstadt Umgebung <103>,49
36 Jahre,Güssing <104>,30
36 Jahre,Jennersdorf <105>,21
36 Jahre,Mattersburg <106>,37
36 Jahre,Neusiedl am See <107>,90
36 Jahre,Oberpullendorf <108>,46
36 Jahre,Oberwart <109>,70
36 Jahre,Klagenfurt (Stadt) <201>,210
36 Jahre,Villach (Stadt) <202>,101
36 Jahre,Feldkirchen <210>,30
36 Jahre,Hermagor <203>,12
36 Jahre,Klagenfurt Land <204>,83
36 Jahre,Sankt Veit an der Glan <205>,67
36 Jahre,Spittal an der Drau <206>,80
36 Jahre,Villach Land <207>,87
36 Jahre,Völkermarkt <208>,49
36 Jahre,Wolfsberg <209>,66
36 Jahre,Krems an der Donau (Stadt) <301>,51
36 Jahre,Sankt Pölten (Stadt) <302>,99
36 Jahre,Waidhofen an der Ybbs (Stadt) <303>,14
36 Jahre,Wiener Neustadt (Stadt) <304>,108
36 Jahre,Amstetten <305>,112
36 Jahre,Baden <306>,216
36 Jahre,Bruck an der Leitha <307>,166
36 Jahre,Gänserndorf <308>,130
36 Jahre,Gmünd <309>,19
36 Jahre,Hollabrunn <310>,50
36 Jahre,Horn <311>,32
36 Jahre,Korneuburg <312>,138
36 Jahre,Krems Land <313>,64
36 Jahre,Lilienfeld <314>,31
36 Jahre,Melk <315>,104
36 Jahre,Mistelbach <316>,75
36 Jahre,Mödling <317>,149
36 Jahre,Neunkirchen <318>,113
36 Jahre,Sankt Pölten Land <319>,185
36 Jahre,Scheibbs <320>,31
36 Jahre,Tulln <321>,150
36 Jahre,Waidhofen an der Thaya <322>,22
36 Jahre,Wiener Neustadt Land <323>,99
36 Jahre,Wien Umgebung ^<324>,-
36 Jahre,Zwettl <325>,38
36 Jahre,Stadt Linz <401>,461
36 Jahre,Stadt Steyr <402>,65
36 Jahre,Stadt Wels <403>,127
36 Jahre,Braunau <404>,153
36 Jahre,Eferding <405>,32
36 Jahre,Freistadt <406>,58
36 Jahre,Gmunden <407>,126
36 Jahre,Grieskirchen <408>,79
36 Jahre,Kirchdorf <409>,69
36 Jahre,Linz Land <410>,212
36 Jahre,Perg <411>,107
36 Jahre,Ried <412>,98
36 Jahre,Rohrbach <413>,60
36 Jahre,Schärding <414>,71
36 Jahre,Steyr Land <415>,61
36 Jahre,Urfahr Umgebung <416>,102
36 Jahre,Vöcklabruck <417>,209
36 Jahre,Wels Land <418>,95
36 Jahre,Salzburg (Stadt) <501>,307
36 Jahre,Hallein <502>,82
36 Jahre,Salzburg Umgebung <503>,236
36 Jahre,St. Johann im Pongau <504>,102
36 Jahre,Tamsweg <505>,24
36 Jahre,Zell am See <506>,111
36 Jahre,Graz (Stadt) <601>,755
36 Jahre,Bruck an der Mur ^<602>,-
36 Jahre,Bruck-Mürzzuschlag <621>,132
36 Jahre,Deutschlandsberg <603>,57
36 Jahre,Feldbach ^<604>,-
36 Jahre,Fürstenfeld ^<605>,-
36 Jahre,Graz Umgebung <606>,210
36 Jahre,Hartberg ^<607>,-
36 Jahre,Hartberg-Fürstenfeld <622>,82
36 Jahre,Judenburg ^<608>,-
36 Jahre,Knittelfeld ^<609>,-
36 Jahre,Leibnitz <610>,101
36 Jahre,Leoben <611>,121
36 Jahre,Liezen <612>,99
36 Jahre,Murtal <620>,83
36 Jahre,Mürzzuschlag ^<613>,-
36 Jahre,Murau <614>,22
36 Jahre,Radkersburg ^<615>,-
36 Jahre,Südoststeiermark <623>,88
36 Jahre,Voitsberg <616>,66
36 Jahre,Weiz <617>,98
37 Jahre,Eisenstadt (Stadt) <101>,33
37 Jahre,Rust (Stadt) <102>,1
37 Jahre,Eisenstadt Umgebung <103>,37
37 Jahre,Güssing <104>,19
37 Jahre,Jennersdorf <105>,11
37 Jahre,Mattersburg <106>,49
37 Jahre,Neusiedl am See <107>,73
37 Jahre,Oberpullendorf <108>,34
37 Jahre,Oberwart <109>,62
37 Jahre,Klagenfurt (Stadt) <201>,212
37 Jahre,Villach (Stadt) <202>,92
37 Jahre,Feldkirchen <210>,36
37 Jahre,Hermagor <203>,11
37 Jahre,Klagenfurt Land <204>,74
37 Jahre,Sankt Veit an der Glan <205>,63
37 Jahre,Spittal an der Drau <206>,69
37 Jahre,Villach Land <207>,78
37 Jahre,Völkermarkt <208>,47
37 Jahre,Wolfsberg <209>,66
37 Jahre,Krems an der Donau (Stadt) <301>,62
37 Jahre,Sankt Pölten (Stadt) <302>,121
37 Jahre,Waidhofen an der Ybbs (Stadt) <303>,11
37 Jahre,Wiener Neustadt (Stadt) <304>,116
37 Jahre,Amstetten <305>,102
37 Jahre,Baden <306>,209
37 Jahre,Bruck an der Leitha <307>,162
37 Jahre,Gänserndorf <308>,126
37 Jahre,Gmünd <309>,26
37 Jahre,Hollabrunn <310>,51
37 Jahre,Horn <311>,34
37 Jahre,Korneuburg <312>,105
37 Jahre,Krems Land <313>,46
37 Jahre,Lilienfeld <314>,38
37 Jahre,Melk <315>,69
37 Jahre,Mistelbach <316>,69
37 Jahre,Mödling <317>,159
37 Jahre,Neunkirchen <318>,116
37 Jahre,Sankt Pölten Land <319>,158
37 Jahre,Scheibbs <320>,31
37 Jahre,Tulln <321>,164
37 Jahre,Waidhofen an der Thaya <322>,22
37 Jahre,Wiener Neustadt Land <323>,119
37 Jahre,Wien Umgebung ^<324>,-
37 Jahre,Zwettl <325>,31
37 Jahre,Stadt Linz <401>,420
37 Jahre,Stadt Steyr <402>,74
37 Jahre,Stadt Wels <403>,104
37 Jahre,Braunau <404>,133
37 Jahre,Eferding <405>,33
37 Jahre,Freistadt <406>,53
37 Jahre,Gmunden <407>,118
37 Jahre,Grieskirchen <408>,77
37 Jahre,Kirchdorf <409>,63
37 Jahre,Linz Land <410>,210
37 Jahre,Perg <411>,82
37 Jahre,Ried <412>,90
37 Jahre,Rohrbach <413>,40
37 Jahre,Schärding <414>,50
37 Jahre,Steyr Land <415>,71
37 Jahre,Urfahr Umgebung <416>,100
37 Jahre,Vöcklabruck <417>,191
37 Jahre,Wels Land <418>,98
37 Jahre,Salzburg (Stadt) <501>,286
37 Jahre,Hallein <502>,79
37 Jahre,Salzburg Umgebung <503>,209
37 Jahre,St. Johann im Pongau <504>,100
37 Jahre,Tamsweg <505>,18
37 Jahre,Zell am See <506>,127
37 Jahre,Graz (Stadt) <601>,677
37 Jahre,Bruck an der Mur ^<602>,-
37 Jahre,Bruck-Mürzzuschlag <621>,114
37 Jahre,Deutschlandsberg <603>,55
37 Jahre,Feldbach ^<604>,-
37 Jahre,Fürstenfeld ^<605>,-
37 Jahre,Graz Umgebung <606>,213
37 Jahre,Hartberg ^<607>,-
37 Jahre,Hartberg-Fürstenfeld <622>,77
37 Jahre,Judenburg ^<608>,-
37 Jahre,Knittelfeld ^<609>,-
37 Jahre,Leibnitz <610>,113
37 Jahre,Leoben <611>,102
37 Jahre,Liezen <612>,92
37 Jahre,Murtal <620>,93
37 Jahre,Mürzzuschlag ^<613>,-
37 Jahre,Murau <614>,24
37 Jahre,Radkersburg ^<615>,-
37 Jahre,Südoststeiermark <623>,76
37 Jahre,Voitsberg <616>,54
37 Jahre,Weiz <617>,88
38 Jahre,Eisenstadt (Stadt) <101>,30
38 Jahre,Rust (Stadt) <102>,-
38 Jahre,Eisenstadt Umgebung <103>,36
38 Jahre,Güssing <104>,23
38 Jahre,Jennersdorf <105>,6
38 Jahre,Mattersburg <106>,46
38 Jahre,Neusiedl am See <107>,52
38 Jahre,Oberpullendorf <108>,36
38 Jahre,Oberwart <109>,69
38 Jahre,Klagenfurt (Stadt) <201>,155
38 Jahre,Villach (Stadt) <202>,106
38 Jahre,Feldkirchen <210>,23
38 Jahre,Hermagor <203>,8
38 Jahre,Klagenfurt Land <204>,83
38 Jahre,Sankt Veit an der Glan <205>,70
38 Jahre,Spittal an der Drau <206>,61
38 Jahre,Villach Land <207>,77
38 Jahre,Völkermarkt <208>,47
38 Jahre,Wolfsberg <209>,39
38 Jahre,Krems an der Donau (Stadt) <301>,37
38 Jahre,Sankt Pölten (Stadt) <302>,137
38 Jahre,Waidhofen an der Ybbs (Stadt) <303>,8
38 Jahre,Wiener Neustadt (Stadt) <304>,124
38 Jahre,Amstetten <305>,103
38 Jahre,Baden <306>,229
38 Jahre,Bruck an der Leitha <307>,122
38 Jahre,Gänserndorf <308>,117
38 Jahre,Gmünd <309>,32
38 Jahre,Hollabrunn <310>,45
38 Jahre,Horn <311>,21
38 Jahre,Korneuburg <312>,104
38 Jahre,Krems Land <313>,45
38 Jahre,Lilienfeld <314>,20
38 Jahre,Melk <315>,89
38 Jahre,Mistelbach <316>,78
38 Jahre,Mödling <317>,180
38 Jahre,Neunkirchen <318>,110
38 Jahre,Sankt Pölten Land <319>,146
38 Jahre,Scheibbs <320>,38
38 Jahre,Tulln <321>,126
38 Jahre,Waidhofen an der Thaya <322>,19
38 Jahre,Wiener Neustadt Land <323>,82
38 Jahre,Wien Umgebung ^<324>,-
38 Jahre,Zwettl <325>,29
38 Jahre,Stadt Linz <401>,426
38 Jahre,Stadt Steyr <402>,64
38 Jahre,Stadt Wels <403>,112
38 Jahre,Braunau <404>,119
38 Jahre,Eferding <405>,26
38 Jahre,Freistadt <406>,40
38 Jahre,Gmunden <407>,109
38 Jahre,Grieskirchen <408>,68
38 Jahre,Kirchdorf <409>,47
38 Jahre,Linz Land <410>,183
38 Jahre,Perg <411>,76
38 Jahre,Ried <412>,74
38 Jahre,Rohrbach <413>,40
38 Jahre,Schärding <414>,57
38 Jahre,Steyr Land <415>,57
38 Jahre,Urfahr Umgebung <416>,77
38 Jahre,Vöcklabruck <417>,181
38 Jahre,Wels Land <418>,57
38 Jahre,Salzburg (Stadt) <501>,285
38 Jahre,Hallein <502>,78
38 Jahre,Salzburg Umgebung <503>,175
38 Jahre,St. Johann im Pongau <504>,82
38 Jahre,Tamsweg <505>,13
38 Jahre,Zell am See <506>,105
38 Jahre,Graz (Stadt) <601>,663
38 Jahre,Bruck an der Mur ^<602>,-
38 Jahre,Bruck-Mürzzuschlag <621>,101
38 Jahre,Deutschlandsberg <603>,55
38 Jahre,Feldbach ^<604>,-
38 Jahre,Fürstenfeld ^<605>,-
38 Jahre,Graz Umgebung <606>,203
38 Jahre,Hartberg ^<607>,-
38 Jahre,Hartberg-Fürstenfeld <622>,75
38 Jahre,Judenburg ^<608>,-
38 Jahre,Knittelfeld ^<609>,-
38 Jahre,Leibnitz <610>,95
38 Jahre,Leoben <611>,91
38 Jahre,Liezen <612>,76
38 Jahre,Murtal <620>,77
38 Jahre,Mürzzuschlag ^<613>,-
38 Jahre,Murau <614>,19
38 Jahre,Radkersburg ^<615>,-
38 Jahre,Südoststeiermark <623>,59
38 Jahre,Voitsberg <616>,47
38 Jahre,Weiz <617>,81
39 Jahre,Eisenstadt (Stadt) <101>,40
39 Jahre,Rust (Stadt) <102>,1
39 Jahre,Eisenstadt Umgebung <103>,53
39 Jahre,Güssing <104>,23
39 Jahre,Jennersdorf <105>,19
39 Jahre,Mattersburg <106>,41
39 Jahre,Neusiedl am See <107>,69
39 Jahre,Oberpullendorf <108>,28
39 Jahre,Oberwart <109>,56
39 Jahre,Klagenfurt (Stadt) <201>,154
39 Jahre,Villach (Stadt) <202>,100
39 Jahre,Feldkirchen <210>,33
39 Jahre,Hermagor <203>,11
39 Jahre,Klagenfurt Land <204>,71
39 Jahre,Sankt Veit an der Glan <205>,58
39 Jahre,Spittal an der Drau <206>,65
39 Jahre,Villach Land <207>,66
39 Jahre,Völkermarkt <208>,44
39 Jahre,Wolfsberg <209>,62
39 Jahre,Krems an der Donau (Stadt) <301>,49
39 Jahre,Sankt Pölten (Stadt) <302>,107
39 Jahre,Waidhofen an der Ybbs (Stadt) <303>,18
39 Jahre,Wiener Neustadt (Stadt) <304>,97
39 Jahre,Amstetten <305>,81
39 Jahre,Baden <306>,181
39 Jahre,Bruck an der Leitha <307>,133
39 Jahre,Gänserndorf <308>,112
39 Jahre,Gmünd <309>,18
39 Jahre,Hollabrunn <310>,35
39 Jahre,Horn <311>,24
39 Jahre,Korneuburg <312>,100
39 Jahre,Krems Land <313>,45
39 Jahre,Lilienfeld <314>,26
39 Jahre,Melk <315>,70
39 Jahre,Mistelbach <316>,61
39 Jahre,Mödling <317>,142
39 Jahre,Neunkirchen <318>,113
39 Jahre,Sankt Pölten Land <319>,146
39 Jahre,Scheibbs <320>,39
39 Jahre,Tulln <321>,119
39 Jahre,Waidhofen an der Thaya <322>,21
39 Jahre,Wiener Neustadt Land <323>,78
39 Jahre,Wien Umgebung ^<324>,-
39 Jahre,Zwettl <325>,27
39 Jahre,Stadt Linz <401>,366
39 Jahre,Stadt Steyr <402>,35
39 Jahre,Stadt Wels <403>,100
39 Jahre,Braunau <404>,112
39 Jahre,Eferding <405>,25
39 Jahre,Freistadt <406>,52
39 Jahre,Gmunden <407>,127
39 Jahre,Grieskirchen <408>,56
39 Jahre,Kirchdorf <409>,48
39 Jahre,Linz Land <410>,202
39 Jahre,Perg <411>,55
39 Jahre,Ried <412>,71
39 Jahre,Rohrbach <413>,41
39 Jahre,Schärding <414>,54
39 Jahre,Steyr Land <415>,56
39 Jahre,Urfahr Umgebung <416>,76
39 Jahre,Vöcklabruck <417>,168
39 Jahre,Wels Land <418>,80
39 Jahre,Salzburg (Stadt) <501>,234
39 Jahre,Hallein <502>,62
39 Jahre,Salzburg Umgebung <503>,164
39 Jahre,St. Johann im Pongau <504>,112
39 Jahre,Tamsweg <505>,15
39 Jahre,Zell am See <506>,99
39 Jahre,Graz (Stadt) <601>,570
39 Jahre,Bruck an der Mur ^<602>,-
39 Jahre,Bruck-Mürzzuschlag <621>,87
39 Jahre,Deutschlandsberg <603>,60
39 Jahre,Feldbach ^<604>,-
39 Jahre,Fürstenfeld ^<605>,-
39 Jahre,Graz Umgebung <606>,180
39 Jahre,Hartberg ^<607>,-
39 Jahre,Hartberg-Fürstenfeld <622>,69
39 Jahre,Judenburg ^<608>,-
39 Jahre,Knittelfeld ^<609>,-
39 Jahre,Leibnitz <610>,113
39 Jahre,Leoben <611>,91
39 Jahre,Liezen <612>,61
39 Jahre,Murtal <620>,76
39 Jahre,Mürzzuschlag ^<613>,-
39 Jahre,Murau <614>,18
39 Jahre,Radkersburg ^<615>,-
39 Jahre,Südoststeiermark <623>,50
39 Jahre,Voitsberg <616>,59
39 Jahre,Weiz <617>,80
40 Jahre,Eisenstadt (Stadt) <101>,33
40 Jahre,Rust (Stadt) <102>,2
40 Jahre,Eisenstadt Umgebung <103>,41
40 Jahre,Güssing <104>,11
40 Jahre,Jennersdorf <105>,10
40 Jahre,Mattersburg <106>,40
40 Jahre,Neusiedl am See <107>,72
40 Jahre,Oberpullendorf <108>,24
40 Jahre,Oberwart <109>,54
40 Jahre,Klagenfurt (Stadt) <201>,195
40 Jahre,Villach (Stadt) <202>,106
40 Jahre,Feldkirchen <210>,36
40 Jahre,Hermagor <203>,12
40 Jahre,Klagenfurt Land <204>,69
40 Jahre,Sankt Veit an der Glan <205>,46
40 Jahre,Spittal an der Drau <206>,66
40 Jahre,Villach Land <207>,65
40 Jahre,Völkermarkt <208>,37
40 Jahre,Wolfsberg <209>,55
40 Jahre,Krems an der Donau (Stadt) <301>,52
40 Jahre,Sankt Pölten (Stadt) <302>,87
40 Jahre,Waidhofen an der Ybbs (Stadt) <303>,4
40 Jahre,Wiener Neustadt (Stadt) <304>,95
40 Jahre,Amstetten <305>,106
40 Jahre,Baden <306>,167
40 Jahre,Bruck an der Leitha <307>,124
40 Jahre,Gänserndorf <308>,121
40 Jahre,Gmünd <309>,20
40 Jahre,Hollabrunn <310>,43
40 Jahre,Horn <311>,24
40 Jahre,Korneuburg <312>,108
40 Jahre,Krems Land <313>,50
40 Jahre,Lilienfeld <314>,31
40 Jahre,Melk <315>,64
40 Jahre,Mistelbach <316>,63
40 Jahre,Mödling <317>,160
40 Jahre,Neunkirchen <318>,91
40 Jahre,Sankt Pölten Land <319>,136
40 Jahre,Scheibbs <320>,41
40 Jahre,Tulln <321>,95
40 Jahre,Waidhofen an der Thaya <322>,18
40 Jahre,Wiener Neustadt Land <323>,85
40 Jahre,Wien Umgebung ^<324>,-
40 Jahre,Zwettl <325>,11
40 Jahre,Stadt Linz <401>,369
40 Jahre,Stadt Steyr <402>,57
40 Jahre,Stadt Wels <403>,99
40 Jahre,Braunau <404>,103
40 Jahre,Eferding <405>,24
40 Jahre,Freistadt <406>,43
40 Jahre,Gmunden <407>,106
40 Jahre,Grieskirchen <408>,60
40 Jahre,Kirchdorf <409>,49
40 Jahre,Linz Land <410>,181
40 Jahre,Perg <411>,72
40 Jahre,Ried <412>,52
40 Jahre,Rohrbach <413>,29
40 Jahre,Schärding <414>,42
40 Jahre,Steyr Land <415>,48
40 Jahre,Urfahr Umgebung <416>,67
40 Jahre,Vöcklabruck <417>,149
40 Jahre,Wels Land <418>,70
40 Jahre,Salzburg (Stadt) <501>,241
40 Jahre,Hallein <502>,54
40 Jahre,Salzburg Umgebung <503>,150
40 Jahre,St. Johann im Pongau <504>,75
40 Jahre,Tamsweg <505>,8
40 Jahre,Zell am See <506>,66
40 Jahre,Graz (Stadt) <601>,557
40 Jahre,Bruck an der Mur ^<602>,-
40 Jahre,Bruck-Mürzzuschlag <621>,93
40 Jahre,Deutschlandsberg <603>,42
40 Jahre,Feldbach ^<604>,-
40 Jahre,Fürstenfeld ^<605>,-
40 Jahre,Graz Umgebung <606>,167
40 Jahre,Hartberg ^<607>,-
40 Jahre,Hartberg-Fürstenfeld <622>,70
40 Jahre,Judenburg ^<608>,-
40 Jahre,Knittelfeld ^<609>,-
40 Jahre,Leibnitz <610>,99
40 Jahre,Leoben <611>,72
40 Jahre,Liezen <612>,83
40 Jahre,Murtal <620>,68
40 Jahre,Mürzzuschlag ^<613>,-
40 Jahre,Murau <614>,12
40 Jahre,Radkersburg ^<615>,-
40 Jahre,Südoststeiermark <623>,67
40 Jahre,Voitsberg <616>,48
40 Jahre,Weiz <617>,84
41 Jahre,Eisenstadt (Stadt) <101>,28
41 Jahre,Rust (Stadt) <102>,2
41 Jahre,Eisenstadt Umgebung <103>,38
41 Jahre,Güssing <104>,25
41 Jahre,Jennersdorf <105>,18
41 Jahre,Mattersburg <106>,33
41 Jahre,Neusiedl am See <107>,44
41 Jahre,Oberpullendorf <108>,36
41 Jahre,Oberwart <109>,57
41 Jahre,Klagenfurt (Stadt) <201>,158
41 Jahre,Villach (Stadt) <202>,71
41 Jahre,Feldkirchen <210>,34
41 Jahre,Hermagor <203>,10
41 Jahre,Klagenfurt Land <204>,56
41 Jahre,Sankt Veit an der Glan <205>,48
41 Jahre,Spittal an der Drau <206>,48
41 Jahre,Villach Land <207>,52
41 Jahre,Völkermarkt <208>,42
41 Jahre,Wolfsberg <209>,36
41 Jahre,Krems an der Donau (Stadt) <301>,39
41 Jahre,Sankt Pölten (Stadt) <302>,79
41 Jahre,Waidhofen an der Ybbs (Stadt) <303>,9
41 Jahre,Wiener Neustadt (Stadt) <304>,82
41 Jahre,Amstetten <305>,88
41 Jahre,Baden <306>,178
41 Jahre,Bruck an der Leitha <307>,130
41 Jahre,Gänserndorf <308>,112
41 Jahre,Gmünd <309>,20
41 Jahre,Hollabrunn <310>,43
41 Jahre,Horn <311>,15
41 Jahre,Korneuburg <312>,111
41 Jahre,Krems Land <313>,36
41 Jahre,Lilienfeld <314>,21
41 Jahre,Melk <315>,69
41 Jahre,Mistelbach <316>,52
41 Jahre,Mödling <317>,134
41 Jahre,Neunkirchen <318>,67
41 Jahre,Sankt Pölten Land <319>,133
41 Jahre,Scheibbs <320>,28
41 Jahre,Tulln <321>,109
41 Jahre,Waidhofen an der Thaya <322>,19
41 Jahre,Wiener Neustadt Land <323>,67
41 Jahre,Wien Umgebung ^<324>,-
41 Jahre,Zwettl <325>,23
41 Jahre,Stadt Linz <401>,328
41 Jahre,Stadt Steyr <402>,58
41 Jahre,Stadt Wels <403>,82
41 Jahre,Braunau <404>,90
41 Jahre,Eferding <405>,19
41 Jahre,Freistadt <406>,32
41 Jahre,Gmunden <407>,79
41 Jahre,Grieskirchen <408>,45
41 Jahre,Kirchdorf <409>,52
41 Jahre,Linz Land <410>,163
41 Jahre,Perg <411>,77
41 Jahre,Ried <412>,57
41 Jahre,Rohrbach <413>,18
41 Jahre,Schärding <414>,31
41 Jahre,Steyr Land <415>,49
41 Jahre,Urfahr Umgebung <416>,60
41 Jahre,Vöcklabruck <417>,115
41 Jahre,Wels Land <418>,49
41 Jahre,Salzburg (Stadt) <501>,213
41 Jahre,Hallein <502>,55
41 Jahre,Salzburg Umgebung <503>,156
41 Jahre,St. Johann im Pongau <504>,64
41 Jahre,Tamsweg <505>,17
41 Jahre,Zell am See <506>,79
41 Jahre,Graz (Stadt) <601>,481
41 Jahre,Bruck an der Mur ^<602>,-
41 Jahre,Bruck-Mürzzuschlag <621>,81
41 Jahre,Deutschlandsberg <603>,51
41 Jahre,Feldbach ^<604>,-
41 Jahre,Fürstenfeld ^<605>,-
41 Jahre,Graz Umgebung <606>,163
41 Jahre,Hartberg ^<607>,-
41 Jahre,Hartberg-Fürstenfeld <622>,60
41 Jahre,Judenburg ^<608>,-
41 Jahre,Knittelfeld ^<609>,-
41 Jahre,Leibnitz <610>,69
41 Jahre,Leoben <611>,72
41 Jahre,Liezen <612>,65
41 Jahre,Murtal <620>,65
41 Jahre,Mürzzuschlag ^<613>,-
41 Jahre,Murau <614>,17
41 Jahre,Radkersburg ^<615>,-
41 Jahre,Südoststeiermark <623>,41
41 Jahre,Voitsberg <616>,50
41 Jahre,Weiz <617>,76
42 Jahre,Eisenstadt (Stadt) <101>,28
42 Jahre,Rust (Stadt) <102>,-
42 Jahre,Eisenstadt Umgebung <103>,44
42 Jahre,Güssing <104>,23
42 Jahre,Jennersdorf <105>,14
42 Jahre,Mattersburg <106>,25
42 Jahre,Neusiedl am See <107>,35
42 Jahre,Oberpullendorf <108>,32
42 Jahre,Oberwart <109>,38
42 Jahre,Klagenfurt (Stadt) <201>,135
42 Jahre,Villach (Stadt) <202>,94
42 Jahre,Feldkirchen <210>,28
42 Jahre,Hermagor <203>,10
42 Jahre,Klagenfurt Land <204>,59
42 Jahre,Sankt Veit an der Glan <205>,40
42 Jahre,Spittal an der Drau <206>,48
42 Jahre,Villach Land <207>,48
42 Jahre,Völkermarkt <208>,31
42 Jahre,Wolfsberg <209>,25
42 Jahre,Krems an der Donau (Stadt) <301>,35
42 Jahre,Sankt Pölten (Stadt) <302>,89
42 Jahre,Waidhofen an der Ybbs (Stadt) <303>,9
42 Jahre,Wiener Neustadt (Stadt) <304>,67
42 Jahre,Amstetten <305>,82
42 Jahre,Baden <306>,178
42 Jahre,Bruck an der Leitha <307>,118
42 Jahre,Gänserndorf <308>,96
42 Jahre,Gmünd <309>,30
42 Jahre,Hollabrunn <310>,47
42 Jahre,Horn <311>,20
42 Jahre,Korneuburg <312>,90
42 Jahre,Krems Land <313>,36
42 Jahre,Lilienfeld <314>,18
42 Jahre,Melk <315>,58
42 Jahre,Mistelbach <316>,64
42 Jahre,Mödling <317>,137
42 Jahre,Neunkirchen <318>,98
42 Jahre,Sankt Pölten Land <319>,121
42 Jahre,Scheibbs <320>,29
42 Jahre,Tulln <321>,125
42 Jahre,Waidhofen an der Thaya <322>,13
42 Jahre,Wiener Neustadt Land <323>,73
42 Jahre,Wien Umgebung ^<324>,-
42 Jahre,Zwettl <325>,27
42 Jahre,Stadt Linz <401>,310
42 Jahre,Stadt Steyr <402>,51
42 Jahre,Stadt Wels <403>,94
42 Jahre,Braunau <404>,94
42 Jahre,Eferding <405>,16
42 Jahre,Freistadt <406>,40
42 Jahre,Gmunden <407>,66
42 Jahre,Grieskirchen <408>,49
42 Jahre,Kirchdorf <409>,44
42 Jahre,Linz Land <410>,168
42 Jahre,Perg <411>,55
42 Jahre,Ried <412>,40
42 Jahre,Rohrbach <413>,21
42 Jahre,Schärding <414>,36
42 Jahre,Steyr Land <415>,48
42 Jahre,Urfahr Umgebung <416>,58
42 Jahre,Vöcklabruck <417>,120
42 Jahre,Wels Land <418>,48
42 Jahre,Salzburg (Stadt) <501>,217
42 Jahre,Hallein <502>,50
42 Jahre,Salzburg Umgebung <503>,165
42 Jahre,St. Johann im Pongau <504>,53
42 Jahre,Tamsweg <505>,15
42 Jahre,Zell am See <506>,61
42 Jahre,Graz (Stadt) <601>,509
42 Jahre,Bruck an der Mur ^<602>,-
42 Jahre,Bruck-Mürzzuschlag <621>,98
42 Jahre,Deutschlandsberg <603>,58
42 Jahre,Feldbach ^<604>,-
42 Jahre,Fürstenfeld ^<605>,-
42 Jahre,Graz Umgebung <606>,118
42 Jahre,Hartberg ^<607>,-
42 Jahre,Hartberg-Fürstenfeld <622>,60
42 Jahre,Judenburg ^<608>,-
42 Jahre,Knittelfeld ^<609>,-
42 Jahre,Leibnitz <610>,94
42 Jahre,Leoben <611>,71
42 Jahre,Liezen <612>,76
42 Jahre,Murtal <620>,57
42 Jahre,Mürzzuschlag ^<613>,-
42 Jahre,Murau <614>,16
42 Jahre,Radkersburg ^<615>,-
42 Jahre,Südoststeiermark <623>,53
42 Jahre,Voitsberg <616>,45
42 Jahre,Weiz <617>,62
43 Jahre,Eisenstadt (Stadt) <101>,25
43 Jahre,Rust (Stadt) <102>,1
43 Jahre,Eisenstadt Umgebung <103>,32
43 Jahre,Güssing <104>,23
43 Jahre,Jennersdorf <105>,13
43 Jahre,Mattersburg <106>,38
43 Jahre,Neusiedl am See <107>,51
43 Jahre,Oberpullendorf <108>,32
43 Jahre,Oberwart <109>,50
43 Jahre,Klagenfurt (Stadt) <201>,158
43 Jahre,Villach (Stadt) <202>,83
43 Jahre,Feldkirchen <210>,26
43 Jahre,Hermagor <203>,16
43 Jahre,Klagenfurt Land <204>,59
43 Jahre,Sankt Veit an der Glan <205>,27
43 Jahre,Spittal an der Drau <206>,57
43 Jahre,Villach Land <207>,65
43 Jahre,Völkermarkt <208>,27
43 Jahre,Wolfsberg <209>,42
43 Jahre,Krems an der Donau (Stadt) <301>,30
43 Jahre,Sankt Pölten (Stadt) <302>,98
43 Jahre,Waidhofen an der Ybbs (Stadt) <303>,4
43 Jahre,Wiener Neustadt (Stadt) <304>,98
43 Jahre,Amstetten <305>,81
43 Jahre,Baden <306>,136
43 Jahre,Bruck an der Leitha <307>,112
43 Jahre,Gänserndorf <308>,85
43 Jahre,Gmünd <309>,21
43 Jahre,Hollabrunn <310>,40
43 Jahre,Horn <311>,22
43 Jahre,Korneuburg <312>,89
43 Jahre,Krems Land <313>,40
43 Jahre,Lilienfeld <314>,20
43 Jahre,Melk <315>,55
43 Jahre,Mistelbach <316>,52
43 Jahre,Mödling <317>,131
43 Jahre,Neunkirchen <318>,69
43 Jahre,Sankt Pölten Land <319>,119
43 Jahre,Scheibbs <320>,41
43 Jahre,Tulln <321>,104
43 Jahre,Waidhofen an der Thaya <322>,10
43 Jahre,Wiener Neustadt Land <323>,67
43 Jahre,Wien Umgebung ^<324>,-
43 Jahre,Zwettl <325>,11
43 Jahre,Stadt Linz <401>,288
43 Jahre,Stadt Steyr <402>,53
43 Jahre,Stadt Wels <403>,105
43 Jahre,Braunau <404>,76
43 Jahre,Eferding <405>,17
43 Jahre,Freistadt <406>,32
43 Jahre,Gmunden <407>,53
43 Jahre,Grieskirchen <408>,37
43 Jahre,Kirchdorf <409>,27
43 Jahre,Linz Land <410>,160
43 Jahre,Perg <411>,56
43 Jahre,Ried <412>,68
43 Jahre,Rohrbach <413>,29
43 Jahre,Schärding <414>,37
43 Jahre,Steyr Land <415>,34
43 Jahre,Urfahr Umgebung <416>,53
43 Jahre,Vöcklabruck <417>,133
43 Jahre,Wels Land <418>,73
43 Jahre,Salzburg (Stadt) <501>,192
43 Jahre,Hallein <502>,52
43 Jahre,Salzburg Umgebung <503>,150
43 Jahre,St. Johann im Pongau <504>,44
43 Jahre,Tamsweg <505>,16
43 Jahre,Zell am See <506>,68
43 Jahre,Graz (Stadt) <601>,436
43 Jahre,Bruck an der Mur ^<602>,-
43 Jahre,Bruck-Mürzzuschlag <621>,80
43 Jahre,Deutschlandsberg <603>,49
43 Jahre,Feldbach ^<604>,-
43 Jahre,Fürstenfeld ^<605>,-
43 Jahre,Graz Umgebung <606>,156
43 Jahre,Hartberg ^<607>,-
43 Jahre,Hartberg-Fürstenfeld <622>,74
43 Jahre,Judenburg ^<608>,-
43 Jahre,Knittelfeld ^<609>,-
43 Jahre,Leibnitz <610>,92
43 Jahre,Leoben <611>,61
43 Jahre,Liezen <612>,68
43 Jahre,Murtal <620>,67
43 Jahre,Mürzzuschlag ^<613>,-
43 Jahre,Murau <614>,18
43 Jahre,Radkersburg ^<615>,-
43 Jahre,Südoststeiermark <623>,46
43 Jahre,Voitsberg <616>,37
43 Jahre,Weiz <617>,71
44 Jahre,Eisenstadt (Stadt) <101>,30
44 Jahre,Rust (Stadt) <102>,-
44 Jahre,Eisenstadt Umgebung <103>,22
44 Jahre,Güssing <104>,16
44 Jahre,Jennersdorf <105>,7
44 Jahre,Mattersburg <106>,38
44 Jahre,Neusiedl am See <107>,47
44 Jahre,Oberpullendorf <108>,25
44 Jahre,Oberwart <109>,39
44 Jahre,Klagenfurt (Stadt) <201>,120
44 Jahre,Villach (Stadt) <202>,69
44 Jahre,Feldkirchen <210>,21
44 Jahre,Hermagor <203>,9
44 Jahre,Klagenfurt Land <204>,48
44 Jahre,Sankt Veit an der Glan <205>,33
44 Jahre,Spittal an der Drau <206>,43
44 Jahre,Villach Land <207>,54
44 Jahre,Völkermarkt <208>,28
44 Jahre,Wolfsberg <209>,39
44 Jahre,Krems an der Donau (Stadt) <301>,38
44 Jahre,Sankt Pölten (Stadt) <302>,72
44 Jahre,Waidhofen an der Ybbs (Stadt) <303>,11
44 Jahre,Wiener Neustadt (Stadt) <304>,75
44 Jahre,Amstetten <305>,73
44 Jahre,Baden <306>,140
44 Jahre,Bruck an der Leitha <307>,94
44 Jahre,Gänserndorf <308>,93
44 Jahre,Gmünd <309>,26
44 Jahre,Hollabrunn <310>,31
44 Jahre,Horn <311>,18
44 Jahre,Korneuburg <312>,107
44 Jahre,Krems Land <313>,43
44 Jahre,Lilienfeld <314>,15
44 Jahre,Melk <315>,50
44 Jahre,Mistelbach <316>,46
44 Jahre,Mödling <317>,121
44 Jahre,Neunkirchen <318>,76
44 Jahre,Sankt Pölten Land <319>,101
44 Jahre,Scheibbs <320>,21
44 Jahre,Tulln <321>,85
44 Jahre,Waidhofen an der Thaya <322>,16
44 Jahre,Wiener Neustadt Land <323>,62
44 Jahre,Wien Umgebung ^<324>,-
44 Jahre,Zwettl <325>,20
44 Jahre,Stadt Linz <401>,298
44 Jahre,Stadt Steyr <402>,43
44 Jahre,Stadt Wels <403>,78
44 Jahre,Braunau <404>,76
44 Jahre,Eferding <405>,23
44 Jahre,Freistadt <406>,39
44 Jahre,Gmunden <407>,53
44 Jahre,Grieskirchen <408>,40
44 Jahre,Kirchdorf <409>,37
44 Jahre,Linz Land <410>,153
44 Jahre,Perg <411>,54
44 Jahre,Ried <412>,58
44 Jahre,Rohrbach <413>,23
44 Jahre,Schärding <414>,41
44 Jahre,Steyr Land <415>,32
44 Jahre,Urfahr Umgebung <416>,50
44 Jahre,Vöcklabruck <417>,95
44 Jahre,Wels Land <418>,54
44 Jahre,Salzburg (Stadt) <501>,205
44 Jahre,Hallein <502>,37
44 Jahre,Salzburg Umgebung <503>,120
44 Jahre,St. Johann im Pongau <504>,74
44 Jahre,Tamsweg <505>,11
44 Jahre,Zell am See <506>,67
44 Jahre,Graz (Stadt) <601>,397
44 Jahre,Bruck an der Mur ^<602>,-
44 Jahre,Bruck-Mürzzuschlag <621>,91
44 Jahre,Deutschlandsberg <603>,51
44 Jahre,Feldbach ^<604>,-
44 Jahre,Fürstenfeld ^<605>,-
44 Jahre,Graz Umgebung <606>,148
44 Jahre,Hartberg ^<607>,-
44 Jahre,Hartberg-Fürstenfeld <622>,50
44 Jahre,Judenburg ^<608>,-
44 Jahre,Knittelfeld ^<609>,-
44 Jahre,Leibnitz <610>,76
44 Jahre,Leoben <611>,55
44 Jahre,Liezen <612>,54
44 Jahre,Murtal <620>,61
44 Jahre,Mürzzuschlag ^<613>,-
44 Jahre,Murau <614>,18
44 Jahre,Radkersburg ^<615>,-
44 Jahre,Südoststeiermark <623>,51
44 Jahre,Voitsberg <616>,31
44 Jahre,Weiz <617>,59
45 Jahre,Eisenstadt (Stadt) <101>,38
45 Jahre,Rust (Stadt) <102>,-
45 Jahre,Eisenstadt Umgebung <103>,27
45 Jahre,Güssing <104>,22
45 Jahre,Jennersdorf <105>,11
45 Jahre,Mattersburg <106>,29
45 Jahre,Neusiedl am See <107>,38
45 Jahre,Oberpullendorf <108>,19
45 Jahre,Oberwart <109>,42
45 Jahre,Klagenfurt (Stadt) <201>,119
45 Jahre,Villach (Stadt) <202>,60
45 Jahre,Feldkirchen <210>,17
45 Jahre,Hermagor <203>,3
45 Jahre,Klagenfurt Land <204>,45
45 Jahre,Sankt Veit an der Glan <205>,42
45 Jahre,Spittal an der Drau <206>,30
45 Jahre,Villach Land <207>,57
45 Jahre,Völkermarkt <208>,37
45 Jahre,Wolfsberg <209>,31
45 Jahre,Krems an der Donau (Stadt) <301>,40
45 Jahre,Sankt Pölten (Stadt) <302>,56
45 Jahre,Waidhofen an der Ybbs (Stadt) <303>,8
45 Jahre,Wiener Neustadt (Stadt) <304>,70
45 Jahre,Amstetten <305>,70
45 Jahre,Baden <306>,125
45 Jahre,Bruck an der Leitha <307>,80
45 Jahre,Gänserndorf <308>,100
45 Jahre,Gmünd <309>,23
45 Jahre,Hollabrunn <310>,41
45 Jahre,Horn <311>,16
45 Jahre,Korneuburg <312>,73
45 Jahre,Krems Land <313>,30
45 Jahre,Lilienfeld <314>,19
45 Jahre,Melk <315>,45
45 Jahre,Mistelbach <316>,60
45 Jahre,Mödling <317>,124
45 Jahre,Neunkirchen <318>,71
45 Jahre,Sankt Pölten Land <319>,101
45 Jahre,Scheibbs <320>,26
45 Jahre,Tulln <321>,85
45 Jahre,Waidhofen an der Thaya <322>,7
45 Jahre,Wiener Neustadt Land <323>,51
45 Jahre,Wien Umgebung ^<324>,-
45 Jahre,Zwettl <325>,23
45 Jahre,Stadt Linz <401>,245
45 Jahre,Stadt Steyr <402>,36
45 Jahre,Stadt Wels <403>,76
45 Jahre,Braunau <404>,77
45 Jahre,Eferding <405>,22
45 Jahre,Freistadt <406>,27
45 Jahre,Gmunden <407>,71
45 Jahre,Grieskirchen <408>,36
45 Jahre,Kirchdorf <409>,37
45 Jahre,Linz Land <410>,119
45 Jahre,Perg <411>,37
45 Jahre,Ried <412>,48
45 Jahre,Rohrbach <413>,17
45 Jahre,Schärding <414>,33
45 Jahre,Steyr Land <415>,42
45 Jahre,Urfahr Umgebung <416>,49
45 Jahre,Vöcklabruck <417>,107
45 Jahre,Wels Land <418>,51
45 Jahre,Salzburg (Stadt) <501>,158
45 Jahre,Hallein <502>,43
45 Jahre,Salzburg Umgebung <503>,112
45 Jahre,St. Johann im Pongau <504>,52
45 Jahre,Tamsweg <505>,13
45 Jahre,Zell am See <506>,87
45 Jahre,Graz (Stadt) <601>,395
45 Jahre,Bruck an der Mur ^<602>,-
45 Jahre,Bruck-Mürzzuschlag <621>,63
45 Jahre,Deutschlandsberg <603>,54
45 Jahre,Feldbach ^<604>,-
45 Jahre,Fürstenfeld ^<605>,-
45 Jahre,Graz Umgebung <606>,116
45 Jahre,Hartberg ^<607>,-
45 Jahre,Hartberg-Fürstenfeld <622>,40
45 Jahre,Judenburg ^<608>,-
45 Jahre,Knittelfeld ^<609>,-
45 Jahre,Leibnitz <610>,57
45 Jahre,Leoben <611>,70
45 Jahre,Liezen <612>,55
45 Jahre,Murtal <620>,59
45 Jahre,Mürzzuschlag ^<613>,-
45 Jahre,Murau <614>,16
45 Jahre,Radkersburg ^<615>,-
45 Jahre,Südoststeiermark <623>,47
45 Jahre,Voitsberg <616>,49
45 Jahre,Weiz <617>,36
46 Jahre,Eisenstadt (Stadt) <101>,16
46 Jahre,Rust (Stadt) <102>,2
46 Jahre,Eisenstadt Umgebung <103>,23
46 Jahre,Güssing <104>,13
46 Jahre,Jennersdorf <105>,6
46 Jahre,Mattersburg <106>,25
46 Jahre,Neusiedl am See <107>,41
46 Jahre,Oberpullendorf <108>,20
46 Jahre,Oberwart <109>,47
46 Jahre,Klagenfurt (Stadt) <201>,98
46 Jahre,Villach (Stadt) <202>,66
46 Jahre,Feldkirchen <210>,27
46 Jahre,Hermagor <203>,7
46 Jahre,Klagenfurt Land <204>,45
46 Jahre,Sankt Veit an der Glan <205>,32
46 Jahre,Spittal an der Drau <206>,38
46 Jahre,Villach Land <207>,43
46 Jahre,Völkermarkt <208>,35
46 Jahre,Wolfsberg <209>,29
46 Jahre,Krems an der Donau (Stadt) <301>,31
46 Jahre,Sankt Pölten (Stadt) <302>,59
46 Jahre,Waidhofen an der Ybbs (Stadt) <303>,1
46 Jahre,Wiener Neustadt (Stadt) <304>,69
46 Jahre,Amstetten <305>,57
46 Jahre,Baden <306>,112
46 Jahre,Bruck an der Leitha <307>,95
46 Jahre,Gänserndorf <308>,78
46 Jahre,Gmünd <309>,22
46 Jahre,Hollabrunn <310>,32
46 Jahre,Horn <311>,15
46 Jahre,Korneuburg <312>,81
46 Jahre,Krems Land <313>,33
46 Jahre,Lilienfeld <314>,20
46 Jahre,Melk <315>,60
46 Jahre,Mistelbach <316>,37
46 Jahre,Mödling <317>,104
46 Jahre,Neunkirchen <318>,74
46 Jahre,Sankt Pölten Land <319>,103
46 Jahre,Scheibbs <320>,24
46 Jahre,Tulln <321>,63
46 Jahre,Waidhofen an der Thaya <322>,13
46 Jahre,Wiener Neustadt Land <323>,46
46 Jahre,Wien Umgebung ^<324>,-
46 Jahre,Zwettl <325>,8
46 Jahre,Stadt Linz <401>,213
46 Jahre,Stadt Steyr <402>,34
46 Jahre,Stadt Wels <403>,63
46 Jahre,Braunau <404>,82
46 Jahre,Eferding <405>,18
46 Jahre,Freistadt <406>,28
46 Jahre,Gmunden <407>,68
46 Jahre,Grieskirchen <408>,39
46 Jahre,Kirchdorf <409>,40
46 Jahre,Linz Land <410>,123
46 Jahre,Perg <411>,44
46 Jahre,Ried <412>,46
46 Jahre,Rohrbach <413>,25
46 Jahre,Schärding <414>,28
46 Jahre,Steyr Land <415>,39
46 Jahre,Urfahr Umgebung <416>,56
46 Jahre,Vöcklabruck <417>,91
46 Jahre,Wels Land <418>,50
46 Jahre,Salzburg (Stadt) <501>,154
46 Jahre,Hallein <502>,30
46 Jahre,Salzburg Umgebung <503>,112
46 Jahre,St. Johann im Pongau <504>,58
46 Jahre,Tamsweg <505>,7
46 Jahre,Zell am See <506>,61
46 Jahre,Graz (Stadt) <601>,377
46 Jahre,Bruck an der Mur ^<602>,-
46 Jahre,Bruck-Mürzzuschlag <621>,61
46 Jahre,Deutschlandsberg <603>,33
46 Jahre,Feldbach ^<604>,-
46 Jahre,Fürstenfeld ^<605>,-
46 Jahre,Graz Umgebung <606>,115
46 Jahre,Hartberg ^<607>,-
46 Jahre,Hartberg-Fürstenfeld <622>,49
46 Jahre,Judenburg ^<608>,-
46 Jahre,Knittelfeld ^<609>,-
46 Jahre,Leibnitz <610>,58
46 Jahre,Leoben <611>,45
46 Jahre,Liezen <612>,64
46 Jahre,Murtal <620>,57
46 Jahre,Mürzzuschlag ^<613>,-
46 Jahre,Murau <614>,9
46 Jahre,Radkersburg ^<615>,-
46 Jahre,Südoststeiermark <623>,39
46 Jahre,Voitsberg <616>,55
46 Jahre,Weiz <617>,59
47 Jahre,Eisenstadt (Stadt) <101>,16
47 Jahre,Rust (Stadt) <102>,-
47 Jahre,Eisenstadt Umgebung <103>,27
47 Jahre,Güssing <104>,7
47 Jahre,Jennersdorf <105>,16
47 Jahre,Mattersburg <106>,19
47 Jahre,Neusiedl am See <107>,46
47 Jahre,Oberpullendorf <108>,17
47 Jahre,Oberwart <109>,36
47 Jahre,Klagenfurt (Stadt) <201>,114
47 Jahre,Villach (Stadt) <202>,53
47 Jahre,Feldkirchen <210>,24
47 Jahre,Hermagor <203>,9
47 Jahre,Klagenfurt Land <204>,35
47 Jahre,Sankt Veit an der Glan <205>,35
47 Jahre,Spittal an der Drau <206>,42
47 Jahre,Villach Land <207>,32
47 Jahre,Völkermarkt <208>,31
47 Jahre,Wolfsberg <209>,25
47 Jahre,Krems an der Donau (Stadt) <301>,32
47 Jahre,Sankt Pölten (Stadt) <302>,64
47 Jahre,Waidhofen an der Ybbs (Stadt) <303>,3
47 Jahre,Wiener Neustadt (Stadt) <304>,59
47 Jahre,Amstetten <305>,46
47 Jahre,Baden <306>,120
47 Jahre,Bruck an der Leitha <307>,85
47 Jahre,Gänserndorf <308>,58
47 Jahre,Gmünd <309>,17
47 Jahre,Hollabrunn <310>,39
47 Jahre,Horn <311>,12
47 Jahre,Korneuburg <312>,50
47 Jahre,Krems Land <313>,23
47 Jahre,Lilienfeld <314>,20
47 Jahre,Melk <315>,42
47 Jahre,Mistelbach <316>,39
47 Jahre,Mödling <317>,81
47 Jahre,Neunkirchen <318>,57
47 Jahre,Sankt Pölten Land <319>,82
47 Jahre,Scheibbs <320>,20
47 Jahre,Tulln <321>,70
47 Jahre,Waidhofen an der Thaya <322>,10
47 Jahre,Wiener Neustadt Land <323>,45
47 Jahre,Wien Umgebung ^<324>,-
47 Jahre,Zwettl <325>,16
47 Jahre,Stadt Linz <401>,230
47 Jahre,Stadt Steyr <402>,37
47 Jahre,Stadt Wels <403>,59
47 Jahre,Braunau <404>,81
47 Jahre,Eferding <405>,18
47 Jahre,Freistadt <406>,24
47 Jahre,Gmunden <407>,53
47 Jahre,Grieskirchen <408>,29
47 Jahre,Kirchdorf <409>,33
47 Jahre,Linz Land <410>,126
47 Jahre,Perg <411>,51
47 Jahre,Ried <412>,35
47 Jahre,Rohrbach <413>,13
47 Jahre,Schärding <414>,29
47 Jahre,Steyr Land <415>,30
47 Jahre,Urfahr Umgebung <416>,40
47 Jahre,Vöcklabruck <417>,82
47 Jahre,Wels Land <418>,36
47 Jahre,Salzburg (Stadt) <501>,144
47 Jahre,Hallein <502>,35
47 Jahre,Salzburg Umgebung <503>,94
47 Jahre,St. Johann im Pongau <504>,66
47 Jahre,Tamsweg <505>,13
47 Jahre,Zell am See <506>,51
47 Jahre,Graz (Stadt) <601>,324
47 Jahre,Bruck an der Mur ^<602>,-
47 Jahre,Bruck-Mürzzuschlag <621>,59
47 Jahre,Deutschlandsberg <603>,41
47 Jahre,Feldbach ^<604>,-
47 Jahre,Fürstenfeld ^<605>,-
47 Jahre,Graz Umgebung <606>,104
47 Jahre,Hartberg ^<607>,-
47 Jahre,Hartberg-Fürstenfeld <622>,51
47 Jahre,Judenburg ^<608>,-
47 Jahre,Knittelfeld ^<609>,-
47 Jahre,Leibnitz <610>,62
47 Jahre,Leoben <611>,55
47 Jahre,Liezen <612>,44
47 Jahre,Murtal <620>,50
47 Jahre,Mürzzuschlag ^<613>,-
47 Jahre,Murau <614>,9
47 Jahre,Radkersburg ^<615>,-
47 Jahre,Südoststeiermark <623>,51
47 Jahre,Voitsberg <616>,30
47 Jahre,Weiz <617>,39
48 Jahre,Eisenstadt (Stadt) <101>,18
48 Jahre,Rust (Stadt) <102>,1
48 Jahre,Eisenstadt Umgebung <103>,31
48 Jahre,Güssing <104>,16
48 Jahre,Jennersdorf <105>,10
48 Jahre,Mattersburg <106>,25
48 Jahre,Neusiedl am See <107>,38
48 Jahre,Oberpullendorf <108>,16
48 Jahre,Oberwart <109>,31
48 Jahre,Klagenfurt (Stadt) <201>,107
48 Jahre,Villach (Stadt) <202>,61
48 Jahre,Feldkirchen <210>,14
48 Jahre,Hermagor <203>,3
48 Jahre,Klagenfurt Land <204>,27
48 Jahre,Sankt Veit an der Glan <205>,34
48 Jahre,Spittal an der Drau <206>,37
48 Jahre,Villach Land <207>,37
48 Jahre,Völkermarkt <208>,37
48 Jahre,Wolfsberg <209>,27
48 Jahre,Krems an der Donau (Stadt) <301>,31
48 Jahre,Sankt Pölten (Stadt) <302>,69
48 Jahre,Waidhofen an der Ybbs (Stadt) <303>,5
48 Jahre,Wiener Neustadt (Stadt) <304>,61
48 Jahre,Amstetten <305>,68
48 Jahre,Baden <306>,100
48 Jahre,Bruck an der Leitha <307>,79
48 Jahre,Gänserndorf <308>,69
48 Jahre,Gmünd <309>,18
48 Jahre,Hollabrunn <310>,30
48 Jahre,Horn <311>,16
48 Jahre,Korneuburg <312>,60
48 Jahre,Krems Land <313>,37
48 Jahre,Lilienfeld <314>,18
48 Jahre,Melk <315>,45
48 Jahre,Mistelbach <316>,36
48 Jahre,Mödling <317>,92
48 Jahre,Neunkirchen <318>,52
48 Jahre,Sankt Pölten Land <319>,107
48 Jahre,Scheibbs <320>,22
48 Jahre,Tulln <321>,78
48 Jahre,Waidhofen an der Thaya <322>,13
48 Jahre,Wiener Neustadt Land <323>,43
48 Jahre,Wien Umgebung ^<324>,-
48 Jahre,Zwettl <325>,8
48 Jahre,Stadt Linz <401>,186
48 Jahre,Stadt Steyr <402>,31
48 Jahre,Stadt Wels <403>,64
48 Jahre,Braunau <404>,82
48 Jahre,Eferding <405>,15
48 Jahre,Freistadt <406>,27
48 Jahre,Gmunden <407>,47
48 Jahre,Grieskirchen <408>,34
48 Jahre,Kirchdorf <409>,32
48 Jahre,Linz Land <410>,100
48 Jahre,Perg <411>,42
48 Jahre,Ried <412>,46
48 Jahre,Rohrbach <413>,26
48 Jahre,Schärding <414>,28
48 Jahre,Steyr Land <415>,31
48 Jahre,Urfahr Umgebung <416>,39
48 Jahre,Vöcklabruck <417>,83
48 Jahre,Wels Land <418>,41
48 Jahre,Salzburg (Stadt) <501>,139
48 Jahre,Hallein <502>,28
48 Jahre,Salzburg Umgebung <503>,97
48 Jahre,St. Johann im Pongau <504>,65
48 Jahre,Tamsweg <505>,10
48 Jahre,Zell am See <506>,52
48 Jahre,Graz (Stadt) <601>,360
48 Jahre,Bruck an der Mur ^<602>,-
48 Jahre,Bruck-Mürzzuschlag <621>,61
48 Jahre,Deutschlandsberg <603>,34
48 Jahre,Feldbach ^<604>,-
48 Jahre,Fürstenfeld ^<605>,-
48 Jahre,Graz Umgebung <606>,92
48 Jahre,Hartberg ^<607>,-
48 Jahre,Hartberg-Fürstenfeld <622>,43
48 Jahre,Judenburg ^<608>,-
48 Jahre,Knittelfeld ^<609>,-
48 Jahre,Leibnitz <610>,59
48 Jahre,Leoben <611>,44
48 Jahre,Liezen <612>,62
48 Jahre,Murtal <620>,40
48 Jahre,Mürzzuschlag ^<613>,-
48 Jahre,Murau <614>,17
48 Jahre,Radkersburg ^<615>,-
48 Jahre,Südoststeiermark <623>,49
48 Jahre,Voitsberg <616>,34
48 Jahre,Weiz <617>,56
49 Jahre,Eisenstadt (Stadt) <101>,20
49 Jahre,Rust (Stadt) <102>,-
49 Jahre,Eisenstadt Umgebung <103>,23
49 Jahre,Güssing <104>,19
49 Jahre,Jennersdorf <105>,12
49 Jahre,Mattersburg <106>,22
49 Jahre,Neusiedl am See <107>,32
49 Jahre,Oberpullendorf <108>,17
49 Jahre,Oberwart <109>,37
49 Jahre,Klagenfurt (Stadt) <201>,103
49 Jahre,Villach (Stadt) <202>,58
49 Jahre,Feldkirchen <210>,15
49 Jahre,Hermagor <203>,10
49 Jahre,Klagenfurt Land <204>,27
49 Jahre,Sankt Veit an der Glan <205>,25
49 Jahre,Spittal an der Drau <206>,41
49 Jahre,Villach Land <207>,45
49 Jahre,Völkermarkt <208>,25
49 Jahre,Wolfsberg <209>,28
49 Jahre,Krems an der Donau (Stadt) <301>,27
49 Jahre,Sankt Pölten (Stadt) <302>,62
49 Jahre,Waidhofen an der Ybbs (Stadt) <303>,10
49 Jahre,Wiener Neustadt (Stadt) <304>,55
49 Jahre,Amstetten <305>,56
49 Jahre,Baden <306>,96
49 Jahre,Bruck an der Leitha <307>,65
49 Jahre,Gänserndorf <308>,63
49 Jahre,Gmünd <309>,15
49 Jahre,Hollabrunn <310>,24
49 Jahre,Horn <311>,13
49 Jahre,Korneuburg <312>,67
49 Jahre,Krems Land <313>,13
49 Jahre,Lilienfeld <314>,18
49 Jahre,Melk <315>,40
49 Jahre,Mistelbach <316>,38
49 Jahre,Mödling <317>,77
49 Jahre,Neunkirchen <318>,43
49 Jahre,Sankt Pölten Land <319>,81
49 Jahre,Scheibbs <320>,19
49 Jahre,Tulln <321>,69
49 Jahre,Waidhofen an der Thaya <322>,14
49 Jahre,Wiener Neustadt Land <323>,39
49 Jahre,Wien Umgebung ^<324>,-
49 Jahre,Zwettl <325>,15
49 Jahre,Stadt Linz <401>,213
49 Jahre,Stadt Steyr <402>,29
49 Jahre,Stadt Wels <403>,71
49 Jahre,Braunau <404>,57
49 Jahre,Eferding <405>,19
49 Jahre,Freistadt <406>,23
49 Jahre,Gmunden <407>,45
49 Jahre,Grieskirchen <408>,28
49 Jahre,Kirchdorf <409>,28
49 Jahre,Linz Land <410>,95
49 Jahre,Perg <411>,41
49 Jahre,Ried <412>,34
49 Jahre,Rohrbach <413>,18
49 Jahre,Schärding <414>,21
49 Jahre,Steyr Land <415>,31
49 Jahre,Urfahr Umgebung <416>,40
49 Jahre,Vöcklabruck <417>,68
49 Jahre,Wels Land <418>,33
49 Jahre,Salzburg (Stadt) <501>,124
49 Jahre,Hallein <502>,34
49 Jahre,Salzburg Umgebung <503>,99
49 Jahre,St. Johann im Pongau <504>,60
49 Jahre,Tamsweg <505>,9
49 Jahre,Zell am See <506>,50
49 Jahre,Graz (Stadt) <601>,301
49 Jahre,Bruck an der Mur ^<602>,-
49 Jahre,Bruck-Mürzzuschlag <621>,59
49 Jahre,Deutschlandsberg <603>,32
49 Jahre,Feldbach ^<604>,-
49 Jahre,Fürstenfeld ^<605>,-
49 Jahre,Graz Umgebung <606>,103
49 Jahre,Hartberg ^<607>,-
49 Jahre,Hartberg-Fürstenfeld <622>,44
49 Jahre,Judenburg ^<608>,-
49 Jahre,Knittelfeld ^<609>,-
49 Jahre,Leibnitz <610>,48
49 Jahre,Leoben <611>,41
49 Jahre,Liezen <612>,39
49 Jahre,Murtal <620>,49
49 Jahre,Mürzzuschlag ^<613>,-
49 Jahre,Murau <614>,11
49 Jahre,Radkersburg ^<615>,-
49 Jahre,Südoststeiermark <623>,41
49 Jahre,Voitsberg <616>,47
49 Jahre,Weiz <617>,32
50 Jahre,Eisenstadt (Stadt) <101>,22
50 Jahre,Rust (Stadt) <102>,1
50 Jahre,Eisenstadt Umgebung <103>,28
50 Jahre,Güssing <104>,19
50 Jahre,Jennersdorf <105>,7
50 Jahre,Mattersburg <106>,20
50 Jahre,Neusiedl am See <107>,35
50 Jahre,Oberpullendorf <108>,19
50 Jahre,Oberwart <109>,35
50 Jahre,Klagenfurt (Stadt) <201>,89
50 Jahre,Villach (Stadt) <202>,56
50 Jahre,Feldkirchen <210>,22
50 Jahre,Hermagor <203>,4
50 Jahre,Klagenfurt Land <204>,39
50 Jahre,Sankt Veit an der Glan <205>,32
50 Jahre,Spittal an der Drau <206>,31
50 Jahre,Villach Land <207>,35
50 Jahre,Völkermarkt <208>,21
50 Jahre,Wolfsberg <209>,31
50 Jahre,Krems an der Donau (Stadt) <301>,30
50 Jahre,Sankt Pölten (Stadt) <302>,61
50 Jahre,Waidhofen an der Ybbs (Stadt) <303>,7
50 Jahre,Wiener Neustadt (Stadt) <304>,55
50 Jahre,Amstetten <305>,55
50 Jahre,Baden <306>,84
50 Jahre,Bruck an der Leitha <307>,74
50 Jahre,Gänserndorf <308>,65
50 Jahre,Gmünd <309>,13
50 Jahre,Hollabrunn <310>,30
50 Jahre,Horn <311>,10
50 Jahre,Korneuburg <312>,54
50 Jahre,Krems Land <313>,24
50 Jahre,Lilienfeld <314>,17
50 Jahre,Melk <315>,35
50 Jahre,Mistelbach <316>,44
50 Jahre,Mödling <317>,89
50 Jahre,Neunkirchen <318>,49
50 Jahre,Sankt Pölten Land <319>,77
50 Jahre,Scheibbs <320>,20
50 Jahre,Tulln <321>,67
50 Jahre,Waidhofen an der Thaya <322>,12
50 Jahre,Wiener Neustadt Land <323>,48
50 Jahre,Wien Umgebung ^<324>,-
50 Jahre,Zwettl <325>,14
50 Jahre,Stadt Linz <401>,201
50 Jahre,Stadt Steyr <402>,30
50 Jahre,Stadt Wels <403>,62
50 Jahre,Braunau <404>,60
50 Jahre,Eferding <405>,17
50 Jahre,Freistadt <406>,27
50 Jahre,Gmunden <407>,48
50 Jahre,Grieskirchen <408>,26
50 Jahre,Kirchdorf <409>,23
50 Jahre,Linz Land <410>,103
50 Jahre,Perg <411>,35
50 Jahre,Ried <412>,35
50 Jahre,Rohrbach <413>,15
50 Jahre,Schärding <414>,30
50 Jahre,Steyr Land <415>,30
50 Jahre,Urfahr Umgebung <416>,45
50 Jahre,Vöcklabruck <417>,80
50 Jahre,Wels Land <418>,39
50 Jahre,Salzburg (Stadt) <501>,137
50 Jahre,Hallein <502>,43
50 Jahre,Salzburg Umgebung <503>,87
50 Jahre,St. Johann im Pongau <504>,56
50 Jahre,Tamsweg <505>,14
50 Jahre,Zell am See <506>,43
50 Jahre,Graz (Stadt) <601>,301
50 Jahre,Bruck an der Mur ^<602>,-
50 Jahre,Bruck-Mürzzuschlag <621>,68
50 Jahre,Deutschlandsberg <603>,33
50 Jahre,Feldbach ^<604>,-
50 Jahre,Fürstenfeld ^<605>,-
50 Jahre,Graz Umgebung <606>,88
50 Jahre,Hartberg ^<607>,-
50 Jahre,Hartberg-Fürstenfeld <622>,44
50 Jahre,Judenburg ^<608>,-
50 Jahre,Knittelfeld ^<609>,-
50 Jahre,Leibnitz <610>,63
50 Jahre,Leoben <611>,49
50 Jahre,Liezen <612>,53
50 Jahre,Murtal <620>,63
50 Jahre,Mürzzuschlag ^<613>,-
50 Jahre,Murau <614>,17
50 Jahre,Radkersburg ^<615>,-
50 Jahre,Südoststeiermark <623>,53
50 Jahre,Voitsberg <616>,26
50 Jahre,Weiz <617>,38
51 Jahre,Eisenstadt (Stadt) <101>,20
51 Jahre,Rust (Stadt) <102>,-
51 Jahre,Eisenstadt Umgebung <103>,27
51 Jahre,Güssing <104>,16
51 Jahre,Jennersdorf <105>,8
51 Jahre,Mattersburg <106>,22
51 Jahre,Neusiedl am See <107>,44
51 Jahre,Oberpullendorf <108>,22
51 Jahre,Oberwart <109>,50
51 Jahre,Klagenfurt (Stadt) <201>,71
51 Jahre,Villach (Stadt) <202>,35
51 Jahre,Feldkirchen <210>,27
51 Jahre,Hermagor <203>,10
51 Jahre,Klagenfurt Land <204>,39
51 Jahre,Sankt Veit an der Glan <205>,29
51 Jahre,Spittal an der Drau <206>,33
51 Jahre,Villach Land <207>,39
51 Jahre,Völkermarkt <208>,17
51 Jahre,Wolfsberg <209>,21
51 Jahre,Krems an der Donau (Stadt) <301>,28
51 Jahre,Sankt Pölten (Stadt) <302>,46
51 Jahre,Waidhofen an der Ybbs (Stadt) <303>,5
51 Jahre,Wiener Neustadt (Stadt) <304>,63
51 Jahre,Amstetten <305>,43
51 Jahre,Baden <306>,117
51 Jahre,Bruck an der Leitha <307>,76
51 Jahre,Gänserndorf <308>,57
51 Jahre,Gmünd <309>,24
51 Jahre,Hollabrunn <310>,30
51 Jahre,Horn <311>,14
51 Jahre,Korneuburg <312>,60
51 Jahre,Krems Land <313>,23
51 Jahre,Lilienfeld <314>,12
51 Jahre,Melk <315>,49
51 Jahre,Mistelbach <316>,42
51 Jahre,Mödling <317>,89
51 Jahre,Neunkirchen <318>,58
51 Jahre,Sankt Pölten Land <319>,75
51 Jahre,Scheibbs <320>,21
51 Jahre,Tulln <321>,50
51 Jahre,Waidhofen an der Thaya <322>,15
51 Jahre,Wiener Neustadt Land <323>,51
51 Jahre,Wien Umgebung ^<324>,-
51 Jahre,Zwettl <325>,10
51 Jahre,Stadt Linz <401>,196
51 Jahre,Stadt Steyr <402>,34
51 Jahre,Stadt Wels <403>,60
51 Jahre,Braunau <404>,57
51 Jahre,Eferding <405>,20
51 Jahre,Freistadt <406>,25
51 Jahre,Gmunden <407>,49
51 Jahre,Grieskirchen <408>,34
51 Jahre,Kirchdorf <409>,22
51 Jahre,Linz Land <410>,99
51 Jahre,Perg <411>,20
51 Jahre,Ried <412>,36
51 Jahre,Rohrbach <413>,17
51 Jahre,Schärding <414>,20
51 Jahre,Steyr Land <415>,22
51 Jahre,Urfahr Umgebung <416>,34
51 Jahre,Vöcklabruck <417>,89
51 Jahre,Wels Land <418>,33
51 Jahre,Salzburg (Stadt) <501>,130
51 Jahre,Hallein <502>,25
51 Jahre,Salzburg Umgebung <503>,74
51 Jahre,St. Johann im Pongau <504>,42
51 Jahre,Tamsweg <505>,7
51 Jahre,Zell am See <506>,35
51 Jahre,Graz (Stadt) <601>,268
51 Jahre,Bruck an der Mur ^<602>,-
51 Jahre,Bruck-Mürzzuschlag <621>,59
51 Jahre,Deutschlandsberg <603>,28
51 Jahre,Feldbach ^<604>,-
51 Jahre,Fürstenfeld ^<605>,-
51 Jahre,Graz Umgebung <606>,89
51 Jahre,Hartberg ^<607>,-
51 Jahre,Hartberg-Fürstenfeld <622>,37
51 Jahre,Judenburg ^<608>,-
51 Jahre,Knittelfeld ^<609>,-
51 Jahre,Leibnitz <610>,61
51 Jahre,Leoben <611>,45
51 Jahre,Liezen <612>,38
51 Jahre,Murtal <620>,46
51 Jahre,Mürzzuschlag ^<613>,-
51 Jahre,Murau <614>,8
51 Jahre,Radkersburg ^<615>,-
51 Jahre,Südoststeiermark <623>,35
51 Jahre,Voitsberg <616>,33
51 Jahre,Weiz <617>,29
52 Jahre,Eisenstadt (Stadt) <101>,28
52 Jahre,Rust (Stadt) <102>,1
52 Jahre,Eisenstadt Umgebung <103>,20
52 Jahre,Güssing <104>,7
52 Jahre,Jennersdorf <105>,7
52 Jahre,Mattersburg <106>,12
52 Jahre,Neusiedl am See <107>,34
52 Jahre,Oberpullendorf <108>,22
52 Jahre,Oberwart <109>,30
52 Jahre,Klagenfurt (Stadt) <201>,74
52 Jahre,Villach (Stadt) <202>,45
52 Jahre,Feldkirchen <210>,18
52 Jahre,Hermagor <203>,3
52 Jahre,Klagenfurt Land <204>,31
52 Jahre,Sankt Veit an der Glan <205>,28
52 Jahre,Spittal an der Drau <206>,41
52 Jahre,Villach Land <207>,34
52 Jahre,Völkermarkt <208>,18
52 Jahre,Wolfsberg <209>,27
52 Jahre,Krems an der Donau (Stadt) <301>,21
52 Jahre,Sankt Pölten (Stadt) <302>,49
52 Jahre,Waidhofen an der Ybbs (Stadt) <303>,6
52 Jahre,Wiener Neustadt (Stadt) <304>,45
52 Jahre,Amstetten <305>,41
52 Jahre,Baden <306>,95
52 Jahre,Bruck an der Leitha <307>,67
52 Jahre,Gänserndorf <308>,65
52 Jahre,Gmünd <309>,13
52 Jahre,Hollabrunn <310>,34
52 Jahre,Horn <311>,16
52 Jahre,Korneuburg <312>,61
52 Jahre,Krems Land <313>,23
52 Jahre,Lilienfeld <314>,19
52 Jahre,Melk <315>,44
52 Jahre,Mistelbach <316>,30
52 Jahre,Mödling <317>,94
52 Jahre,Neunkirchen <318>,57
52 Jahre,Sankt Pölten Land <319>,75
52 Jahre,Scheibbs <320>,22
52 Jahre,Tulln <321>,73
52 Jahre,Waidhofen an der Thaya <322>,10
52 Jahre,Wiener Neustadt Land <323>,44
52 Jahre,Wien Umgebung ^<324>,-
52 Jahre,Zwettl <325>,13
52 Jahre,Stadt Linz <401>,178
52 Jahre,Stadt Steyr <402>,24
52 Jahre,Stadt Wels <403>,49
52 Jahre,Braunau <404>,51
52 Jahre,Eferding <405>,15
52 Jahre,Freistadt <406>,23
52 Jahre,Gmunden <407>,40
52 Jahre,Grieskirchen <408>,24
52 Jahre,Kirchdorf <409>,26
52 Jahre,Linz Land <410>,84
52 Jahre,Perg <411>,29
52 Jahre,Ried <412>,34
52 Jahre,Rohrbach <413>,19
52 Jahre,Schärding <414>,22
52 Jahre,Steyr Land <415>,33
52 Jahre,Urfahr Umgebung <416>,34
52 Jahre,Vöcklabruck <417>,83
52 Jahre,Wels Land <418>,37
52 Jahre,Salzburg (Stadt) <501>,120
52 Jahre,Hallein <502>,27
52 Jahre,Salzburg Umgebung <503>,78
52 Jahre,St. Johann im Pongau <504>,54
52 Jahre,Tamsweg <505>,10
52 Jahre,Zell am See <506>,57
52 Jahre,Graz (Stadt) <601>,279
52 Jahre,Bruck an der Mur ^<602>,-
52 Jahre,Bruck-Mürzzuschlag <621>,60
52 Jahre,Deutschlandsberg <603>,39
52 Jahre,Feldbach ^<604>,-
52 Jahre,Fürstenfeld ^<605>,-
52 Jahre,Graz Umgebung <606>,91
52 Jahre,Hartberg ^<607>,-
52 Jahre,Hartberg-Fürstenfeld <622>,41
52 Jahre,Judenburg ^<608>,-
52 Jahre,Knittelfeld ^<609>,-
52 Jahre,Leibnitz <610>,55
52 Jahre,Leoben <611>,45
52 Jahre,Liezen <612>,44
52 Jahre,Murtal <620>,41
52 Jahre,Mürzzuschlag ^<613>,-
52 Jahre,Murau <614>,16
52 Jahre,Radkersburg ^<615>,-
52 Jahre,Südoststeiermark <623>,27
52 Jahre,Voitsberg <616>,30
52 Jahre,Weiz <617>,23
53 Jahre,Eisenstadt (Stadt) <101>,17
53 Jahre,Rust (Stadt) <102>,-
53 Jahre,Eisenstadt Umgebung <103>,31
53 Jahre,Güssing <104>,10
53 Jahre,Jennersdorf <105>,15
53 Jahre,Mattersburg <106>,16
53 Jahre,Neusiedl am See <107>,24
53 Jahre,Oberpullendorf <108>,20
53 Jahre,Oberwart <109>,35
53 Jahre,Klagenfurt (Stadt) <201>,68
53 Jahre,Villach (Stadt) <202>,65
53 Jahre,Feldkirchen <210>,25
53 Jahre,Hermagor <203>,6
53 Jahre,Klagenfurt Land <204>,23
53 Jahre,Sankt Veit an der Glan <205>,27
53 Jahre,Spittal an der Drau <206>,35
53 Jahre,Villach Land <207>,32
53 Jahre,Völkermarkt <208>,27
53 Jahre,Wolfsberg <209>,22
53 Jahre,Krems an der Donau (Stadt) <301>,28
53 Jahre,Sankt Pölten (Stadt) <302>,47
53 Jahre,Waidhofen an der Ybbs (Stadt) <303>,3
53 Jahre,Wiener Neustadt (Stadt) <304>,63
53 Jahre,Amstetten <305>,43
53 Jahre,Baden <306>,96
53 Jahre,Bruck an der Leitha <307>,69
53 Jahre,Gänserndorf <308>,65
53 Jahre,Gmünd <309>,18
53 Jahre,Hollabrunn <310>,23
53 Jahre,Horn <311>,21
53 Jahre,Korneuburg <312>,68
53 Jahre,Krems Land <313>,27
53 Jahre,Lilienfeld <314>,19
53 Jahre,Melk <315>,42
53 Jahre,Mistelbach <316>,37
53 Jahre,Mödling <317>,99
53 Jahre,Neunkirchen <318>,51
53 Jahre,Sankt Pölten Land <319>,72
53 Jahre,Scheibbs <320>,16
53 Jahre,Tulln <321>,74
53 Jahre,Waidhofen an der Thaya <322>,11
53 Jahre,Wiener Neustadt Land <323>,39
53 Jahre,Wien Umgebung ^<324>,-
53 Jahre,Zwettl <325>,11
53 Jahre,Stadt Linz <401>,177
53 Jahre,Stadt Steyr <402>,35
53 Jahre,Stadt Wels <403>,61
53 Jahre,Braunau <404>,59
53 Jahre,Eferding <405>,15
53 Jahre,Freistadt <406>,24
53 Jahre,Gmunden <407>,48
53 Jahre,Grieskirchen <408>,31
53 Jahre,Kirchdorf <409>,28
53 Jahre,Linz Land <410>,87
53 Jahre,Perg <411>,21
53 Jahre,Ried <412>,44
53 Jahre,Rohrbach <413>,17
53 Jahre,Schärding <414>,33
53 Jahre,Steyr Land <415>,24
53 Jahre,Urfahr Umgebung <416>,31
53 Jahre,Vöcklabruck <417>,85
53 Jahre,Wels Land <418>,32
53 Jahre,Salzburg (Stadt) <501>,114
53 Jahre,Hallein <502>,30
53 Jahre,Salzburg Umgebung <503>,87
53 Jahre,St. Johann im Pongau <504>,60
53 Jahre,Tamsweg <505>,9
53 Jahre,Zell am See <506>,51
53 Jahre,Graz (Stadt) <601>,269
53 Jahre,Bruck an der Mur ^<602>,-
53 Jahre,Bruck-Mürzzuschlag <621>,62
53 Jahre,Deutschlandsberg <603>,36
53 Jahre,Feldbach ^<604>,-
53 Jahre,Fürstenfeld ^<605>,-
53 Jahre,Graz Umgebung <606>,76
53 Jahre,Hartberg ^<607>,-
53 Jahre,Hartberg-Fürstenfeld <622>,32
53 Jahre,Judenburg ^<608>,-
53 Jahre,Knittelfeld ^<609>,-
53 Jahre,Leibnitz <610>,60
53 Jahre,Leoben <611>,47
53 Jahre,Liezen <612>,49
53 Jahre,Murtal <620>,36
53 Jahre,Mürzzuschlag ^<613>,-
53 Jahre,Murau <614>,12
53 Jahre,Radkersburg ^<615>,-
53 Jahre,Südoststeiermark <623>,40
53 Jahre,Voitsberg <616>,33
53 Jahre,Weiz <617>,27
54 Jahre,Eisenstadt (Stadt) <101>,21
54 Jahre,Rust (Stadt) <102>,-
54 Jahre,Eisenstadt Umgebung <103>,27
54 Jahre,Güssing <104>,17
54 Jahre,Jennersdorf <105>,11
54 Jahre,Mattersburg <106>,22
54 Jahre,Neusiedl am See <107>,34
54 Jahre,Oberpullendorf <108>,13
54 Jahre,Oberwart <109>,42
54 Jahre,Klagenfurt (Stadt) <201>,87
54 Jahre,Villach (Stadt) <202>,42
54 Jahre,Feldkirchen <210>,17
54 Jahre,Hermagor <203>,2
54 Jahre,Klagenfurt Land <204>,38
54 Jahre,Sankt Veit an der Glan <205>,18
54 Jahre,Spittal an der Drau <206>,37
54 Jahre,Villach Land <207>,37
54 Jahre,Völkermarkt <208>,26
54 Jahre,Wolfsberg <209>,30
54 Jahre,Krems an der Donau (Stadt) <301>,16
54 Jahre,Sankt Pölten (Stadt) <302>,61
54 Jahre,Waidhofen an der Ybbs (Stadt) <303>,7
54 Jahre,Wiener Neustadt (Stadt) <304>,55
54 Jahre,Amstetten <305>,49
54 Jahre,Baden <306>,79
54 Jahre,Bruck an der Leitha <307>,59
54 Jahre,Gänserndorf <308>,68
54 Jahre,Gmünd <309>,20
54 Jahre,Hollabrunn <310>,26
54 Jahre,Horn <311>,17
54 Jahre,Korneuburg <312>,43
54 Jahre,Krems Land <313>,24
54 Jahre,Lilienfeld <314>,20
54 Jahre,Melk <315>,46
54 Jahre,Mistelbach <316>,49
54 Jahre,Mödling <317>,81
54 Jahre,Neunkirchen <318>,64
54 Jahre,Sankt Pölten Land <319>,82
54 Jahre,Scheibbs <320>,18
54 Jahre,Tulln <321>,66
54 Jahre,Waidhofen an der Thaya <322>,10
54 Jahre,Wiener Neustadt Land <323>,34
54 Jahre,Wien Umgebung ^<324>,-
54 Jahre,Zwettl <325>,8
54 Jahre,Stadt Linz <401>,142
54 Jahre,Stadt Steyr <402>,39
54 Jahre,Stadt Wels <403>,59
54 Jahre,Braunau <404>,52
54 Jahre,Eferding <405>,10
54 Jahre,Freistadt <406>,23
54 Jahre,Gmunden <407>,42
54 Jahre,Grieskirchen <408>,20
54 Jahre,Kirchdorf <409>,26
54 Jahre,Linz Land <410>,93
54 Jahre,Perg <411>,15
54 Jahre,Ried <412>,33
54 Jahre,Rohrbach <413>,18
54 Jahre,Schärding <414>,14
54 Jahre,Steyr Land <415>,26
54 Jahre,Urfahr Umgebung <416>,30
54 Jahre,Vöcklabruck <417>,75
54 Jahre,Wels Land <418>,29
54 Jahre,Salzburg (Stadt) <501>,106
54 Jahre,Hallein <502>,23
54 Jahre,Salzburg Umgebung <503>,85
54 Jahre,St. Johann im Pongau <504>,52
54 Jahre,Tamsweg <505>,12
54 Jahre,Zell am See <506>,46
54 Jahre,Graz (Stadt) <601>,233
54 Jahre,Bruck an der Mur ^<602>,-
54 Jahre,Bruck-Mürzzuschlag <621>,61
54 Jahre,Deutschlandsberg <603>,43
54 Jahre,Feldbach ^<604>,-
54 Jahre,Fürstenfeld ^<605>,-
54 Jahre,Graz Umgebung <606>,101
54 Jahre,Hartberg ^<607>,-
54 Jahre,Hartberg-Fürstenfeld <622>,41
54 Jahre,Judenburg ^<608>,-
54 Jahre,Knittelfeld ^<609>,-
54 Jahre,Leibnitz <610>,68
54 Jahre,Leoben <611>,40
54 Jahre,Liezen <612>,35
54 Jahre,Murtal <620>,38
54 Jahre,Mürzzuschlag ^<613>,-
54 Jahre,Murau <614>,12
54 Jahre,Radkersburg ^<615>,-
54 Jahre,Südoststeiermark <623>,34
54 Jahre,Voitsberg <616>,32
54 Jahre,Weiz <617>,34
55 Jahre,Eisenstadt (Stadt) <101>,18
55 Jahre,Rust (Stadt) <102>,-
55 Jahre,Eisenstadt Umgebung <103>,16
55 Jahre,Güssing <104>,16
55 Jahre,Jennersdorf <105>,9
55 Jahre,Mattersburg <106>,22
55 Jahre,Neusiedl am See <107>,34
55 Jahre,Oberpullendorf <108>,25
55 Jahre,Oberwart <109>,30
55 Jahre,Klagenfurt (Stadt) <201>,77
55 Jahre,Villach (Stadt) <202>,50
55 Jahre,Feldkirchen <210>,24
55 Jahre,Hermagor <203>,7
55 Jahre,Klagenfurt Land <204>,30
55 Jahre,Sankt Veit an der Glan <205>,28
55 Jahre,Spittal an der Drau <206>,29
55 Jahre,Villach Land <207>,38
55 Jahre,Völkermarkt <208>,15
55 Jahre,Wolfsberg <209>,28
55 Jahre,Krems an der Donau (Stadt) <301>,27
55 Jahre,Sankt Pölten (Stadt) <302>,60
55 Jahre,Waidhofen an der Ybbs (Stadt) <303>,5
55 Jahre,Wiener Neustadt (Stadt) <304>,49
55 Jahre,Amstetten <305>,45
55 Jahre,Baden <306>,110
55 Jahre,Bruck an der Leitha <307>,53
55 Jahre,Gänserndorf <308>,52
55 Jahre,Gmünd <309>,9
55 Jahre,Hollabrunn <310>,17
55 Jahre,Horn <311>,9
55 Jahre,Korneuburg <312>,46
55 Jahre,Krems Land <313>,26
55 Jahre,Lilienfeld <314>,10
55 Jahre,Melk <315>,38
55 Jahre,Mistelbach <316>,41
55 Jahre,Mödling <317>,94
55 Jahre,Neunkirchen <318>,75
55 Jahre,Sankt Pölten Land <319>,80
55 Jahre,Scheibbs <320>,24
55 Jahre,Tulln <321>,56
55 Jahre,Waidhofen an der Thaya <322>,13
55 Jahre,Wiener Neustadt Land <323>,41
55 Jahre,Wien Umgebung ^<324>,-
55 Jahre,Zwettl <325>,11
55 Jahre,Stadt Linz <401>,169
55 Jahre,Stadt Steyr <402>,32
55 Jahre,Stadt Wels <403>,43
55 Jahre,Braunau <404>,65
55 Jahre,Eferding <405>,14
55 Jahre,Freistadt <406>,21
55 Jahre,Gmunden <407>,57
55 Jahre,Grieskirchen <408>,30
55 Jahre,Kirchdorf <409>,26
55 Jahre,Linz Land <410>,74
55 Jahre,Perg <411>,25
55 Jahre,Ried <412>,39
55 Jahre,Rohrbach <413>,20
55 Jahre,Schärding <414>,14
55 Jahre,Steyr Land <415>,26
55 Jahre,Urfahr Umgebung <416>,28
55 Jahre,Vöcklabruck <417>,79
55 Jahre,Wels Land <418>,33
55 Jahre,Salzburg (Stadt) <501>,123
55 Jahre,Hallein <502>,30
55 Jahre,Salzburg Umgebung <503>,81
55 Jahre,St. Johann im Pongau <504>,46
55 Jahre,Tamsweg <505>,9
55 Jahre,Zell am See <506>,62
55 Jahre,Graz (Stadt) <601>,247
55 Jahre,Bruck an der Mur ^<602>,-
55 Jahre,Bruck-Mürzzuschlag <621>,59
55 Jahre,Deutschlandsberg <603>,30
55 Jahre,Feldbach ^<604>,-
55 Jahre,Fürstenfeld ^<605>,-
55 Jahre,Graz Umgebung <606>,93
55 Jahre,Hartberg ^<607>,-
55 Jahre,Hartberg-Fürstenfeld <622>,37
55 Jahre,Judenburg ^<608>,-
55 Jahre,Knittelfeld ^<609>,-
55 Jahre,Leibnitz <610>,52
55 Jahre,Leoben <611>,37
55 Jahre,Liezen <612>,38
55 Jahre,Murtal <620>,43
55 Jahre,Mürzzuschlag ^<613>,-
55 Jahre,Murau <614>,14
55 Jahre,Radkersburg ^<615>,-
55 Jahre,Südoststeiermark <623>,30
55 Jahre,Voitsberg <616>,30
55 Jahre,Weiz <617>,30
56 Jahre,Eisenstadt (Stadt) <101>,19
56 Jahre,Rust (Stadt) <102>,-
56 Jahre,Eisenstadt Umgebung <103>,25
56 Jahre,Güssing <104>,18
56 Jahre,Jennersdorf <105>,13
56 Jahre,Mattersburg <106>,24
56 Jahre,Neusiedl am See <107>,36
56 Jahre,Oberpullendorf <108>,26
56 Jahre,Oberwart <109>,27
56 Jahre,Klagenfurt (Stadt) <201>,86
56 Jahre,Villach (Stadt) <202>,57
56 Jahre,Feldkirchen <210>,21
56 Jahre,Hermagor <203>,10
56 Jahre,Klagenfurt Land <204>,37
56 Jahre,Sankt Veit an der Glan <205>,25
56 Jahre,Spittal an der Drau <206>,29
56 Jahre,Villach Land <207>,39
56 Jahre,Völkermarkt <208>,21
56 Jahre,Wolfsberg <209>,23
56 Jahre,Krems an der Donau (Stadt) <301>,23
56 Jahre,Sankt Pölten (Stadt) <302>,42
56 Jahre,Waidhofen an der Ybbs (Stadt) <303>,3
56 Jahre,Wiener Neustadt (Stadt) <304>,47
56 Jahre,Amstetten <305>,46
56 Jahre,Baden <306>,82
56 Jahre,Bruck an der Leitha <307>,76
56 Jahre,Gänserndorf <308>,59
56 Jahre,Gmünd <309>,14
56 Jahre,Hollabrunn <310>,28
56 Jahre,Horn <311>,16
56 Jahre,Korneuburg <312>,52
56 Jahre,Krems Land <313>,22
56 Jahre,Lilienfeld <314>,19
56 Jahre,Melk <315>,38
56 Jahre,Mistelbach <316>,39
56 Jahre,Mödling <317>,103
56 Jahre,Neunkirchen <318>,56
56 Jahre,Sankt Pölten Land <319>,78
56 Jahre,Scheibbs <320>,5
56 Jahre,Tulln <321>,60
56 Jahre,Waidhofen an der Thaya <322>,13
56 Jahre,Wiener Neustadt Land <323>,52
56 Jahre,Wien Umgebung ^<324>,-
56 Jahre,Zwettl <325>,12
56 Jahre,Stadt Linz <401>,157
56 Jahre,Stadt Steyr <402>,33
56 Jahre,Stadt Wels <403>,50
56 Jahre,Braunau <404>,57
56 Jahre,Eferding <405>,12
56 Jahre,Freistadt <406>,29
56 Jahre,Gmunden <407>,57
56 Jahre,Grieskirchen <408>,34
56 Jahre,Kirchdorf <409>,18
56 Jahre,Linz Land <410>,63
56 Jahre,Perg <411>,23
56 Jahre,Ried <412>,30
56 Jahre,Rohrbach <413>,18
56 Jahre,Schärding <414>,14
56 Jahre,Steyr Land <415>,30
56 Jahre,Urfahr Umgebung <416>,33
56 Jahre,Vöcklabruck <417>,67
56 Jahre,Wels Land <418>,27
56 Jahre,Salzburg (Stadt) <501>,112
56 Jahre,Hallein <502>,29
56 Jahre,Salzburg Umgebung <503>,78
56 Jahre,St. Johann im Pongau <504>,50
56 Jahre,Tamsweg <505>,10
56 Jahre,Zell am See <506>,44
56 Jahre,Graz (Stadt) <601>,230
56 Jahre,Bruck an der Mur ^<602>,-
56 Jahre,Bruck-Mürzzuschlag <621>,65
56 Jahre,Deutschlandsberg <603>,44
56 Jahre,Feldbach ^<604>,-
56 Jahre,Fürstenfeld ^<605>,-
56 Jahre,Graz Umgebung <606>,85
56 Jahre,Hartberg ^<607>,-
56 Jahre,Hartberg-Fürstenfeld <622>,35
56 Jahre,Judenburg ^<608>,-
56 Jahre,Knittelfeld ^<609>,-
56 Jahre,Leibnitz <610>,51
56 Jahre,Leoben <611>,42
56 Jahre,Liezen <612>,46
56 Jahre,Murtal <620>,36
56 Jahre,Mürzzuschlag ^<613>,-
56 Jahre,Murau <614>,11
56 Jahre,Radkersburg ^<615>,-
56 Jahre,Südoststeiermark <623>,45
56 Jahre,Voitsberg <616>,37
56 Jahre,Weiz <617>,29
57 Jahre,Eisenstadt (Stadt) <101>,8
57 Jahre,Rust (Stadt) <102>,2
57 Jahre,Eisenstadt Umgebung <103>,27
57 Jahre,Güssing <104>,22
57 Jahre,Jennersdorf <105>,11
57 Jahre,Mattersburg <106>,16
57 Jahre,Neusiedl am See <107>,22
57 Jahre,Oberpullendorf <108>,14
57 Jahre,Oberwart <109>,24
57 Jahre,Klagenfurt (Stadt) <201>,70
57 Jahre,Villach (Stadt) <202>,46
57 Jahre,Feldkirchen <210>,18
57 Jahre,Hermagor <203>,8
57 Jahre,Klagenfurt Land <204>,27
57 Jahre,Sankt Veit an der Glan <205>,28
57 Jahre,Spittal an der Drau <206>,37
57 Jahre,Villach Land <207>,28
57 Jahre,Völkermarkt <208>,24
57 Jahre,Wolfsberg <209>,32
57 Jahre,Krems an der Donau (Stadt) <301>,16
57 Jahre,Sankt Pölten (Stadt) <302>,38
57 Jahre,Waidhofen an der Ybbs (Stadt) <303>,5
57 Jahre,Wiener Neustadt (Stadt) <304>,58
57 Jahre,Amstetten <305>,42
57 Jahre,Baden <306>,85
57 Jahre,Bruck an der Leitha <307>,56
57 Jahre,Gänserndorf <308>,67
57 Jahre,Gmünd <309>,12
57 Jahre,Hollabrunn <310>,27
57 Jahre,Horn <311>,11
57 Jahre,Korneuburg <312>,75
57 Jahre,Krems Land <313>,21
57 Jahre,Lilienfeld <314>,12
57 Jahre,Melk <315>,31
57 Jahre,Mistelbach <316>,36
57 Jahre,Mödling <317>,92
57 Jahre,Neunkirchen <318>,48
57 Jahre,Sankt Pölten Land <319>,73
57 Jahre,Scheibbs <320>,17
57 Jahre,Tulln <321>,72
57 Jahre,Waidhofen an der Thaya <322>,12
57 Jahre,Wiener Neustadt Land <323>,42
57 Jahre,Wien Umgebung ^<324>,-
57 Jahre,Zwettl <325>,10
57 Jahre,Stadt Linz <401>,153
57 Jahre,Stadt Steyr <402>,33
57 Jahre,Stadt Wels <403>,45
57 Jahre,Braunau <404>,44
57 Jahre,Eferding <405>,16
57 Jahre,Freistadt <406>,23
57 Jahre,Gmunden <407>,47
57 Jahre,Grieskirchen <408>,33
57 Jahre,Kirchdorf <409>,19
57 Jahre,Linz Land <410>,84
57 Jahre,Perg <411>,34
57 Jahre,Ried <412>,35
57 Jahre,Rohrbach <413>,14
57 Jahre,Schärding <414>,19
57 Jahre,Steyr Land <415>,20
57 Jahre,Urfahr Umgebung <416>,35
57 Jahre,Vöcklabruck <417>,70
57 Jahre,Wels Land <418>,23
57 Jahre,Salzburg (Stadt) <501>,110
57 Jahre,Hallein <502>,28
57 Jahre,Salzburg Umgebung <503>,76
57 Jahre,St. Johann im Pongau <504>,38
57 Jahre,Tamsweg <505>,9
57 Jahre,Zell am See <506>,41
57 Jahre,Graz (Stadt) <601>,216
57 Jahre,Bruck an der Mur ^<602>,-
57 Jahre,Bruck-Mürzzuschlag <621>,61
57 Jahre,Deutschlandsberg <603>,49
57 Jahre,Feldbach ^<604>,-
57 Jahre,Fürstenfeld ^<605>,-
57 Jahre,Graz Umgebung <606>,81
57 Jahre,Hartberg ^<607>,-
57 Jahre,Hartberg-Fürstenfeld <622>,29
57 Jahre,Judenburg ^<608>,-
57 Jahre,Knittelfeld ^<609>,-
57 Jahre,Leibnitz <610>,42
57 Jahre,Leoben <611>,38
57 Jahre,Liezen <612>,43
57 Jahre,Murtal <620>,51
57 Jahre,Mürzzuschlag ^<613>,-
57 Jahre,Murau <614>,5
57 Jahre,Radkersburg ^<615>,-
57 Jahre,Südoststeiermark <623>,43
57 Jahre,Voitsberg <616>,29
57 Jahre,Weiz <617>,39
58 Jahre,Eisenstadt (Stadt) <101>,12
58 Jahre,Rust (Stadt) <102>,2
58 Jahre,Eisenstadt Umgebung <103>,23
58 Jahre,Güssing <104>,10
58 Jahre,Jennersdorf <105>,8
58 Jahre,Mattersburg <106>,11
58 Jahre,Neusiedl am See <107>,28
58 Jahre,Oberpullendorf <108>,24
58 Jahre,Oberwart <109>,30
58 Jahre,Klagenfurt (Stadt) <201>,63
58 Jahre,Villach (Stadt) <202>,44
58 Jahre,Feldkirchen <210>,25
58 Jahre,Hermagor <203>,8
58 Jahre,Klagenfurt Land <204>,36
58 Jahre,Sankt Veit an der Glan <205>,37
58 Jahre,Spittal an der Drau <206>,34
58 Jahre,Villach Land <207>,28
58 Jahre,Völkermarkt <208>,24
58 Jahre,Wolfsberg <209>,21
58 Jahre,Krems an der Donau (Stadt) <301>,18
58 Jahre,Sankt Pölten (Stadt) <302>,47
58 Jahre,Waidhofen an der Ybbs (Stadt) <303>,5
58 Jahre,Wiener Neustadt (Stadt) <304>,50
58 Jahre,Amstetten <305>,40
58 Jahre,Baden <306>,89
58 Jahre,Bruck an der Leitha <307>,67
58 Jahre,Gänserndorf <308>,60
58 Jahre,Gmünd <309>,16
58 Jahre,Hollabrunn <310>,25
58 Jahre,Horn <311>,16
58 Jahre,Korneuburg <312>,49
58 Jahre,Krems Land <313>,26
58 Jahre,Lilienfeld <314>,11
58 Jahre,Melk <315>,30
58 Jahre,Mistelbach <316>,34
58 Jahre,Mödling <317>,69
58 Jahre,Neunkirchen <318>,38
58 Jahre,Sankt Pölten Land <319>,51
58 Jahre,Scheibbs <320>,16
58 Jahre,Tulln <321>,53
58 Jahre,Waidhofen an der Thaya <322>,11
58 Jahre,Wiener Neustadt Land <323>,41
58 Jahre,Wien Umgebung ^<324>,-
58 Jahre,Zwettl <325>,13
58 Jahre,Stadt Linz <401>,111
58 Jahre,Stadt Steyr <402>,23
58 Jahre,Stadt Wels <403>,37
58 Jahre,Braunau <404>,38
58 Jahre,Eferding <405>,9
58 Jahre,Freistadt <406>,21
58 Jahre,Gmunden <407>,50
58 Jahre,Grieskirchen <408>,27
58 Jahre,Kirchdorf <409>,26
58 Jahre,Linz Land <410>,63
58 Jahre,Perg <411>,29
58 Jahre,Ried <412>,28
58 Jahre,Rohrbach <413>,12
58 Jahre,Schärding <414>,24
58 Jahre,Steyr Land <415>,18
58 Jahre,Urfahr Umgebung <416>,23
58 Jahre,Vöcklabruck <417>,83
58 Jahre,Wels Land <418>,30
58 Jahre,Salzburg (Stadt) <501>,89
58 Jahre,Hallein <502>,35
58 Jahre,Salzburg Umgebung <503>,87
58 Jahre,St. Johann im Pongau <504>,39
58 Jahre,Tamsweg <505>,10
58 Jahre,Zell am See <506>,46
58 Jahre,Graz (Stadt) <601>,190
58 Jahre,Bruck an der Mur ^<602>,-
58 Jahre,Bruck-Mürzzuschlag <621>,51
58 Jahre,Deutschlandsberg <603>,48
58 Jahre,Feldbach ^<604>,-
58 Jahre,Fürstenfeld ^<605>,-
58 Jahre,Graz Umgebung <606>,90
58 Jahre,Hartberg ^<607>,-
58 Jahre,Hartberg-Fürstenfeld <622>,33
58 Jahre,Judenburg ^<608>,-
58 Jahre,Knittelfeld ^<609>,-
58 Jahre,Leibnitz <610>,51
58 Jahre,Leoben <611>,33
58 Jahre,Liezen <612>,34
58 Jahre,Murtal <620>,31
58 Jahre,Mürzzuschlag ^<613>,-
58 Jahre,Murau <614>,6
58 Jahre,Radkersburg ^<615>,-
58 Jahre,Südoststeiermark <623>,37
58 Jahre,Voitsberg <616>,27
58 Jahre,Weiz <617>,30
59 Jahre,Eisenstadt (Stadt) <101>,15
59 Jahre,Rust (Stadt) <102>,-
59 Jahre,Eisenstadt Umgebung <103>,22
59 Jahre,Güssing <104>,12
59 Jahre,Jennersdorf <105>,12
59 Jahre,Mattersburg <106>,23
59 Jahre,Neusiedl am See <107>,29
59 Jahre,Oberpullendorf <108>,14
59 Jahre,Oberwart <109>,41
59 Jahre,Klagenfurt (Stadt) <201>,59
59 Jahre,Villach (Stadt) <202>,46
59 Jahre,Feldkirchen <210>,8
59 Jahre,Hermagor <203>,10
59 Jahre,Klagenfurt Land <204>,25
59 Jahre,Sankt Veit an der Glan <205>,22
59 Jahre,Spittal an der Drau <206>,22
59 Jahre,Villach Land <207>,30
59 Jahre,Völkermarkt <208>,15
59 Jahre,Wolfsberg <209>,18
59 Jahre,Krems an der Donau (Stadt) <301>,22
59 Jahre,Sankt Pölten (Stadt) <302>,48
59 Jahre,Waidhofen an der Ybbs (Stadt) <303>,1
59 Jahre,Wiener Neustadt (Stadt) <304>,40
59 Jahre,Amstetten <305>,39
59 Jahre,Baden <306>,93
59 Jahre,Bruck an der Leitha <307>,58
59 Jahre,Gänserndorf <308>,50
59 Jahre,Gmünd <309>,12
59 Jahre,Hollabrunn <310>,23
59 Jahre,Horn <311>,18
59 Jahre,Korneuburg <312>,42
59 Jahre,Krems Land <313>,28
59 Jahre,Lilienfeld <314>,6
59 Jahre,Melk <315>,42
59 Jahre,Mistelbach <316>,38
59 Jahre,Mödling <317>,65
59 Jahre,Neunkirchen <318>,49
59 Jahre,Sankt Pölten Land <319>,61
59 Jahre,Scheibbs <320>,10
59 Jahre,Tulln <321>,58
59 Jahre,Waidhofen an der Thaya <322>,8
59 Jahre,Wiener Neustadt Land <323>,32
59 Jahre,Wien Umgebung ^<324>,-
59 Jahre,Zwettl <325>,12
59 Jahre,Stadt Linz <401>,119
59 Jahre,Stadt Steyr <402>,16
59 Jahre,Stadt Wels <403>,46
59 Jahre,Braunau <404>,45
59 Jahre,Eferding <405>,6
59 Jahre,Freistadt <406>,26
59 Jahre,Gmunden <407>,53
59 Jahre,Grieskirchen <408>,25
59 Jahre,Kirchdorf <409>,30
59 Jahre,Linz Land <410>,69
59 Jahre,Perg <411>,20
59 Jahre,Ried <412>,26
59 Jahre,Rohrbach <413>,20
59 Jahre,Schärding <414>,20
59 Jahre,Steyr Land <415>,22
59 Jahre,Urfahr Umgebung <416>,20
59 Jahre,Vöcklabruck <417>,63
59 Jahre,Wels Land <418>,30
59 Jahre,Salzburg (Stadt) <501>,90
59 Jahre,Hallein <502>,23
59 Jahre,Salzburg Umgebung <503>,73
59 Jahre,St. Johann im Pongau <504>,47
59 Jahre,Tamsweg <505>,8
59 Jahre,Zell am See <506>,45
59 Jahre,Graz (Stadt) <601>,185
59 Jahre,Bruck an der Mur ^<602>,-
59 Jahre,Bruck-Mürzzuschlag <621>,49
59 Jahre,Deutschlandsberg <603>,34
59 Jahre,Feldbach ^<604>,-
59 Jahre,Fürstenfeld ^<605>,-
59 Jahre,Graz Umgebung <606>,68
59 Jahre,Hartberg ^<607>,-
59 Jahre,Hartberg-Fürstenfeld <622>,32
59 Jahre,Judenburg ^<608>,-
59 Jahre,Knittelfeld ^<609>,-
59 Jahre,Leibnitz <610>,45
59 Jahre,Leoben <611>,38
59 Jahre,Liezen <612>,41
59 Jahre,Murtal <620>,34
59 Jahre,Mürzzuschlag ^<613>,-
59 Jahre,Murau <614>,6
59 Jahre,Radkersburg ^<615>,-
59 Jahre,Südoststeiermark <623>,45
59 Jahre,Voitsberg <616>,21
59 Jahre,Weiz <617>,28
60 Jahre,Eisenstadt (Stadt) <101>,15
60 Jahre,Rust (Stadt) <102>,1
60 Jahre,Eisenstadt Umgebung <103>,26
60 Jahre,Güssing <104>,19
60 Jahre,Jennersdorf <105>,8
60 Jahre,Mattersburg <106>,17
60 Jahre,Neusiedl am See <107>,26
60 Jahre,Oberpullendorf <108>,21
60 Jahre,Oberwart <109>,29
60 Jahre,Klagenfurt (Stadt) <201>,69
60 Jahre,Villach (Stadt) <202>,53
60 Jahre,Feldkirchen <210>,15
60 Jahre,Hermagor <203>,6
60 Jahre,Klagenfurt Land <204>,24
60 Jahre,Sankt Veit an der Glan <205>,14
60 Jahre,Spittal an der Drau <206>,34
60 Jahre,Villach Land <207>,29
60 Jahre,Völkermarkt <208>,14
60 Jahre,Wolfsberg <209>,18
60 Jahre,Krems an der Donau (Stadt) <301>,16
60 Jahre,Sankt Pölten (Stadt) <302>,47
60 Jahre,Waidhofen an der Ybbs (Stadt) <303>,3
60 Jahre,Wiener Neustadt (Stadt) <304>,44
60 Jahre,Amstetten <305>,30
60 Jahre,Baden <306>,87
60 Jahre,Bruck an der Leitha <307>,60
60 Jahre,Gänserndorf <308>,47
60 Jahre,Gmünd <309>,22
60 Jahre,Hollabrunn <310>,25
60 Jahre,Horn <311>,15
60 Jahre,Korneuburg <312>,48
60 Jahre,Krems Land <313>,24
60 Jahre,Lilienfeld <314>,13
60 Jahre,Melk <315>,31
60 Jahre,Mistelbach <316>,46
60 Jahre,Mödling <317>,75
60 Jahre,Neunkirchen <318>,48
60 Jahre,Sankt Pölten Land <319>,70
60 Jahre,Scheibbs <320>,8
60 Jahre,Tulln <321>,56
60 Jahre,Waidhofen an der Thaya <322>,7
60 Jahre,Wiener Neustadt Land <323>,34
60 Jahre,Wien Umgebung ^<324>,-
60 Jahre,Zwettl <325>,12
60 Jahre,Stadt Linz <401>,127
60 Jahre,Stadt Steyr <402>,21
60 Jahre,Stadt Wels <403>,39
60 Jahre,Braunau <404>,42
60 Jahre,Eferding <405>,13
60 Jahre,Freistadt <406>,22
60 Jahre,Gmunden <407>,52
60 Jahre,Grieskirchen <408>,26
60 Jahre,Kirchdorf <409>,19
60 Jahre,Linz Land <410>,60
60 Jahre,Perg <411>,18
60 Jahre,Ried <412>,27
60 Jahre,Rohrbach <413>,16
60 Jahre,Schärding <414>,18
60 Jahre,Steyr Land <415>,30
60 Jahre,Urfahr Umgebung <416>,24
60 Jahre,Vöcklabruck <417>,71
60 Jahre,Wels Land <418>,24
60 Jahre,Salzburg (Stadt) <501>,88
60 Jahre,Hallein <502>,30
60 Jahre,Salzburg Umgebung <503>,71
60 Jahre,St. Johann im Pongau <504>,48
60 Jahre,Tamsweg <505>,9
60 Jahre,Zell am See <506>,33
60 Jahre,Graz (Stadt) <601>,182
60 Jahre,Bruck an der Mur ^<602>,-
60 Jahre,Bruck-Mürzzuschlag <621>,64
60 Jahre,Deutschlandsberg <603>,38
60 Jahre,Feldbach ^<604>,-
60 Jahre,Fürstenfeld ^<605>,-
60 Jahre,Graz Umgebung <606>,78
60 Jahre,Hartberg ^<607>,-
60 Jahre,Hartberg-Fürstenfeld <622>,42
60 Jahre,Judenburg ^<608>,-
60 Jahre,Knittelfeld ^<609>,-
60 Jahre,Leibnitz <610>,59
60 Jahre,Leoben <611>,32
60 Jahre,Liezen <612>,38
60 Jahre,Murtal <620>,48
60 Jahre,Mürzzuschlag ^<613>,-
60 Jahre,Murau <614>,9
60 Jahre,Radkersburg ^<615>,-
60 Jahre,Südoststeiermark <623>,35
60 Jahre,Voitsberg <616>,24
60 Jahre,Weiz <617>,35
61 Jahre,Eisenstadt (Stadt) <101>,10
61 Jahre,Rust (Stadt) <102>,1
61 Jahre,Eisenstadt Umgebung <103>,20
61 Jahre,Güssing <104>,16
61 Jahre,Jennersdorf <105>,10
61 Jahre,Mattersburg <106>,24
61 Jahre,Neusiedl am See <107>,26
61 Jahre,Oberpullendorf <108>,14
61 Jahre,Oberwart <109>,30
61 Jahre,Klagenfurt (Stadt) <201>,65
61 Jahre,Villach (Stadt) <202>,31
61 Jahre,Feldkirchen <210>,17
61 Jahre,Hermagor <203>,4
61 Jahre,Klagenfurt Land <204>,32
61 Jahre,Sankt Veit an der Glan <205>,27
61 Jahre,Spittal an der Drau <206>,26
61 Jahre,Villach Land <207>,45
61 Jahre,Völkermarkt <208>,20
61 Jahre,Wolfsberg <209>,16
61 Jahre,Krems an der Donau (Stadt) <301>,16
61 Jahre,Sankt Pölten (Stadt) <302>,44
61 Jahre,Waidhofen an der Ybbs (Stadt) <303>,3
61 Jahre,Wiener Neustadt (Stadt) <304>,32
61 Jahre,Amstetten <305>,37
61 Jahre,Baden <306>,83
61 Jahre,Bruck an der Leitha <307>,49
61 Jahre,Gänserndorf <308>,54
61 Jahre,Gmünd <309>,24
61 Jahre,Hollabrunn <310>,27
61 Jahre,Horn <311>,20
61 Jahre,Korneuburg <312>,35
61 Jahre,Krems Land <313>,18
61 Jahre,Lilienfeld <314>,13
61 Jahre,Melk <315>,32
61 Jahre,Mistelbach <316>,41
61 Jahre,Mödling <317>,56
61 Jahre,Neunkirchen <318>,50
61 Jahre,Sankt Pölten Land <319>,55
61 Jahre,Scheibbs <320>,13
61 Jahre,Tulln <321>,59
61 Jahre,Waidhofen an der Thaya <322>,6
61 Jahre,Wiener Neustadt Land <323>,44
61 Jahre,Wien Umgebung ^<324>,-
61 Jahre,Zwettl <325>,18
61 Jahre,Stadt Linz <401>,94
61 Jahre,Stadt Steyr <402>,32
61 Jahre,Stadt Wels <403>,31
61 Jahre,Braunau <404>,52
61 Jahre,Eferding <405>,15
61 Jahre,Freistadt <406>,21
61 Jahre,Gmunden <407>,49
61 Jahre,Grieskirchen <408>,16
61 Jahre,Kirchdorf <409>,19
61 Jahre,Linz Land <410>,70
61 Jahre,Perg <411>,31
61 Jahre,Ried <412>,39
61 Jahre,Rohrbach <413>,16
61 Jahre,Schärding <414>,18
61 Jahre,Steyr Land <415>,21
61 Jahre,Urfahr Umgebung <416>,34
61 Jahre,Vöcklabruck <417>,61
61 Jahre,Wels Land <418>,37
61 Jahre,Salzburg (Stadt) <501>,81
61 Jahre,Hallein <502>,19
61 Jahre,Salzburg Umgebung <503>,65
61 Jahre,St. Johann im Pongau <504>,34
61 Jahre,Tamsweg <505>,11
61 Jahre,Zell am See <506>,38
61 Jahre,Graz (Stadt) <601>,183
61 Jahre,Bruck an der Mur ^<602>,-
61 Jahre,Bruck-Mürzzuschlag <621>,60
61 Jahre,Deutschlandsberg <603>,33
61 Jahre,Feldbach ^<604>,-
61 Jahre,Fürstenfeld ^<605>,-
61 Jahre,Graz Umgebung <606>,87
61 Jahre,Hartberg ^<607>,-
61 Jahre,Hartberg-Fürstenfeld <622>,55
61 Jahre,Judenburg ^<608>,-
61 Jahre,Knittelfeld ^<609>,-
61 Jahre,Leibnitz <610>,52
61 Jahre,Leoben <611>,40
61 Jahre,Liezen <612>,36
61 Jahre,Murtal <620>,51
61 Jahre,Mürzzuschlag ^<613>,-
61 Jahre,Murau <614>,9
61 Jahre,Radkersburg ^<615>,-
61 Jahre,Südoststeiermark <623>,40
61 Jahre,Voitsberg <616>,27
61 Jahre,Weiz <617>,29
62 Jahre,Eisenstadt (Stadt) <101>,22
62 Jahre,Rust (Stadt) <102>,3
62 Jahre,Eisenstadt Umgebung <103>,20
62 Jahre,Güssing <104>,17
62 Jahre,Jennersdorf <105>,14
62 Jahre,Mattersburg <106>,23
62 Jahre,Neusiedl am See <107>,30
62 Jahre,Oberpullendorf <108>,20
62 Jahre,Oberwart <109>,34
62 Jahre,Klagenfurt (Stadt) <201>,52
62 Jahre,Villach (Stadt) <202>,43
62 Jahre,Feldkirchen <210>,23
62 Jahre,Hermagor <203>,5
62 Jahre,Klagenfurt Land <204>,39
62 Jahre,Sankt Veit an der Glan <205>,27
62 Jahre,Spittal an der Drau <206>,36
62 Jahre,Villach Land <207>,29
62 Jahre,Völkermarkt <208>,19
62 Jahre,Wolfsberg <209>,26
62 Jahre,Krems an der Donau (Stadt) <301>,17
62 Jahre,Sankt Pölten (Stadt) <302>,39
62 Jahre,Waidhofen an der Ybbs (Stadt) <303>,5
62 Jahre,Wiener Neustadt (Stadt) <304>,31
62 Jahre,Amstetten <305>,32
62 Jahre,Baden <306>,88
62 Jahre,Bruck an der Leitha <307>,52
62 Jahre,Gänserndorf <308>,52
62 Jahre,Gmünd <309>,18
62 Jahre,Hollabrunn <310>,30
62 Jahre,Horn <311>,8
62 Jahre,Korneuburg <312>,32
62 Jahre,Krems Land <313>,20
62 Jahre,Lilienfeld <314>,16
62 Jahre,Melk <315>,30
62 Jahre,Mistelbach <316>,36
62 Jahre,Mödling <317>,57
62 Jahre,Neunkirchen <318>,58
62 Jahre,Sankt Pölten Land <319>,52
62 Jahre,Scheibbs <320>,18
62 Jahre,Tulln <321>,51
62 Jahre,Waidhofen an der Thaya <322>,12
62 Jahre,Wiener Neustadt Land <323>,27
62 Jahre,Wien Umgebung ^<324>,-
62 Jahre,Zwettl <325>,11
62 Jahre,Stadt Linz <401>,99
62 Jahre,Stadt Steyr <402>,28
62 Jahre,Stadt Wels <403>,37
62 Jahre,Braunau <404>,47
62 Jahre,Eferding <405>,7
62 Jahre,Freistadt <406>,25
62 Jahre,Gmunden <407>,55
62 Jahre,Grieskirchen <408>,26
62 Jahre,Kirchdorf <409>,29
62 Jahre,Linz Land <410>,57
62 Jahre,Perg <411>,30
62 Jahre,Ried <412>,29
62 Jahre,Rohrbach <413>,19
62 Jahre,Schärding <414>,21
62 Jahre,Steyr Land <415>,28
62 Jahre,Urfahr Umgebung <416>,32
62 Jahre,Vöcklabruck <417>,61
62 Jahre,Wels Land <418>,41
62 Jahre,Salzburg (Stadt) <501>,92
62 Jahre,Hallein <502>,24
62 Jahre,Salzburg Umgebung <503>,61
62 Jahre,St. Johann im Pongau <504>,38
62 Jahre,Tamsweg <505>,3
62 Jahre,Zell am See <506>,32
62 Jahre,Graz (Stadt) <601>,173
62 Jahre,Bruck an der Mur ^<602>,-
62 Jahre,Bruck-Mürzzuschlag <621>,54
62 Jahre,Deutschlandsberg <603>,39
62 Jahre,Feldbach ^<604>,-
62 Jahre,Fürstenfeld ^<605>,-
62 Jahre,Graz Umgebung <606>,71
62 Jahre,Hartberg ^<607>,-
62 Jahre,Hartberg-Fürstenfeld <622>,27
62 Jahre,Judenburg ^<608>,-
62 Jahre,Knittelfeld ^<609>,-
62 Jahre,Leibnitz <610>,39
62 Jahre,Leoben <611>,32
62 Jahre,Liezen <612>,46
62 Jahre,Murtal <620>,48
62 Jahre,Mürzzuschlag ^<613>,-
62 Jahre,Murau <614>,13
62 Jahre,Radkersburg ^<615>,-
62 Jahre,Südoststeiermark <623>,54
62 Jahre,Voitsberg <616>,32
62 Jahre,Weiz <617>,42
63 Jahre,Eisenstadt (Stadt) <101>,16
63 Jahre,Rust (Stadt) <102>,1
63 Jahre,Eisenstadt Umgebung <103>,22
63 Jahre,Güssing <104>,13
63 Jahre,Jennersdorf <105>,9
63 Jahre,Mattersburg <106>,18
63 Jahre,Neusiedl am See <107>,27
63 Jahre,Oberpullendorf <108>,34
63 Jahre,Oberwart <109>,40
63 Jahre,Klagenfurt (Stadt) <201>,57
63 Jahre,Villach (Stadt) <202>,44
63 Jahre,Feldkirchen <210>,11
63 Jahre,Hermagor <203>,9
63 Jahre,Klagenfurt Land <204>,20
63 Jahre,Sankt Veit an der Glan <205>,25
63 Jahre,Spittal an der Drau <206>,35
63 Jahre,Villach Land <207>,33
63 Jahre,Völkermarkt <208>,12
63 Jahre,Wolfsberg <209>,21
63 Jahre,Krems an der Donau (Stadt) <301>,12
63 Jahre,Sankt Pölten (Stadt) <302>,34
63 Jahre,Waidhofen an der Ybbs (Stadt) <303>,2
63 Jahre,Wiener Neustadt (Stadt) <304>,32
63 Jahre,Amstetten <305>,38
63 Jahre,Baden <306>,70
63 Jahre,Bruck an der Leitha <307>,45
63 Jahre,Gänserndorf <308>,52
63 Jahre,Gmünd <309>,9
63 Jahre,Hollabrunn <310>,26
63 Jahre,Horn <311>,9
63 Jahre,Korneuburg <312>,34
63 Jahre,Krems Land <313>,9
63 Jahre,Lilienfeld <314>,14
63 Jahre,Melk <315>,38
63 Jahre,Mistelbach <316>,38
63 Jahre,Mödling <317>,53
63 Jahre,Neunkirchen <318>,37
63 Jahre,Sankt Pölten Land <319>,41
63 Jahre,Scheibbs <320>,12
63 Jahre,Tulln <321>,57
63 Jahre,Waidhofen an der Thaya <322>,6
63 Jahre,Wiener Neustadt Land <323>,34
63 Jahre,Wien Umgebung ^<324>,-
63 Jahre,Zwettl <325>,7
63 Jahre,Stadt Linz <401>,100
63 Jahre,Stadt Steyr <402>,21
63 Jahre,Stadt Wels <403>,43
63 Jahre,Braunau <404>,32
63 Jahre,Eferding <405>,6
63 Jahre,Freistadt <406>,19
63 Jahre,Gmunden <407>,44
63 Jahre,Grieskirchen <408>,20
63 Jahre,Kirchdorf <409>,20
63 Jahre,Linz Land <410>,55
63 Jahre,Perg <411>,18
63 Jahre,Ried <412>,24
63 Jahre,Rohrbach <413>,7
63 Jahre,Schärding <414>,23
63 Jahre,Steyr Land <415>,19
63 Jahre,Urfahr Umgebung <416>,31
63 Jahre,Vöcklabruck <417>,50
63 Jahre,Wels Land <418>,35
63 Jahre,Salzburg (Stadt) <501>,71
63 Jahre,Hallein <502>,16
63 Jahre,Salzburg Umgebung <503>,66
63 Jahre,St. Johann im Pongau <504>,43
63 Jahre,Tamsweg <505>,4
63 Jahre,Zell am See <506>,40
63 Jahre,Graz (Stadt) <601>,158
63 Jahre,Bruck an der Mur ^<602>,-
63 Jahre,Bruck-Mürzzuschlag <621>,39
63 Jahre,Deutschlandsberg <603>,30
63 Jahre,Feldbach ^<604>,-
63 Jahre,Fürstenfeld ^<605>,-
63 Jahre,Graz Umgebung <606>,80
63 Jahre,Hartberg ^<607>,-
63 Jahre,Hartberg-Fürstenfeld <622>,23
63 Jahre,Judenburg ^<608>,-
63 Jahre,Knittelfeld ^<609>,-
63 Jahre,Leibnitz <610>,46
63 Jahre,Leoben <611>,35
63 Jahre,Liezen <612>,25
63 Jahre,Murtal <620>,45
63 Jahre,Mürzzuschlag ^<613>,-
63 Jahre,Murau <614>,13
63 Jahre,Radkersburg ^<615>,-
63 Jahre,Südoststeiermark <623>,32
63 Jahre,Voitsberg <616>,16
63 Jahre,Weiz <617>,26
64 Jahre,Eisenstadt (Stadt) <101>,17
64 Jahre,Rust (Stadt) <102>,4
64 Jahre,Eisenstadt Umgebung <103>,23
64 Jahre,Güssing <104>,14
64 Jahre,Jennersdorf <105>,13
64 Jahre,Mattersburg <106>,12
64 Jahre,Neusiedl am See <107>,26
64 Jahre,Oberpullendorf <108>,11
64 Jahre,Oberwart <109>,31
64 Jahre,Klagenfurt (Stadt) <201>,45
64 Jahre,Villach (Stadt) <202>,33
64 Jahre,Feldkirchen <210>,16
64 Jahre,Hermagor <203>,9
64 Jahre,Klagenfurt Land <204>,19
64 Jahre,Sankt Veit an der Glan <205>,22
64 Jahre,Spittal an der Drau <206>,27
64 Jahre,Villach Land <207>,35
64 Jahre,Völkermarkt <208>,7
64 Jahre,Wolfsberg <209>,20
64 Jahre,Krems an der Donau (Stadt) <301>,14
64 Jahre,Sankt Pölten (Stadt) <302>,34
64 Jahre,Waidhofen an der Ybbs (Stadt) <303>,5
64 Jahre,Wiener Neustadt (Stadt) <304>,24
64 Jahre,Amstetten <305>,25
64 Jahre,Baden <306>,70
64 Jahre,Bruck an der Leitha <307>,31
64 Jahre,Gänserndorf <308>,47
64 Jahre,Gmünd <309>,14
64 Jahre,Hollabrunn <310>,22
64 Jahre,Horn <311>,9
64 Jahre,Korneuburg <312>,30
64 Jahre,Krems Land <313>,16
64 Jahre,Lilienfeld <314>,16
64 Jahre,Melk <315>,27
64 Jahre,Mistelbach <316>,24
64 Jahre,Mödling <317>,47
64 Jahre,Neunkirchen <318>,34
64 Jahre,Sankt Pölten Land <319>,35
64 Jahre,Scheibbs <320>,17
64 Jahre,Tulln <321>,50
64 Jahre,Waidhofen an der Thaya <322>,16
64 Jahre,Wiener Neustadt Land <323>,22
64 Jahre,Wien Umgebung ^<324>,-
64 Jahre,Zwettl <325>,10
64 Jahre,Stadt Linz <401>,92
64 Jahre,Stadt Steyr <402>,14
64 Jahre,Stadt Wels <403>,34
64 Jahre,Braunau <404>,36
64 Jahre,Eferding <405>,6
64 Jahre,Freistadt <406>,9
64 Jahre,Gmunden <407>,40
64 Jahre,Grieskirchen <408>,12
64 Jahre,Kirchdorf <409>,24
64 Jahre,Linz Land <410>,54
64 Jahre,Perg <411>,17
64 Jahre,Ried <412>,21
64 Jahre,Rohrbach <413>,19
64 Jahre,Schärding <414>,17
64 Jahre,Steyr Land <415>,18
64 Jahre,Urfahr Umgebung <416>,21
64 Jahre,Vöcklabruck <417>,47
64 Jahre,Wels Land <418>,20
64 Jahre,Salzburg (Stadt) <501>,78
64 Jahre,Hallein <502>,17
64 Jahre,Salzburg Umgebung <503>,51
64 Jahre,St. Johann im Pongau <504>,48
64 Jahre,Tamsweg <505>,6
64 Jahre,Zell am See <506>,27
64 Jahre,Graz (Stadt) <601>,146
64 Jahre,Bruck an der Mur ^<602>,-
64 Jahre,Bruck-Mürzzuschlag <621>,46
64 Jahre,Deutschlandsberg <603>,27
64 Jahre,Feldbach ^<604>,-
64 Jahre,Fürstenfeld ^<605>,-
64 Jahre,Graz Umgebung <606>,49
64 Jahre,Hartberg ^<607>,-
64 Jahre,Hartberg-Fürstenfeld <622>,26
64 Jahre,Judenburg ^<608>,-
64 Jahre,Knittelfeld ^<609>,-
64 Jahre,Leibnitz <610>,34
64 Jahre,Leoben <611>,31
64 Jahre,Liezen <612>,34
64 Jahre,Murtal <620>,26
64 Jahre,Mürzzuschlag ^<613>,-
64 Jahre,Murau <614>,8
64 Jahre,Radkersburg ^<615>,-
64 Jahre,Südoststeiermark <623>,30
64 Jahre,Voitsberg <616>,16
64 Jahre,Weiz <617>,26
65 Jahre,Eisenstadt (Stadt) <101>,5
65 Jahre,Rust (Stadt) <102>,1
65 Jahre,Eisenstadt Umgebung <103>,13
65 Jahre,Güssing <104>,14
65 Jahre,Jennersdorf <105>,7
65 Jahre,Mattersburg <106>,19
65 Jahre,Neusiedl am See <107>,12
65 Jahre,Oberpullendorf <108>,17
65 Jahre,Oberwart <109>,26
65 Jahre,Klagenfurt (Stadt) <201>,53
65 Jahre,Villach (Stadt) <202>,21
65 Jahre,Feldkirchen <210>,12
65 Jahre,Hermagor <203>,8
65 Jahre,Klagenfurt Land <204>,26
65 Jahre,Sankt Veit an der Glan <205>,19
65 Jahre,Spittal an der Drau <206>,17
65 Jahre,Villach Land <207>,29
65 Jahre,Völkermarkt <208>,17
65 Jahre,Wolfsberg <209>,21
65 Jahre,Krems an der Donau (Stadt) <301>,13
65 Jahre,Sankt Pölten (Stadt) <302>,29
65 Jahre,Waidhofen an der Ybbs (Stadt) <303>,5
65 Jahre,Wiener Neustadt (Stadt) <304>,27
65 Jahre,Amstetten <305>,29
65 Jahre,Baden <306>,61
65 Jahre,Bruck an der Leitha <307>,29
65 Jahre,Gänserndorf <308>,39
65 Jahre,Gmünd <309>,11
65 Jahre,Hollabrunn <310>,26
65 Jahre,Horn <311>,17
65 Jahre,Korneuburg <312>,28
65 Jahre,Krems Land <313>,17
65 Jahre,Lilienfeld <314>,16
65 Jahre,Melk <315>,30
65 Jahre,Mistelbach <316>,21
65 Jahre,Mödling <317>,50
65 Jahre,Neunkirchen <318>,26
65 Jahre,Sankt Pölten Land <319>,41
65 Jahre,Scheibbs <320>,7
65 Jahre,Tulln <321>,52
65 Jahre,Waidhofen an der Thaya <322>,7
65 Jahre,Wiener Neustadt Land <323>,28
65 Jahre,Wien Umgebung ^<324>,-
65 Jahre,Zwettl <325>,10
65 Jahre,Stadt Linz <401>,69
65 Jahre,Stadt Steyr <402>,14
65 Jahre,Stadt Wels <403>,29
65 Jahre,Braunau <404>,26
65 Jahre,Eferding <405>,12
65 Jahre,Freistadt <406>,13
65 Jahre,Gmunden <407>,45
65 Jahre,Grieskirchen <408>,27
65 Jahre,Kirchdorf <409>,21
65 Jahre,Linz Land <410>,49
65 Jahre,Perg <411>,20
65 Jahre,Ried <412>,20
65 Jahre,Rohrbach <413>,11
65 Jahre,Schärding <414>,13
65 Jahre,Steyr Land <415>,16
65 Jahre,Urfahr Umgebung <416>,17
65 Jahre,Vöcklabruck <417>,50
65 Jahre,Wels Land <418>,16
65 Jahre,Salzburg (Stadt) <501>,72
65 Jahre,Hallein <502>,17
65 Jahre,Salzburg Umgebung <503>,53
65 Jahre,St. Johann im Pongau <504>,32
65 Jahre,Tamsweg <505>,8
65 Jahre,Zell am See <506>,30
65 Jahre,Graz (Stadt) <601>,151
65 Jahre,Bruck an der Mur ^<602>,-
65 Jahre,Bruck-Mürzzuschlag <621>,32
65 Jahre,Deutschlandsberg <603>,22
65 Jahre,Feldbach ^<604>,-
65 Jahre,Fürstenfeld ^<605>,-
65 Jahre,Graz Umgebung <606>,45
65 Jahre,Hartberg ^<607>,-
65 Jahre,Hartberg-Fürstenfeld <622>,30
65 Jahre,Judenburg ^<608>,-
65 Jahre,Knittelfeld ^<609>,-
65 Jahre,Leibnitz <610>,40
65 Jahre,Leoben <611>,31
65 Jahre,Liezen <612>,42
65 Jahre,Murtal <620>,31
65 Jahre,Mürzzuschlag ^<613>,-
65 Jahre,Murau <614>,18
65 Jahre,Radkersburg ^<615>,-
65 Jahre,Südoststeiermark <623>,26
65 Jahre,Voitsberg <616>,26
65 Jahre,Weiz <617>,25
66 Jahre,Eisenstadt (Stadt) <101>,19
66 Jahre,Rust (Stadt) <102>,1
66 Jahre,Eisenstadt Umgebung <103>,12
66 Jahre,Güssing <104>,16
66 Jahre,Jennersdorf <105>,8
66 Jahre,Mattersburg <106>,13
66 Jahre,Neusiedl am See <107>,22
66 Jahre,Oberpullendorf <108>,14
66 Jahre,Oberwart <109>,26
66 Jahre,Klagenfurt (Stadt) <201>,43
66 Jahre,Villach (Stadt) <202>,22
66 Jahre,Feldkirchen <210>,12
66 Jahre,Hermagor <203>,5
66 Jahre,Klagenfurt Land <204>,19
66 Jahre,Sankt Veit an der Glan <205>,14
66 Jahre,Spittal an der Drau <206>,19
66 Jahre,Villach Land <207>,23
66 Jahre,Völkermarkt <208>,15
66 Jahre,Wolfsberg <209>,15
66 Jahre,Krems an der Donau (Stadt) <301>,11
66 Jahre,Sankt Pölten (Stadt) <302>,25
66 Jahre,Waidhofen an der Ybbs (Stadt) <303>,2
66 Jahre,Wiener Neustadt (Stadt) <304>,26
66 Jahre,Amstetten <305>,28
66 Jahre,Baden <306>,56
66 Jahre,Bruck an der Leitha <307>,35
66 Jahre,Gänserndorf <308>,35
66 Jahre,Gmünd <309>,13
66 Jahre,Hollabrunn <310>,24
66 Jahre,Horn <311>,18
66 Jahre,Korneuburg <312>,31
66 Jahre,Krems Land <313>,8
66 Jahre,Lilienfeld <314>,9
66 Jahre,Melk <315>,19
66 Jahre,Mistelbach <316>,31
66 Jahre,Mödling <317>,32
66 Jahre,Neunkirchen <318>,29
66 Jahre,Sankt Pölten Land <319>,35
66 Jahre,Scheibbs <320>,6
66 Jahre,Tulln <321>,42
66 Jahre,Waidhofen an der Thaya <322>,6
66 Jahre,Wiener Neustadt Land <323>,27
66 Jahre,Wien Umgebung ^<324>,-
66 Jahre,Zwettl <325>,7
66 Jahre,Stadt Linz <401>,75
66 Jahre,Stadt Steyr <402>,10
66 Jahre,Stadt Wels <403>,26
66 Jahre,Braunau <404>,44
66 Jahre,Eferding <405>,10
66 Jahre,Freistadt <406>,15
66 Jahre,Gmunden <407>,25
66 Jahre,Grieskirchen <408>,12
66 Jahre,Kirchdorf <409>,16
66 Jahre,Linz Land <410>,37
66 Jahre,Perg <411>,14
66 Jahre,Ried <412>,14
66 Jahre,Rohrbach <413>,9
66 Jahre,Schärding <414>,11
66 Jahre,Steyr Land <415>,16
66 Jahre,Urfahr Umgebung <416>,18
66 Jahre,Vöcklabruck <417>,49
66 Jahre,Wels Land <418>,12
66 Jahre,Salzburg (Stadt) <501>,62
66 Jahre,Hallein <502>,14
66 Jahre,Salzburg Umgebung <503>,45
66 Jahre,St. Johann im Pongau <504>,39
66 Jahre,Tamsweg <505>,3
66 Jahre,Zell am See <506>,27
66 Jahre,Graz (Stadt) <601>,105
66 Jahre,Bruck an der Mur ^<602>,-
66 Jahre,Bruck-Mürzzuschlag <621>,48
66 Jahre,Deutschlandsberg <603>,26
66 Jahre,Feldbach ^<604>,-
66 Jahre,Fürstenfeld ^<605>,-
66 Jahre,Graz Umgebung <606>,56
66 Jahre,Hartberg ^<607>,-
66 Jahre,Hartberg-Fürstenfeld <622>,22
66 Jahre,Judenburg ^<608>,-
66 Jahre,Knittelfeld ^<609>,-
66 Jahre,Leibnitz <610>,30
66 Jahre,Leoben <611>,23
66 Jahre,Liezen <612>,21
66 Jahre,Murtal <620>,27
66 Jahre,Mürzzuschlag ^<613>,-
66 Jahre,Murau <614>,12
66 Jahre,Radkersburg ^<615>,-
66 Jahre,Südoststeiermark <623>,24
66 Jahre,Voitsberg <616>,19
66 Jahre,Weiz <617>,16
67 Jahre,Eisenstadt (Stadt) <101>,10
67 Jahre,Rust (Stadt) <102>,-
67 Jahre,Eisenstadt Umgebung <103>,18
67 Jahre,Güssing <104>,11
67 Jahre,Jennersdorf <105>,5
67 Jahre,Mattersburg <106>,11
67 Jahre,Neusiedl am See <107>,24
67 Jahre,Oberpullendorf <108>,15
67 Jahre,Oberwart <109>,19
67 Jahre,Klagenfurt (Stadt) <201>,39
67 Jahre,Villach (Stadt) <202>,17
67 Jahre,Feldkirchen <210>,13
67 Jahre,Hermagor <203>,8
67 Jahre,Klagenfurt Land <204>,22
67 Jahre,Sankt Veit an der Glan <205>,14
67 Jahre,Spittal an der Drau <206>,25
67 Jahre,Villach Land <207>,23
67 Jahre,Völkermarkt <208>,15
67 Jahre,Wolfsberg <209>,14
67 Jahre,Krems an der Donau (Stadt) <301>,8
67 Jahre,Sankt Pölten (Stadt) <302>,17
67 Jahre,Waidhofen an der Ybbs (Stadt) <303>,2
67 Jahre,Wiener Neustadt (Stadt) <304>,24
67 Jahre,Amstetten <305>,23
67 Jahre,Baden <306>,40
67 Jahre,Bruck an der Leitha <307>,20
67 Jahre,Gänserndorf <308>,28
67 Jahre,Gmünd <309>,11
67 Jahre,Hollabrunn <310>,9
67 Jahre,Horn <311>,7
67 Jahre,Korneuburg <312>,24
67 Jahre,Krems Land <313>,8
67 Jahre,Lilienfeld <314>,12
67 Jahre,Melk <315>,24
67 Jahre,Mistelbach <316>,21
67 Jahre,Mödling <317>,38
67 Jahre,Neunkirchen <318>,26
67 Jahre,Sankt Pölten Land <319>,36
67 Jahre,Scheibbs <320>,9
67 Jahre,Tulln <321>,29
67 Jahre,Waidhofen an der Thaya <322>,6
67 Jahre,Wiener Neustadt Land <323>,21
67 Jahre,Wien Umgebung ^<324>,-
67 Jahre,Zwettl <325>,9
67 Jahre,Stadt Linz <401>,68
67 Jahre,Stadt Steyr <402>,12
67 Jahre,Stadt Wels <403>,21
67 Jahre,Braunau <404>,29
67 Jahre,Eferding <405>,7
67 Jahre,Freistadt <406>,15
67 Jahre,Gmunden <407>,27
67 Jahre,Grieskirchen <408>,14
67 Jahre,Kirchdorf <409>,18
67 Jahre,Linz Land <410>,33
67 Jahre,Perg <411>,18
67 Jahre,Ried <412>,13
67 Jahre,Rohrbach <413>,8
67 Jahre,Schärding <414>,9
67 Jahre,Steyr Land <415>,12
67 Jahre,Urfahr Umgebung <416>,14
67 Jahre,Vöcklabruck <417>,35
67 Jahre,Wels Land <418>,13
67 Jahre,Salzburg (Stadt) <501>,40
67 Jahre,Hallein <502>,14
67 Jahre,Salzburg Umgebung <503>,41
67 Jahre,St. Johann im Pongau <504>,20
67 Jahre,Tamsweg <505>,7
67 Jahre,Zell am See <506>,29
67 Jahre,Graz (Stadt) <601>,87
67 Jahre,Bruck an der Mur ^<602>,-
67 Jahre,Bruck-Mürzzuschlag <621>,27
67 Jahre,Deutschlandsberg <603>,16
67 Jahre,Feldbach ^<604>,-
67 Jahre,Fürstenfeld ^<605>,-
67 Jahre,Graz Umgebung <606>,37
67 Jahre,Hartberg ^<607>,-
67 Jahre,Hartberg-Fürstenfeld <622>,19
67 Jahre,Judenburg ^<608>,-
67 Jahre,Knittelfeld ^<609>,-
67 Jahre,Leibnitz <610>,25
67 Jahre,Leoben <611>,17
67 Jahre,Liezen <612>,28
67 Jahre,Murtal <620>,28
67 Jahre,Mürzzuschlag ^<613>,-
67 Jahre,Murau <614>,7
67 Jahre,Radkersburg ^<615>,-
67 Jahre,Südoststeiermark <623>,14
67 Jahre,Voitsberg <616>,20
67 Jahre,Weiz <617>,18
68 Jahre,Eisenstadt (Stadt) <101>,12
68 Jahre,Rust (Stadt) <102>,5
68 Jahre,Eisenstadt Umgebung <103>,4
68 Jahre,Güssing <104>,5
68 Jahre,Jennersdorf <105>,4
68 Jahre,Mattersburg <106>,5
68 Jahre,Neusiedl am See <107>,18
68 Jahre,Oberpullendorf <108>,14
68 Jahre,Oberwart <109>,26
68 Jahre,Klagenfurt (Stadt) <201>,37
68 Jahre,Villach (Stadt) <202>,26
68 Jahre,Feldkirchen <210>,18
68 Jahre,Hermagor <203>,3
68 Jahre,Klagenfurt Land <204>,15
68 Jahre,Sankt Veit an der Glan <205>,14
68 Jahre,Spittal an der Drau <206>,18
68 Jahre,Villach Land <207>,15
68 Jahre,Völkermarkt <208>,9
68 Jahre,Wolfsberg <209>,11
68 Jahre,Krems an der Donau (Stadt) <301>,4
68 Jahre,Sankt Pölten (Stadt) <302>,16
68 Jahre,Waidhofen an der Ybbs (Stadt) <303>,1
68 Jahre,Wiener Neustadt (Stadt) <304>,10
68 Jahre,Amstetten <305>,21
68 Jahre,Baden <306>,40
68 Jahre,Bruck an der Leitha <307>,26
68 Jahre,Gänserndorf <308>,24
68 Jahre,Gmünd <309>,12
68 Jahre,Hollabrunn <310>,14
68 Jahre,Horn <311>,15
68 Jahre,Korneuburg <312>,17
68 Jahre,Krems Land <313>,18
68 Jahre,Lilienfeld <314>,12
68 Jahre,Melk <315>,23
68 Jahre,Mistelbach <316>,21
68 Jahre,Mödling <317>,29
68 Jahre,Neunkirchen <318>,23
68 Jahre,Sankt Pölten Land <319>,27
68 Jahre,Scheibbs <320>,6
68 Jahre,Tulln <321>,33
68 Jahre,Waidhofen an der Thaya <322>,5
68 Jahre,Wiener Neustadt Land <323>,7
68 Jahre,Wien Umgebung ^<324>,-
68 Jahre,Zwettl <325>,9
68 Jahre,Stadt Linz <401>,59
68 Jahre,Stadt Steyr <402>,13
68 Jahre,Stadt Wels <403>,17
68 Jahre,Braunau <404>,13
68 Jahre,Eferding <405>,4
68 Jahre,Freistadt <406>,13
68 Jahre,Gmunden <407>,25
68 Jahre,Grieskirchen <408>,6
68 Jahre,Kirchdorf <409>,10
68 Jahre,Linz Land <410>,36
68 Jahre,Perg <411>,9
68 Jahre,Ried <412>,16
68 Jahre,Rohrbach <413>,7
68 Jahre,Schärding <414>,11
68 Jahre,Steyr Land <415>,11
68 Jahre,Urfahr Umgebung <416>,18
68 Jahre,Vöcklabruck <417>,32
68 Jahre,Wels Land <418>,17
68 Jahre,Salzburg (Stadt) <501>,54
68 Jahre,Hallein <502>,14
68 Jahre,Salzburg Umgebung <503>,32
68 Jahre,St. Johann im Pongau <504>,25
68 Jahre,Tamsweg <505>,3
68 Jahre,Zell am See <506>,14
68 Jahre,Graz (Stadt) <601>,80
68 Jahre,Bruck an der Mur ^<602>,-
68 Jahre,Bruck-Mürzzuschlag <621>,28
68 Jahre,Deutschlandsberg <603>,27
68 Jahre,Feldbach ^<604>,-
68 Jahre,Fürstenfeld ^<605>,-
68 Jahre,Graz Umgebung <606>,41
68 Jahre,Hartberg ^<607>,-
68 Jahre,Hartberg-Fürstenfeld <622>,18
68 Jahre,Judenburg ^<608>,-
68 Jahre,Knittelfeld ^<609>,-
68 Jahre,Leibnitz <610>,26
68 Jahre,Leoben <611>,12
68 Jahre,Liezen <612>,26
68 Jahre,Murtal <620>,27
68 Jahre,Mürzzuschlag ^<613>,-
68 Jahre,Murau <614>,11
68 Jahre,Radkersburg ^<615>,-
68 Jahre,Südoststeiermark <623>,22
68 Jahre,Voitsberg <616>,11
68 Jahre,Weiz <617>,19
69 Jahre,Eisenstadt (Stadt) <101>,9
69 Jahre,Rust (Stadt) <102>,1
69 Jahre,Eisenstadt Umgebung <103>,17
69 Jahre,Güssing <104>,6
69 Jahre,Jennersdorf <105>,1
69 Jahre,Mattersburg <106>,9
69 Jahre,Neusiedl am See <107>,13
69 Jahre,Oberpullendorf <108>,8
69 Jahre,Oberwart <109>,18
69 Jahre,Klagenfurt (Stadt) <201>,34
69 Jahre,Villach (Stadt) <202>,27
69 Jahre,Feldkirchen <210>,6
69 Jahre,Hermagor <203>,1
69 Jahre,Klagenfurt Land <204>,20
69 Jahre,Sankt Veit an der Glan <205>,10
69 Jahre,Spittal an der Drau <206>,19
69 Jahre,Villach Land <207>,13
69 Jahre,Völkermarkt <208>,19
69 Jahre,Wolfsberg <209>,10
69 Jahre,Krems an der Donau (Stadt) <301>,8
69 Jahre,Sankt Pölten (Stadt) <302>,25
69 Jahre,Waidhofen an der Ybbs (Stadt) <303>,1
69 Jahre,Wiener Neustadt (Stadt) <304>,19
69 Jahre,Amstetten <305>,17
69 Jahre,Baden <306>,41
69 Jahre,Bruck an der Leitha <307>,32
69 Jahre,Gänserndorf <308>,21
69 Jahre,Gmünd <309>,8
69 Jahre,Hollabrunn <310>,11
69 Jahre,Horn <311>,14
69 Jahre,Korneuburg <312>,18
69 Jahre,Krems Land <313>,8
69 Jahre,Lilienfeld <314>,13
69 Jahre,Melk <315>,19
69 Jahre,Mistelbach <316>,12
69 Jahre,Mödling <317>,23
69 Jahre,Neunkirchen <318>,28
69 Jahre,Sankt Pölten Land <319>,26
69 Jahre,Scheibbs <320>,2
69 Jahre,Tulln <321>,26
69 Jahre,Waidhofen an der Thaya <322>,9
69 Jahre,Wiener Neustadt Land <323>,20
69 Jahre,Wien Umgebung ^<324>,-
69 Jahre,Zwettl <325>,5
69 Jahre,Stadt Linz <401>,50
69 Jahre,Stadt Steyr <402>,4
69 Jahre,Stadt Wels <403>,21
69 Jahre,Braunau <404>,15
69 Jahre,Eferding <405>,7
69 Jahre,Freistadt <406>,13
69 Jahre,Gmunden <407>,34
69 Jahre,Grieskirchen <408>,8
69 Jahre,Kirchdorf <409>,11
69 Jahre,Linz Land <410>,34
69 Jahre,Perg <411>,15
69 Jahre,Ried <412>,14
69 Jahre,Rohrbach <413>,7
69 Jahre,Schärding <414>,12
69 Jahre,Steyr Land <415>,13
69 Jahre,Urfahr Umgebung <416>,17
69 Jahre,Vöcklabruck <417>,38
69 Jahre,Wels Land <418>,13
69 Jahre,Salzburg (Stadt) <501>,51
69 Jahre,Hallein <502>,15
69 Jahre,Salzburg Umgebung <503>,33
69 Jahre,St. Johann im Pongau <504>,27
69 Jahre,Tamsweg <505>,5
69 Jahre,Zell am See <506>,16
69 Jahre,Graz (Stadt) <601>,94
69 Jahre,Bruck an der Mur ^<602>,-
69 Jahre,Bruck-Mürzzuschlag <621>,34
69 Jahre,Deutschlandsberg <603>,17
69 Jahre,Feldbach ^<604>,-
69 Jahre,Fürstenfeld ^<605>,-
69 Jahre,Graz Umgebung <606>,29
69 Jahre,Hartberg ^<607>,-
69 Jahre,Hartberg-Fürstenfeld <622>,11
69 Jahre,Judenburg ^<608>,-
69 Jahre,Knittelfeld ^<609>,-
69 Jahre,Leibnitz <610>,23
69 Jahre,Leoben <611>,17
69 Jahre,Liezen <612>,27
69 Jahre,Murtal <620>,21
69 Jahre,Mürzzuschlag ^<613>,-
69 Jahre,Murau <614>,5
69 Jahre,Radkersburg ^<615>,-
69 Jahre,Südoststeiermark <623>,18
69 Jahre,Voitsberg <616>,16
69 Jahre,Weiz <617>,10
70 Jahre,Eisenstadt (Stadt) <101>,9
70 Jahre,Rust (Stadt) <102>,3
70 Jahre,Eisenstadt Umgebung <103>,6
70 Jahre,Güssing <104>,9
70 Jahre,Jennersdorf <105>,4
70 Jahre,Mattersburg <106>,7
70 Jahre,Neusiedl am See <107>,15
70 Jahre,Oberpullendorf <108>,7
70 Jahre,Oberwart <109>,19
70 Jahre,Klagenfurt (Stadt) <201>,27
70 Jahre,Villach (Stadt) <202>,22
70 Jahre,Feldkirchen <210>,12
70 Jahre,Hermagor <203>,3
70 Jahre,Klagenfurt Land <204>,16
70 Jahre,Sankt Veit an der Glan <205>,10
70 Jahre,Spittal an der Drau <206>,14
70 Jahre,Villach Land <207>,18
70 Jahre,Völkermarkt <208>,5
70 Jahre,Wolfsberg <209>,14
70 Jahre,Krems an der Donau (Stadt) <301>,7
70 Jahre,Sankt Pölten (Stadt) <302>,14
70 Jahre,Waidhofen an der Ybbs (Stadt) <303>,2
70 Jahre,Wiener Neustadt (Stadt) <304>,18
70 Jahre,Amstetten <305>,10
70 Jahre,Baden <306>,27
70 Jahre,Bruck an der Leitha <307>,9
70 Jahre,Gänserndorf <308>,20
70 Jahre,Gmünd <309>,8
70 Jahre,Hollabrunn <310>,9
70 Jahre,Horn <311>,8
70 Jahre,Korneuburg <312>,11
70 Jahre,Krems Land <313>,7
70 Jahre,Lilienfeld <314>,10
70 Jahre,Melk <315>,14
70 Jahre,Mistelbach <316>,19
70 Jahre,Mödling <317>,22
70 Jahre,Neunkirchen <318>,23
70 Jahre,Sankt Pölten Land <319>,31
70 Jahre,Scheibbs <320>,4
70 Jahre,Tulln <321>,18
70 Jahre,Waidhofen an der Thaya <322>,4
70 Jahre,Wiener Neustadt Land <323>,13
70 Jahre,Wien Umgebung ^<324>,-
70 Jahre,Zwettl <325>,7
70 Jahre,Stadt Linz <401>,44
70 Jahre,Stadt Steyr <402>,3
70 Jahre,Stadt Wels <403>,19
70 Jahre,Braunau <404>,18
70 Jahre,Eferding <405>,4
70 Jahre,Freistadt <406>,13
70 Jahre,Gmunden <407>,13
70 Jahre,Grieskirchen <408>,7
70 Jahre,Kirchdorf <409>,12
70 Jahre,Linz Land <410>,40
70 Jahre,Perg <411>,6
70 Jahre,Ried <412>,10
70 Jahre,Rohrbach <413>,9
70 Jahre,Schärding <414>,12
70 Jahre,Steyr Land <415>,8
70 Jahre,Urfahr Umgebung <416>,13
70 Jahre,Vöcklabruck <417>,27
70 Jahre,Wels Land <418>,10
70 Jahre,Salzburg (Stadt) <501>,33
70 Jahre,Hallein <502>,9
70 Jahre,Salzburg Umgebung <503>,26
70 Jahre,St. Johann im Pongau <504>,23
70 Jahre,Tamsweg <505>,3
70 Jahre,Zell am See <506>,19
70 Jahre,Graz (Stadt) <601>,80
70 Jahre,Bruck an der Mur ^<602>,-
70 Jahre,Bruck-Mürzzuschlag <621>,22
70 Jahre,Deutschlandsberg <603>,21
70 Jahre,Feldbach ^<604>,-
70 Jahre,Fürstenfeld ^<605>,-
70 Jahre,Graz Umgebung <606>,30
70 Jahre,Hartberg ^<607>,-
70 Jahre,Hartberg-Fürstenfeld <622>,20
70 Jahre,Judenburg ^<608>,-
70 Jahre,Knittelfeld ^<609>,-
70 Jahre,Leibnitz <610>,19
70 Jahre,Leoben <611>,18
70 Jahre,Liezen <612>,12
70 Jahre,Murtal <620>,15
70 Jahre,Mürzzuschlag ^<613>,-
70 Jahre,Murau <614>,3
70 Jahre,Radkersburg ^<615>,-
70 Jahre,Südoststeiermark <623>,21
70 Jahre,Voitsberg <616>,10
70 Jahre,Weiz <617>,14
71 Jahre,Eisenstadt (Stadt) <101>,13
71 Jahre,Rust (Stadt) <102>,-
71 Jahre,Eisenstadt Umgebung <103>,7
71 Jahre,Güssing <104>,7
71 Jahre,Jennersdorf <105>,4
71 Jahre,Mattersburg <106>,4
71 Jahre,Neusiedl am See <107>,9
71 Jahre,Oberpullendorf <108>,11
71 Jahre,Oberwart <109>,15
71 Jahre,Klagenfurt (Stadt) <201>,16
71 Jahre,Villach (Stadt) <202>,18
71 Jahre,Feldkirchen <210>,8
71 Jahre,Hermagor <203>,4
71 Jahre,Klagenfurt Land <204>,10
71 Jahre,Sankt Veit an der Glan <205>,16
71 Jahre,Spittal an der Drau <206>,20
71 Jahre,Villach Land <207>,16
71 Jahre,Völkermarkt <208>,8
71 Jahre,Wolfsberg <209>,12
71 Jahre,Krems an der Donau (Stadt) <301>,6
71 Jahre,Sankt Pölten (Stadt) <302>,14
71 Jahre,Waidhofen an der Ybbs (Stadt) <303>,1
71 Jahre,Wiener Neustadt (Stadt) <304>,12
71 Jahre,Amstetten <305>,16
71 Jahre,Baden <306>,36
71 Jahre,Bruck an der Leitha <307>,15
71 Jahre,Gänserndorf <308>,19
71 Jahre,Gmünd <309>,6
71 Jahre,Hollabrunn <310>,13
71 Jahre,Horn <311>,8
71 Jahre,Korneuburg <312>,20
71 Jahre,Krems Land <313>,8
71 Jahre,Lilienfeld <314>,7
71 Jahre,Melk <315>,17
71 Jahre,Mistelbach <316>,21
71 Jahre,Mödling <317>,25
71 Jahre,Neunkirchen <318>,25
71 Jahre,Sankt Pölten Land <319>,33
71 Jahre,Scheibbs <320>,12
71 Jahre,Tulln <321>,25
71 Jahre,Waidhofen an der Thaya <322>,6
71 Jahre,Wiener Neustadt Land <323>,14
71 Jahre,Wien Umgebung ^<324>,-
71 Jahre,Zwettl <325>,1
71 Jahre,Stadt Linz <401>,42
71 Jahre,Stadt Steyr <402>,6
71 Jahre,Stadt Wels <403>,8
71 Jahre,Braunau <404>,22
71 Jahre,Eferding <405>,5
71 Jahre,Freistadt <406>,10
71 Jahre,Gmunden <407>,15
71 Jahre,Grieskirchen <408>,9
71 Jahre,Kirchdorf <409>,11
71 Jahre,Linz Land <410>,32
71 Jahre,Perg <411>,7
71 Jahre,Ried <412>,5
71 Jahre,Rohrbach <413>,9
71 Jahre,Schärding <414>,10
71 Jahre,Steyr Land <415>,9
71 Jahre,Urfahr Umgebung <416>,6
71 Jahre,Vöcklabruck <417>,25
71 Jahre,Wels Land <418>,12
71 Jahre,Salzburg (Stadt) <501>,32
71 Jahre,Hallein <502>,4
71 Jahre,Salzburg Umgebung <503>,24
71 Jahre,St. Johann im Pongau <504>,21
71 Jahre,Tamsweg <505>,3
71 Jahre,Zell am See <506>,18
71 Jahre,Graz (Stadt) <601>,74
71 Jahre,Bruck an der Mur ^<602>,-
71 Jahre,Bruck-Mürzzuschlag <621>,22
71 Jahre,Deutschlandsberg <603>,19
71 Jahre,Feldbach ^<604>,-
71 Jahre,Fürstenfeld ^<605>,-
71 Jahre,Graz Umgebung <606>,27
71 Jahre,Hartberg ^<607>,-
71 Jahre,Hartberg-Fürstenfeld <622>,22
71 Jahre,Judenburg ^<608>,-
71 Jahre,Knittelfeld ^<609>,-
71 Jahre,Leibnitz <610>,18
71 Jahre,Leoben <611>,13
71 Jahre,Liezen <612>,18
71 Jahre,Murtal <620>,19
71 Jahre,Mürzzuschlag ^<613>,-
71 Jahre,Murau <614>,3
71 Jahre,Radkersburg ^<615>,-
71 Jahre,Südoststeiermark <623>,16
71 Jahre,Voitsberg <616>,10
71 Jahre,Weiz <617>,14
72 Jahre,Eisenstadt (Stadt) <101>,10
72 Jahre,Rust (Stadt) <102>,-
72 Jahre,Eisenstadt Umgebung <103>,10
72 Jahre,Güssing <104>,5
72 Jahre,Jennersdorf <105>,2
72 Jahre,Mattersburg <106>,4
72 Jahre,Neusiedl am See <107>,7
72 Jahre,Oberpullendorf <108>,11
72 Jahre,Oberwart <109>,16
72 Jahre,Klagenfurt (Stadt) <201>,26
72 Jahre,Villach (Stadt) <202>,17
72 Jahre,Feldkirchen <210>,10
72 Jahre,Hermagor <203>,3
72 Jahre,Klagenfurt Land <204>,9
72 Jahre,Sankt Veit an der Glan <205>,12
72 Jahre,Spittal an der Drau <206>,18
72 Jahre,Villach Land <207>,17
72 Jahre,Völkermarkt <208>,5
72 Jahre,Wolfsberg <209>,11
72 Jahre,Krems an der Donau (Stadt) <301>,4
72 Jahre,Sankt Pölten (Stadt) <302>,13
72 Jahre,Waidhofen an der Ybbs (Stadt) <303>,5
72 Jahre,Wiener Neustadt (Stadt) <304>,18
72 Jahre,Amstetten <305>,12
72 Jahre,Baden <306>,37
72 Jahre,Bruck an der Leitha <307>,17
72 Jahre,Gänserndorf <308>,10
72 Jahre,Gmünd <309>,10
72 Jahre,Hollabrunn <310>,12
72 Jahre,Horn <311>,5
72 Jahre,Korneuburg <312>,10
72 Jahre,Krems Land <313>,3
72 Jahre,Lilienfeld <314>,5
72 Jahre,Melk <315>,13
72 Jahre,Mistelbach <316>,16
72 Jahre,Mödling <317>,30
72 Jahre,Neunkirchen <318>,12
72 Jahre,Sankt Pölten Land <319>,29
72 Jahre,Scheibbs <320>,3
72 Jahre,Tulln <321>,18
72 Jahre,Waidhofen an der Thaya <322>,-
72 Jahre,Wiener Neustadt Land <323>,11
72 Jahre,Wien Umgebung ^<324>,-
72 Jahre,Zwettl <325>,5
72 Jahre,Stadt Linz <401>,42
72 Jahre,Stadt Steyr <402>,7
72 Jahre,Stadt Wels <403>,10
72 Jahre,Braunau <404>,14
72 Jahre,Eferding <405>,6
72 Jahre,Freistadt <406>,3
72 Jahre,Gmunden <407>,15
72 Jahre,Grieskirchen <408>,16
72 Jahre,Kirchdorf <409>,16
72 Jahre,Linz Land <410>,29
72 Jahre,Perg <411>,14
72 Jahre,Ried <412>,12
72 Jahre,Rohrbach <413>,9
72 Jahre,Schärding <414>,7
72 Jahre,Steyr Land <415>,13
72 Jahre,Urfahr Umgebung <416>,8
72 Jahre,Vöcklabruck <417>,24
72 Jahre,Wels Land <418>,8
72 Jahre,Salzburg (Stadt) <501>,54
72 Jahre,Hallein <502>,8
72 Jahre,Salzburg Umgebung <503>,29
72 Jahre,St. Johann im Pongau <504>,18
72 Jahre,Tamsweg <505>,1
72 Jahre,Zell am See <506>,7
72 Jahre,Graz (Stadt) <601>,62
72 Jahre,Bruck an der Mur ^<602>,-
72 Jahre,Bruck-Mürzzuschlag <621>,23
72 Jahre,Deutschlandsberg <603>,26
72 Jahre,Feldbach ^<604>,-
72 Jahre,Fürstenfeld ^<605>,-
72 Jahre,Graz Umgebung <606>,38
72 Jahre,Hartberg ^<607>,-
72 Jahre,Hartberg-Fürstenfeld <622>,13
72 Jahre,Judenburg ^<608>,-
72 Jahre,Knittelfeld ^<609>,-
72 Jahre,Leibnitz <610>,24
72 Jahre,Leoben <611>,17
72 Jahre,Liezen <612>,14
72 Jahre,Murtal <620>,18
72 Jahre,Mürzzuschlag ^<613>,-
72 Jahre,Murau <614>,7
72 Jahre,Radkersburg ^<615>,-
72 Jahre,Südoststeiermark <623>,19
72 Jahre,Voitsberg <616>,11
72 Jahre,Weiz <617>,17
73 Jahre,Eisenstadt (Stadt) <101>,5
73 Jahre,Rust (Stadt) <102>,2
73 Jahre,Eisenstadt Umgebung <103>,10
73 Jahre,Güssing <104>,10
73 Jahre,Jennersdorf <105>,1
73 Jahre,Mattersburg <106>,7
73 Jahre,Neusiedl am See <107>,11
73 Jahre,Oberpullendorf <108>,10
73 Jahre,Oberwart <109>,13
73 Jahre,Klagenfurt (Stadt) <201>,28
73 Jahre,Villach (Stadt) <202>,17
73 Jahre,Feldkirchen <210>,7
73 Jahre,Hermagor <203>,6
73 Jahre,Klagenfurt Land <204>,9
73 Jahre,Sankt Veit an der Glan <205>,16
73 Jahre,Spittal an der Drau <206>,11
73 Jahre,Villach Land <207>,9
73 Jahre,Völkermarkt <208>,7
73 Jahre,Wolfsberg <209>,9
73 Jahre,Krems an der Donau (Stadt) <301>,2
73 Jahre,Sankt Pölten (Stadt) <302>,21
73 Jahre,Waidhofen an der Ybbs (Stadt) <303>,3
73 Jahre,Wiener Neustadt (Stadt) <304>,16
73 Jahre,Amstetten <305>,18
73 Jahre,Baden <306>,38
73 Jahre,Bruck an der Leitha <307>,13
73 Jahre,Gänserndorf <308>,10
73 Jahre,Gmünd <309>,4
73 Jahre,Hollabrunn <310>,7
73 Jahre,Horn <311>,5
73 Jahre,Korneuburg <312>,15
73 Jahre,Krems Land <313>,8
73 Jahre,Lilienfeld <314>,2
73 Jahre,Melk <315>,16
73 Jahre,Mistelbach <316>,15
73 Jahre,Mödling <317>,17
73 Jahre,Neunkirchen <318>,16
73 Jahre,Sankt Pölten Land <319>,16
73 Jahre,Scheibbs <320>,2
73 Jahre,Tulln <321>,20
73 Jahre,Waidhofen an der Thaya <322>,2
73 Jahre,Wiener Neustadt Land <323>,17
73 Jahre,Wien Umgebung ^<324>,-
73 Jahre,Zwettl <325>,14
73 Jahre,Stadt Linz <401>,42
73 Jahre,Stadt Steyr <402>,13
73 Jahre,Stadt Wels <403>,12
73 Jahre,Braunau <404>,20
73 Jahre,Eferding <405>,2
73 Jahre,Freistadt <406>,8
73 Jahre,Gmunden <407>,17
73 Jahre,Grieskirchen <408>,11
73 Jahre,Kirchdorf <409>,2
73 Jahre,Linz Land <410>,19
73 Jahre,Perg <411>,12
73 Jahre,Ried <412>,14
73 Jahre,Rohrbach <413>,6
73 Jahre,Schärding <414>,12
73 Jahre,Steyr Land <415>,11
73 Jahre,Urfahr Umgebung <416>,11
73 Jahre,Vöcklabruck <417>,19
73 Jahre,Wels Land <418>,14
73 Jahre,Salzburg (Stadt) <501>,38
73 Jahre,Hallein <502>,14
73 Jahre,Salzburg Umgebung <503>,25
73 Jahre,St. Johann im Pongau <504>,17
73 Jahre,Tamsweg <505>,4
73 Jahre,Zell am See <506>,12
73 Jahre,Graz (Stadt) <601>,60
73 Jahre,Bruck an der Mur ^<602>,-
73 Jahre,Bruck-Mürzzuschlag <621>,23
73 Jahre,Deutschlandsberg <603>,7
73 Jahre,Feldbach ^<604>,-
73 Jahre,Fürstenfeld ^<605>,-
73 Jahre,Graz Umgebung <606>,33
73 Jahre,Hartberg ^<607>,-
73 Jahre,Hartberg-Fürstenfeld <622>,17
73 Jahre,Judenburg ^<608>,-
73 Jahre,Knittelfeld ^<609>,-
73 Jahre,Leibnitz <610>,18
73 Jahre,Leoben <611>,15
73 Jahre,Liezen <612>,27
73 Jahre,Murtal <620>,20
73 Jahre,Mürzzuschlag ^<613>,-
73 Jahre,Murau <614>,6
73 Jahre,Radkersburg ^<615>,-
73 Jahre,Südoststeiermark <623>,23
73 Jahre,Voitsberg <616>,14
73 Jahre,Weiz <617>,13
74 Jahre,Eisenstadt (Stadt) <101>,6
74 Jahre,Rust (Stadt) <102>,1
74 Jahre,Eisenstadt Umgebung <103>,9
74 Jahre,Güssing <104>,2
74 Jahre,Jennersdorf <105>,2
74 Jahre,Mattersburg <106>,4
74 Jahre,Neusiedl am See <107>,12
74 Jahre,Oberpullendorf <108>,16
74 Jahre,Oberwart <109>,11
74 Jahre,Klagenfurt (Stadt) <201>,15
74 Jahre,Villach (Stadt) <202>,22
74 Jahre,Feldkirchen <210>,2
74 Jahre,Hermagor <203>,4
74 Jahre,Klagenfurt Land <204>,12
74 Jahre,Sankt Veit an der Glan <205>,4
74 Jahre,Spittal an der Drau <206>,13
74 Jahre,Villach Land <207>,15
74 Jahre,Völkermarkt <208>,12
74 Jahre,Wolfsberg <209>,8
74 Jahre,Krems an der Donau (Stadt) <301>,7
74 Jahre,Sankt Pölten (Stadt) <302>,9
74 Jahre,Waidhofen an der Ybbs (Stadt) <303>,1
74 Jahre,Wiener Neustadt (Stadt) <304>,14
74 Jahre,Amstetten <305>,16
74 Jahre,Baden <306>,40
74 Jahre,Bruck an der Leitha <307>,21
74 Jahre,Gänserndorf <308>,18
74 Jahre,Gmünd <309>,5
74 Jahre,Hollabrunn <310>,10
74 Jahre,Horn <311>,12
74 Jahre,Korneuburg <312>,10
74 Jahre,Krems Land <313>,5
74 Jahre,Lilienfeld <314>,10
74 Jahre,Melk <315>,15
74 Jahre,Mistelbach <316>,14
74 Jahre,Mödling <317>,29
74 Jahre,Neunkirchen <318>,16
74 Jahre,Sankt Pölten Land <319>,30
74 Jahre,Scheibbs <320>,5
74 Jahre,Tulln <321>,22
74 Jahre,Waidhofen an der Thaya <322>,5
74 Jahre,Wiener Neustadt Land <323>,10
74 Jahre,Wien Umgebung ^<324>,-
74 Jahre,Zwettl <325>,4
74 Jahre,Stadt Linz <401>,44
74 Jahre,Stadt Steyr <402>,5
74 Jahre,Stadt Wels <403>,6
74 Jahre,Braunau <404>,15
74 Jahre,Eferding <405>,2
74 Jahre,Freistadt <406>,9
74 Jahre,Gmunden <407>,23
74 Jahre,Grieskirchen <408>,9
74 Jahre,Kirchdorf <409>,11
74 Jahre,Linz Land <410>,29
74 Jahre,Perg <411>,12
74 Jahre,Ried <412>,11
74 Jahre,Rohrbach <413>,12
74 Jahre,Schärding <414>,9
74 Jahre,Steyr Land <415>,12
74 Jahre,Urfahr Umgebung <416>,11
74 Jahre,Vöcklabruck <417>,21
74 Jahre,Wels Land <418>,15
74 Jahre,Salzburg (Stadt) <501>,22
74 Jahre,Hallein <502>,9
74 Jahre,Salzburg Umgebung <503>,31
74 Jahre,St. Johann im Pongau <504>,15
74 Jahre,Tamsweg <505>,4
74 Jahre,Zell am See <506>,12
74 Jahre,Graz (Stadt) <601>,49
74 Jahre,Bruck an der Mur ^<602>,-
74 Jahre,Bruck-Mürzzuschlag <621>,24
74 Jahre,Deutschlandsberg <603>,15
74 Jahre,Feldbach ^<604>,-
74 Jahre,Fürstenfeld ^<605>,-
74 Jahre,Graz Umgebung <606>,35
74 Jahre,Hartberg ^<607>,-
74 Jahre,Hartberg-Fürstenfeld <622>,21
74 Jahre,Judenburg ^<608>,-
74 Jahre,Knittelfeld ^<609>,-
74 Jahre,Leibnitz <610>,24
74 Jahre,Leoben <611>,13
74 Jahre,Liezen <612>,20
74 Jahre,Murtal <620>,26
74 Jahre,Mürzzuschlag ^<613>,-
74 Jahre,Murau <614>,5
74 Jahre,Radkersburg ^<615>,-
74 Jahre,Südoststeiermark <623>,22
74 Jahre,Voitsberg <616>,15
74 Jahre,Weiz <617>,17
75 Jahre,Eisenstadt (Stadt) <101>,2
75 Jahre,Rust (Stadt) <102>,2
75 Jahre,Eisenstadt Umgebung <103>,7
75 Jahre,Güssing <104>,8
75 Jahre,Jennersdorf <105>,1
75 Jahre,Mattersburg <106>,4
75 Jahre,Neusiedl am See <107>,14
75 Jahre,Oberpullendorf <108>,13
75 Jahre,Oberwart <109>,13
75 Jahre,Klagenfurt (Stadt) <201>,21
75 Jahre,Villach (Stadt) <202>,9
75 Jahre,Feldkirchen <210>,3
75 Jahre,Hermagor <203>,4
75 Jahre,Klagenfurt Land <204>,10
75 Jahre,Sankt Veit an der Glan <205>,15
75 Jahre,Spittal an der Drau <206>,17
75 Jahre,Villach Land <207>,12
75 Jahre,Völkermarkt <208>,8
75 Jahre,Wolfsberg <209>,7
75 Jahre,Krems an der Donau (Stadt) <301>,6
75 Jahre,Sankt Pölten (Stadt) <302>,12
75 Jahre,Waidhofen an der Ybbs (Stadt) <303>,-
75 Jahre,Wiener Neustadt (Stadt) <304>,14
75 Jahre,Amstetten <305>,12
75 Jahre,Baden <306>,36
75 Jahre,Bruck an der Leitha <307>,30
75 Jahre,Gänserndorf <308>,16
75 Jahre,Gmünd <309>,6
75 Jahre,Hollabrunn <310>,4
75 Jahre,Horn <311>,1
75 Jahre,Korneuburg <312>,7
75 Jahre,Krems Land <313>,2
75 Jahre,Lilienfeld <314>,5
75 Jahre,Melk <315>,15
75 Jahre,Mistelbach <316>,15
75 Jahre,Mödling <317>,30
75 Jahre,Neunkirchen <318>,17
75 Jahre,Sankt Pölten Land <319>,33
75 Jahre,Scheibbs <320>,6
75 Jahre,Tulln <321>,23
75 Jahre,Waidhofen an der Thaya <322>,4
75 Jahre,Wiener Neustadt Land <323>,17
75 Jahre,Wien Umgebung ^<324>,-
75 Jahre,Zwettl <325>,8
75 Jahre,Stadt Linz <401>,39
75 Jahre,Stadt Steyr <402>,7
75 Jahre,Stadt Wels <403>,13
75 Jahre,Braunau <404>,19
75 Jahre,Eferding <405>,4
75 Jahre,Freistadt <406>,8
75 Jahre,Gmunden <407>,25
75 Jahre,Grieskirchen <408>,13
75 Jahre,Kirchdorf <409>,12
75 Jahre,Linz Land <410>,24
75 Jahre,Perg <411>,11
75 Jahre,Ried <412>,7
75 Jahre,Rohrbach <413>,12
75 Jahre,Schärding <414>,10
75 Jahre,Steyr Land <415>,13
75 Jahre,Urfahr Umgebung <416>,7
75 Jahre,Vöcklabruck <417>,33
75 Jahre,Wels Land <418>,14
75 Jahre,Salzburg (Stadt) <501>,26
75 Jahre,Hallein <502>,11
75 Jahre,Salzburg Umgebung <503>,18
75 Jahre,St. Johann im Pongau <504>,21
75 Jahre,Tamsweg <505>,3
75 Jahre,Zell am See <506>,17
75 Jahre,Graz (Stadt) <601>,44
75 Jahre,Bruck an der Mur ^<602>,-
75 Jahre,Bruck-Mürzzuschlag <621>,28
75 Jahre,Deutschlandsberg <603>,13
75 Jahre,Feldbach ^<604>,-
75 Jahre,Fürstenfeld ^<605>,-
75 Jahre,Graz Umgebung <606>,32
75 Jahre,Hartberg ^<607>,-
75 Jahre,Hartberg-Fürstenfeld <622>,15
75 Jahre,Judenburg ^<608>,-
75 Jahre,Knittelfeld ^<609>,-
75 Jahre,Leibnitz <610>,12
75 Jahre,Leoben <611>,7
75 Jahre,Liezen <612>,14
75 Jahre,Murtal <620>,12
75 Jahre,Mürzzuschlag ^<613>,-
75 Jahre,Murau <614>,7
75 Jahre,Radkersburg ^<615>,-
75 Jahre,Südoststeiermark <623>,13
75 Jahre,Voitsberg <616>,9
75 Jahre,Weiz <617>,17
76 Jahre,Eisenstadt (Stadt) <101>,9
76 Jahre,Rust (Stadt) <102>,-
76 Jahre,Eisenstadt Umgebung <103>,12
76 Jahre,Güssing <104>,6
76 Jahre,Jennersdorf <105>,4
76 Jahre,Mattersburg <106>,6
76 Jahre,Neusiedl am See <107>,17
76 Jahre,Oberpullendorf <108>,11
76 Jahre,Oberwart <109>,19
76 Jahre,Klagenfurt (Stadt) <201>,15
76 Jahre,Villach (Stadt) <202>,15
76 Jahre,Feldkirchen <210>,6
76 Jahre,Hermagor <203>,3
76 Jahre,Klagenfurt Land <204>,9
76 Jahre,Sankt Veit an der Glan <205>,13
76 Jahre,Spittal an der Drau <206>,11
76 Jahre,Villach Land <207>,18
76 Jahre,Völkermarkt <208>,5
76 Jahre,Wolfsberg <209>,5
76 Jahre,Krems an der Donau (Stadt) <301>,6
76 Jahre,Sankt Pölten (Stadt) <302>,5
76 Jahre,Waidhofen an der Ybbs (Stadt) <303>,2
76 Jahre,Wiener Neustadt (Stadt) <304>,15
76 Jahre,Amstetten <305>,12
76 Jahre,Baden <306>,33
76 Jahre,Bruck an der Leitha <307>,11
76 Jahre,Gänserndorf <308>,19
76 Jahre,Gmünd <309>,6
76 Jahre,Hollabrunn <310>,10
76 Jahre,Horn <311>,8
76 Jahre,Korneuburg <312>,13
76 Jahre,Krems Land <313>,3
76 Jahre,Lilienfeld <314>,5
76 Jahre,Melk <315>,14
76 Jahre,Mistelbach <316>,15
76 Jahre,Mödling <317>,21
76 Jahre,Neunkirchen <318>,23
76 Jahre,Sankt Pölten Land <319>,27
76 Jahre,Scheibbs <320>,5
76 Jahre,Tulln <321>,24
76 Jahre,Waidhofen an der Thaya <322>,7
76 Jahre,Wiener Neustadt Land <323>,14
76 Jahre,Wien Umgebung ^<324>,-
76 Jahre,Zwettl <325>,3
76 Jahre,Stadt Linz <401>,51
76 Jahre,Stadt Steyr <402>,5
76 Jahre,Stadt Wels <403>,12
76 Jahre,Braunau <404>,15
76 Jahre,Eferding <405>,3
76 Jahre,Freistadt <406>,7
76 Jahre,Gmunden <407>,16
76 Jahre,Grieskirchen <408>,8
76 Jahre,Kirchdorf <409>,8
76 Jahre,Linz Land <410>,28
76 Jahre,Perg <411>,13
76 Jahre,Ried <412>,8
76 Jahre,Rohrbach <413>,8
76 Jahre,Schärding <414>,16
76 Jahre,Steyr Land <415>,16
76 Jahre,Urfahr Umgebung <416>,11
76 Jahre,Vöcklabruck <417>,25
76 Jahre,Wels Land <418>,12
76 Jahre,Salzburg (Stadt) <501>,38
76 Jahre,Hallein <502>,6
76 Jahre,Salzburg Umgebung <503>,32
76 Jahre,St. Johann im Pongau <504>,20
76 Jahre,Tamsweg <505>,2
76 Jahre,Zell am See <506>,17
76 Jahre,Graz (Stadt) <601>,52
76 Jahre,Bruck an der Mur ^<602>,-
76 Jahre,Bruck-Mürzzuschlag <621>,26
76 Jahre,Deutschlandsberg <603>,17
76 Jahre,Feldbach ^<604>,-
76 Jahre,Fürstenfeld ^<605>,-
76 Jahre,Graz Umgebung <606>,39
76 Jahre,Hartberg ^<607>,-
76 Jahre,Hartberg-Fürstenfeld <622>,12
76 Jahre,Judenburg ^<608>,-
76 Jahre,Knittelfeld ^<609>,-
76 Jahre,Leibnitz <610>,13
76 Jahre,Leoben <611>,21
76 Jahre,Liezen <612>,12
76 Jahre,Murtal <620>,24
76 Jahre,Mürzzuschlag ^<613>,-
76 Jahre,Murau <614>,11
76 Jahre,Radkersburg ^<615>,-
76 Jahre,Südoststeiermark <623>,22
76 Jahre,Voitsberg <616>,21
76 Jahre,Weiz <617>,29
77 Jahre,Eisenstadt (Stadt) <101>,8
77 Jahre,Rust (Stadt) <102>,-
77 Jahre,Eisenstadt Umgebung <103>,9
77 Jahre,Güssing <104>,10
77 Jahre,Jennersdorf <105>,9
77 Jahre,Mattersburg <106>,5
77 Jahre,Neusiedl am See <107>,9
77 Jahre,Oberpullendorf <108>,12
77 Jahre,Oberwart <109>,16
77 Jahre,Klagenfurt (Stadt) <201>,28
77 Jahre,Villach (Stadt) <202>,10
77 Jahre,Feldkirchen <210>,11
77 Jahre,Hermagor <203>,5
77 Jahre,Klagenfurt Land <204>,15
77 Jahre,Sankt Veit an der Glan <205>,22
77 Jahre,Spittal an der Drau <206>,9
77 Jahre,Villach Land <207>,10
77 Jahre,Völkermarkt <208>,10
77 Jahre,Wolfsberg <209>,15
77 Jahre,Krems an der Donau (Stadt) <301>,6
77 Jahre,Sankt Pölten (Stadt) <302>,14
77 Jahre,Waidhofen an der Ybbs (Stadt) <303>,4
77 Jahre,Wiener Neustadt (Stadt) <304>,18
77 Jahre,Amstetten <305>,13
77 Jahre,Baden <306>,31
77 Jahre,Bruck an der Leitha <307>,29
77 Jahre,Gänserndorf <308>,15
77 Jahre,Gmünd <309>,6
77 Jahre,Hollabrunn <310>,7
77 Jahre,Horn <311>,8
77 Jahre,Korneuburg <312>,14
77 Jahre,Krems Land <313>,5
77 Jahre,Lilienfeld <314>,6
77 Jahre,Melk <315>,16
77 Jahre,Mistelbach <316>,17
77 Jahre,Mödling <317>,24
77 Jahre,Neunkirchen <318>,11
77 Jahre,Sankt Pölten Land <319>,25
77 Jahre,Scheibbs <320>,4
77 Jahre,Tulln <321>,27
77 Jahre,Waidhofen an der Thaya <322>,6
77 Jahre,Wiener Neustadt Land <323>,15
77 Jahre,Wien Umgebung ^<324>,-
77 Jahre,Zwettl <325>,3
77 Jahre,Stadt Linz <401>,45
77 Jahre,Stadt Steyr <402>,5
77 Jahre,Stadt Wels <403>,12
77 Jahre,Braunau <404>,13
77 Jahre,Eferding <405>,5
77 Jahre,Freistadt <406>,15
77 Jahre,Gmunden <407>,16
77 Jahre,Grieskirchen <408>,14
77 Jahre,Kirchdorf <409>,13
77 Jahre,Linz Land <410>,22
77 Jahre,Perg <411>,12
77 Jahre,Ried <412>,13
77 Jahre,Rohrbach <413>,9
77 Jahre,Schärding <414>,6
77 Jahre,Steyr Land <415>,9
77 Jahre,Urfahr Umgebung <416>,8
77 Jahre,Vöcklabruck <417>,18
77 Jahre,Wels Land <418>,16
77 Jahre,Salzburg (Stadt) <501>,33
77 Jahre,Hallein <502>,11
77 Jahre,Salzburg Umgebung <503>,35
77 Jahre,St. Johann im Pongau <504>,10
77 Jahre,Tamsweg <505>,5
77 Jahre,Zell am See <506>,16
77 Jahre,Graz (Stadt) <601>,56
77 Jahre,Bruck an der Mur ^<602>,-
77 Jahre,Bruck-Mürzzuschlag <621>,21
77 Jahre,Deutschlandsberg <603>,21
77 Jahre,Feldbach ^<604>,-
77 Jahre,Fürstenfeld ^<605>,-
77 Jahre,Graz Umgebung <606>,39
77 Jahre,Hartberg ^<607>,-
77 Jahre,Hartberg-Fürstenfeld <622>,12
77 Jahre,Judenburg ^<608>,-
77 Jahre,Knittelfeld ^<609>,-
77 Jahre,Leibnitz <610>,25
77 Jahre,Leoben <611>,20
77 Jahre,Liezen <612>,10
77 Jahre,Murtal <620>,32
77 Jahre,Mürzzuschlag ^<613>,-
77 Jahre,Murau <614>,12
77 Jahre,Radkersburg ^<615>,-
77 Jahre,Südoststeiermark <623>,18
77 Jahre,Voitsberg <616>,11
77 Jahre,Weiz <617>,13
78 Jahre,Eisenstadt (Stadt) <101>,3
78 Jahre,Rust (Stadt) <102>,2
78 Jahre,Eisenstadt Umgebung <103>,4
78 Jahre,Güssing <104>,7
78 Jahre,Jennersdorf <105>,5
78 Jahre,Mattersburg <106>,4
78 Jahre,Neusiedl am See <107>,6
78 Jahre,Oberpullendorf <108>,16
78 Jahre,Oberwart <109>,25
78 Jahre,Klagenfurt (Stadt) <201>,29
78 Jahre,Villach (Stadt) <202>,21
78 Jahre,Feldkirchen <210>,3
78 Jahre,Hermagor <203>,5
78 Jahre,Klagenfurt Land <204>,18
78 Jahre,Sankt Veit an der Glan <205>,13
78 Jahre,Spittal an der Drau <206>,13
78 Jahre,Villach Land <207>,17
78 Jahre,Völkermarkt <208>,7
78 Jahre,Wolfsberg <209>,4
78 Jahre,Krems an der Donau (Stadt) <301>,6
78 Jahre,Sankt Pölten (Stadt) <302>,15
78 Jahre,Waidhofen an der Ybbs (Stadt) <303>,1
78 Jahre,Wiener Neustadt (Stadt) <304>,12
78 Jahre,Amstetten <305>,13
78 Jahre,Baden <306>,29
78 Jahre,Bruck an der Leitha <307>,25
78 Jahre,Gänserndorf <308>,17
78 Jahre,Gmünd <309>,5
78 Jahre,Hollabrunn <310>,8
78 Jahre,Horn <311>,8
78 Jahre,Korneuburg <312>,19
78 Jahre,Krems Land <313>,7
78 Jahre,Lilienfeld <314>,2
78 Jahre,Melk <315>,10
78 Jahre,Mistelbach <316>,20
78 Jahre,Mödling <317>,26
78 Jahre,Neunkirchen <318>,22
78 Jahre,Sankt Pölten Land <319>,15
78 Jahre,Scheibbs <320>,3
78 Jahre,Tulln <321>,33
78 Jahre,Waidhofen an der Thaya <322>,7
78 Jahre,Wiener Neustadt Land <323>,16
78 Jahre,Wien Umgebung ^<324>,-
78 Jahre,Zwettl <325>,7
78 Jahre,Stadt Linz <401>,47
78 Jahre,Stadt Steyr <402>,8
78 Jahre,Stadt Wels <403>,15
78 Jahre,Braunau <404>,18
78 Jahre,Eferding <405>,4
78 Jahre,Freistadt <406>,7
78 Jahre,Gmunden <407>,17
78 Jahre,Grieskirchen <408>,5
78 Jahre,Kirchdorf <409>,12
78 Jahre,Linz Land <410>,27
78 Jahre,Perg <411>,14
78 Jahre,Ried <412>,12
78 Jahre,Rohrbach <413>,4
78 Jahre,Schärding <414>,12
78 Jahre,Steyr Land <415>,9
78 Jahre,Urfahr Umgebung <416>,11
78 Jahre,Vöcklabruck <417>,28
78 Jahre,Wels Land <418>,6
78 Jahre,Salzburg (Stadt) <501>,38
78 Jahre,Hallein <502>,5
78 Jahre,Salzburg Umgebung <503>,28
78 Jahre,St. Johann im Pongau <504>,20
78 Jahre,Tamsweg <505>,5
78 Jahre,Zell am See <506>,5
78 Jahre,Graz (Stadt) <601>,54
78 Jahre,Bruck an der Mur ^<602>,-
78 Jahre,Bruck-Mürzzuschlag <621>,32
78 Jahre,Deutschlandsberg <603>,25
78 Jahre,Feldbach ^<604>,-
78 Jahre,Fürstenfeld ^<605>,-
78 Jahre,Graz Umgebung <606>,38
78 Jahre,Hartberg ^<607>,-
78 Jahre,Hartberg-Fürstenfeld <622>,19
78 Jahre,Judenburg ^<608>,-
78 Jahre,Knittelfeld ^<609>,-
78 Jahre,Leibnitz <610>,34
78 Jahre,Leoben <611>,25
78 Jahre,Liezen <612>,25
78 Jahre,Murtal <620>,24
78 Jahre,Mürzzuschlag ^<613>,-
78 Jahre,Murau <614>,6
78 Jahre,Radkersburg ^<615>,-
78 Jahre,Südoststeiermark <623>,17
78 Jahre,Voitsberg <616>,7
78 Jahre,Weiz <617>,20
79 Jahre,Eisenstadt (Stadt) <101>,6
79 Jahre,Rust (Stadt) <102>,3
79 Jahre,Eisenstadt Umgebung <103>,10
79 Jahre,Güssing <104>,5
79 Jahre,Jennersdorf <105>,1
79 Jahre,Mattersburg <106>,4
79 Jahre,Neusiedl am See <107>,10
79 Jahre,Oberpullendorf <108>,7
79 Jahre,Oberwart <109>,19
79 Jahre,Klagenfurt (Stadt) <201>,22
79 Jahre,Villach (Stadt) <202>,20
79 Jahre,Feldkirchen <210>,4
79 Jahre,Hermagor <203>,-
79 Jahre,Klagenfurt Land <204>,8
79 Jahre,Sankt Veit an der Glan <205>,14
79 Jahre,Spittal an der Drau <206>,13
79 Jahre,Villach Land <207>,15
79 Jahre,Völkermarkt <208>,4
79 Jahre,Wolfsberg <209>,13
79 Jahre,Krems an der Donau (Stadt) <301>,5
79 Jahre,Sankt Pölten (Stadt) <302>,18
79 Jahre,Waidhofen an der Ybbs (Stadt) <303>,2
79 Jahre,Wiener Neustadt (Stadt) <304>,10
79 Jahre,Amstetten <305>,10
79 Jahre,Baden <306>,21
79 Jahre,Bruck an der Leitha <307>,15
79 Jahre,Gänserndorf <308>,16
79 Jahre,Gmünd <309>,7
79 Jahre,Hollabrunn <310>,7
79 Jahre,Horn <311>,9
79 Jahre,Korneuburg <312>,12
79 Jahre,Krems Land <313>,7
79 Jahre,Lilienfeld <314>,4
79 Jahre,Melk <315>,10
79 Jahre,Mistelbach <316>,16
79 Jahre,Mödling <317>,29
79 Jahre,Neunkirchen <318>,9
79 Jahre,Sankt Pölten Land <319>,22
79 Jahre,Scheibbs <320>,1
79 Jahre,Tulln <321>,28
79 Jahre,Waidhofen an der Thaya <322>,4
79 Jahre,Wiener Neustadt Land <323>,9
79 Jahre,Wien Umgebung ^<324>,-
79 Jahre,Zwettl <325>,5
79 Jahre,Stadt Linz <401>,41
79 Jahre,Stadt Steyr <402>,5
79 Jahre,Stadt Wels <403>,7
79 Jahre,Braunau <404>,18
79 Jahre,Eferding <405>,4
79 Jahre,Freistadt <406>,8
79 Jahre,Gmunden <407>,22
79 Jahre,Grieskirchen <408>,6
79 Jahre,Kirchdorf <409>,3
79 Jahre,Linz Land <410>,26
79 Jahre,Perg <411>,9
79 Jahre,Ried <412>,6
79 Jahre,Rohrbach <413>,3
79 Jahre,Schärding <414>,8
79 Jahre,Steyr Land <415>,7
79 Jahre,Urfahr Umgebung <416>,8
79 Jahre,Vöcklabruck <417>,17
79 Jahre,Wels Land <418>,14
79 Jahre,Salzburg (Stadt) <501>,14
79 Jahre,Hallein <502>,2
79 Jahre,Salzburg Umgebung <503>,20
79 Jahre,St. Johann im Pongau <504>,10
79 Jahre,Tamsweg <505>,2
79 Jahre,Zell am See <506>,11
79 Jahre,Graz (Stadt) <601>,32
79 Jahre,Bruck an der Mur ^<602>,-
79 Jahre,Bruck-Mürzzuschlag <621>,14
79 Jahre,Deutschlandsberg <603>,12
79 Jahre,Feldbach ^<604>,-
79 Jahre,Fürstenfeld ^<605>,-
79 Jahre,Graz Umgebung <606>,31
79 Jahre,Hartberg ^<607>,-
79 Jahre,Hartberg-Fürstenfeld <622>,21
79 Jahre,Judenburg ^<608>,-
79 Jahre,Knittelfeld ^<609>,-
79 Jahre,Leibnitz <610>,18
79 Jahre,Leoben <611>,18
79 Jahre,Liezen <612>,12
79 Jahre,Murtal <620>,15
79 Jahre,Mürzzuschlag ^<613>,-
79 Jahre,Murau <614>,6
79 Jahre,Radkersburg ^<615>,-
79 Jahre,Südoststeiermark <623>,18
79 Jahre,Voitsberg <616>,3
79 Jahre,Weiz <617>,12
80 Jahre,Eisenstadt (Stadt) <101>,5
80 Jahre,Rust (Stadt) <102>,-
80 Jahre,Eisenstadt Umgebung <103>,3
80 Jahre,Güssing <104>,7
80 Jahre,Jennersdorf <105>,2
80 Jahre,Mattersburg <106>,3
80 Jahre,Neusiedl am See <107>,8
80 Jahre,Oberpullendorf <108>,10
80 Jahre,Oberwart <109>,18
80 Jahre,Klagenfurt (Stadt) <201>,18
80 Jahre,Villach (Stadt) <202>,17
80 Jahre,Feldkirchen <210>,6
80 Jahre,Hermagor <203>,6
80 Jahre,Klagenfurt Land <204>,12
80 Jahre,Sankt Veit an der Glan <205>,13
80 Jahre,Spittal an der Drau <206>,13
80 Jahre,Villach Land <207>,11
80 Jahre,Völkermarkt <208>,7
80 Jahre,Wolfsberg <209>,7
80 Jahre,Krems an der Donau (Stadt) <301>,12
80 Jahre,Sankt Pölten (Stadt) <302>,20
80 Jahre,Waidhofen an der Ybbs (Stadt) <303>,1
80 Jahre,Wiener Neustadt (Stadt) <304>,21
80 Jahre,Amstetten <305>,12
80 Jahre,Baden <306>,28
80 Jahre,Bruck an der Leitha <307>,25
80 Jahre,Gänserndorf <308>,9
80 Jahre,Gmünd <309>,8
80 Jahre,Hollabrunn <310>,5
80 Jahre,Horn <311>,10
80 Jahre,Korneuburg <312>,15
80 Jahre,Krems Land <313>,9
80 Jahre,Lilienfeld <314>,4
80 Jahre,Melk <315>,19
80 Jahre,Mistelbach <316>,19
80 Jahre,Mödling <317>,26
80 Jahre,Neunkirchen <318>,18
80 Jahre,Sankt Pölten Land <319>,25
80 Jahre,Scheibbs <320>,3
80 Jahre,Tulln <321>,21
80 Jahre,Waidhofen an der Thaya <322>,6
80 Jahre,Wiener Neustadt Land <323>,10
80 Jahre,Wien Umgebung ^<324>,-
80 Jahre,Zwettl <325>,3
80 Jahre,Stadt Linz <401>,27
80 Jahre,Stadt Steyr <402>,6
80 Jahre,Stadt Wels <403>,9
80 Jahre,Braunau <404>,10
80 Jahre,Eferding <405>,6
80 Jahre,Freistadt <406>,4
80 Jahre,Gmunden <407>,12
80 Jahre,Grieskirchen <408>,9
80 Jahre,Kirchdorf <409>,9
80 Jahre,Linz Land <410>,15
80 Jahre,Perg <411>,11
80 Jahre,Ried <412>,8
80 Jahre,Rohrbach <413>,8
80 Jahre,Schärding <414>,8
80 Jahre,Steyr Land <415>,13
80 Jahre,Urfahr Umgebung <416>,9
80 Jahre,Vöcklabruck <417>,20
80 Jahre,Wels Land <418>,9
80 Jahre,Salzburg (Stadt) <501>,25
80 Jahre,Hallein <502>,5
80 Jahre,Salzburg Umgebung <503>,23
80 Jahre,St. Johann im Pongau <504>,14
80 Jahre,Tamsweg <505>,3
80 Jahre,Zell am See <506>,16
80 Jahre,Graz (Stadt) <601>,57
80 Jahre,Bruck an der Mur ^<602>,-
80 Jahre,Bruck-Mürzzuschlag <621>,23
80 Jahre,Deutschlandsberg <603>,16
80 Jahre,Feldbach ^<604>,-
80 Jahre,Fürstenfeld ^<605>,-
80 Jahre,Graz Umgebung <606>,36
80 Jahre,Hartberg ^<607>,-
80 Jahre,Hartberg-Fürstenfeld <622>,19
80 Jahre,Judenburg ^<608>,-
80 Jahre,Knittelfeld ^<609>,-
80 Jahre,Leibnitz <610>,18
80 Jahre,Leoben <611>,30
80 Jahre,Liezen <612>,17
80 Jahre,Murtal <620>,32
80 Jahre,Mürzzuschlag ^<613>,-
80 Jahre,Murau <614>,8
80 Jahre,Radkersburg ^<615>,-
80 Jahre,Südoststeiermark <623>,18
80 Jahre,Voitsberg <616>,8
80 Jahre,Weiz <617>,22
81 Jahre,Eisenstadt (Stadt) <101>,3
81 Jahre,Rust (Stadt) <102>,3
81 Jahre,Eisenstadt Umgebung <103>,6
81 Jahre,Güssing <104>,5
81 Jahre,Jennersdorf <105>,8
81 Jahre,Mattersburg <106>,6
81 Jahre,Neusiedl am See <107>,7
81 Jahre,Oberpullendorf <108>,6
81 Jahre,Oberwart <109>,11
81 Jahre,Klagenfurt (Stadt) <201>,32
81 Jahre,Villach (Stadt) <202>,15
81 Jahre,Feldkirchen <210>,11
81 Jahre,Hermagor <203>,2
81 Jahre,Klagenfurt Land <204>,6
81 Jahre,Sankt Veit an der Glan <205>,14
81 Jahre,Spittal an der Drau <206>,14
81 Jahre,Villach Land <207>,14
81 Jahre,Völkermarkt <208>,3
81 Jahre,Wolfsberg <209>,11
81 Jahre,Krems an der Donau (Stadt) <301>,5
81 Jahre,Sankt Pölten (Stadt) <302>,16
81 Jahre,Waidhofen an der Ybbs (Stadt) <303>,1
81 Jahre,Wiener Neustadt (Stadt) <304>,22
81 Jahre,Amstetten <305>,16
81 Jahre,Baden <306>,33
81 Jahre,Bruck an der Leitha <307>,24
81 Jahre,Gänserndorf <308>,14
81 Jahre,Gmünd <309>,5
81 Jahre,Hollabrunn <310>,4
81 Jahre,Horn <311>,11
81 Jahre,Korneuburg <312>,20
81 Jahre,Krems Land <313>,9
81 Jahre,Lilienfeld <314>,7
81 Jahre,Melk <315>,14
81 Jahre,Mistelbach <316>,26
81 Jahre,Mödling <317>,27
81 Jahre,Neunkirchen <318>,15
81 Jahre,Sankt Pölten Land <319>,32
81 Jahre,Scheibbs <320>,8
81 Jahre,Tulln <321>,25
81 Jahre,Waidhofen an der Thaya <322>,6
81 Jahre,Wiener Neustadt Land <323>,9
81 Jahre,Wien Umgebung ^<324>,-
81 Jahre,Zwettl <325>,6
81 Jahre,Stadt Linz <401>,46
81 Jahre,Stadt Steyr <402>,8
81 Jahre,Stadt Wels <403>,23
81 Jahre,Braunau <404>,17
81 Jahre,Eferding <405>,3
81 Jahre,Freistadt <406>,9
81 Jahre,Gmunden <407>,30
81 Jahre,Grieskirchen <408>,17
81 Jahre,Kirchdorf <409>,14
81 Jahre,Linz Land <410>,39
81 Jahre,Perg <411>,13
81 Jahre,Ried <412>,12
81 Jahre,Rohrbach <413>,11
81 Jahre,Schärding <414>,10
81 Jahre,Steyr Land <415>,12
81 Jahre,Urfahr Umgebung <416>,12
81 Jahre,Vöcklabruck <417>,26
81 Jahre,Wels Land <418>,13
81 Jahre,Salzburg (Stadt) <501>,28
81 Jahre,Hallein <502>,10
81 Jahre,Salzburg Umgebung <503>,32
81 Jahre,St. Johann im Pongau <504>,21
81 Jahre,Tamsweg <505>,9
81 Jahre,Zell am See <506>,17
81 Jahre,Graz (Stadt) <601>,47
81 Jahre,Bruck an der Mur ^<602>,-
81 Jahre,Bruck-Mürzzuschlag <621>,34
81 Jahre,Deutschlandsberg <603>,28
81 Jahre,Feldbach ^<604>,-
81 Jahre,Fürstenfeld ^<605>,-
81 Jahre,Graz Umgebung <606>,46
81 Jahre,Hartberg ^<607>,-
81 Jahre,Hartberg-Fürstenfeld <622>,21
81 Jahre,Judenburg ^<608>,-
81 Jahre,Knittelfeld ^<609>,-
81 Jahre,Leibnitz <610>,33
81 Jahre,Leoben <611>,26
81 Jahre,Liezen <612>,26
81 Jahre,Murtal <620>,36
81 Jahre,Mürzzuschlag ^<613>,-
81 Jahre,Murau <614>,6
81 Jahre,Radkersburg ^<615>,-
81 Jahre,Südoststeiermark <623>,25
81 Jahre,Voitsberg <616>,16
81 Jahre,Weiz <617>,14
82 Jahre,Eisenstadt (Stadt) <101>,7
82 Jahre,Rust (Stadt) <102>,2
82 Jahre,Eisenstadt Umgebung <103>,5
82 Jahre,Güssing <104>,12
82 Jahre,Jennersdorf <105>,2
82 Jahre,Mattersburg <106>,8
82 Jahre,Neusiedl am See <107>,15
82 Jahre,Oberpullendorf <108>,7
82 Jahre,Oberwart <109>,8
82 Jahre,Klagenfurt (Stadt) <201>,18
82 Jahre,Villach (Stadt) <202>,15
82 Jahre,Feldkirchen <210>,6
82 Jahre,Hermagor <203>,-
82 Jahre,Klagenfurt Land <204>,9
82 Jahre,Sankt Veit an der Glan <205>,15
82 Jahre,Spittal an der Drau <206>,12
82 Jahre,Villach Land <207>,12
82 Jahre,Völkermarkt <208>,9
82 Jahre,Wolfsberg <209>,11
82 Jahre,Krems an der Donau (Stadt) <301>,11
82 Jahre,Sankt Pölten (Stadt) <302>,16
82 Jahre,Waidhofen an der Ybbs (Stadt) <303>,6
82 Jahre,Wiener Neustadt (Stadt) <304>,13
82 Jahre,Amstetten <305>,17
82 Jahre,Baden <306>,32
82 Jahre,Bruck an der Leitha <307>,23
82 Jahre,Gänserndorf <308>,15
82 Jahre,Gmünd <309>,12
82 Jahre,Hollabrunn <310>,7
82 Jahre,Horn <311>,8
82 Jahre,Korneuburg <312>,7
82 Jahre,Krems Land <313>,9
82 Jahre,Lilienfeld <314>,9
82 Jahre,Melk <315>,18
82 Jahre,Mistelbach <316>,18
82 Jahre,Mödling <317>,32
82 Jahre,Neunkirchen <318>,16
82 Jahre,Sankt Pölten Land <319>,23
82 Jahre,Scheibbs <320>,4
82 Jahre,Tulln <321>,28
82 Jahre,Waidhofen an der Thaya <322>,5
82 Jahre,Wiener Neustadt Land <323>,17
82 Jahre,Wien Umgebung ^<324>,-
82 Jahre,Zwettl <325>,3
82 Jahre,Stadt Linz <401>,55
82 Jahre,Stadt Steyr <402>,8
82 Jahre,Stadt Wels <403>,10
82 Jahre,Braunau <404>,12
82 Jahre,Eferding <405>,2
82 Jahre,Freistadt <406>,9
82 Jahre,Gmunden <407>,23
82 Jahre,Grieskirchen <408>,5
82 Jahre,Kirchdorf <409>,16
82 Jahre,Linz Land <410>,25
82 Jahre,Perg <411>,13
82 Jahre,Ried <412>,7
82 Jahre,Rohrbach <413>,9
82 Jahre,Schärding <414>,8
82 Jahre,Steyr Land <415>,12
82 Jahre,Urfahr Umgebung <416>,14
82 Jahre,Vöcklabruck <417>,23
82 Jahre,Wels Land <418>,10
82 Jahre,Salzburg (Stadt) <501>,19
82 Jahre,Hallein <502>,6
82 Jahre,Salzburg Umgebung <503>,32
82 Jahre,St. Johann im Pongau <504>,17
82 Jahre,Tamsweg <505>,8
82 Jahre,Zell am See <506>,20
82 Jahre,Graz (Stadt) <601>,55
82 Jahre,Bruck an der Mur ^<602>,-
82 Jahre,Bruck-Mürzzuschlag <621>,19
82 Jahre,Deutschlandsberg <603>,21
82 Jahre,Feldbach ^<604>,-
82 Jahre,Fürstenfeld ^<605>,-
82 Jahre,Graz Umgebung <606>,41
82 Jahre,Hartberg ^<607>,-
82 Jahre,Hartberg-Fürstenfeld <622>,20
82 Jahre,Judenburg ^<608>,-
82 Jahre,Knittelfeld ^<609>,-
82 Jahre,Leibnitz <610>,24
82 Jahre,Leoben <611>,25
82 Jahre,Liezen <612>,26
82 Jahre,Murtal <620>,38
82 Jahre,Mürzzuschlag ^<613>,-
82 Jahre,Murau <614>,16
82 Jahre,Radkersburg ^<615>,-
82 Jahre,Südoststeiermark <623>,18
82 Jahre,Voitsberg <616>,17
82 Jahre,Weiz <617>,23
83 Jahre,Eisenstadt (Stadt) <101>,6
83 Jahre,Rust (Stadt) <102>,2
83 Jahre,Eisenstadt Umgebung <103>,5
83 Jahre,Güssing <104>,7
83 Jahre,Jennersdorf <105>,4
83 Jahre,Mattersburg <106>,3
83 Jahre,Neusiedl am See <107>,11
83 Jahre,Oberpullendorf <108>,11
83 Jahre,Oberwart <109>,15
83 Jahre,Klagenfurt (Stadt) <201>,31
83 Jahre,Villach (Stadt) <202>,12
83 Jahre,Feldkirchen <210>,5
83 Jahre,Hermagor <203>,5
83 Jahre,Klagenfurt Land <204>,11
83 Jahre,Sankt Veit an der Glan <205>,19
83 Jahre,Spittal an der Drau <206>,16
83 Jahre,Villach Land <207>,28
83 Jahre,Völkermarkt <208>,13
83 Jahre,Wolfsberg <209>,20
83 Jahre,Krems an der Donau (Stadt) <301>,7
83 Jahre,Sankt Pölten (Stadt) <302>,16
83 Jahre,Waidhofen an der Ybbs (Stadt) <303>,2
83 Jahre,Wiener Neustadt (Stadt) <304>,18
83 Jahre,Amstetten <305>,15
83 Jahre,Baden <306>,42
83 Jahre,Bruck an der Leitha <307>,24
83 Jahre,Gänserndorf <308>,12
83 Jahre,Gmünd <309>,12
83 Jahre,Hollabrunn <310>,8
83 Jahre,Horn <311>,9
83 Jahre,Korneuburg <312>,18
83 Jahre,Krems Land <313>,14
83 Jahre,Lilienfeld <314>,5
83 Jahre,Melk <315>,14
83 Jahre,Mistelbach <316>,24
83 Jahre,Mödling <317>,33
83 Jahre,Neunkirchen <318>,23
83 Jahre,Sankt Pölten Land <319>,37
83 Jahre,Scheibbs <320>,2
83 Jahre,Tulln <321>,37
83 Jahre,Waidhofen an der Thaya <322>,9
83 Jahre,Wiener Neustadt Land <323>,9
83 Jahre,Wien Umgebung ^<324>,-
83 Jahre,Zwettl <325>,4
83 Jahre,Stadt Linz <401>,47
83 Jahre,Stadt Steyr <402>,8
83 Jahre,Stadt Wels <403>,14
83 Jahre,Braunau <404>,22
83 Jahre,Eferding <405>,10
83 Jahre,Freistadt <406>,13
83 Jahre,Gmunden <407>,35
83 Jahre,Grieskirchen <408>,20
83 Jahre,Kirchdorf <409>,11
83 Jahre,Linz Land <410>,38
83 Jahre,Perg <411>,17
83 Jahre,Ried <412>,11
83 Jahre,Rohrbach <413>,17
83 Jahre,Schärding <414>,17
83 Jahre,Steyr Land <415>,18
83 Jahre,Urfahr Umgebung <416>,21
83 Jahre,Vöcklabruck <417>,24
83 Jahre,Wels Land <418>,20
83 Jahre,Salzburg (Stadt) <501>,35
83 Jahre,Hallein <502>,17
83 Jahre,Salzburg Umgebung <503>,37
83 Jahre,St. Johann im Pongau <504>,25
83 Jahre,Tamsweg <505>,7
83 Jahre,Zell am See <506>,19
83 Jahre,Graz (Stadt) <601>,65
83 Jahre,Bruck an der Mur ^<602>,-
83 Jahre,Bruck-Mürzzuschlag <621>,45
83 Jahre,Deutschlandsberg <603>,23
83 Jahre,Feldbach ^<604>,-
83 Jahre,Fürstenfeld ^<605>,-
83 Jahre,Graz Umgebung <606>,48
83 Jahre,Hartberg ^<607>,-
83 Jahre,Hartberg-Fürstenfeld <622>,25
83 Jahre,Judenburg ^<608>,-
83 Jahre,Knittelfeld ^<609>,-
83 Jahre,Leibnitz <610>,26
83 Jahre,Leoben <611>,27
83 Jahre,Liezen <612>,26
83 Jahre,Murtal <620>,50
83 Jahre,Mürzzuschlag ^<613>,-
83 Jahre,Murau <614>,14
83 Jahre,Radkersburg ^<615>,-
83 Jahre,Südoststeiermark <623>,23
83 Jahre,Voitsberg <616>,21
83 Jahre,Weiz <617>,14
84 Jahre,Eisenstadt (Stadt) <101>,7
84 Jahre,Rust (Stadt) <102>,1
84 Jahre,Eisenstadt Umgebung <103>,7
84 Jahre,Güssing <104>,10
84 Jahre,Jennersdorf <105>,4
84 Jahre,Mattersburg <106>,13
84 Jahre,Neusiedl am See <107>,11
84 Jahre,Oberpullendorf <108>,17
84 Jahre,Oberwart <109>,16
84 Jahre,Klagenfurt (Stadt) <201>,30
84 Jahre,Villach (Stadt) <202>,24
84 Jahre,Feldkirchen <210>,5
84 Jahre,Hermagor <203>,9
84 Jahre,Klagenfurt Land <204>,19
84 Jahre,Sankt Veit an der Glan <205>,14
84 Jahre,Spittal an der Drau <206>,17
84 Jahre,Villach Land <207>,20
84 Jahre,Völkermarkt <208>,13
84 Jahre,Wolfsberg <209>,20
84 Jahre,Krems an der Donau (Stadt) <301>,10
84 Jahre,Sankt Pölten (Stadt) <302>,17
84 Jahre,Waidhofen an der Ybbs (Stadt) <303>,3
84 Jahre,Wiener Neustadt (Stadt) <304>,16
84 Jahre,Amstetten <305>,19
84 Jahre,Baden <306>,32
84 Jahre,Bruck an der Leitha <307>,26
84 Jahre,Gänserndorf <308>,15
84 Jahre,Gmünd <309>,8
84 Jahre,Hollabrunn <310>,6
84 Jahre,Horn <311>,12
84 Jahre,Korneuburg <312>,12
84 Jahre,Krems Land <313>,9
84 Jahre,Lilienfeld <314>,14
84 Jahre,Melk <315>,23
84 Jahre,Mistelbach <316>,35
84 Jahre,Mödling <317>,28
84 Jahre,Neunkirchen <318>,22
84 Jahre,Sankt Pölten Land <319>,42
84 Jahre,Scheibbs <320>,4
84 Jahre,Tulln <321>,32
84 Jahre,Waidhofen an der Thaya <322>,8
84 Jahre,Wiener Neustadt Land <323>,17
84 Jahre,Wien Umgebung ^<324>,-
84 Jahre,Zwettl <325>,6
84 Jahre,Stadt Linz <401>,58
84 Jahre,Stadt Steyr <402>,7
84 Jahre,Stadt Wels <403>,17
84 Jahre,Braunau <404>,16
84 Jahre,Eferding <405>,2
84 Jahre,Freistadt <406>,17
84 Jahre,Gmunden <407>,33
84 Jahre,Grieskirchen <408>,27
84 Jahre,Kirchdorf <409>,9
84 Jahre,Linz Land <410>,36
84 Jahre,Perg <411>,21
84 Jahre,Ried <412>,24
84 Jahre,Rohrbach <413>,19
84 Jahre,Schärding <414>,19
84 Jahre,Steyr Land <415>,7
84 Jahre,Urfahr Umgebung <416>,23
84 Jahre,Vöcklabruck <417>,26
84 Jahre,Wels Land <418>,13
84 Jahre,Salzburg (Stadt) <501>,30
84 Jahre,Hallein <502>,13
84 Jahre,Salzburg Umgebung <503>,39
84 Jahre,St. Johann im Pongau <504>,24
84 Jahre,Tamsweg <505>,7
84 Jahre,Zell am See <506>,27
84 Jahre,Graz (Stadt) <601>,74
84 Jahre,Bruck an der Mur ^<602>,-
84 Jahre,Bruck-Mürzzuschlag <621>,40
84 Jahre,Deutschlandsberg <603>,29
84 Jahre,Feldbach ^<604>,-
84 Jahre,Fürstenfeld ^<605>,-
84 Jahre,Graz Umgebung <606>,75
84 Jahre,Hartberg ^<607>,-
84 Jahre,Hartberg-Fürstenfeld <622>,33
84 Jahre,Judenburg ^<608>,-
84 Jahre,Knittelfeld ^<609>,-
84 Jahre,Leibnitz <610>,29
84 Jahre,Leoben <611>,28
84 Jahre,Liezen <612>,31
84 Jahre,Murtal <620>,48
84 Jahre,Mürzzuschlag ^<613>,-
84 Jahre,Murau <614>,10
84 Jahre,Radkersburg ^<615>,-
84 Jahre,Südoststeiermark <623>,40
84 Jahre,Voitsberg <616>,23
84 Jahre,Weiz <617>,24
85 Jahre,Eisenstadt (Stadt) <101>,6
85 Jahre,Rust (Stadt) <102>,6
85 Jahre,Eisenstadt Umgebung <103>,6
85 Jahre,Güssing <104>,23
85 Jahre,Jennersdorf <105>,10
85 Jahre,Mattersburg <106>,6
85 Jahre,Neusiedl am See <107>,14
85 Jahre,Oberpullendorf <108>,15
85 Jahre,Oberwart <109>,24
85 Jahre,Klagenfurt (Stadt) <201>,35
85 Jahre,Villach (Stadt) <202>,22
85 Jahre,Feldkirchen <210>,8
85 Jahre,Hermagor <203>,9
85 Jahre,Klagenfurt Land <204>,15
85 Jahre,Sankt Veit an der Glan <205>,22
85 Jahre,Spittal an der Drau <206>,22
85 Jahre,Villach Land <207>,25
85 Jahre,Völkermarkt <208>,9
85 Jahre,Wolfsberg <209>,23
85 Jahre,Krems an der Donau (Stadt) <301>,12
85 Jahre,Sankt Pölten (Stadt) <302>,20
85 Jahre,Waidhofen an der Ybbs (Stadt) <303>,4
85 Jahre,Wiener Neustadt (Stadt) <304>,19
85 Jahre,Amstetten <305>,27
85 Jahre,Baden <306>,43
85 Jahre,Bruck an der Leitha <307>,28
85 Jahre,Gänserndorf <308>,27
85 Jahre,Gmünd <309>,13
85 Jahre,Hollabrunn <310>,9
85 Jahre,Horn <311>,13
85 Jahre,Korneuburg <312>,20
85 Jahre,Krems Land <313>,13
85 Jahre,Lilienfeld <314>,9
85 Jahre,Melk <315>,34
85 Jahre,Mistelbach <316>,24
85 Jahre,Mödling <317>,47
85 Jahre,Neunkirchen <318>,25
85 Jahre,Sankt Pölten Land <319>,47
85 Jahre,Scheibbs <320>,8
85 Jahre,Tulln <321>,32
85 Jahre,Waidhofen an der Thaya <322>,10
85 Jahre,Wiener Neustadt Land <323>,27
85 Jahre,Wien Umgebung ^<324>,-
85 Jahre,Zwettl <325>,8
85 Jahre,Stadt Linz <401>,45
85 Jahre,Stadt Steyr <402>,10
85 Jahre,Stadt Wels <403>,21
85 Jahre,Braunau <404>,21
85 Jahre,Eferding <405>,14
85 Jahre,Freistadt <406>,14
85 Jahre,Gmunden <407>,23
85 Jahre,Grieskirchen <408>,16
85 Jahre,Kirchdorf <409>,17
85 Jahre,Linz Land <410>,39
85 Jahre,Perg <411>,15
85 Jahre,Ried <412>,13
85 Jahre,Rohrbach <413>,13
85 Jahre,Schärding <414>,18
85 Jahre,Steyr Land <415>,17
85 Jahre,Urfahr Umgebung <416>,23
85 Jahre,Vöcklabruck <417>,38
85 Jahre,Wels Land <418>,25
85 Jahre,Salzburg (Stadt) <501>,31
85 Jahre,Hallein <502>,18
85 Jahre,Salzburg Umgebung <503>,57
85 Jahre,St. Johann im Pongau <504>,30
85 Jahre,Tamsweg <505>,8
85 Jahre,Zell am See <506>,24
85 Jahre,Graz (Stadt) <601>,69
85 Jahre,Bruck an der Mur ^<602>,-
85 Jahre,Bruck-Mürzzuschlag <621>,42
85 Jahre,Deutschlandsberg <603>,38
85 Jahre,Feldbach ^<604>,-
85 Jahre,Fürstenfeld ^<605>,-
85 Jahre,Graz Umgebung <606>,77
85 Jahre,Hartberg ^<607>,-
85 Jahre,Hartberg-Fürstenfeld <622>,30
85 Jahre,Judenburg ^<608>,-
85 Jahre,Knittelfeld ^<609>,-
85 Jahre,Leibnitz <610>,31
85 Jahre,Leoben <611>,48
85 Jahre,Liezen <612>,27
85 Jahre,Murtal <620>,58
85 Jahre,Mürzzuschlag ^<613>,-
85 Jahre,Murau <614>,16
85 Jahre,Radkersburg ^<615>,-
85 Jahre,Südoststeiermark <623>,30
85 Jahre,Voitsberg <616>,25
85 Jahre,Weiz <617>,40
86 Jahre,Eisenstadt (Stadt) <101>,4
86 Jahre,Rust (Stadt) <102>,4
86 Jahre,Eisenstadt Umgebung <103>,7
86 Jahre,Güssing <104>,9
86 Jahre,Jennersdorf <105>,3
86 Jahre,Mattersburg <106>,10
86 Jahre,Neusiedl am See <107>,9
86 Jahre,Oberpullendorf <108>,15
86 Jahre,Oberwart <109>,21
86 Jahre,Klagenfurt (Stadt) <201>,25
86 Jahre,Villach (Stadt) <202>,17
86 Jahre,Feldkirchen <210>,5
86 Jahre,Hermagor <203>,5
86 Jahre,Klagenfurt Land <204>,15
86 Jahre,Sankt Veit an der Glan <205>,20
86 Jahre,Spittal an der Drau <206>,21
86 Jahre,Villach Land <207>,23
86 Jahre,Völkermarkt <208>,6
86 Jahre,Wolfsberg <209>,26
86 Jahre,Krems an der Donau (Stadt) <301>,11
86 Jahre,Sankt Pölten (Stadt) <302>,12
86 Jahre,Waidhofen an der Ybbs (Stadt) <303>,1
86 Jahre,Wiener Neustadt (Stadt) <304>,23
86 Jahre,Amstetten <305>,17
86 Jahre,Baden <306>,43
86 Jahre,Bruck an der Leitha <307>,27
86 Jahre,Gänserndorf <308>,19
86 Jahre,Gmünd <309>,17
86 Jahre,Hollabrunn <310>,7
86 Jahre,Horn <311>,12
86 Jahre,Korneuburg <312>,13
86 Jahre,Krems Land <313>,8
86 Jahre,Lilienfeld <314>,11
86 Jahre,Melk <315>,15
86 Jahre,Mistelbach <316>,19
86 Jahre,Mödling <317>,35
86 Jahre,Neunkirchen <318>,22
86 Jahre,Sankt Pölten Land <319>,34
86 Jahre,Scheibbs <320>,4
86 Jahre,Tulln <321>,30
86 Jahre,Waidhofen an der Thaya <322>,8
86 Jahre,Wiener Neustadt Land <323>,18
86 Jahre,Wien Umgebung ^<324>,-
86 Jahre,Zwettl <325>,9
86 Jahre,Stadt Linz <401>,46
86 Jahre,Stadt Steyr <402>,10
86 Jahre,Stadt Wels <403>,13
86 Jahre,Braunau <404>,23
86 Jahre,Eferding <405>,3
86 Jahre,Freistadt <406>,11
86 Jahre,Gmunden <407>,31
86 Jahre,Grieskirchen <408>,23
86 Jahre,Kirchdorf <409>,21
86 Jahre,Linz Land <410>,33
86 Jahre,Perg <411>,18
86 Jahre,Ried <412>,18
86 Jahre,Rohrbach <413>,22
86 Jahre,Schärding <414>,20
86 Jahre,Steyr Land <415>,14
86 Jahre,Urfahr Umgebung <416>,19
86 Jahre,Vöcklabruck <417>,26
86 Jahre,Wels Land <418>,20
86 Jahre,Salzburg (Stadt) <501>,28
86 Jahre,Hallein <502>,11
86 Jahre,Salzburg Umgebung <503>,34
86 Jahre,St. Johann im Pongau <504>,32
86 Jahre,Tamsweg <505>,10
86 Jahre,Zell am See <506>,22
86 Jahre,Graz (Stadt) <601>,57
86 Jahre,Bruck an der Mur ^<602>,-
86 Jahre,Bruck-Mürzzuschlag <621>,36
86 Jahre,Deutschlandsberg <603>,34
86 Jahre,Feldbach ^<604>,-
86 Jahre,Fürstenfeld ^<605>,-
86 Jahre,Graz Umgebung <606>,61
86 Jahre,Hartberg ^<607>,-
86 Jahre,Hartberg-Fürstenfeld <622>,31
86 Jahre,Judenburg ^<608>,-
86 Jahre,Knittelfeld ^<609>,-
86 Jahre,Leibnitz <610>,33
86 Jahre,Leoben <611>,21
86 Jahre,Liezen <612>,23
86 Jahre,Murtal <620>,42
86 Jahre,Mürzzuschlag ^<613>,-
86 Jahre,Murau <614>,16
86 Jahre,Radkersburg ^<615>,-
86 Jahre,Südoststeiermark <623>,26
86 Jahre,Voitsberg <616>,29
86 Jahre,Weiz <617>,30
87 Jahre,Eisenstadt (Stadt) <101>,6
87 Jahre,Rust (Stadt) <102>,2
87 Jahre,Eisenstadt Umgebung <103>,4
87 Jahre,Güssing <104>,10
87 Jahre,Jennersdorf <105>,1
87 Jahre,Mattersburg <106>,8
87 Jahre,Neusiedl am See <107>,16
87 Jahre,Oberpullendorf <108>,13
87 Jahre,Oberwart <109>,22
87 Jahre,Klagenfurt (Stadt) <201>,17
87 Jahre,Villach (Stadt) <202>,20
87 Jahre,Feldkirchen <210>,11
87 Jahre,Hermagor <203>,6
87 Jahre,Klagenfurt Land <204>,15
87 Jahre,Sankt Veit an der Glan <205>,16
87 Jahre,Spittal an der Drau <206>,10
87 Jahre,Villach Land <207>,19
87 Jahre,Völkermarkt <208>,6
87 Jahre,Wolfsberg <209>,16
87 Jahre,Krems an der Donau (Stadt) <301>,4
87 Jahre,Sankt Pölten (Stadt) <302>,17
87 Jahre,Waidhofen an der Ybbs (Stadt) <303>,3
87 Jahre,Wiener Neustadt (Stadt) <304>,8
87 Jahre,Amstetten <305>,14
87 Jahre,Baden <306>,25
87 Jahre,Bruck an der Leitha <307>,15
87 Jahre,Gänserndorf <308>,12
87 Jahre,Gmünd <309>,4
87 Jahre,Hollabrunn <310>,6
87 Jahre,Horn <311>,7
87 Jahre,Korneuburg <312>,17
87 Jahre,Krems Land <313>,7
87 Jahre,Lilienfeld <314>,6
87 Jahre,Melk <315>,13
87 Jahre,Mistelbach <316>,24
87 Jahre,Mödling <317>,23
87 Jahre,Neunkirchen <318>,15
87 Jahre,Sankt Pölten Land <319>,17
87 Jahre,Scheibbs <320>,4
87 Jahre,Tulln <321>,22
87 Jahre,Waidhofen an der Thaya <322>,9
87 Jahre,Wiener Neustadt Land <323>,11
87 Jahre,Wien Umgebung ^<324>,-
87 Jahre,Zwettl <325>,3
87 Jahre,Stadt Linz <401>,29
87 Jahre,Stadt Steyr <402>,7
87 Jahre,Stadt Wels <403>,12
87 Jahre,Braunau <404>,13
87 Jahre,Eferding <405>,7
87 Jahre,Freistadt <406>,10
87 Jahre,Gmunden <407>,26
87 Jahre,Grieskirchen <408>,17
87 Jahre,Kirchdorf <409>,15
87 Jahre,Linz Land <410>,27
87 Jahre,Perg <411>,16
87 Jahre,Ried <412>,10
87 Jahre,Rohrbach <413>,12
87 Jahre,Schärding <414>,15
87 Jahre,Steyr Land <415>,7
87 Jahre,Urfahr Umgebung <416>,17
87 Jahre,Vöcklabruck <417>,20
87 Jahre,Wels Land <418>,10
87 Jahre,Salzburg (Stadt) <501>,28
87 Jahre,Hallein <502>,7
87 Jahre,Salzburg Umgebung <503>,33
87 Jahre,St. Johann im Pongau <504>,15
87 Jahre,Tamsweg <505>,4
87 Jahre,Zell am See <506>,20
87 Jahre,Graz (Stadt) <601>,46
87 Jahre,Bruck an der Mur ^<602>,-
87 Jahre,Bruck-Mürzzuschlag <621>,38
87 Jahre,Deutschlandsberg <603>,27
87 Jahre,Feldbach ^<604>,-
87 Jahre,Fürstenfeld ^<605>,-
87 Jahre,Graz Umgebung <606>,45
87 Jahre,Hartberg ^<607>,-
87 Jahre,Hartberg-Fürstenfeld <622>,14
87 Jahre,Judenburg ^<608>,-
87 Jahre,Knittelfeld ^<609>,-
87 Jahre,Leibnitz <610>,16
87 Jahre,Leoben <611>,23
87 Jahre,Liezen <612>,21
87 Jahre,Murtal <620>,27
87 Jahre,Mürzzuschlag ^<613>,-
87 Jahre,Murau <614>,14
87 Jahre,Radkersburg ^<615>,-
87 Jahre,Südoststeiermark <623>,24
87 Jahre,Voitsberg <616>,13
87 Jahre,Weiz <617>,26
88 Jahre,Eisenstadt (Stadt) <101>,6
88 Jahre,Rust (Stadt) <102>,-
88 Jahre,Eisenstadt Umgebung <103>,4
88 Jahre,Güssing <104>,10
88 Jahre,Jennersdorf <105>,5
88 Jahre,Mattersburg <106>,6
88 Jahre,Neusiedl am See <107>,7
88 Jahre,Oberpullendorf <108>,22
88 Jahre,Oberwart <109>,25
88 Jahre,Klagenfurt (Stadt) <201>,13
88 Jahre,Villach (Stadt) <202>,11
88 Jahre,Feldkirchen <210>,11
88 Jahre,Hermagor <203>,14
88 Jahre,Klagenfurt Land <204>,11
88 Jahre,Sankt Veit an der Glan <205>,13
88 Jahre,Spittal an der Drau <206>,15
88 Jahre,Villach Land <207>,20
88 Jahre,Völkermarkt <208>,6
88 Jahre,Wolfsberg <209>,11
88 Jahre,Krems an der Donau (Stadt) <301>,7
88 Jahre,Sankt Pölten (Stadt) <302>,9
88 Jahre,Waidhofen an der Ybbs (Stadt) <303>,2
88 Jahre,Wiener Neustadt (Stadt) <304>,13
88 Jahre,Amstetten <305>,20
88 Jahre,Baden <306>,23
88 Jahre,Bruck an der Leitha <307>,20
88 Jahre,Gänserndorf <308>,7
88 Jahre,Gmünd <309>,13
88 Jahre,Hollabrunn <310>,2
88 Jahre,Horn <311>,3
88 Jahre,Korneuburg <312>,14
88 Jahre,Krems Land <313>,8
88 Jahre,Lilienfeld <314>,6
88 Jahre,Melk <315>,19
88 Jahre,Mistelbach <316>,27
88 Jahre,Mödling <317>,17
88 Jahre,Neunkirchen <318>,16
88 Jahre,Sankt Pölten Land <319>,19
88 Jahre,Scheibbs <320>,-
88 Jahre,Tulln <321>,19
88 Jahre,Waidhofen an der Thaya <322>,3
88 Jahre,Wiener Neustadt Land <323>,10
88 Jahre,Wien Umgebung ^<324>,-
88 Jahre,Zwettl <325>,6
88 Jahre,Stadt Linz <401>,42
88 Jahre,Stadt Steyr <402>,4
88 Jahre,Stadt Wels <403>,17
88 Jahre,Braunau <404>,20
88 Jahre,Eferding <405>,5
88 Jahre,Freistadt <406>,12
88 Jahre,Gmunden <407>,19
88 Jahre,Grieskirchen <408>,13
88 Jahre,Kirchdorf <409>,6
88 Jahre,Linz Land <410>,23
88 Jahre,Perg <411>,19
88 Jahre,Ried <412>,10
88 Jahre,Rohrbach <413>,21
88 Jahre,Schärding <414>,18
88 Jahre,Steyr Land <415>,14
88 Jahre,Urfahr Umgebung <416>,13
88 Jahre,Vöcklabruck <417>,22
88 Jahre,Wels Land <418>,16
88 Jahre,Salzburg (Stadt) <501>,24
88 Jahre,Hallein <502>,12
88 Jahre,Salzburg Umgebung <503>,23
88 Jahre,St. Johann im Pongau <504>,23
88 Jahre,Tamsweg <505>,5
88 Jahre,Zell am See <506>,30
88 Jahre,Graz (Stadt) <601>,42
88 Jahre,Bruck an der Mur ^<602>,-
88 Jahre,Bruck-Mürzzuschlag <621>,32
88 Jahre,Deutschlandsberg <603>,23
88 Jahre,Feldbach ^<604>,-
88 Jahre,Fürstenfeld ^<605>,-
88 Jahre,Graz Umgebung <606>,59
88 Jahre,Hartberg ^<607>,-
88 Jahre,Hartberg-Fürstenfeld <622>,18
88 Jahre,Judenburg ^<608>,-
88 Jahre,Knittelfeld ^<609>,-
88 Jahre,Leibnitz <610>,26
88 Jahre,Leoben <611>,24
88 Jahre,Liezen <612>,17
88 Jahre,Murtal <620>,24
88 Jahre,Mürzzuschlag ^<613>,-
88 Jahre,Murau <614>,14
88 Jahre,Radkersburg ^<615>,-
88 Jahre,Südoststeiermark <623>,22
88 Jahre,Voitsberg <616>,13
88 Jahre,Weiz <617>,24
89 Jahre,Eisenstadt (Stadt) <101>,5
89 Jahre,Rust (Stadt) <102>,1
89 Jahre,Eisenstadt Umgebung <103>,4
89 Jahre,Güssing <104>,15
89 Jahre,Jennersdorf <105>,2
89 Jahre,Mattersburg <106>,6
89 Jahre,Neusiedl am See <107>,15
89 Jahre,Oberpullendorf <108>,11
89 Jahre,Oberwart <109>,14
89 Jahre,Klagenfurt (Stadt) <201>,19
89 Jahre,Villach (Stadt) <202>,10
89 Jahre,Feldkirchen <210>,3
89 Jahre,Hermagor <203>,4
89 Jahre,Klagenfurt Land <204>,13
89 Jahre,Sankt Veit an der Glan <205>,9
89 Jahre,Spittal an der Drau <206>,12
89 Jahre,Villach Land <207>,12
89 Jahre,Völkermarkt <208>,7
89 Jahre,Wolfsberg <209>,13
89 Jahre,Krems an der Donau (Stadt) <301>,6
89 Jahre,Sankt Pölten (Stadt) <302>,9
89 Jahre,Waidhofen an der Ybbs (Stadt) <303>,2
89 Jahre,Wiener Neustadt (Stadt) <304>,12
89 Jahre,Amstetten <305>,12
89 Jahre,Baden <306>,16
89 Jahre,Bruck an der Leitha <307>,10
89 Jahre,Gänserndorf <308>,8
89 Jahre,Gmünd <309>,8
89 Jahre,Hollabrunn <310>,5
89 Jahre,Horn <311>,10
89 Jahre,Korneuburg <312>,4
89 Jahre,Krems Land <313>,4
89 Jahre,Lilienfeld <314>,6
89 Jahre,Melk <315>,16
89 Jahre,Mistelbach <316>,15
89 Jahre,Mödling <317>,20
89 Jahre,Neunkirchen <318>,8
89 Jahre,Sankt Pölten Land <319>,16
89 Jahre,Scheibbs <320>,3
89 Jahre,Tulln <321>,23
89 Jahre,Waidhofen an der Thaya <322>,2
89 Jahre,Wiener Neustadt Land <323>,12
89 Jahre,Wien Umgebung ^<324>,-
89 Jahre,Zwettl <325>,3
89 Jahre,Stadt Linz <401>,43
89 Jahre,Stadt Steyr <402>,5
89 Jahre,Stadt Wels <403>,16
89 Jahre,Braunau <404>,15
89 Jahre,Eferding <405>,7
89 Jahre,Freistadt <406>,6
89 Jahre,Gmunden <407>,24
89 Jahre,Grieskirchen <408>,8
89 Jahre,Kirchdorf <409>,15
89 Jahre,Linz Land <410>,19
89 Jahre,Perg <411>,9
89 Jahre,Ried <412>,13
89 Jahre,Rohrbach <413>,12
89 Jahre,Schärding <414>,18
89 Jahre,Steyr Land <415>,15
89 Jahre,Urfahr Umgebung <416>,15
89 Jahre,Vöcklabruck <417>,20
89 Jahre,Wels Land <418>,17
89 Jahre,Salzburg (Stadt) <501>,31
89 Jahre,Hallein <502>,11
89 Jahre,Salzburg Umgebung <503>,28
89 Jahre,St. Johann im Pongau <504>,17
89 Jahre,Tamsweg <505>,4
89 Jahre,Zell am See <506>,13
89 Jahre,Graz (Stadt) <601>,29
89 Jahre,Bruck an der Mur ^<602>,-
89 Jahre,Bruck-Mürzzuschlag <621>,26
89 Jahre,Deutschlandsberg <603>,17
89 Jahre,Feldbach ^<604>,-
89 Jahre,Fürstenfeld ^<605>,-
89 Jahre,Graz Umgebung <606>,38
89 Jahre,Hartberg ^<607>,-
89 Jahre,Hartberg-Fürstenfeld <622>,20
89 Jahre,Judenburg ^<608>,-
89 Jahre,Knittelfeld ^<609>,-
89 Jahre,Leibnitz <610>,22
89 Jahre,Leoben <611>,28
89 Jahre,Liezen <612>,17
89 Jahre,Murtal <620>,36
89 Jahre,Mürzzuschlag ^<613>,-
89 Jahre,Murau <614>,13
89 Jahre,Radkersburg ^<615>,-
89 Jahre,Südoststeiermark <623>,28
89 Jahre,Voitsberg <616>,14
89 Jahre,Weiz <617>,21
90 Jahre,Eisenstadt (Stadt) <101>,4
90 Jahre,Rust (Stadt) <102>,3
90 Jahre,Eisenstadt Umgebung <103>,2
90 Jahre,Güssing <104>,6
90 Jahre,Jennersdorf <105>,4
90 Jahre,Mattersburg <106>,7
90 Jahre,Neusiedl am See <107>,9
90 Jahre,Oberpullendorf <108>,18
90 Jahre,Oberwart <109>,18
90 Jahre,Klagenfurt (Stadt) <201>,18
90 Jahre,Villach (Stadt) <202>,10
90 Jahre,Feldkirchen <210>,8
90 Jahre,Hermagor <203>,2
90 Jahre,Klagenfurt Land <204>,7
90 Jahre,Sankt Veit an der Glan <205>,9
90 Jahre,Spittal an der Drau <206>,7
90 Jahre,Villach Land <207>,11
90 Jahre,Völkermarkt <208>,2
90 Jahre,Wolfsberg <209>,7
90 Jahre,Krems an der Donau (Stadt) <301>,5
90 Jahre,Sankt Pölten (Stadt) <302>,11
90 Jahre,Waidhofen an der Ybbs (Stadt) <303>,1
90 Jahre,Wiener Neustadt (Stadt) <304>,11
90 Jahre,Amstetten <305>,10
90 Jahre,Baden <306>,21
90 Jahre,Bruck an der Leitha <307>,17
90 Jahre,Gänserndorf <308>,12
90 Jahre,Gmünd <309>,6
90 Jahre,Hollabrunn <310>,1
90 Jahre,Horn <311>,8
90 Jahre,Korneuburg <312>,12
90 Jahre,Krems Land <313>,5
90 Jahre,Lilienfeld <314>,3
90 Jahre,Melk <315>,14
90 Jahre,Mistelbach <316>,22
90 Jahre,Mödling <317>,11
90 Jahre,Neunkirchen <318>,14
90 Jahre,Sankt Pölten Land <319>,19
90 Jahre,Scheibbs <320>,3
90 Jahre,Tulln <321>,13
90 Jahre,Waidhofen an der Thaya <322>,3
90 Jahre,Wiener Neustadt Land <323>,10
90 Jahre,Wien Umgebung ^<324>,-
90 Jahre,Zwettl <325>,3
90 Jahre,Stadt Linz <401>,27
90 Jahre,Stadt Steyr <402>,8
90 Jahre,Stadt Wels <403>,9
90 Jahre,Braunau <404>,9
90 Jahre,Eferding <405>,7
90 Jahre,Freistadt <406>,9
90 Jahre,Gmunden <407>,19
90 Jahre,Grieskirchen <408>,18
90 Jahre,Kirchdorf <409>,10
90 Jahre,Linz Land <410>,16
90 Jahre,Perg <411>,11
90 Jahre,Ried <412>,9
90 Jahre,Rohrbach <413>,16
90 Jahre,Schärding <414>,10
90 Jahre,Steyr Land <415>,16
90 Jahre,Urfahr Umgebung <416>,14
90 Jahre,Vöcklabruck <417>,18
90 Jahre,Wels Land <418>,7
90 Jahre,Salzburg (Stadt) <501>,16
90 Jahre,Hallein <502>,5
90 Jahre,Salzburg Umgebung <503>,24
90 Jahre,St. Johann im Pongau <504>,19
90 Jahre,Tamsweg <505>,7
90 Jahre,Zell am See <506>,16
90 Jahre,Graz (Stadt) <601>,30
90 Jahre,Bruck an der Mur ^<602>,-
90 Jahre,Bruck-Mürzzuschlag <621>,35
90 Jahre,Deutschlandsberg <603>,14
90 Jahre,Feldbach ^<604>,-
90 Jahre,Fürstenfeld ^<605>,-
90 Jahre,Graz Umgebung <606>,35
90 Jahre,Hartberg ^<607>,-
90 Jahre,Hartberg-Fürstenfeld <622>,16
90 Jahre,Judenburg ^<608>,-
90 Jahre,Knittelfeld ^<609>,-
90 Jahre,Leibnitz <610>,25
90 Jahre,Leoben <611>,17
90 Jahre,Liezen <612>,17
90 Jahre,Murtal <620>,27
90 Jahre,Mürzzuschlag ^<613>,-
90 Jahre,Murau <614>,10
90 Jahre,Radkersburg ^<615>,-
90 Jahre,Südoststeiermark <623>,20
90 Jahre,Voitsberg <616>,15
90 Jahre,Weiz <617>,19
91 Jahre,Eisenstadt (Stadt) <101>,1
91 Jahre,Rust (Stadt) <102>,1
91 Jahre,Eisenstadt Umgebung <103>,2
91 Jahre,Güssing <104>,7
91 Jahre,Jennersdorf <105>,2
91 Jahre,Mattersburg <106>,4
91 Jahre,Neusiedl am See <107>,6
91 Jahre,Oberpullendorf <108>,3
91 Jahre,Oberwart <109>,16
91 Jahre,Klagenfurt (Stadt) <201>,14
91 Jahre,Villach (Stadt) <202>,13
91 Jahre,Feldkirchen <210>,6
91 Jahre,Hermagor <203>,4
91 Jahre,Klagenfurt Land <204>,6
91 Jahre,Sankt Veit an der Glan <205>,11
91 Jahre,Spittal an der Drau <206>,4
91 Jahre,Villach Land <207>,11
91 Jahre,Völkermarkt <208>,8
91 Jahre,Wolfsberg <209>,13
91 Jahre,Krems an der Donau (Stadt) <301>,7
91 Jahre,Sankt Pölten (Stadt) <302>,10
91 Jahre,Waidhofen an der Ybbs (Stadt) <303>,1
91 Jahre,Wiener Neustadt (Stadt) <304>,8
91 Jahre,Amstetten <305>,11
91 Jahre,Baden <306>,9
91 Jahre,Bruck an der Leitha <307>,15
91 Jahre,Gänserndorf <308>,11
91 Jahre,Gmünd <309>,6
91 Jahre,Hollabrunn <310>,3
91 Jahre,Horn <311>,4
91 Jahre,Korneuburg <312>,8
91 Jahre,Krems Land <313>,5
91 Jahre,Lilienfeld <314>,3
91 Jahre,Melk <315>,12
91 Jahre,Mistelbach <316>,19
91 Jahre,Mödling <317>,10
91 Jahre,Neunkirchen <318>,13
91 Jahre,Sankt Pölten Land <319>,16
91 Jahre,Scheibbs <320>,4
91 Jahre,Tulln <321>,21
91 Jahre,Waidhofen an der Thaya <322>,5
91 Jahre,Wiener Neustadt Land <323>,6
91 Jahre,Wien Umgebung ^<324>,-
91 Jahre,Zwettl <325>,3
91 Jahre,Stadt Linz <401>,24
91 Jahre,Stadt Steyr <402>,3
91 Jahre,Stadt Wels <403>,8
91 Jahre,Braunau <404>,19
91 Jahre,Eferding <405>,6
91 Jahre,Freistadt <406>,8
91 Jahre,Gmunden <407>,18
91 Jahre,Grieskirchen <408>,19
91 Jahre,Kirchdorf <409>,12
91 Jahre,Linz Land <410>,19
91 Jahre,Perg <411>,9
91 Jahre,Ried <412>,10
91 Jahre,Rohrbach <413>,13
91 Jahre,Schärding <414>,8
91 Jahre,Steyr Land <415>,12
91 Jahre,Urfahr Umgebung <416>,18
91 Jahre,Vöcklabruck <417>,11
91 Jahre,Wels Land <418>,9
91 Jahre,Salzburg (Stadt) <501>,19
91 Jahre,Hallein <502>,12
91 Jahre,Salzburg Umgebung <503>,21
91 Jahre,St. Johann im Pongau <504>,12
91 Jahre,Tamsweg <505>,4
91 Jahre,Zell am See <506>,11
91 Jahre,Graz (Stadt) <601>,26
91 Jahre,Bruck an der Mur ^<602>,-
91 Jahre,Bruck-Mürzzuschlag <621>,21
91 Jahre,Deutschlandsberg <603>,9
91 Jahre,Feldbach ^<604>,-
91 Jahre,Fürstenfeld ^<605>,-
91 Jahre,Graz Umgebung <606>,37
91 Jahre,Hartberg ^<607>,-
91 Jahre,Hartberg-Fürstenfeld <622>,19
91 Jahre,Judenburg ^<608>,-
91 Jahre,Knittelfeld ^<609>,-
91 Jahre,Leibnitz <610>,14
91 Jahre,Leoben <611>,23
91 Jahre,Liezen <612>,11
91 Jahre,Murtal <620>,35
91 Jahre,Mürzzuschlag ^<613>,-
91 Jahre,Murau <614>,11
91 Jahre,Radkersburg ^<615>,-
91 Jahre,Südoststeiermark <623>,23
91 Jahre,Voitsberg <616>,16
91 Jahre,Weiz <617>,20
92 Jahre,Eisenstadt (Stadt) <101>,3
92 Jahre,Rust (Stadt) <102>,4
92 Jahre,Eisenstadt Umgebung <103>,4
92 Jahre,Güssing <104>,7
92 Jahre,Jennersdorf <105>,1
92 Jahre,Mattersburg <106>,3
92 Jahre,Neusiedl am See <107>,4
92 Jahre,Oberpullendorf <108>,10
92 Jahre,Oberwart <109>,11
92 Jahre,Klagenfurt (Stadt) <201>,16
92 Jahre,Villach (Stadt) <202>,7
92 Jahre,Feldkirchen <210>,5
92 Jahre,Hermagor <203>,5
92 Jahre,Klagenfurt Land <204>,12
92 Jahre,Sankt Veit an der Glan <205>,8
92 Jahre,Spittal an der Drau <206>,10
92 Jahre,Villach Land <207>,7
92 Jahre,Völkermarkt <208>,5
92 Jahre,Wolfsberg <209>,7
92 Jahre,Krems an der Donau (Stadt) <301>,7
92 Jahre,Sankt Pölten (Stadt) <302>,12
92 Jahre,Waidhofen an der Ybbs (Stadt) <303>,1
92 Jahre,Wiener Neustadt (Stadt) <304>,10
92 Jahre,Amstetten <305>,10
92 Jahre,Baden <306>,22
92 Jahre,Bruck an der Leitha <307>,13
92 Jahre,Gänserndorf <308>,4
92 Jahre,Gmünd <309>,6
92 Jahre,Hollabrunn <310>,2
92 Jahre,Horn <311>,7
92 Jahre,Korneuburg <312>,7
92 Jahre,Krems Land <313>,7
92 Jahre,Lilienfeld <314>,3
92 Jahre,Melk <315>,8
92 Jahre,Mistelbach <316>,9
92 Jahre,Mödling <317>,12
92 Jahre,Neunkirchen <318>,11
92 Jahre,Sankt Pölten Land <319>,16
92 Jahre,Scheibbs <320>,2
92 Jahre,Tulln <321>,14
92 Jahre,Waidhofen an der Thaya <322>,6
92 Jahre,Wiener Neustadt Land <323>,6
92 Jahre,Wien Umgebung ^<324>,-
92 Jahre,Zwettl <325>,2
92 Jahre,Stadt Linz <401>,29
92 Jahre,Stadt Steyr <402>,9
92 Jahre,Stadt Wels <403>,13
92 Jahre,Braunau <404>,11
92 Jahre,Eferding <405>,3
92 Jahre,Freistadt <406>,11
92 Jahre,Gmunden <407>,11
92 Jahre,Grieskirchen <408>,8
92 Jahre,Kirchdorf <409>,7
92 Jahre,Linz Land <410>,14
92 Jahre,Perg <411>,8
92 Jahre,Ried <412>,12
92 Jahre,Rohrbach <413>,12
92 Jahre,Schärding <414>,14
92 Jahre,Steyr Land <415>,14
92 Jahre,Urfahr Umgebung <416>,9
92 Jahre,Vöcklabruck <417>,15
92 Jahre,Wels Land <418>,7
92 Jahre,Salzburg (Stadt) <501>,12
92 Jahre,Hallein <502>,7
92 Jahre,Salzburg Umgebung <503>,20
92 Jahre,St. Johann im Pongau <504>,9
92 Jahre,Tamsweg <505>,3
92 Jahre,Zell am See <506>,11
92 Jahre,Graz (Stadt) <601>,30
92 Jahre,Bruck an der Mur ^<602>,-
92 Jahre,Bruck-Mürzzuschlag <621>,22
92 Jahre,Deutschlandsberg <603>,14
92 Jahre,Feldbach ^<604>,-
92 Jahre,Fürstenfeld ^<605>,-
92 Jahre,Graz Umgebung <606>,40
92 Jahre,Hartberg ^<607>,-
92 Jahre,Hartberg-Fürstenfeld <622>,17
92 Jahre,Judenburg ^<608>,-
92 Jahre,Knittelfeld ^<609>,-
92 Jahre,Leibnitz <610>,8
92 Jahre,Leoben <611>,14
92 Jahre,Liezen <612>,14
92 Jahre,Murtal <620>,20
92 Jahre,Mürzzuschlag ^<613>,-
92 Jahre,Murau <614>,6
92 Jahre,Radkersburg ^<615>,-
92 Jahre,Südoststeiermark <623>,14
92 Jahre,Voitsberg <616>,8
92 Jahre,Weiz <617>,11
93 Jahre,Eisenstadt (Stadt) <101>,-
93 Jahre,Rust (Stadt) <102>,2
93 Jahre,Eisenstadt Umgebung <103>,4
93 Jahre,Güssing <104>,2
93 Jahre,Jennersdorf <105>,1
93 Jahre,Mattersburg <106>,4
93 Jahre,Neusiedl am See <107>,6
93 Jahre,Oberpullendorf <108>,3
93 Jahre,Oberwart <109>,10
93 Jahre,Klagenfurt (Stadt) <201>,6
93 Jahre,Villach (Stadt) <202>,8
93 Jahre,Feldkirchen <210>,5
93 Jahre,Hermagor <203>,-
93 Jahre,Klagenfurt Land <204>,8
93 Jahre,Sankt Veit an der Glan <205>,9
93 Jahre,Spittal an der Drau <206>,11
93 Jahre,Villach Land <207>,7
93 Jahre,Völkermarkt <208>,4
93 Jahre,Wolfsberg <209>,4
93 Jahre,Krems an der Donau (Stadt) <301>,1
93 Jahre,Sankt Pölten (Stadt) <302>,4
93 Jahre,Waidhofen an der Ybbs (Stadt) <303>,1
93 Jahre,Wiener Neustadt (Stadt) <304>,5
93 Jahre,Amstetten <305>,8
93 Jahre,Baden <306>,9
93 Jahre,Bruck an der Leitha <307>,15
93 Jahre,Gänserndorf <308>,4
93 Jahre,Gmünd <309>,5
93 Jahre,Hollabrunn <310>,3
93 Jahre,Horn <311>,6
93 Jahre,Korneuburg <312>,10
93 Jahre,Krems Land <313>,3
93 Jahre,Lilienfeld <314>,3
93 Jahre,Melk <315>,8
93 Jahre,Mistelbach <316>,13
93 Jahre,Mödling <317>,15
93 Jahre,Neunkirchen <318>,11
93 Jahre,Sankt Pölten Land <319>,14
93 Jahre,Scheibbs <320>,1
93 Jahre,Tulln <321>,12
93 Jahre,Waidhofen an der Thaya <322>,2
93 Jahre,Wiener Neustadt Land <323>,4
93 Jahre,Wien Umgebung ^<324>,-
93 Jahre,Zwettl <325>,3
93 Jahre,Stadt Linz <401>,34
93 Jahre,Stadt Steyr <402>,3
93 Jahre,Stadt Wels <403>,6
93 Jahre,Braunau <404>,6
93 Jahre,Eferding <405>,1
93 Jahre,Freistadt <406>,7
93 Jahre,Gmunden <407>,12
93 Jahre,Grieskirchen <408>,10
93 Jahre,Kirchdorf <409>,8
93 Jahre,Linz Land <410>,6
93 Jahre,Perg <411>,7
93 Jahre,Ried <412>,9
93 Jahre,Rohrbach <413>,6
93 Jahre,Schärding <414>,14
93 Jahre,Steyr Land <415>,8
93 Jahre,Urfahr Umgebung <416>,9
93 Jahre,Vöcklabruck <417>,12
93 Jahre,Wels Land <418>,8
93 Jahre,Salzburg (Stadt) <501>,18
93 Jahre,Hallein <502>,7
93 Jahre,Salzburg Umgebung <503>,23
93 Jahre,St. Johann im Pongau <504>,9
93 Jahre,Tamsweg <505>,1
93 Jahre,Zell am See <506>,11
93 Jahre,Graz (Stadt) <601>,22
93 Jahre,Bruck an der Mur ^<602>,-
93 Jahre,Bruck-Mürzzuschlag <621>,19
93 Jahre,Deutschlandsberg <603>,9
93 Jahre,Feldbach ^<604>,-
93 Jahre,Fürstenfeld ^<605>,-
93 Jahre,Graz Umgebung <606>,26
93 Jahre,Hartberg ^<607>,-
93 Jahre,Hartberg-Fürstenfeld <622>,11
93 Jahre,Judenburg ^<608>,-
93 Jahre,Knittelfeld ^<609>,-
93 Jahre,Leibnitz <610>,13
93 Jahre,Leoben <611>,12
93 Jahre,Liezen <612>,11
93 Jahre,Murtal <620>,22
93 Jahre,Mürzzuschlag ^<613>,-
93 Jahre,Murau <614>,7
93 Jahre,Radkersburg ^<615>,-
93 Jahre,Südoststeiermark <623>,12
93 Jahre,Voitsberg <616>,10
93 Jahre,Weiz <617>,13
94 Jahre,Eisenstadt (Stadt) <101>,1
94 Jahre,Rust (Stadt) <102>,2
94 Jahre,Eisenstadt Umgebung <103>,3
94 Jahre,Güssing <104>,1
94 Jahre,Jennersdorf <105>,4
94 Jahre,Mattersburg <106>,2
94 Jahre,Neusiedl am See <107>,2
94 Jahre,Oberpullendorf <108>,5
94 Jahre,Oberwart <109>,11
94 Jahre,Klagenfurt (Stadt) <201>,13
94 Jahre,Villach (Stadt) <202>,6
94 Jahre,Feldkirchen <210>,4
94 Jahre,Hermagor <203>,4
94 Jahre,Klagenfurt Land <204>,6
94 Jahre,Sankt Veit an der Glan <205>,7
94 Jahre,Spittal an der Drau <206>,13
94 Jahre,Villach Land <207>,8
94 Jahre,Völkermarkt <208>,3
94 Jahre,Wolfsberg <209>,7
94 Jahre,Krems an der Donau (Stadt) <301>,2
94 Jahre,Sankt Pölten (Stadt) <302>,3
94 Jahre,Waidhofen an der Ybbs (Stadt) <303>,1
94 Jahre,Wiener Neustadt (Stadt) <304>,5
94 Jahre,Amstetten <305>,6
94 Jahre,Baden <306>,11
94 Jahre,Bruck an der Leitha <307>,9
94 Jahre,Gänserndorf <308>,5
94 Jahre,Gmünd <309>,5
94 Jahre,Hollabrunn <310>,3
94 Jahre,Horn <311>,4
94 Jahre,Korneuburg <312>,4
94 Jahre,Krems Land <313>,3
94 Jahre,Lilienfeld <314>,2
94 Jahre,Melk <315>,8
94 Jahre,Mistelbach <316>,12
94 Jahre,Mödling <317>,9
94 Jahre,Neunkirchen <318>,5
94 Jahre,Sankt Pölten Land <319>,11
94 Jahre,Scheibbs <320>,2
94 Jahre,Tulln <321>,9
94 Jahre,Waidhofen an der Thaya <322>,1
94 Jahre,Wiener Neustadt Land <323>,4
94 Jahre,Wien Umgebung ^<324>,-
94 Jahre,Zwettl <325>,1
94 Jahre,Stadt Linz <401>,14
94 Jahre,Stadt Steyr <402>,4
94 Jahre,Stadt Wels <403>,6
94 Jahre,Braunau <404>,9
94 Jahre,Eferding <405>,6
94 Jahre,Freistadt <406>,3
94 Jahre,Gmunden <407>,13
94 Jahre,Grieskirchen <408>,8
94 Jahre,Kirchdorf <409>,2
94 Jahre,Linz Land <410>,12
94 Jahre,Perg <411>,4
94 Jahre,Ried <412>,10
94 Jahre,Rohrbach <413>,5
94 Jahre,Schärding <414>,7
94 Jahre,Steyr Land <415>,5
94 Jahre,Urfahr Umgebung <416>,8
94 Jahre,Vöcklabruck <417>,10
94 Jahre,Wels Land <418>,10
94 Jahre,Salzburg (Stadt) <501>,5
94 Jahre,Hallein <502>,4
94 Jahre,Salzburg Umgebung <503>,10
94 Jahre,St. Johann im Pongau <504>,5
94 Jahre,Tamsweg <505>,-
94 Jahre,Zell am See <506>,8
94 Jahre,Graz (Stadt) <601>,21
94 Jahre,Bruck an der Mur ^<602>,-
94 Jahre,Bruck-Mürzzuschlag <621>,11
94 Jahre,Deutschlandsberg <603>,5
94 Jahre,Feldbach ^<604>,-
94 Jahre,Fürstenfeld ^<605>,-
94 Jahre,Graz Umgebung <606>,25
94 Jahre,Hartberg ^<607>,-
94 Jahre,Hartberg-Fürstenfeld <622>,8
94 Jahre,Judenburg ^<608>,-
94 Jahre,Knittelfeld ^<609>,-
94 Jahre,Leibnitz <610>,9
94 Jahre,Leoben <611>,13
94 Jahre,Liezen <612>,10
94 Jahre,Murtal <620>,17
94 Jahre,Mürzzuschlag ^<613>,-
94 Jahre,Murau <614>,4
94 Jahre,Radkersburg ^<615>,-
94 Jahre,Südoststeiermark <623>,9
94 Jahre,Voitsberg <616>,9
94 Jahre,Weiz <617>,9
95 Jahre und älter,Eisenstadt (Stadt) <101>,4
95 Jahre und älter,Rust (Stadt) <102>,3
95 Jahre und älter,Eisenstadt Umgebung <103>,6
95 Jahre und älter,Güssing <104>,6
95 Jahre und älter,Jennersdorf <105>,4
95 Jahre und älter,Mattersburg <106>,7
95 Jahre und älter,Neusiedl am See <107>,6
95 Jahre und älter,Oberpullendorf <108>,12
95 Jahre und älter,Oberwart <109>,16
95 Jahre und älter,Klagenfurt (Stadt) <201>,16
95 Jahre und älter,Villach (Stadt) <202>,14
95 Jahre und älter,Feldkirchen <210>,10
95 Jahre und älter,Hermagor <203>,9
95 Jahre und älter,Klagenfurt Land <204>,12
95 Jahre und älter,Sankt Veit an der Glan <205>,15
95 Jahre und älter,Spittal an der Drau <206>,15
95 Jahre und älter,Villach Land <207>,24
95 Jahre und älter,Völkermarkt <208>,9
95 Jahre und älter,Wolfsberg <209>,18
95 Jahre und älter,Krems an der Donau (Stadt) <301>,4
95 Jahre und älter,Sankt Pölten (Stadt) <302>,8
95 Jahre und älter,Waidhofen an der Ybbs (Stadt) <303>,2
95 Jahre und älter,Wiener Neustadt (Stadt) <304>,9
95 Jahre und älter,Amstetten <305>,14
95 Jahre und älter,Baden <306>,21
95 Jahre und älter,Bruck an der Leitha <307>,21
95 Jahre und älter,Gänserndorf <308>,8
95 Jahre und älter,Gmünd <309>,8
95 Jahre und älter,Hollabrunn <310>,11
95 Jahre und älter,Horn <311>,10
95 Jahre und älter,Korneuburg <312>,16
95 Jahre und älter,Krems Land <313>,5
95 Jahre und älter,Lilienfeld <314>,6
95 Jahre und älter,Melk <315>,19
95 Jahre und älter,Mistelbach <316>,20
95 Jahre und älter,Mödling <317>,22
95 Jahre und älter,Neunkirchen <318>,17
95 Jahre und älter,Sankt Pölten Land <319>,23
95 Jahre und älter,Scheibbs <320>,3
95 Jahre und älter,Tulln <321>,24
95 Jahre und älter,Waidhofen an der Thaya <322>,3
95 Jahre und älter,Wiener Neustadt Land <323>,5
95 Jahre und älter,Wien Umgebung ^<324>,-
95 Jahre und älter,Zwettl <325>,3
95 Jahre und älter,Stadt Linz <401>,56
95 Jahre und älter,Stadt Steyr <402>,12
95 Jahre und älter,Stadt Wels <403>,25
95 Jahre und älter,Braunau <404>,18
95 Jahre und älter,Eferding <405>,5
95 Jahre und älter,Freistadt <406>,6
95 Jahre und älter,Gmunden <407>,25
95 Jahre und älter,Grieskirchen <408>,12
95 Jahre und älter,Kirchdorf <409>,17
95 Jahre und älter,Linz Land <410>,25
95 Jahre und älter,Perg <411>,8
95 Jahre und älter,Ried <412>,18
95 Jahre und älter,Rohrbach <413>,7
95 Jahre und älter,Schärding <414>,4
95 Jahre und älter,Steyr Land <415>,12
95 Jahre und älter,Urfahr Umgebung <416>,11
95 Jahre und älter,Vöcklabruck <417>,28
95 Jahre und älter,Wels Land <418>,13
95 Jahre und älter,Salzburg (Stadt) <501>,18
95 Jahre und älter,Hallein <502>,7
95 Jahre und älter,Salzburg Umgebung <503>,25
95 Jahre und älter,St. Johann im Pongau <504>,18
95 Jahre und älter,Tamsweg <505>,6
95 Jahre und älter,Zell am See <506>,17
95 Jahre und älter,Graz (Stadt) <601>,50
95 Jahre und älter,Bruck an der Mur ^<602>,-
95 Jahre und älter,Bruck-Mürzzuschlag <621>,35
95 Jahre und älter,Deutschlandsberg <603>,14
95 Jahre und älter,Feldbach ^<604>,-
95 Jahre und älter,Fürstenfeld ^<605>,-
95 Jahre und älter,Graz Umgebung <606>,49
95 Jahre und älter,Hartberg ^<607>,-
95 Jahre und älter,Hartberg-Fürstenfeld <622>,18
95 Jahre und älter,Judenburg ^<608>,-
95 Jahre und älter,Knittelfeld ^<609>,-
95 Jahre und älter,Leibnitz <610>,12
95 Jahre und älter,Leoben <611>,23
95 Jahre und älter,Liezen <612>,15
95 Jahre und älter,Murtal <620>,32
95 Jahre und älter,Mürzzuschlag ^<613>,-
95 Jahre und älter,Murau <614>,8
95 Jahre und älter,Radkersburg ^<615>,-
95 Jahre und älter,Südoststeiermark <623>,28
95 Jahre und älter,Voitsberg <616>,14
95 Jahre und älter,Weiz <617>,33
0 Jahre,Innsbruck (Stadt) <701>,136
0 Jahre,Imst <702>,62
0 Jahre,Innsbruck Land <703>,159
0 Jahre,Kitzbühel <704>,60
0 Jahre,Kufstein <705>,102
0 Jahre,Landeck <706>,31
0 Jahre,Lienz <707>,37
0 Jahre,Reutte <708>,29
0 Jahre,Schwaz <709>,77
0 Jahre,Bludenz <801>,61
0 Jahre,Bregenz <802>,184
0 Jahre,Dornbirn <803>,146
0 Jahre,Feldkirch <804>,148
0 Jahre,"Wien 1.Bezirk, Innere Stadt <901>",5
0 Jahre,"Wien 2.Bezirk, Leopoldstadt <902>",141
0 Jahre,"Wien 3.Bezirk, Landstraße <903>",121
0 Jahre,"Wien 4.Bezirk, Wieden <904>",48
0 Jahre,"Wien 5.Bezirk, Margareten <905>",49
0 Jahre,"Wien 6.Bezirk, Mariahilf <906>",38
0 Jahre,"Wien 7.Bezirk, Neubau <907>",33
0 Jahre,"Wien 8.Bezirk, Josefstadt <908>",9
0 Jahre,"Wien 9.Bezirk, Alsergrund <909>",51
0 Jahre,"Wien 10.Bezirk, Favoriten <910>",395
0 Jahre,"Wien 11.Bezirk, Simmering <911>",186
0 Jahre,"Wien 12.Bezirk, Meidling <912>",132
0 Jahre,"Wien 13.Bezirk, Hietzing <913>",68
0 Jahre,"Wien 14.Bezirk, Penzing <914>",109
0 Jahre,"Wien 15.Bezirk, Rudolfsheim-Fünfhaus <915>",71
0 Jahre,"Wien 16.Bezirk, Ottakring <916>",104
0 Jahre,"Wien 17.Bezirk, Hernals <917>",63
0 Jahre,"Wien 18.Bezirk, Währing <918>",50
0 Jahre,"Wien 19.Bezirk, Döbling <919>",89
0 Jahre,"Wien 20.Bezirk, Brigittenau <920>",109
0 Jahre,"Wien 21.Bezirk, Floridsdorf <921>",322
0 Jahre,"Wien 22.Bezirk, Donaustadt <922>",452
0 Jahre,"Wien 23.Bezirk, Liesing <923>",159
1 Jahr,Innsbruck (Stadt) <701>,140
1 Jahr,Imst <702>,55
1 Jahr,Innsbruck Land <703>,162
1 Jahr,Kitzbühel <704>,54
1 Jahr,Kufstein <705>,108
1 Jahr,Landeck <706>,29
1 Jahr,Lienz <707>,50
1 Jahr,Reutte <708>,33
1 Jahr,Schwaz <709>,83
1 Jahr,Bludenz <801>,69
1 Jahr,Bregenz <802>,169
1 Jahr,Dornbirn <803>,129
1 Jahr,Feldkirch <804>,168
1 Jahr,"Wien 1.Bezirk, Innere Stadt <901>",16
1 Jahr,"Wien 2.Bezirk, Leopoldstadt <902>",142
1 Jahr,"Wien 3.Bezirk, Landstraße <903>",125
1 Jahr,"Wien 4.Bezirk, Wieden <904>",34
1 Jahr,"Wien 5.Bezirk, Margareten <905>",57
1 Jahr,"Wien 6.Bezirk, Mariahilf <906>",33
1 Jahr,"Wien 7.Bezirk, Neubau <907>",30
1 Jahr,"Wien 8.Bezirk, Josefstadt <908>",18
1 Jahr,"Wien 9.Bezirk, Alsergrund <909>",37
1 Jahr,"Wien 10.Bezirk, Favoriten <910>",320
1 Jahr,"Wien 11.Bezirk, Simmering <911>",159
1 Jahr,"Wien 12.Bezirk, Meidling <912>",122
1 Jahr,"Wien 13.Bezirk, Hietzing <913>",65
1 Jahr,"Wien 14.Bezirk, Penzing <914>",109
1 Jahr,"Wien 15.Bezirk, Rudolfsheim-Fünfhaus <915>",54
1 Jahr,"Wien 16.Bezirk, Ottakring <916>",111
1 Jahr,"Wien 17.Bezirk, Hernals <917>",55
1 Jahr,"Wien 18.Bezirk, Währing <918>",43
1 Jahr,"Wien 19.Bezirk, Döbling <919>",77
1 Jahr,"Wien 20.Bezirk, Brigittenau <920>",108
1 Jahr,"Wien 21.Bezirk, Floridsdorf <921>",283
1 Jahr,"Wien 22.Bezirk, Donaustadt <922>",416
1 Jahr,"Wien 23.Bezirk, Liesing <923>",188
2 Jahre,Innsbruck (Stadt) <701>,132
2 Jahre,Imst <702>,62
2 Jahre,Innsbruck Land <703>,150
2 Jahre,Kitzbühel <704>,49
2 Jahre,Kufstein <705>,106
2 Jahre,Landeck <706>,38
2 Jahre,Lienz <707>,49
2 Jahre,Reutte <708>,21
2 Jahre,Schwaz <709>,70
2 Jahre,Bludenz <801>,68
2 Jahre,Bregenz <802>,166
2 Jahre,Dornbirn <803>,129
2 Jahre,Feldkirch <804>,114
2 Jahre,"Wien 1.Bezirk, Innere Stadt <901>",15
2 Jahre,"Wien 2.Bezirk, Leopoldstadt <902>",114
2 Jahre,"Wien 3.Bezirk, Landstraße <903>",81
2 Jahre,"Wien 4.Bezirk, Wieden <904>",29
2 Jahre,"Wien 5.Bezirk, Margareten <905>",39
2 Jahre,"Wien 6.Bezirk, Mariahilf <906>",31
2 Jahre,"Wien 7.Bezirk, Neubau <907>",18
2 Jahre,"Wien 8.Bezirk, Josefstadt <908>",10
2 Jahre,"Wien 9.Bezirk, Alsergrund <909>",30
2 Jahre,"Wien 10.Bezirk, Favoriten <910>",312
2 Jahre,"Wien 11.Bezirk, Simmering <911>",132
2 Jahre,"Wien 12.Bezirk, Meidling <912>",96
2 Jahre,"Wien 13.Bezirk, Hietzing <913>",60
2 Jahre,"Wien 14.Bezirk, Penzing <914>",97
2 Jahre,"Wien 15.Bezirk, Rudolfsheim-Fünfhaus <915>",68
2 Jahre,"Wien 16.Bezirk, Ottakring <916>",94
2 Jahre,"Wien 17.Bezirk, Hernals <917>",61
2 Jahre,"Wien 18.Bezirk, Währing <918>",42
2 Jahre,"Wien 19.Bezirk, Döbling <919>",104
2 Jahre,"Wien 20.Bezirk, Brigittenau <920>",88
2 Jahre,"Wien 21.Bezirk, Floridsdorf <921>",237
2 Jahre,"Wien 22.Bezirk, Donaustadt <922>",353
2 Jahre,"Wien 23.Bezirk, Liesing <923>",131
3 Jahre,Innsbruck (Stadt) <701>,126
3 Jahre,Imst <702>,57
3 Jahre,Innsbruck Land <703>,146
3 Jahre,Kitzbühel <704>,65
3 Jahre,Kufstein <705>,101
3 Jahre,Landeck <706>,16
3 Jahre,Lienz <707>,34
3 Jahre,Reutte <708>,27
3 Jahre,Schwaz <709>,65
3 Jahre,Bludenz <801>,74
3 Jahre,Bregenz <802>,133
3 Jahre,Dornbirn <803>,129
3 Jahre,Feldkirch <804>,102
3 Jahre,"Wien 1.Bezirk, Innere Stadt <901>",6
3 Jahre,"Wien 2.Bezirk, Leopoldstadt <902>",122
3 Jahre,"Wien 3.Bezirk, Landstraße <903>",113
3 Jahre,"Wien 4.Bezirk, Wieden <904>",19
3 Jahre,"Wien 5.Bezirk, Margareten <905>",30
3 Jahre,"Wien 6.Bezirk, Mariahilf <906>",37
3 Jahre,"Wien 7.Bezirk, Neubau <907>",28
3 Jahre,"Wien 8.Bezirk, Josefstadt <908>",15
3 Jahre,"Wien 9.Bezirk, Alsergrund <909>",25
3 Jahre,"Wien 10.Bezirk, Favoriten <910>",284
3 Jahre,"Wien 11.Bezirk, Simmering <911>",117
3 Jahre,"Wien 12.Bezirk, Meidling <912>",90
3 Jahre,"Wien 13.Bezirk, Hietzing <913>",57
3 Jahre,"Wien 14.Bezirk, Penzing <914>",85
3 Jahre,"Wien 15.Bezirk, Rudolfsheim-Fünfhaus <915>",48
3 Jahre,"Wien 16.Bezirk, Ottakring <916>",93
3 Jahre,"Wien 17.Bezirk, Hernals <917>",75
3 Jahre,"Wien 18.Bezirk, Währing <918>",37
3 Jahre,"Wien 19.Bezirk, Döbling <919>",80
3 Jahre,"Wien 20.Bezirk, Brigittenau <920>",81
3 Jahre,"Wien 21.Bezirk, Floridsdorf <921>",219
3 Jahre,"Wien 22.Bezirk, Donaustadt <922>",315
3 Jahre,"Wien 23.Bezirk, Liesing <923>",130
4 Jahre,Innsbruck (Stadt) <701>,106
4 Jahre,Imst <702>,40
4 Jahre,Innsbruck Land <703>,153
4 Jahre,Kitzbühel <704>,48
4 Jahre,Kufstein <705>,79
4 Jahre,Landeck <706>,25
4 Jahre,Lienz <707>,29
4 Jahre,Reutte <708>,19
4 Jahre,Schwaz <709>,78
4 Jahre,Bludenz <801>,53
4 Jahre,Bregenz <802>,134
4 Jahre,Dornbirn <803>,103
4 Jahre,Feldkirch <804>,103
4 Jahre,"Wien 1.Bezirk, Innere Stadt <901>",6
4 Jahre,"Wien 2.Bezirk, Leopoldstadt <902>",119
4 Jahre,"Wien 3.Bezirk, Landstraße <903>",105
4 Jahre,"Wien 4.Bezirk, Wieden <904>",24
4 Jahre,"Wien 5.Bezirk, Margareten <905>",34
4 Jahre,"Wien 6.Bezirk, Mariahilf <906>",29
4 Jahre,"Wien 7.Bezirk, Neubau <907>",17
4 Jahre,"Wien 8.Bezirk, Josefstadt <908>",12
4 Jahre,"Wien 9.Bezirk, Alsergrund <909>",28
4 Jahre,"Wien 10.Bezirk, Favoriten <910>",287
4 Jahre,"Wien 11.Bezirk, Simmering <911>",117
4 Jahre,"Wien 12.Bezirk, Meidling <912>",116
4 Jahre,"Wien 13.Bezirk, Hietzing <913>",60
4 Jahre,"Wien 14.Bezirk, Penzing <914>",88
4 Jahre,"Wien 15.Bezirk, Rudolfsheim-Fünfhaus <915>",60
4 Jahre,"Wien 16.Bezirk, Ottakring <916>",88
4 Jahre,"Wien 17.Bezirk, Hernals <917>",55
4 Jahre,"Wien 18.Bezirk, Währing <918>",43
4 Jahre,"Wien 19.Bezirk, Döbling <919>",71
4 Jahre,"Wien 20.Bezirk, Brigittenau <920>",72
4 Jahre,"Wien 21.Bezirk, Floridsdorf <921>",235
4 Jahre,"Wien 22.Bezirk, Donaustadt <922>",298
4 Jahre,"Wien 23.Bezirk, Liesing <923>",138
5 Jahre,Innsbruck (Stadt) <701>,127
5 Jahre,Imst <702>,49
5 Jahre,Innsbruck Land <703>,144
5 Jahre,Kitzbühel <704>,38
5 Jahre,Kufstein <705>,97
5 Jahre,Landeck <706>,19
5 Jahre,Lienz <707>,45
5 Jahre,Reutte <708>,13
5 Jahre,Schwaz <709>,51
5 Jahre,Bludenz <801>,43
5 Jahre,Bregenz <802>,145
5 Jahre,Dornbirn <803>,103
5 Jahre,Feldkirch <804>,104
5 Jahre,"Wien 1.Bezirk, Innere Stadt <901>",21
5 Jahre,"Wien 2.Bezirk, Leopoldstadt <902>",113
5 Jahre,"Wien 3.Bezirk, Landstraße <903>",103
5 Jahre,"Wien 4.Bezirk, Wieden <904>",43
5 Jahre,"Wien 5.Bezirk, Margareten <905>",35
5 Jahre,"Wien 6.Bezirk, Mariahilf <906>",38
5 Jahre,"Wien 7.Bezirk, Neubau <907>",22
5 Jahre,"Wien 8.Bezirk, Josefstadt <908>",13
5 Jahre,"Wien 9.Bezirk, Alsergrund <909>",40
5 Jahre,"Wien 10.Bezirk, Favoriten <910>",278
5 Jahre,"Wien 11.Bezirk, Simmering <911>",106
5 Jahre,"Wien 12.Bezirk, Meidling <912>",114
5 Jahre,"Wien 13.Bezirk, Hietzing <913>",50
5 Jahre,"Wien 14.Bezirk, Penzing <914>",103
5 Jahre,"Wien 15.Bezirk, Rudolfsheim-Fünfhaus <915>",68
5 Jahre,"Wien 16.Bezirk, Ottakring <916>",86
5 Jahre,"Wien 17.Bezirk, Hernals <917>",70
5 Jahre,"Wien 18.Bezirk, Währing <918>",62
5 Jahre,"Wien 19.Bezirk, Döbling <919>",95
5 Jahre,"Wien 20.Bezirk, Brigittenau <920>",89
5 Jahre,"Wien 21.Bezirk, Floridsdorf <921>",237
5 Jahre,"Wien 22.Bezirk, Donaustadt <922>",312
5 Jahre,"Wien 23.Bezirk, Liesing <923>",138
6 Jahre,Innsbruck (Stadt) <701>,99
6 Jahre,Imst <702>,48
6 Jahre,Innsbruck Land <703>,111
6 Jahre,Kitzbühel <704>,45
6 Jahre,Kufstein <705>,76
6 Jahre,Landeck <706>,16
6 Jahre,Lienz <707>,29
6 Jahre,Reutte <708>,11
6 Jahre,Schwaz <709>,68
6 Jahre,Bludenz <801>,62
6 Jahre,Bregenz <802>,123
6 Jahre,Dornbirn <803>,101
6 Jahre,Feldkirch <804>,103
6 Jahre,"Wien 1.Bezirk, Innere Stadt <901>",9
6 Jahre,"Wien 2.Bezirk, Leopoldstadt <902>",100
6 Jahre,"Wien 3.Bezirk, Landstraße <903>",96
6 Jahre,"Wien 4.Bezirk, Wieden <904>",24
6 Jahre,"Wien 5.Bezirk, Margareten <905>",35
6 Jahre,"Wien 6.Bezirk, Mariahilf <906>",27
6 Jahre,"Wien 7.Bezirk, Neubau <907>",21
6 Jahre,"Wien 8.Bezirk, Josefstadt <908>",12
6 Jahre,"Wien 9.Bezirk, Alsergrund <909>",25
6 Jahre,"Wien 10.Bezirk, Favoriten <910>",281
6 Jahre,"Wien 11.Bezirk, Simmering <911>",84
6 Jahre,"Wien 12.Bezirk, Meidling <912>",81
6 Jahre,"Wien 13.Bezirk, Hietzing <913>",48
6 Jahre,"Wien 14.Bezirk, Penzing <914>",86
6 Jahre,"Wien 15.Bezirk, Rudolfsheim-Fünfhaus <915>",58
6 Jahre,"Wien 16.Bezirk, Ottakring <916>",91
6 Jahre,"Wien 17.Bezirk, Hernals <917>",53
6 Jahre,"Wien 18.Bezirk, Währing <918>",45
6 Jahre,"Wien 19.Bezirk, Döbling <919>",86
6 Jahre,"Wien 20.Bezirk, Brigittenau <920>",82
6 Jahre,"Wien 21.Bezirk, Floridsdorf <921>",197
6 Jahre,"Wien 22.Bezirk, Donaustadt <922>",263
6 Jahre,"Wien 23.Bezirk, Liesing <923>",112
7 Jahre,Innsbruck (Stadt) <701>,100
7 Jahre,Imst <702>,26
7 Jahre,Innsbruck Land <703>,114
7 Jahre,Kitzbühel <704>,25
7 Jahre,Kufstein <705>,67
7 Jahre,Landeck <706>,21
7 Jahre,Lienz <707>,21
7 Jahre,Reutte <708>,15
7 Jahre,Schwaz <709>,47
7 Jahre,Bludenz <801>,39
7 Jahre,Bregenz <802>,137
7 Jahre,Dornbirn <803>,101
7 Jahre,Feldkirch <804>,67
7 Jahre,"Wien 1.Bezirk, Innere Stadt <901>",9
7 Jahre,"Wien 2.Bezirk, Leopoldstadt <902>",86
7 Jahre,"Wien 3.Bezirk, Landstraße <903>",65
7 Jahre,"Wien 4.Bezirk, Wieden <904>",17
7 Jahre,"Wien 5.Bezirk, Margareten <905>",26
7 Jahre,"Wien 6.Bezirk, Mariahilf <906>",16
7 Jahre,"Wien 7.Bezirk, Neubau <907>",17
7 Jahre,"Wien 8.Bezirk, Josefstadt <908>",12
7 Jahre,"Wien 9.Bezirk, Alsergrund <909>",25
7 Jahre,"Wien 10.Bezirk, Favoriten <910>",291
7 Jahre,"Wien 11.Bezirk, Simmering <911>",104
7 Jahre,"Wien 12.Bezirk, Meidling <912>",100
7 Jahre,"Wien 13.Bezirk, Hietzing <913>",43
7 Jahre,"Wien 14.Bezirk, Penzing <914>",98
7 Jahre,"Wien 15.Bezirk, Rudolfsheim-Fünfhaus <915>",53
7 Jahre,"Wien 16.Bezirk, Ottakring <916>",97
7 Jahre,"Wien 17.Bezirk, Hernals <917>",50
7 Jahre,"Wien 18.Bezirk, Währing <918>",28
7 Jahre,"Wien 19.Bezirk, Döbling <919>",77
7 Jahre,"Wien 20.Bezirk, Brigittenau <920>",58
7 Jahre,"Wien 21.Bezirk, Floridsdorf <921>",191
7 Jahre,"Wien 22.Bezirk, Donaustadt <922>",219
7 Jahre,"Wien 23.Bezirk, Liesing <923>",105
8 Jahre,Innsbruck (Stadt) <701>,81
8 Jahre,Imst <702>,37
8 Jahre,Innsbruck Land <703>,86
8 Jahre,Kitzbühel <704>,39
8 Jahre,Kufstein <705>,65
8 Jahre,Landeck <706>,15
8 Jahre,Lienz <707>,21
8 Jahre,Reutte <708>,9
8 Jahre,Schwaz <709>,58
8 Jahre,Bludenz <801>,46
8 Jahre,Bregenz <802>,104
8 Jahre,Dornbirn <803>,79
8 Jahre,Feldkirch <804>,70
8 Jahre,"Wien 1.Bezirk, Innere Stadt <901>",11
8 Jahre,"Wien 2.Bezirk, Leopoldstadt <902>",102
8 Jahre,"Wien 3.Bezirk, Landstraße <903>",63
8 Jahre,"Wien 4.Bezirk, Wieden <904>",25
8 Jahre,"Wien 5.Bezirk, Margareten <905>",31
8 Jahre,"Wien 6.Bezirk, Mariahilf <906>",28
8 Jahre,"Wien 7.Bezirk, Neubau <907>",17
8 Jahre,"Wien 8.Bezirk, Josefstadt <908>",11
8 Jahre,"Wien 9.Bezirk, Alsergrund <909>",29
8 Jahre,"Wien 10.Bezirk, Favoriten <910>",236
8 Jahre,"Wien 11.Bezirk, Simmering <911>",87
8 Jahre,"Wien 12.Bezirk, Meidling <912>",70
8 Jahre,"Wien 13.Bezirk, Hietzing <913>",40
8 Jahre,"Wien 14.Bezirk, Penzing <914>",72
8 Jahre,"Wien 15.Bezirk, Rudolfsheim-Fünfhaus <915>",69
8 Jahre,"Wien 16.Bezirk, Ottakring <916>",78
8 Jahre,"Wien 17.Bezirk, Hernals <917>",50
8 Jahre,"Wien 18.Bezirk, Währing <918>",39
8 Jahre,"Wien 19.Bezirk, Döbling <919>",58
8 Jahre,"Wien 20.Bezirk, Brigittenau <920>",76
8 Jahre,"Wien 21.Bezirk, Floridsdorf <921>",204
8 Jahre,"Wien 22.Bezirk, Donaustadt <922>",220
8 Jahre,"Wien 23.Bezirk, Liesing <923>",96
9 Jahre,Innsbruck (Stadt) <701>,86
9 Jahre,Imst <702>,35
9 Jahre,Innsbruck Land <703>,106
9 Jahre,Kitzbühel <704>,42
9 Jahre,Kufstein <705>,63
9 Jahre,Landeck <706>,17
9 Jahre,Lienz <707>,18
9 Jahre,Reutte <708>,15
9 Jahre,Schwaz <709>,56
9 Jahre,Bludenz <801>,44
9 Jahre,Bregenz <802>,98
9 Jahre,Dornbirn <803>,72
9 Jahre,Feldkirch <804>,66
9 Jahre,"Wien 1.Bezirk, Innere Stadt <901>",25
9 Jahre,"Wien 2.Bezirk, Leopoldstadt <902>",84
9 Jahre,"Wien 3.Bezirk, Landstraße <903>",77
9 Jahre,"Wien 4.Bezirk, Wieden <904>",17
9 Jahre,"Wien 5.Bezirk, Margareten <905>",35
9 Jahre,"Wien 6.Bezirk, Mariahilf <906>",25
9 Jahre,"Wien 7.Bezirk, Neubau <907>",31
9 Jahre,"Wien 8.Bezirk, Josefstadt <908>",16
9 Jahre,"Wien 9.Bezirk, Alsergrund <909>",32
9 Jahre,"Wien 10.Bezirk, Favoriten <910>",244
9 Jahre,"Wien 11.Bezirk, Simmering <911>",81
9 Jahre,"Wien 12.Bezirk, Meidling <912>",75
9 Jahre,"Wien 13.Bezirk, Hietzing <913>",48
9 Jahre,"Wien 14.Bezirk, Penzing <914>",95
9 Jahre,"Wien 15.Bezirk, Rudolfsheim-Fünfhaus <915>",56
9 Jahre,"Wien 16.Bezirk, Ottakring <916>",90
9 Jahre,"Wien 17.Bezirk, Hernals <917>",60
9 Jahre,"Wien 18.Bezirk, Währing <918>",49
9 Jahre,"Wien 19.Bezirk, Döbling <919>",85
9 Jahre,"Wien 20.Bezirk, Brigittenau <920>",75
9 Jahre,"Wien 21.Bezirk, Floridsdorf <921>",169
9 Jahre,"Wien 22.Bezirk, Donaustadt <922>",254
9 Jahre,"Wien 23.Bezirk, Liesing <923>",126
10 Jahre,Innsbruck (Stadt) <701>,92
10 Jahre,Imst <702>,31
10 Jahre,Innsbruck Land <703>,110
10 Jahre,Kitzbühel <704>,30
10 Jahre,Kufstein <705>,62
10 Jahre,Landeck <706>,25
10 Jahre,Lienz <707>,26
10 Jahre,Reutte <708>,12
10 Jahre,Schwaz <709>,61
10 Jahre,Bludenz <801>,41
10 Jahre,Bregenz <802>,103
10 Jahre,Dornbirn <803>,92
10 Jahre,Feldkirch <804>,87
10 Jahre,"Wien 1.Bezirk, Innere Stadt <901>",14
10 Jahre,"Wien 2.Bezirk, Leopoldstadt <902>",90
10 Jahre,"Wien 3.Bezirk, Landstraße <903>",60
10 Jahre,"Wien 4.Bezirk, Wieden <904>",28
10 Jahre,"Wien 5.Bezirk, Margareten <905>",28
10 Jahre,"Wien 6.Bezirk, Mariahilf <906>",24
10 Jahre,"Wien 7.Bezirk, Neubau <907>",17
10 Jahre,"Wien 8.Bezirk, Josefstadt <908>",12
10 Jahre,"Wien 9.Bezirk, Alsergrund <909>",33
10 Jahre,"Wien 10.Bezirk, Favoriten <910>",212
10 Jahre,"Wien 11.Bezirk, Simmering <911>",80
10 Jahre,"Wien 12.Bezirk, Meidling <912>",67
10 Jahre,"Wien 13.Bezirk, Hietzing <913>",38
10 Jahre,"Wien 14.Bezirk, Penzing <914>",59
10 Jahre,"Wien 15.Bezirk, Rudolfsheim-Fünfhaus <915>",40
10 Jahre,"Wien 16.Bezirk, Ottakring <916>",77
10 Jahre,"Wien 17.Bezirk, Hernals <917>",49
10 Jahre,"Wien 18.Bezirk, Währing <918>",36
10 Jahre,"Wien 19.Bezirk, Döbling <919>",79
10 Jahre,"Wien 20.Bezirk, Brigittenau <920>",84
10 Jahre,"Wien 21.Bezirk, Floridsdorf <921>",167
10 Jahre,"Wien 22.Bezirk, Donaustadt <922>",245
10 Jahre,"Wien 23.Bezirk, Liesing <923>",129
11 Jahre,Innsbruck (Stadt) <701>,77
11 Jahre,Imst <702>,27
11 Jahre,Innsbruck Land <703>,97
11 Jahre,Kitzbühel <704>,30
11 Jahre,Kufstein <705>,59
11 Jahre,Landeck <706>,13
11 Jahre,Lienz <707>,25
11 Jahre,Reutte <708>,19
11 Jahre,Schwaz <709>,50
11 Jahre,Bludenz <801>,39
11 Jahre,Bregenz <802>,103
11 Jahre,Dornbirn <803>,65
11 Jahre,Feldkirch <804>,60
11 Jahre,"Wien 1.Bezirk, Innere Stadt <901>",6
11 Jahre,"Wien 2.Bezirk, Leopoldstadt <902>",68
11 Jahre,"Wien 3.Bezirk, Landstraße <903>",78
11 Jahre,"Wien 4.Bezirk, Wieden <904>",17
11 Jahre,"Wien 5.Bezirk, Margareten <905>",31
11 Jahre,"Wien 6.Bezirk, Mariahilf <906>",20
11 Jahre,"Wien 7.Bezirk, Neubau <907>",12
11 Jahre,"Wien 8.Bezirk, Josefstadt <908>",8
11 Jahre,"Wien 9.Bezirk, Alsergrund <909>",24
11 Jahre,"Wien 10.Bezirk, Favoriten <910>",229
11 Jahre,"Wien 11.Bezirk, Simmering <911>",73
11 Jahre,"Wien 12.Bezirk, Meidling <912>",80
11 Jahre,"Wien 13.Bezirk, Hietzing <913>",34
11 Jahre,"Wien 14.Bezirk, Penzing <914>",61
11 Jahre,"Wien 15.Bezirk, Rudolfsheim-Fünfhaus <915>",42
11 Jahre,"Wien 16.Bezirk, Ottakring <916>",73
11 Jahre,"Wien 17.Bezirk, Hernals <917>",47
11 Jahre,"Wien 18.Bezirk, Währing <918>",41
11 Jahre,"Wien 19.Bezirk, Döbling <919>",71
11 Jahre,"Wien 20.Bezirk, Brigittenau <920>",63
11 Jahre,"Wien 21.Bezirk, Floridsdorf <921>",166
11 Jahre,"Wien 22.Bezirk, Donaustadt <922>",216
11 Jahre,"Wien 23.Bezirk, Liesing <923>",78
12 Jahre,Innsbruck (Stadt) <701>,79
12 Jahre,Imst <702>,22
12 Jahre,Innsbruck Land <703>,81
12 Jahre,Kitzbühel <704>,28
12 Jahre,Kufstein <705>,58
12 Jahre,Landeck <706>,16
12 Jahre,Lienz <707>,17
12 Jahre,Reutte <708>,10
12 Jahre,Schwaz <709>,41
12 Jahre,Bludenz <801>,28
12 Jahre,Bregenz <802>,86
12 Jahre,Dornbirn <803>,51
12 Jahre,Feldkirch <804>,77
12 Jahre,"Wien 1.Bezirk, Innere Stadt <901>",10
12 Jahre,"Wien 2.Bezirk, Leopoldstadt <902>",71
12 Jahre,"Wien 3.Bezirk, Landstraße <903>",61
12 Jahre,"Wien 4.Bezirk, Wieden <904>",13
12 Jahre,"Wien 5.Bezirk, Margareten <905>",26
12 Jahre,"Wien 6.Bezirk, Mariahilf <906>",13
12 Jahre,"Wien 7.Bezirk, Neubau <907>",17
12 Jahre,"Wien 8.Bezirk, Josefstadt <908>",7
12 Jahre,"Wien 9.Bezirk, Alsergrund <909>",23
12 Jahre,"Wien 10.Bezirk, Favoriten <910>",216
12 Jahre,"Wien 11.Bezirk, Simmering <911>",65
12 Jahre,"Wien 12.Bezirk, Meidling <912>",70
12 Jahre,"Wien 13.Bezirk, Hietzing <913>",28
12 Jahre,"Wien 14.Bezirk, Penzing <914>",83
12 Jahre,"Wien 15.Bezirk, Rudolfsheim-Fünfhaus <915>",33
12 Jahre,"Wien 16.Bezirk, Ottakring <916>",74
12 Jahre,"Wien 17.Bezirk, Hernals <917>",26
12 Jahre,"Wien 18.Bezirk, Währing <918>",36
12 Jahre,"Wien 19.Bezirk, Döbling <919>",61
12 Jahre,"Wien 20.Bezirk, Brigittenau <920>",74
12 Jahre,"Wien 21.Bezirk, Floridsdorf <921>",154
12 Jahre,"Wien 22.Bezirk, Donaustadt <922>",191
12 Jahre,"Wien 23.Bezirk, Liesing <923>",94
13 Jahre,Innsbruck (Stadt) <701>,71
13 Jahre,Imst <702>,34
13 Jahre,Innsbruck Land <703>,91
13 Jahre,Kitzbühel <704>,36
13 Jahre,Kufstein <705>,71
13 Jahre,Landeck <706>,13
13 Jahre,Lienz <707>,16
13 Jahre,Reutte <708>,9
13 Jahre,Schwaz <709>,41
13 Jahre,Bludenz <801>,45
13 Jahre,Bregenz <802>,70
13 Jahre,Dornbirn <803>,72
13 Jahre,Feldkirch <804>,63
13 Jahre,"Wien 1.Bezirk, Innere Stadt <901>",12
13 Jahre,"Wien 2.Bezirk, Leopoldstadt <902>",61
13 Jahre,"Wien 3.Bezirk, Landstraße <903>",68
13 Jahre,"Wien 4.Bezirk, Wieden <904>",18
13 Jahre,"Wien 5.Bezirk, Margareten <905>",37
13 Jahre,"Wien 6.Bezirk, Mariahilf <906>",17
13 Jahre,"Wien 7.Bezirk, Neubau <907>",14
13 Jahre,"Wien 8.Bezirk, Josefstadt <908>",8
13 Jahre,"Wien 9.Bezirk, Alsergrund <909>",19
13 Jahre,"Wien 10.Bezirk, Favoriten <910>",187
13 Jahre,"Wien 11.Bezirk, Simmering <911>",78
13 Jahre,"Wien 12.Bezirk, Meidling <912>",76
13 Jahre,"Wien 13.Bezirk, Hietzing <913>",37
13 Jahre,"Wien 14.Bezirk, Penzing <914>",68
13 Jahre,"Wien 15.Bezirk, Rudolfsheim-Fünfhaus <915>",43
13 Jahre,"Wien 16.Bezirk, Ottakring <916>",76
13 Jahre,"Wien 17.Bezirk, Hernals <917>",54
13 Jahre,"Wien 18.Bezirk, Währing <918>",24
13 Jahre,"Wien 19.Bezirk, Döbling <919>",49
13 Jahre,"Wien 20.Bezirk, Brigittenau <920>",63
13 Jahre,"Wien 21.Bezirk, Floridsdorf <921>",151
13 Jahre,"Wien 22.Bezirk, Donaustadt <922>",216
13 Jahre,"Wien 23.Bezirk, Liesing <923>",81
14 Jahre,Innsbruck (Stadt) <701>,95
14 Jahre,Imst <702>,30
14 Jahre,Innsbruck Land <703>,112
14 Jahre,Kitzbühel <704>,28
14 Jahre,Kufstein <705>,60
14 Jahre,Landeck <706>,15
14 Jahre,Lienz <707>,10
14 Jahre,Reutte <708>,13
14 Jahre,Schwaz <709>,47
14 Jahre,Bludenz <801>,39
14 Jahre,Bregenz <802>,84
14 Jahre,Dornbirn <803>,74
14 Jahre,Feldkirch <804>,57
14 Jahre,"Wien 1.Bezirk, Innere Stadt <901>",13
14 Jahre,"Wien 2.Bezirk, Leopoldstadt <902>",78
14 Jahre,"Wien 3.Bezirk, Landstraße <903>",53
14 Jahre,"Wien 4.Bezirk, Wieden <904>",14
14 Jahre,"Wien 5.Bezirk, Margareten <905>",22
14 Jahre,"Wien 6.Bezirk, Mariahilf <906>",17
14 Jahre,"Wien 7.Bezirk, Neubau <907>",18
14 Jahre,"Wien 8.Bezirk, Josefstadt <908>",3
14 Jahre,"Wien 9.Bezirk, Alsergrund <909>",22
14 Jahre,"Wien 10.Bezirk, Favoriten <910>",187
14 Jahre,"Wien 11.Bezirk, Simmering <911>",70
14 Jahre,"Wien 12.Bezirk, Meidling <912>",71
14 Jahre,"Wien 13.Bezirk, Hietzing <913>",38
14 Jahre,"Wien 14.Bezirk, Penzing <914>",67
14 Jahre,"Wien 15.Bezirk, Rudolfsheim-Fünfhaus <915>",49
14 Jahre,"Wien 16.Bezirk, Ottakring <916>",73
14 Jahre,"Wien 17.Bezirk, Hernals <917>",34
14 Jahre,"Wien 18.Bezirk, Währing <918>",24
14 Jahre,"Wien 19.Bezirk, Döbling <919>",64
14 Jahre,"Wien 20.Bezirk, Brigittenau <920>",73
14 Jahre,"Wien 21.Bezirk, Floridsdorf <921>",157
14 Jahre,"Wien 22.Bezirk, Donaustadt <922>",187
14 Jahre,"Wien 23.Bezirk, Liesing <923>",76
15 Jahre,Innsbruck (Stadt) <701>,93
15 Jahre,Imst <702>,22
15 Jahre,Innsbruck Land <703>,78
15 Jahre,Kitzbühel <704>,25
15 Jahre,Kufstein <705>,71
15 Jahre,Landeck <706>,14
15 Jahre,Lienz <707>,19
15 Jahre,Reutte <708>,10
15 Jahre,Schwaz <709>,50
15 Jahre,Bludenz <801>,41
15 Jahre,Bregenz <802>,104
15 Jahre,Dornbirn <803>,60
15 Jahre,Feldkirch <804>,60
15 Jahre,"Wien 1.Bezirk, Innere Stadt <901>",8
15 Jahre,"Wien 2.Bezirk, Leopoldstadt <902>",74
15 Jahre,"Wien 3.Bezirk, Landstraße <903>",61
15 Jahre,"Wien 4.Bezirk, Wieden <904>",20
15 Jahre,"Wien 5.Bezirk, Margareten <905>",17
15 Jahre,"Wien 6.Bezirk, Mariahilf <906>",15
15 Jahre,"Wien 7.Bezirk, Neubau <907>",15
15 Jahre,"Wien 8.Bezirk, Josefstadt <908>",6
15 Jahre,"Wien 9.Bezirk, Alsergrund <909>",19
15 Jahre,"Wien 10.Bezirk, Favoriten <910>",223
15 Jahre,"Wien 11.Bezirk, Simmering <911>",90
15 Jahre,"Wien 12.Bezirk, Meidling <912>",82
15 Jahre,"Wien 13.Bezirk, Hietzing <913>",33
15 Jahre,"Wien 14.Bezirk, Penzing <914>",60
15 Jahre,"Wien 15.Bezirk, Rudolfsheim-Fünfhaus <915>",61
15 Jahre,"Wien 16.Bezirk, Ottakring <916>",77
15 Jahre,"Wien 17.Bezirk, Hernals <917>",36
15 Jahre,"Wien 18.Bezirk, Währing <918>",26
15 Jahre,"Wien 19.Bezirk, Döbling <919>",44
15 Jahre,"Wien 20.Bezirk, Brigittenau <920>",52
15 Jahre,"Wien 21.Bezirk, Floridsdorf <921>",146
15 Jahre,"Wien 22.Bezirk, Donaustadt <922>",179
15 Jahre,"Wien 23.Bezirk, Liesing <923>",101
16 Jahre,Innsbruck (Stadt) <701>,127
16 Jahre,Imst <702>,30
16 Jahre,Innsbruck Land <703>,80
16 Jahre,Kitzbühel <704>,40
16 Jahre,Kufstein <705>,65
16 Jahre,Landeck <706>,13
16 Jahre,Lienz <707>,8
16 Jahre,Reutte <708>,20
16 Jahre,Schwaz <709>,41
16 Jahre,Bludenz <801>,38
16 Jahre,Bregenz <802>,99
16 Jahre,Dornbirn <803>,70
16 Jahre,Feldkirch <804>,70
16 Jahre,"Wien 1.Bezirk, Innere Stadt <901>",12
16 Jahre,"Wien 2.Bezirk, Leopoldstadt <902>",83
16 Jahre,"Wien 3.Bezirk, Landstraße <903>",71
16 Jahre,"Wien 4.Bezirk, Wieden <904>",20
16 Jahre,"Wien 5.Bezirk, Margareten <905>",32
16 Jahre,"Wien 6.Bezirk, Mariahilf <906>",17
16 Jahre,"Wien 7.Bezirk, Neubau <907>",15
16 Jahre,"Wien 8.Bezirk, Josefstadt <908>",9
16 Jahre,"Wien 9.Bezirk, Alsergrund <909>",22
16 Jahre,"Wien 10.Bezirk, Favoriten <910>",218
16 Jahre,"Wien 11.Bezirk, Simmering <911>",67
16 Jahre,"Wien 12.Bezirk, Meidling <912>",91
16 Jahre,"Wien 13.Bezirk, Hietzing <913>",36
16 Jahre,"Wien 14.Bezirk, Penzing <914>",71
16 Jahre,"Wien 15.Bezirk, Rudolfsheim-Fünfhaus <915>",49
16 Jahre,"Wien 16.Bezirk, Ottakring <916>",71
16 Jahre,"Wien 17.Bezirk, Hernals <917>",39
16 Jahre,"Wien 18.Bezirk, Währing <918>",43
16 Jahre,"Wien 19.Bezirk, Döbling <919>",57
16 Jahre,"Wien 20.Bezirk, Brigittenau <920>",73
16 Jahre,"Wien 21.Bezirk, Floridsdorf <921>",173
16 Jahre,"Wien 22.Bezirk, Donaustadt <922>",169
16 Jahre,"Wien 23.Bezirk, Liesing <923>",84
17 Jahre,Innsbruck (Stadt) <701>,153
17 Jahre,Imst <702>,27
17 Jahre,Innsbruck Land <703>,90
17 Jahre,Kitzbühel <704>,24
17 Jahre,Kufstein <705>,57
17 Jahre,Landeck <706>,14
17 Jahre,Lienz <707>,21
17 Jahre,Reutte <708>,17
17 Jahre,Schwaz <709>,40
17 Jahre,Bludenz <801>,54
17 Jahre,Bregenz <802>,100
17 Jahre,Dornbirn <803>,94
17 Jahre,Feldkirch <804>,95
17 Jahre,"Wien 1.Bezirk, Innere Stadt <901>",10
17 Jahre,"Wien 2.Bezirk, Leopoldstadt <902>",96
17 Jahre,"Wien 3.Bezirk, Landstraße <903>",113
17 Jahre,"Wien 4.Bezirk, Wieden <904>",23
17 Jahre,"Wien 5.Bezirk, Margareten <905>",44
17 Jahre,"Wien 6.Bezirk, Mariahilf <906>",13
17 Jahre,"Wien 7.Bezirk, Neubau <907>",16
17 Jahre,"Wien 8.Bezirk, Josefstadt <908>",13
17 Jahre,"Wien 9.Bezirk, Alsergrund <909>",23
17 Jahre,"Wien 10.Bezirk, Favoriten <910>",269
17 Jahre,"Wien 11.Bezirk, Simmering <911>",84
17 Jahre,"Wien 12.Bezirk, Meidling <912>",116
17 Jahre,"Wien 13.Bezirk, Hietzing <913>",40
17 Jahre,"Wien 14.Bezirk, Penzing <914>",69
17 Jahre,"Wien 15.Bezirk, Rudolfsheim-Fünfhaus <915>",61
17 Jahre,"Wien 16.Bezirk, Ottakring <916>",93
17 Jahre,"Wien 17.Bezirk, Hernals <917>",36
17 Jahre,"Wien 18.Bezirk, Währing <918>",48
17 Jahre,"Wien 19.Bezirk, Döbling <919>",72
17 Jahre,"Wien 20.Bezirk, Brigittenau <920>",84
17 Jahre,"Wien 21.Bezirk, Floridsdorf <921>",179
17 Jahre,"Wien 22.Bezirk, Donaustadt <922>",218
17 Jahre,"Wien 23.Bezirk, Liesing <923>",86
18 Jahre,Innsbruck (Stadt) <701>,221
18 Jahre,Imst <702>,48
18 Jahre,Innsbruck Land <703>,150
18 Jahre,Kitzbühel <704>,50
18 Jahre,Kufstein <705>,81
18 Jahre,Landeck <706>,22
18 Jahre,Lienz <707>,25
18 Jahre,Reutte <708>,23
18 Jahre,Schwaz <709>,64
18 Jahre,Bludenz <801>,59
18 Jahre,Bregenz <802>,125
18 Jahre,Dornbirn <803>,132
18 Jahre,Feldkirch <804>,129
18 Jahre,"Wien 1.Bezirk, Innere Stadt <901>",21
18 Jahre,"Wien 2.Bezirk, Leopoldstadt <902>",228
18 Jahre,"Wien 3.Bezirk, Landstraße <903>",202
18 Jahre,"Wien 4.Bezirk, Wieden <904>",58
18 Jahre,"Wien 5.Bezirk, Margareten <905>",145
18 Jahre,"Wien 6.Bezirk, Mariahilf <906>",63
18 Jahre,"Wien 7.Bezirk, Neubau <907>",52
18 Jahre,"Wien 8.Bezirk, Josefstadt <908>",51
18 Jahre,"Wien 9.Bezirk, Alsergrund <909>",82
18 Jahre,"Wien 10.Bezirk, Favoriten <910>",683
18 Jahre,"Wien 11.Bezirk, Simmering <911>",197
18 Jahre,"Wien 12.Bezirk, Meidling <912>",204
18 Jahre,"Wien 13.Bezirk, Hietzing <913>",71
18 Jahre,"Wien 14.Bezirk, Penzing <914>",180
18 Jahre,"Wien 15.Bezirk, Rudolfsheim-Fünfhaus <915>",197
18 Jahre,"Wien 16.Bezirk, Ottakring <916>",212
18 Jahre,"Wien 17.Bezirk, Hernals <917>",114
18 Jahre,"Wien 18.Bezirk, Währing <918>",76
18 Jahre,"Wien 19.Bezirk, Döbling <919>",152
18 Jahre,"Wien 20.Bezirk, Brigittenau <920>",239
18 Jahre,"Wien 21.Bezirk, Floridsdorf <921>",354
18 Jahre,"Wien 22.Bezirk, Donaustadt <922>",419
18 Jahre,"Wien 23.Bezirk, Liesing <923>",155
19 Jahre,Innsbruck (Stadt) <701>,277
19 Jahre,Imst <702>,67
19 Jahre,Innsbruck Land <703>,163
19 Jahre,Kitzbühel <704>,69
19 Jahre,Kufstein <705>,124
19 Jahre,Landeck <706>,22
19 Jahre,Lienz <707>,28
19 Jahre,Reutte <708>,25
19 Jahre,Schwaz <709>,75
19 Jahre,Bludenz <801>,70
19 Jahre,Bregenz <802>,163
19 Jahre,Dornbirn <803>,151
19 Jahre,Feldkirch <804>,142
19 Jahre,"Wien 1.Bezirk, Innere Stadt <901>",26
19 Jahre,"Wien 2.Bezirk, Leopoldstadt <902>",280
19 Jahre,"Wien 3.Bezirk, Landstraße <903>",253
19 Jahre,"Wien 4.Bezirk, Wieden <904>",81
19 Jahre,"Wien 5.Bezirk, Margareten <905>",169
19 Jahre,"Wien 6.Bezirk, Mariahilf <906>",68
19 Jahre,"Wien 7.Bezirk, Neubau <907>",78
19 Jahre,"Wien 8.Bezirk, Josefstadt <908>",93
19 Jahre,"Wien 9.Bezirk, Alsergrund <909>",123
19 Jahre,"Wien 10.Bezirk, Favoriten <910>",656
19 Jahre,"Wien 11.Bezirk, Simmering <911>",249
19 Jahre,"Wien 12.Bezirk, Meidling <912>",233
19 Jahre,"Wien 13.Bezirk, Hietzing <913>",70
19 Jahre,"Wien 14.Bezirk, Penzing <914>",180
19 Jahre,"Wien 15.Bezirk, Rudolfsheim-Fünfhaus <915>",226
19 Jahre,"Wien 16.Bezirk, Ottakring <916>",285
19 Jahre,"Wien 17.Bezirk, Hernals <917>",151
19 Jahre,"Wien 18.Bezirk, Währing <918>",108
19 Jahre,"Wien 19.Bezirk, Döbling <919>",193
19 Jahre,"Wien 20.Bezirk, Brigittenau <920>",270
19 Jahre,"Wien 21.Bezirk, Floridsdorf <921>",444
19 Jahre,"Wien 22.Bezirk, Donaustadt <922>",452
19 Jahre,"Wien 23.Bezirk, Liesing <923>",162
20 Jahre,Innsbruck (Stadt) <701>,382
20 Jahre,Imst <702>,69
20 Jahre,Innsbruck Land <703>,198
20 Jahre,Kitzbühel <704>,73
20 Jahre,Kufstein <705>,164
20 Jahre,Landeck <706>,45
20 Jahre,Lienz <707>,40
20 Jahre,Reutte <708>,32
20 Jahre,Schwaz <709>,80
20 Jahre,Bludenz <801>,94
20 Jahre,Bregenz <802>,178
20 Jahre,Dornbirn <803>,161
20 Jahre,Feldkirch <804>,172
20 Jahre,"Wien 1.Bezirk, Innere Stadt <901>",38
20 Jahre,"Wien 2.Bezirk, Leopoldstadt <902>",365
20 Jahre,"Wien 3.Bezirk, Landstraße <903>",303
20 Jahre,"Wien 4.Bezirk, Wieden <904>",98
20 Jahre,"Wien 5.Bezirk, Margareten <905>",211
20 Jahre,"Wien 6.Bezirk, Mariahilf <906>",95
20 Jahre,"Wien 7.Bezirk, Neubau <907>",94
20 Jahre,"Wien 8.Bezirk, Josefstadt <908>",100
20 Jahre,"Wien 9.Bezirk, Alsergrund <909>",167
20 Jahre,"Wien 10.Bezirk, Favoriten <910>",769
20 Jahre,"Wien 11.Bezirk, Simmering <911>",282
20 Jahre,"Wien 12.Bezirk, Meidling <912>",300
20 Jahre,"Wien 13.Bezirk, Hietzing <913>",118
20 Jahre,"Wien 14.Bezirk, Penzing <914>",217
20 Jahre,"Wien 15.Bezirk, Rudolfsheim-Fünfhaus <915>",301
20 Jahre,"Wien 16.Bezirk, Ottakring <916>",331
20 Jahre,"Wien 17.Bezirk, Hernals <917>",158
20 Jahre,"Wien 18.Bezirk, Währing <918>",128
20 Jahre,"Wien 19.Bezirk, Döbling <919>",181
20 Jahre,"Wien 20.Bezirk, Brigittenau <920>",320
20 Jahre,"Wien 21.Bezirk, Floridsdorf <921>",494
20 Jahre,"Wien 22.Bezirk, Donaustadt <922>",511
20 Jahre,"Wien 23.Bezirk, Liesing <923>",200
21 Jahre,Innsbruck (Stadt) <701>,416
21 Jahre,Imst <702>,73
21 Jahre,Innsbruck Land <703>,242
21 Jahre,Kitzbühel <704>,86
21 Jahre,Kufstein <705>,179
21 Jahre,Landeck <706>,44
21 Jahre,Lienz <707>,64
21 Jahre,Reutte <708>,32
21 Jahre,Schwaz <709>,115
21 Jahre,Bludenz <801>,114
21 Jahre,Bregenz <802>,223
21 Jahre,Dornbirn <803>,221
21 Jahre,Feldkirch <804>,210
21 Jahre,"Wien 1.Bezirk, Innere Stadt <901>",51
21 Jahre,"Wien 2.Bezirk, Leopoldstadt <902>",356
21 Jahre,"Wien 3.Bezirk, Landstraße <903>",324
21 Jahre,"Wien 4.Bezirk, Wieden <904>",111
21 Jahre,"Wien 5.Bezirk, Margareten <905>",214
21 Jahre,"Wien 6.Bezirk, Mariahilf <906>",116
21 Jahre,"Wien 7.Bezirk, Neubau <907>",81
21 Jahre,"Wien 8.Bezirk, Josefstadt <908>",104
21 Jahre,"Wien 9.Bezirk, Alsergrund <909>",155
21 Jahre,"Wien 10.Bezirk, Favoriten <910>",842
21 Jahre,"Wien 11.Bezirk, Simmering <911>",322
21 Jahre,"Wien 12.Bezirk, Meidling <912>",290
21 Jahre,"Wien 13.Bezirk, Hietzing <913>",106
21 Jahre,"Wien 14.Bezirk, Penzing <914>",242
21 Jahre,"Wien 15.Bezirk, Rudolfsheim-Fünfhaus <915>",313
21 Jahre,"Wien 16.Bezirk, Ottakring <916>",362
21 Jahre,"Wien 17.Bezirk, Hernals <917>",162
21 Jahre,"Wien 18.Bezirk, Währing <918>",157
21 Jahre,"Wien 19.Bezirk, Döbling <919>",171
21 Jahre,"Wien 20.Bezirk, Brigittenau <920>",333
21 Jahre,"Wien 21.Bezirk, Floridsdorf <921>",495
21 Jahre,"Wien 22.Bezirk, Donaustadt <922>",609
21 Jahre,"Wien 23.Bezirk, Liesing <923>",214
22 Jahre,Innsbruck (Stadt) <701>,439
22 Jahre,Imst <702>,104
22 Jahre,Innsbruck Land <703>,253
22 Jahre,Kitzbühel <704>,120
22 Jahre,Kufstein <705>,183
22 Jahre,Landeck <706>,46
22 Jahre,Lienz <707>,57
22 Jahre,Reutte <708>,63
22 Jahre,Schwaz <709>,114
22 Jahre,Bludenz <801>,117
22 Jahre,Bregenz <802>,230
22 Jahre,Dornbirn <803>,235
22 Jahre,Feldkirch <804>,210
22 Jahre,"Wien 1.Bezirk, Innere Stadt <901>",40
22 Jahre,"Wien 2.Bezirk, Leopoldstadt <902>",361
22 Jahre,"Wien 3.Bezirk, Landstraße <903>",345
22 Jahre,"Wien 4.Bezirk, Wieden <904>",101
22 Jahre,"Wien 5.Bezirk, Margareten <905>",262
22 Jahre,"Wien 6.Bezirk, Mariahilf <906>",137
22 Jahre,"Wien 7.Bezirk, Neubau <907>",120
22 Jahre,"Wien 8.Bezirk, Josefstadt <908>",119
22 Jahre,"Wien 9.Bezirk, Alsergrund <909>",184
22 Jahre,"Wien 10.Bezirk, Favoriten <910>",902
22 Jahre,"Wien 11.Bezirk, Simmering <911>",325
22 Jahre,"Wien 12.Bezirk, Meidling <912>",377
22 Jahre,"Wien 13.Bezirk, Hietzing <913>",103
22 Jahre,"Wien 14.Bezirk, Penzing <914>",272
22 Jahre,"Wien 15.Bezirk, Rudolfsheim-Fünfhaus <915>",321
22 Jahre,"Wien 16.Bezirk, Ottakring <916>",384
22 Jahre,"Wien 17.Bezirk, Hernals <917>",209
22 Jahre,"Wien 18.Bezirk, Währing <918>",128
22 Jahre,"Wien 19.Bezirk, Döbling <919>",223
22 Jahre,"Wien 20.Bezirk, Brigittenau <920>",315
22 Jahre,"Wien 21.Bezirk, Floridsdorf <921>",542
22 Jahre,"Wien 22.Bezirk, Donaustadt <922>",634
22 Jahre,"Wien 23.Bezirk, Liesing <923>",244
23 Jahre,Innsbruck (Stadt) <701>,509
23 Jahre,Imst <702>,101
23 Jahre,Innsbruck Land <703>,302
23 Jahre,Kitzbühel <704>,98
23 Jahre,Kufstein <705>,231
23 Jahre,Landeck <706>,59
23 Jahre,Lienz <707>,65
23 Jahre,Reutte <708>,48
23 Jahre,Schwaz <709>,112
23 Jahre,Bludenz <801>,119
23 Jahre,Bregenz <802>,267
23 Jahre,Dornbirn <803>,243
23 Jahre,Feldkirch <804>,261
23 Jahre,"Wien 1.Bezirk, Innere Stadt <901>",41
23 Jahre,"Wien 2.Bezirk, Leopoldstadt <902>",402
23 Jahre,"Wien 3.Bezirk, Landstraße <903>",371
23 Jahre,"Wien 4.Bezirk, Wieden <904>",130
23 Jahre,"Wien 5.Bezirk, Margareten <905>",239
23 Jahre,"Wien 6.Bezirk, Mariahilf <906>",159
23 Jahre,"Wien 7.Bezirk, Neubau <907>",122
23 Jahre,"Wien 8.Bezirk, Josefstadt <908>",125
23 Jahre,"Wien 9.Bezirk, Alsergrund <909>",198
23 Jahre,"Wien 10.Bezirk, Favoriten <910>",951
23 Jahre,"Wien 11.Bezirk, Simmering <911>",320
23 Jahre,"Wien 12.Bezirk, Meidling <912>",393
23 Jahre,"Wien 13.Bezirk, Hietzing <913>",126
23 Jahre,"Wien 14.Bezirk, Penzing <914>",270
23 Jahre,"Wien 15.Bezirk, Rudolfsheim-Fünfhaus <915>",364
23 Jahre,"Wien 16.Bezirk, Ottakring <916>",437
23 Jahre,"Wien 17.Bezirk, Hernals <917>",193
23 Jahre,"Wien 18.Bezirk, Währing <918>",148
23 Jahre,"Wien 19.Bezirk, Döbling <919>",203
23 Jahre,"Wien 20.Bezirk, Brigittenau <920>",403
23 Jahre,"Wien 21.Bezirk, Floridsdorf <921>",541
23 Jahre,"Wien 22.Bezirk, Donaustadt <922>",718
23 Jahre,"Wien 23.Bezirk, Liesing <923>",243
24 Jahre,Innsbruck (Stadt) <701>,572
24 Jahre,Imst <702>,97
24 Jahre,Innsbruck Land <703>,317
24 Jahre,Kitzbühel <704>,117
24 Jahre,Kufstein <705>,227
24 Jahre,Landeck <706>,49
24 Jahre,Lienz <707>,66
24 Jahre,Reutte <708>,50
24 Jahre,Schwaz <709>,142
24 Jahre,Bludenz <801>,141
24 Jahre,Bregenz <802>,291
24 Jahre,Dornbirn <803>,287
24 Jahre,Feldkirch <804>,272
24 Jahre,"Wien 1.Bezirk, Innere Stadt <901>",29
24 Jahre,"Wien 2.Bezirk, Leopoldstadt <902>",459
24 Jahre,"Wien 3.Bezirk, Landstraße <903>",473
24 Jahre,"Wien 4.Bezirk, Wieden <904>",167
24 Jahre,"Wien 5.Bezirk, Margareten <905>",289
24 Jahre,"Wien 6.Bezirk, Mariahilf <906>",168
24 Jahre,"Wien 7.Bezirk, Neubau <907>",162
24 Jahre,"Wien 8.Bezirk, Josefstadt <908>",156
24 Jahre,"Wien 9.Bezirk, Alsergrund <909>",268
24 Jahre,"Wien 10.Bezirk, Favoriten <910>",969
24 Jahre,"Wien 11.Bezirk, Simmering <911>",350
24 Jahre,"Wien 12.Bezirk, Meidling <912>",436
24 Jahre,"Wien 13.Bezirk, Hietzing <913>",136
24 Jahre,"Wien 14.Bezirk, Penzing <914>",296
24 Jahre,"Wien 15.Bezirk, Rudolfsheim-Fünfhaus <915>",385
24 Jahre,"Wien 16.Bezirk, Ottakring <916>",419
24 Jahre,"Wien 17.Bezirk, Hernals <917>",253
24 Jahre,"Wien 18.Bezirk, Währing <918>",181
24 Jahre,"Wien 19.Bezirk, Döbling <919>",210
24 Jahre,"Wien 20.Bezirk, Brigittenau <920>",420
24 Jahre,"Wien 21.Bezirk, Floridsdorf <921>",557
24 Jahre,"Wien 22.Bezirk, Donaustadt <922>",731
24 Jahre,"Wien 23.Bezirk, Liesing <923>",286
25 Jahre,Innsbruck (Stadt) <701>,628
25 Jahre,Imst <702>,103
25 Jahre,Innsbruck Land <703>,314
25 Jahre,Kitzbühel <704>,113
25 Jahre,Kufstein <705>,274
25 Jahre,Landeck <706>,65
25 Jahre,Lienz <707>,68
25 Jahre,Reutte <708>,60
25 Jahre,Schwaz <709>,164
25 Jahre,Bludenz <801>,142
25 Jahre,Bregenz <802>,287
25 Jahre,Dornbirn <803>,313
25 Jahre,Feldkirch <804>,319
25 Jahre,"Wien 1.Bezirk, Innere Stadt <901>",50
25 Jahre,"Wien 2.Bezirk, Leopoldstadt <902>",505
25 Jahre,"Wien 3.Bezirk, Landstraße <903>",471
25 Jahre,"Wien 4.Bezirk, Wieden <904>",185
25 Jahre,"Wien 5.Bezirk, Margareten <905>",287
25 Jahre,"Wien 6.Bezirk, Mariahilf <906>",189
25 Jahre,"Wien 7.Bezirk, Neubau <907>",190
25 Jahre,"Wien 8.Bezirk, Josefstadt <908>",167
25 Jahre,"Wien 9.Bezirk, Alsergrund <909>",287
25 Jahre,"Wien 10.Bezirk, Favoriten <910>",1032
25 Jahre,"Wien 11.Bezirk, Simmering <911>",387
25 Jahre,"Wien 12.Bezirk, Meidling <912>",428
25 Jahre,"Wien 13.Bezirk, Hietzing <913>",113
25 Jahre,"Wien 14.Bezirk, Penzing <914>",319
25 Jahre,"Wien 15.Bezirk, Rudolfsheim-Fünfhaus <915>",387
25 Jahre,"Wien 16.Bezirk, Ottakring <916>",460
25 Jahre,"Wien 17.Bezirk, Hernals <917>",250
25 Jahre,"Wien 18.Bezirk, Währing <918>",200
25 Jahre,"Wien 19.Bezirk, Döbling <919>",237
25 Jahre,"Wien 20.Bezirk, Brigittenau <920>",396
25 Jahre,"Wien 21.Bezirk, Floridsdorf <921>",539
25 Jahre,"Wien 22.Bezirk, Donaustadt <922>",771
25 Jahre,"Wien 23.Bezirk, Liesing <923>",289
26 Jahre,Innsbruck (Stadt) <701>,674
26 Jahre,Imst <702>,103
26 Jahre,Innsbruck Land <703>,296
26 Jahre,Kitzbühel <704>,121
26 Jahre,Kufstein <705>,266
26 Jahre,Landeck <706>,62
26 Jahre,Lienz <707>,70
26 Jahre,Reutte <708>,49
26 Jahre,Schwaz <709>,160
26 Jahre,Bludenz <801>,123
26 Jahre,Bregenz <802>,306
26 Jahre,Dornbirn <803>,259
26 Jahre,Feldkirch <804>,290
26 Jahre,"Wien 1.Bezirk, Innere Stadt <901>",38
26 Jahre,"Wien 2.Bezirk, Leopoldstadt <902>",476
26 Jahre,"Wien 3.Bezirk, Landstraße <903>",508
26 Jahre,"Wien 4.Bezirk, Wieden <904>",183
26 Jahre,"Wien 5.Bezirk, Margareten <905>",340
26 Jahre,"Wien 6.Bezirk, Mariahilf <906>",179
26 Jahre,"Wien 7.Bezirk, Neubau <907>",184
26 Jahre,"Wien 8.Bezirk, Josefstadt <908>",166
26 Jahre,"Wien 9.Bezirk, Alsergrund <909>",278
26 Jahre,"Wien 10.Bezirk, Favoriten <910>",959
26 Jahre,"Wien 11.Bezirk, Simmering <911>",321
26 Jahre,"Wien 12.Bezirk, Meidling <912>",462
26 Jahre,"Wien 13.Bezirk, Hietzing <913>",118
26 Jahre,"Wien 14.Bezirk, Penzing <914>",288
26 Jahre,"Wien 15.Bezirk, Rudolfsheim-Fünfhaus <915>",457
26 Jahre,"Wien 16.Bezirk, Ottakring <916>",435
26 Jahre,"Wien 17.Bezirk, Hernals <917>",280
26 Jahre,"Wien 18.Bezirk, Währing <918>",192
26 Jahre,"Wien 19.Bezirk, Döbling <919>",204
26 Jahre,"Wien 20.Bezirk, Brigittenau <920>",401
26 Jahre,"Wien 21.Bezirk, Floridsdorf <921>",594
26 Jahre,"Wien 22.Bezirk, Donaustadt <922>",751
26 Jahre,"Wien 23.Bezirk, Liesing <923>",265
27 Jahre,Innsbruck (Stadt) <701>,645
27 Jahre,Imst <702>,124
27 Jahre,Innsbruck Land <703>,351
27 Jahre,Kitzbühel <704>,109
27 Jahre,Kufstein <705>,229
27 Jahre,Landeck <706>,79
27 Jahre,Lienz <707>,85
27 Jahre,Reutte <708>,70
27 Jahre,Schwaz <709>,165
27 Jahre,Bludenz <801>,152
27 Jahre,Bregenz <802>,295
27 Jahre,Dornbirn <803>,266
27 Jahre,Feldkirch <804>,317
27 Jahre,"Wien 1.Bezirk, Innere Stadt <901>",38
27 Jahre,"Wien 2.Bezirk, Leopoldstadt <902>",507
27 Jahre,"Wien 3.Bezirk, Landstraße <903>",464
27 Jahre,"Wien 4.Bezirk, Wieden <904>",179
27 Jahre,"Wien 5.Bezirk, Margareten <905>",258
27 Jahre,"Wien 6.Bezirk, Mariahilf <906>",180
27 Jahre,"Wien 7.Bezirk, Neubau <907>",191
27 Jahre,"Wien 8.Bezirk, Josefstadt <908>",150
27 Jahre,"Wien 9.Bezirk, Alsergrund <909>",274
27 Jahre,"Wien 10.Bezirk, Favoriten <910>",995
27 Jahre,"Wien 11.Bezirk, Simmering <911>",354
27 Jahre,"Wien 12.Bezirk, Meidling <912>",431
27 Jahre,"Wien 13.Bezirk, Hietzing <913>",129
27 Jahre,"Wien 14.Bezirk, Penzing <914>",312
27 Jahre,"Wien 15.Bezirk, Rudolfsheim-Fünfhaus <915>",337
27 Jahre,"Wien 16.Bezirk, Ottakring <916>",460
27 Jahre,"Wien 17.Bezirk, Hernals <917>",222
27 Jahre,"Wien 18.Bezirk, Währing <918>",192
27 Jahre,"Wien 19.Bezirk, Döbling <919>",210
27 Jahre,"Wien 20.Bezirk, Brigittenau <920>",386
27 Jahre,"Wien 21.Bezirk, Floridsdorf <921>",595
27 Jahre,"Wien 22.Bezirk, Donaustadt <922>",735
27 Jahre,"Wien 23.Bezirk, Liesing <923>",286
28 Jahre,Innsbruck (Stadt) <701>,723
28 Jahre,Imst <702>,133
28 Jahre,Innsbruck Land <703>,375
28 Jahre,Kitzbühel <704>,130
28 Jahre,Kufstein <705>,247
28 Jahre,Landeck <706>,69
28 Jahre,Lienz <707>,82
28 Jahre,Reutte <708>,62
28 Jahre,Schwaz <709>,153
28 Jahre,Bludenz <801>,146
28 Jahre,Bregenz <802>,283
28 Jahre,Dornbirn <803>,285
28 Jahre,Feldkirch <804>,324
28 Jahre,"Wien 1.Bezirk, Innere Stadt <901>",37
28 Jahre,"Wien 2.Bezirk, Leopoldstadt <902>",467
28 Jahre,"Wien 3.Bezirk, Landstraße <903>",438
28 Jahre,"Wien 4.Bezirk, Wieden <904>",166
28 Jahre,"Wien 5.Bezirk, Margareten <905>",326
28 Jahre,"Wien 6.Bezirk, Mariahilf <906>",160
28 Jahre,"Wien 7.Bezirk, Neubau <907>",166
28 Jahre,"Wien 8.Bezirk, Josefstadt <908>",127
28 Jahre,"Wien 9.Bezirk, Alsergrund <909>",219
28 Jahre,"Wien 10.Bezirk, Favoriten <910>",904
28 Jahre,"Wien 11.Bezirk, Simmering <911>",320
28 Jahre,"Wien 12.Bezirk, Meidling <912>",379
28 Jahre,"Wien 13.Bezirk, Hietzing <913>",129
28 Jahre,"Wien 14.Bezirk, Penzing <914>",288
28 Jahre,"Wien 15.Bezirk, Rudolfsheim-Fünfhaus <915>",392
28 Jahre,"Wien 16.Bezirk, Ottakring <916>",383
28 Jahre,"Wien 17.Bezirk, Hernals <917>",239
28 Jahre,"Wien 18.Bezirk, Währing <918>",178
28 Jahre,"Wien 19.Bezirk, Döbling <919>",185
28 Jahre,"Wien 20.Bezirk, Brigittenau <920>",403
28 Jahre,"Wien 21.Bezirk, Floridsdorf <921>",552
28 Jahre,"Wien 22.Bezirk, Donaustadt <922>",800
28 Jahre,"Wien 23.Bezirk, Liesing <923>",267
29 Jahre,Innsbruck (Stadt) <701>,610
29 Jahre,Imst <702>,115
29 Jahre,Innsbruck Land <703>,391
29 Jahre,Kitzbühel <704>,118
29 Jahre,Kufstein <705>,275
29 Jahre,Landeck <706>,47
29 Jahre,Lienz <707>,79
29 Jahre,Reutte <708>,64
29 Jahre,Schwaz <709>,157
29 Jahre,Bludenz <801>,147
29 Jahre,Bregenz <802>,353
29 Jahre,Dornbirn <803>,246
29 Jahre,Feldkirch <804>,286
29 Jahre,"Wien 1.Bezirk, Innere Stadt <901>",40
29 Jahre,"Wien 2.Bezirk, Leopoldstadt <902>",468
29 Jahre,"Wien 3.Bezirk, Landstraße <903>",426
29 Jahre,"Wien 4.Bezirk, Wieden <904>",152
29 Jahre,"Wien 5.Bezirk, Margareten <905>",235
29 Jahre,"Wien 6.Bezirk, Mariahilf <906>",159
29 Jahre,"Wien 7.Bezirk, Neubau <907>",138
29 Jahre,"Wien 8.Bezirk, Josefstadt <908>",134
29 Jahre,"Wien 9.Bezirk, Alsergrund <909>",199
29 Jahre,"Wien 10.Bezirk, Favoriten <910>",840
29 Jahre,"Wien 11.Bezirk, Simmering <911>",350
29 Jahre,"Wien 12.Bezirk, Meidling <912>",376
29 Jahre,"Wien 13.Bezirk, Hietzing <913>",131
29 Jahre,"Wien 14.Bezirk, Penzing <914>",271
29 Jahre,"Wien 15.Bezirk, Rudolfsheim-Fünfhaus <915>",353
29 Jahre,"Wien 16.Bezirk, Ottakring <916>",349
29 Jahre,"Wien 17.Bezirk, Hernals <917>",235
29 Jahre,"Wien 18.Bezirk, Währing <918>",170
29 Jahre,"Wien 19.Bezirk, Döbling <919>",177
29 Jahre,"Wien 20.Bezirk, Brigittenau <920>",366
29 Jahre,"Wien 21.Bezirk, Floridsdorf <921>",532
29 Jahre,"Wien 22.Bezirk, Donaustadt <922>",725
29 Jahre,"Wien 23.Bezirk, Liesing <923>",259
30 Jahre,Innsbruck (Stadt) <701>,587
30 Jahre,Imst <702>,86
30 Jahre,Innsbruck Land <703>,345
30 Jahre,Kitzbühel <704>,100
30 Jahre,Kufstein <705>,252
30 Jahre,Landeck <706>,74
30 Jahre,Lienz <707>,91
30 Jahre,Reutte <708>,59
30 Jahre,Schwaz <709>,157
30 Jahre,Bludenz <801>,113
30 Jahre,Bregenz <802>,298
30 Jahre,Dornbirn <803>,249
30 Jahre,Feldkirch <804>,286
30 Jahre,"Wien 1.Bezirk, Innere Stadt <901>",33
30 Jahre,"Wien 2.Bezirk, Leopoldstadt <902>",409
30 Jahre,"Wien 3.Bezirk, Landstraße <903>",366
30 Jahre,"Wien 4.Bezirk, Wieden <904>",170
30 Jahre,"Wien 5.Bezirk, Margareten <905>",236
30 Jahre,"Wien 6.Bezirk, Mariahilf <906>",128
30 Jahre,"Wien 7.Bezirk, Neubau <907>",133
30 Jahre,"Wien 8.Bezirk, Josefstadt <908>",115
30 Jahre,"Wien 9.Bezirk, Alsergrund <909>",175
30 Jahre,"Wien 10.Bezirk, Favoriten <910>",812
30 Jahre,"Wien 11.Bezirk, Simmering <911>",324
30 Jahre,"Wien 12.Bezirk, Meidling <912>",358
30 Jahre,"Wien 13.Bezirk, Hietzing <913>",129
30 Jahre,"Wien 14.Bezirk, Penzing <914>",288
30 Jahre,"Wien 15.Bezirk, Rudolfsheim-Fünfhaus <915>",325
30 Jahre,"Wien 16.Bezirk, Ottakring <916>",404
30 Jahre,"Wien 17.Bezirk, Hernals <917>",213
30 Jahre,"Wien 18.Bezirk, Währing <918>",137
30 Jahre,"Wien 19.Bezirk, Döbling <919>",182
30 Jahre,"Wien 20.Bezirk, Brigittenau <920>",320
30 Jahre,"Wien 21.Bezirk, Floridsdorf <921>",527
30 Jahre,"Wien 22.Bezirk, Donaustadt <922>",688
30 Jahre,"Wien 23.Bezirk, Liesing <923>",270
31 Jahre,Innsbruck (Stadt) <701>,488
31 Jahre,Imst <702>,88
31 Jahre,Innsbruck Land <703>,363
31 Jahre,Kitzbühel <704>,118
31 Jahre,Kufstein <705>,252
31 Jahre,Landeck <706>,78
31 Jahre,Lienz <707>,73
31 Jahre,Reutte <708>,60
31 Jahre,Schwaz <709>,186
31 Jahre,Bludenz <801>,125
31 Jahre,Bregenz <802>,278
31 Jahre,Dornbirn <803>,270
31 Jahre,Feldkirch <804>,246
31 Jahre,"Wien 1.Bezirk, Innere Stadt <901>",37
31 Jahre,"Wien 2.Bezirk, Leopoldstadt <902>",406
31 Jahre,"Wien 3.Bezirk, Landstraße <903>",329
31 Jahre,"Wien 4.Bezirk, Wieden <904>",107
31 Jahre,"Wien 5.Bezirk, Margareten <905>",194
31 Jahre,"Wien 6.Bezirk, Mariahilf <906>",122
31 Jahre,"Wien 7.Bezirk, Neubau <907>",124
31 Jahre,"Wien 8.Bezirk, Josefstadt <908>",112
31 Jahre,"Wien 9.Bezirk, Alsergrund <909>",180
31 Jahre,"Wien 10.Bezirk, Favoriten <910>",756
31 Jahre,"Wien 11.Bezirk, Simmering <911>",278
31 Jahre,"Wien 12.Bezirk, Meidling <912>",316
31 Jahre,"Wien 13.Bezirk, Hietzing <913>",120
31 Jahre,"Wien 14.Bezirk, Penzing <914>",265
31 Jahre,"Wien 15.Bezirk, Rudolfsheim-Fünfhaus <915>",275
31 Jahre,"Wien 16.Bezirk, Ottakring <916>",338
31 Jahre,"Wien 17.Bezirk, Hernals <917>",175
31 Jahre,"Wien 18.Bezirk, Währing <918>",122
31 Jahre,"Wien 19.Bezirk, Döbling <919>",161
31 Jahre,"Wien 20.Bezirk, Brigittenau <920>",233
31 Jahre,"Wien 21.Bezirk, Floridsdorf <921>",460
31 Jahre,"Wien 22.Bezirk, Donaustadt <922>",642
31 Jahre,"Wien 23.Bezirk, Liesing <923>",275
32 Jahre,Innsbruck (Stadt) <701>,452
32 Jahre,Imst <702>,82
32 Jahre,Innsbruck Land <703>,313
32 Jahre,Kitzbühel <704>,98
32 Jahre,Kufstein <705>,194
32 Jahre,Landeck <706>,60
32 Jahre,Lienz <707>,66
32 Jahre,Reutte <708>,54
32 Jahre,Schwaz <709>,137
32 Jahre,Bludenz <801>,125
32 Jahre,Bregenz <802>,285
32 Jahre,Dornbirn <803>,219
32 Jahre,Feldkirch <804>,218
32 Jahre,"Wien 1.Bezirk, Innere Stadt <901>",34
32 Jahre,"Wien 2.Bezirk, Leopoldstadt <902>",381
32 Jahre,"Wien 3.Bezirk, Landstraße <903>",336
32 Jahre,"Wien 4.Bezirk, Wieden <904>",129
32 Jahre,"Wien 5.Bezirk, Margareten <905>",170
32 Jahre,"Wien 6.Bezirk, Mariahilf <906>",103
32 Jahre,"Wien 7.Bezirk, Neubau <907>",103
32 Jahre,"Wien 8.Bezirk, Josefstadt <908>",96
32 Jahre,"Wien 9.Bezirk, Alsergrund <909>",144
32 Jahre,"Wien 10.Bezirk, Favoriten <910>",697
32 Jahre,"Wien 11.Bezirk, Simmering <911>",251
32 Jahre,"Wien 12.Bezirk, Meidling <912>",296
32 Jahre,"Wien 13.Bezirk, Hietzing <913>",123
32 Jahre,"Wien 14.Bezirk, Penzing <914>",240
32 Jahre,"Wien 15.Bezirk, Rudolfsheim-Fünfhaus <915>",263
32 Jahre,"Wien 16.Bezirk, Ottakring <916>",294
32 Jahre,"Wien 17.Bezirk, Hernals <917>",168
32 Jahre,"Wien 18.Bezirk, Währing <918>",157
32 Jahre,"Wien 19.Bezirk, Döbling <919>",160
32 Jahre,"Wien 20.Bezirk, Brigittenau <920>",259
32 Jahre,"Wien 21.Bezirk, Floridsdorf <921>",449
32 Jahre,"Wien 22.Bezirk, Donaustadt <922>",625
32 Jahre,"Wien 23.Bezirk, Liesing <923>",261
33 Jahre,Innsbruck (Stadt) <701>,405
33 Jahre,Imst <702>,93
33 Jahre,Innsbruck Land <703>,329
33 Jahre,Kitzbühel <704>,96
33 Jahre,Kufstein <705>,187
33 Jahre,Landeck <706>,59
33 Jahre,Lienz <707>,62
33 Jahre,Reutte <708>,45
33 Jahre,Schwaz <709>,139
33 Jahre,Bludenz <801>,116
33 Jahre,Bregenz <802>,273
33 Jahre,Dornbirn <803>,218
33 Jahre,Feldkirch <804>,219
33 Jahre,"Wien 1.Bezirk, Innere Stadt <901>",30
33 Jahre,"Wien 2.Bezirk, Leopoldstadt <902>",365
33 Jahre,"Wien 3.Bezirk, Landstraße <903>",292
33 Jahre,"Wien 4.Bezirk, Wieden <904>",108
33 Jahre,"Wien 5.Bezirk, Margareten <905>",176
33 Jahre,"Wien 6.Bezirk, Mariahilf <906>",96
33 Jahre,"Wien 7.Bezirk, Neubau <907>",87
33 Jahre,"Wien 8.Bezirk, Josefstadt <908>",80
33 Jahre,"Wien 9.Bezirk, Alsergrund <909>",127
33 Jahre,"Wien 10.Bezirk, Favoriten <910>",637
33 Jahre,"Wien 11.Bezirk, Simmering <911>",238
33 Jahre,"Wien 12.Bezirk, Meidling <912>",272
33 Jahre,"Wien 13.Bezirk, Hietzing <913>",131
33 Jahre,"Wien 14.Bezirk, Penzing <914>",237
33 Jahre,"Wien 15.Bezirk, Rudolfsheim-Fünfhaus <915>",234
33 Jahre,"Wien 16.Bezirk, Ottakring <916>",275
33 Jahre,"Wien 17.Bezirk, Hernals <917>",156
33 Jahre,"Wien 18.Bezirk, Währing <918>",113
33 Jahre,"Wien 19.Bezirk, Döbling <919>",157
33 Jahre,"Wien 20.Bezirk, Brigittenau <920>",243
33 Jahre,"Wien 21.Bezirk, Floridsdorf <921>",408
33 Jahre,"Wien 22.Bezirk, Donaustadt <922>",625
33 Jahre,"Wien 23.Bezirk, Liesing <923>",257
34 Jahre,Innsbruck (Stadt) <701>,330
34 Jahre,Imst <702>,65
34 Jahre,Innsbruck Land <703>,295
34 Jahre,Kitzbühel <704>,102
34 Jahre,Kufstein <705>,197
34 Jahre,Landeck <706>,57
34 Jahre,Lienz <707>,64
34 Jahre,Reutte <708>,57
34 Jahre,Schwaz <709>,155
34 Jahre,Bludenz <801>,93
34 Jahre,Bregenz <802>,237
34 Jahre,Dornbirn <803>,201
34 Jahre,Feldkirch <804>,220
34 Jahre,"Wien 1.Bezirk, Innere Stadt <901>",31
34 Jahre,"Wien 2.Bezirk, Leopoldstadt <902>",303
34 Jahre,"Wien 3.Bezirk, Landstraße <903>",313
34 Jahre,"Wien 4.Bezirk, Wieden <904>",107
34 Jahre,"Wien 5.Bezirk, Margareten <905>",146
34 Jahre,"Wien 6.Bezirk, Mariahilf <906>",105
34 Jahre,"Wien 7.Bezirk, Neubau <907>",83
34 Jahre,"Wien 8.Bezirk, Josefstadt <908>",75
34 Jahre,"Wien 9.Bezirk, Alsergrund <909>",142
34 Jahre,"Wien 10.Bezirk, Favoriten <910>",650
34 Jahre,"Wien 11.Bezirk, Simmering <911>",194
34 Jahre,"Wien 12.Bezirk, Meidling <912>",261
34 Jahre,"Wien 13.Bezirk, Hietzing <913>",123
34 Jahre,"Wien 14.Bezirk, Penzing <914>",270
34 Jahre,"Wien 15.Bezirk, Rudolfsheim-Fünfhaus <915>",227
34 Jahre,"Wien 16.Bezirk, Ottakring <916>",223
34 Jahre,"Wien 17.Bezirk, Hernals <917>",143
34 Jahre,"Wien 18.Bezirk, Währing <918>",122
34 Jahre,"Wien 19.Bezirk, Döbling <919>",167
34 Jahre,"Wien 20.Bezirk, Brigittenau <920>",227
34 Jahre,"Wien 21.Bezirk, Floridsdorf <921>",433
34 Jahre,"Wien 22.Bezirk, Donaustadt <922>",575
34 Jahre,"Wien 23.Bezirk, Liesing <923>",221
35 Jahre,Innsbruck (Stadt) <701>,356
35 Jahre,Imst <702>,65
35 Jahre,Innsbruck Land <703>,279
35 Jahre,Kitzbühel <704>,87
35 Jahre,Kufstein <705>,175
35 Jahre,Landeck <706>,50
35 Jahre,Lienz <707>,42
35 Jahre,Reutte <708>,45
35 Jahre,Schwaz <709>,131
35 Jahre,Bludenz <801>,91
35 Jahre,Bregenz <802>,234
35 Jahre,Dornbirn <803>,187
35 Jahre,Feldkirch <804>,185
35 Jahre,"Wien 1.Bezirk, Innere Stadt <901>",31
35 Jahre,"Wien 2.Bezirk, Leopoldstadt <902>",299
35 Jahre,"Wien 3.Bezirk, Landstraße <903>",273
35 Jahre,"Wien 4.Bezirk, Wieden <904>",108
35 Jahre,"Wien 5.Bezirk, Margareten <905>",132
35 Jahre,"Wien 6.Bezirk, Mariahilf <906>",82
35 Jahre,"Wien 7.Bezirk, Neubau <907>",78
35 Jahre,"Wien 8.Bezirk, Josefstadt <908>",87
35 Jahre,"Wien 9.Bezirk, Alsergrund <909>",116
35 Jahre,"Wien 10.Bezirk, Favoriten <910>",583
35 Jahre,"Wien 11.Bezirk, Simmering <911>",208
35 Jahre,"Wien 12.Bezirk, Meidling <912>",233
35 Jahre,"Wien 13.Bezirk, Hietzing <913>",114
35 Jahre,"Wien 14.Bezirk, Penzing <914>",207
35 Jahre,"Wien 15.Bezirk, Rudolfsheim-Fünfhaus <915>",234
35 Jahre,"Wien 16.Bezirk, Ottakring <916>",235
35 Jahre,"Wien 17.Bezirk, Hernals <917>",164
35 Jahre,"Wien 18.Bezirk, Währing <918>",112
35 Jahre,"Wien 19.Bezirk, Döbling <919>",151
35 Jahre,"Wien 20.Bezirk, Brigittenau <920>",212
35 Jahre,"Wien 21.Bezirk, Floridsdorf <921>",402
35 Jahre,"Wien 22.Bezirk, Donaustadt <922>",530
35 Jahre,"Wien 23.Bezirk, Liesing <923>",211
36 Jahre,Innsbruck (Stadt) <701>,312
36 Jahre,Imst <702>,74
36 Jahre,Innsbruck Land <703>,262
36 Jahre,Kitzbühel <704>,76
36 Jahre,Kufstein <705>,172
36 Jahre,Landeck <706>,33
36 Jahre,Lienz <707>,40
36 Jahre,Reutte <708>,39
36 Jahre,Schwaz <709>,112
36 Jahre,Bludenz <801>,84
36 Jahre,Bregenz <802>,215
36 Jahre,Dornbirn <803>,165
36 Jahre,Feldkirch <804>,163
36 Jahre,"Wien 1.Bezirk, Innere Stadt <901>",28
36 Jahre,"Wien 2.Bezirk, Leopoldstadt <902>",264
36 Jahre,"Wien 3.Bezirk, Landstraße <903>",276
36 Jahre,"Wien 4.Bezirk, Wieden <904>",97
36 Jahre,"Wien 5.Bezirk, Margareten <905>",115
36 Jahre,"Wien 6.Bezirk, Mariahilf <906>",71
36 Jahre,"Wien 7.Bezirk, Neubau <907>",63
36 Jahre,"Wien 8.Bezirk, Josefstadt <908>",79
36 Jahre,"Wien 9.Bezirk, Alsergrund <909>",110
36 Jahre,"Wien 10.Bezirk, Favoriten <910>",503
36 Jahre,"Wien 11.Bezirk, Simmering <911>",194
36 Jahre,"Wien 12.Bezirk, Meidling <912>",221
36 Jahre,"Wien 13.Bezirk, Hietzing <913>",119
36 Jahre,"Wien 14.Bezirk, Penzing <914>",204
36 Jahre,"Wien 15.Bezirk, Rudolfsheim-Fünfhaus <915>",186
36 Jahre,"Wien 16.Bezirk, Ottakring <916>",200
36 Jahre,"Wien 17.Bezirk, Hernals <917>",136
36 Jahre,"Wien 18.Bezirk, Währing <918>",96
36 Jahre,"Wien 19.Bezirk, Döbling <919>",144
36 Jahre,"Wien 20.Bezirk, Brigittenau <920>",201
36 Jahre,"Wien 21.Bezirk, Floridsdorf <921>",343
36 Jahre,"Wien 22.Bezirk, Donaustadt <922>",536
36 Jahre,"Wien 23.Bezirk, Liesing <923>",206
37 Jahre,Innsbruck (Stadt) <701>,299
37 Jahre,Imst <702>,67
37 Jahre,Innsbruck Land <703>,243
37 Jahre,Kitzbühel <704>,96
37 Jahre,Kufstein <705>,146
37 Jahre,Landeck <706>,47
37 Jahre,Lienz <707>,39
37 Jahre,Reutte <708>,37
37 Jahre,Schwaz <709>,111
37 Jahre,Bludenz <801>,91
37 Jahre,Bregenz <802>,198
37 Jahre,Dornbirn <803>,153
37 Jahre,Feldkirch <804>,187
37 Jahre,"Wien 1.Bezirk, Innere Stadt <901>",29
37 Jahre,"Wien 2.Bezirk, Leopoldstadt <902>",256
37 Jahre,"Wien 3.Bezirk, Landstraße <903>",241
37 Jahre,"Wien 4.Bezirk, Wieden <904>",100
37 Jahre,"Wien 5.Bezirk, Margareten <905>",97
37 Jahre,"Wien 6.Bezirk, Mariahilf <906>",85
37 Jahre,"Wien 7.Bezirk, Neubau <907>",63
37 Jahre,"Wien 8.Bezirk, Josefstadt <908>",65
37 Jahre,"Wien 9.Bezirk, Alsergrund <909>",95
37 Jahre,"Wien 10.Bezirk, Favoriten <910>",489
37 Jahre,"Wien 11.Bezirk, Simmering <911>",177
37 Jahre,"Wien 12.Bezirk, Meidling <912>",197
37 Jahre,"Wien 13.Bezirk, Hietzing <913>",98
37 Jahre,"Wien 14.Bezirk, Penzing <914>",185
37 Jahre,"Wien 15.Bezirk, Rudolfsheim-Fünfhaus <915>",166
37 Jahre,"Wien 16.Bezirk, Ottakring <916>",213
37 Jahre,"Wien 17.Bezirk, Hernals <917>",123
37 Jahre,"Wien 18.Bezirk, Währing <918>",87
37 Jahre,"Wien 19.Bezirk, Döbling <919>",141
37 Jahre,"Wien 20.Bezirk, Brigittenau <920>",168
37 Jahre,"Wien 21.Bezirk, Floridsdorf <921>",324
37 Jahre,"Wien 22.Bezirk, Donaustadt <922>",499
37 Jahre,"Wien 23.Bezirk, Liesing <923>",187
38 Jahre,Innsbruck (Stadt) <701>,266
38 Jahre,Imst <702>,68
38 Jahre,Innsbruck Land <703>,200
38 Jahre,Kitzbühel <704>,80
38 Jahre,Kufstein <705>,125
38 Jahre,Landeck <706>,30
38 Jahre,Lienz <707>,42
38 Jahre,Reutte <708>,38
38 Jahre,Schwaz <709>,87
38 Jahre,Bludenz <801>,79
38 Jahre,Bregenz <802>,187
38 Jahre,Dornbirn <803>,156
38 Jahre,Feldkirch <804>,135
38 Jahre,"Wien 1.Bezirk, Innere Stadt <901>",26
38 Jahre,"Wien 2.Bezirk, Leopoldstadt <902>",257
38 Jahre,"Wien 3.Bezirk, Landstraße <903>",214
38 Jahre,"Wien 4.Bezirk, Wieden <904>",82
38 Jahre,"Wien 5.Bezirk, Margareten <905>",95
38 Jahre,"Wien 6.Bezirk, Mariahilf <906>",60
38 Jahre,"Wien 7.Bezirk, Neubau <907>",53
38 Jahre,"Wien 8.Bezirk, Josefstadt <908>",61
38 Jahre,"Wien 9.Bezirk, Alsergrund <909>",104
38 Jahre,"Wien 10.Bezirk, Favoriten <910>",439
38 Jahre,"Wien 11.Bezirk, Simmering <911>",176
38 Jahre,"Wien 12.Bezirk, Meidling <912>",165
38 Jahre,"Wien 13.Bezirk, Hietzing <913>",85
38 Jahre,"Wien 14.Bezirk, Penzing <914>",166
38 Jahre,"Wien 15.Bezirk, Rudolfsheim-Fünfhaus <915>",147
38 Jahre,"Wien 16.Bezirk, Ottakring <916>",174
38 Jahre,"Wien 17.Bezirk, Hernals <917>",113
38 Jahre,"Wien 18.Bezirk, Währing <918>",88
38 Jahre,"Wien 19.Bezirk, Döbling <919>",147
38 Jahre,"Wien 20.Bezirk, Brigittenau <920>",166
38 Jahre,"Wien 21.Bezirk, Floridsdorf <921>",291
38 Jahre,"Wien 22.Bezirk, Donaustadt <922>",453
38 Jahre,"Wien 23.Bezirk, Liesing <923>",182
39 Jahre,Innsbruck (Stadt) <701>,244
39 Jahre,Imst <702>,48
39 Jahre,Innsbruck Land <703>,174
39 Jahre,Kitzbühel <704>,83
39 Jahre,Kufstein <705>,137
39 Jahre,Landeck <706>,44
39 Jahre,Lienz <707>,36
39 Jahre,Reutte <708>,24
39 Jahre,Schwaz <709>,102
39 Jahre,Bludenz <801>,96
39 Jahre,Bregenz <802>,190
39 Jahre,Dornbirn <803>,124
39 Jahre,Feldkirch <804>,154
39 Jahre,"Wien 1.Bezirk, Innere Stadt <901>",24
39 Jahre,"Wien 2.Bezirk, Leopoldstadt <902>",186
39 Jahre,"Wien 3.Bezirk, Landstraße <903>",184
39 Jahre,"Wien 4.Bezirk, Wieden <904>",80
39 Jahre,"Wien 5.Bezirk, Margareten <905>",96
39 Jahre,"Wien 6.Bezirk, Mariahilf <906>",65
39 Jahre,"Wien 7.Bezirk, Neubau <907>",44
39 Jahre,"Wien 8.Bezirk, Josefstadt <908>",53
39 Jahre,"Wien 9.Bezirk, Alsergrund <909>",86
39 Jahre,"Wien 10.Bezirk, Favoriten <910>",383
39 Jahre,"Wien 11.Bezirk, Simmering <911>",179
39 Jahre,"Wien 12.Bezirk, Meidling <912>",144
39 Jahre,"Wien 13.Bezirk, Hietzing <913>",98
39 Jahre,"Wien 14.Bezirk, Penzing <914>",158
39 Jahre,"Wien 15.Bezirk, Rudolfsheim-Fünfhaus <915>",140
39 Jahre,"Wien 16.Bezirk, Ottakring <916>",176
39 Jahre,"Wien 17.Bezirk, Hernals <917>",108
39 Jahre,"Wien 18.Bezirk, Währing <918>",88
39 Jahre,"Wien 19.Bezirk, Döbling <919>",134
39 Jahre,"Wien 20.Bezirk, Brigittenau <920>",158
39 Jahre,"Wien 21.Bezirk, Floridsdorf <921>",300
39 Jahre,"Wien 22.Bezirk, Donaustadt <922>",415
39 Jahre,"Wien 23.Bezirk, Liesing <923>",156
40 Jahre,Innsbruck (Stadt) <701>,186
40 Jahre,Imst <702>,49
40 Jahre,Innsbruck Land <703>,198
40 Jahre,Kitzbühel <704>,69
40 Jahre,Kufstein <705>,138
40 Jahre,Landeck <706>,41
40 Jahre,Lienz <707>,23
40 Jahre,Reutte <708>,39
40 Jahre,Schwaz <709>,91
40 Jahre,Bludenz <801>,81
40 Jahre,Bregenz <802>,151
40 Jahre,Dornbirn <803>,142
40 Jahre,Feldkirch <804>,124
40 Jahre,"Wien 1.Bezirk, Innere Stadt <901>",28
40 Jahre,"Wien 2.Bezirk, Leopoldstadt <902>",169
40 Jahre,"Wien 3.Bezirk, Landstraße <903>",195
40 Jahre,"Wien 4.Bezirk, Wieden <904>",70
40 Jahre,"Wien 5.Bezirk, Margareten <905>",82
40 Jahre,"Wien 6.Bezirk, Mariahilf <906>",64
40 Jahre,"Wien 7.Bezirk, Neubau <907>",49
40 Jahre,"Wien 8.Bezirk, Josefstadt <908>",40
40 Jahre,"Wien 9.Bezirk, Alsergrund <909>",75
40 Jahre,"Wien 10.Bezirk, Favoriten <910>",387
40 Jahre,"Wien 11.Bezirk, Simmering <911>",153
40 Jahre,"Wien 12.Bezirk, Meidling <912>",172
40 Jahre,"Wien 13.Bezirk, Hietzing <913>",84
40 Jahre,"Wien 14.Bezirk, Penzing <914>",151
40 Jahre,"Wien 15.Bezirk, Rudolfsheim-Fünfhaus <915>",143
40 Jahre,"Wien 16.Bezirk, Ottakring <916>",190
40 Jahre,"Wien 17.Bezirk, Hernals <917>",90
40 Jahre,"Wien 18.Bezirk, Währing <918>",77
40 Jahre,"Wien 19.Bezirk, Döbling <919>",120
40 Jahre,"Wien 20.Bezirk, Brigittenau <920>",152
40 Jahre,"Wien 21.Bezirk, Floridsdorf <921>",301
40 Jahre,"Wien 22.Bezirk, Donaustadt <922>",397
40 Jahre,"Wien 23.Bezirk, Liesing <923>",149
41 Jahre,Innsbruck (Stadt) <701>,195
41 Jahre,Imst <702>,59
41 Jahre,Innsbruck Land <703>,176
41 Jahre,Kitzbühel <704>,62
41 Jahre,Kufstein <705>,101
41 Jahre,Landeck <706>,32
41 Jahre,Lienz <707>,28
41 Jahre,Reutte <708>,39
41 Jahre,Schwaz <709>,83
41 Jahre,Bludenz <801>,76
41 Jahre,Bregenz <802>,169
41 Jahre,Dornbirn <803>,130
41 Jahre,Feldkirch <804>,139
41 Jahre,"Wien 1.Bezirk, Innere Stadt <901>",30
41 Jahre,"Wien 2.Bezirk, Leopoldstadt <902>",162
41 Jahre,"Wien 3.Bezirk, Landstraße <903>",177
41 Jahre,"Wien 4.Bezirk, Wieden <904>",87
41 Jahre,"Wien 5.Bezirk, Margareten <905>",87
41 Jahre,"Wien 6.Bezirk, Mariahilf <906>",61
41 Jahre,"Wien 7.Bezirk, Neubau <907>",46
41 Jahre,"Wien 8.Bezirk, Josefstadt <908>",53
41 Jahre,"Wien 9.Bezirk, Alsergrund <909>",71
41 Jahre,"Wien 10.Bezirk, Favoriten <910>",369
41 Jahre,"Wien 11.Bezirk, Simmering <911>",133
41 Jahre,"Wien 12.Bezirk, Meidling <912>",150
41 Jahre,"Wien 13.Bezirk, Hietzing <913>",82
41 Jahre,"Wien 14.Bezirk, Penzing <914>",162
41 Jahre,"Wien 15.Bezirk, Rudolfsheim-Fünfhaus <915>",138
41 Jahre,"Wien 16.Bezirk, Ottakring <916>",170
41 Jahre,"Wien 17.Bezirk, Hernals <917>",90
41 Jahre,"Wien 18.Bezirk, Währing <918>",68
41 Jahre,"Wien 19.Bezirk, Döbling <919>",98
41 Jahre,"Wien 20.Bezirk, Brigittenau <920>",122
41 Jahre,"Wien 21.Bezirk, Floridsdorf <921>",265
41 Jahre,"Wien 22.Bezirk, Donaustadt <922>",340
41 Jahre,"Wien 23.Bezirk, Liesing <923>",145
42 Jahre,Innsbruck (Stadt) <701>,205
42 Jahre,Imst <702>,37
42 Jahre,Innsbruck Land <703>,188
42 Jahre,Kitzbühel <704>,80
42 Jahre,Kufstein <705>,127
42 Jahre,Landeck <706>,27
42 Jahre,Lienz <707>,25
42 Jahre,Reutte <708>,29
42 Jahre,Schwaz <709>,100
42 Jahre,Bludenz <801>,84
42 Jahre,Bregenz <802>,164
42 Jahre,Dornbirn <803>,147
42 Jahre,Feldkirch <804>,121
42 Jahre,"Wien 1.Bezirk, Innere Stadt <901>",28
42 Jahre,"Wien 2.Bezirk, Leopoldstadt <902>",154
42 Jahre,"Wien 3.Bezirk, Landstraße <903>",162
42 Jahre,"Wien 4.Bezirk, Wieden <904>",75
42 Jahre,"Wien 5.Bezirk, Margareten <905>",75
42 Jahre,"Wien 6.Bezirk, Mariahilf <906>",66
42 Jahre,"Wien 7.Bezirk, Neubau <907>",54
42 Jahre,"Wien 8.Bezirk, Josefstadt <908>",48
42 Jahre,"Wien 9.Bezirk, Alsergrund <909>",58
42 Jahre,"Wien 10.Bezirk, Favoriten <910>",349
42 Jahre,"Wien 11.Bezirk, Simmering <911>",98
42 Jahre,"Wien 12.Bezirk, Meidling <912>",138
42 Jahre,"Wien 13.Bezirk, Hietzing <913>",75
42 Jahre,"Wien 14.Bezirk, Penzing <914>",133
42 Jahre,"Wien 15.Bezirk, Rudolfsheim-Fünfhaus <915>",112
42 Jahre,"Wien 16.Bezirk, Ottakring <916>",138
42 Jahre,"Wien 17.Bezirk, Hernals <917>",81
42 Jahre,"Wien 18.Bezirk, Währing <918>",73
42 Jahre,"Wien 19.Bezirk, Döbling <919>",122
42 Jahre,"Wien 20.Bezirk, Brigittenau <920>",97
42 Jahre,"Wien 21.Bezirk, Floridsdorf <921>",234
42 Jahre,"Wien 22.Bezirk, Donaustadt <922>",306
42 Jahre,"Wien 23.Bezirk, Liesing <923>",140
43 Jahre,Innsbruck (Stadt) <701>,168
43 Jahre,Imst <702>,44
43 Jahre,Innsbruck Land <703>,159
43 Jahre,Kitzbühel <704>,73
43 Jahre,Kufstein <705>,103
43 Jahre,Landeck <706>,27
43 Jahre,Lienz <707>,28
43 Jahre,Reutte <708>,25
43 Jahre,Schwaz <709>,85
43 Jahre,Bludenz <801>,67
43 Jahre,Bregenz <802>,163
43 Jahre,Dornbirn <803>,144
43 Jahre,Feldkirch <804>,104
43 Jahre,"Wien 1.Bezirk, Innere Stadt <901>",24
43 Jahre,"Wien 2.Bezirk, Leopoldstadt <902>",154
43 Jahre,"Wien 3.Bezirk, Landstraße <903>",146
43 Jahre,"Wien 4.Bezirk, Wieden <904>",72
43 Jahre,"Wien 5.Bezirk, Margareten <905>",61
43 Jahre,"Wien 6.Bezirk, Mariahilf <906>",37
43 Jahre,"Wien 7.Bezirk, Neubau <907>",48
43 Jahre,"Wien 8.Bezirk, Josefstadt <908>",42
43 Jahre,"Wien 9.Bezirk, Alsergrund <909>",51
43 Jahre,"Wien 10.Bezirk, Favoriten <910>",315
43 Jahre,"Wien 11.Bezirk, Simmering <911>",116
43 Jahre,"Wien 12.Bezirk, Meidling <912>",130
43 Jahre,"Wien 13.Bezirk, Hietzing <913>",67
43 Jahre,"Wien 14.Bezirk, Penzing <914>",142
43 Jahre,"Wien 15.Bezirk, Rudolfsheim-Fünfhaus <915>",88
43 Jahre,"Wien 16.Bezirk, Ottakring <916>",135
43 Jahre,"Wien 17.Bezirk, Hernals <917>",80
43 Jahre,"Wien 18.Bezirk, Währing <918>",75
43 Jahre,"Wien 19.Bezirk, Döbling <919>",104
43 Jahre,"Wien 20.Bezirk, Brigittenau <920>",111
43 Jahre,"Wien 21.Bezirk, Floridsdorf <921>",219
43 Jahre,"Wien 22.Bezirk, Donaustadt <922>",292
43 Jahre,"Wien 23.Bezirk, Liesing <923>",133
44 Jahre,Innsbruck (Stadt) <701>,155
44 Jahre,Imst <702>,46
44 Jahre,Innsbruck Land <703>,143
44 Jahre,Kitzbühel <704>,56
44 Jahre,Kufstein <705>,102
44 Jahre,Landeck <706>,22
44 Jahre,Lienz <707>,23
44 Jahre,Reutte <708>,33
44 Jahre,Schwaz <709>,73
44 Jahre,Bludenz <801>,56
44 Jahre,Bregenz <802>,147
44 Jahre,Dornbirn <803>,102
44 Jahre,Feldkirch <804>,109
44 Jahre,"Wien 1.Bezirk, Innere Stadt <901>",19
44 Jahre,"Wien 2.Bezirk, Leopoldstadt <902>",142
44 Jahre,"Wien 3.Bezirk, Landstraße <903>",129
44 Jahre,"Wien 4.Bezirk, Wieden <904>",65
44 Jahre,"Wien 5.Bezirk, Margareten <905>",61
44 Jahre,"Wien 6.Bezirk, Mariahilf <906>",40
44 Jahre,"Wien 7.Bezirk, Neubau <907>",37
44 Jahre,"Wien 8.Bezirk, Josefstadt <908>",33
44 Jahre,"Wien 9.Bezirk, Alsergrund <909>",63
44 Jahre,"Wien 10.Bezirk, Favoriten <910>",278
44 Jahre,"Wien 11.Bezirk, Simmering <911>",112
44 Jahre,"Wien 12.Bezirk, Meidling <912>",125
44 Jahre,"Wien 13.Bezirk, Hietzing <913>",79
44 Jahre,"Wien 14.Bezirk, Penzing <914>",120
44 Jahre,"Wien 15.Bezirk, Rudolfsheim-Fünfhaus <915>",103
44 Jahre,"Wien 16.Bezirk, Ottakring <916>",141
44 Jahre,"Wien 17.Bezirk, Hernals <917>",72
44 Jahre,"Wien 18.Bezirk, Währing <918>",59
44 Jahre,"Wien 19.Bezirk, Döbling <919>",93
44 Jahre,"Wien 20.Bezirk, Brigittenau <920>",116
44 Jahre,"Wien 21.Bezirk, Floridsdorf <921>",212
44 Jahre,"Wien 22.Bezirk, Donaustadt <922>",285
44 Jahre,"Wien 23.Bezirk, Liesing <923>",132
45 Jahre,Innsbruck (Stadt) <701>,151
45 Jahre,Imst <702>,37
45 Jahre,Innsbruck Land <703>,150
45 Jahre,Kitzbühel <704>,72
45 Jahre,Kufstein <705>,78
45 Jahre,Landeck <706>,16
45 Jahre,Lienz <707>,29
45 Jahre,Reutte <708>,25
45 Jahre,Schwaz <709>,70
45 Jahre,Bludenz <801>,54
45 Jahre,Bregenz <802>,128
45 Jahre,Dornbirn <803>,79
45 Jahre,Feldkirch <804>,97
45 Jahre,"Wien 1.Bezirk, Innere Stadt <901>",27
45 Jahre,"Wien 2.Bezirk, Leopoldstadt <902>",114
45 Jahre,"Wien 3.Bezirk, Landstraße <903>",117
45 Jahre,"Wien 4.Bezirk, Wieden <904>",53
45 Jahre,"Wien 5.Bezirk, Margareten <905>",61
45 Jahre,"Wien 6.Bezirk, Mariahilf <906>",42
45 Jahre,"Wien 7.Bezirk, Neubau <907>",27
45 Jahre,"Wien 8.Bezirk, Josefstadt <908>",32
45 Jahre,"Wien 9.Bezirk, Alsergrund <909>",57
45 Jahre,"Wien 10.Bezirk, Favoriten <910>",244
45 Jahre,"Wien 11.Bezirk, Simmering <911>",102
45 Jahre,"Wien 12.Bezirk, Meidling <912>",105
45 Jahre,"Wien 13.Bezirk, Hietzing <913>",45
45 Jahre,"Wien 14.Bezirk, Penzing <914>",113
45 Jahre,"Wien 15.Bezirk, Rudolfsheim-Fünfhaus <915>",96
45 Jahre,"Wien 16.Bezirk, Ottakring <916>",122
45 Jahre,"Wien 17.Bezirk, Hernals <917>",59
45 Jahre,"Wien 18.Bezirk, Währing <918>",58
45 Jahre,"Wien 19.Bezirk, Döbling <919>",83
45 Jahre,"Wien 20.Bezirk, Brigittenau <920>",87
45 Jahre,"Wien 21.Bezirk, Floridsdorf <921>",188
45 Jahre,"Wien 22.Bezirk, Donaustadt <922>",257
45 Jahre,"Wien 23.Bezirk, Liesing <923>",131
46 Jahre,Innsbruck (Stadt) <701>,131
46 Jahre,Imst <702>,33
46 Jahre,Innsbruck Land <703>,124
46 Jahre,Kitzbühel <704>,69
46 Jahre,Kufstein <705>,80
46 Jahre,Landeck <706>,26
46 Jahre,Lienz <707>,20
46 Jahre,Reutte <708>,20
46 Jahre,Schwaz <709>,65
46 Jahre,Bludenz <801>,43
46 Jahre,Bregenz <802>,124
46 Jahre,Dornbirn <803>,75
46 Jahre,Feldkirch <804>,108
46 Jahre,"Wien 1.Bezirk, Innere Stadt <901>",16
46 Jahre,"Wien 2.Bezirk, Leopoldstadt <902>",102
46 Jahre,"Wien 3.Bezirk, Landstraße <903>",110
46 Jahre,"Wien 4.Bezirk, Wieden <904>",61
46 Jahre,"Wien 5.Bezirk, Margareten <905>",56
46 Jahre,"Wien 6.Bezirk, Mariahilf <906>",37
46 Jahre,"Wien 7.Bezirk, Neubau <907>",37
46 Jahre,"Wien 8.Bezirk, Josefstadt <908>",17
46 Jahre,"Wien 9.Bezirk, Alsergrund <909>",51
46 Jahre,"Wien 10.Bezirk, Favoriten <910>",267
46 Jahre,"Wien 11.Bezirk, Simmering <911>",86
46 Jahre,"Wien 12.Bezirk, Meidling <912>",104
46 Jahre,"Wien 13.Bezirk, Hietzing <913>",53
46 Jahre,"Wien 14.Bezirk, Penzing <914>",97
46 Jahre,"Wien 15.Bezirk, Rudolfsheim-Fünfhaus <915>",99
46 Jahre,"Wien 16.Bezirk, Ottakring <916>",133
46 Jahre,"Wien 17.Bezirk, Hernals <917>",61
46 Jahre,"Wien 18.Bezirk, Währing <918>",61
46 Jahre,"Wien 19.Bezirk, Döbling <919>",74
46 Jahre,"Wien 20.Bezirk, Brigittenau <920>",88
46 Jahre,"Wien 21.Bezirk, Floridsdorf <921>",203
46 Jahre,"Wien 22.Bezirk, Donaustadt <922>",242
46 Jahre,"Wien 23.Bezirk, Liesing <923>",99
47 Jahre,Innsbruck (Stadt) <701>,120
47 Jahre,Imst <702>,28
47 Jahre,Innsbruck Land <703>,106
47 Jahre,Kitzbühel <704>,47
47 Jahre,Kufstein <705>,71
47 Jahre,Landeck <706>,26
47 Jahre,Lienz <707>,18
47 Jahre,Reutte <708>,19
47 Jahre,Schwaz <709>,56
47 Jahre,Bludenz <801>,41
47 Jahre,Bregenz <802>,119
47 Jahre,Dornbirn <803>,91
47 Jahre,Feldkirch <804>,94
47 Jahre,"Wien 1.Bezirk, Innere Stadt <901>",16
47 Jahre,"Wien 2.Bezirk, Leopoldstadt <902>",100
47 Jahre,"Wien 3.Bezirk, Landstraße <903>",109
47 Jahre,"Wien 4.Bezirk, Wieden <904>",57
47 Jahre,"Wien 5.Bezirk, Margareten <905>",53
47 Jahre,"Wien 6.Bezirk, Mariahilf <906>",45
47 Jahre,"Wien 7.Bezirk, Neubau <907>",37
47 Jahre,"Wien 8.Bezirk, Josefstadt <908>",24
47 Jahre,"Wien 9.Bezirk, Alsergrund <909>",49
47 Jahre,"Wien 10.Bezirk, Favoriten <910>",249
47 Jahre,"Wien 11.Bezirk, Simmering <911>",87
47 Jahre,"Wien 12.Bezirk, Meidling <912>",110
47 Jahre,"Wien 13.Bezirk, Hietzing <913>",57
47 Jahre,"Wien 14.Bezirk, Penzing <914>",77
47 Jahre,"Wien 15.Bezirk, Rudolfsheim-Fünfhaus <915>",81
47 Jahre,"Wien 16.Bezirk, Ottakring <916>",110
47 Jahre,"Wien 17.Bezirk, Hernals <917>",62
47 Jahre,"Wien 18.Bezirk, Währing <918>",36
47 Jahre,"Wien 19.Bezirk, Döbling <919>",67
47 Jahre,"Wien 20.Bezirk, Brigittenau <920>",79
47 Jahre,"Wien 21.Bezirk, Floridsdorf <921>",172
47 Jahre,"Wien 22.Bezirk, Donaustadt <922>",223
47 Jahre,"Wien 23.Bezirk, Liesing <923>",93
48 Jahre,Innsbruck (Stadt) <701>,139
48 Jahre,Imst <702>,37
48 Jahre,Innsbruck Land <703>,107
48 Jahre,Kitzbühel <704>,43
48 Jahre,Kufstein <705>,90
48 Jahre,Landeck <706>,16
48 Jahre,Lienz <707>,32
48 Jahre,Reutte <708>,19
48 Jahre,Schwaz <709>,63
48 Jahre,Bludenz <801>,43
48 Jahre,Bregenz <802>,118
48 Jahre,Dornbirn <803>,67
48 Jahre,Feldkirch <804>,91
48 Jahre,"Wien 1.Bezirk, Innere Stadt <901>",17
48 Jahre,"Wien 2.Bezirk, Leopoldstadt <902>",94
48 Jahre,"Wien 3.Bezirk, Landstraße <903>",83
48 Jahre,"Wien 4.Bezirk, Wieden <904>",47
48 Jahre,"Wien 5.Bezirk, Margareten <905>",43
48 Jahre,"Wien 6.Bezirk, Mariahilf <906>",30
48 Jahre,"Wien 7.Bezirk, Neubau <907>",30
48 Jahre,"Wien 8.Bezirk, Josefstadt <908>",26
48 Jahre,"Wien 9.Bezirk, Alsergrund <909>",39
48 Jahre,"Wien 10.Bezirk, Favoriten <910>",208
48 Jahre,"Wien 11.Bezirk, Simmering <911>",85
48 Jahre,"Wien 12.Bezirk, Meidling <912>",100
48 Jahre,"Wien 13.Bezirk, Hietzing <913>",45
48 Jahre,"Wien 14.Bezirk, Penzing <914>",88
48 Jahre,"Wien 15.Bezirk, Rudolfsheim-Fünfhaus <915>",72
48 Jahre,"Wien 16.Bezirk, Ottakring <916>",91
48 Jahre,"Wien 17.Bezirk, Hernals <917>",51
48 Jahre,"Wien 18.Bezirk, Währing <918>",41
48 Jahre,"Wien 19.Bezirk, Döbling <919>",75
48 Jahre,"Wien 20.Bezirk, Brigittenau <920>",76
48 Jahre,"Wien 21.Bezirk, Floridsdorf <921>",159
48 Jahre,"Wien 22.Bezirk, Donaustadt <922>",190
48 Jahre,"Wien 23.Bezirk, Liesing <923>",109
49 Jahre,Innsbruck (Stadt) <701>,111
49 Jahre,Imst <702>,42
49 Jahre,Innsbruck Land <703>,129
49 Jahre,Kitzbühel <704>,51
49 Jahre,Kufstein <705>,74
49 Jahre,Landeck <706>,20
49 Jahre,Lienz <707>,18
49 Jahre,Reutte <708>,16
49 Jahre,Schwaz <709>,66
49 Jahre,Bludenz <801>,37
49 Jahre,Bregenz <802>,96
49 Jahre,Dornbirn <803>,62
49 Jahre,Feldkirch <804>,84
49 Jahre,"Wien 1.Bezirk, Innere Stadt <901>",15
49 Jahre,"Wien 2.Bezirk, Leopoldstadt <902>",95
49 Jahre,"Wien 3.Bezirk, Landstraße <903>",85
49 Jahre,"Wien 4.Bezirk, Wieden <904>",57
49 Jahre,"Wien 5.Bezirk, Margareten <905>",40
49 Jahre,"Wien 6.Bezirk, Mariahilf <906>",31
49 Jahre,"Wien 7.Bezirk, Neubau <907>",16
49 Jahre,"Wien 8.Bezirk, Josefstadt <908>",29
49 Jahre,"Wien 9.Bezirk, Alsergrund <909>",49
49 Jahre,"Wien 10.Bezirk, Favoriten <910>",190
49 Jahre,"Wien 11.Bezirk, Simmering <911>",78
49 Jahre,"Wien 12.Bezirk, Meidling <912>",95
49 Jahre,"Wien 13.Bezirk, Hietzing <913>",43
49 Jahre,"Wien 14.Bezirk, Penzing <914>",81
49 Jahre,"Wien 15.Bezirk, Rudolfsheim-Fünfhaus <915>",73
49 Jahre,"Wien 16.Bezirk, Ottakring <916>",93
49 Jahre,"Wien 17.Bezirk, Hernals <917>",59
49 Jahre,"Wien 18.Bezirk, Währing <918>",50
49 Jahre,"Wien 19.Bezirk, Döbling <919>",72
49 Jahre,"Wien 20.Bezirk, Brigittenau <920>",73
49 Jahre,"Wien 21.Bezirk, Floridsdorf <921>",142
49 Jahre,"Wien 22.Bezirk, Donaustadt <922>",189
49 Jahre,"Wien 23.Bezirk, Liesing <923>",79
50 Jahre,Innsbruck (Stadt) <701>,91
50 Jahre,Imst <702>,26
50 Jahre,Innsbruck Land <703>,110
50 Jahre,Kitzbühel <704>,52
50 Jahre,Kufstein <705>,49
50 Jahre,Landeck <706>,21
50 Jahre,Lienz <707>,23
50 Jahre,Reutte <708>,19
50 Jahre,Schwaz <709>,60
50 Jahre,Bludenz <801>,46
50 Jahre,Bregenz <802>,99
50 Jahre,Dornbirn <803>,73
50 Jahre,Feldkirch <804>,72
50 Jahre,"Wien 1.Bezirk, Innere Stadt <901>",22
50 Jahre,"Wien 2.Bezirk, Leopoldstadt <902>",123
50 Jahre,"Wien 3.Bezirk, Landstraße <903>",106
50 Jahre,"Wien 4.Bezirk, Wieden <904>",53
50 Jahre,"Wien 5.Bezirk, Margareten <905>",47
50 Jahre,"Wien 6.Bezirk, Mariahilf <906>",31
50 Jahre,"Wien 7.Bezirk, Neubau <907>",23
50 Jahre,"Wien 8.Bezirk, Josefstadt <908>",25
50 Jahre,"Wien 9.Bezirk, Alsergrund <909>",41
50 Jahre,"Wien 10.Bezirk, Favoriten <910>",218
50 Jahre,"Wien 11.Bezirk, Simmering <911>",77
50 Jahre,"Wien 12.Bezirk, Meidling <912>",86
50 Jahre,"Wien 13.Bezirk, Hietzing <913>",54
50 Jahre,"Wien 14.Bezirk, Penzing <914>",77
50 Jahre,"Wien 15.Bezirk, Rudolfsheim-Fünfhaus <915>",68
50 Jahre,"Wien 16.Bezirk, Ottakring <916>",93
50 Jahre,"Wien 17.Bezirk, Hernals <917>",31
50 Jahre,"Wien 18.Bezirk, Währing <918>",29
50 Jahre,"Wien 19.Bezirk, Döbling <919>",64
50 Jahre,"Wien 20.Bezirk, Brigittenau <920>",67
50 Jahre,"Wien 21.Bezirk, Floridsdorf <921>",145
50 Jahre,"Wien 22.Bezirk, Donaustadt <922>",196
50 Jahre,"Wien 23.Bezirk, Liesing <923>",84
51 Jahre,Innsbruck (Stadt) <701>,105
51 Jahre,Imst <702>,39
51 Jahre,Innsbruck Land <703>,87
51 Jahre,Kitzbühel <704>,34
51 Jahre,Kufstein <705>,57
51 Jahre,Landeck <706>,23
51 Jahre,Lienz <707>,17
51 Jahre,Reutte <708>,9
51 Jahre,Schwaz <709>,61
51 Jahre,Bludenz <801>,35
51 Jahre,Bregenz <802>,89
51 Jahre,Dornbirn <803>,66
51 Jahre,Feldkirch <804>,52
51 Jahre,"Wien 1.Bezirk, Innere Stadt <901>",26
51 Jahre,"Wien 2.Bezirk, Leopoldstadt <902>",95
51 Jahre,"Wien 3.Bezirk, Landstraße <903>",103
51 Jahre,"Wien 4.Bezirk, Wieden <904>",41
51 Jahre,"Wien 5.Bezirk, Margareten <905>",33
51 Jahre,"Wien 6.Bezirk, Mariahilf <906>",20
51 Jahre,"Wien 7.Bezirk, Neubau <907>",16
51 Jahre,"Wien 8.Bezirk, Josefstadt <908>",23
51 Jahre,"Wien 9.Bezirk, Alsergrund <909>",41
51 Jahre,"Wien 10.Bezirk, Favoriten <910>",196
51 Jahre,"Wien 11.Bezirk, Simmering <911>",70
51 Jahre,"Wien 12.Bezirk, Meidling <912>",82
51 Jahre,"Wien 13.Bezirk, Hietzing <913>",45
51 Jahre,"Wien 14.Bezirk, Penzing <914>",70
51 Jahre,"Wien 15.Bezirk, Rudolfsheim-Fünfhaus <915>",55
51 Jahre,"Wien 16.Bezirk, Ottakring <916>",87
51 Jahre,"Wien 17.Bezirk, Hernals <917>",55
51 Jahre,"Wien 18.Bezirk, Währing <918>",49
51 Jahre,"Wien 19.Bezirk, Döbling <919>",70
51 Jahre,"Wien 20.Bezirk, Brigittenau <920>",66
51 Jahre,"Wien 21.Bezirk, Floridsdorf <921>",132
51 Jahre,"Wien 22.Bezirk, Donaustadt <922>",176
51 Jahre,"Wien 23.Bezirk, Liesing <923>",82
52 Jahre,Innsbruck (Stadt) <701>,91
52 Jahre,Imst <702>,34
52 Jahre,Innsbruck Land <703>,107
52 Jahre,Kitzbühel <704>,39
52 Jahre,Kufstein <705>,55
52 Jahre,Landeck <706>,16
52 Jahre,Lienz <707>,17
52 Jahre,Reutte <708>,16
52 Jahre,Schwaz <709>,45
52 Jahre,Bludenz <801>,33
52 Jahre,Bregenz <802>,117
52 Jahre,Dornbirn <803>,70
52 Jahre,Feldkirch <804>,79
52 Jahre,"Wien 1.Bezirk, Innere Stadt <901>",16
52 Jahre,"Wien 2.Bezirk, Leopoldstadt <902>",80
52 Jahre,"Wien 3.Bezirk, Landstraße <903>",71
52 Jahre,"Wien 4.Bezirk, Wieden <904>",40
52 Jahre,"Wien 5.Bezirk, Margareten <905>",40
52 Jahre,"Wien 6.Bezirk, Mariahilf <906>",22
52 Jahre,"Wien 7.Bezirk, Neubau <907>",20
52 Jahre,"Wien 8.Bezirk, Josefstadt <908>",12
52 Jahre,"Wien 9.Bezirk, Alsergrund <909>",30
52 Jahre,"Wien 10.Bezirk, Favoriten <910>",168
52 Jahre,"Wien 11.Bezirk, Simmering <911>",73
52 Jahre,"Wien 12.Bezirk, Meidling <912>",91
52 Jahre,"Wien 13.Bezirk, Hietzing <913>",42
52 Jahre,"Wien 14.Bezirk, Penzing <914>",62
52 Jahre,"Wien 15.Bezirk, Rudolfsheim-Fünfhaus <915>",42
52 Jahre,"Wien 16.Bezirk, Ottakring <916>",84
52 Jahre,"Wien 17.Bezirk, Hernals <917>",30
52 Jahre,"Wien 18.Bezirk, Währing <918>",31
52 Jahre,"Wien 19.Bezirk, Döbling <919>",56
52 Jahre,"Wien 20.Bezirk, Brigittenau <920>",51
52 Jahre,"Wien 21.Bezirk, Floridsdorf <921>",129
52 Jahre,"Wien 22.Bezirk, Donaustadt <922>",149
52 Jahre,"Wien 23.Bezirk, Liesing <923>",74
53 Jahre,Innsbruck (Stadt) <701>,104
53 Jahre,Imst <702>,37
53 Jahre,Innsbruck Land <703>,94
53 Jahre,Kitzbühel <704>,43
53 Jahre,Kufstein <705>,47
53 Jahre,Landeck <706>,10
53 Jahre,Lienz <707>,22
53 Jahre,Reutte <708>,23
53 Jahre,Schwaz <709>,53
53 Jahre,Bludenz <801>,33
53 Jahre,Bregenz <802>,85
53 Jahre,Dornbirn <803>,77
53 Jahre,Feldkirch <804>,66
53 Jahre,"Wien 1.Bezirk, Innere Stadt <901>",16
53 Jahre,"Wien 2.Bezirk, Leopoldstadt <902>",78
53 Jahre,"Wien 3.Bezirk, Landstraße <903>",65
53 Jahre,"Wien 4.Bezirk, Wieden <904>",41
53 Jahre,"Wien 5.Bezirk, Margareten <905>",45
53 Jahre,"Wien 6.Bezirk, Mariahilf <906>",19
53 Jahre,"Wien 7.Bezirk, Neubau <907>",22
53 Jahre,"Wien 8.Bezirk, Josefstadt <908>",20
53 Jahre,"Wien 9.Bezirk, Alsergrund <909>",30
53 Jahre,"Wien 10.Bezirk, Favoriten <910>",188
53 Jahre,"Wien 11.Bezirk, Simmering <911>",68
53 Jahre,"Wien 12.Bezirk, Meidling <912>",77
53 Jahre,"Wien 13.Bezirk, Hietzing <913>",44
53 Jahre,"Wien 14.Bezirk, Penzing <914>",65
53 Jahre,"Wien 15.Bezirk, Rudolfsheim-Fünfhaus <915>",48
53 Jahre,"Wien 16.Bezirk, Ottakring <916>",82
53 Jahre,"Wien 17.Bezirk, Hernals <917>",35
53 Jahre,"Wien 18.Bezirk, Währing <918>",32
53 Jahre,"Wien 19.Bezirk, Döbling <919>",67
53 Jahre,"Wien 20.Bezirk, Brigittenau <920>",66
53 Jahre,"Wien 21.Bezirk, Floridsdorf <921>",120
53 Jahre,"Wien 22.Bezirk, Donaustadt <922>",170
53 Jahre,"Wien 23.Bezirk, Liesing <923>",82
54 Jahre,Innsbruck (Stadt) <701>,93
54 Jahre,Imst <702>,26
54 Jahre,Innsbruck Land <703>,92
54 Jahre,Kitzbühel <704>,41
54 Jahre,Kufstein <705>,62
54 Jahre,Landeck <706>,16
54 Jahre,Lienz <707>,22
54 Jahre,Reutte <708>,26
54 Jahre,Schwaz <709>,38
54 Jahre,Bludenz <801>,45
54 Jahre,Bregenz <802>,74
54 Jahre,Dornbirn <803>,61
54 Jahre,Feldkirch <804>,60
54 Jahre,"Wien 1.Bezirk, Innere Stadt <901>",18
54 Jahre,"Wien 2.Bezirk, Leopoldstadt <902>",83
54 Jahre,"Wien 3.Bezirk, Landstraße <903>",80
54 Jahre,"Wien 4.Bezirk, Wieden <904>",41
54 Jahre,"Wien 5.Bezirk, Margareten <905>",32
54 Jahre,"Wien 6.Bezirk, Mariahilf <906>",16
54 Jahre,"Wien 7.Bezirk, Neubau <907>",13
54 Jahre,"Wien 8.Bezirk, Josefstadt <908>",27
54 Jahre,"Wien 9.Bezirk, Alsergrund <909>",25
54 Jahre,"Wien 10.Bezirk, Favoriten <910>",187
54 Jahre,"Wien 11.Bezirk, Simmering <911>",64
54 Jahre,"Wien 12.Bezirk, Meidling <912>",79
54 Jahre,"Wien 13.Bezirk, Hietzing <913>",41
54 Jahre,"Wien 14.Bezirk, Penzing <914>",57
54 Jahre,"Wien 15.Bezirk, Rudolfsheim-Fünfhaus <915>",52
54 Jahre,"Wien 16.Bezirk, Ottakring <916>",91
54 Jahre,"Wien 17.Bezirk, Hernals <917>",34
54 Jahre,"Wien 18.Bezirk, Währing <918>",39
54 Jahre,"Wien 19.Bezirk, Döbling <919>",61
54 Jahre,"Wien 20.Bezirk, Brigittenau <920>",48
54 Jahre,"Wien 21.Bezirk, Floridsdorf <921>",126
54 Jahre,"Wien 22.Bezirk, Donaustadt <922>",183
54 Jahre,"Wien 23.Bezirk, Liesing <923>",64
55 Jahre,Innsbruck (Stadt) <701>,84
55 Jahre,Imst <702>,32
55 Jahre,Innsbruck Land <703>,96
55 Jahre,Kitzbühel <704>,46
55 Jahre,Kufstein <705>,66
55 Jahre,Landeck <706>,20
55 Jahre,Lienz <707>,18
55 Jahre,Reutte <708>,23
55 Jahre,Schwaz <709>,57
55 Jahre,Bludenz <801>,41
55 Jahre,Bregenz <802>,108
55 Jahre,Dornbirn <803>,49
55 Jahre,Feldkirch <804>,81
55 Jahre,"Wien 1.Bezirk, Innere Stadt <901>",11
55 Jahre,"Wien 2.Bezirk, Leopoldstadt <902>",63
55 Jahre,"Wien 3.Bezirk, Landstraße <903>",61
55 Jahre,"Wien 4.Bezirk, Wieden <904>",38
55 Jahre,"Wien 5.Bezirk, Margareten <905>",24
55 Jahre,"Wien 6.Bezirk, Mariahilf <906>",27
55 Jahre,"Wien 7.Bezirk, Neubau <907>",16
55 Jahre,"Wien 8.Bezirk, Josefstadt <908>",22
55 Jahre,"Wien 9.Bezirk, Alsergrund <909>",30
55 Jahre,"Wien 10.Bezirk, Favoriten <910>",164
55 Jahre,"Wien 11.Bezirk, Simmering <911>",64
55 Jahre,"Wien 12.Bezirk, Meidling <912>",87
55 Jahre,"Wien 13.Bezirk, Hietzing <913>",46
55 Jahre,"Wien 14.Bezirk, Penzing <914>",68
55 Jahre,"Wien 15.Bezirk, Rudolfsheim-Fünfhaus <915>",42
55 Jahre,"Wien 16.Bezirk, Ottakring <916>",83
55 Jahre,"Wien 17.Bezirk, Hernals <917>",47
55 Jahre,"Wien 18.Bezirk, Währing <918>",39
55 Jahre,"Wien 19.Bezirk, Döbling <919>",49
55 Jahre,"Wien 20.Bezirk, Brigittenau <920>",46
55 Jahre,"Wien 21.Bezirk, Floridsdorf <921>",129
55 Jahre,"Wien 22.Bezirk, Donaustadt <922>",143
55 Jahre,"Wien 23.Bezirk, Liesing <923>",84
56 Jahre,Innsbruck (Stadt) <701>,78
56 Jahre,Imst <702>,33
56 Jahre,Innsbruck Land <703>,80
56 Jahre,Kitzbühel <704>,39
56 Jahre,Kufstein <705>,61
56 Jahre,Landeck <706>,19
56 Jahre,Lienz <707>,26
56 Jahre,Reutte <708>,18
56 Jahre,Schwaz <709>,43
56 Jahre,Bludenz <801>,46
56 Jahre,Bregenz <802>,88
56 Jahre,Dornbirn <803>,52
56 Jahre,Feldkirch <804>,59
56 Jahre,"Wien 1.Bezirk, Innere Stadt <901>",14
56 Jahre,"Wien 2.Bezirk, Leopoldstadt <902>",69
56 Jahre,"Wien 3.Bezirk, Landstraße <903>",63
56 Jahre,"Wien 4.Bezirk, Wieden <904>",36
56 Jahre,"Wien 5.Bezirk, Margareten <905>",25
56 Jahre,"Wien 6.Bezirk, Mariahilf <906>",18
56 Jahre,"Wien 7.Bezirk, Neubau <907>",22
56 Jahre,"Wien 8.Bezirk, Josefstadt <908>",18
56 Jahre,"Wien 9.Bezirk, Alsergrund <909>",34
56 Jahre,"Wien 10.Bezirk, Favoriten <910>",158
56 Jahre,"Wien 11.Bezirk, Simmering <911>",76
56 Jahre,"Wien 12.Bezirk, Meidling <912>",63
56 Jahre,"Wien 13.Bezirk, Hietzing <913>",50
56 Jahre,"Wien 14.Bezirk, Penzing <914>",59
56 Jahre,"Wien 15.Bezirk, Rudolfsheim-Fünfhaus <915>",36
56 Jahre,"Wien 16.Bezirk, Ottakring <916>",60
56 Jahre,"Wien 17.Bezirk, Hernals <917>",26
56 Jahre,"Wien 18.Bezirk, Währing <918>",33
56 Jahre,"Wien 19.Bezirk, Döbling <919>",64
56 Jahre,"Wien 20.Bezirk, Brigittenau <920>",42
56 Jahre,"Wien 21.Bezirk, Floridsdorf <921>",103
56 Jahre,"Wien 22.Bezirk, Donaustadt <922>",158
56 Jahre,"Wien 23.Bezirk, Liesing <923>",63
57 Jahre,Innsbruck (Stadt) <701>,77
57 Jahre,Imst <702>,34
57 Jahre,Innsbruck Land <703>,94
57 Jahre,Kitzbühel <704>,35
57 Jahre,Kufstein <705>,55
57 Jahre,Landeck <706>,21
57 Jahre,Lienz <707>,22
57 Jahre,Reutte <708>,17
57 Jahre,Schwaz <709>,44
57 Jahre,Bludenz <801>,28
57 Jahre,Bregenz <802>,76
57 Jahre,Dornbirn <803>,70
57 Jahre,Feldkirch <804>,58
57 Jahre,"Wien 1.Bezirk, Innere Stadt <901>",16
57 Jahre,"Wien 2.Bezirk, Leopoldstadt <902>",62
57 Jahre,"Wien 3.Bezirk, Landstraße <903>",54
57 Jahre,"Wien 4.Bezirk, Wieden <904>",44
57 Jahre,"Wien 5.Bezirk, Margareten <905>",24
57 Jahre,"Wien 6.Bezirk, Mariahilf <906>",23
57 Jahre,"Wien 7.Bezirk, Neubau <907>",13
57 Jahre,"Wien 8.Bezirk, Josefstadt <908>",19
57 Jahre,"Wien 9.Bezirk, Alsergrund <909>",20
57 Jahre,"Wien 10.Bezirk, Favoriten <910>",162
57 Jahre,"Wien 11.Bezirk, Simmering <911>",61
57 Jahre,"Wien 12.Bezirk, Meidling <912>",64
57 Jahre,"Wien 13.Bezirk, Hietzing <913>",44
57 Jahre,"Wien 14.Bezirk, Penzing <914>",49
57 Jahre,"Wien 15.Bezirk, Rudolfsheim-Fünfhaus <915>",39
57 Jahre,"Wien 16.Bezirk, Ottakring <916>",53
57 Jahre,"Wien 17.Bezirk, Hernals <917>",43
57 Jahre,"Wien 18.Bezirk, Währing <918>",35
57 Jahre,"Wien 19.Bezirk, Döbling <919>",60
57 Jahre,"Wien 20.Bezirk, Brigittenau <920>",39
57 Jahre,"Wien 21.Bezirk, Floridsdorf <921>",103
57 Jahre,"Wien 22.Bezirk, Donaustadt <922>",147
57 Jahre,"Wien 23.Bezirk, Liesing <923>",77
58 Jahre,Innsbruck (Stadt) <701>,92
58 Jahre,Imst <702>,31
58 Jahre,Innsbruck Land <703>,83
58 Jahre,Kitzbühel <704>,44
58 Jahre,Kufstein <705>,49
58 Jahre,Landeck <706>,17
58 Jahre,Lienz <707>,23
58 Jahre,Reutte <708>,18
58 Jahre,Schwaz <709>,41
58 Jahre,Bludenz <801>,39
58 Jahre,Bregenz <802>,80
58 Jahre,Dornbirn <803>,51
58 Jahre,Feldkirch <804>,53
58 Jahre,"Wien 1.Bezirk, Innere Stadt <901>",10
58 Jahre,"Wien 2.Bezirk, Leopoldstadt <902>",61
58 Jahre,"Wien 3.Bezirk, Landstraße <903>",73
58 Jahre,"Wien 4.Bezirk, Wieden <904>",30
58 Jahre,"Wien 5.Bezirk, Margareten <905>",21
58 Jahre,"Wien 6.Bezirk, Mariahilf <906>",20
58 Jahre,"Wien 7.Bezirk, Neubau <907>",14
58 Jahre,"Wien 8.Bezirk, Josefstadt <908>",18
58 Jahre,"Wien 9.Bezirk, Alsergrund <909>",23
58 Jahre,"Wien 10.Bezirk, Favoriten <910>",145
58 Jahre,"Wien 11.Bezirk, Simmering <911>",70
58 Jahre,"Wien 12.Bezirk, Meidling <912>",58
58 Jahre,"Wien 13.Bezirk, Hietzing <913>",29
58 Jahre,"Wien 14.Bezirk, Penzing <914>",49
58 Jahre,"Wien 15.Bezirk, Rudolfsheim-Fünfhaus <915>",42
58 Jahre,"Wien 16.Bezirk, Ottakring <916>",76
58 Jahre,"Wien 17.Bezirk, Hernals <917>",32
58 Jahre,"Wien 18.Bezirk, Währing <918>",25
58 Jahre,"Wien 19.Bezirk, Döbling <919>",56
58 Jahre,"Wien 20.Bezirk, Brigittenau <920>",38
58 Jahre,"Wien 21.Bezirk, Floridsdorf <921>",97
58 Jahre,"Wien 22.Bezirk, Donaustadt <922>",138
58 Jahre,"Wien 23.Bezirk, Liesing <923>",71
59 Jahre,Innsbruck (Stadt) <701>,89
59 Jahre,Imst <702>,20
59 Jahre,Innsbruck Land <703>,77
59 Jahre,Kitzbühel <704>,31
59 Jahre,Kufstein <705>,44
59 Jahre,Landeck <706>,8
59 Jahre,Lienz <707>,14
59 Jahre,Reutte <708>,16
59 Jahre,Schwaz <709>,36
59 Jahre,Bludenz <801>,33
59 Jahre,Bregenz <802>,79
59 Jahre,Dornbirn <803>,63
59 Jahre,Feldkirch <804>,53
59 Jahre,"Wien 1.Bezirk, Innere Stadt <901>",20
59 Jahre,"Wien 2.Bezirk, Leopoldstadt <902>",48
59 Jahre,"Wien 3.Bezirk, Landstraße <903>",57
59 Jahre,"Wien 4.Bezirk, Wieden <904>",25
59 Jahre,"Wien 5.Bezirk, Margareten <905>",25
59 Jahre,"Wien 6.Bezirk, Mariahilf <906>",14
59 Jahre,"Wien 7.Bezirk, Neubau <907>",10
59 Jahre,"Wien 8.Bezirk, Josefstadt <908>",9
59 Jahre,"Wien 9.Bezirk, Alsergrund <909>",17
59 Jahre,"Wien 10.Bezirk, Favoriten <910>",123
59 Jahre,"Wien 11.Bezirk, Simmering <911>",44
59 Jahre,"Wien 12.Bezirk, Meidling <912>",80
59 Jahre,"Wien 13.Bezirk, Hietzing <913>",39
59 Jahre,"Wien 14.Bezirk, Penzing <914>",59
59 Jahre,"Wien 15.Bezirk, Rudolfsheim-Fünfhaus <915>",29
59 Jahre,"Wien 16.Bezirk, Ottakring <916>",55
59 Jahre,"Wien 17.Bezirk, Hernals <917>",34
59 Jahre,"Wien 18.Bezirk, Währing <918>",23
59 Jahre,"Wien 19.Bezirk, Döbling <919>",35
59 Jahre,"Wien 20.Bezirk, Brigittenau <920>",43
59 Jahre,"Wien 21.Bezirk, Floridsdorf <921>",93
59 Jahre,"Wien 22.Bezirk, Donaustadt <922>",136
59 Jahre,"Wien 23.Bezirk, Liesing <923>",57
60 Jahre,Innsbruck (Stadt) <701>,81
60 Jahre,Imst <702>,38
60 Jahre,Innsbruck Land <703>,83
60 Jahre,Kitzbühel <704>,59
60 Jahre,Kufstein <705>,65
60 Jahre,Landeck <706>,18
60 Jahre,Lienz <707>,22
60 Jahre,Reutte <708>,12
60 Jahre,Schwaz <709>,49
60 Jahre,Bludenz <801>,36
60 Jahre,Bregenz <802>,86
60 Jahre,Dornbirn <803>,47
60 Jahre,Feldkirch <804>,58
60 Jahre,"Wien 1.Bezirk, Innere Stadt <901>",10
60 Jahre,"Wien 2.Bezirk, Leopoldstadt <902>",63
60 Jahre,"Wien 3.Bezirk, Landstraße <903>",65
60 Jahre,"Wien 4.Bezirk, Wieden <904>",27
60 Jahre,"Wien 5.Bezirk, Margareten <905>",32
60 Jahre,"Wien 6.Bezirk, Mariahilf <906>",12
60 Jahre,"Wien 7.Bezirk, Neubau <907>",19
60 Jahre,"Wien 8.Bezirk, Josefstadt <908>",11
60 Jahre,"Wien 9.Bezirk, Alsergrund <909>",19
60 Jahre,"Wien 10.Bezirk, Favoriten <910>",137
60 Jahre,"Wien 11.Bezirk, Simmering <911>",53
60 Jahre,"Wien 12.Bezirk, Meidling <912>",53
60 Jahre,"Wien 13.Bezirk, Hietzing <913>",41
60 Jahre,"Wien 14.Bezirk, Penzing <914>",54
60 Jahre,"Wien 15.Bezirk, Rudolfsheim-Fünfhaus <915>",33
60 Jahre,"Wien 16.Bezirk, Ottakring <916>",48
60 Jahre,"Wien 17.Bezirk, Hernals <917>",33
60 Jahre,"Wien 18.Bezirk, Währing <918>",19
60 Jahre,"Wien 19.Bezirk, Döbling <919>",42
60 Jahre,"Wien 20.Bezirk, Brigittenau <920>",48
60 Jahre,"Wien 21.Bezirk, Floridsdorf <921>",109
60 Jahre,"Wien 22.Bezirk, Donaustadt <922>",116
60 Jahre,"Wien 23.Bezirk, Liesing <923>",62
61 Jahre,Innsbruck (Stadt) <701>,54
61 Jahre,Imst <702>,27
61 Jahre,Innsbruck Land <703>,79
61 Jahre,Kitzbühel <704>,47
61 Jahre,Kufstein <705>,47
61 Jahre,Landeck <706>,10
61 Jahre,Lienz <707>,23
61 Jahre,Reutte <708>,13
61 Jahre,Schwaz <709>,39
61 Jahre,Bludenz <801>,29
61 Jahre,Bregenz <802>,80
61 Jahre,Dornbirn <803>,32
61 Jahre,Feldkirch <804>,48
61 Jahre,"Wien 1.Bezirk, Innere Stadt <901>",16
61 Jahre,"Wien 2.Bezirk, Leopoldstadt <902>",48
61 Jahre,"Wien 3.Bezirk, Landstraße <903>",55
61 Jahre,"Wien 4.Bezirk, Wieden <904>",33
61 Jahre,"Wien 5.Bezirk, Margareten <905>",20
61 Jahre,"Wien 6.Bezirk, Mariahilf <906>",22
61 Jahre,"Wien 7.Bezirk, Neubau <907>",6
61 Jahre,"Wien 8.Bezirk, Josefstadt <908>",12
61 Jahre,"Wien 9.Bezirk, Alsergrund <909>",11
61 Jahre,"Wien 10.Bezirk, Favoriten <910>",115
61 Jahre,"Wien 11.Bezirk, Simmering <911>",42
61 Jahre,"Wien 12.Bezirk, Meidling <912>",67
61 Jahre,"Wien 13.Bezirk, Hietzing <913>",31
61 Jahre,"Wien 14.Bezirk, Penzing <914>",52
61 Jahre,"Wien 15.Bezirk, Rudolfsheim-Fünfhaus <915>",33
61 Jahre,"Wien 16.Bezirk, Ottakring <916>",49
61 Jahre,"Wien 17.Bezirk, Hernals <917>",25
61 Jahre,"Wien 18.Bezirk, Währing <918>",27
61 Jahre,"Wien 19.Bezirk, Döbling <919>",51
61 Jahre,"Wien 20.Bezirk, Brigittenau <920>",39
61 Jahre,"Wien 21.Bezirk, Floridsdorf <921>",94
61 Jahre,"Wien 22.Bezirk, Donaustadt <922>",123
61 Jahre,"Wien 23.Bezirk, Liesing <923>",60
62 Jahre,Innsbruck (Stadt) <701>,61
62 Jahre,Imst <702>,33
62 Jahre,Innsbruck Land <703>,83
62 Jahre,Kitzbühel <704>,37
62 Jahre,Kufstein <705>,32
62 Jahre,Landeck <706>,15
62 Jahre,Lienz <707>,17
62 Jahre,Reutte <708>,20
62 Jahre,Schwaz <709>,40
62 Jahre,Bludenz <801>,18
62 Jahre,Bregenz <802>,73
62 Jahre,Dornbirn <803>,39
62 Jahre,Feldkirch <804>,49
62 Jahre,"Wien 1.Bezirk, Innere Stadt <901>",9
62 Jahre,"Wien 2.Bezirk, Leopoldstadt <902>",60
62 Jahre,"Wien 3.Bezirk, Landstraße <903>",57
62 Jahre,"Wien 4.Bezirk, Wieden <904>",17
62 Jahre,"Wien 5.Bezirk, Margareten <905>",24
62 Jahre,"Wien 6.Bezirk, Mariahilf <906>",12
62 Jahre,"Wien 7.Bezirk, Neubau <907>",16
62 Jahre,"Wien 8.Bezirk, Josefstadt <908>",11
62 Jahre,"Wien 9.Bezirk, Alsergrund <909>",16
62 Jahre,"Wien 10.Bezirk, Favoriten <910>",118
62 Jahre,"Wien 11.Bezirk, Simmering <911>",42
62 Jahre,"Wien 12.Bezirk, Meidling <912>",39
62 Jahre,"Wien 13.Bezirk, Hietzing <913>",34
62 Jahre,"Wien 14.Bezirk, Penzing <914>",59
62 Jahre,"Wien 15.Bezirk, Rudolfsheim-Fünfhaus <915>",38
62 Jahre,"Wien 16.Bezirk, Ottakring <916>",46
62 Jahre,"Wien 17.Bezirk, Hernals <917>",19
62 Jahre,"Wien 18.Bezirk, Währing <918>",26
62 Jahre,"Wien 19.Bezirk, Döbling <919>",36
62 Jahre,"Wien 20.Bezirk, Brigittenau <920>",35
62 Jahre,"Wien 21.Bezirk, Floridsdorf <921>",84
62 Jahre,"Wien 22.Bezirk, Donaustadt <922>",103
62 Jahre,"Wien 23.Bezirk, Liesing <923>",50
63 Jahre,Innsbruck (Stadt) <701>,66
63 Jahre,Imst <702>,17
63 Jahre,Innsbruck Land <703>,76
63 Jahre,Kitzbühel <704>,36
63 Jahre,Kufstein <705>,40
63 Jahre,Landeck <706>,7
63 Jahre,Lienz <707>,15
63 Jahre,Reutte <708>,11
63 Jahre,Schwaz <709>,18
63 Jahre,Bludenz <801>,33
63 Jahre,Bregenz <802>,62
63 Jahre,Dornbirn <803>,43
63 Jahre,Feldkirch <804>,36
63 Jahre,"Wien 1.Bezirk, Innere Stadt <901>",14
63 Jahre,"Wien 2.Bezirk, Leopoldstadt <902>",45
63 Jahre,"Wien 3.Bezirk, Landstraße <903>",59
63 Jahre,"Wien 4.Bezirk, Wieden <904>",23
63 Jahre,"Wien 5.Bezirk, Margareten <905>",17
63 Jahre,"Wien 6.Bezirk, Mariahilf <906>",11
63 Jahre,"Wien 7.Bezirk, Neubau <907>",20
63 Jahre,"Wien 8.Bezirk, Josefstadt <908>",14
63 Jahre,"Wien 9.Bezirk, Alsergrund <909>",9
63 Jahre,"Wien 10.Bezirk, Favoriten <910>",119
63 Jahre,"Wien 11.Bezirk, Simmering <911>",41
63 Jahre,"Wien 12.Bezirk, Meidling <912>",40
63 Jahre,"Wien 13.Bezirk, Hietzing <913>",28
63 Jahre,"Wien 14.Bezirk, Penzing <914>",42
63 Jahre,"Wien 15.Bezirk, Rudolfsheim-Fünfhaus <915>",25
63 Jahre,"Wien 16.Bezirk, Ottakring <916>",44
63 Jahre,"Wien 17.Bezirk, Hernals <917>",15
63 Jahre,"Wien 18.Bezirk, Währing <918>",21
63 Jahre,"Wien 19.Bezirk, Döbling <919>",27
63 Jahre,"Wien 20.Bezirk, Brigittenau <920>",37
63 Jahre,"Wien 21.Bezirk, Floridsdorf <921>",65
63 Jahre,"Wien 22.Bezirk, Donaustadt <922>",112
63 Jahre,"Wien 23.Bezirk, Liesing <923>",57
64 Jahre,Innsbruck (Stadt) <701>,50
64 Jahre,Imst <702>,20
64 Jahre,Innsbruck Land <703>,46
64 Jahre,Kitzbühel <704>,32
64 Jahre,Kufstein <705>,46
64 Jahre,Landeck <706>,5
64 Jahre,Lienz <707>,9
64 Jahre,Reutte <708>,9
64 Jahre,Schwaz <709>,18
64 Jahre,Bludenz <801>,25
64 Jahre,Bregenz <802>,72
64 Jahre,Dornbirn <803>,34
64 Jahre,Feldkirch <804>,34
64 Jahre,"Wien 1.Bezirk, Innere Stadt <901>",3
64 Jahre,"Wien 2.Bezirk, Leopoldstadt <902>",31
64 Jahre,"Wien 3.Bezirk, Landstraße <903>",48
64 Jahre,"Wien 4.Bezirk, Wieden <904>",13
64 Jahre,"Wien 5.Bezirk, Margareten <905>",19
64 Jahre,"Wien 6.Bezirk, Mariahilf <906>",15
64 Jahre,"Wien 7.Bezirk, Neubau <907>",13
64 Jahre,"Wien 8.Bezirk, Josefstadt <908>",5
64 Jahre,"Wien 9.Bezirk, Alsergrund <909>",10
64 Jahre,"Wien 10.Bezirk, Favoriten <910>",84
64 Jahre,"Wien 11.Bezirk, Simmering <911>",27
64 Jahre,"Wien 12.Bezirk, Meidling <912>",43
64 Jahre,"Wien 13.Bezirk, Hietzing <913>",24
64 Jahre,"Wien 14.Bezirk, Penzing <914>",37
64 Jahre,"Wien 15.Bezirk, Rudolfsheim-Fünfhaus <915>",23
64 Jahre,"Wien 16.Bezirk, Ottakring <916>",55
64 Jahre,"Wien 17.Bezirk, Hernals <917>",15
64 Jahre,"Wien 18.Bezirk, Währing <918>",13
64 Jahre,"Wien 19.Bezirk, Döbling <919>",38
64 Jahre,"Wien 20.Bezirk, Brigittenau <920>",42
64 Jahre,"Wien 21.Bezirk, Floridsdorf <921>",66
64 Jahre,"Wien 22.Bezirk, Donaustadt <922>",107
64 Jahre,"Wien 23.Bezirk, Liesing <923>",48
65 Jahre,Innsbruck (Stadt) <701>,52
65 Jahre,Imst <702>,20
65 Jahre,Innsbruck Land <703>,57
65 Jahre,Kitzbühel <704>,22
65 Jahre,Kufstein <705>,28
65 Jahre,Landeck <706>,7
65 Jahre,Lienz <707>,17
65 Jahre,Reutte <708>,14
65 Jahre,Schwaz <709>,34
65 Jahre,Bludenz <801>,23
65 Jahre,Bregenz <802>,62
65 Jahre,Dornbirn <803>,30
65 Jahre,Feldkirch <804>,42
65 Jahre,"Wien 1.Bezirk, Innere Stadt <901>",3
65 Jahre,"Wien 2.Bezirk, Leopoldstadt <902>",41
65 Jahre,"Wien 3.Bezirk, Landstraße <903>",37
65 Jahre,"Wien 4.Bezirk, Wieden <904>",21
65 Jahre,"Wien 5.Bezirk, Margareten <905>",26
65 Jahre,"Wien 6.Bezirk, Mariahilf <906>",9
65 Jahre,"Wien 7.Bezirk, Neubau <907>",11
65 Jahre,"Wien 8.Bezirk, Josefstadt <908>",9
65 Jahre,"Wien 9.Bezirk, Alsergrund <909>",9
65 Jahre,"Wien 10.Bezirk, Favoriten <910>",87
65 Jahre,"Wien 11.Bezirk, Simmering <911>",42
65 Jahre,"Wien 12.Bezirk, Meidling <912>",44
65 Jahre,"Wien 13.Bezirk, Hietzing <913>",23
65 Jahre,"Wien 14.Bezirk, Penzing <914>",42
65 Jahre,"Wien 15.Bezirk, Rudolfsheim-Fünfhaus <915>",28
65 Jahre,"Wien 16.Bezirk, Ottakring <916>",45
65 Jahre,"Wien 17.Bezirk, Hernals <917>",19
65 Jahre,"Wien 18.Bezirk, Währing <918>",22
65 Jahre,"Wien 19.Bezirk, Döbling <919>",29
65 Jahre,"Wien 20.Bezirk, Brigittenau <920>",28
65 Jahre,"Wien 21.Bezirk, Floridsdorf <921>",71
65 Jahre,"Wien 22.Bezirk, Donaustadt <922>",92
65 Jahre,"Wien 23.Bezirk, Liesing <923>",49
66 Jahre,Innsbruck (Stadt) <701>,32
66 Jahre,Imst <702>,20
66 Jahre,Innsbruck Land <703>,48
66 Jahre,Kitzbühel <704>,29
66 Jahre,Kufstein <705>,31
66 Jahre,Landeck <706>,6
66 Jahre,Lienz <707>,10
66 Jahre,Reutte <708>,15
66 Jahre,Schwaz <709>,26
66 Jahre,Bludenz <801>,20
66 Jahre,Bregenz <802>,51
66 Jahre,Dornbirn <803>,34
66 Jahre,Feldkirch <804>,37
66 Jahre,"Wien 1.Bezirk, Innere Stadt <901>",10
66 Jahre,"Wien 2.Bezirk, Leopoldstadt <902>",35
66 Jahre,"Wien 3.Bezirk, Landstraße <903>",36
66 Jahre,"Wien 4.Bezirk, Wieden <904>",18
66 Jahre,"Wien 5.Bezirk, Margareten <905>",19
66 Jahre,"Wien 6.Bezirk, Mariahilf <906>",14
66 Jahre,"Wien 7.Bezirk, Neubau <907>",10
66 Jahre,"Wien 8.Bezirk, Josefstadt <908>",7
66 Jahre,"Wien 9.Bezirk, Alsergrund <909>",9
66 Jahre,"Wien 10.Bezirk, Favoriten <910>",79
66 Jahre,"Wien 11.Bezirk, Simmering <911>",34
66 Jahre,"Wien 12.Bezirk, Meidling <912>",38
66 Jahre,"Wien 13.Bezirk, Hietzing <913>",22
66 Jahre,"Wien 14.Bezirk, Penzing <914>",31
66 Jahre,"Wien 15.Bezirk, Rudolfsheim-Fünfhaus <915>",18
66 Jahre,"Wien 16.Bezirk, Ottakring <916>",39
66 Jahre,"Wien 17.Bezirk, Hernals <917>",17
66 Jahre,"Wien 18.Bezirk, Währing <918>",14
66 Jahre,"Wien 19.Bezirk, Döbling <919>",34
66 Jahre,"Wien 20.Bezirk, Brigittenau <920>",26
66 Jahre,"Wien 21.Bezirk, Floridsdorf <921>",57
66 Jahre,"Wien 22.Bezirk, Donaustadt <922>",77
66 Jahre,"Wien 23.Bezirk, Liesing <923>",28
67 Jahre,Innsbruck (Stadt) <701>,37
67 Jahre,Imst <702>,7
67 Jahre,Innsbruck Land <703>,47
67 Jahre,Kitzbühel <704>,29
67 Jahre,Kufstein <705>,27
67 Jahre,Landeck <706>,8
67 Jahre,Lienz <707>,7
67 Jahre,Reutte <708>,9
67 Jahre,Schwaz <709>,22
67 Jahre,Bludenz <801>,12
67 Jahre,Bregenz <802>,59
67 Jahre,Dornbirn <803>,22
67 Jahre,Feldkirch <804>,32
67 Jahre,"Wien 1.Bezirk, Innere Stadt <901>",6
67 Jahre,"Wien 2.Bezirk, Leopoldstadt <902>",30
67 Jahre,"Wien 3.Bezirk, Landstraße <903>",34
67 Jahre,"Wien 4.Bezirk, Wieden <904>",12
67 Jahre,"Wien 5.Bezirk, Margareten <905>",14
67 Jahre,"Wien 6.Bezirk, Mariahilf <906>",6
67 Jahre,"Wien 7.Bezirk, Neubau <907>",11
67 Jahre,"Wien 8.Bezirk, Josefstadt <908>",7
67 Jahre,"Wien 9.Bezirk, Alsergrund <909>",10
67 Jahre,"Wien 10.Bezirk, Favoriten <910>",54
67 Jahre,"Wien 11.Bezirk, Simmering <911>",36
67 Jahre,"Wien 12.Bezirk, Meidling <912>",22
67 Jahre,"Wien 13.Bezirk, Hietzing <913>",27
67 Jahre,"Wien 14.Bezirk, Penzing <914>",27
67 Jahre,"Wien 15.Bezirk, Rudolfsheim-Fünfhaus <915>",21
67 Jahre,"Wien 16.Bezirk, Ottakring <916>",28
67 Jahre,"Wien 17.Bezirk, Hernals <917>",15
67 Jahre,"Wien 18.Bezirk, Währing <918>",10
67 Jahre,"Wien 19.Bezirk, Döbling <919>",34
67 Jahre,"Wien 20.Bezirk, Brigittenau <920>",24
67 Jahre,"Wien 21.Bezirk, Floridsdorf <921>",55
67 Jahre,"Wien 22.Bezirk, Donaustadt <922>",68
67 Jahre,"Wien 23.Bezirk, Liesing <923>",30
68 Jahre,Innsbruck (Stadt) <701>,26
68 Jahre,Imst <702>,16
68 Jahre,Innsbruck Land <703>,35
68 Jahre,Kitzbühel <704>,18
68 Jahre,Kufstein <705>,27
68 Jahre,Landeck <706>,8
68 Jahre,Lienz <707>,7
68 Jahre,Reutte <708>,4
68 Jahre,Schwaz <709>,18
68 Jahre,Bludenz <801>,30
68 Jahre,Bregenz <802>,47
68 Jahre,Dornbirn <803>,19
68 Jahre,Feldkirch <804>,26
68 Jahre,"Wien 1.Bezirk, Innere Stadt <901>",8
68 Jahre,"Wien 2.Bezirk, Leopoldstadt <902>",35
68 Jahre,"Wien 3.Bezirk, Landstraße <903>",23
68 Jahre,"Wien 4.Bezirk, Wieden <904>",10
68 Jahre,"Wien 5.Bezirk, Margareten <905>",6
68 Jahre,"Wien 6.Bezirk, Mariahilf <906>",2
68 Jahre,"Wien 7.Bezirk, Neubau <907>",8
68 Jahre,"Wien 8.Bezirk, Josefstadt <908>",5
68 Jahre,"Wien 9.Bezirk, Alsergrund <909>",10
68 Jahre,"Wien 10.Bezirk, Favoriten <910>",72
68 Jahre,"Wien 11.Bezirk, Simmering <911>",23
68 Jahre,"Wien 12.Bezirk, Meidling <912>",23
68 Jahre,"Wien 13.Bezirk, Hietzing <913>",21
68 Jahre,"Wien 14.Bezirk, Penzing <914>",27
68 Jahre,"Wien 15.Bezirk, Rudolfsheim-Fünfhaus <915>",31
68 Jahre,"Wien 16.Bezirk, Ottakring <916>",30
68 Jahre,"Wien 17.Bezirk, Hernals <917>",13
68 Jahre,"Wien 18.Bezirk, Währing <918>",11
68 Jahre,"Wien 19.Bezirk, Döbling <919>",26
68 Jahre,"Wien 20.Bezirk, Brigittenau <920>",23
68 Jahre,"Wien 21.Bezirk, Floridsdorf <921>",49
68 Jahre,"Wien 22.Bezirk, Donaustadt <922>",59
68 Jahre,"Wien 23.Bezirk, Liesing <923>",32
69 Jahre,Innsbruck (Stadt) <701>,29
69 Jahre,Imst <702>,8
69 Jahre,Innsbruck Land <703>,33
69 Jahre,Kitzbühel <704>,16
69 Jahre,Kufstein <705>,27
69 Jahre,Landeck <706>,5
69 Jahre,Lienz <707>,16
69 Jahre,Reutte <708>,5
69 Jahre,Schwaz <709>,23
69 Jahre,Bludenz <801>,14
69 Jahre,Bregenz <802>,38
69 Jahre,Dornbirn <803>,35
69 Jahre,Feldkirch <804>,31
69 Jahre,"Wien 1.Bezirk, Innere Stadt <901>",6
69 Jahre,"Wien 2.Bezirk, Leopoldstadt <902>",29
69 Jahre,"Wien 3.Bezirk, Landstraße <903>",30
69 Jahre,"Wien 4.Bezirk, Wieden <904>",9
69 Jahre,"Wien 5.Bezirk, Margareten <905>",15
69 Jahre,"Wien 6.Bezirk, Mariahilf <906>",4
69 Jahre,"Wien 7.Bezirk, Neubau <907>",9
69 Jahre,"Wien 8.Bezirk, Josefstadt <908>",7
69 Jahre,"Wien 9.Bezirk, Alsergrund <909>",7
69 Jahre,"Wien 10.Bezirk, Favoriten <910>",62
69 Jahre,"Wien 11.Bezirk, Simmering <911>",29
69 Jahre,"Wien 12.Bezirk, Meidling <912>",28
69 Jahre,"Wien 13.Bezirk, Hietzing <913>",18
69 Jahre,"Wien 14.Bezirk, Penzing <914>",36
69 Jahre,"Wien 15.Bezirk, Rudolfsheim-Fünfhaus <915>",18
69 Jahre,"Wien 16.Bezirk, Ottakring <916>",31
69 Jahre,"Wien 17.Bezirk, Hernals <917>",18
69 Jahre,"Wien 18.Bezirk, Währing <918>",17
69 Jahre,"Wien 19.Bezirk, Döbling <919>",20
69 Jahre,"Wien 20.Bezirk, Brigittenau <920>",17
69 Jahre,"Wien 21.Bezirk, Floridsdorf <921>",42
69 Jahre,"Wien 22.Bezirk, Donaustadt <922>",62
69 Jahre,"Wien 23.Bezirk, Liesing <923>",37
70 Jahre,Innsbruck (Stadt) <701>,30
70 Jahre,Imst <702>,13
70 Jahre,Innsbruck Land <703>,36
70 Jahre,Kitzbühel <704>,10
70 Jahre,Kufstein <705>,19
70 Jahre,Landeck <706>,5
70 Jahre,Lienz <707>,4
70 Jahre,Reutte <708>,5
70 Jahre,Schwaz <709>,22
70 Jahre,Bludenz <801>,10
70 Jahre,Bregenz <802>,31
70 Jahre,Dornbirn <803>,21
70 Jahre,Feldkirch <804>,21
70 Jahre,"Wien 1.Bezirk, Innere Stadt <901>",4
70 Jahre,"Wien 2.Bezirk, Leopoldstadt <902>",36
70 Jahre,"Wien 3.Bezirk, Landstraße <903>",21
70 Jahre,"Wien 4.Bezirk, Wieden <904>",12
70 Jahre,"Wien 5.Bezirk, Margareten <905>",13
70 Jahre,"Wien 6.Bezirk, Mariahilf <906>",6
70 Jahre,"Wien 7.Bezirk, Neubau <907>",5
70 Jahre,"Wien 8.Bezirk, Josefstadt <908>",7
70 Jahre,"Wien 9.Bezirk, Alsergrund <909>",12
70 Jahre,"Wien 10.Bezirk, Favoriten <910>",47
70 Jahre,"Wien 11.Bezirk, Simmering <911>",22
70 Jahre,"Wien 12.Bezirk, Meidling <912>",17
70 Jahre,"Wien 13.Bezirk, Hietzing <913>",15
70 Jahre,"Wien 14.Bezirk, Penzing <914>",23
70 Jahre,"Wien 15.Bezirk, Rudolfsheim-Fünfhaus <915>",14
70 Jahre,"Wien 16.Bezirk, Ottakring <916>",24
70 Jahre,"Wien 17.Bezirk, Hernals <917>",11
70 Jahre,"Wien 18.Bezirk, Währing <918>",13
70 Jahre,"Wien 19.Bezirk, Döbling <919>",26
70 Jahre,"Wien 20.Bezirk, Brigittenau <920>",16
70 Jahre,"Wien 21.Bezirk, Floridsdorf <921>",43
70 Jahre,"Wien 22.Bezirk, Donaustadt <922>",46
70 Jahre,"Wien 23.Bezirk, Liesing <923>",23
71 Jahre,Innsbruck (Stadt) <701>,32
71 Jahre,Imst <702>,14
71 Jahre,Innsbruck Land <703>,25
71 Jahre,Kitzbühel <704>,11
71 Jahre,Kufstein <705>,15
71 Jahre,Landeck <706>,1
71 Jahre,Lienz <707>,5
71 Jahre,Reutte <708>,4
71 Jahre,Schwaz <709>,23
71 Jahre,Bludenz <801>,14
71 Jahre,Bregenz <802>,28
71 Jahre,Dornbirn <803>,26
71 Jahre,Feldkirch <804>,19
71 Jahre,"Wien 1.Bezirk, Innere Stadt <901>",3
71 Jahre,"Wien 2.Bezirk, Leopoldstadt <902>",22
71 Jahre,"Wien 3.Bezirk, Landstraße <903>",23
71 Jahre,"Wien 4.Bezirk, Wieden <904>",7
71 Jahre,"Wien 5.Bezirk, Margareten <905>",10
71 Jahre,"Wien 6.Bezirk, Mariahilf <906>",9
71 Jahre,"Wien 7.Bezirk, Neubau <907>",3
71 Jahre,"Wien 8.Bezirk, Josefstadt <908>",5
71 Jahre,"Wien 9.Bezirk, Alsergrund <909>",6
71 Jahre,"Wien 10.Bezirk, Favoriten <910>",52
71 Jahre,"Wien 11.Bezirk, Simmering <911>",14
71 Jahre,"Wien 12.Bezirk, Meidling <912>",18
71 Jahre,"Wien 13.Bezirk, Hietzing <913>",18
71 Jahre,"Wien 14.Bezirk, Penzing <914>",19
71 Jahre,"Wien 15.Bezirk, Rudolfsheim-Fünfhaus <915>",12
71 Jahre,"Wien 16.Bezirk, Ottakring <916>",24
71 Jahre,"Wien 17.Bezirk, Hernals <917>",10
71 Jahre,"Wien 18.Bezirk, Währing <918>",8
71 Jahre,"Wien 19.Bezirk, Döbling <919>",18
71 Jahre,"Wien 20.Bezirk, Brigittenau <920>",18
71 Jahre,"Wien 21.Bezirk, Floridsdorf <921>",29
71 Jahre,"Wien 22.Bezirk, Donaustadt <922>",46
71 Jahre,"Wien 23.Bezirk, Liesing <923>",27
72 Jahre,Innsbruck (Stadt) <701>,34
72 Jahre,Imst <702>,9
72 Jahre,Innsbruck Land <703>,19
72 Jahre,Kitzbühel <704>,9
72 Jahre,Kufstein <705>,19
72 Jahre,Landeck <706>,7
72 Jahre,Lienz <707>,6
72 Jahre,Reutte <708>,2
72 Jahre,Schwaz <709>,18
72 Jahre,Bludenz <801>,12
72 Jahre,Bregenz <802>,27
72 Jahre,Dornbirn <803>,17
72 Jahre,Feldkirch <804>,21
72 Jahre,"Wien 1.Bezirk, Innere Stadt <901>",8
72 Jahre,"Wien 2.Bezirk, Leopoldstadt <902>",21
72 Jahre,"Wien 3.Bezirk, Landstraße <903>",24
72 Jahre,"Wien 4.Bezirk, Wieden <904>",10
72 Jahre,"Wien 5.Bezirk, Margareten <905>",10
72 Jahre,"Wien 6.Bezirk, Mariahilf <906>",8
72 Jahre,"Wien 7.Bezirk, Neubau <907>",5
72 Jahre,"Wien 8.Bezirk, Josefstadt <908>",1
72 Jahre,"Wien 9.Bezirk, Alsergrund <909>",7
72 Jahre,"Wien 10.Bezirk, Favoriten <910>",34
72 Jahre,"Wien 11.Bezirk, Simmering <911>",18
72 Jahre,"Wien 12.Bezirk, Meidling <912>",16
72 Jahre,"Wien 13.Bezirk, Hietzing <913>",14
72 Jahre,"Wien 14.Bezirk, Penzing <914>",26
72 Jahre,"Wien 15.Bezirk, Rudolfsheim-Fünfhaus <915>",8
72 Jahre,"Wien 16.Bezirk, Ottakring <916>",17
72 Jahre,"Wien 17.Bezirk, Hernals <917>",11
72 Jahre,"Wien 18.Bezirk, Währing <918>",9
72 Jahre,"Wien 19.Bezirk, Döbling <919>",19
72 Jahre,"Wien 20.Bezirk, Brigittenau <920>",18
72 Jahre,"Wien 21.Bezirk, Floridsdorf <921>",31
72 Jahre,"Wien 22.Bezirk, Donaustadt <922>",49
72 Jahre,"Wien 23.Bezirk, Liesing <923>",32
73 Jahre,Innsbruck (Stadt) <701>,26
73 Jahre,Imst <702>,8
73 Jahre,Innsbruck Land <703>,17
73 Jahre,Kitzbühel <704>,14
73 Jahre,Kufstein <705>,22
73 Jahre,Landeck <706>,3
73 Jahre,Lienz <707>,5
73 Jahre,Reutte <708>,6
73 Jahre,Schwaz <709>,17
73 Jahre,Bludenz <801>,9
73 Jahre,Bregenz <802>,26
73 Jahre,Dornbirn <803>,25
73 Jahre,Feldkirch <804>,23
73 Jahre,"Wien 1.Bezirk, Innere Stadt <901>",7
73 Jahre,"Wien 2.Bezirk, Leopoldstadt <902>",14
73 Jahre,"Wien 3.Bezirk, Landstraße <903>",15
73 Jahre,"Wien 4.Bezirk, Wieden <904>",8
73 Jahre,"Wien 5.Bezirk, Margareten <905>",9
73 Jahre,"Wien 6.Bezirk, Mariahilf <906>",4
73 Jahre,"Wien 7.Bezirk, Neubau <907>",5
73 Jahre,"Wien 8.Bezirk, Josefstadt <908>",1
73 Jahre,"Wien 9.Bezirk, Alsergrund <909>",4
73 Jahre,"Wien 10.Bezirk, Favoriten <910>",32
73 Jahre,"Wien 11.Bezirk, Simmering <911>",13
73 Jahre,"Wien 12.Bezirk, Meidling <912>",9
73 Jahre,"Wien 13.Bezirk, Hietzing <913>",17
73 Jahre,"Wien 14.Bezirk, Penzing <914>",20
73 Jahre,"Wien 15.Bezirk, Rudolfsheim-Fünfhaus <915>",12
73 Jahre,"Wien 16.Bezirk, Ottakring <916>",20
73 Jahre,"Wien 17.Bezirk, Hernals <917>",12
73 Jahre,"Wien 18.Bezirk, Währing <918>",11
73 Jahre,"Wien 19.Bezirk, Döbling <919>",22
73 Jahre,"Wien 20.Bezirk, Brigittenau <920>",13
73 Jahre,"Wien 21.Bezirk, Floridsdorf <921>",28
73 Jahre,"Wien 22.Bezirk, Donaustadt <922>",41
73 Jahre,"Wien 23.Bezirk, Liesing <923>",20
74 Jahre,Innsbruck (Stadt) <701>,24
74 Jahre,Imst <702>,10
74 Jahre,Innsbruck Land <703>,30
74 Jahre,Kitzbühel <704>,8
74 Jahre,Kufstein <705>,13
74 Jahre,Landeck <706>,4
74 Jahre,Lienz <707>,7
74 Jahre,Reutte <708>,4
74 Jahre,Schwaz <709>,10
74 Jahre,Bludenz <801>,6
74 Jahre,Bregenz <802>,29
74 Jahre,Dornbirn <803>,14
74 Jahre,Feldkirch <804>,19
74 Jahre,"Wien 1.Bezirk, Innere Stadt <901>",4
74 Jahre,"Wien 2.Bezirk, Leopoldstadt <902>",21
74 Jahre,"Wien 3.Bezirk, Landstraße <903>",20
74 Jahre,"Wien 4.Bezirk, Wieden <904>",8
74 Jahre,"Wien 5.Bezirk, Margareten <905>",12
74 Jahre,"Wien 6.Bezirk, Mariahilf <906>",5
74 Jahre,"Wien 7.Bezirk, Neubau <907>",6
74 Jahre,"Wien 8.Bezirk, Josefstadt <908>",3
74 Jahre,"Wien 9.Bezirk, Alsergrund <909>",7
74 Jahre,"Wien 10.Bezirk, Favoriten <910>",32
74 Jahre,"Wien 11.Bezirk, Simmering <911>",12
74 Jahre,"Wien 12.Bezirk, Meidling <912>",19
74 Jahre,"Wien 13.Bezirk, Hietzing <913>",20
74 Jahre,"Wien 14.Bezirk, Penzing <914>",15
74 Jahre,"Wien 15.Bezirk, Rudolfsheim-Fünfhaus <915>",15
74 Jahre,"Wien 16.Bezirk, Ottakring <916>",10
74 Jahre,"Wien 17.Bezirk, Hernals <917>",14
74 Jahre,"Wien 18.Bezirk, Währing <918>",7
74 Jahre,"Wien 19.Bezirk, Döbling <919>",25
74 Jahre,"Wien 20.Bezirk, Brigittenau <920>",14
74 Jahre,"Wien 21.Bezirk, Floridsdorf <921>",35
74 Jahre,"Wien 22.Bezirk, Donaustadt <922>",37
74 Jahre,"Wien 23.Bezirk, Liesing <923>",23
75 Jahre,Innsbruck (Stadt) <701>,16
75 Jahre,Imst <702>,11
75 Jahre,Innsbruck Land <703>,21
75 Jahre,Kitzbühel <704>,12
75 Jahre,Kufstein <705>,19
75 Jahre,Landeck <706>,8
75 Jahre,Lienz <707>,4
75 Jahre,Reutte <708>,4
75 Jahre,Schwaz <709>,12
75 Jahre,Bludenz <801>,7
75 Jahre,Bregenz <802>,25
75 Jahre,Dornbirn <803>,13
75 Jahre,Feldkirch <804>,16
75 Jahre,"Wien 1.Bezirk, Innere Stadt <901>",5
75 Jahre,"Wien 2.Bezirk, Leopoldstadt <902>",16
75 Jahre,"Wien 3.Bezirk, Landstraße <903>",20
75 Jahre,"Wien 4.Bezirk, Wieden <904>",7
75 Jahre,"Wien 5.Bezirk, Margareten <905>",4
75 Jahre,"Wien 6.Bezirk, Mariahilf <906>",6
75 Jahre,"Wien 7.Bezirk, Neubau <907>",10
75 Jahre,"Wien 8.Bezirk, Josefstadt <908>",7
75 Jahre,"Wien 9.Bezirk, Alsergrund <909>",5
75 Jahre,"Wien 10.Bezirk, Favoriten <910>",37
75 Jahre,"Wien 11.Bezirk, Simmering <911>",14
75 Jahre,"Wien 12.Bezirk, Meidling <912>",22
75 Jahre,"Wien 13.Bezirk, Hietzing <913>",16
75 Jahre,"Wien 14.Bezirk, Penzing <914>",11
75 Jahre,"Wien 15.Bezirk, Rudolfsheim-Fünfhaus <915>",18
75 Jahre,"Wien 16.Bezirk, Ottakring <916>",13
75 Jahre,"Wien 17.Bezirk, Hernals <917>",13
75 Jahre,"Wien 18.Bezirk, Währing <918>",6
75 Jahre,"Wien 19.Bezirk, Döbling <919>",16
75 Jahre,"Wien 20.Bezirk, Brigittenau <920>",10
75 Jahre,"Wien 21.Bezirk, Floridsdorf <921>",29
75 Jahre,"Wien 22.Bezirk, Donaustadt <922>",31
75 Jahre,"Wien 23.Bezirk, Liesing <923>",12
76 Jahre,Innsbruck (Stadt) <701>,30
76 Jahre,Imst <702>,4
76 Jahre,Innsbruck Land <703>,22
76 Jahre,Kitzbühel <704>,9
76 Jahre,Kufstein <705>,17
76 Jahre,Landeck <706>,5
76 Jahre,Lienz <707>,13
76 Jahre,Reutte <708>,6
76 Jahre,Schwaz <709>,11
76 Jahre,Bludenz <801>,18
76 Jahre,Bregenz <802>,27
76 Jahre,Dornbirn <803>,16
76 Jahre,Feldkirch <804>,16
76 Jahre,"Wien 1.Bezirk, Innere Stadt <901>",4
76 Jahre,"Wien 2.Bezirk, Leopoldstadt <902>",18
76 Jahre,"Wien 3.Bezirk, Landstraße <903>",18
76 Jahre,"Wien 4.Bezirk, Wieden <904>",6
76 Jahre,"Wien 5.Bezirk, Margareten <905>",3
76 Jahre,"Wien 6.Bezirk, Mariahilf <906>",4
76 Jahre,"Wien 7.Bezirk, Neubau <907>",4
76 Jahre,"Wien 8.Bezirk, Josefstadt <908>",1
76 Jahre,"Wien 9.Bezirk, Alsergrund <909>",12
76 Jahre,"Wien 10.Bezirk, Favoriten <910>",28
76 Jahre,"Wien 11.Bezirk, Simmering <911>",7
76 Jahre,"Wien 12.Bezirk, Meidling <912>",18
76 Jahre,"Wien 13.Bezirk, Hietzing <913>",19
76 Jahre,"Wien 14.Bezirk, Penzing <914>",13
76 Jahre,"Wien 15.Bezirk, Rudolfsheim-Fünfhaus <915>",13
76 Jahre,"Wien 16.Bezirk, Ottakring <916>",13
76 Jahre,"Wien 17.Bezirk, Hernals <917>",11
76 Jahre,"Wien 18.Bezirk, Währing <918>",9
76 Jahre,"Wien 19.Bezirk, Döbling <919>",14
76 Jahre,"Wien 20.Bezirk, Brigittenau <920>",14
76 Jahre,"Wien 21.Bezirk, Floridsdorf <921>",24
76 Jahre,"Wien 22.Bezirk, Donaustadt <922>",36
76 Jahre,"Wien 23.Bezirk, Liesing <923>",22
77 Jahre,Innsbruck (Stadt) <701>,27
77 Jahre,Imst <702>,10
77 Jahre,Innsbruck Land <703>,22
77 Jahre,Kitzbühel <704>,14
77 Jahre,Kufstein <705>,17
77 Jahre,Landeck <706>,3
77 Jahre,Lienz <707>,5
77 Jahre,Reutte <708>,1
77 Jahre,Schwaz <709>,19
77 Jahre,Bludenz <801>,13
77 Jahre,Bregenz <802>,28
77 Jahre,Dornbirn <803>,13
77 Jahre,Feldkirch <804>,20
77 Jahre,"Wien 1.Bezirk, Innere Stadt <901>",2
77 Jahre,"Wien 2.Bezirk, Leopoldstadt <902>",18
77 Jahre,"Wien 3.Bezirk, Landstraße <903>",13
77 Jahre,"Wien 4.Bezirk, Wieden <904>",3
77 Jahre,"Wien 5.Bezirk, Margareten <905>",6
77 Jahre,"Wien 6.Bezirk, Mariahilf <906>",3
77 Jahre,"Wien 7.Bezirk, Neubau <907>",3
77 Jahre,"Wien 8.Bezirk, Josefstadt <908>",3
77 Jahre,"Wien 9.Bezirk, Alsergrund <909>",5
77 Jahre,"Wien 10.Bezirk, Favoriten <910>",28
77 Jahre,"Wien 11.Bezirk, Simmering <911>",19
77 Jahre,"Wien 12.Bezirk, Meidling <912>",21
77 Jahre,"Wien 13.Bezirk, Hietzing <913>",19
77 Jahre,"Wien 14.Bezirk, Penzing <914>",12
77 Jahre,"Wien 15.Bezirk, Rudolfsheim-Fünfhaus <915>",14
77 Jahre,"Wien 16.Bezirk, Ottakring <916>",12
77 Jahre,"Wien 17.Bezirk, Hernals <917>",8
77 Jahre,"Wien 18.Bezirk, Währing <918>",10
77 Jahre,"Wien 19.Bezirk, Döbling <919>",27
77 Jahre,"Wien 20.Bezirk, Brigittenau <920>",15
77 Jahre,"Wien 21.Bezirk, Floridsdorf <921>",32
77 Jahre,"Wien 22.Bezirk, Donaustadt <922>",30
77 Jahre,"Wien 23.Bezirk, Liesing <923>",19
78 Jahre,Innsbruck (Stadt) <701>,28
78 Jahre,Imst <702>,11
78 Jahre,Innsbruck Land <703>,38
78 Jahre,Kitzbühel <704>,16
78 Jahre,Kufstein <705>,15
78 Jahre,Landeck <706>,5
78 Jahre,Lienz <707>,9
78 Jahre,Reutte <708>,3
78 Jahre,Schwaz <709>,14
78 Jahre,Bludenz <801>,5
78 Jahre,Bregenz <802>,25
78 Jahre,Dornbirn <803>,20
78 Jahre,Feldkirch <804>,20
78 Jahre,"Wien 1.Bezirk, Innere Stadt <901>",6
78 Jahre,"Wien 2.Bezirk, Leopoldstadt <902>",26
78 Jahre,"Wien 3.Bezirk, Landstraße <903>",13
78 Jahre,"Wien 4.Bezirk, Wieden <904>",10
78 Jahre,"Wien 5.Bezirk, Margareten <905>",8
78 Jahre,"Wien 6.Bezirk, Mariahilf <906>",5
78 Jahre,"Wien 7.Bezirk, Neubau <907>",5
78 Jahre,"Wien 8.Bezirk, Josefstadt <908>",3
78 Jahre,"Wien 9.Bezirk, Alsergrund <909>",6
78 Jahre,"Wien 10.Bezirk, Favoriten <910>",27
78 Jahre,"Wien 11.Bezirk, Simmering <911>",16
78 Jahre,"Wien 12.Bezirk, Meidling <912>",20
78 Jahre,"Wien 13.Bezirk, Hietzing <913>",19
78 Jahre,"Wien 14.Bezirk, Penzing <914>",15
78 Jahre,"Wien 15.Bezirk, Rudolfsheim-Fünfhaus <915>",7
78 Jahre,"Wien 16.Bezirk, Ottakring <916>",9
78 Jahre,"Wien 17.Bezirk, Hernals <917>",12
78 Jahre,"Wien 18.Bezirk, Währing <918>",10
78 Jahre,"Wien 19.Bezirk, Döbling <919>",38
78 Jahre,"Wien 20.Bezirk, Brigittenau <920>",9
78 Jahre,"Wien 21.Bezirk, Floridsdorf <921>",26
78 Jahre,"Wien 22.Bezirk, Donaustadt <922>",34
78 Jahre,"Wien 23.Bezirk, Liesing <923>",23
79 Jahre,Innsbruck (Stadt) <701>,29
79 Jahre,Imst <702>,5
79 Jahre,Innsbruck Land <703>,21
79 Jahre,Kitzbühel <704>,13
79 Jahre,Kufstein <705>,9
79 Jahre,Landeck <706>,3
79 Jahre,Lienz <707>,6
79 Jahre,Reutte <708>,2
79 Jahre,Schwaz <709>,8
79 Jahre,Bludenz <801>,12
79 Jahre,Bregenz <802>,23
79 Jahre,Dornbirn <803>,8
79 Jahre,Feldkirch <804>,16
79 Jahre,"Wien 1.Bezirk, Innere Stadt <901>",1
79 Jahre,"Wien 2.Bezirk, Leopoldstadt <902>",8
79 Jahre,"Wien 3.Bezirk, Landstraße <903>",10
79 Jahre,"Wien 4.Bezirk, Wieden <904>",5
79 Jahre,"Wien 5.Bezirk, Margareten <905>",7
79 Jahre,"Wien 6.Bezirk, Mariahilf <906>",4
79 Jahre,"Wien 7.Bezirk, Neubau <907>",3
79 Jahre,"Wien 8.Bezirk, Josefstadt <908>",1
79 Jahre,"Wien 9.Bezirk, Alsergrund <909>",2
79 Jahre,"Wien 10.Bezirk, Favoriten <910>",26
79 Jahre,"Wien 11.Bezirk, Simmering <911>",11
79 Jahre,"Wien 12.Bezirk, Meidling <912>",11
79 Jahre,"Wien 13.Bezirk, Hietzing <913>",8
79 Jahre,"Wien 14.Bezirk, Penzing <914>",13
79 Jahre,"Wien 15.Bezirk, Rudolfsheim-Fünfhaus <915>",9
79 Jahre,"Wien 16.Bezirk, Ottakring <916>",10
79 Jahre,"Wien 17.Bezirk, Hernals <917>",5
79 Jahre,"Wien 18.Bezirk, Währing <918>",9
79 Jahre,"Wien 19.Bezirk, Döbling <919>",20
79 Jahre,"Wien 20.Bezirk, Brigittenau <920>",15
79 Jahre,"Wien 21.Bezirk, Floridsdorf <921>",20
79 Jahre,"Wien 22.Bezirk, Donaustadt <922>",25
79 Jahre,"Wien 23.Bezirk, Liesing <923>",21
80 Jahre,Innsbruck (Stadt) <701>,25
80 Jahre,Imst <702>,6
80 Jahre,Innsbruck Land <703>,26
80 Jahre,Kitzbühel <704>,9
80 Jahre,Kufstein <705>,8
80 Jahre,Landeck <706>,4
80 Jahre,Lienz <707>,5
80 Jahre,Reutte <708>,7
80 Jahre,Schwaz <709>,9
80 Jahre,Bludenz <801>,12
80 Jahre,Bregenz <802>,26
80 Jahre,Dornbirn <803>,19
80 Jahre,Feldkirch <804>,13
80 Jahre,"Wien 1.Bezirk, Innere Stadt <901>",3
80 Jahre,"Wien 2.Bezirk, Leopoldstadt <902>",16
80 Jahre,"Wien 3.Bezirk, Landstraße <903>",16
80 Jahre,"Wien 4.Bezirk, Wieden <904>",5
80 Jahre,"Wien 5.Bezirk, Margareten <905>",2
80 Jahre,"Wien 6.Bezirk, Mariahilf <906>",6
80 Jahre,"Wien 7.Bezirk, Neubau <907>",4
80 Jahre,"Wien 8.Bezirk, Josefstadt <908>",4
80 Jahre,"Wien 9.Bezirk, Alsergrund <909>",6
80 Jahre,"Wien 10.Bezirk, Favoriten <910>",25
80 Jahre,"Wien 11.Bezirk, Simmering <911>",10
80 Jahre,"Wien 12.Bezirk, Meidling <912>",16
80 Jahre,"Wien 13.Bezirk, Hietzing <913>",20
80 Jahre,"Wien 14.Bezirk, Penzing <914>",13
80 Jahre,"Wien 15.Bezirk, Rudolfsheim-Fünfhaus <915>",14
80 Jahre,"Wien 16.Bezirk, Ottakring <916>",9
80 Jahre,"Wien 17.Bezirk, Hernals <917>",6
80 Jahre,"Wien 18.Bezirk, Währing <918>",11
80 Jahre,"Wien 19.Bezirk, Döbling <919>",35
80 Jahre,"Wien 20.Bezirk, Brigittenau <920>",8
80 Jahre,"Wien 21.Bezirk, Floridsdorf <921>",21
80 Jahre,"Wien 22.Bezirk, Donaustadt <922>",34
80 Jahre,"Wien 23.Bezirk, Liesing <923>",21
81 Jahre,Innsbruck (Stadt) <701>,40
81 Jahre,Imst <702>,8
81 Jahre,Innsbruck Land <703>,36
81 Jahre,Kitzbühel <704>,17
81 Jahre,Kufstein <705>,12
81 Jahre,Landeck <706>,5
81 Jahre,Lienz <707>,10
81 Jahre,Reutte <708>,4
81 Jahre,Schwaz <709>,14
81 Jahre,Bludenz <801>,8
81 Jahre,Bregenz <802>,24
81 Jahre,Dornbirn <803>,9
81 Jahre,Feldkirch <804>,19
81 Jahre,"Wien 1.Bezirk, Innere Stadt <901>",1
81 Jahre,"Wien 2.Bezirk, Leopoldstadt <902>",14
81 Jahre,"Wien 3.Bezirk, Landstraße <903>",19
81 Jahre,"Wien 4.Bezirk, Wieden <904>",8
81 Jahre,"Wien 5.Bezirk, Margareten <905>",3
81 Jahre,"Wien 6.Bezirk, Mariahilf <906>",4
81 Jahre,"Wien 7.Bezirk, Neubau <907>",4
81 Jahre,"Wien 8.Bezirk, Josefstadt <908>",1
81 Jahre,"Wien 9.Bezirk, Alsergrund <909>",7
81 Jahre,"Wien 10.Bezirk, Favoriten <910>",26
81 Jahre,"Wien 11.Bezirk, Simmering <911>",16
81 Jahre,"Wien 12.Bezirk, Meidling <912>",27
81 Jahre,"Wien 13.Bezirk, Hietzing <913>",23
81 Jahre,"Wien 14.Bezirk, Penzing <914>",16
81 Jahre,"Wien 15.Bezirk, Rudolfsheim-Fünfhaus <915>",7
81 Jahre,"Wien 16.Bezirk, Ottakring <916>",12
81 Jahre,"Wien 17.Bezirk, Hernals <917>",10
81 Jahre,"Wien 18.Bezirk, Währing <918>",12
81 Jahre,"Wien 19.Bezirk, Döbling <919>",35
81 Jahre,"Wien 20.Bezirk, Brigittenau <920>",10
81 Jahre,"Wien 21.Bezirk, Floridsdorf <921>",35
81 Jahre,"Wien 22.Bezirk, Donaustadt <922>",31
81 Jahre,"Wien 23.Bezirk, Liesing <923>",31
82 Jahre,Innsbruck (Stadt) <701>,35
82 Jahre,Imst <702>,8
82 Jahre,Innsbruck Land <703>,31
82 Jahre,Kitzbühel <704>,12
82 Jahre,Kufstein <705>,22
82 Jahre,Landeck <706>,3
82 Jahre,Lienz <707>,10
82 Jahre,Reutte <708>,6
82 Jahre,Schwaz <709>,15
82 Jahre,Bludenz <801>,5
82 Jahre,Bregenz <802>,33
82 Jahre,Dornbirn <803>,17
82 Jahre,Feldkirch <804>,12
82 Jahre,"Wien 1.Bezirk, Innere Stadt <901>",-
82 Jahre,"Wien 2.Bezirk, Leopoldstadt <902>",17
82 Jahre,"Wien 3.Bezirk, Landstraße <903>",16
82 Jahre,"Wien 4.Bezirk, Wieden <904>",3
82 Jahre,"Wien 5.Bezirk, Margareten <905>",5
82 Jahre,"Wien 6.Bezirk, Mariahilf <906>",4
82 Jahre,"Wien 7.Bezirk, Neubau <907>",3
82 Jahre,"Wien 8.Bezirk, Josefstadt <908>",1
82 Jahre,"Wien 9.Bezirk, Alsergrund <909>",9
82 Jahre,"Wien 10.Bezirk, Favoriten <910>",35
82 Jahre,"Wien 11.Bezirk, Simmering <911>",8
82 Jahre,"Wien 12.Bezirk, Meidling <912>",20
82 Jahre,"Wien 13.Bezirk, Hietzing <913>",25
82 Jahre,"Wien 14.Bezirk, Penzing <914>",11
82 Jahre,"Wien 15.Bezirk, Rudolfsheim-Fünfhaus <915>",13
82 Jahre,"Wien 16.Bezirk, Ottakring <916>",11
82 Jahre,"Wien 17.Bezirk, Hernals <917>",5
82 Jahre,"Wien 18.Bezirk, Währing <918>",8
82 Jahre,"Wien 19.Bezirk, Döbling <919>",34
82 Jahre,"Wien 20.Bezirk, Brigittenau <920>",12
82 Jahre,"Wien 21.Bezirk, Floridsdorf <921>",25
82 Jahre,"Wien 22.Bezirk, Donaustadt <922>",21
82 Jahre,"Wien 23.Bezirk, Liesing <923>",19
83 Jahre,Innsbruck (Stadt) <701>,41
83 Jahre,Imst <702>,15
83 Jahre,Innsbruck Land <703>,38
83 Jahre,Kitzbühel <704>,25
83 Jahre,Kufstein <705>,28
83 Jahre,Landeck <706>,8
83 Jahre,Lienz <707>,11
83 Jahre,Reutte <708>,7
83 Jahre,Schwaz <709>,19
83 Jahre,Bludenz <801>,13
83 Jahre,Bregenz <802>,28
83 Jahre,Dornbirn <803>,21
83 Jahre,Feldkirch <804>,17
83 Jahre,"Wien 1.Bezirk, Innere Stadt <901>",2
83 Jahre,"Wien 2.Bezirk, Leopoldstadt <902>",23
83 Jahre,"Wien 3.Bezirk, Landstraße <903>",15
83 Jahre,"Wien 4.Bezirk, Wieden <904>",5
83 Jahre,"Wien 5.Bezirk, Margareten <905>",4
83 Jahre,"Wien 6.Bezirk, Mariahilf <906>",5
83 Jahre,"Wien 7.Bezirk, Neubau <907>",4
83 Jahre,"Wien 8.Bezirk, Josefstadt <908>",-
83 Jahre,"Wien 9.Bezirk, Alsergrund <909>",7
83 Jahre,"Wien 10.Bezirk, Favoriten <910>",32
83 Jahre,"Wien 11.Bezirk, Simmering <911>",12
83 Jahre,"Wien 12.Bezirk, Meidling <912>",16
83 Jahre,"Wien 13.Bezirk, Hietzing <913>",27
83 Jahre,"Wien 14.Bezirk, Penzing <914>",19
83 Jahre,"Wien 15.Bezirk, Rudolfsheim-Fünfhaus <915>",12
83 Jahre,"Wien 16.Bezirk, Ottakring <916>",9
83 Jahre,"Wien 17.Bezirk, Hernals <917>",9
83 Jahre,"Wien 18.Bezirk, Währing <918>",8
83 Jahre,"Wien 19.Bezirk, Döbling <919>",39
83 Jahre,"Wien 20.Bezirk, Brigittenau <920>",8
83 Jahre,"Wien 21.Bezirk, Floridsdorf <921>",21
83 Jahre,"Wien 22.Bezirk, Donaustadt <922>",26
83 Jahre,"Wien 23.Bezirk, Liesing <923>",33
84 Jahre,Innsbruck (Stadt) <701>,43
84 Jahre,Imst <702>,5
84 Jahre,Innsbruck Land <703>,26
84 Jahre,Kitzbühel <704>,15
84 Jahre,Kufstein <705>,19
84 Jahre,Landeck <706>,3
84 Jahre,Lienz <707>,14
84 Jahre,Reutte <708>,6
84 Jahre,Schwaz <709>,21
84 Jahre,Bludenz <801>,7
84 Jahre,Bregenz <802>,31
84 Jahre,Dornbirn <803>,18
84 Jahre,Feldkirch <804>,17
84 Jahre,"Wien 1.Bezirk, Innere Stadt <901>",4
84 Jahre,"Wien 2.Bezirk, Leopoldstadt <902>",17
84 Jahre,"Wien 3.Bezirk, Landstraße <903>",16
84 Jahre,"Wien 4.Bezirk, Wieden <904>",6
84 Jahre,"Wien 5.Bezirk, Margareten <905>",4
84 Jahre,"Wien 6.Bezirk, Mariahilf <906>",3
84 Jahre,"Wien 7.Bezirk, Neubau <907>",4
84 Jahre,"Wien 8.Bezirk, Josefstadt <908>",1
84 Jahre,"Wien 9.Bezirk, Alsergrund <909>",8
84 Jahre,"Wien 10.Bezirk, Favoriten <910>",33
84 Jahre,"Wien 11.Bezirk, Simmering <911>",12
84 Jahre,"Wien 12.Bezirk, Meidling <912>",24
84 Jahre,"Wien 13.Bezirk, Hietzing <913>",16
84 Jahre,"Wien 14.Bezirk, Penzing <914>",20
84 Jahre,"Wien 15.Bezirk, Rudolfsheim-Fünfhaus <915>",16
84 Jahre,"Wien 16.Bezirk, Ottakring <916>",12
84 Jahre,"Wien 17.Bezirk, Hernals <917>",16
84 Jahre,"Wien 18.Bezirk, Währing <918>",16
84 Jahre,"Wien 19.Bezirk, Döbling <919>",31
84 Jahre,"Wien 20.Bezirk, Brigittenau <920>",10
84 Jahre,"Wien 21.Bezirk, Floridsdorf <921>",20
84 Jahre,"Wien 22.Bezirk, Donaustadt <922>",36
84 Jahre,"Wien 23.Bezirk, Liesing <923>",36
85 Jahre,Innsbruck (Stadt) <701>,52
85 Jahre,Imst <702>,15
85 Jahre,Innsbruck Land <703>,42
85 Jahre,Kitzbühel <704>,21
85 Jahre,Kufstein <705>,22
85 Jahre,Landeck <706>,4
85 Jahre,Lienz <707>,12
85 Jahre,Reutte <708>,8
85 Jahre,Schwaz <709>,23
85 Jahre,Bludenz <801>,17
85 Jahre,Bregenz <802>,35
85 Jahre,Dornbirn <803>,14
85 Jahre,Feldkirch <804>,17
85 Jahre,"Wien 1.Bezirk, Innere Stadt <901>",2
85 Jahre,"Wien 2.Bezirk, Leopoldstadt <902>",25
85 Jahre,"Wien 3.Bezirk, Landstraße <903>",16
85 Jahre,"Wien 4.Bezirk, Wieden <904>",3
85 Jahre,"Wien 5.Bezirk, Margareten <905>",6
85 Jahre,"Wien 6.Bezirk, Mariahilf <906>",2
85 Jahre,"Wien 7.Bezirk, Neubau <907>",2
85 Jahre,"Wien 8.Bezirk, Josefstadt <908>",1
85 Jahre,"Wien 9.Bezirk, Alsergrund <909>",5
85 Jahre,"Wien 10.Bezirk, Favoriten <910>",40
85 Jahre,"Wien 11.Bezirk, Simmering <911>",11
85 Jahre,"Wien 12.Bezirk, Meidling <912>",21
85 Jahre,"Wien 13.Bezirk, Hietzing <913>",25
85 Jahre,"Wien 14.Bezirk, Penzing <914>",18
85 Jahre,"Wien 15.Bezirk, Rudolfsheim-Fünfhaus <915>",22
85 Jahre,"Wien 16.Bezirk, Ottakring <916>",12
85 Jahre,"Wien 17.Bezirk, Hernals <917>",9
85 Jahre,"Wien 18.Bezirk, Währing <918>",14
85 Jahre,"Wien 19.Bezirk, Döbling <919>",45
85 Jahre,"Wien 20.Bezirk, Brigittenau <920>",10
85 Jahre,"Wien 21.Bezirk, Floridsdorf <921>",23
85 Jahre,"Wien 22.Bezirk, Donaustadt <922>",37
85 Jahre,"Wien 23.Bezirk, Liesing <923>",37
86 Jahre,Innsbruck (Stadt) <701>,28
86 Jahre,Imst <702>,10
86 Jahre,Innsbruck Land <703>,43
86 Jahre,Kitzbühel <704>,20
86 Jahre,Kufstein <705>,22
86 Jahre,Landeck <706>,6
86 Jahre,Lienz <707>,16
86 Jahre,Reutte <708>,2
86 Jahre,Schwaz <709>,22
86 Jahre,Bludenz <801>,7
86 Jahre,Bregenz <802>,26
86 Jahre,Dornbirn <803>,15
86 Jahre,Feldkirch <804>,16
86 Jahre,"Wien 1.Bezirk, Innere Stadt <901>",1
86 Jahre,"Wien 2.Bezirk, Leopoldstadt <902>",12
86 Jahre,"Wien 3.Bezirk, Landstraße <903>",11
86 Jahre,"Wien 4.Bezirk, Wieden <904>",2
86 Jahre,"Wien 5.Bezirk, Margareten <905>",4
86 Jahre,"Wien 6.Bezirk, Mariahilf <906>",7
86 Jahre,"Wien 7.Bezirk, Neubau <907>",4
86 Jahre,"Wien 8.Bezirk, Josefstadt <908>",-
86 Jahre,"Wien 9.Bezirk, Alsergrund <909>",7
86 Jahre,"Wien 10.Bezirk, Favoriten <910>",29
86 Jahre,"Wien 11.Bezirk, Simmering <911>",8
86 Jahre,"Wien 12.Bezirk, Meidling <912>",21
86 Jahre,"Wien 13.Bezirk, Hietzing <913>",20
86 Jahre,"Wien 14.Bezirk, Penzing <914>",8
86 Jahre,"Wien 15.Bezirk, Rudolfsheim-Fünfhaus <915>",11
86 Jahre,"Wien 16.Bezirk, Ottakring <916>",7
86 Jahre,"Wien 17.Bezirk, Hernals <917>",8
86 Jahre,"Wien 18.Bezirk, Währing <918>",13
86 Jahre,"Wien 19.Bezirk, Döbling <919>",28
86 Jahre,"Wien 20.Bezirk, Brigittenau <920>",4
86 Jahre,"Wien 21.Bezirk, Floridsdorf <921>",12
86 Jahre,"Wien 22.Bezirk, Donaustadt <922>",20
86 Jahre,"Wien 23.Bezirk, Liesing <923>",28
87 Jahre,Innsbruck (Stadt) <701>,20
87 Jahre,Imst <702>,5
87 Jahre,Innsbruck Land <703>,55
87 Jahre,Kitzbühel <704>,24
87 Jahre,Kufstein <705>,22
87 Jahre,Landeck <706>,5
87 Jahre,Lienz <707>,8
87 Jahre,Reutte <708>,5
87 Jahre,Schwaz <709>,16
87 Jahre,Bludenz <801>,5
87 Jahre,Bregenz <802>,18
87 Jahre,Dornbirn <803>,11
87 Jahre,Feldkirch <804>,7
87 Jahre,"Wien 1.Bezirk, Innere Stadt <901>",-
87 Jahre,"Wien 2.Bezirk, Leopoldstadt <902>",16
87 Jahre,"Wien 3.Bezirk, Landstraße <903>",7
87 Jahre,"Wien 4.Bezirk, Wieden <904>",1
87 Jahre,"Wien 5.Bezirk, Margareten <905>",3
87 Jahre,"Wien 6.Bezirk, Mariahilf <906>",5
87 Jahre,"Wien 7.Bezirk, Neubau <907>",4
87 Jahre,"Wien 8.Bezirk, Josefstadt <908>",-
87 Jahre,"Wien 9.Bezirk, Alsergrund <909>",6
87 Jahre,"Wien 10.Bezirk, Favoriten <910>",21
87 Jahre,"Wien 11.Bezirk, Simmering <911>",6
87 Jahre,"Wien 12.Bezirk, Meidling <912>",12
87 Jahre,"Wien 13.Bezirk, Hietzing <913>",14
87 Jahre,"Wien 14.Bezirk, Penzing <914>",7
87 Jahre,"Wien 15.Bezirk, Rudolfsheim-Fünfhaus <915>",11
87 Jahre,"Wien 16.Bezirk, Ottakring <916>",13
87 Jahre,"Wien 17.Bezirk, Hernals <917>",4
87 Jahre,"Wien 18.Bezirk, Währing <918>",7
87 Jahre,"Wien 19.Bezirk, Döbling <919>",20
87 Jahre,"Wien 20.Bezirk, Brigittenau <920>",7
87 Jahre,"Wien 21.Bezirk, Floridsdorf <921>",15
87 Jahre,"Wien 22.Bezirk, Donaustadt <922>",20
87 Jahre,"Wien 23.Bezirk, Liesing <923>",14
88 Jahre,Innsbruck (Stadt) <701>,28
88 Jahre,Imst <702>,13
88 Jahre,Innsbruck Land <703>,35
88 Jahre,Kitzbühel <704>,14
88 Jahre,Kufstein <705>,24
88 Jahre,Landeck <706>,9
88 Jahre,Lienz <707>,4
88 Jahre,Reutte <708>,6
88 Jahre,Schwaz <709>,13
88 Jahre,Bludenz <801>,11
88 Jahre,Bregenz <802>,25
88 Jahre,Dornbirn <803>,14
88 Jahre,Feldkirch <804>,8
88 Jahre,"Wien 1.Bezirk, Innere Stadt <901>",1
88 Jahre,"Wien 2.Bezirk, Leopoldstadt <902>",11
88 Jahre,"Wien 3.Bezirk, Landstraße <903>",5
88 Jahre,"Wien 4.Bezirk, Wieden <904>",1
88 Jahre,"Wien 5.Bezirk, Margareten <905>",2
88 Jahre,"Wien 6.Bezirk, Mariahilf <906>",2
88 Jahre,"Wien 7.Bezirk, Neubau <907>",1
88 Jahre,"Wien 8.Bezirk, Josefstadt <908>",-
88 Jahre,"Wien 9.Bezirk, Alsergrund <909>",4
88 Jahre,"Wien 10.Bezirk, Favoriten <910>",14
88 Jahre,"Wien 11.Bezirk, Simmering <911>",6
88 Jahre,"Wien 12.Bezirk, Meidling <912>",11
88 Jahre,"Wien 13.Bezirk, Hietzing <913>",12
88 Jahre,"Wien 14.Bezirk, Penzing <914>",7
88 Jahre,"Wien 15.Bezirk, Rudolfsheim-Fünfhaus <915>",6
88 Jahre,"Wien 16.Bezirk, Ottakring <916>",9
88 Jahre,"Wien 17.Bezirk, Hernals <917>",5
88 Jahre,"Wien 18.Bezirk, Währing <918>",7
88 Jahre,"Wien 19.Bezirk, Döbling <919>",15
88 Jahre,"Wien 20.Bezirk, Brigittenau <920>",10
88 Jahre,"Wien 21.Bezirk, Floridsdorf <921>",13
88 Jahre,"Wien 22.Bezirk, Donaustadt <922>",11
88 Jahre,"Wien 23.Bezirk, Liesing <923>",16
89 Jahre,Innsbruck (Stadt) <701>,27
89 Jahre,Imst <702>,7
89 Jahre,Innsbruck Land <703>,28
89 Jahre,Kitzbühel <704>,15
89 Jahre,Kufstein <705>,13
89 Jahre,Landeck <706>,1
89 Jahre,Lienz <707>,6
89 Jahre,Reutte <708>,2
89 Jahre,Schwaz <709>,10
89 Jahre,Bludenz <801>,6
89 Jahre,Bregenz <802>,23
89 Jahre,Dornbirn <803>,14
89 Jahre,Feldkirch <804>,9
89 Jahre,"Wien 1.Bezirk, Innere Stadt <901>",1
89 Jahre,"Wien 2.Bezirk, Leopoldstadt <902>",8
89 Jahre,"Wien 3.Bezirk, Landstraße <903>",12
89 Jahre,"Wien 4.Bezirk, Wieden <904>",1
89 Jahre,"Wien 5.Bezirk, Margareten <905>",1
89 Jahre,"Wien 6.Bezirk, Mariahilf <906>",-
89 Jahre,"Wien 7.Bezirk, Neubau <907>",-
89 Jahre,"Wien 8.Bezirk, Josefstadt <908>",2
89 Jahre,"Wien 9.Bezirk, Alsergrund <909>",2
89 Jahre,"Wien 10.Bezirk, Favoriten <910>",12
89 Jahre,"Wien 11.Bezirk, Simmering <911>",5
89 Jahre,"Wien 12.Bezirk, Meidling <912>",7
89 Jahre,"Wien 13.Bezirk, Hietzing <913>",17
89 Jahre,"Wien 14.Bezirk, Penzing <914>",10
89 Jahre,"Wien 15.Bezirk, Rudolfsheim-Fünfhaus <915>",7
89 Jahre,"Wien 16.Bezirk, Ottakring <916>",3
89 Jahre,"Wien 17.Bezirk, Hernals <917>",3
89 Jahre,"Wien 18.Bezirk, Währing <918>",8
89 Jahre,"Wien 19.Bezirk, Döbling <919>",19
89 Jahre,"Wien 20.Bezirk, Brigittenau <920>",5
89 Jahre,"Wien 21.Bezirk, Floridsdorf <921>",12
89 Jahre,"Wien 22.Bezirk, Donaustadt <922>",13
89 Jahre,"Wien 23.Bezirk, Liesing <923>",15
90 Jahre,Innsbruck (Stadt) <701>,36
90 Jahre,Imst <702>,9
90 Jahre,Innsbruck Land <703>,24
90 Jahre,Kitzbühel <704>,16
90 Jahre,Kufstein <705>,20
90 Jahre,Landeck <706>,2
90 Jahre,Lienz <707>,10
90 Jahre,Reutte <708>,6
90 Jahre,Schwaz <709>,15
90 Jahre,Bludenz <801>,5
90 Jahre,Bregenz <802>,8
90 Jahre,Dornbirn <803>,3
90 Jahre,Feldkirch <804>,12
90 Jahre,"Wien 1.Bezirk, Innere Stadt <901>",-
90 Jahre,"Wien 2.Bezirk, Leopoldstadt <902>",11
90 Jahre,"Wien 3.Bezirk, Landstraße <903>",8
90 Jahre,"Wien 4.Bezirk, Wieden <904>",-
90 Jahre,"Wien 5.Bezirk, Margareten <905>",1
90 Jahre,"Wien 6.Bezirk, Mariahilf <906>",4
90 Jahre,"Wien 7.Bezirk, Neubau <907>",3
90 Jahre,"Wien 8.Bezirk, Josefstadt <908>",1
90 Jahre,"Wien 9.Bezirk, Alsergrund <909>",2
90 Jahre,"Wien 10.Bezirk, Favoriten <910>",13
90 Jahre,"Wien 11.Bezirk, Simmering <911>",2
90 Jahre,"Wien 12.Bezirk, Meidling <912>",7
90 Jahre,"Wien 13.Bezirk, Hietzing <913>",12
90 Jahre,"Wien 14.Bezirk, Penzing <914>",9
90 Jahre,"Wien 15.Bezirk, Rudolfsheim-Fünfhaus <915>",6
90 Jahre,"Wien 16.Bezirk, Ottakring <916>",4
90 Jahre,"Wien 17.Bezirk, Hernals <917>",2
90 Jahre,"Wien 18.Bezirk, Währing <918>",3
90 Jahre,"Wien 19.Bezirk, Döbling <919>",23
90 Jahre,"Wien 20.Bezirk, Brigittenau <920>",4
90 Jahre,"Wien 21.Bezirk, Floridsdorf <921>",7
90 Jahre,"Wien 22.Bezirk, Donaustadt <922>",8
90 Jahre,"Wien 23.Bezirk, Liesing <923>",9
91 Jahre,Innsbruck (Stadt) <701>,34
91 Jahre,Imst <702>,5
91 Jahre,Innsbruck Land <703>,16
91 Jahre,Kitzbühel <704>,9
91 Jahre,Kufstein <705>,9
91 Jahre,Landeck <706>,3
91 Jahre,Lienz <707>,5
91 Jahre,Reutte <708>,4
91 Jahre,Schwaz <709>,11
91 Jahre,Bludenz <801>,6
91 Jahre,Bregenz <802>,12
91 Jahre,Dornbirn <803>,17
91 Jahre,Feldkirch <804>,12
91 Jahre,"Wien 1.Bezirk, Innere Stadt <901>",-
91 Jahre,"Wien 2.Bezirk, Leopoldstadt <902>",15
91 Jahre,"Wien 3.Bezirk, Landstraße <903>",7
91 Jahre,"Wien 4.Bezirk, Wieden <904>",3
91 Jahre,"Wien 5.Bezirk, Margareten <905>",2
91 Jahre,"Wien 6.Bezirk, Mariahilf <906>",1
91 Jahre,"Wien 7.Bezirk, Neubau <907>",-
91 Jahre,"Wien 8.Bezirk, Josefstadt <908>",-
91 Jahre,"Wien 9.Bezirk, Alsergrund <909>",4
91 Jahre,"Wien 10.Bezirk, Favoriten <910>",16
91 Jahre,"Wien 11.Bezirk, Simmering <911>",3
91 Jahre,"Wien 12.Bezirk, Meidling <912>",7
91 Jahre,"Wien 13.Bezirk, Hietzing <913>",12
91 Jahre,"Wien 14.Bezirk, Penzing <914>",5
91 Jahre,"Wien 15.Bezirk, Rudolfsheim-Fünfhaus <915>",5
91 Jahre,"Wien 16.Bezirk, Ottakring <916>",4
91 Jahre,"Wien 17.Bezirk, Hernals <917>",1
91 Jahre,"Wien 18.Bezirk, Währing <918>",3
91 Jahre,"Wien 19.Bezirk, Döbling <919>",16
91 Jahre,"Wien 20.Bezirk, Brigittenau <920>",6
91 Jahre,"Wien 21.Bezirk, Floridsdorf <921>",13
91 Jahre,"Wien 22.Bezirk, Donaustadt <922>",13
91 Jahre,"Wien 23.Bezirk, Liesing <923>",22
92 Jahre,Innsbruck (Stadt) <701>,23
92 Jahre,Imst <702>,8
92 Jahre,Innsbruck Land <703>,16
92 Jahre,Kitzbühel <704>,11
92 Jahre,Kufstein <705>,12
92 Jahre,Landeck <706>,8
92 Jahre,Lienz <707>,5
92 Jahre,Reutte <708>,3
92 Jahre,Schwaz <709>,10
92 Jahre,Bludenz <801>,8
92 Jahre,Bregenz <802>,10
92 Jahre,Dornbirn <803>,6
92 Jahre,Feldkirch <804>,11
92 Jahre,"Wien 1.Bezirk, Innere Stadt <901>",1
92 Jahre,"Wien 2.Bezirk, Leopoldstadt <902>",7
92 Jahre,"Wien 3.Bezirk, Landstraße <903>",4
92 Jahre,"Wien 4.Bezirk, Wieden <904>",-
92 Jahre,"Wien 5.Bezirk, Margareten <905>",1
92 Jahre,"Wien 6.Bezirk, Mariahilf <906>",3
92 Jahre,"Wien 7.Bezirk, Neubau <907>",5
92 Jahre,"Wien 8.Bezirk, Josefstadt <908>",-
92 Jahre,"Wien 9.Bezirk, Alsergrund <909>",1
92 Jahre,"Wien 10.Bezirk, Favoriten <910>",10
92 Jahre,"Wien 11.Bezirk, Simmering <911>",6
92 Jahre,"Wien 12.Bezirk, Meidling <912>",10
92 Jahre,"Wien 13.Bezirk, Hietzing <913>",6
92 Jahre,"Wien 14.Bezirk, Penzing <914>",5
92 Jahre,"Wien 15.Bezirk, Rudolfsheim-Fünfhaus <915>",6
92 Jahre,"Wien 16.Bezirk, Ottakring <916>",8
92 Jahre,"Wien 17.Bezirk, Hernals <917>",2
92 Jahre,"Wien 18.Bezirk, Währing <918>",-
92 Jahre,"Wien 19.Bezirk, Döbling <919>",9
92 Jahre,"Wien 20.Bezirk, Brigittenau <920>",1
92 Jahre,"Wien 21.Bezirk, Floridsdorf <921>",11
92 Jahre,"Wien 22.Bezirk, Donaustadt <922>",12
92 Jahre,"Wien 23.Bezirk, Liesing <923>",11
93 Jahre,Innsbruck (Stadt) <701>,18
93 Jahre,Imst <702>,7
93 Jahre,Innsbruck Land <703>,25
93 Jahre,Kitzbühel <704>,12
93 Jahre,Kufstein <705>,10
93 Jahre,Landeck <706>,4
93 Jahre,Lienz <707>,12
93 Jahre,Reutte <708>,3
93 Jahre,Schwaz <709>,14
93 Jahre,Bludenz <801>,4
93 Jahre,Bregenz <802>,9
93 Jahre,Dornbirn <803>,6
93 Jahre,Feldkirch <804>,5
93 Jahre,"Wien 1.Bezirk, Innere Stadt <901>",-
93 Jahre,"Wien 2.Bezirk, Leopoldstadt <902>",8
93 Jahre,"Wien 3.Bezirk, Landstraße <903>",2
93 Jahre,"Wien 4.Bezirk, Wieden <904>",1
93 Jahre,"Wien 5.Bezirk, Margareten <905>",2
93 Jahre,"Wien 6.Bezirk, Mariahilf <906>",-
93 Jahre,"Wien 7.Bezirk, Neubau <907>",2
93 Jahre,"Wien 8.Bezirk, Josefstadt <908>",-
93 Jahre,"Wien 9.Bezirk, Alsergrund <909>",1
93 Jahre,"Wien 10.Bezirk, Favoriten <910>",13
93 Jahre,"Wien 11.Bezirk, Simmering <911>",5
93 Jahre,"Wien 12.Bezirk, Meidling <912>",4
93 Jahre,"Wien 13.Bezirk, Hietzing <913>",16
93 Jahre,"Wien 14.Bezirk, Penzing <914>",4
93 Jahre,"Wien 15.Bezirk, Rudolfsheim-Fünfhaus <915>",5
93 Jahre,"Wien 16.Bezirk, Ottakring <916>",4
93 Jahre,"Wien 17.Bezirk, Hernals <917>",2
93 Jahre,"Wien 18.Bezirk, Währing <918>",6
93 Jahre,"Wien 19.Bezirk, Döbling <919>",10
93 Jahre,"Wien 20.Bezirk, Brigittenau <920>",5
93 Jahre,"Wien 21.Bezirk, Floridsdorf <921>",6
93 Jahre,"Wien 22.Bezirk, Donaustadt <922>",8
93 Jahre,"Wien 23.Bezirk, Liesing <923>",13
94 Jahre,Innsbruck (Stadt) <701>,20
94 Jahre,Imst <702>,1
94 Jahre,Innsbruck Land <703>,9
94 Jahre,Kitzbühel <704>,7
94 Jahre,Kufstein <705>,5
94 Jahre,Landeck <706>,-
94 Jahre,Lienz <707>,5
94 Jahre,Reutte <708>,3
94 Jahre,Schwaz <709>,7
94 Jahre,Bludenz <801>,2
94 Jahre,Bregenz <802>,12
94 Jahre,Dornbirn <803>,6
94 Jahre,Feldkirch <804>,4
94 Jahre,"Wien 1.Bezirk, Innere Stadt <901>",-
94 Jahre,"Wien 2.Bezirk, Leopoldstadt <902>",4
94 Jahre,"Wien 3.Bezirk, Landstraße <903>",7
94 Jahre,"Wien 4.Bezirk, Wieden <904>",-
94 Jahre,"Wien 5.Bezirk, Margareten <905>",-
94 Jahre,"Wien 6.Bezirk, Mariahilf <906>",-
94 Jahre,"Wien 7.Bezirk, Neubau <907>",1
94 Jahre,"Wien 8.Bezirk, Josefstadt <908>",-
94 Jahre,"Wien 9.Bezirk, Alsergrund <909>",1
94 Jahre,"Wien 10.Bezirk, Favoriten <910>",7
94 Jahre,"Wien 11.Bezirk, Simmering <911>",2
94 Jahre,"Wien 12.Bezirk, Meidling <912>",4
94 Jahre,"Wien 13.Bezirk, Hietzing <913>",5
94 Jahre,"Wien 14.Bezirk, Penzing <914>",2
94 Jahre,"Wien 15.Bezirk, Rudolfsheim-Fünfhaus <915>",3
94 Jahre,"Wien 16.Bezirk, Ottakring <916>",4
94 Jahre,"Wien 17.Bezirk, Hernals <917>",1
94 Jahre,"Wien 18.Bezirk, Währing <918>",3
94 Jahre,"Wien 19.Bezirk, Döbling <919>",7
94 Jahre,"Wien 20.Bezirk, Brigittenau <920>",1
94 Jahre,"Wien 21.Bezirk, Floridsdorf <921>",4
94 Jahre,"Wien 22.Bezirk, Donaustadt <922>",5
94 Jahre,"Wien 23.Bezirk, Liesing <923>",4
95 Jahre und älter,Innsbruck (Stadt) <701>,43
95 Jahre und älter,Imst <702>,9
95 Jahre und älter,Innsbruck Land <703>,22
95 Jahre und älter,Kitzbühel <704>,10
95 Jahre und älter,Kufstein <705>,18
95 Jahre und älter,Landeck <706>,7
95 Jahre und älter,Lienz <707>,7
95 Jahre und älter,Reutte <708>,14
95 Jahre und älter,Schwaz <709>,14
95 Jahre und älter,Bludenz <801>,9
95 Jahre und älter,Bregenz <802>,20
95 Jahre und älter,Dornbirn <803>,10
95 Jahre und älter,Feldkirch <804>,12
95 Jahre und älter,"Wien 1.Bezirk, Innere Stadt <901>",1
95 Jahre und älter,"Wien 2.Bezirk, Leopoldstadt <902>",6
95 Jahre und älter,"Wien 3.Bezirk, Landstraße <903>",10
95 Jahre und älter,"Wien 4.Bezirk, Wieden <904>",6
95 Jahre und älter,"Wien 5.Bezirk, Margareten <905>",3
95 Jahre und älter,"Wien 6.Bezirk, Mariahilf <906>",4
95 Jahre und älter,"Wien 7.Bezirk, Neubau <907>",2
95 Jahre und älter,"Wien 8.Bezirk, Josefstadt <908>",2
95 Jahre und älter,"Wien 9.Bezirk, Alsergrund <909>",5
95 Jahre und älter,"Wien 10.Bezirk, Favoriten <910>",7
95 Jahre und älter,"Wien 11.Bezirk, Simmering <911>",10
95 Jahre und älter,"Wien 12.Bezirk, Meidling <912>",17
95 Jahre und älter,"Wien 13.Bezirk, Hietzing <913>",22
95 Jahre und älter,"Wien 14.Bezirk, Penzing <914>",9
95 Jahre und älter,"Wien 15.Bezirk, Rudolfsheim-Fünfhaus <915>",16
95 Jahre und älter,"Wien 16.Bezirk, Ottakring <916>",6
95 Jahre und älter,"Wien 17.Bezirk, Hernals <917>",2
95 Jahre und älter,"Wien 18.Bezirk, Währing <918>",3
95 Jahre und älter,"Wien 19.Bezirk, Döbling <919>",31
95 Jahre und älter,"Wien 20.Bezirk, Brigittenau <920>",5
95 Jahre und älter,"Wien 21.Bezirk, Floridsdorf <921>",7
95 Jahre und älter,"Wien 22.Bezirk, Donaustadt <922>",18
95 Jahre und älter,"Wien 23.Bezirk, Liesing <923>",23
