Eisenstadt (Stadt) <101>,Graz (Stadt) <601>,10
Eisenstadt (Stadt) <101>,Bruck an der Mur ^<602>,-
Eisenstadt (Stadt) <101>,Bruck-Mürzzuschlag <621>,3
Eisenstadt (Stadt) <101>,Deutschlandsberg <603>,-
Eisenstadt (Stadt) <101>,Feldbach ^<604>,-
Eisenstadt (Stadt) <101>,Fürstenfeld ^<605>,-
Eisenstadt (Stadt) <101>,Graz Umgebung <606>,-
Eisenstadt (Stadt) <101>,Hartberg ^<607>,-
Eisenstadt (Stadt) <101>,Hartberg-Fürstenfeld <622>,8
Eisenstadt (Stadt) <101>,Judenburg ^<608>,-
Eisenstadt (Stadt) <101>,Knittelfeld ^<609>,-
Eisenstadt (Stadt) <101>,Leibnitz <610>,-
Eisenstadt (Stadt) <101>,Leoben <611>,9
Eisenstadt (Stadt) <101>,Liezen <612>,2
Eisenstadt (Stadt) <101>,Murtal <620>,1
Eisenstadt (Stadt) <101>,Mürzzuschlag ^<613>,-
Eisenstadt (Stadt) <101>,Murau <614>,-
Eisenstadt (Stadt) <101>,Radkersburg ^<615>,-
Eisenstadt (Stadt) <101>,Südoststeiermark <623>,-
Eisenstadt (Stadt) <101>,Voitsberg <616>,-
Eisenstadt (Stadt) <101>,Weiz <617>,-
Eisenstadt (Stadt) <101>,Innsbruck (Stadt) <701>,5
Eisenstadt (Stadt) <101>,Imst <702>,-
Eisenstadt (Stadt) <101>,Innsbruck Land <703>,-
Eisenstadt (Stadt) <101>,Kitzbühel <704>,-
Eisenstadt (Stadt) <101>,Kufstein <705>,5
Eisenstadt (Stadt) <101>,Landeck <706>,1
Eisenstadt (Stadt) <101>,Lienz <707>,1
Eisenstadt (Stadt) <101>,Reutte <708>,-
Eisenstadt (Stadt) <101>,Schwaz <709>,-
Eisenstadt (Stadt) <101>,Bludenz <801>,1
Eisenstadt (Stadt) <101>,Bregenz <802>,-
Eisenstadt (Stadt) <101>,Dornbirn <803>,1
Eisenstadt (Stadt) <101>,Feldkirch <804>,-
Eisenstadt (Stadt) <101>,"Wien 1.Bezirk, Innere Stadt <901>",-
Eisenstadt (Stadt) <101>,"Wien 2.Bezirk, Leopoldstadt <902>",16
Eisenstadt (Stadt) <101>,"Wien 3.Bezirk, Landstraße <903>",16
Eisenstadt (Stadt) <101>,"Wien 4.Bezirk, Wieden <904>",7
Eisenstadt (Stadt) <101>,"Wien 5.Bezirk, Margareten <905>",9
Eisenstadt (Stadt) <101>,"Wien 6.Bezirk, Mariahilf <906>",6
Eisenstadt (Stadt) <101>,"Wien 7.Bezirk, Neubau <907>",6
Eisenstadt (Stadt) <101>,"Wien 8.Bezirk, Josefstadt <908>",9
Eisenstadt (Stadt) <101>,"Wien 9.Bezirk, Alsergrund <909>",10
Eisenstadt (Stadt) <101>,"Wien 10.Bezirk, Favoriten <910>",22
Eisenstadt (Stadt) <101>,"Wien 11.Bezirk, Simmering <911>",4
Eisenstadt (Stadt) <101>,"Wien 12.Bezirk, Meidling <912>",12
Eisenstadt (Stadt) <101>,"Wien 13.Bezirk, Hietzing <913>",6
Eisenstadt (Stadt) <101>,"Wien 14.Bezirk, Penzing <914>",12
Eisenstadt (Stadt) <101>,"Wien 15.Bezirk, Rudolfsheim-Fünfhaus <915>",10
Eisenstadt (Stadt) <101>,"Wien 16.Bezirk, Ottakring <916>",14
Eisenstadt (Stadt) <101>,"Wien 17.Bezirk, Hernals <917>",10
Eisenstadt (Stadt) <101>,"Wien 18.Bezirk, Währing <918>",7
Eisenstadt (Stadt) <101>,"Wien 19.Bezirk, Döbling <919>",7
Eisenstadt (Stadt) <101>,"Wien 20.Bezirk, Brigittenau <920>",7
Eisenstadt (Stadt) <101>,"Wien 21.Bezirk, Floridsdorf <921>",13
Eisenstadt (Stadt) <101>,"Wien 22.Bezirk, Donaustadt <922>",13
Eisenstadt (Stadt) <101>,"Wien 23.Bezirk, Liesing <923>",-
Rust (Stadt) <102>,Graz (Stadt) <601>,-
Rust (Stadt) <102>,Bruck an der Mur ^<602>,-
Rust (Stadt) <102>,Bruck-Mürzzuschlag <621>,-
Rust (Stadt) <102>,Deutschlandsberg <603>,-
Rust (Stadt) <102>,Feldbach ^<604>,-
Rust (Stadt) <102>,Fürstenfeld ^<605>,-
Rust (Stadt) <102>,Graz Umgebung <606>,-
Rust (Stadt) <102>,Hartberg ^<607>,-
Rust (Stadt) <102>,Hartberg-Fürstenfeld <622>,-
Rust (Stadt) <102>,Judenburg ^<608>,-
Rust (Stadt) <102>,Knittelfeld ^<609>,-
Rust (Stadt) <102>,Leibnitz <610>,-
Rust (Stadt) <102>,Leoben <611>,-
Rust (Stadt) <102>,Liezen <612>,1
Rust (Stadt) <102>,Murtal <620>,-
Rust (Stadt) <102>,Mürzzuschlag ^<613>,-
Rust (Stadt) <102>,Murau <614>,-
Rust (Stadt) <102>,Radkersburg ^<615>,-
Rust (Stadt) <102>,Südoststeiermark <623>,-
Rust (Stadt) <102>,Voitsberg <616>,-
Rust (Stadt) <102>,Weiz <617>,-
Rust (Stadt) <102>,Innsbruck (Stadt) <701>,-
Rust (Stadt) <102>,Imst <702>,-
Rust (Stadt) <102>,Innsbruck Land <703>,-
Rust (Stadt) <102>,Kitzbühel <704>,-
Rust (Stadt) <102>,Kufstein <705>,-
Rust (Stadt) <102>,Landeck <706>,-
Rust (Stadt) <102>,Lienz <707>,-
Rust (Stadt) <102>,Reutte <708>,-
Rust (Stadt) <102>,Schwaz <709>,-
Rust (Stadt) <102>,Bludenz <801>,-
Rust (Stadt) <102>,Bregenz <802>,-
Rust (Stadt) <102>,Dornbirn <803>,-
Rust (Stadt) <102>,Feldkirch <804>,-
Rust (Stadt) <102>,"Wien 1.Bezirk, Innere Stadt <901>",-
Rust (Stadt) <102>,"Wien 2.Bezirk, Leopoldstadt <902>",-
Rust (Stadt) <102>,"Wien 3.Bezirk, Landstraße <903>",1
Rust (Stadt) <102>,"Wien 4.Bezirk, Wieden <904>",-
Rust (Stadt) <102>,"Wien 5.Bezirk, Margareten <905>",1
Rust (Stadt) <102>,"Wien 6.Bezirk, Mariahilf <906>",-
Rust (Stadt) <102>,"Wien 7.Bezirk, Neubau <907>",2
Rust (Stadt) <102>,"Wien 8.Bezirk, Josefstadt <908>",-
Rust (Stadt) <102>,"Wien 9.Bezirk, Alsergrund <909>",-
Rust (Stadt) <102>,"Wien 10.Bezirk, Favoriten <910>",1
Rust (Stadt) <102>,"Wien 11.Bezirk, Simmering <911>",1
Rust (Stadt) <102>,"Wien 12.Bezirk, Meidling <912>",-
Rust (Stadt) <102>,"Wien 13.Bezirk, Hietzing <913>",1
Rust (Stadt) <102>,"Wien 14.Bezirk, Penzing <914>",-
Rust (Stadt) <102>,"Wien 15.Bezirk, Rudolfsheim-Fünfhaus <915>",-
Rust (Stadt) <102>,"Wien 16.Bezirk, Ottakring <916>",-
Rust (Stadt) <102>,"Wien 17.Bezirk, Hernals <917>",-
Rust (Stadt) <102>,"Wien 18.Bezirk, Währing <918>",1
Rust (Stadt) <102>,"Wien 19.Bezirk, Döbling <919>",2
Rust (Stadt) <102>,"Wien 20.Bezirk, Brigittenau <920>",-
Rust (Stadt) <102>,"Wien 21.Bezirk, Floridsdorf <921>",-
Rust (Stadt) <102>,"Wien 22.Bezirk, Donaustadt <922>",1
Rust (Stadt) <102>,"Wien 23.Bezirk, Liesing <923>",-
Eisenstadt Umgebung <103>,Graz (Stadt) <601>,17
Eisenstadt Umgebung <103>,Bruck an der Mur ^<602>,-
Eisenstadt Umgebung <103>,Bruck-Mürzzuschlag <621>,6
Eisenstadt Umgebung <103>,Deutschlandsberg <603>,1
Eisenstadt Umgebung <103>,Feldbach ^<604>,-
Eisenstadt Umgebung <103>,Fürstenfeld ^<605>,-
Eisenstadt Umgebung <103>,Graz Umgebung <606>,10
Eisenstadt Umgebung <103>,Hartberg ^<607>,-
Eisenstadt Umgebung <103>,Hartberg-Fürstenfeld <622>,6
Eisenstadt Umgebung <103>,Judenburg ^<608>,-
Eisenstadt Umgebung <103>,Knittelfeld ^<609>,-
Eisenstadt Umgebung <103>,Leibnitz <610>,-
Eisenstadt Umgebung <103>,Leoben <611>,5
Eisenstadt Umgebung <103>,Liezen <612>,3
Eisenstadt Umgebung <103>,Murtal <620>,5
Eisenstadt Umgebung <103>,Mürzzuschlag ^<613>,-
Eisenstadt Umgebung <103>,Murau <614>,-
Eisenstadt Umgebung <103>,Radkersburg ^<615>,-
Eisenstadt Umgebung <103>,Südoststeiermark <623>,-
Eisenstadt Umgebung <103>,Voitsberg <616>,1
Eisenstadt Umgebung <103>,Weiz <617>,2
Eisenstadt Umgebung <103>,Innsbruck (Stadt) <701>,3
Eisenstadt Umgebung <103>,Imst <702>,2
Eisenstadt Umgebung <103>,Innsbruck Land <703>,-
Eisenstadt Umgebung <103>,Kitzbühel <704>,-
Eisenstadt Umgebung <103>,Kufstein <705>,2
Eisenstadt Umgebung <103>,Landeck <706>,2
Eisenstadt Umgebung <103>,Lienz <707>,-
Eisenstadt Umgebung <103>,Reutte <708>,-
Eisenstadt Umgebung <103>,Schwaz <709>,1
Eisenstadt Umgebung <103>,Bludenz <801>,-
Eisenstadt Umgebung <103>,Bregenz <802>,-
Eisenstadt Umgebung <103>,Dornbirn <803>,1
Eisenstadt Umgebung <103>,Feldkirch <804>,-
Eisenstadt Umgebung <103>,"Wien 1.Bezirk, Innere Stadt <901>",5
Eisenstadt Umgebung <103>,"Wien 2.Bezirk, Leopoldstadt <902>",15
Eisenstadt Umgebung <103>,"Wien 3.Bezirk, Landstraße <903>",23
Eisenstadt Umgebung <103>,"Wien 4.Bezirk, Wieden <904>",7
Eisenstadt Umgebung <103>,"Wien 5.Bezirk, Margareten <905>",17
Eisenstadt Umgebung <103>,"Wien 6.Bezirk, Mariahilf <906>",4
Eisenstadt Umgebung <103>,"Wien 7.Bezirk, Neubau <907>",15
Eisenstadt Umgebung <103>,"Wien 8.Bezirk, Josefstadt <908>",3
Eisenstadt Umgebung <103>,"Wien 9.Bezirk, Alsergrund <909>",13
Eisenstadt Umgebung <103>,"Wien 10.Bezirk, Favoriten <910>",29
Eisenstadt Umgebung <103>,"Wien 11.Bezirk, Simmering <911>",10
Eisenstadt Umgebung <103>,"Wien 12.Bezirk, Meidling <912>",15
Eisenstadt Umgebung <103>,"Wien 13.Bezirk, Hietzing <913>",1
Eisenstadt Umgebung <103>,"Wien 14.Bezirk, Penzing <914>",15
Eisenstadt Umgebung <103>,"Wien 15.Bezirk, Rudolfsheim-Fünfhaus <915>",11
Eisenstadt Umgebung <103>,"Wien 16.Bezirk, Ottakring <916>",21
Eisenstadt Umgebung <103>,"Wien 17.Bezirk, Hernals <917>",10
Eisenstadt Umgebung <103>,"Wien 18.Bezirk, Währing <918>",6
Eisenstadt Umgebung <103>,"Wien 19.Bezirk, Döbling <919>",13
Eisenstadt Umgebung <103>,"Wien 20.Bezirk, Brigittenau <920>",21
Eisenstadt Umgebung <103>,"Wien 21.Bezirk, Floridsdorf <921>",12
Eisenstadt Umgebung <103>,"Wien 22.Bezirk, Donaustadt <922>",30
Eisenstadt Umgebung <103>,"Wien 23.Bezirk, Liesing <923>",9
Güssing <104>,Graz (Stadt) <601>,30
Güssing <104>,Bruck an der Mur ^<602>,-
Güssing <104>,Bruck-Mürzzuschlag <621>,10
Güssing <104>,Deutschlandsberg <603>,1
Güssing <104>,Feldbach ^<604>,-
Güssing <104>,Fürstenfeld ^<605>,-
Güssing <104>,Graz Umgebung <606>,8
Güssing <104>,Hartberg ^<607>,-
Güssing <104>,Hartberg-Fürstenfeld <622>,86
Güssing <104>,Judenburg ^<608>,-
Güssing <104>,Knittelfeld ^<609>,-
Güssing <104>,Leibnitz <610>,6
Güssing <104>,Leoben <611>,4
Güssing <104>,Liezen <612>,2
Güssing <104>,Murtal <620>,-
Güssing <104>,Mürzzuschlag ^<613>,-
Güssing <104>,Murau <614>,-
Güssing <104>,Radkersburg ^<615>,-
Güssing <104>,Südoststeiermark <623>,8
Güssing <104>,Voitsberg <616>,1
Güssing <104>,Weiz <617>,15
Güssing <104>,Innsbruck (Stadt) <701>,1
Güssing <104>,Imst <702>,-
Güssing <104>,Innsbruck Land <703>,4
Güssing <104>,Kitzbühel <704>,2
Güssing <104>,Kufstein <705>,2
Güssing <104>,Landeck <706>,-
Güssing <104>,Lienz <707>,-
Güssing <104>,Reutte <708>,-
Güssing <104>,Schwaz <709>,1
Güssing <104>,Bludenz <801>,-
Güssing <104>,Bregenz <802>,2
Güssing <104>,Dornbirn <803>,-
Güssing <104>,Feldkirch <804>,1
Güssing <104>,"Wien 1.Bezirk, Innere Stadt <901>",1
Güssing <104>,"Wien 2.Bezirk, Leopoldstadt <902>",7
Güssing <104>,"Wien 3.Bezirk, Landstraße <903>",4
Güssing <104>,"Wien 4.Bezirk, Wieden <904>",4
Güssing <104>,"Wien 5.Bezirk, Margareten <905>",7
Güssing <104>,"Wien 6.Bezirk, Mariahilf <906>",3
Güssing <104>,"Wien 7.Bezirk, Neubau <907>",5
Güssing <104>,"Wien 8.Bezirk, Josefstadt <908>",1
Güssing <104>,"Wien 9.Bezirk, Alsergrund <909>",2
Güssing <104>,"Wien 10.Bezirk, Favoriten <910>",13
Güssing <104>,"Wien 11.Bezirk, Simmering <911>",5
Güssing <104>,"Wien 12.Bezirk, Meidling <912>",6
Güssing <104>,"Wien 13.Bezirk, Hietzing <913>",3
Güssing <104>,"Wien 14.Bezirk, Penzing <914>",6
Güssing <104>,"Wien 15.Bezirk, Rudolfsheim-Fünfhaus <915>",6
Güssing <104>,"Wien 16.Bezirk, Ottakring <916>",4
Güssing <104>,"Wien 17.Bezirk, Hernals <917>",2
Güssing <104>,"Wien 18.Bezirk, Währing <918>",3
Güssing <104>,"Wien 19.Bezirk, Döbling <919>",3
Güssing <104>,"Wien 20.Bezirk, Brigittenau <920>",1
Güssing <104>,"Wien 21.Bezirk, Floridsdorf <921>",6
Güssing <104>,"Wien 22.Bezirk, Donaustadt <922>",6
Güssing <104>,"Wien 23.Bezirk, Liesing <923>",5
Jennersdorf <105>,Graz (Stadt) <601>,50
Jennersdorf <105>,Bruck an der Mur ^<602>,-
Jennersdorf <105>,Bruck-Mürzzuschlag <621>,3
Jennersdorf <105>,Deutschlandsberg <603>,1
Jennersdorf <105>,Feldbach ^<604>,-
Jennersdorf <105>,Fürstenfeld ^<605>,-
Jennersdorf <105>,Graz Umgebung <606>,11
Jennersdorf <105>,Hartberg ^<607>,-
Jennersdorf <105>,Hartberg-Fürstenfeld <622>,97
Jennersdorf <105>,Judenburg ^<608>,-
Jennersdorf <105>,Knittelfeld ^<609>,-
Jennersdorf <105>,Leibnitz <610>,6
Jennersdorf <105>,Leoben <611>,-
Jennersdorf <105>,Liezen <612>,3
Jennersdorf <105>,Murtal <620>,2
Jennersdorf <105>,Mürzzuschlag ^<613>,-
Jennersdorf <105>,Murau <614>,-
Jennersdorf <105>,Radkersburg ^<615>,-
Jennersdorf <105>,Südoststeiermark <623>,66
Jennersdorf <105>,Voitsberg <616>,2
Jennersdorf <105>,Weiz <617>,14
Jennersdorf <105>,Innsbruck (Stadt) <701>,-
Jennersdorf <105>,Imst <702>,-
Jennersdorf <105>,Innsbruck Land <703>,1
Jennersdorf <105>,Kitzbühel <704>,1
Jennersdorf <105>,Kufstein <705>,2
Jennersdorf <105>,Landeck <706>,-
Jennersdorf <105>,Lienz <707>,-
Jennersdorf <105>,Reutte <708>,-
Jennersdorf <105>,Schwaz <709>,2
Jennersdorf <105>,Bludenz <801>,-
Jennersdorf <105>,Bregenz <802>,1
Jennersdorf <105>,Dornbirn <803>,1
Jennersdorf <105>,Feldkirch <804>,-
Jennersdorf <105>,"Wien 1.Bezirk, Innere Stadt <901>",-
Jennersdorf <105>,"Wien 2.Bezirk, Leopoldstadt <902>",-
Jennersdorf <105>,"Wien 3.Bezirk, Landstraße <903>",4
Jennersdorf <105>,"Wien 4.Bezirk, Wieden <904>",-
Jennersdorf <105>,"Wien 5.Bezirk, Margareten <905>",3
Jennersdorf <105>,"Wien 6.Bezirk, Mariahilf <906>",-
Jennersdorf <105>,"Wien 7.Bezirk, Neubau <907>",-
Jennersdorf <105>,"Wien 8.Bezirk, Josefstadt <908>",-
Jennersdorf <105>,"Wien 9.Bezirk, Alsergrund <909>",1
Jennersdorf <105>,"Wien 10.Bezirk, Favoriten <910>",6
Jennersdorf <105>,"Wien 11.Bezirk, Simmering <911>",1
Jennersdorf <105>,"Wien 12.Bezirk, Meidling <912>",6
Jennersdorf <105>,"Wien 13.Bezirk, Hietzing <913>",1
Jennersdorf <105>,"Wien 14.Bezirk, Penzing <914>",-
Jennersdorf <105>,"Wien 15.Bezirk, Rudolfsheim-Fünfhaus <915>",1
Jennersdorf <105>,"Wien 16.Bezirk, Ottakring <916>",5
Jennersdorf <105>,"Wien 17.Bezirk, Hernals <917>",1
Jennersdorf <105>,"Wien 18.Bezirk, Währing <918>",2
Jennersdorf <105>,"Wien 19.Bezirk, Döbling <919>",3
Jennersdorf <105>,"Wien 20.Bezirk, Brigittenau <920>",-
Jennersdorf <105>,"Wien 21.Bezirk, Floridsdorf <921>",3
Jennersdorf <105>,"Wien 22.Bezirk, Donaustadt <922>",3
Jennersdorf <105>,"Wien 23.Bezirk, Liesing <923>",2
Mattersburg <106>,Graz (Stadt) <601>,10
Mattersburg <106>,Bruck an der Mur ^<602>,-
Mattersburg <106>,Bruck-Mürzzuschlag <621>,2
Mattersburg <106>,Deutschlandsberg <603>,-
Mattersburg <106>,Feldbach ^<604>,-
Mattersburg <106>,Fürstenfeld ^<605>,-
Mattersburg <106>,Graz Umgebung <606>,4
Mattersburg <106>,Hartberg ^<607>,-
Mattersburg <106>,Hartberg-Fürstenfeld <622>,6
Mattersburg <106>,Judenburg ^<608>,-
Mattersburg <106>,Knittelfeld ^<609>,-
Mattersburg <106>,Leibnitz <610>,4
Mattersburg <106>,Leoben <611>,3
Mattersburg <106>,Liezen <612>,2
Mattersburg <106>,Murtal <620>,-
Mattersburg <106>,Mürzzuschlag ^<613>,-
Mattersburg <106>,Murau <614>,-
Mattersburg <106>,Radkersburg ^<615>,-
Mattersburg <106>,Südoststeiermark <623>,1
Mattersburg <106>,Voitsberg <616>,-
Mattersburg <106>,Weiz <617>,-
Mattersburg <106>,Innsbruck (Stadt) <701>,6
Mattersburg <106>,Imst <702>,-
Mattersburg <106>,Innsbruck Land <703>,-
Mattersburg <106>,Kitzbühel <704>,-
Mattersburg <106>,Kufstein <705>,2
Mattersburg <106>,Landeck <706>,-
Mattersburg <106>,Lienz <707>,1
Mattersburg <106>,Reutte <708>,1
Mattersburg <106>,Schwaz <709>,-
Mattersburg <106>,Bludenz <801>,-
Mattersburg <106>,Bregenz <802>,1
Mattersburg <106>,Dornbirn <803>,-
Mattersburg <106>,Feldkirch <804>,4
Mattersburg <106>,"Wien 1.Bezirk, Innere Stadt <901>",1
Mattersburg <106>,"Wien 2.Bezirk, Leopoldstadt <902>",11
Mattersburg <106>,"Wien 3.Bezirk, Landstraße <903>",17
Mattersburg <106>,"Wien 4.Bezirk, Wieden <904>",14
Mattersburg <106>,"Wien 5.Bezirk, Margareten <905>",13
Mattersburg <106>,"Wien 6.Bezirk, Mariahilf <906>",3
Mattersburg <106>,"Wien 7.Bezirk, Neubau <907>",2
Mattersburg <106>,"Wien 8.Bezirk, Josefstadt <908>",4
Mattersburg <106>,"Wien 9.Bezirk, Alsergrund <909>",7
Mattersburg <106>,"Wien 10.Bezirk, Favoriten <910>",46
Mattersburg <106>,"Wien 11.Bezirk, Simmering <911>",18
Mattersburg <106>,"Wien 12.Bezirk, Meidling <912>",17
Mattersburg <106>,"Wien 13.Bezirk, Hietzing <913>",5
Mattersburg <106>,"Wien 14.Bezirk, Penzing <914>",7
Mattersburg <106>,"Wien 15.Bezirk, Rudolfsheim-Fünfhaus <915>",12
Mattersburg <106>,"Wien 16.Bezirk, Ottakring <916>",2
Mattersburg <106>,"Wien 17.Bezirk, Hernals <917>",6
Mattersburg <106>,"Wien 18.Bezirk, Währing <918>",4
Mattersburg <106>,"Wien 19.Bezirk, Döbling <919>",2
Mattersburg <106>,"Wien 20.Bezirk, Brigittenau <920>",8
Mattersburg <106>,"Wien 21.Bezirk, Floridsdorf <921>",13
Mattersburg <106>,"Wien 22.Bezirk, Donaustadt <922>",15
Mattersburg <106>,"Wien 23.Bezirk, Liesing <923>",12
Neusiedl am See <107>,Graz (Stadt) <601>,8
Neusiedl am See <107>,Bruck an der Mur ^<602>,-
Neusiedl am See <107>,Bruck-Mürzzuschlag <621>,11
Neusiedl am See <107>,Deutschlandsberg <603>,2
Neusiedl am See <107>,Feldbach ^<604>,-
Neusiedl am See <107>,Fürstenfeld ^<605>,-
Neusiedl am See <107>,Graz Umgebung <606>,-
Neusiedl am See <107>,Hartberg ^<607>,-
Neusiedl am See <107>,Hartberg-Fürstenfeld <622>,2
Neusiedl am See <107>,Judenburg ^<608>,-
Neusiedl am See <107>,Knittelfeld ^<609>,-
Neusiedl am See <107>,Leibnitz <610>,2
Neusiedl am See <107>,Leoben <611>,1
Neusiedl am See <107>,Liezen <612>,-
Neusiedl am See <107>,Murtal <620>,-
Neusiedl am See <107>,Mürzzuschlag ^<613>,-
Neusiedl am See <107>,Murau <614>,1
Neusiedl am See <107>,Radkersburg ^<615>,-
Neusiedl am See <107>,Südoststeiermark <623>,2
Neusiedl am See <107>,Voitsberg <616>,1
Neusiedl am See <107>,Weiz <617>,3
Neusiedl am See <107>,Innsbruck (Stadt) <701>,5
Neusiedl am See <107>,Imst <702>,2
Neusiedl am See <107>,Innsbruck Land <703>,1
Neusiedl am See <107>,Kitzbühel <704>,-
Neusiedl am See <107>,Kufstein <705>,-
Neusiedl am See <107>,Landeck <706>,4
Neusiedl am See <107>,Lienz <707>,-
Neusiedl am See <107>,Reutte <708>,-
Neusiedl am See <107>,Schwaz <709>,-
Neusiedl am See <107>,Bludenz <801>,-
Neusiedl am See <107>,Bregenz <802>,1
Neusiedl am See <107>,Dornbirn <803>,5
Neusiedl am See <107>,Feldkirch <804>,-
Neusiedl am See <107>,"Wien 1.Bezirk, Innere Stadt <901>",2
Neusiedl am See <107>,"Wien 2.Bezirk, Leopoldstadt <902>",39
Neusiedl am See <107>,"Wien 3.Bezirk, Landstraße <903>",50
Neusiedl am See <107>,"Wien 4.Bezirk, Wieden <904>",7
Neusiedl am See <107>,"Wien 5.Bezirk, Margareten <905>",20
Neusiedl am See <107>,"Wien 6.Bezirk, Mariahilf <906>",14
Neusiedl am See <107>,"Wien 7.Bezirk, Neubau <907>",10
Neusiedl am See <107>,"Wien 8.Bezirk, Josefstadt <908>",5
Neusiedl am See <107>,"Wien 9.Bezirk, Alsergrund <909>",13
Neusiedl am See <107>,"Wien 10.Bezirk, Favoriten <910>",52
Neusiedl am See <107>,"Wien 11.Bezirk, Simmering <911>",21
Neusiedl am See <107>,"Wien 12.Bezirk, Meidling <912>",21
Neusiedl am See <107>,"Wien 13.Bezirk, Hietzing <913>",16
Neusiedl am See <107>,"Wien 14.Bezirk, Penzing <914>",13
Neusiedl am See <107>,"Wien 15.Bezirk, Rudolfsheim-Fünfhaus <915>",19
Neusiedl am See <107>,"Wien 16.Bezirk, Ottakring <916>",20
Neusiedl am See <107>,"Wien 17.Bezirk, Hernals <917>",12
Neusiedl am See <107>,"Wien 18.Bezirk, Währing <918>",7
Neusiedl am See <107>,"Wien 19.Bezirk, Döbling <919>",14
Neusiedl am See <107>,"Wien 20.Bezirk, Brigittenau <920>",12
Neusiedl am See <107>,"Wien 21.Bezirk, Floridsdorf <921>",39
Neusiedl am See <107>,"Wien 22.Bezirk, Donaustadt <922>",55
Neusiedl am See <107>,"Wien 23.Bezirk, Liesing <923>",34
Oberpullendorf <108>,Graz (Stadt) <601>,16
Oberpullendorf <108>,Bruck an der Mur ^<602>,-
Oberpullendorf <108>,Bruck-Mürzzuschlag <621>,5
Oberpullendorf <108>,Deutschlandsberg <603>,2
Oberpullendorf <108>,Feldbach ^<604>,-
Oberpullendorf <108>,Fürstenfeld ^<605>,-
Oberpullendorf <108>,Graz Umgebung <606>,5
Oberpullendorf <108>,Hartberg ^<607>,-
Oberpullendorf <108>,Hartberg-Fürstenfeld <622>,8
Oberpullendorf <108>,Judenburg ^<608>,-
Oberpullendorf <108>,Knittelfeld ^<609>,-
Oberpullendorf <108>,Leibnitz <610>,2
Oberpullendorf <108>,Leoben <611>,-
Oberpullendorf <108>,Liezen <612>,3
Oberpullendorf <108>,Murtal <620>,-
Oberpullendorf <108>,Mürzzuschlag ^<613>,-
Oberpullendorf <108>,Murau <614>,-
Oberpullendorf <108>,Radkersburg ^<615>,-
Oberpullendorf <108>,Südoststeiermark <623>,1
Oberpullendorf <108>,Voitsberg <616>,-
Oberpullendorf <108>,Weiz <617>,3
Oberpullendorf <108>,Innsbruck (Stadt) <701>,-
Oberpullendorf <108>,Imst <702>,5
Oberpullendorf <108>,Innsbruck Land <703>,1
Oberpullendorf <108>,Kitzbühel <704>,1
Oberpullendorf <108>,Kufstein <705>,-
Oberpullendorf <108>,Landeck <706>,-
Oberpullendorf <108>,Lienz <707>,-
Oberpullendorf <108>,Reutte <708>,-
Oberpullendorf <108>,Schwaz <709>,4
Oberpullendorf <108>,Bludenz <801>,-
Oberpullendorf <108>,Bregenz <802>,1
Oberpullendorf <108>,Dornbirn <803>,-
Oberpullendorf <108>,Feldkirch <804>,1
Oberpullendorf <108>,"Wien 1.Bezirk, Innere Stadt <901>",-
Oberpullendorf <108>,"Wien 2.Bezirk, Leopoldstadt <902>",9
Oberpullendorf <108>,"Wien 3.Bezirk, Landstraße <903>",21
Oberpullendorf <108>,"Wien 4.Bezirk, Wieden <904>",3
Oberpullendorf <108>,"Wien 5.Bezirk, Margareten <905>",14
Oberpullendorf <108>,"Wien 6.Bezirk, Mariahilf <906>",7
Oberpullendorf <108>,"Wien 7.Bezirk, Neubau <907>",4
Oberpullendorf <108>,"Wien 8.Bezirk, Josefstadt <908>",3
Oberpullendorf <108>,"Wien 9.Bezirk, Alsergrund <909>",5
Oberpullendorf <108>,"Wien 10.Bezirk, Favoriten <910>",40
Oberpullendorf <108>,"Wien 11.Bezirk, Simmering <911>",19
Oberpullendorf <108>,"Wien 12.Bezirk, Meidling <912>",10
Oberpullendorf <108>,"Wien 13.Bezirk, Hietzing <913>",4
Oberpullendorf <108>,"Wien 14.Bezirk, Penzing <914>",9
Oberpullendorf <108>,"Wien 15.Bezirk, Rudolfsheim-Fünfhaus <915>",12
Oberpullendorf <108>,"Wien 16.Bezirk, Ottakring <916>",15
Oberpullendorf <108>,"Wien 17.Bezirk, Hernals <917>",2
Oberpullendorf <108>,"Wien 18.Bezirk, Währing <918>",7
Oberpullendorf <108>,"Wien 19.Bezirk, Döbling <919>",5
Oberpullendorf <108>,"Wien 20.Bezirk, Brigittenau <920>",7
Oberpullendorf <108>,"Wien 21.Bezirk, Floridsdorf <921>",18
Oberpullendorf <108>,"Wien 22.Bezirk, Donaustadt <922>",17
Oberpullendorf <108>,"Wien 23.Bezirk, Liesing <923>",16
Oberwart <109>,Graz (Stadt) <601>,76
Oberwart <109>,Bruck an der Mur ^<602>,-
Oberwart <109>,Bruck-Mürzzuschlag <621>,10
Oberwart <109>,Deutschlandsberg <603>,8
Oberwart <109>,Feldbach ^<604>,-
Oberwart <109>,Fürstenfeld ^<605>,-
Oberwart <109>,Graz Umgebung <606>,11
Oberwart <109>,Hartberg ^<607>,-
Oberwart <109>,Hartberg-Fürstenfeld <622>,167
Oberwart <109>,Judenburg ^<608>,-
Oberwart <109>,Knittelfeld ^<609>,-
Oberwart <109>,Leibnitz <610>,5
Oberwart <109>,Leoben <611>,5
Oberwart <109>,Liezen <612>,7
Oberwart <109>,Murtal <620>,3
Oberwart <109>,Mürzzuschlag ^<613>,-
Oberwart <109>,Murau <614>,1
Oberwart <109>,Radkersburg ^<615>,-
Oberwart <109>,Südoststeiermark <623>,20
Oberwart <109>,Voitsberg <616>,-
Oberwart <109>,Weiz <617>,15
Oberwart <109>,Innsbruck (Stadt) <701>,3
Oberwart <109>,Imst <702>,-
Oberwart <109>,Innsbruck Land <703>,1
Oberwart <109>,Kitzbühel <704>,2
Oberwart <109>,Kufstein <705>,2
Oberwart <109>,Landeck <706>,1
Oberwart <109>,Lienz <707>,-
Oberwart <109>,Reutte <708>,1
Oberwart <109>,Schwaz <709>,-
Oberwart <109>,Bludenz <801>,2
Oberwart <109>,Bregenz <802>,6
Oberwart <109>,Dornbirn <803>,5
Oberwart <109>,Feldkirch <804>,4
Oberwart <109>,"Wien 1.Bezirk, Innere Stadt <901>",-
Oberwart <109>,"Wien 2.Bezirk, Leopoldstadt <902>",19
Oberwart <109>,"Wien 3.Bezirk, Landstraße <903>",19
Oberwart <109>,"Wien 4.Bezirk, Wieden <904>",5
Oberwart <109>,"Wien 5.Bezirk, Margareten <905>",17
Oberwart <109>,"Wien 6.Bezirk, Mariahilf <906>",5
Oberwart <109>,"Wien 7.Bezirk, Neubau <907>",4
Oberwart <109>,"Wien 8.Bezirk, Josefstadt <908>",4
Oberwart <109>,"Wien 9.Bezirk, Alsergrund <909>",6
Oberwart <109>,"Wien 10.Bezirk, Favoriten <910>",58
Oberwart <109>,"Wien 11.Bezirk, Simmering <911>",20
Oberwart <109>,"Wien 12.Bezirk, Meidling <912>",30
Oberwart <109>,"Wien 13.Bezirk, Hietzing <913>",-
Oberwart <109>,"Wien 14.Bezirk, Penzing <914>",19
Oberwart <109>,"Wien 15.Bezirk, Rudolfsheim-Fünfhaus <915>",22
Oberwart <109>,"Wien 16.Bezirk, Ottakring <916>",17
Oberwart <109>,"Wien 17.Bezirk, Hernals <917>",4
Oberwart <109>,"Wien 18.Bezirk, Währing <918>",8
Oberwart <109>,"Wien 19.Bezirk, Döbling <919>",4
Oberwart <109>,"Wien 20.Bezirk, Brigittenau <920>",22
Oberwart <109>,"Wien 21.Bezirk, Floridsdorf <921>",12
Oberwart <109>,"Wien 22.Bezirk, Donaustadt <922>",28
Oberwart <109>,"Wien 23.Bezirk, Liesing <923>",17
Klagenfurt (Stadt) <201>,Graz (Stadt) <601>,233
Klagenfurt (Stadt) <201>,Bruck an der Mur ^<602>,-
Klagenfurt (Stadt) <201>,Bruck-Mürzzuschlag <621>,7
Klagenfurt (Stadt) <201>,Deutschlandsberg <603>,9
Klagenfurt (Stadt) <201>,Feldbach ^<604>,-
Klagenfurt (Stadt) <201>,Fürstenfeld ^<605>,-
Klagenfurt (Stadt) <201>,Graz Umgebung <606>,28
Klagenfurt (Stadt) <201>,Hartberg ^<607>,-
Klagenfurt (Stadt) <201>,Hartberg-Fürstenfeld <622>,7
Klagenfurt (Stadt) <201>,Judenburg ^<608>,-
Klagenfurt (Stadt) <201>,Knittelfeld ^<609>,-
Klagenfurt (Stadt) <201>,Leibnitz <610>,6
Klagenfurt (Stadt) <201>,Leoben <611>,45
Klagenfurt (Stadt) <201>,Liezen <612>,9
Klagenfurt (Stadt) <201>,Murtal <620>,18
Klagenfurt (Stadt) <201>,Mürzzuschlag ^<613>,-
Klagenfurt (Stadt) <201>,Murau <614>,15
Klagenfurt (Stadt) <201>,Radkersburg ^<615>,-
Klagenfurt (Stadt) <201>,Südoststeiermark <623>,5
Klagenfurt (Stadt) <201>,Voitsberg <616>,7
Klagenfurt (Stadt) <201>,Weiz <617>,5
Klagenfurt (Stadt) <201>,Innsbruck (Stadt) <701>,27
Klagenfurt (Stadt) <201>,Imst <702>,4
Klagenfurt (Stadt) <201>,Innsbruck Land <703>,9
Klagenfurt (Stadt) <201>,Kitzbühel <704>,10
Klagenfurt (Stadt) <201>,Kufstein <705>,7
Klagenfurt (Stadt) <201>,Landeck <706>,-
Klagenfurt (Stadt) <201>,Lienz <707>,14
Klagenfurt (Stadt) <201>,Reutte <708>,2
Klagenfurt (Stadt) <201>,Schwaz <709>,3
Klagenfurt (Stadt) <201>,Bludenz <801>,3
Klagenfurt (Stadt) <201>,Bregenz <802>,14
Klagenfurt (Stadt) <201>,Dornbirn <803>,7
Klagenfurt (Stadt) <201>,Feldkirch <804>,7
Klagenfurt (Stadt) <201>,"Wien 1.Bezirk, Innere Stadt <901>",1
Klagenfurt (Stadt) <201>,"Wien 2.Bezirk, Leopoldstadt <902>",34
Klagenfurt (Stadt) <201>,"Wien 3.Bezirk, Landstraße <903>",23
Klagenfurt (Stadt) <201>,"Wien 4.Bezirk, Wieden <904>",15
Klagenfurt (Stadt) <201>,"Wien 5.Bezirk, Margareten <905>",35
Klagenfurt (Stadt) <201>,"Wien 6.Bezirk, Mariahilf <906>",13
Klagenfurt (Stadt) <201>,"Wien 7.Bezirk, Neubau <907>",6
Klagenfurt (Stadt) <201>,"Wien 8.Bezirk, Josefstadt <908>",19
Klagenfurt (Stadt) <201>,"Wien 9.Bezirk, Alsergrund <909>",20
Klagenfurt (Stadt) <201>,"Wien 10.Bezirk, Favoriten <910>",60
Klagenfurt (Stadt) <201>,"Wien 11.Bezirk, Simmering <911>",23
Klagenfurt (Stadt) <201>,"Wien 12.Bezirk, Meidling <912>",25
Klagenfurt (Stadt) <201>,"Wien 13.Bezirk, Hietzing <913>",6
Klagenfurt (Stadt) <201>,"Wien 14.Bezirk, Penzing <914>",27
Klagenfurt (Stadt) <201>,"Wien 15.Bezirk, Rudolfsheim-Fünfhaus <915>",19
Klagenfurt (Stadt) <201>,"Wien 16.Bezirk, Ottakring <916>",21
Klagenfurt (Stadt) <201>,"Wien 17.Bezirk, Hernals <917>",17
Klagenfurt (Stadt) <201>,"Wien 18.Bezirk, Währing <918>",11
Klagenfurt (Stadt) <201>,"Wien 19.Bezirk, Döbling <919>",24
Klagenfurt (Stadt) <201>,"Wien 20.Bezirk, Brigittenau <920>",25
Klagenfurt (Stadt) <201>,"Wien 21.Bezirk, Floridsdorf <921>",42
Klagenfurt (Stadt) <201>,"Wien 22.Bezirk, Donaustadt <922>",30
Klagenfurt (Stadt) <201>,"Wien 23.Bezirk, Liesing <923>",16
Villach (Stadt) <202>,Graz (Stadt) <601>,112
Villach (Stadt) <202>,Bruck an der Mur ^<602>,-
Villach (Stadt) <202>,Bruck-Mürzzuschlag <621>,2
Villach (Stadt) <202>,Deutschlandsberg <603>,7
Villach (Stadt) <202>,Feldbach ^<604>,-
Villach (Stadt) <202>,Fürstenfeld ^<605>,-
Villach (Stadt) <202>,Graz Umgebung <606>,18
Villach (Stadt) <202>,Hartberg ^<607>,-
Villach (Stadt) <202>,Hartberg-Fürstenfeld <622>,1
Villach (Stadt) <202>,Judenburg ^<608>,-
Villach (Stadt) <202>,Knittelfeld ^<609>,-
Villach (Stadt) <202>,Leibnitz <610>,9
Villach (Stadt) <202>,Leoben <611>,7
Villach (Stadt) <202>,Liezen <612>,6
Villach (Stadt) <202>,Murtal <620>,4
Villach (Stadt) <202>,Mürzzuschlag ^<613>,-
Villach (Stadt) <202>,Murau <614>,1
Villach (Stadt) <202>,Radkersburg ^<615>,-
Villach (Stadt) <202>,Südoststeiermark <623>,5
Villach (Stadt) <202>,Voitsberg <616>,1
Villach (Stadt) <202>,Weiz <617>,4
Villach (Stadt) <202>,Innsbruck (Stadt) <701>,10
Villach (Stadt) <202>,Imst <702>,1
Villach (Stadt) <202>,Innsbruck Land <703>,4
Villach (Stadt) <202>,Kitzbühel <704>,1
Villach (Stadt) <202>,Kufstein <705>,13
Villach (Stadt) <202>,Landeck <706>,-
Villach (Stadt) <202>,Lienz <707>,7
Villach (Stadt) <202>,Reutte <708>,1
Villach (Stadt) <202>,Schwaz <709>,2
Villach (Stadt) <202>,Bludenz <801>,1
Villach (Stadt) <202>,Bregenz <802>,6
Villach (Stadt) <202>,Dornbirn <803>,9
Villach (Stadt) <202>,Feldkirch <804>,8
Villach (Stadt) <202>,"Wien 1.Bezirk, Innere Stadt <901>",1
Villach (Stadt) <202>,"Wien 2.Bezirk, Leopoldstadt <902>",11
Villach (Stadt) <202>,"Wien 3.Bezirk, Landstraße <903>",11
Villach (Stadt) <202>,"Wien 4.Bezirk, Wieden <904>",3
Villach (Stadt) <202>,"Wien 5.Bezirk, Margareten <905>",6
Villach (Stadt) <202>,"Wien 6.Bezirk, Mariahilf <906>",3
Villach (Stadt) <202>,"Wien 7.Bezirk, Neubau <907>",9
Villach (Stadt) <202>,"Wien 8.Bezirk, Josefstadt <908>",5
Villach (Stadt) <202>,"Wien 9.Bezirk, Alsergrund <909>",8
Villach (Stadt) <202>,"Wien 10.Bezirk, Favoriten <910>",52
Villach (Stadt) <202>,"Wien 11.Bezirk, Simmering <911>",5
Villach (Stadt) <202>,"Wien 12.Bezirk, Meidling <912>",9
Villach (Stadt) <202>,"Wien 13.Bezirk, Hietzing <913>",3
Villach (Stadt) <202>,"Wien 14.Bezirk, Penzing <914>",6
Villach (Stadt) <202>,"Wien 15.Bezirk, Rudolfsheim-Fünfhaus <915>",13
Villach (Stadt) <202>,"Wien 16.Bezirk, Ottakring <916>",31
Villach (Stadt) <202>,"Wien 17.Bezirk, Hernals <917>",18
Villach (Stadt) <202>,"Wien 18.Bezirk, Währing <918>",7
Villach (Stadt) <202>,"Wien 19.Bezirk, Döbling <919>",15
Villach (Stadt) <202>,"Wien 20.Bezirk, Brigittenau <920>",9
Villach (Stadt) <202>,"Wien 21.Bezirk, Floridsdorf <921>",24
Villach (Stadt) <202>,"Wien 22.Bezirk, Donaustadt <922>",29
Villach (Stadt) <202>,"Wien 23.Bezirk, Liesing <923>",20
Feldkirchen <210>,Graz (Stadt) <601>,31
Feldkirchen <210>,Bruck an der Mur ^<602>,-
Feldkirchen <210>,Bruck-Mürzzuschlag <621>,1
Feldkirchen <210>,Deutschlandsberg <603>,-
Feldkirchen <210>,Feldbach ^<604>,-
Feldkirchen <210>,Fürstenfeld ^<605>,-
Feldkirchen <210>,Graz Umgebung <606>,8
Feldkirchen <210>,Hartberg ^<607>,-
Feldkirchen <210>,Hartberg-Fürstenfeld <622>,3
Feldkirchen <210>,Judenburg ^<608>,-
Feldkirchen <210>,Knittelfeld ^<609>,-
Feldkirchen <210>,Leibnitz <610>,8
Feldkirchen <210>,Leoben <611>,1
Feldkirchen <210>,Liezen <612>,2
Feldkirchen <210>,Murtal <620>,5
Feldkirchen <210>,Mürzzuschlag ^<613>,-
Feldkirchen <210>,Murau <614>,6
Feldkirchen <210>,Radkersburg ^<615>,-
Feldkirchen <210>,Südoststeiermark <623>,2
Feldkirchen <210>,Voitsberg <616>,2
Feldkirchen <210>,Weiz <617>,3
Feldkirchen <210>,Innsbruck (Stadt) <701>,10
Feldkirchen <210>,Imst <702>,-
Feldkirchen <210>,Innsbruck Land <703>,3
Feldkirchen <210>,Kitzbühel <704>,-
Feldkirchen <210>,Kufstein <705>,-
Feldkirchen <210>,Landeck <706>,-
Feldkirchen <210>,Lienz <707>,1
Feldkirchen <210>,Reutte <708>,-
Feldkirchen <210>,Schwaz <709>,6
Feldkirchen <210>,Bludenz <801>,4
Feldkirchen <210>,Bregenz <802>,-
Feldkirchen <210>,Dornbirn <803>,1
Feldkirchen <210>,Feldkirch <804>,4
Feldkirchen <210>,"Wien 1.Bezirk, Innere Stadt <901>",1
Feldkirchen <210>,"Wien 2.Bezirk, Leopoldstadt <902>",2
Feldkirchen <210>,"Wien 3.Bezirk, Landstraße <903>",9
Feldkirchen <210>,"Wien 4.Bezirk, Wieden <904>",1
Feldkirchen <210>,"Wien 5.Bezirk, Margareten <905>",2
Feldkirchen <210>,"Wien 6.Bezirk, Mariahilf <906>",3
Feldkirchen <210>,"Wien 7.Bezirk, Neubau <907>",2
Feldkirchen <210>,"Wien 8.Bezirk, Josefstadt <908>",-
Feldkirchen <210>,"Wien 9.Bezirk, Alsergrund <909>",1
Feldkirchen <210>,"Wien 10.Bezirk, Favoriten <910>",2
Feldkirchen <210>,"Wien 11.Bezirk, Simmering <911>",3
Feldkirchen <210>,"Wien 12.Bezirk, Meidling <912>",2
Feldkirchen <210>,"Wien 13.Bezirk, Hietzing <913>",3
Feldkirchen <210>,"Wien 14.Bezirk, Penzing <914>",3
Feldkirchen <210>,"Wien 15.Bezirk, Rudolfsheim-Fünfhaus <915>",2
Feldkirchen <210>,"Wien 16.Bezirk, Ottakring <916>",4
Feldkirchen <210>,"Wien 17.Bezirk, Hernals <917>",-
Feldkirchen <210>,"Wien 18.Bezirk, Währing <918>",-
Feldkirchen <210>,"Wien 19.Bezirk, Döbling <919>",6
Feldkirchen <210>,"Wien 20.Bezirk, Brigittenau <920>",7
Feldkirchen <210>,"Wien 21.Bezirk, Floridsdorf <921>",7
Feldkirchen <210>,"Wien 22.Bezirk, Donaustadt <922>",2
Feldkirchen <210>,"Wien 23.Bezirk, Liesing <923>",4
Hermagor <203>,Graz (Stadt) <601>,20
Hermagor <203>,Bruck an der Mur ^<602>,-
Hermagor <203>,Bruck-Mürzzuschlag <621>,-
Hermagor <203>,Deutschlandsberg <603>,-
Hermagor <203>,Feldbach ^<604>,-
Hermagor <203>,Fürstenfeld ^<605>,-
Hermagor <203>,Graz Umgebung <606>,1
Hermagor <203>,Hartberg ^<607>,-
Hermagor <203>,Hartberg-Fürstenfeld <622>,-
Hermagor <203>,Judenburg ^<608>,-
Hermagor <203>,Knittelfeld ^<609>,-
Hermagor <203>,Leibnitz <610>,-
Hermagor <203>,Leoben <611>,-
Hermagor <203>,Liezen <612>,2
Hermagor <203>,Murtal <620>,2
Hermagor <203>,Mürzzuschlag ^<613>,-
Hermagor <203>,Murau <614>,-
Hermagor <203>,Radkersburg ^<615>,-
Hermagor <203>,Südoststeiermark <623>,1
Hermagor <203>,Voitsberg <616>,-
Hermagor <203>,Weiz <617>,-
Hermagor <203>,Innsbruck (Stadt) <701>,3
Hermagor <203>,Imst <702>,-
Hermagor <203>,Innsbruck Land <703>,2
Hermagor <203>,Kitzbühel <704>,2
Hermagor <203>,Kufstein <705>,3
Hermagor <203>,Landeck <706>,-
Hermagor <203>,Lienz <707>,11
Hermagor <203>,Reutte <708>,-
Hermagor <203>,Schwaz <709>,1
Hermagor <203>,Bludenz <801>,2
Hermagor <203>,Bregenz <802>,3
Hermagor <203>,Dornbirn <803>,1
Hermagor <203>,Feldkirch <804>,1
Hermagor <203>,"Wien 1.Bezirk, Innere Stadt <901>",-
Hermagor <203>,"Wien 2.Bezirk, Leopoldstadt <902>",-
Hermagor <203>,"Wien 3.Bezirk, Landstraße <903>",-
Hermagor <203>,"Wien 4.Bezirk, Wieden <904>",-
Hermagor <203>,"Wien 5.Bezirk, Margareten <905>",-
Hermagor <203>,"Wien 6.Bezirk, Mariahilf <906>",-
Hermagor <203>,"Wien 7.Bezirk, Neubau <907>",1
Hermagor <203>,"Wien 8.Bezirk, Josefstadt <908>",2
Hermagor <203>,"Wien 9.Bezirk, Alsergrund <909>",1
Hermagor <203>,"Wien 10.Bezirk, Favoriten <910>",-
Hermagor <203>,"Wien 11.Bezirk, Simmering <911>",-
Hermagor <203>,"Wien 12.Bezirk, Meidling <912>",3
Hermagor <203>,"Wien 13.Bezirk, Hietzing <913>",1
Hermagor <203>,"Wien 14.Bezirk, Penzing <914>",1
Hermagor <203>,"Wien 15.Bezirk, Rudolfsheim-Fünfhaus <915>",1
Hermagor <203>,"Wien 16.Bezirk, Ottakring <916>",2
Hermagor <203>,"Wien 17.Bezirk, Hernals <917>",2
Hermagor <203>,"Wien 18.Bezirk, Währing <918>",1
Hermagor <203>,"Wien 19.Bezirk, Döbling <919>",2
Hermagor <203>,"Wien 20.Bezirk, Brigittenau <920>",3
Hermagor <203>,"Wien 21.Bezirk, Floridsdorf <921>",2
Hermagor <203>,"Wien 22.Bezirk, Donaustadt <922>",3
Hermagor <203>,"Wien 23.Bezirk, Liesing <923>",-
Klagenfurt Land <204>,Graz (Stadt) <601>,67
Klagenfurt Land <204>,Bruck an der Mur ^<602>,-
Klagenfurt Land <204>,Bruck-Mürzzuschlag <621>,5
Klagenfurt Land <204>,Deutschlandsberg <603>,2
Klagenfurt Land <204>,Feldbach ^<604>,-
Klagenfurt Land <204>,Fürstenfeld ^<605>,-
Klagenfurt Land <204>,Graz Umgebung <606>,11
Klagenfurt Land <204>,Hartberg ^<607>,-
Klagenfurt Land <204>,Hartberg-Fürstenfeld <622>,3
Klagenfurt Land <204>,Judenburg ^<608>,-
Klagenfurt Land <204>,Knittelfeld ^<609>,-
Klagenfurt Land <204>,Leibnitz <610>,3
Klagenfurt Land <204>,Leoben <611>,3
Klagenfurt Land <204>,Liezen <612>,12
Klagenfurt Land <204>,Murtal <620>,10
Klagenfurt Land <204>,Mürzzuschlag ^<613>,-
Klagenfurt Land <204>,Murau <614>,3
Klagenfurt Land <204>,Radkersburg ^<615>,-
Klagenfurt Land <204>,Südoststeiermark <623>,2
Klagenfurt Land <204>,Voitsberg <616>,3
Klagenfurt Land <204>,Weiz <617>,8
Klagenfurt Land <204>,Innsbruck (Stadt) <701>,7
Klagenfurt Land <204>,Imst <702>,2
Klagenfurt Land <204>,Innsbruck Land <703>,4
Klagenfurt Land <204>,Kitzbühel <704>,6
Klagenfurt Land <204>,Kufstein <705>,-
Klagenfurt Land <204>,Landeck <706>,1
Klagenfurt Land <204>,Lienz <707>,2
Klagenfurt Land <204>,Reutte <708>,2
Klagenfurt Land <204>,Schwaz <709>,2
Klagenfurt Land <204>,Bludenz <801>,2
Klagenfurt Land <204>,Bregenz <802>,2
Klagenfurt Land <204>,Dornbirn <803>,4
Klagenfurt Land <204>,Feldkirch <804>,1
Klagenfurt Land <204>,"Wien 1.Bezirk, Innere Stadt <901>",4
Klagenfurt Land <204>,"Wien 2.Bezirk, Leopoldstadt <902>",5
Klagenfurt Land <204>,"Wien 3.Bezirk, Landstraße <903>",11
Klagenfurt Land <204>,"Wien 4.Bezirk, Wieden <904>",2
Klagenfurt Land <204>,"Wien 5.Bezirk, Margareten <905>",5
Klagenfurt Land <204>,"Wien 6.Bezirk, Mariahilf <906>",4
Klagenfurt Land <204>,"Wien 7.Bezirk, Neubau <907>",2
Klagenfurt Land <204>,"Wien 8.Bezirk, Josefstadt <908>",1
Klagenfurt Land <204>,"Wien 9.Bezirk, Alsergrund <909>",4
Klagenfurt Land <204>,"Wien 10.Bezirk, Favoriten <910>",25
Klagenfurt Land <204>,"Wien 11.Bezirk, Simmering <911>",1
Klagenfurt Land <204>,"Wien 12.Bezirk, Meidling <912>",7
Klagenfurt Land <204>,"Wien 13.Bezirk, Hietzing <913>",5
Klagenfurt Land <204>,"Wien 14.Bezirk, Penzing <914>",7
Klagenfurt Land <204>,"Wien 15.Bezirk, Rudolfsheim-Fünfhaus <915>",7
Klagenfurt Land <204>,"Wien 16.Bezirk, Ottakring <916>",7
Klagenfurt Land <204>,"Wien 17.Bezirk, Hernals <917>",2
Klagenfurt Land <204>,"Wien 18.Bezirk, Währing <918>",3
Klagenfurt Land <204>,"Wien 19.Bezirk, Döbling <919>",11
Klagenfurt Land <204>,"Wien 20.Bezirk, Brigittenau <920>",3
Klagenfurt Land <204>,"Wien 21.Bezirk, Floridsdorf <921>",5
Klagenfurt Land <204>,"Wien 22.Bezirk, Donaustadt <922>",12
Klagenfurt Land <204>,"Wien 23.Bezirk, Liesing <923>",1
Sankt Veit an der Glan <205>,Graz (Stadt) <601>,54
Sankt Veit an der Glan <205>,Bruck an der Mur ^<602>,-
Sankt Veit an der Glan <205>,Bruck-Mürzzuschlag <621>,7
Sankt Veit an der Glan <205>,Deutschlandsberg <603>,11
Sankt Veit an der Glan <205>,Feldbach ^<604>,-
Sankt Veit an der Glan <205>,Fürstenfeld ^<605>,-
Sankt Veit an der Glan <205>,Graz Umgebung <606>,14
Sankt Veit an der Glan <205>,Hartberg ^<607>,-
Sankt Veit an der Glan <205>,Hartberg-Fürstenfeld <622>,6
Sankt Veit an der Glan <205>,Judenburg ^<608>,-
Sankt Veit an der Glan <205>,Knittelfeld ^<609>,-
Sankt Veit an der Glan <205>,Leibnitz <610>,5
Sankt Veit an der Glan <205>,Leoben <611>,10
Sankt Veit an der Glan <205>,Liezen <612>,5
Sankt Veit an der Glan <205>,Murtal <620>,18
Sankt Veit an der Glan <205>,Mürzzuschlag ^<613>,-
Sankt Veit an der Glan <205>,Murau <614>,40
Sankt Veit an der Glan <205>,Radkersburg ^<615>,-
Sankt Veit an der Glan <205>,Südoststeiermark <623>,3
Sankt Veit an der Glan <205>,Voitsberg <616>,3
Sankt Veit an der Glan <205>,Weiz <617>,-
Sankt Veit an der Glan <205>,Innsbruck (Stadt) <701>,5
Sankt Veit an der Glan <205>,Imst <702>,-
Sankt Veit an der Glan <205>,Innsbruck Land <703>,4
Sankt Veit an der Glan <205>,Kitzbühel <704>,4
Sankt Veit an der Glan <205>,Kufstein <705>,7
Sankt Veit an der Glan <205>,Landeck <706>,-
Sankt Veit an der Glan <205>,Lienz <707>,2
Sankt Veit an der Glan <205>,Reutte <708>,-
Sankt Veit an der Glan <205>,Schwaz <709>,2
Sankt Veit an der Glan <205>,Bludenz <801>,1
Sankt Veit an der Glan <205>,Bregenz <802>,1
Sankt Veit an der Glan <205>,Dornbirn <803>,2
Sankt Veit an der Glan <205>,Feldkirch <804>,-
Sankt Veit an der Glan <205>,"Wien 1.Bezirk, Innere Stadt <901>",-
Sankt Veit an der Glan <205>,"Wien 2.Bezirk, Leopoldstadt <902>",6
Sankt Veit an der Glan <205>,"Wien 3.Bezirk, Landstraße <903>",5
Sankt Veit an der Glan <205>,"Wien 4.Bezirk, Wieden <904>",6
Sankt Veit an der Glan <205>,"Wien 5.Bezirk, Margareten <905>",4
Sankt Veit an der Glan <205>,"Wien 6.Bezirk, Mariahilf <906>",2
Sankt Veit an der Glan <205>,"Wien 7.Bezirk, Neubau <907>",-
Sankt Veit an der Glan <205>,"Wien 8.Bezirk, Josefstadt <908>",-
Sankt Veit an der Glan <205>,"Wien 9.Bezirk, Alsergrund <909>",5
Sankt Veit an der Glan <205>,"Wien 10.Bezirk, Favoriten <910>",4
Sankt Veit an der Glan <205>,"Wien 11.Bezirk, Simmering <911>",7
Sankt Veit an der Glan <205>,"Wien 12.Bezirk, Meidling <912>",4
Sankt Veit an der Glan <205>,"Wien 13.Bezirk, Hietzing <913>",2
Sankt Veit an der Glan <205>,"Wien 14.Bezirk, Penzing <914>",5
Sankt Veit an der Glan <205>,"Wien 15.Bezirk, Rudolfsheim-Fünfhaus <915>",6
Sankt Veit an der Glan <205>,"Wien 16.Bezirk, Ottakring <916>",4
Sankt Veit an der Glan <205>,"Wien 17.Bezirk, Hernals <917>",1
Sankt Veit an der Glan <205>,"Wien 18.Bezirk, Währing <918>",5
Sankt Veit an der Glan <205>,"Wien 19.Bezirk, Döbling <919>",6
Sankt Veit an der Glan <205>,"Wien 20.Bezirk, Brigittenau <920>",1
Sankt Veit an der Glan <205>,"Wien 21.Bezirk, Floridsdorf <921>",7
Sankt Veit an der Glan <205>,"Wien 22.Bezirk, Donaustadt <922>",3
Sankt Veit an der Glan <205>,"Wien 23.Bezirk, Liesing <923>",1
Spittal an der Drau <206>,Graz (Stadt) <601>,67
Spittal an der Drau <206>,Bruck an der Mur ^<602>,-
Spittal an der Drau <206>,Bruck-Mürzzuschlag <621>,7
Spittal an der Drau <206>,Deutschlandsberg <603>,2
Spittal an der Drau <206>,Feldbach ^<604>,-
Spittal an der Drau <206>,Fürstenfeld ^<605>,-
Spittal an der Drau <206>,Graz Umgebung <606>,12
Spittal an der Drau <206>,Hartberg ^<607>,-
Spittal an der Drau <206>,Hartberg-Fürstenfeld <622>,6
Spittal an der Drau <206>,Judenburg ^<608>,-
Spittal an der Drau <206>,Knittelfeld ^<609>,-
Spittal an der Drau <206>,Leibnitz <610>,3
Spittal an der Drau <206>,Leoben <611>,2
Spittal an der Drau <206>,Liezen <612>,5
Spittal an der Drau <206>,Murtal <620>,3
Spittal an der Drau <206>,Mürzzuschlag ^<613>,-
Spittal an der Drau <206>,Murau <614>,8
Spittal an der Drau <206>,Radkersburg ^<615>,-
Spittal an der Drau <206>,Südoststeiermark <623>,3
Spittal an der Drau <206>,Voitsberg <616>,4
Spittal an der Drau <206>,Weiz <617>,2
Spittal an der Drau <206>,Innsbruck (Stadt) <701>,11
Spittal an der Drau <206>,Imst <702>,1
Spittal an der Drau <206>,Innsbruck Land <703>,5
Spittal an der Drau <206>,Kitzbühel <704>,15
Spittal an der Drau <206>,Kufstein <705>,16
Spittal an der Drau <206>,Landeck <706>,2
Spittal an der Drau <206>,Lienz <707>,89
Spittal an der Drau <206>,Reutte <708>,2
Spittal an der Drau <206>,Schwaz <709>,3
Spittal an der Drau <206>,Bludenz <801>,3
Spittal an der Drau <206>,Bregenz <802>,9
Spittal an der Drau <206>,Dornbirn <803>,-
Spittal an der Drau <206>,Feldkirch <804>,2
Spittal an der Drau <206>,"Wien 1.Bezirk, Innere Stadt <901>",1
Spittal an der Drau <206>,"Wien 2.Bezirk, Leopoldstadt <902>",9
Spittal an der Drau <206>,"Wien 3.Bezirk, Landstraße <903>",17
Spittal an der Drau <206>,"Wien 4.Bezirk, Wieden <904>",6
Spittal an der Drau <206>,"Wien 5.Bezirk, Margareten <905>",4
Spittal an der Drau <206>,"Wien 6.Bezirk, Mariahilf <906>",-
Spittal an der Drau <206>,"Wien 7.Bezirk, Neubau <907>",4
Spittal an der Drau <206>,"Wien 8.Bezirk, Josefstadt <908>",4
Spittal an der Drau <206>,"Wien 9.Bezirk, Alsergrund <909>",2
Spittal an der Drau <206>,"Wien 10.Bezirk, Favoriten <910>",26
Spittal an der Drau <206>,"Wien 11.Bezirk, Simmering <911>",5
Spittal an der Drau <206>,"Wien 12.Bezirk, Meidling <912>",16
Spittal an der Drau <206>,"Wien 13.Bezirk, Hietzing <913>",7
Spittal an der Drau <206>,"Wien 14.Bezirk, Penzing <914>",12
Spittal an der Drau <206>,"Wien 15.Bezirk, Rudolfsheim-Fünfhaus <915>",7
Spittal an der Drau <206>,"Wien 16.Bezirk, Ottakring <916>",18
Spittal an der Drau <206>,"Wien 17.Bezirk, Hernals <917>",6
Spittal an der Drau <206>,"Wien 18.Bezirk, Währing <918>",4
Spittal an der Drau <206>,"Wien 19.Bezirk, Döbling <919>",2
Spittal an der Drau <206>,"Wien 20.Bezirk, Brigittenau <920>",8
Spittal an der Drau <206>,"Wien 21.Bezirk, Floridsdorf <921>",4
Spittal an der Drau <206>,"Wien 22.Bezirk, Donaustadt <922>",6
Spittal an der Drau <206>,"Wien 23.Bezirk, Liesing <923>",5
Villach Land <207>,Graz (Stadt) <601>,82
Villach Land <207>,Bruck an der Mur ^<602>,-
Villach Land <207>,Bruck-Mürzzuschlag <621>,3
Villach Land <207>,Deutschlandsberg <603>,6
Villach Land <207>,Feldbach ^<604>,-
Villach Land <207>,Fürstenfeld ^<605>,-
Villach Land <207>,Graz Umgebung <606>,10
Villach Land <207>,Hartberg ^<607>,-
Villach Land <207>,Hartberg-Fürstenfeld <622>,4
Villach Land <207>,Judenburg ^<608>,-
Villach Land <207>,Knittelfeld ^<609>,-
Villach Land <207>,Leibnitz <610>,5
Villach Land <207>,Leoben <611>,8
Villach Land <207>,Liezen <612>,2
Villach Land <207>,Murtal <620>,7
Villach Land <207>,Mürzzuschlag ^<613>,-
Villach Land <207>,Murau <614>,4
Villach Land <207>,Radkersburg ^<615>,-
Villach Land <207>,Südoststeiermark <623>,2
Villach Land <207>,Voitsberg <616>,8
Villach Land <207>,Weiz <617>,4
Villach Land <207>,Innsbruck (Stadt) <701>,12
Villach Land <207>,Imst <702>,1
Villach Land <207>,Innsbruck Land <703>,5
Villach Land <207>,Kitzbühel <704>,11
Villach Land <207>,Kufstein <705>,6
Villach Land <207>,Landeck <706>,4
Villach Land <207>,Lienz <707>,7
Villach Land <207>,Reutte <708>,-
Villach Land <207>,Schwaz <709>,3
Villach Land <207>,Bludenz <801>,2
Villach Land <207>,Bregenz <802>,6
Villach Land <207>,Dornbirn <803>,-
Villach Land <207>,Feldkirch <804>,7
Villach Land <207>,"Wien 1.Bezirk, Innere Stadt <901>",3
Villach Land <207>,"Wien 2.Bezirk, Leopoldstadt <902>",9
Villach Land <207>,"Wien 3.Bezirk, Landstraße <903>",19
Villach Land <207>,"Wien 4.Bezirk, Wieden <904>",2
Villach Land <207>,"Wien 5.Bezirk, Margareten <905>",6
Villach Land <207>,"Wien 6.Bezirk, Mariahilf <906>",2
Villach Land <207>,"Wien 7.Bezirk, Neubau <907>",9
Villach Land <207>,"Wien 8.Bezirk, Josefstadt <908>",1
Villach Land <207>,"Wien 9.Bezirk, Alsergrund <909>",8
Villach Land <207>,"Wien 10.Bezirk, Favoriten <910>",20
Villach Land <207>,"Wien 11.Bezirk, Simmering <911>",2
Villach Land <207>,"Wien 12.Bezirk, Meidling <912>",13
Villach Land <207>,"Wien 13.Bezirk, Hietzing <913>",3
Villach Land <207>,"Wien 14.Bezirk, Penzing <914>",6
Villach Land <207>,"Wien 15.Bezirk, Rudolfsheim-Fünfhaus <915>",6
Villach Land <207>,"Wien 16.Bezirk, Ottakring <916>",24
Villach Land <207>,"Wien 17.Bezirk, Hernals <917>",9
Villach Land <207>,"Wien 18.Bezirk, Währing <918>",5
Villach Land <207>,"Wien 19.Bezirk, Döbling <919>",5
Villach Land <207>,"Wien 20.Bezirk, Brigittenau <920>",7
Villach Land <207>,"Wien 21.Bezirk, Floridsdorf <921>",15
Villach Land <207>,"Wien 22.Bezirk, Donaustadt <922>",11
Villach Land <207>,"Wien 23.Bezirk, Liesing <923>",3
Völkermarkt <208>,Graz (Stadt) <601>,63
Völkermarkt <208>,Bruck an der Mur ^<602>,-
Völkermarkt <208>,Bruck-Mürzzuschlag <621>,12
Völkermarkt <208>,Deutschlandsberg <603>,10
Völkermarkt <208>,Feldbach ^<604>,-
Völkermarkt <208>,Fürstenfeld ^<605>,-
Völkermarkt <208>,Graz Umgebung <606>,13
Völkermarkt <208>,Hartberg ^<607>,-
Völkermarkt <208>,Hartberg-Fürstenfeld <622>,2
Völkermarkt <208>,Judenburg ^<608>,-
Völkermarkt <208>,Knittelfeld ^<609>,-
Völkermarkt <208>,Leibnitz <610>,6
Völkermarkt <208>,Leoben <611>,2
Völkermarkt <208>,Liezen <612>,4
Völkermarkt <208>,Murtal <620>,4
Völkermarkt <208>,Mürzzuschlag ^<613>,-
Völkermarkt <208>,Murau <614>,9
Völkermarkt <208>,Radkersburg ^<615>,-
Völkermarkt <208>,Südoststeiermark <623>,2
Völkermarkt <208>,Voitsberg <616>,9
Völkermarkt <208>,Weiz <617>,3
Völkermarkt <208>,Innsbruck (Stadt) <701>,7
Völkermarkt <208>,Imst <702>,3
Völkermarkt <208>,Innsbruck Land <703>,-
Völkermarkt <208>,Kitzbühel <704>,2
Völkermarkt <208>,Kufstein <705>,6
Völkermarkt <208>,Landeck <706>,-
Völkermarkt <208>,Lienz <707>,1
Völkermarkt <208>,Reutte <708>,1
Völkermarkt <208>,Schwaz <709>,1
Völkermarkt <208>,Bludenz <801>,1
Völkermarkt <208>,Bregenz <802>,1
Völkermarkt <208>,Dornbirn <803>,-
Völkermarkt <208>,Feldkirch <804>,1
Völkermarkt <208>,"Wien 1.Bezirk, Innere Stadt <901>",1
Völkermarkt <208>,"Wien 2.Bezirk, Leopoldstadt <902>",8
Völkermarkt <208>,"Wien 3.Bezirk, Landstraße <903>",5
Völkermarkt <208>,"Wien 4.Bezirk, Wieden <904>",2
Völkermarkt <208>,"Wien 5.Bezirk, Margareten <905>",5
Völkermarkt <208>,"Wien 6.Bezirk, Mariahilf <906>",-
Völkermarkt <208>,"Wien 7.Bezirk, Neubau <907>",1
Völkermarkt <208>,"Wien 8.Bezirk, Josefstadt <908>",3
Völkermarkt <208>,"Wien 9.Bezirk, Alsergrund <909>",2
Völkermarkt <208>,"Wien 10.Bezirk, Favoriten <910>",12
Völkermarkt <208>,"Wien 11.Bezirk, Simmering <911>",5
Völkermarkt <208>,"Wien 12.Bezirk, Meidling <912>",7
Völkermarkt <208>,"Wien 13.Bezirk, Hietzing <913>",1
Völkermarkt <208>,"Wien 14.Bezirk, Penzing <914>",5
Völkermarkt <208>,"Wien 15.Bezirk, Rudolfsheim-Fünfhaus <915>",3
Völkermarkt <208>,"Wien 16.Bezirk, Ottakring <916>",8
Völkermarkt <208>,"Wien 17.Bezirk, Hernals <917>",6
Völkermarkt <208>,"Wien 18.Bezirk, Währing <918>",1
Völkermarkt <208>,"Wien 19.Bezirk, Döbling <919>",2
Völkermarkt <208>,"Wien 20.Bezirk, Brigittenau <920>",5
Völkermarkt <208>,"Wien 21.Bezirk, Floridsdorf <921>",12
Völkermarkt <208>,"Wien 22.Bezirk, Donaustadt <922>",2
Völkermarkt <208>,"Wien 23.Bezirk, Liesing <923>",1
Wolfsberg <209>,Graz (Stadt) <601>,123
Wolfsberg <209>,Bruck an der Mur ^<602>,-
Wolfsberg <209>,Bruck-Mürzzuschlag <621>,8
Wolfsberg <209>,Deutschlandsberg <603>,13
Wolfsberg <209>,Feldbach ^<604>,-
Wolfsberg <209>,Fürstenfeld ^<605>,-
Wolfsberg <209>,Graz Umgebung <606>,26
Wolfsberg <209>,Hartberg ^<607>,-
Wolfsberg <209>,Hartberg-Fürstenfeld <622>,3
Wolfsberg <209>,Judenburg ^<608>,-
Wolfsberg <209>,Knittelfeld ^<609>,-
Wolfsberg <209>,Leibnitz <610>,14
Wolfsberg <209>,Leoben <611>,10
Wolfsberg <209>,Liezen <612>,6
Wolfsberg <209>,Murtal <620>,48
Wolfsberg <209>,Mürzzuschlag ^<613>,-
Wolfsberg <209>,Murau <614>,2
Wolfsberg <209>,Radkersburg ^<615>,-
Wolfsberg <209>,Südoststeiermark <623>,13
Wolfsberg <209>,Voitsberg <616>,10
Wolfsberg <209>,Weiz <617>,4
Wolfsberg <209>,Innsbruck (Stadt) <701>,1
Wolfsberg <209>,Imst <702>,1
Wolfsberg <209>,Innsbruck Land <703>,1
Wolfsberg <209>,Kitzbühel <704>,2
Wolfsberg <209>,Kufstein <705>,-
Wolfsberg <209>,Landeck <706>,2
Wolfsberg <209>,Lienz <707>,2
Wolfsberg <209>,Reutte <708>,-
Wolfsberg <209>,Schwaz <709>,4
Wolfsberg <209>,Bludenz <801>,4
Wolfsberg <209>,Bregenz <802>,2
Wolfsberg <209>,Dornbirn <803>,1
Wolfsberg <209>,Feldkirch <804>,-
Wolfsberg <209>,"Wien 1.Bezirk, Innere Stadt <901>",2
Wolfsberg <209>,"Wien 2.Bezirk, Leopoldstadt <902>",9
Wolfsberg <209>,"Wien 3.Bezirk, Landstraße <903>",6
Wolfsberg <209>,"Wien 4.Bezirk, Wieden <904>",-
Wolfsberg <209>,"Wien 5.Bezirk, Margareten <905>",2
Wolfsberg <209>,"Wien 6.Bezirk, Mariahilf <906>",4
Wolfsberg <209>,"Wien 7.Bezirk, Neubau <907>",3
Wolfsberg <209>,"Wien 8.Bezirk, Josefstadt <908>",2
Wolfsberg <209>,"Wien 9.Bezirk, Alsergrund <909>",3
Wolfsberg <209>,"Wien 10.Bezirk, Favoriten <910>",14
Wolfsberg <209>,"Wien 11.Bezirk, Simmering <911>",6
Wolfsberg <209>,"Wien 12.Bezirk, Meidling <912>",2
Wolfsberg <209>,"Wien 13.Bezirk, Hietzing <913>",3
Wolfsberg <209>,"Wien 14.Bezirk, Penzing <914>",5
Wolfsberg <209>,"Wien 15.Bezirk, Rudolfsheim-Fünfhaus <915>",6
Wolfsberg <209>,"Wien 16.Bezirk, Ottakring <916>",4
Wolfsberg <209>,"Wien 17.Bezirk, Hernals <917>",5
Wolfsberg <209>,"Wien 18.Bezirk, Währing <918>",2
Wolfsberg <209>,"Wien 19.Bezirk, Döbling <919>",2
Wolfsberg <209>,"Wien 20.Bezirk, Brigittenau <920>",7
Wolfsberg <209>,"Wien 21.Bezirk, Floridsdorf <921>",3
Wolfsberg <209>,"Wien 22.Bezirk, Donaustadt <922>",6
Wolfsberg <209>,"Wien 23.Bezirk, Liesing <923>",7
Krems an der Donau (Stadt) <301>,Graz (Stadt) <601>,24
Krems an der Donau (Stadt) <301>,Bruck an der Mur ^<602>,-
Krems an der Donau (Stadt) <301>,Bruck-Mürzzuschlag <621>,2
Krems an der Donau (Stadt) <301>,Deutschlandsberg <603>,-
Krems an der Donau (Stadt) <301>,Feldbach ^<604>,-
Krems an der Donau (Stadt) <301>,Fürstenfeld ^<605>,-
Krems an der Donau (Stadt) <301>,Graz Umgebung <606>,2
Krems an der Donau (Stadt) <301>,Hartberg ^<607>,-
Krems an der Donau (Stadt) <301>,Hartberg-Fürstenfeld <622>,2
Krems an der Donau (Stadt) <301>,Judenburg ^<608>,-
Krems an der Donau (Stadt) <301>,Knittelfeld ^<609>,-
Krems an der Donau (Stadt) <301>,Leibnitz <610>,-
Krems an der Donau (Stadt) <301>,Leoben <611>,8
Krems an der Donau (Stadt) <301>,Liezen <612>,5
Krems an der Donau (Stadt) <301>,Murtal <620>,1
Krems an der Donau (Stadt) <301>,Mürzzuschlag ^<613>,-
Krems an der Donau (Stadt) <301>,Murau <614>,-
Krems an der Donau (Stadt) <301>,Radkersburg ^<615>,-
Krems an der Donau (Stadt) <301>,Südoststeiermark <623>,-
Krems an der Donau (Stadt) <301>,Voitsberg <616>,1
Krems an der Donau (Stadt) <301>,Weiz <617>,2
Krems an der Donau (Stadt) <301>,Innsbruck (Stadt) <701>,8
Krems an der Donau (Stadt) <301>,Imst <702>,-
Krems an der Donau (Stadt) <301>,Innsbruck Land <703>,-
Krems an der Donau (Stadt) <301>,Kitzbühel <704>,1
Krems an der Donau (Stadt) <301>,Kufstein <705>,2
Krems an der Donau (Stadt) <301>,Landeck <706>,-
Krems an der Donau (Stadt) <301>,Lienz <707>,-
Krems an der Donau (Stadt) <301>,Reutte <708>,1
Krems an der Donau (Stadt) <301>,Schwaz <709>,2
Krems an der Donau (Stadt) <301>,Bludenz <801>,1
Krems an der Donau (Stadt) <301>,Bregenz <802>,5
Krems an der Donau (Stadt) <301>,Dornbirn <803>,2
Krems an der Donau (Stadt) <301>,Feldkirch <804>,4
Krems an der Donau (Stadt) <301>,"Wien 1.Bezirk, Innere Stadt <901>",5
Krems an der Donau (Stadt) <301>,"Wien 2.Bezirk, Leopoldstadt <902>",15
Krems an der Donau (Stadt) <301>,"Wien 3.Bezirk, Landstraße <903>",28
Krems an der Donau (Stadt) <301>,"Wien 4.Bezirk, Wieden <904>",6
Krems an der Donau (Stadt) <301>,"Wien 5.Bezirk, Margareten <905>",12
Krems an der Donau (Stadt) <301>,"Wien 6.Bezirk, Mariahilf <906>",11
Krems an der Donau (Stadt) <301>,"Wien 7.Bezirk, Neubau <907>",1
Krems an der Donau (Stadt) <301>,"Wien 8.Bezirk, Josefstadt <908>",14
Krems an der Donau (Stadt) <301>,"Wien 9.Bezirk, Alsergrund <909>",41
Krems an der Donau (Stadt) <301>,"Wien 10.Bezirk, Favoriten <910>",24
Krems an der Donau (Stadt) <301>,"Wien 11.Bezirk, Simmering <911>",11
Krems an der Donau (Stadt) <301>,"Wien 12.Bezirk, Meidling <912>",21
Krems an der Donau (Stadt) <301>,"Wien 13.Bezirk, Hietzing <913>",2
Krems an der Donau (Stadt) <301>,"Wien 14.Bezirk, Penzing <914>",14
Krems an der Donau (Stadt) <301>,"Wien 15.Bezirk, Rudolfsheim-Fünfhaus <915>",13
Krems an der Donau (Stadt) <301>,"Wien 16.Bezirk, Ottakring <916>",15
Krems an der Donau (Stadt) <301>,"Wien 17.Bezirk, Hernals <917>",14
Krems an der Donau (Stadt) <301>,"Wien 18.Bezirk, Währing <918>",8
Krems an der Donau (Stadt) <301>,"Wien 19.Bezirk, Döbling <919>",8
Krems an der Donau (Stadt) <301>,"Wien 20.Bezirk, Brigittenau <920>",15
Krems an der Donau (Stadt) <301>,"Wien 21.Bezirk, Floridsdorf <921>",19
Krems an der Donau (Stadt) <301>,"Wien 22.Bezirk, Donaustadt <922>",40
Krems an der Donau (Stadt) <301>,"Wien 23.Bezirk, Liesing <923>",9
Sankt Pölten (Stadt) <302>,Graz (Stadt) <601>,40
Sankt Pölten (Stadt) <302>,Bruck an der Mur ^<602>,-
Sankt Pölten (Stadt) <302>,Bruck-Mürzzuschlag <621>,6
Sankt Pölten (Stadt) <302>,Deutschlandsberg <603>,2
Sankt Pölten (Stadt) <302>,Feldbach ^<604>,-
Sankt Pölten (Stadt) <302>,Fürstenfeld ^<605>,-
Sankt Pölten (Stadt) <302>,Graz Umgebung <606>,11
Sankt Pölten (Stadt) <302>,Hartberg ^<607>,-
Sankt Pölten (Stadt) <302>,Hartberg-Fürstenfeld <622>,1
Sankt Pölten (Stadt) <302>,Judenburg ^<608>,-
Sankt Pölten (Stadt) <302>,Knittelfeld ^<609>,-
Sankt Pölten (Stadt) <302>,Leibnitz <610>,1
Sankt Pölten (Stadt) <302>,Leoben <611>,8
Sankt Pölten (Stadt) <302>,Liezen <612>,5
Sankt Pölten (Stadt) <302>,Murtal <620>,3
Sankt Pölten (Stadt) <302>,Mürzzuschlag ^<613>,-
Sankt Pölten (Stadt) <302>,Murau <614>,1
Sankt Pölten (Stadt) <302>,Radkersburg ^<615>,-
Sankt Pölten (Stadt) <302>,Südoststeiermark <623>,-
Sankt Pölten (Stadt) <302>,Voitsberg <616>,-
Sankt Pölten (Stadt) <302>,Weiz <617>,3
Sankt Pölten (Stadt) <302>,Innsbruck (Stadt) <701>,8
Sankt Pölten (Stadt) <302>,Imst <702>,9
Sankt Pölten (Stadt) <302>,Innsbruck Land <703>,2
Sankt Pölten (Stadt) <302>,Kitzbühel <704>,2
Sankt Pölten (Stadt) <302>,Kufstein <705>,4
Sankt Pölten (Stadt) <302>,Landeck <706>,2
Sankt Pölten (Stadt) <302>,Lienz <707>,-
Sankt Pölten (Stadt) <302>,Reutte <708>,-
Sankt Pölten (Stadt) <302>,Schwaz <709>,3
Sankt Pölten (Stadt) <302>,Bludenz <801>,6
Sankt Pölten (Stadt) <302>,Bregenz <802>,8
Sankt Pölten (Stadt) <302>,Dornbirn <803>,10
Sankt Pölten (Stadt) <302>,Feldkirch <804>,1
Sankt Pölten (Stadt) <302>,"Wien 1.Bezirk, Innere Stadt <901>",4
Sankt Pölten (Stadt) <302>,"Wien 2.Bezirk, Leopoldstadt <902>",33
Sankt Pölten (Stadt) <302>,"Wien 3.Bezirk, Landstraße <903>",33
Sankt Pölten (Stadt) <302>,"Wien 4.Bezirk, Wieden <904>",10
Sankt Pölten (Stadt) <302>,"Wien 5.Bezirk, Margareten <905>",17
Sankt Pölten (Stadt) <302>,"Wien 6.Bezirk, Mariahilf <906>",12
Sankt Pölten (Stadt) <302>,"Wien 7.Bezirk, Neubau <907>",17
Sankt Pölten (Stadt) <302>,"Wien 8.Bezirk, Josefstadt <908>",23
Sankt Pölten (Stadt) <302>,"Wien 9.Bezirk, Alsergrund <909>",8
Sankt Pölten (Stadt) <302>,"Wien 10.Bezirk, Favoriten <910>",111
Sankt Pölten (Stadt) <302>,"Wien 11.Bezirk, Simmering <911>",24
Sankt Pölten (Stadt) <302>,"Wien 12.Bezirk, Meidling <912>",56
Sankt Pölten (Stadt) <302>,"Wien 13.Bezirk, Hietzing <913>",20
Sankt Pölten (Stadt) <302>,"Wien 14.Bezirk, Penzing <914>",36
Sankt Pölten (Stadt) <302>,"Wien 15.Bezirk, Rudolfsheim-Fünfhaus <915>",39
Sankt Pölten (Stadt) <302>,"Wien 16.Bezirk, Ottakring <916>",33
Sankt Pölten (Stadt) <302>,"Wien 17.Bezirk, Hernals <917>",24
Sankt Pölten (Stadt) <302>,"Wien 18.Bezirk, Währing <918>",6
Sankt Pölten (Stadt) <302>,"Wien 19.Bezirk, Döbling <919>",14
Sankt Pölten (Stadt) <302>,"Wien 20.Bezirk, Brigittenau <920>",30
Sankt Pölten (Stadt) <302>,"Wien 21.Bezirk, Floridsdorf <921>",40
Sankt Pölten (Stadt) <302>,"Wien 22.Bezirk, Donaustadt <922>",49
Sankt Pölten (Stadt) <302>,"Wien 23.Bezirk, Liesing <923>",19
Waidhofen an der Ybbs (Stadt) <303>,Graz (Stadt) <601>,1
Waidhofen an der Ybbs (Stadt) <303>,Bruck an der Mur ^<602>,-
Waidhofen an der Ybbs (Stadt) <303>,Bruck-Mürzzuschlag <621>,1
Waidhofen an der Ybbs (Stadt) <303>,Deutschlandsberg <603>,3
Waidhofen an der Ybbs (Stadt) <303>,Feldbach ^<604>,-
Waidhofen an der Ybbs (Stadt) <303>,Fürstenfeld ^<605>,-
Waidhofen an der Ybbs (Stadt) <303>,Graz Umgebung <606>,-
Waidhofen an der Ybbs (Stadt) <303>,Hartberg ^<607>,-
Waidhofen an der Ybbs (Stadt) <303>,Hartberg-Fürstenfeld <622>,-
Waidhofen an der Ybbs (Stadt) <303>,Judenburg ^<608>,-
Waidhofen an der Ybbs (Stadt) <303>,Knittelfeld ^<609>,-
Waidhofen an der Ybbs (Stadt) <303>,Leibnitz <610>,1
Waidhofen an der Ybbs (Stadt) <303>,Leoben <611>,1
Waidhofen an der Ybbs (Stadt) <303>,Liezen <612>,1
Waidhofen an der Ybbs (Stadt) <303>,Murtal <620>,3
Waidhofen an der Ybbs (Stadt) <303>,Mürzzuschlag ^<613>,-
Waidhofen an der Ybbs (Stadt) <303>,Murau <614>,-
Waidhofen an der Ybbs (Stadt) <303>,Radkersburg ^<615>,-
Waidhofen an der Ybbs (Stadt) <303>,Südoststeiermark <623>,1
Waidhofen an der Ybbs (Stadt) <303>,Voitsberg <616>,-
Waidhofen an der Ybbs (Stadt) <303>,Weiz <617>,-
Waidhofen an der Ybbs (Stadt) <303>,Innsbruck (Stadt) <701>,2
Waidhofen an der Ybbs (Stadt) <303>,Imst <702>,-
Waidhofen an der Ybbs (Stadt) <303>,Innsbruck Land <703>,-
Waidhofen an der Ybbs (Stadt) <303>,Kitzbühel <704>,-
Waidhofen an der Ybbs (Stadt) <303>,Kufstein <705>,-
Waidhofen an der Ybbs (Stadt) <303>,Landeck <706>,-
Waidhofen an der Ybbs (Stadt) <303>,Lienz <707>,-
Waidhofen an der Ybbs (Stadt) <303>,Reutte <708>,-
Waidhofen an der Ybbs (Stadt) <303>,Schwaz <709>,-
Waidhofen an der Ybbs (Stadt) <303>,Bludenz <801>,-
Waidhofen an der Ybbs (Stadt) <303>,Bregenz <802>,1
Waidhofen an der Ybbs (Stadt) <303>,Dornbirn <803>,-
Waidhofen an der Ybbs (Stadt) <303>,Feldkirch <804>,-
Waidhofen an der Ybbs (Stadt) <303>,"Wien 1.Bezirk, Innere Stadt <901>",-
Waidhofen an der Ybbs (Stadt) <303>,"Wien 2.Bezirk, Leopoldstadt <902>",5
Waidhofen an der Ybbs (Stadt) <303>,"Wien 3.Bezirk, Landstraße <903>",3
Waidhofen an der Ybbs (Stadt) <303>,"Wien 4.Bezirk, Wieden <904>",-
Waidhofen an der Ybbs (Stadt) <303>,"Wien 5.Bezirk, Margareten <905>",1
Waidhofen an der Ybbs (Stadt) <303>,"Wien 6.Bezirk, Mariahilf <906>",2
Waidhofen an der Ybbs (Stadt) <303>,"Wien 7.Bezirk, Neubau <907>",4
Waidhofen an der Ybbs (Stadt) <303>,"Wien 8.Bezirk, Josefstadt <908>",1
Waidhofen an der Ybbs (Stadt) <303>,"Wien 9.Bezirk, Alsergrund <909>",-
Waidhofen an der Ybbs (Stadt) <303>,"Wien 10.Bezirk, Favoriten <910>",1
Waidhofen an der Ybbs (Stadt) <303>,"Wien 11.Bezirk, Simmering <911>",1
Waidhofen an der Ybbs (Stadt) <303>,"Wien 12.Bezirk, Meidling <912>",2
Waidhofen an der Ybbs (Stadt) <303>,"Wien 13.Bezirk, Hietzing <913>",1
Waidhofen an der Ybbs (Stadt) <303>,"Wien 14.Bezirk, Penzing <914>",5
Waidhofen an der Ybbs (Stadt) <303>,"Wien 15.Bezirk, Rudolfsheim-Fünfhaus <915>",4
Waidhofen an der Ybbs (Stadt) <303>,"Wien 16.Bezirk, Ottakring <916>",6
Waidhofen an der Ybbs (Stadt) <303>,"Wien 17.Bezirk, Hernals <917>",5
Waidhofen an der Ybbs (Stadt) <303>,"Wien 18.Bezirk, Währing <918>",3
Waidhofen an der Ybbs (Stadt) <303>,"Wien 19.Bezirk, Döbling <919>",-
Waidhofen an der Ybbs (Stadt) <303>,"Wien 20.Bezirk, Brigittenau <920>",2
Waidhofen an der Ybbs (Stadt) <303>,"Wien 21.Bezirk, Floridsdorf <921>",2
Waidhofen an der Ybbs (Stadt) <303>,"Wien 22.Bezirk, Donaustadt <922>",1
Waidhofen an der Ybbs (Stadt) <303>,"Wien 23.Bezirk, Liesing <923>",1
Wiener Neustadt (Stadt) <304>,Graz (Stadt) <601>,39
Wiener Neustadt (Stadt) <304>,Bruck an der Mur ^<602>,-
Wiener Neustadt (Stadt) <304>,Bruck-Mürzzuschlag <621>,14
Wiener Neustadt (Stadt) <304>,Deutschlandsberg <603>,2
Wiener Neustadt (Stadt) <304>,Feldbach ^<604>,-
Wiener Neustadt (Stadt) <304>,Fürstenfeld ^<605>,-
Wiener Neustadt (Stadt) <304>,Graz Umgebung <606>,6
Wiener Neustadt (Stadt) <304>,Hartberg ^<607>,-
Wiener Neustadt (Stadt) <304>,Hartberg-Fürstenfeld <622>,17
Wiener Neustadt (Stadt) <304>,Judenburg ^<608>,-
Wiener Neustadt (Stadt) <304>,Knittelfeld ^<609>,-
Wiener Neustadt (Stadt) <304>,Leibnitz <610>,7
Wiener Neustadt (Stadt) <304>,Leoben <611>,13
Wiener Neustadt (Stadt) <304>,Liezen <612>,5
Wiener Neustadt (Stadt) <304>,Murtal <620>,2
Wiener Neustadt (Stadt) <304>,Mürzzuschlag ^<613>,-
Wiener Neustadt (Stadt) <304>,Murau <614>,1
Wiener Neustadt (Stadt) <304>,Radkersburg ^<615>,-
Wiener Neustadt (Stadt) <304>,Südoststeiermark <623>,3
Wiener Neustadt (Stadt) <304>,Voitsberg <616>,1
Wiener Neustadt (Stadt) <304>,Weiz <617>,6
Wiener Neustadt (Stadt) <304>,Innsbruck (Stadt) <701>,4
Wiener Neustadt (Stadt) <304>,Imst <702>,-
Wiener Neustadt (Stadt) <304>,Innsbruck Land <703>,2
Wiener Neustadt (Stadt) <304>,Kitzbühel <704>,1
Wiener Neustadt (Stadt) <304>,Kufstein <705>,3
Wiener Neustadt (Stadt) <304>,Landeck <706>,3
Wiener Neustadt (Stadt) <304>,Lienz <707>,2
Wiener Neustadt (Stadt) <304>,Reutte <708>,-
Wiener Neustadt (Stadt) <304>,Schwaz <709>,3
Wiener Neustadt (Stadt) <304>,Bludenz <801>,-
Wiener Neustadt (Stadt) <304>,Bregenz <802>,9
Wiener Neustadt (Stadt) <304>,Dornbirn <803>,4
Wiener Neustadt (Stadt) <304>,Feldkirch <804>,2
Wiener Neustadt (Stadt) <304>,"Wien 1.Bezirk, Innere Stadt <901>",2
Wiener Neustadt (Stadt) <304>,"Wien 2.Bezirk, Leopoldstadt <902>",33
Wiener Neustadt (Stadt) <304>,"Wien 3.Bezirk, Landstraße <903>",30
Wiener Neustadt (Stadt) <304>,"Wien 4.Bezirk, Wieden <904>",14
Wiener Neustadt (Stadt) <304>,"Wien 5.Bezirk, Margareten <905>",18
Wiener Neustadt (Stadt) <304>,"Wien 6.Bezirk, Mariahilf <906>",15
Wiener Neustadt (Stadt) <304>,"Wien 7.Bezirk, Neubau <907>",9
Wiener Neustadt (Stadt) <304>,"Wien 8.Bezirk, Josefstadt <908>",34
Wiener Neustadt (Stadt) <304>,"Wien 9.Bezirk, Alsergrund <909>",19
Wiener Neustadt (Stadt) <304>,"Wien 10.Bezirk, Favoriten <910>",104
Wiener Neustadt (Stadt) <304>,"Wien 11.Bezirk, Simmering <911>",37
Wiener Neustadt (Stadt) <304>,"Wien 12.Bezirk, Meidling <912>",28
Wiener Neustadt (Stadt) <304>,"Wien 13.Bezirk, Hietzing <913>",13
Wiener Neustadt (Stadt) <304>,"Wien 14.Bezirk, Penzing <914>",29
Wiener Neustadt (Stadt) <304>,"Wien 15.Bezirk, Rudolfsheim-Fünfhaus <915>",32
Wiener Neustadt (Stadt) <304>,"Wien 16.Bezirk, Ottakring <916>",19
Wiener Neustadt (Stadt) <304>,"Wien 17.Bezirk, Hernals <917>",9
Wiener Neustadt (Stadt) <304>,"Wien 18.Bezirk, Währing <918>",12
Wiener Neustadt (Stadt) <304>,"Wien 19.Bezirk, Döbling <919>",12
Wiener Neustadt (Stadt) <304>,"Wien 20.Bezirk, Brigittenau <920>",26
Wiener Neustadt (Stadt) <304>,"Wien 21.Bezirk, Floridsdorf <921>",48
Wiener Neustadt (Stadt) <304>,"Wien 22.Bezirk, Donaustadt <922>",41
Wiener Neustadt (Stadt) <304>,"Wien 23.Bezirk, Liesing <923>",40
Amstetten <305>,Graz (Stadt) <601>,30
Amstetten <305>,Bruck an der Mur ^<602>,-
Amstetten <305>,Bruck-Mürzzuschlag <621>,1
Amstetten <305>,Deutschlandsberg <603>,8
Amstetten <305>,Feldbach ^<604>,-
Amstetten <305>,Fürstenfeld ^<605>,-
Amstetten <305>,Graz Umgebung <606>,7
Amstetten <305>,Hartberg ^<607>,-
Amstetten <305>,Hartberg-Fürstenfeld <622>,3
Amstetten <305>,Judenburg ^<608>,-
Amstetten <305>,Knittelfeld ^<609>,-
Amstetten <305>,Leibnitz <610>,6
Amstetten <305>,Leoben <611>,7
Amstetten <305>,Liezen <612>,8
Amstetten <305>,Murtal <620>,2
Amstetten <305>,Mürzzuschlag ^<613>,-
Amstetten <305>,Murau <614>,2
Amstetten <305>,Radkersburg ^<615>,-
Amstetten <305>,Südoststeiermark <623>,-
Amstetten <305>,Voitsberg <616>,3
Amstetten <305>,Weiz <617>,2
Amstetten <305>,Innsbruck (Stadt) <701>,6
Amstetten <305>,Imst <702>,-
Amstetten <305>,Innsbruck Land <703>,6
Amstetten <305>,Kitzbühel <704>,4
Amstetten <305>,Kufstein <705>,2
Amstetten <305>,Landeck <706>,-
Amstetten <305>,Lienz <707>,1
Amstetten <305>,Reutte <708>,-
Amstetten <305>,Schwaz <709>,-
Amstetten <305>,Bludenz <801>,-
Amstetten <305>,Bregenz <802>,3
Amstetten <305>,Dornbirn <803>,1
Amstetten <305>,Feldkirch <804>,2
Amstetten <305>,"Wien 1.Bezirk, Innere Stadt <901>",4
Amstetten <305>,"Wien 2.Bezirk, Leopoldstadt <902>",29
Amstetten <305>,"Wien 3.Bezirk, Landstraße <903>",23
Amstetten <305>,"Wien 4.Bezirk, Wieden <904>",9
Amstetten <305>,"Wien 5.Bezirk, Margareten <905>",13
Amstetten <305>,"Wien 6.Bezirk, Mariahilf <906>",13
Amstetten <305>,"Wien 7.Bezirk, Neubau <907>",10
Amstetten <305>,"Wien 8.Bezirk, Josefstadt <908>",4
Amstetten <305>,"Wien 9.Bezirk, Alsergrund <909>",13
Amstetten <305>,"Wien 10.Bezirk, Favoriten <910>",45
Amstetten <305>,"Wien 11.Bezirk, Simmering <911>",5
Amstetten <305>,"Wien 12.Bezirk, Meidling <912>",25
Amstetten <305>,"Wien 13.Bezirk, Hietzing <913>",3
Amstetten <305>,"Wien 14.Bezirk, Penzing <914>",15
Amstetten <305>,"Wien 15.Bezirk, Rudolfsheim-Fünfhaus <915>",17
Amstetten <305>,"Wien 16.Bezirk, Ottakring <916>",26
Amstetten <305>,"Wien 17.Bezirk, Hernals <917>",15
Amstetten <305>,"Wien 18.Bezirk, Währing <918>",13
Amstetten <305>,"Wien 19.Bezirk, Döbling <919>",13
Amstetten <305>,"Wien 20.Bezirk, Brigittenau <920>",24
Amstetten <305>,"Wien 21.Bezirk, Floridsdorf <921>",33
Amstetten <305>,"Wien 22.Bezirk, Donaustadt <922>",12
Amstetten <305>,"Wien 23.Bezirk, Liesing <923>",6
Baden <306>,Graz (Stadt) <601>,114
Baden <306>,Bruck an der Mur ^<602>,-
Baden <306>,Bruck-Mürzzuschlag <621>,20
Baden <306>,Deutschlandsberg <603>,4
Baden <306>,Feldbach ^<604>,-
Baden <306>,Fürstenfeld ^<605>,-
Baden <306>,Graz Umgebung <606>,11
Baden <306>,Hartberg ^<607>,-
Baden <306>,Hartberg-Fürstenfeld <622>,29
Baden <306>,Judenburg ^<608>,-
Baden <306>,Knittelfeld ^<609>,-
Baden <306>,Leibnitz <610>,10
Baden <306>,Leoben <611>,7
Baden <306>,Liezen <612>,5
Baden <306>,Murtal <620>,8
Baden <306>,Mürzzuschlag ^<613>,-
Baden <306>,Murau <614>,1
Baden <306>,Radkersburg ^<615>,-
Baden <306>,Südoststeiermark <623>,4
Baden <306>,Voitsberg <616>,7
Baden <306>,Weiz <617>,8
Baden <306>,Innsbruck (Stadt) <701>,22
Baden <306>,Imst <702>,2
Baden <306>,Innsbruck Land <703>,23
Baden <306>,Kitzbühel <704>,6
Baden <306>,Kufstein <705>,5
Baden <306>,Landeck <706>,2
Baden <306>,Lienz <707>,12
Baden <306>,Reutte <708>,5
Baden <306>,Schwaz <709>,2
Baden <306>,Bludenz <801>,5
Baden <306>,Bregenz <802>,11
Baden <306>,Dornbirn <803>,10
Baden <306>,Feldkirch <804>,5
Baden <306>,"Wien 1.Bezirk, Innere Stadt <901>",16
Baden <306>,"Wien 2.Bezirk, Leopoldstadt <902>",67
Baden <306>,"Wien 3.Bezirk, Landstraße <903>",99
Baden <306>,"Wien 4.Bezirk, Wieden <904>",41
Baden <306>,"Wien 5.Bezirk, Margareten <905>",63
Baden <306>,"Wien 6.Bezirk, Mariahilf <906>",15
Baden <306>,"Wien 7.Bezirk, Neubau <907>",22
Baden <306>,"Wien 8.Bezirk, Josefstadt <908>",32
Baden <306>,"Wien 9.Bezirk, Alsergrund <909>",43
Baden <306>,"Wien 10.Bezirk, Favoriten <910>",218
Baden <306>,"Wien 11.Bezirk, Simmering <911>",69
Baden <306>,"Wien 12.Bezirk, Meidling <912>",94
Baden <306>,"Wien 13.Bezirk, Hietzing <913>",34
Baden <306>,"Wien 14.Bezirk, Penzing <914>",63
Baden <306>,"Wien 15.Bezirk, Rudolfsheim-Fünfhaus <915>",77
Baden <306>,"Wien 16.Bezirk, Ottakring <916>",91
Baden <306>,"Wien 17.Bezirk, Hernals <917>",42
Baden <306>,"Wien 18.Bezirk, Währing <918>",44
Baden <306>,"Wien 19.Bezirk, Döbling <919>",28
Baden <306>,"Wien 20.Bezirk, Brigittenau <920>",44
Baden <306>,"Wien 21.Bezirk, Floridsdorf <921>",92
Baden <306>,"Wien 22.Bezirk, Donaustadt <922>",118
Baden <306>,"Wien 23.Bezirk, Liesing <923>",135
Bruck an der Leitha <307>,Graz (Stadt) <601>,21
Bruck an der Leitha <307>,Bruck an der Mur ^<602>,-
Bruck an der Leitha <307>,Bruck-Mürzzuschlag <621>,10
Bruck an der Leitha <307>,Deutschlandsberg <603>,1
Bruck an der Leitha <307>,Feldbach ^<604>,-
Bruck an der Leitha <307>,Fürstenfeld ^<605>,-
Bruck an der Leitha <307>,Graz Umgebung <606>,6
Bruck an der Leitha <307>,Hartberg ^<607>,-
Bruck an der Leitha <307>,Hartberg-Fürstenfeld <622>,8
Bruck an der Leitha <307>,Judenburg ^<608>,-
Bruck an der Leitha <307>,Knittelfeld ^<609>,-
Bruck an der Leitha <307>,Leibnitz <610>,3
Bruck an der Leitha <307>,Leoben <611>,10
Bruck an der Leitha <307>,Liezen <612>,4
Bruck an der Leitha <307>,Murtal <620>,6
Bruck an der Leitha <307>,Mürzzuschlag ^<613>,-
Bruck an der Leitha <307>,Murau <614>,2
Bruck an der Leitha <307>,Radkersburg ^<615>,-
Bruck an der Leitha <307>,Südoststeiermark <623>,2
Bruck an der Leitha <307>,Voitsberg <616>,7
Bruck an der Leitha <307>,Weiz <617>,1
Bruck an der Leitha <307>,Innsbruck (Stadt) <701>,73
Bruck an der Leitha <307>,Imst <702>,7
Bruck an der Leitha <307>,Innsbruck Land <703>,31
Bruck an der Leitha <307>,Kitzbühel <704>,4
Bruck an der Leitha <307>,Kufstein <705>,43
Bruck an der Leitha <307>,Landeck <706>,-
Bruck an der Leitha <307>,Lienz <707>,3
Bruck an der Leitha <307>,Reutte <708>,14
Bruck an der Leitha <307>,Schwaz <709>,5
Bruck an der Leitha <307>,Bludenz <801>,2
Bruck an der Leitha <307>,Bregenz <802>,1
Bruck an der Leitha <307>,Dornbirn <803>,5
Bruck an der Leitha <307>,Feldkirch <804>,4
Bruck an der Leitha <307>,"Wien 1.Bezirk, Innere Stadt <901>",5
Bruck an der Leitha <307>,"Wien 2.Bezirk, Leopoldstadt <902>",77
Bruck an der Leitha <307>,"Wien 3.Bezirk, Landstraße <903>",115
Bruck an der Leitha <307>,"Wien 4.Bezirk, Wieden <904>",29
Bruck an der Leitha <307>,"Wien 5.Bezirk, Margareten <905>",58
Bruck an der Leitha <307>,"Wien 6.Bezirk, Mariahilf <906>",15
Bruck an der Leitha <307>,"Wien 7.Bezirk, Neubau <907>",23
Bruck an der Leitha <307>,"Wien 8.Bezirk, Josefstadt <908>",31
Bruck an der Leitha <307>,"Wien 9.Bezirk, Alsergrund <909>",18
Bruck an der Leitha <307>,"Wien 10.Bezirk, Favoriten <910>",278
Bruck an der Leitha <307>,"Wien 11.Bezirk, Simmering <911>",213
Bruck an der Leitha <307>,"Wien 12.Bezirk, Meidling <912>",72
Bruck an der Leitha <307>,"Wien 13.Bezirk, Hietzing <913>",28
Bruck an der Leitha <307>,"Wien 14.Bezirk, Penzing <914>",44
Bruck an der Leitha <307>,"Wien 15.Bezirk, Rudolfsheim-Fünfhaus <915>",60
Bruck an der Leitha <307>,"Wien 16.Bezirk, Ottakring <916>",53
Bruck an der Leitha <307>,"Wien 17.Bezirk, Hernals <917>",28
Bruck an der Leitha <307>,"Wien 18.Bezirk, Währing <918>",23
Bruck an der Leitha <307>,"Wien 19.Bezirk, Döbling <919>",24
Bruck an der Leitha <307>,"Wien 20.Bezirk, Brigittenau <920>",69
Bruck an der Leitha <307>,"Wien 21.Bezirk, Floridsdorf <921>",100
Bruck an der Leitha <307>,"Wien 22.Bezirk, Donaustadt <922>",143
Bruck an der Leitha <307>,"Wien 23.Bezirk, Liesing <923>",106
Gänserndorf <308>,Graz (Stadt) <601>,10
Gänserndorf <308>,Bruck an der Mur ^<602>,-
Gänserndorf <308>,Bruck-Mürzzuschlag <621>,11
Gänserndorf <308>,Deutschlandsberg <603>,3
Gänserndorf <308>,Feldbach ^<604>,-
Gänserndorf <308>,Fürstenfeld ^<605>,-
Gänserndorf <308>,Graz Umgebung <606>,4
Gänserndorf <308>,Hartberg ^<607>,-
Gänserndorf <308>,Hartberg-Fürstenfeld <622>,8
Gänserndorf <308>,Judenburg ^<608>,-
Gänserndorf <308>,Knittelfeld ^<609>,-
Gänserndorf <308>,Leibnitz <610>,3
Gänserndorf <308>,Leoben <611>,6
Gänserndorf <308>,Liezen <612>,11
Gänserndorf <308>,Murtal <620>,4
Gänserndorf <308>,Mürzzuschlag ^<613>,-
Gänserndorf <308>,Murau <614>,-
Gänserndorf <308>,Radkersburg ^<615>,-
Gänserndorf <308>,Südoststeiermark <623>,2
Gänserndorf <308>,Voitsberg <616>,3
Gänserndorf <308>,Weiz <617>,7
Gänserndorf <308>,Innsbruck (Stadt) <701>,4
Gänserndorf <308>,Imst <702>,3
Gänserndorf <308>,Innsbruck Land <703>,1
Gänserndorf <308>,Kitzbühel <704>,3
Gänserndorf <308>,Kufstein <705>,2
Gänserndorf <308>,Landeck <706>,1
Gänserndorf <308>,Lienz <707>,-
Gänserndorf <308>,Reutte <708>,-
Gänserndorf <308>,Schwaz <709>,1
Gänserndorf <308>,Bludenz <801>,2
Gänserndorf <308>,Bregenz <802>,4
Gänserndorf <308>,Dornbirn <803>,1
Gänserndorf <308>,Feldkirch <804>,16
Gänserndorf <308>,"Wien 1.Bezirk, Innere Stadt <901>",8
Gänserndorf <308>,"Wien 2.Bezirk, Leopoldstadt <902>",99
Gänserndorf <308>,"Wien 3.Bezirk, Landstraße <903>",72
Gänserndorf <308>,"Wien 4.Bezirk, Wieden <904>",16
Gänserndorf <308>,"Wien 5.Bezirk, Margareten <905>",27
Gänserndorf <308>,"Wien 6.Bezirk, Mariahilf <906>",6
Gänserndorf <308>,"Wien 7.Bezirk, Neubau <907>",14
Gänserndorf <308>,"Wien 8.Bezirk, Josefstadt <908>",15
Gänserndorf <308>,"Wien 9.Bezirk, Alsergrund <909>",24
Gänserndorf <308>,"Wien 10.Bezirk, Favoriten <910>",144
Gänserndorf <308>,"Wien 11.Bezirk, Simmering <911>",67
Gänserndorf <308>,"Wien 12.Bezirk, Meidling <912>",58
Gänserndorf <308>,"Wien 13.Bezirk, Hietzing <913>",21
Gänserndorf <308>,"Wien 14.Bezirk, Penzing <914>",28
Gänserndorf <308>,"Wien 15.Bezirk, Rudolfsheim-Fünfhaus <915>",50
Gänserndorf <308>,"Wien 16.Bezirk, Ottakring <916>",51
Gänserndorf <308>,"Wien 17.Bezirk, Hernals <917>",34
Gänserndorf <308>,"Wien 18.Bezirk, Währing <918>",15
Gänserndorf <308>,"Wien 19.Bezirk, Döbling <919>",43
Gänserndorf <308>,"Wien 20.Bezirk, Brigittenau <920>",66
Gänserndorf <308>,"Wien 21.Bezirk, Floridsdorf <921>",305
Gänserndorf <308>,"Wien 22.Bezirk, Donaustadt <922>",546
Gänserndorf <308>,"Wien 23.Bezirk, Liesing <923>",49
Gmünd <309>,Graz (Stadt) <601>,6
Gmünd <309>,Bruck an der Mur ^<602>,-
Gmünd <309>,Bruck-Mürzzuschlag <621>,-
Gmünd <309>,Deutschlandsberg <603>,-
Gmünd <309>,Feldbach ^<604>,-
Gmünd <309>,Fürstenfeld ^<605>,-
Gmünd <309>,Graz Umgebung <606>,-
Gmünd <309>,Hartberg ^<607>,-
Gmünd <309>,Hartberg-Fürstenfeld <622>,1
Gmünd <309>,Judenburg ^<608>,-
Gmünd <309>,Knittelfeld ^<609>,-
Gmünd <309>,Leibnitz <610>,2
Gmünd <309>,Leoben <611>,-
Gmünd <309>,Liezen <612>,-
Gmünd <309>,Murtal <620>,-
Gmünd <309>,Mürzzuschlag ^<613>,-
Gmünd <309>,Murau <614>,-
Gmünd <309>,Radkersburg ^<615>,-
Gmünd <309>,Südoststeiermark <623>,-
Gmünd <309>,Voitsberg <616>,1
Gmünd <309>,Weiz <617>,1
Gmünd <309>,Innsbruck (Stadt) <701>,4
Gmünd <309>,Imst <702>,1
Gmünd <309>,Innsbruck Land <703>,-
Gmünd <309>,Kitzbühel <704>,-
Gmünd <309>,Kufstein <705>,1
Gmünd <309>,Landeck <706>,-
Gmünd <309>,Lienz <707>,1
Gmünd <309>,Reutte <708>,-
Gmünd <309>,Schwaz <709>,-
Gmünd <309>,Bludenz <801>,-
Gmünd <309>,Bregenz <802>,-
Gmünd <309>,Dornbirn <803>,3
Gmünd <309>,Feldkirch <804>,-
Gmünd <309>,"Wien 1.Bezirk, Innere Stadt <901>",4
Gmünd <309>,"Wien 2.Bezirk, Leopoldstadt <902>",12
Gmünd <309>,"Wien 3.Bezirk, Landstraße <903>",9
Gmünd <309>,"Wien 4.Bezirk, Wieden <904>",1
Gmünd <309>,"Wien 5.Bezirk, Margareten <905>",10
Gmünd <309>,"Wien 6.Bezirk, Mariahilf <906>",2
Gmünd <309>,"Wien 7.Bezirk, Neubau <907>",2
Gmünd <309>,"Wien 8.Bezirk, Josefstadt <908>",3
Gmünd <309>,"Wien 9.Bezirk, Alsergrund <909>",4
Gmünd <309>,"Wien 10.Bezirk, Favoriten <910>",16
Gmünd <309>,"Wien 11.Bezirk, Simmering <911>",5
Gmünd <309>,"Wien 12.Bezirk, Meidling <912>",9
Gmünd <309>,"Wien 13.Bezirk, Hietzing <913>",4
Gmünd <309>,"Wien 14.Bezirk, Penzing <914>",7
Gmünd <309>,"Wien 15.Bezirk, Rudolfsheim-Fünfhaus <915>",10
Gmünd <309>,"Wien 16.Bezirk, Ottakring <916>",9
Gmünd <309>,"Wien 17.Bezirk, Hernals <917>",6
Gmünd <309>,"Wien 18.Bezirk, Währing <918>",4
Gmünd <309>,"Wien 19.Bezirk, Döbling <919>",8
Gmünd <309>,"Wien 20.Bezirk, Brigittenau <920>",12
Gmünd <309>,"Wien 21.Bezirk, Floridsdorf <921>",12
Gmünd <309>,"Wien 22.Bezirk, Donaustadt <922>",19
Gmünd <309>,"Wien 23.Bezirk, Liesing <923>",2
Hollabrunn <310>,Graz (Stadt) <601>,8
Hollabrunn <310>,Bruck an der Mur ^<602>,-
Hollabrunn <310>,Bruck-Mürzzuschlag <621>,3
Hollabrunn <310>,Deutschlandsberg <603>,3
Hollabrunn <310>,Feldbach ^<604>,-
Hollabrunn <310>,Fürstenfeld ^<605>,-
Hollabrunn <310>,Graz Umgebung <606>,2
Hollabrunn <310>,Hartberg ^<607>,-
Hollabrunn <310>,Hartberg-Fürstenfeld <622>,4
Hollabrunn <310>,Judenburg ^<608>,-
Hollabrunn <310>,Knittelfeld ^<609>,-
Hollabrunn <310>,Leibnitz <610>,-
Hollabrunn <310>,Leoben <611>,3
Hollabrunn <310>,Liezen <612>,1
Hollabrunn <310>,Murtal <620>,1
Hollabrunn <310>,Mürzzuschlag ^<613>,-
Hollabrunn <310>,Murau <614>,2
Hollabrunn <310>,Radkersburg ^<615>,-
Hollabrunn <310>,Südoststeiermark <623>,-
Hollabrunn <310>,Voitsberg <616>,1
Hollabrunn <310>,Weiz <617>,2
Hollabrunn <310>,Innsbruck (Stadt) <701>,6
Hollabrunn <310>,Imst <702>,-
Hollabrunn <310>,Innsbruck Land <703>,1
Hollabrunn <310>,Kitzbühel <704>,1
Hollabrunn <310>,Kufstein <705>,2
Hollabrunn <310>,Landeck <706>,-
Hollabrunn <310>,Lienz <707>,-
Hollabrunn <310>,Reutte <708>,-
Hollabrunn <310>,Schwaz <709>,-
Hollabrunn <310>,Bludenz <801>,-
Hollabrunn <310>,Bregenz <802>,2
Hollabrunn <310>,Dornbirn <803>,1
Hollabrunn <310>,Feldkirch <804>,1
Hollabrunn <310>,"Wien 1.Bezirk, Innere Stadt <901>",3
Hollabrunn <310>,"Wien 2.Bezirk, Leopoldstadt <902>",39
Hollabrunn <310>,"Wien 3.Bezirk, Landstraße <903>",23
Hollabrunn <310>,"Wien 4.Bezirk, Wieden <904>",9
Hollabrunn <310>,"Wien 5.Bezirk, Margareten <905>",13
Hollabrunn <310>,"Wien 6.Bezirk, Mariahilf <906>",11
Hollabrunn <310>,"Wien 7.Bezirk, Neubau <907>",11
Hollabrunn <310>,"Wien 8.Bezirk, Josefstadt <908>",7
Hollabrunn <310>,"Wien 9.Bezirk, Alsergrund <909>",19
Hollabrunn <310>,"Wien 10.Bezirk, Favoriten <910>",38
Hollabrunn <310>,"Wien 11.Bezirk, Simmering <911>",27
Hollabrunn <310>,"Wien 12.Bezirk, Meidling <912>",25
Hollabrunn <310>,"Wien 13.Bezirk, Hietzing <913>",2
Hollabrunn <310>,"Wien 14.Bezirk, Penzing <914>",31
Hollabrunn <310>,"Wien 15.Bezirk, Rudolfsheim-Fünfhaus <915>",17
Hollabrunn <310>,"Wien 16.Bezirk, Ottakring <916>",20
Hollabrunn <310>,"Wien 17.Bezirk, Hernals <917>",18
Hollabrunn <310>,"Wien 18.Bezirk, Währing <918>",7
Hollabrunn <310>,"Wien 19.Bezirk, Döbling <919>",17
Hollabrunn <310>,"Wien 20.Bezirk, Brigittenau <920>",35
Hollabrunn <310>,"Wien 21.Bezirk, Floridsdorf <921>",47
Hollabrunn <310>,"Wien 22.Bezirk, Donaustadt <922>",42
Hollabrunn <310>,"Wien 23.Bezirk, Liesing <923>",10
Horn <311>,Graz (Stadt) <601>,1
Horn <311>,Bruck an der Mur ^<602>,-
Horn <311>,Bruck-Mürzzuschlag <621>,4
Horn <311>,Deutschlandsberg <603>,2
Horn <311>,Feldbach ^<604>,-
Horn <311>,Fürstenfeld ^<605>,-
Horn <311>,Graz Umgebung <606>,1
Horn <311>,Hartberg ^<607>,-
Horn <311>,Hartberg-Fürstenfeld <622>,1
Horn <311>,Judenburg ^<608>,-
Horn <311>,Knittelfeld ^<609>,-
Horn <311>,Leibnitz <610>,-
Horn <311>,Leoben <611>,-
Horn <311>,Liezen <612>,-
Horn <311>,Murtal <620>,1
Horn <311>,Mürzzuschlag ^<613>,-
Horn <311>,Murau <614>,1
Horn <311>,Radkersburg ^<615>,-
Horn <311>,Südoststeiermark <623>,1
Horn <311>,Voitsberg <616>,-
Horn <311>,Weiz <617>,-
Horn <311>,Innsbruck (Stadt) <701>,-
Horn <311>,Imst <702>,-
Horn <311>,Innsbruck Land <703>,2
Horn <311>,Kitzbühel <704>,2
Horn <311>,Kufstein <705>,1
Horn <311>,Landeck <706>,-
Horn <311>,Lienz <707>,-
Horn <311>,Reutte <708>,-
Horn <311>,Schwaz <709>,-
Horn <311>,Bludenz <801>,3
Horn <311>,Bregenz <802>,-
Horn <311>,Dornbirn <803>,2
Horn <311>,Feldkirch <804>,3
Horn <311>,"Wien 1.Bezirk, Innere Stadt <901>",1
Horn <311>,"Wien 2.Bezirk, Leopoldstadt <902>",13
Horn <311>,"Wien 3.Bezirk, Landstraße <903>",17
Horn <311>,"Wien 4.Bezirk, Wieden <904>",6
Horn <311>,"Wien 5.Bezirk, Margareten <905>",5
Horn <311>,"Wien 6.Bezirk, Mariahilf <906>",2
Horn <311>,"Wien 7.Bezirk, Neubau <907>",3
Horn <311>,"Wien 8.Bezirk, Josefstadt <908>",3
Horn <311>,"Wien 9.Bezirk, Alsergrund <909>",6
Horn <311>,"Wien 10.Bezirk, Favoriten <910>",21
Horn <311>,"Wien 11.Bezirk, Simmering <911>",2
Horn <311>,"Wien 12.Bezirk, Meidling <912>",5
Horn <311>,"Wien 13.Bezirk, Hietzing <913>",3
Horn <311>,"Wien 14.Bezirk, Penzing <914>",13
Horn <311>,"Wien 15.Bezirk, Rudolfsheim-Fünfhaus <915>",7
Horn <311>,"Wien 16.Bezirk, Ottakring <916>",13
Horn <311>,"Wien 17.Bezirk, Hernals <917>",8
Horn <311>,"Wien 18.Bezirk, Währing <918>",4
Horn <311>,"Wien 19.Bezirk, Döbling <919>",9
Horn <311>,"Wien 20.Bezirk, Brigittenau <920>",16
Horn <311>,"Wien 21.Bezirk, Floridsdorf <921>",20
Horn <311>,"Wien 22.Bezirk, Donaustadt <922>",11
Horn <311>,"Wien 23.Bezirk, Liesing <923>",3
Korneuburg <312>,Graz (Stadt) <601>,31
Korneuburg <312>,Bruck an der Mur ^<602>,-
Korneuburg <312>,Bruck-Mürzzuschlag <621>,11
Korneuburg <312>,Deutschlandsberg <603>,1
Korneuburg <312>,Feldbach ^<604>,-
Korneuburg <312>,Fürstenfeld ^<605>,-
Korneuburg <312>,Graz Umgebung <606>,5
Korneuburg <312>,Hartberg ^<607>,-
Korneuburg <312>,Hartberg-Fürstenfeld <622>,7
Korneuburg <312>,Judenburg ^<608>,-
Korneuburg <312>,Knittelfeld ^<609>,-
Korneuburg <312>,Leibnitz <610>,3
Korneuburg <312>,Leoben <611>,6
Korneuburg <312>,Liezen <612>,7
Korneuburg <312>,Murtal <620>,3
Korneuburg <312>,Mürzzuschlag ^<613>,-
Korneuburg <312>,Murau <614>,2
Korneuburg <312>,Radkersburg ^<615>,-
Korneuburg <312>,Südoststeiermark <623>,1
Korneuburg <312>,Voitsberg <616>,-
Korneuburg <312>,Weiz <617>,-
Korneuburg <312>,Innsbruck (Stadt) <701>,15
Korneuburg <312>,Imst <702>,1
Korneuburg <312>,Innsbruck Land <703>,4
Korneuburg <312>,Kitzbühel <704>,3
Korneuburg <312>,Kufstein <705>,3
Korneuburg <312>,Landeck <706>,-
Korneuburg <312>,Lienz <707>,1
Korneuburg <312>,Reutte <708>,1
Korneuburg <312>,Schwaz <709>,-
Korneuburg <312>,Bludenz <801>,-
Korneuburg <312>,Bregenz <802>,2
Korneuburg <312>,Dornbirn <803>,2
Korneuburg <312>,Feldkirch <804>,3
Korneuburg <312>,"Wien 1.Bezirk, Innere Stadt <901>",16
Korneuburg <312>,"Wien 2.Bezirk, Leopoldstadt <902>",110
Korneuburg <312>,"Wien 3.Bezirk, Landstraße <903>",62
Korneuburg <312>,"Wien 4.Bezirk, Wieden <904>",10
Korneuburg <312>,"Wien 5.Bezirk, Margareten <905>",27
Korneuburg <312>,"Wien 6.Bezirk, Mariahilf <906>",19
Korneuburg <312>,"Wien 7.Bezirk, Neubau <907>",18
Korneuburg <312>,"Wien 8.Bezirk, Josefstadt <908>",43
Korneuburg <312>,"Wien 9.Bezirk, Alsergrund <909>",58
Korneuburg <312>,"Wien 10.Bezirk, Favoriten <910>",100
Korneuburg <312>,"Wien 11.Bezirk, Simmering <911>",43
Korneuburg <312>,"Wien 12.Bezirk, Meidling <912>",40
Korneuburg <312>,"Wien 13.Bezirk, Hietzing <913>",17
Korneuburg <312>,"Wien 14.Bezirk, Penzing <914>",28
Korneuburg <312>,"Wien 15.Bezirk, Rudolfsheim-Fünfhaus <915>",42
Korneuburg <312>,"Wien 16.Bezirk, Ottakring <916>",55
Korneuburg <312>,"Wien 17.Bezirk, Hernals <917>",39
Korneuburg <312>,"Wien 18.Bezirk, Währing <918>",27
Korneuburg <312>,"Wien 19.Bezirk, Döbling <919>",47
Korneuburg <312>,"Wien 20.Bezirk, Brigittenau <920>",63
Korneuburg <312>,"Wien 21.Bezirk, Floridsdorf <921>",306
Korneuburg <312>,"Wien 22.Bezirk, Donaustadt <922>",234
Korneuburg <312>,"Wien 23.Bezirk, Liesing <923>",31
Krems Land <313>,Graz (Stadt) <601>,7
Krems Land <313>,Bruck an der Mur ^<602>,-
Krems Land <313>,Bruck-Mürzzuschlag <621>,6
Krems Land <313>,Deutschlandsberg <603>,-
Krems Land <313>,Feldbach ^<604>,-
Krems Land <313>,Fürstenfeld ^<605>,-
Krems Land <313>,Graz Umgebung <606>,5
Krems Land <313>,Hartberg ^<607>,-
Krems Land <313>,Hartberg-Fürstenfeld <622>,-
Krems Land <313>,Judenburg ^<608>,-
Krems Land <313>,Knittelfeld ^<609>,-
Krems Land <313>,Leibnitz <610>,1
Krems Land <313>,Leoben <611>,1
Krems Land <313>,Liezen <612>,2
Krems Land <313>,Murtal <620>,-
Krems Land <313>,Mürzzuschlag ^<613>,-
Krems Land <313>,Murau <614>,1
Krems Land <313>,Radkersburg ^<615>,-
Krems Land <313>,Südoststeiermark <623>,1
Krems Land <313>,Voitsberg <616>,6
Krems Land <313>,Weiz <617>,1
Krems Land <313>,Innsbruck (Stadt) <701>,2
Krems Land <313>,Imst <702>,4
Krems Land <313>,Innsbruck Land <703>,-
Krems Land <313>,Kitzbühel <704>,8
Krems Land <313>,Kufstein <705>,-
Krems Land <313>,Landeck <706>,-
Krems Land <313>,Lienz <707>,-
Krems Land <313>,Reutte <708>,-
Krems Land <313>,Schwaz <709>,-
Krems Land <313>,Bludenz <801>,1
Krems Land <313>,Bregenz <802>,1
Krems Land <313>,Dornbirn <803>,-
Krems Land <313>,Feldkirch <804>,-
Krems Land <313>,"Wien 1.Bezirk, Innere Stadt <901>",4
Krems Land <313>,"Wien 2.Bezirk, Leopoldstadt <902>",22
Krems Land <313>,"Wien 3.Bezirk, Landstraße <903>",18
Krems Land <313>,"Wien 4.Bezirk, Wieden <904>",10
Krems Land <313>,"Wien 5.Bezirk, Margareten <905>",8
Krems Land <313>,"Wien 6.Bezirk, Mariahilf <906>",7
Krems Land <313>,"Wien 7.Bezirk, Neubau <907>",5
Krems Land <313>,"Wien 8.Bezirk, Josefstadt <908>",4
Krems Land <313>,"Wien 9.Bezirk, Alsergrund <909>",17
Krems Land <313>,"Wien 10.Bezirk, Favoriten <910>",10
Krems Land <313>,"Wien 11.Bezirk, Simmering <911>",2
Krems Land <313>,"Wien 12.Bezirk, Meidling <912>",9
Krems Land <313>,"Wien 13.Bezirk, Hietzing <913>",14
Krems Land <313>,"Wien 14.Bezirk, Penzing <914>",9
Krems Land <313>,"Wien 15.Bezirk, Rudolfsheim-Fünfhaus <915>",14
Krems Land <313>,"Wien 16.Bezirk, Ottakring <916>",9
Krems Land <313>,"Wien 17.Bezirk, Hernals <917>",9
Krems Land <313>,"Wien 18.Bezirk, Währing <918>",6
Krems Land <313>,"Wien 19.Bezirk, Döbling <919>",13
Krems Land <313>,"Wien 20.Bezirk, Brigittenau <920>",17
Krems Land <313>,"Wien 21.Bezirk, Floridsdorf <921>",23
Krems Land <313>,"Wien 22.Bezirk, Donaustadt <922>",18
Krems Land <313>,"Wien 23.Bezirk, Liesing <923>",1
Lilienfeld <314>,Graz (Stadt) <601>,3
Lilienfeld <314>,Bruck an der Mur ^<602>,-
Lilienfeld <314>,Bruck-Mürzzuschlag <621>,19
Lilienfeld <314>,Deutschlandsberg <603>,2
Lilienfeld <314>,Feldbach ^<604>,-
Lilienfeld <314>,Fürstenfeld ^<605>,-
Lilienfeld <314>,Graz Umgebung <606>,-
Lilienfeld <314>,Hartberg ^<607>,-
Lilienfeld <314>,Hartberg-Fürstenfeld <622>,-
Lilienfeld <314>,Judenburg ^<608>,-
Lilienfeld <314>,Knittelfeld ^<609>,-
Lilienfeld <314>,Leibnitz <610>,-
Lilienfeld <314>,Leoben <611>,3
Lilienfeld <314>,Liezen <612>,2
Lilienfeld <314>,Murtal <620>,-
Lilienfeld <314>,Mürzzuschlag ^<613>,-
Lilienfeld <314>,Murau <614>,-
Lilienfeld <314>,Radkersburg ^<615>,-
Lilienfeld <314>,Südoststeiermark <623>,-
Lilienfeld <314>,Voitsberg <616>,-
Lilienfeld <314>,Weiz <617>,-
Lilienfeld <314>,Innsbruck (Stadt) <701>,4
Lilienfeld <314>,Imst <702>,1
Lilienfeld <314>,Innsbruck Land <703>,-
Lilienfeld <314>,Kitzbühel <704>,1
Lilienfeld <314>,Kufstein <705>,-
Lilienfeld <314>,Landeck <706>,-
Lilienfeld <314>,Lienz <707>,-
Lilienfeld <314>,Reutte <708>,-
Lilienfeld <314>,Schwaz <709>,-
Lilienfeld <314>,Bludenz <801>,-
Lilienfeld <314>,Bregenz <802>,-
Lilienfeld <314>,Dornbirn <803>,-
Lilienfeld <314>,Feldkirch <804>,-
Lilienfeld <314>,"Wien 1.Bezirk, Innere Stadt <901>",3
Lilienfeld <314>,"Wien 2.Bezirk, Leopoldstadt <902>",3
Lilienfeld <314>,"Wien 3.Bezirk, Landstraße <903>",6
Lilienfeld <314>,"Wien 4.Bezirk, Wieden <904>",1
Lilienfeld <314>,"Wien 5.Bezirk, Margareten <905>",3
Lilienfeld <314>,"Wien 6.Bezirk, Mariahilf <906>",5
Lilienfeld <314>,"Wien 7.Bezirk, Neubau <907>",4
Lilienfeld <314>,"Wien 8.Bezirk, Josefstadt <908>",1
Lilienfeld <314>,"Wien 9.Bezirk, Alsergrund <909>",5
Lilienfeld <314>,"Wien 10.Bezirk, Favoriten <910>",19
Lilienfeld <314>,"Wien 11.Bezirk, Simmering <911>",6
Lilienfeld <314>,"Wien 12.Bezirk, Meidling <912>",4
Lilienfeld <314>,"Wien 13.Bezirk, Hietzing <913>",1
Lilienfeld <314>,"Wien 14.Bezirk, Penzing <914>",8
Lilienfeld <314>,"Wien 15.Bezirk, Rudolfsheim-Fünfhaus <915>",4
Lilienfeld <314>,"Wien 16.Bezirk, Ottakring <916>",16
Lilienfeld <314>,"Wien 17.Bezirk, Hernals <917>",4
Lilienfeld <314>,"Wien 18.Bezirk, Währing <918>",2
Lilienfeld <314>,"Wien 19.Bezirk, Döbling <919>",5
Lilienfeld <314>,"Wien 20.Bezirk, Brigittenau <920>",5
Lilienfeld <314>,"Wien 21.Bezirk, Floridsdorf <921>",9
Lilienfeld <314>,"Wien 22.Bezirk, Donaustadt <922>",4
Lilienfeld <314>,"Wien 23.Bezirk, Liesing <923>",9
Melk <315>,Graz (Stadt) <601>,17
Melk <315>,Bruck an der Mur ^<602>,-
Melk <315>,Bruck-Mürzzuschlag <621>,4
Melk <315>,Deutschlandsberg <603>,2
Melk <315>,Feldbach ^<604>,-
Melk <315>,Fürstenfeld ^<605>,-
Melk <315>,Graz Umgebung <606>,2
Melk <315>,Hartberg ^<607>,-
Melk <315>,Hartberg-Fürstenfeld <622>,4
Melk <315>,Judenburg ^<608>,-
Melk <315>,Knittelfeld ^<609>,-
Melk <315>,Leibnitz <610>,4
Melk <315>,Leoben <611>,2
Melk <315>,Liezen <612>,-
Melk <315>,Murtal <620>,-
Melk <315>,Mürzzuschlag ^<613>,-
Melk <315>,Murau <614>,-
Melk <315>,Radkersburg ^<615>,-
Melk <315>,Südoststeiermark <623>,1
Melk <315>,Voitsberg <616>,-
Melk <315>,Weiz <617>,4
Melk <315>,Innsbruck (Stadt) <701>,5
Melk <315>,Imst <702>,2
Melk <315>,Innsbruck Land <703>,7
Melk <315>,Kitzbühel <704>,1
Melk <315>,Kufstein <705>,5
Melk <315>,Landeck <706>,1
Melk <315>,Lienz <707>,-
Melk <315>,Reutte <708>,-
Melk <315>,Schwaz <709>,1
Melk <315>,Bludenz <801>,1
Melk <315>,Bregenz <802>,-
Melk <315>,Dornbirn <803>,2
Melk <315>,Feldkirch <804>,1
Melk <315>,"Wien 1.Bezirk, Innere Stadt <901>",1
Melk <315>,"Wien 2.Bezirk, Leopoldstadt <902>",10
Melk <315>,"Wien 3.Bezirk, Landstraße <903>",16
Melk <315>,"Wien 4.Bezirk, Wieden <904>",6
Melk <315>,"Wien 5.Bezirk, Margareten <905>",6
Melk <315>,"Wien 6.Bezirk, Mariahilf <906>",5
Melk <315>,"Wien 7.Bezirk, Neubau <907>",2
Melk <315>,"Wien 8.Bezirk, Josefstadt <908>",3
Melk <315>,"Wien 9.Bezirk, Alsergrund <909>",10
Melk <315>,"Wien 10.Bezirk, Favoriten <910>",21
Melk <315>,"Wien 11.Bezirk, Simmering <911>",9
Melk <315>,"Wien 12.Bezirk, Meidling <912>",6
Melk <315>,"Wien 13.Bezirk, Hietzing <913>",3
Melk <315>,"Wien 14.Bezirk, Penzing <914>",18
Melk <315>,"Wien 15.Bezirk, Rudolfsheim-Fünfhaus <915>",17
Melk <315>,"Wien 16.Bezirk, Ottakring <916>",13
Melk <315>,"Wien 17.Bezirk, Hernals <917>",10
Melk <315>,"Wien 18.Bezirk, Währing <918>",12
Melk <315>,"Wien 19.Bezirk, Döbling <919>",10
Melk <315>,"Wien 20.Bezirk, Brigittenau <920>",9
Melk <315>,"Wien 21.Bezirk, Floridsdorf <921>",23
Melk <315>,"Wien 22.Bezirk, Donaustadt <922>",32
Melk <315>,"Wien 23.Bezirk, Liesing <923>",7
Mistelbach <316>,Graz (Stadt) <601>,14
Mistelbach <316>,Bruck an der Mur ^<602>,-
Mistelbach <316>,Bruck-Mürzzuschlag <621>,4
Mistelbach <316>,Deutschlandsberg <603>,2
Mistelbach <316>,Feldbach ^<604>,-
Mistelbach <316>,Fürstenfeld ^<605>,-
Mistelbach <316>,Graz Umgebung <606>,5
Mistelbach <316>,Hartberg ^<607>,-
Mistelbach <316>,Hartberg-Fürstenfeld <622>,2
Mistelbach <316>,Judenburg ^<608>,-
Mistelbach <316>,Knittelfeld ^<609>,-
Mistelbach <316>,Leibnitz <610>,6
Mistelbach <316>,Leoben <611>,1
Mistelbach <316>,Liezen <612>,6
Mistelbach <316>,Murtal <620>,14
Mistelbach <316>,Mürzzuschlag ^<613>,-
Mistelbach <316>,Murau <614>,-
Mistelbach <316>,Radkersburg ^<615>,-
Mistelbach <316>,Südoststeiermark <623>,-
Mistelbach <316>,Voitsberg <616>,-
Mistelbach <316>,Weiz <617>,3
Mistelbach <316>,Innsbruck (Stadt) <701>,1
Mistelbach <316>,Imst <702>,1
Mistelbach <316>,Innsbruck Land <703>,3
Mistelbach <316>,Kitzbühel <704>,1
Mistelbach <316>,Kufstein <705>,4
Mistelbach <316>,Landeck <706>,-
Mistelbach <316>,Lienz <707>,2
Mistelbach <316>,Reutte <708>,-
Mistelbach <316>,Schwaz <709>,-
Mistelbach <316>,Bludenz <801>,-
Mistelbach <316>,Bregenz <802>,1
Mistelbach <316>,Dornbirn <803>,-
Mistelbach <316>,Feldkirch <804>,1
Mistelbach <316>,"Wien 1.Bezirk, Innere Stadt <901>",4
Mistelbach <316>,"Wien 2.Bezirk, Leopoldstadt <902>",45
Mistelbach <316>,"Wien 3.Bezirk, Landstraße <903>",45
Mistelbach <316>,"Wien 4.Bezirk, Wieden <904>",11
Mistelbach <316>,"Wien 5.Bezirk, Margareten <905>",18
Mistelbach <316>,"Wien 6.Bezirk, Mariahilf <906>",16
Mistelbach <316>,"Wien 7.Bezirk, Neubau <907>",10
Mistelbach <316>,"Wien 8.Bezirk, Josefstadt <908>",5
Mistelbach <316>,"Wien 9.Bezirk, Alsergrund <909>",26
Mistelbach <316>,"Wien 10.Bezirk, Favoriten <910>",86
Mistelbach <316>,"Wien 11.Bezirk, Simmering <911>",24
Mistelbach <316>,"Wien 12.Bezirk, Meidling <912>",35
Mistelbach <316>,"Wien 13.Bezirk, Hietzing <913>",7
Mistelbach <316>,"Wien 14.Bezirk, Penzing <914>",30
Mistelbach <316>,"Wien 15.Bezirk, Rudolfsheim-Fünfhaus <915>",41
Mistelbach <316>,"Wien 16.Bezirk, Ottakring <916>",43
Mistelbach <316>,"Wien 17.Bezirk, Hernals <917>",16
Mistelbach <316>,"Wien 18.Bezirk, Währing <918>",20
Mistelbach <316>,"Wien 19.Bezirk, Döbling <919>",32
Mistelbach <316>,"Wien 20.Bezirk, Brigittenau <920>",43
Mistelbach <316>,"Wien 21.Bezirk, Floridsdorf <921>",123
Mistelbach <316>,"Wien 22.Bezirk, Donaustadt <922>",123
Mistelbach <316>,"Wien 23.Bezirk, Liesing <923>",16
Mödling <317>,Graz (Stadt) <601>,42
Mödling <317>,Bruck an der Mur ^<602>,-
Mödling <317>,Bruck-Mürzzuschlag <621>,16
Mödling <317>,Deutschlandsberg <603>,2
Mödling <317>,Feldbach ^<604>,-
Mödling <317>,Fürstenfeld ^<605>,-
Mödling <317>,Graz Umgebung <606>,9
Mödling <317>,Hartberg ^<607>,-
Mödling <317>,Hartberg-Fürstenfeld <622>,18
Mödling <317>,Judenburg ^<608>,-
Mödling <317>,Knittelfeld ^<609>,-
Mödling <317>,Leibnitz <610>,6
Mödling <317>,Leoben <611>,3
Mödling <317>,Liezen <612>,13
Mödling <317>,Murtal <620>,2
Mödling <317>,Mürzzuschlag ^<613>,-
Mödling <317>,Murau <614>,2
Mödling <317>,Radkersburg ^<615>,-
Mödling <317>,Südoststeiermark <623>,4
Mödling <317>,Voitsberg <616>,10
Mödling <317>,Weiz <617>,4
Mödling <317>,Innsbruck (Stadt) <701>,17
Mödling <317>,Imst <702>,4
Mödling <317>,Innsbruck Land <703>,6
Mödling <317>,Kitzbühel <704>,11
Mödling <317>,Kufstein <705>,7
Mödling <317>,Landeck <706>,4
Mödling <317>,Lienz <707>,1
Mödling <317>,Reutte <708>,1
Mödling <317>,Schwaz <709>,3
Mödling <317>,Bludenz <801>,2
Mödling <317>,Bregenz <802>,8
Mödling <317>,Dornbirn <803>,6
Mödling <317>,Feldkirch <804>,10
Mödling <317>,"Wien 1.Bezirk, Innere Stadt <901>",49
Mödling <317>,"Wien 2.Bezirk, Leopoldstadt <902>",94
Mödling <317>,"Wien 3.Bezirk, Landstraße <903>",96
Mödling <317>,"Wien 4.Bezirk, Wieden <904>",46
Mödling <317>,"Wien 5.Bezirk, Margareten <905>",62
Mödling <317>,"Wien 6.Bezirk, Mariahilf <906>",47
Mödling <317>,"Wien 7.Bezirk, Neubau <907>",26
Mödling <317>,"Wien 8.Bezirk, Josefstadt <908>",28
Mödling <317>,"Wien 9.Bezirk, Alsergrund <909>",49
Mödling <317>,"Wien 10.Bezirk, Favoriten <910>",220
Mödling <317>,"Wien 11.Bezirk, Simmering <911>",71
Mödling <317>,"Wien 12.Bezirk, Meidling <912>",138
Mödling <317>,"Wien 13.Bezirk, Hietzing <913>",80
Mödling <317>,"Wien 14.Bezirk, Penzing <914>",74
Mödling <317>,"Wien 15.Bezirk, Rudolfsheim-Fünfhaus <915>",59
Mödling <317>,"Wien 16.Bezirk, Ottakring <916>",92
Mödling <317>,"Wien 17.Bezirk, Hernals <917>",39
Mödling <317>,"Wien 18.Bezirk, Währing <918>",35
Mödling <317>,"Wien 19.Bezirk, Döbling <919>",49
Mödling <317>,"Wien 20.Bezirk, Brigittenau <920>",45
Mödling <317>,"Wien 21.Bezirk, Floridsdorf <921>",69
Mödling <317>,"Wien 22.Bezirk, Donaustadt <922>",104
Mödling <317>,"Wien 23.Bezirk, Liesing <923>",372
Neunkirchen <318>,Graz (Stadt) <601>,27
Neunkirchen <318>,Bruck an der Mur ^<602>,-
Neunkirchen <318>,Bruck-Mürzzuschlag <621>,34
Neunkirchen <318>,Deutschlandsberg <603>,3
Neunkirchen <318>,Feldbach ^<604>,-
Neunkirchen <318>,Fürstenfeld ^<605>,-
Neunkirchen <318>,Graz Umgebung <606>,11
Neunkirchen <318>,Hartberg ^<607>,-
Neunkirchen <318>,Hartberg-Fürstenfeld <622>,42
Neunkirchen <318>,Judenburg ^<608>,-
Neunkirchen <318>,Knittelfeld ^<609>,-
Neunkirchen <318>,Leibnitz <610>,3
Neunkirchen <318>,Leoben <611>,11
Neunkirchen <318>,Liezen <612>,4
Neunkirchen <318>,Murtal <620>,4
Neunkirchen <318>,Mürzzuschlag ^<613>,-
Neunkirchen <318>,Murau <614>,1
Neunkirchen <318>,Radkersburg ^<615>,-
Neunkirchen <318>,Südoststeiermark <623>,3
Neunkirchen <318>,Voitsberg <616>,2
Neunkirchen <318>,Weiz <617>,9
Neunkirchen <318>,Innsbruck (Stadt) <701>,3
Neunkirchen <318>,Imst <702>,-
Neunkirchen <318>,Innsbruck Land <703>,3
Neunkirchen <318>,Kitzbühel <704>,2
Neunkirchen <318>,Kufstein <705>,2
Neunkirchen <318>,Landeck <706>,-
Neunkirchen <318>,Lienz <707>,1
Neunkirchen <318>,Reutte <708>,-
Neunkirchen <318>,Schwaz <709>,3
Neunkirchen <318>,Bludenz <801>,2
Neunkirchen <318>,Bregenz <802>,6
Neunkirchen <318>,Dornbirn <803>,4
Neunkirchen <318>,Feldkirch <804>,2
Neunkirchen <318>,"Wien 1.Bezirk, Innere Stadt <901>",3
Neunkirchen <318>,"Wien 2.Bezirk, Leopoldstadt <902>",37
Neunkirchen <318>,"Wien 3.Bezirk, Landstraße <903>",44
Neunkirchen <318>,"Wien 4.Bezirk, Wieden <904>",18
Neunkirchen <318>,"Wien 5.Bezirk, Margareten <905>",21
Neunkirchen <318>,"Wien 6.Bezirk, Mariahilf <906>",5
Neunkirchen <318>,"Wien 7.Bezirk, Neubau <907>",16
Neunkirchen <318>,"Wien 8.Bezirk, Josefstadt <908>",9
Neunkirchen <318>,"Wien 9.Bezirk, Alsergrund <909>",14
Neunkirchen <318>,"Wien 10.Bezirk, Favoriten <910>",55
Neunkirchen <318>,"Wien 11.Bezirk, Simmering <911>",27
Neunkirchen <318>,"Wien 12.Bezirk, Meidling <912>",39
Neunkirchen <318>,"Wien 13.Bezirk, Hietzing <913>",15
Neunkirchen <318>,"Wien 14.Bezirk, Penzing <914>",31
Neunkirchen <318>,"Wien 15.Bezirk, Rudolfsheim-Fünfhaus <915>",24
Neunkirchen <318>,"Wien 16.Bezirk, Ottakring <916>",31
Neunkirchen <318>,"Wien 17.Bezirk, Hernals <917>",11
Neunkirchen <318>,"Wien 18.Bezirk, Währing <918>",13
Neunkirchen <318>,"Wien 19.Bezirk, Döbling <919>",17
Neunkirchen <318>,"Wien 20.Bezirk, Brigittenau <920>",11
Neunkirchen <318>,"Wien 21.Bezirk, Floridsdorf <921>",35
Neunkirchen <318>,"Wien 22.Bezirk, Donaustadt <922>",26
Neunkirchen <318>,"Wien 23.Bezirk, Liesing <923>",21
Sankt Pölten Land <319>,Graz (Stadt) <601>,24
Sankt Pölten Land <319>,Bruck an der Mur ^<602>,-
Sankt Pölten Land <319>,Bruck-Mürzzuschlag <621>,10
Sankt Pölten Land <319>,Deutschlandsberg <603>,2
Sankt Pölten Land <319>,Feldbach ^<604>,-
Sankt Pölten Land <319>,Fürstenfeld ^<605>,-
Sankt Pölten Land <319>,Graz Umgebung <606>,6
Sankt Pölten Land <319>,Hartberg ^<607>,-
Sankt Pölten Land <319>,Hartberg-Fürstenfeld <622>,14
Sankt Pölten Land <319>,Judenburg ^<608>,-
Sankt Pölten Land <319>,Knittelfeld ^<609>,-
Sankt Pölten Land <319>,Leibnitz <610>,1
Sankt Pölten Land <319>,Leoben <611>,8
Sankt Pölten Land <319>,Liezen <612>,7
Sankt Pölten Land <319>,Murtal <620>,14
Sankt Pölten Land <319>,Mürzzuschlag ^<613>,-
Sankt Pölten Land <319>,Murau <614>,1
Sankt Pölten Land <319>,Radkersburg ^<615>,-
Sankt Pölten Land <319>,Südoststeiermark <623>,2
Sankt Pölten Land <319>,Voitsberg <616>,1
Sankt Pölten Land <319>,Weiz <617>,5
Sankt Pölten Land <319>,Innsbruck (Stadt) <701>,9
Sankt Pölten Land <319>,Imst <702>,-
Sankt Pölten Land <319>,Innsbruck Land <703>,3
Sankt Pölten Land <319>,Kitzbühel <704>,3
Sankt Pölten Land <319>,Kufstein <705>,2
Sankt Pölten Land <319>,Landeck <706>,2
Sankt Pölten Land <319>,Lienz <707>,1
Sankt Pölten Land <319>,Reutte <708>,3
Sankt Pölten Land <319>,Schwaz <709>,6
Sankt Pölten Land <319>,Bludenz <801>,2
Sankt Pölten Land <319>,Bregenz <802>,8
Sankt Pölten Land <319>,Dornbirn <803>,7
Sankt Pölten Land <319>,Feldkirch <804>,-
Sankt Pölten Land <319>,"Wien 1.Bezirk, Innere Stadt <901>",12
Sankt Pölten Land <319>,"Wien 2.Bezirk, Leopoldstadt <902>",48
Sankt Pölten Land <319>,"Wien 3.Bezirk, Landstraße <903>",58
Sankt Pölten Land <319>,"Wien 4.Bezirk, Wieden <904>",22
Sankt Pölten Land <319>,"Wien 5.Bezirk, Margareten <905>",40
Sankt Pölten Land <319>,"Wien 6.Bezirk, Mariahilf <906>",26
Sankt Pölten Land <319>,"Wien 7.Bezirk, Neubau <907>",34
Sankt Pölten Land <319>,"Wien 8.Bezirk, Josefstadt <908>",17
Sankt Pölten Land <319>,"Wien 9.Bezirk, Alsergrund <909>",27
Sankt Pölten Land <319>,"Wien 10.Bezirk, Favoriten <910>",74
Sankt Pölten Land <319>,"Wien 11.Bezirk, Simmering <911>",37
Sankt Pölten Land <319>,"Wien 12.Bezirk, Meidling <912>",69
Sankt Pölten Land <319>,"Wien 13.Bezirk, Hietzing <913>",63
Sankt Pölten Land <319>,"Wien 14.Bezirk, Penzing <914>",206
Sankt Pölten Land <319>,"Wien 15.Bezirk, Rudolfsheim-Fünfhaus <915>",69
Sankt Pölten Land <319>,"Wien 16.Bezirk, Ottakring <916>",105
Sankt Pölten Land <319>,"Wien 17.Bezirk, Hernals <917>",44
Sankt Pölten Land <319>,"Wien 18.Bezirk, Währing <918>",37
Sankt Pölten Land <319>,"Wien 19.Bezirk, Döbling <919>",49
Sankt Pölten Land <319>,"Wien 20.Bezirk, Brigittenau <920>",35
Sankt Pölten Land <319>,"Wien 21.Bezirk, Floridsdorf <921>",54
Sankt Pölten Land <319>,"Wien 22.Bezirk, Donaustadt <922>",46
Sankt Pölten Land <319>,"Wien 23.Bezirk, Liesing <923>",76
Scheibbs <320>,Graz (Stadt) <601>,10
Scheibbs <320>,Bruck an der Mur ^<602>,-
Scheibbs <320>,Bruck-Mürzzuschlag <621>,2
Scheibbs <320>,Deutschlandsberg <603>,1
Scheibbs <320>,Feldbach ^<604>,-
Scheibbs <320>,Fürstenfeld ^<605>,-
Scheibbs <320>,Graz Umgebung <606>,1
Scheibbs <320>,Hartberg ^<607>,-
Scheibbs <320>,Hartberg-Fürstenfeld <622>,2
Scheibbs <320>,Judenburg ^<608>,-
Scheibbs <320>,Knittelfeld ^<609>,-
Scheibbs <320>,Leibnitz <610>,-
Scheibbs <320>,Leoben <611>,1
Scheibbs <320>,Liezen <612>,6
Scheibbs <320>,Murtal <620>,2
Scheibbs <320>,Mürzzuschlag ^<613>,-
Scheibbs <320>,Murau <614>,-
Scheibbs <320>,Radkersburg ^<615>,-
Scheibbs <320>,Südoststeiermark <623>,1
Scheibbs <320>,Voitsberg <616>,2
Scheibbs <320>,Weiz <617>,-
Scheibbs <320>,Innsbruck (Stadt) <701>,2
Scheibbs <320>,Imst <702>,2
Scheibbs <320>,Innsbruck Land <703>,3
Scheibbs <320>,Kitzbühel <704>,1
Scheibbs <320>,Kufstein <705>,1
Scheibbs <320>,Landeck <706>,2
Scheibbs <320>,Lienz <707>,1
Scheibbs <320>,Reutte <708>,1
Scheibbs <320>,Schwaz <709>,-
Scheibbs <320>,Bludenz <801>,-
Scheibbs <320>,Bregenz <802>,-
Scheibbs <320>,Dornbirn <803>,2
Scheibbs <320>,Feldkirch <804>,1
Scheibbs <320>,"Wien 1.Bezirk, Innere Stadt <901>",-
Scheibbs <320>,"Wien 2.Bezirk, Leopoldstadt <902>",6
Scheibbs <320>,"Wien 3.Bezirk, Landstraße <903>",4
Scheibbs <320>,"Wien 4.Bezirk, Wieden <904>",-
Scheibbs <320>,"Wien 5.Bezirk, Margareten <905>",3
Scheibbs <320>,"Wien 6.Bezirk, Mariahilf <906>",4
Scheibbs <320>,"Wien 7.Bezirk, Neubau <907>",3
Scheibbs <320>,"Wien 8.Bezirk, Josefstadt <908>",5
Scheibbs <320>,"Wien 9.Bezirk, Alsergrund <909>",6
Scheibbs <320>,"Wien 10.Bezirk, Favoriten <910>",16
Scheibbs <320>,"Wien 11.Bezirk, Simmering <911>",4
Scheibbs <320>,"Wien 12.Bezirk, Meidling <912>",15
Scheibbs <320>,"Wien 13.Bezirk, Hietzing <913>",2
Scheibbs <320>,"Wien 14.Bezirk, Penzing <914>",6
Scheibbs <320>,"Wien 15.Bezirk, Rudolfsheim-Fünfhaus <915>",13
Scheibbs <320>,"Wien 16.Bezirk, Ottakring <916>",13
Scheibbs <320>,"Wien 17.Bezirk, Hernals <917>",4
Scheibbs <320>,"Wien 18.Bezirk, Währing <918>",11
Scheibbs <320>,"Wien 19.Bezirk, Döbling <919>",-
Scheibbs <320>,"Wien 20.Bezirk, Brigittenau <920>",4
Scheibbs <320>,"Wien 21.Bezirk, Floridsdorf <921>",6
Scheibbs <320>,"Wien 22.Bezirk, Donaustadt <922>",14
Scheibbs <320>,"Wien 23.Bezirk, Liesing <923>",3
Tulln <321>,Graz (Stadt) <601>,22
Tulln <321>,Bruck an der Mur ^<602>,-
Tulln <321>,Bruck-Mürzzuschlag <621>,11
Tulln <321>,Deutschlandsberg <603>,-
Tulln <321>,Feldbach ^<604>,-
Tulln <321>,Fürstenfeld ^<605>,-
Tulln <321>,Graz Umgebung <606>,3
Tulln <321>,Hartberg ^<607>,-
Tulln <321>,Hartberg-Fürstenfeld <622>,8
Tulln <321>,Judenburg ^<608>,-
Tulln <321>,Knittelfeld ^<609>,-
Tulln <321>,Leibnitz <610>,12
Tulln <321>,Leoben <611>,6
Tulln <321>,Liezen <612>,7
Tulln <321>,Murtal <620>,3
Tulln <321>,Mürzzuschlag ^<613>,-
Tulln <321>,Murau <614>,-
Tulln <321>,Radkersburg ^<615>,-
Tulln <321>,Südoststeiermark <623>,3
Tulln <321>,Voitsberg <616>,1
Tulln <321>,Weiz <617>,5
Tulln <321>,Innsbruck (Stadt) <701>,10
Tulln <321>,Imst <702>,3
Tulln <321>,Innsbruck Land <703>,4
Tulln <321>,Kitzbühel <704>,6
Tulln <321>,Kufstein <705>,5
Tulln <321>,Landeck <706>,-
Tulln <321>,Lienz <707>,5
Tulln <321>,Reutte <708>,-
Tulln <321>,Schwaz <709>,4
Tulln <321>,Bludenz <801>,1
Tulln <321>,Bregenz <802>,5
Tulln <321>,Dornbirn <803>,2
Tulln <321>,Feldkirch <804>,1
Tulln <321>,"Wien 1.Bezirk, Innere Stadt <901>",32
Tulln <321>,"Wien 2.Bezirk, Leopoldstadt <902>",102
Tulln <321>,"Wien 3.Bezirk, Landstraße <903>",61
Tulln <321>,"Wien 4.Bezirk, Wieden <904>",17
Tulln <321>,"Wien 5.Bezirk, Margareten <905>",33
Tulln <321>,"Wien 6.Bezirk, Mariahilf <906>",27
Tulln <321>,"Wien 7.Bezirk, Neubau <907>",29
Tulln <321>,"Wien 8.Bezirk, Josefstadt <908>",24
Tulln <321>,"Wien 9.Bezirk, Alsergrund <909>",83
Tulln <321>,"Wien 10.Bezirk, Favoriten <910>",81
Tulln <321>,"Wien 11.Bezirk, Simmering <911>",30
Tulln <321>,"Wien 12.Bezirk, Meidling <912>",46
Tulln <321>,"Wien 13.Bezirk, Hietzing <913>",24
Tulln <321>,"Wien 14.Bezirk, Penzing <914>",65
Tulln <321>,"Wien 15.Bezirk, Rudolfsheim-Fünfhaus <915>",37
Tulln <321>,"Wien 16.Bezirk, Ottakring <916>",67
Tulln <321>,"Wien 17.Bezirk, Hernals <917>",44
Tulln <321>,"Wien 18.Bezirk, Währing <918>",83
Tulln <321>,"Wien 19.Bezirk, Döbling <919>",141
Tulln <321>,"Wien 20.Bezirk, Brigittenau <920>",118
Tulln <321>,"Wien 21.Bezirk, Floridsdorf <921>",118
Tulln <321>,"Wien 22.Bezirk, Donaustadt <922>",108
Tulln <321>,"Wien 23.Bezirk, Liesing <923>",47
Waidhofen an der Thaya <322>,Graz (Stadt) <601>,1
Waidhofen an der Thaya <322>,Bruck an der Mur ^<602>,-
Waidhofen an der Thaya <322>,Bruck-Mürzzuschlag <621>,-
Waidhofen an der Thaya <322>,Deutschlandsberg <603>,2
Waidhofen an der Thaya <322>,Feldbach ^<604>,-
Waidhofen an der Thaya <322>,Fürstenfeld ^<605>,-
Waidhofen an der Thaya <322>,Graz Umgebung <606>,-
Waidhofen an der Thaya <322>,Hartberg ^<607>,-
Waidhofen an der Thaya <322>,Hartberg-Fürstenfeld <622>,1
Waidhofen an der Thaya <322>,Judenburg ^<608>,-
Waidhofen an der Thaya <322>,Knittelfeld ^<609>,-
Waidhofen an der Thaya <322>,Leibnitz <610>,3
Waidhofen an der Thaya <322>,Leoben <611>,-
Waidhofen an der Thaya <322>,Liezen <612>,-
Waidhofen an der Thaya <322>,Murtal <620>,-
Waidhofen an der Thaya <322>,Mürzzuschlag ^<613>,-
Waidhofen an der Thaya <322>,Murau <614>,-
Waidhofen an der Thaya <322>,Radkersburg ^<615>,-
Waidhofen an der Thaya <322>,Südoststeiermark <623>,1
Waidhofen an der Thaya <322>,Voitsberg <616>,1
Waidhofen an der Thaya <322>,Weiz <617>,-
Waidhofen an der Thaya <322>,Innsbruck (Stadt) <701>,1
Waidhofen an der Thaya <322>,Imst <702>,-
Waidhofen an der Thaya <322>,Innsbruck Land <703>,1
Waidhofen an der Thaya <322>,Kitzbühel <704>,-
Waidhofen an der Thaya <322>,Kufstein <705>,2
Waidhofen an der Thaya <322>,Landeck <706>,-
Waidhofen an der Thaya <322>,Lienz <707>,-
Waidhofen an der Thaya <322>,Reutte <708>,1
Waidhofen an der Thaya <322>,Schwaz <709>,2
Waidhofen an der Thaya <322>,Bludenz <801>,-
Waidhofen an der Thaya <322>,Bregenz <802>,1
Waidhofen an der Thaya <322>,Dornbirn <803>,-
Waidhofen an der Thaya <322>,Feldkirch <804>,-
Waidhofen an der Thaya <322>,"Wien 1.Bezirk, Innere Stadt <901>",-
Waidhofen an der Thaya <322>,"Wien 2.Bezirk, Leopoldstadt <902>",6
Waidhofen an der Thaya <322>,"Wien 3.Bezirk, Landstraße <903>",5
Waidhofen an der Thaya <322>,"Wien 4.Bezirk, Wieden <904>",2
Waidhofen an der Thaya <322>,"Wien 5.Bezirk, Margareten <905>",3
Waidhofen an der Thaya <322>,"Wien 6.Bezirk, Mariahilf <906>",2
Waidhofen an der Thaya <322>,"Wien 7.Bezirk, Neubau <907>",2
Waidhofen an der Thaya <322>,"Wien 8.Bezirk, Josefstadt <908>",2
Waidhofen an der Thaya <322>,"Wien 9.Bezirk, Alsergrund <909>",5
Waidhofen an der Thaya <322>,"Wien 10.Bezirk, Favoriten <910>",12
Waidhofen an der Thaya <322>,"Wien 11.Bezirk, Simmering <911>",3
Waidhofen an der Thaya <322>,"Wien 12.Bezirk, Meidling <912>",6
Waidhofen an der Thaya <322>,"Wien 13.Bezirk, Hietzing <913>",7
Waidhofen an der Thaya <322>,"Wien 14.Bezirk, Penzing <914>",7
Waidhofen an der Thaya <322>,"Wien 15.Bezirk, Rudolfsheim-Fünfhaus <915>",4
Waidhofen an der Thaya <322>,"Wien 16.Bezirk, Ottakring <916>",8
Waidhofen an der Thaya <322>,"Wien 17.Bezirk, Hernals <917>",5
Waidhofen an der Thaya <322>,"Wien 18.Bezirk, Währing <918>",5
Waidhofen an der Thaya <322>,"Wien 19.Bezirk, Döbling <919>",5
Waidhofen an der Thaya <322>,"Wien 20.Bezirk, Brigittenau <920>",7
Waidhofen an der Thaya <322>,"Wien 21.Bezirk, Floridsdorf <921>",8
Waidhofen an der Thaya <322>,"Wien 22.Bezirk, Donaustadt <922>",14
Waidhofen an der Thaya <322>,"Wien 23.Bezirk, Liesing <923>",5
Wiener Neustadt Land <323>,Graz (Stadt) <601>,27
Wiener Neustadt Land <323>,Bruck an der Mur ^<602>,-
Wiener Neustadt Land <323>,Bruck-Mürzzuschlag <621>,9
Wiener Neustadt Land <323>,Deutschlandsberg <603>,3
Wiener Neustadt Land <323>,Feldbach ^<604>,-
Wiener Neustadt Land <323>,Fürstenfeld ^<605>,-
Wiener Neustadt Land <323>,Graz Umgebung <606>,3
Wiener Neustadt Land <323>,Hartberg ^<607>,-
Wiener Neustadt Land <323>,Hartberg-Fürstenfeld <622>,19
Wiener Neustadt Land <323>,Judenburg ^<608>,-
Wiener Neustadt Land <323>,Knittelfeld ^<609>,-
Wiener Neustadt Land <323>,Leibnitz <610>,2
Wiener Neustadt Land <323>,Leoben <611>,4
Wiener Neustadt Land <323>,Liezen <612>,1
Wiener Neustadt Land <323>,Murtal <620>,5
Wiener Neustadt Land <323>,Mürzzuschlag ^<613>,-
Wiener Neustadt Land <323>,Murau <614>,-
Wiener Neustadt Land <323>,Radkersburg ^<615>,-
Wiener Neustadt Land <323>,Südoststeiermark <623>,6
Wiener Neustadt Land <323>,Voitsberg <616>,-
Wiener Neustadt Land <323>,Weiz <617>,5
Wiener Neustadt Land <323>,Innsbruck (Stadt) <701>,1
Wiener Neustadt Land <323>,Imst <702>,-
Wiener Neustadt Land <323>,Innsbruck Land <703>,-
Wiener Neustadt Land <323>,Kitzbühel <704>,1
Wiener Neustadt Land <323>,Kufstein <705>,-
Wiener Neustadt Land <323>,Landeck <706>,1
Wiener Neustadt Land <323>,Lienz <707>,2
Wiener Neustadt Land <323>,Reutte <708>,-
Wiener Neustadt Land <323>,Schwaz <709>,1
Wiener Neustadt Land <323>,Bludenz <801>,3
Wiener Neustadt Land <323>,Bregenz <802>,2
Wiener Neustadt Land <323>,Dornbirn <803>,4
Wiener Neustadt Land <323>,Feldkirch <804>,2
Wiener Neustadt Land <323>,"Wien 1.Bezirk, Innere Stadt <901>",6
Wiener Neustadt Land <323>,"Wien 2.Bezirk, Leopoldstadt <902>",16
Wiener Neustadt Land <323>,"Wien 3.Bezirk, Landstraße <903>",23
Wiener Neustadt Land <323>,"Wien 4.Bezirk, Wieden <904>",7
Wiener Neustadt Land <323>,"Wien 5.Bezirk, Margareten <905>",26
Wiener Neustadt Land <323>,"Wien 6.Bezirk, Mariahilf <906>",12
Wiener Neustadt Land <323>,"Wien 7.Bezirk, Neubau <907>",5
Wiener Neustadt Land <323>,"Wien 8.Bezirk, Josefstadt <908>",4
Wiener Neustadt Land <323>,"Wien 9.Bezirk, Alsergrund <909>",7
Wiener Neustadt Land <323>,"Wien 10.Bezirk, Favoriten <910>",70
Wiener Neustadt Land <323>,"Wien 11.Bezirk, Simmering <911>",19
Wiener Neustadt Land <323>,"Wien 12.Bezirk, Meidling <912>",29
Wiener Neustadt Land <323>,"Wien 13.Bezirk, Hietzing <913>",17
Wiener Neustadt Land <323>,"Wien 14.Bezirk, Penzing <914>",20
Wiener Neustadt Land <323>,"Wien 15.Bezirk, Rudolfsheim-Fünfhaus <915>",20
Wiener Neustadt Land <323>,"Wien 16.Bezirk, Ottakring <916>",23
Wiener Neustadt Land <323>,"Wien 17.Bezirk, Hernals <917>",14
Wiener Neustadt Land <323>,"Wien 18.Bezirk, Währing <918>",9
Wiener Neustadt Land <323>,"Wien 19.Bezirk, Döbling <919>",10
Wiener Neustadt Land <323>,"Wien 20.Bezirk, Brigittenau <920>",17
Wiener Neustadt Land <323>,"Wien 21.Bezirk, Floridsdorf <921>",28
Wiener Neustadt Land <323>,"Wien 22.Bezirk, Donaustadt <922>",27
Wiener Neustadt Land <323>,"Wien 23.Bezirk, Liesing <923>",36
Wien Umgebung ^<324>,Graz (Stadt) <601>,-
Wien Umgebung ^<324>,Bruck an der Mur ^<602>,-
Wien Umgebung ^<324>,Bruck-Mürzzuschlag <621>,-
Wien Umgebung ^<324>,Deutschlandsberg <603>,-
Wien Umgebung ^<324>,Feldbach ^<604>,-
Wien Umgebung ^<324>,Fürstenfeld ^<605>,-
Wien Umgebung ^<324>,Graz Umgebung <606>,-
Wien Umgebung ^<324>,Hartberg ^<607>,-
Wien Umgebung ^<324>,Hartberg-Fürstenfeld <622>,-
Wien Umgebung ^<324>,Judenburg ^<608>,-
Wien Umgebung ^<324>,Knittelfeld ^<609>,-
Wien Umgebung ^<324>,Leibnitz <610>,-
Wien Umgebung ^<324>,Leoben <611>,-
Wien Umgebung ^<324>,Liezen <612>,-
Wien Umgebung ^<324>,Murtal <620>,-
Wien Umgebung ^<324>,Mürzzuschlag ^<613>,-
Wien Umgebung ^<324>,Murau <614>,-
Wien Umgebung ^<324>,Radkersburg ^<615>,-
Wien Umgebung ^<324>,Südoststeiermark <623>,-
Wien Umgebung ^<324>,Voitsberg <616>,-
Wien Umgebung ^<324>,Weiz <617>,-
Wien Umgebung ^<324>,Innsbruck (Stadt) <701>,-
Wien Umgebung ^<324>,Imst <702>,-
Wien Umgebung ^<324>,Innsbruck Land <703>,-
Wien Umgebung ^<324>,Kitzbühel <704>,-
Wien Umgebung ^<324>,Kufstein <705>,-
Wien Umgebung ^<324>,Landeck <706>,-
Wien Umgebung ^<324>,Lienz <707>,-
Wien Umgebung ^<324>,Reutte <708>,-
Wien Umgebung ^<324>,Schwaz <709>,-
Wien Umgebung ^<324>,Bludenz <801>,-
Wien Umgebung ^<324>,Bregenz <802>,-
Wien Umgebung ^<324>,Dornbirn <803>,-
Wien Umgebung ^<324>,Feldkirch <804>,-
Wien Umgebung ^<324>,"Wien 1.Bezirk, Innere Stadt <901>",-
Wien Umgebung ^<324>,"Wien 2.Bezirk, Leopoldstadt <902>",-
Wien Umgebung ^<324>,"Wien 3.Bezirk, Landstraße <903>",-
Wien Umgebung ^<324>,"Wien 4.Bezirk, Wieden <904>",-
Wien Umgebung ^<324>,"Wien 5.Bezirk, Margareten <905>",-
Wien Umgebung ^<324>,"Wien 6.Bezirk, Mariahilf <906>",-
Wien Umgebung ^<324>,"Wien 7.Bezirk, Neubau <907>",-
Wien Umgebung ^<324>,"Wien 8.Bezirk, Josefstadt <908>",-
Wien Umgebung ^<324>,"Wien 9.Bezirk, Alsergrund <909>",-
Wien Umgebung ^<324>,"Wien 10.Bezirk, Favoriten <910>",-
Wien Umgebung ^<324>,"Wien 11.Bezirk, Simmering <911>",-
Wien Umgebung ^<324>,"Wien 12.Bezirk, Meidling <912>",-
Wien Umgebung ^<324>,"Wien 13.Bezirk, Hietzing <913>",-
Wien Umgebung ^<324>,"Wien 14.Bezirk, Penzing <914>",-
Wien Umgebung ^<324>,"Wien 15.Bezirk, Rudolfsheim-Fünfhaus <915>",-
Wien Umgebung ^<324>,"Wien 16.Bezirk, Ottakring <916>",-
Wien Umgebung ^<324>,"Wien 17.Bezirk, Hernals <917>",-
Wien Umgebung ^<324>,"Wien 18.Bezirk, Währing <918>",-
Wien Umgebung ^<324>,"Wien 19.Bezirk, Döbling <919>",-
Wien Umgebung ^<324>,"Wien 20.Bezirk, Brigittenau <920>",-
Wien Umgebung ^<324>,"Wien 21.Bezirk, Floridsdorf <921>",-
Wien Umgebung ^<324>,"Wien 22.Bezirk, Donaustadt <922>",-
Wien Umgebung ^<324>,"Wien 23.Bezirk, Liesing <923>",-
Zwettl <325>,Graz (Stadt) <601>,1
Zwettl <325>,Bruck an der Mur ^<602>,-
Zwettl <325>,Bruck-Mürzzuschlag <621>,2
Zwettl <325>,Deutschlandsberg <603>,1
Zwettl <325>,Feldbach ^<604>,-
Zwettl <325>,Fürstenfeld ^<605>,-
Zwettl <325>,Graz Umgebung <606>,-
Zwettl <325>,Hartberg ^<607>,-
Zwettl <325>,Hartberg-Fürstenfeld <622>,1
Zwettl <325>,Judenburg ^<608>,-
Zwettl <325>,Knittelfeld ^<609>,-
Zwettl <325>,Leibnitz <610>,-
Zwettl <325>,Leoben <611>,-
Zwettl <325>,Liezen <612>,2
Zwettl <325>,Murtal <620>,-
Zwettl <325>,Mürzzuschlag ^<613>,-
Zwettl <325>,Murau <614>,2
Zwettl <325>,Radkersburg ^<615>,-
Zwettl <325>,Südoststeiermark <623>,1
Zwettl <325>,Voitsberg <616>,-
Zwettl <325>,Weiz <617>,2
Zwettl <325>,Innsbruck (Stadt) <701>,-
Zwettl <325>,Imst <702>,1
Zwettl <325>,Innsbruck Land <703>,-
Zwettl <325>,Kitzbühel <704>,-
Zwettl <325>,Kufstein <705>,2
Zwettl <325>,Landeck <706>,1
Zwettl <325>,Lienz <707>,4
Zwettl <325>,Reutte <708>,-
Zwettl <325>,Schwaz <709>,6
Zwettl <325>,Bludenz <801>,-
Zwettl <325>,Bregenz <802>,1
Zwettl <325>,Dornbirn <803>,3
Zwettl <325>,Feldkirch <804>,1
Zwettl <325>,"Wien 1.Bezirk, Innere Stadt <901>",3
Zwettl <325>,"Wien 2.Bezirk, Leopoldstadt <902>",14
Zwettl <325>,"Wien 3.Bezirk, Landstraße <903>",8
Zwettl <325>,"Wien 4.Bezirk, Wieden <904>",1
Zwettl <325>,"Wien 5.Bezirk, Margareten <905>",5
Zwettl <325>,"Wien 6.Bezirk, Mariahilf <906>",1
Zwettl <325>,"Wien 7.Bezirk, Neubau <907>",3
Zwettl <325>,"Wien 8.Bezirk, Josefstadt <908>",1
Zwettl <325>,"Wien 9.Bezirk, Alsergrund <909>",6
Zwettl <325>,"Wien 10.Bezirk, Favoriten <910>",6
Zwettl <325>,"Wien 11.Bezirk, Simmering <911>",2
Zwettl <325>,"Wien 12.Bezirk, Meidling <912>",9
Zwettl <325>,"Wien 13.Bezirk, Hietzing <913>",3
Zwettl <325>,"Wien 14.Bezirk, Penzing <914>",14
Zwettl <325>,"Wien 15.Bezirk, Rudolfsheim-Fünfhaus <915>",4
Zwettl <325>,"Wien 16.Bezirk, Ottakring <916>",12
Zwettl <325>,"Wien 17.Bezirk, Hernals <917>",6
Zwettl <325>,"Wien 18.Bezirk, Währing <918>",5
Zwettl <325>,"Wien 19.Bezirk, Döbling <919>",13
Zwettl <325>,"Wien 20.Bezirk, Brigittenau <920>",13
Zwettl <325>,"Wien 21.Bezirk, Floridsdorf <921>",7
Zwettl <325>,"Wien 22.Bezirk, Donaustadt <922>",10
Zwettl <325>,"Wien 23.Bezirk, Liesing <923>",5
Stadt Linz <401>,Graz (Stadt) <601>,153
Stadt Linz <401>,Bruck an der Mur ^<602>,-
Stadt Linz <401>,Bruck-Mürzzuschlag <621>,13
Stadt Linz <401>,Deutschlandsberg <603>,4
Stadt Linz <401>,Feldbach ^<604>,-
Stadt Linz <401>,Fürstenfeld ^<605>,-
Stadt Linz <401>,Graz Umgebung <606>,22
Stadt Linz <401>,Hartberg ^<607>,-
Stadt Linz <401>,Hartberg-Fürstenfeld <622>,4
Stadt Linz <401>,Judenburg ^<608>,-
Stadt Linz <401>,Knittelfeld ^<609>,-
Stadt Linz <401>,Leibnitz <610>,10
Stadt Linz <401>,Leoben <611>,26
Stadt Linz <401>,Liezen <612>,33
Stadt Linz <401>,Murtal <620>,5
Stadt Linz <401>,Mürzzuschlag ^<613>,-
Stadt Linz <401>,Murau <614>,1
Stadt Linz <401>,Radkersburg ^<615>,-
Stadt Linz <401>,Südoststeiermark <623>,6
Stadt Linz <401>,Voitsberg <616>,3
Stadt Linz <401>,Weiz <617>,4
Stadt Linz <401>,Innsbruck (Stadt) <701>,52
Stadt Linz <401>,Imst <702>,5
Stadt Linz <401>,Innsbruck Land <703>,27
Stadt Linz <401>,Kitzbühel <704>,16
Stadt Linz <401>,Kufstein <705>,11
Stadt Linz <401>,Landeck <706>,5
Stadt Linz <401>,Lienz <707>,4
Stadt Linz <401>,Reutte <708>,6
Stadt Linz <401>,Schwaz <709>,10
Stadt Linz <401>,Bludenz <801>,4
Stadt Linz <401>,Bregenz <802>,15
Stadt Linz <401>,Dornbirn <803>,9
Stadt Linz <401>,Feldkirch <804>,18
Stadt Linz <401>,"Wien 1.Bezirk, Innere Stadt <901>",6
Stadt Linz <401>,"Wien 2.Bezirk, Leopoldstadt <902>",93
Stadt Linz <401>,"Wien 3.Bezirk, Landstraße <903>",53
Stadt Linz <401>,"Wien 4.Bezirk, Wieden <904>",23
Stadt Linz <401>,"Wien 5.Bezirk, Margareten <905>",52
Stadt Linz <401>,"Wien 6.Bezirk, Mariahilf <906>",32
Stadt Linz <401>,"Wien 7.Bezirk, Neubau <907>",28
Stadt Linz <401>,"Wien 8.Bezirk, Josefstadt <908>",35
Stadt Linz <401>,"Wien 9.Bezirk, Alsergrund <909>",31
Stadt Linz <401>,"Wien 10.Bezirk, Favoriten <910>",221
Stadt Linz <401>,"Wien 11.Bezirk, Simmering <911>",55
Stadt Linz <401>,"Wien 12.Bezirk, Meidling <912>",76
Stadt Linz <401>,"Wien 13.Bezirk, Hietzing <913>",19
Stadt Linz <401>,"Wien 14.Bezirk, Penzing <914>",64
Stadt Linz <401>,"Wien 15.Bezirk, Rudolfsheim-Fünfhaus <915>",100
Stadt Linz <401>,"Wien 16.Bezirk, Ottakring <916>",90
Stadt Linz <401>,"Wien 17.Bezirk, Hernals <917>",48
Stadt Linz <401>,"Wien 18.Bezirk, Währing <918>",27
Stadt Linz <401>,"Wien 19.Bezirk, Döbling <919>",51
Stadt Linz <401>,"Wien 20.Bezirk, Brigittenau <920>",60
Stadt Linz <401>,"Wien 21.Bezirk, Floridsdorf <921>",93
Stadt Linz <401>,"Wien 22.Bezirk, Donaustadt <922>",120
Stadt Linz <401>,"Wien 23.Bezirk, Liesing <923>",38
Stadt Steyr <402>,Graz (Stadt) <601>,21
Stadt Steyr <402>,Bruck an der Mur ^<602>,-
Stadt Steyr <402>,Bruck-Mürzzuschlag <621>,3
Stadt Steyr <402>,Deutschlandsberg <603>,3
Stadt Steyr <402>,Feldbach ^<604>,-
Stadt Steyr <402>,Fürstenfeld ^<605>,-
Stadt Steyr <402>,Graz Umgebung <606>,2
Stadt Steyr <402>,Hartberg ^<607>,-
Stadt Steyr <402>,Hartberg-Fürstenfeld <622>,5
Stadt Steyr <402>,Judenburg ^<608>,-
Stadt Steyr <402>,Knittelfeld ^<609>,-
Stadt Steyr <402>,Leibnitz <610>,3
Stadt Steyr <402>,Leoben <611>,4
Stadt Steyr <402>,Liezen <612>,4
Stadt Steyr <402>,Murtal <620>,2
Stadt Steyr <402>,Mürzzuschlag ^<613>,-
Stadt Steyr <402>,Murau <614>,-
Stadt Steyr <402>,Radkersburg ^<615>,-
Stadt Steyr <402>,Südoststeiermark <623>,2
Stadt Steyr <402>,Voitsberg <616>,2
Stadt Steyr <402>,Weiz <617>,2
Stadt Steyr <402>,Innsbruck (Stadt) <701>,12
Stadt Steyr <402>,Imst <702>,3
Stadt Steyr <402>,Innsbruck Land <703>,1
Stadt Steyr <402>,Kitzbühel <704>,1
Stadt Steyr <402>,Kufstein <705>,2
Stadt Steyr <402>,Landeck <706>,-
Stadt Steyr <402>,Lienz <707>,-
Stadt Steyr <402>,Reutte <708>,1
Stadt Steyr <402>,Schwaz <709>,2
Stadt Steyr <402>,Bludenz <801>,1
Stadt Steyr <402>,Bregenz <802>,6
Stadt Steyr <402>,Dornbirn <803>,1
Stadt Steyr <402>,Feldkirch <804>,-
Stadt Steyr <402>,"Wien 1.Bezirk, Innere Stadt <901>",3
Stadt Steyr <402>,"Wien 2.Bezirk, Leopoldstadt <902>",12
Stadt Steyr <402>,"Wien 3.Bezirk, Landstraße <903>",20
Stadt Steyr <402>,"Wien 4.Bezirk, Wieden <904>",1
Stadt Steyr <402>,"Wien 5.Bezirk, Margareten <905>",4
Stadt Steyr <402>,"Wien 6.Bezirk, Mariahilf <906>",2
Stadt Steyr <402>,"Wien 7.Bezirk, Neubau <907>",6
Stadt Steyr <402>,"Wien 8.Bezirk, Josefstadt <908>",2
Stadt Steyr <402>,"Wien 9.Bezirk, Alsergrund <909>",6
Stadt Steyr <402>,"Wien 10.Bezirk, Favoriten <910>",22
Stadt Steyr <402>,"Wien 11.Bezirk, Simmering <911>",10
Stadt Steyr <402>,"Wien 12.Bezirk, Meidling <912>",5
Stadt Steyr <402>,"Wien 13.Bezirk, Hietzing <913>",2
Stadt Steyr <402>,"Wien 14.Bezirk, Penzing <914>",7
Stadt Steyr <402>,"Wien 15.Bezirk, Rudolfsheim-Fünfhaus <915>",24
Stadt Steyr <402>,"Wien 16.Bezirk, Ottakring <916>",6
Stadt Steyr <402>,"Wien 17.Bezirk, Hernals <917>",7
Stadt Steyr <402>,"Wien 18.Bezirk, Währing <918>",8
Stadt Steyr <402>,"Wien 19.Bezirk, Döbling <919>",1
Stadt Steyr <402>,"Wien 20.Bezirk, Brigittenau <920>",4
Stadt Steyr <402>,"Wien 21.Bezirk, Floridsdorf <921>",13
Stadt Steyr <402>,"Wien 22.Bezirk, Donaustadt <922>",9
Stadt Steyr <402>,"Wien 23.Bezirk, Liesing <923>",12
Stadt Wels <403>,Graz (Stadt) <601>,39
Stadt Wels <403>,Bruck an der Mur ^<602>,-
Stadt Wels <403>,Bruck-Mürzzuschlag <621>,4
Stadt Wels <403>,Deutschlandsberg <603>,1
Stadt Wels <403>,Feldbach ^<604>,-
Stadt Wels <403>,Fürstenfeld ^<605>,-
Stadt Wels <403>,Graz Umgebung <606>,7
Stadt Wels <403>,Hartberg ^<607>,-
Stadt Wels <403>,Hartberg-Fürstenfeld <622>,3
Stadt Wels <403>,Judenburg ^<608>,-
Stadt Wels <403>,Knittelfeld ^<609>,-
Stadt Wels <403>,Leibnitz <610>,8
Stadt Wels <403>,Leoben <611>,15
Stadt Wels <403>,Liezen <612>,12
Stadt Wels <403>,Murtal <620>,1
Stadt Wels <403>,Mürzzuschlag ^<613>,-
Stadt Wels <403>,Murau <614>,-
Stadt Wels <403>,Radkersburg ^<615>,-
Stadt Wels <403>,Südoststeiermark <623>,2
Stadt Wels <403>,Voitsberg <616>,3
Stadt Wels <403>,Weiz <617>,6
Stadt Wels <403>,Innsbruck (Stadt) <701>,13
Stadt Wels <403>,Imst <702>,5
Stadt Wels <403>,Innsbruck Land <703>,5
Stadt Wels <403>,Kitzbühel <704>,3
Stadt Wels <403>,Kufstein <705>,9
Stadt Wels <403>,Landeck <706>,-
Stadt Wels <403>,Lienz <707>,2
Stadt Wels <403>,Reutte <708>,-
Stadt Wels <403>,Schwaz <709>,1
Stadt Wels <403>,Bludenz <801>,2
Stadt Wels <403>,Bregenz <802>,1
Stadt Wels <403>,Dornbirn <803>,5
Stadt Wels <403>,Feldkirch <804>,7
Stadt Wels <403>,"Wien 1.Bezirk, Innere Stadt <901>",4
Stadt Wels <403>,"Wien 2.Bezirk, Leopoldstadt <902>",18
Stadt Wels <403>,"Wien 3.Bezirk, Landstraße <903>",9
Stadt Wels <403>,"Wien 4.Bezirk, Wieden <904>",8
Stadt Wels <403>,"Wien 5.Bezirk, Margareten <905>",8
Stadt Wels <403>,"Wien 6.Bezirk, Mariahilf <906>",3
Stadt Wels <403>,"Wien 7.Bezirk, Neubau <907>",3
Stadt Wels <403>,"Wien 8.Bezirk, Josefstadt <908>",8
Stadt Wels <403>,"Wien 9.Bezirk, Alsergrund <909>",7
Stadt Wels <403>,"Wien 10.Bezirk, Favoriten <910>",27
Stadt Wels <403>,"Wien 11.Bezirk, Simmering <911>",15
Stadt Wels <403>,"Wien 12.Bezirk, Meidling <912>",21
Stadt Wels <403>,"Wien 13.Bezirk, Hietzing <913>",9
Stadt Wels <403>,"Wien 14.Bezirk, Penzing <914>",8
Stadt Wels <403>,"Wien 15.Bezirk, Rudolfsheim-Fünfhaus <915>",23
Stadt Wels <403>,"Wien 16.Bezirk, Ottakring <916>",23
Stadt Wels <403>,"Wien 17.Bezirk, Hernals <917>",6
Stadt Wels <403>,"Wien 18.Bezirk, Währing <918>",6
Stadt Wels <403>,"Wien 19.Bezirk, Döbling <919>",8
Stadt Wels <403>,"Wien 20.Bezirk, Brigittenau <920>",8
Stadt Wels <403>,"Wien 21.Bezirk, Floridsdorf <921>",28
Stadt Wels <403>,"Wien 22.Bezirk, Donaustadt <922>",13
Stadt Wels <403>,"Wien 23.Bezirk, Liesing <923>",5
Braunau <404>,Graz (Stadt) <601>,51
Braunau <404>,Bruck an der Mur ^<602>,-
Braunau <404>,Bruck-Mürzzuschlag <621>,16
Braunau <404>,Deutschlandsberg <603>,6
Braunau <404>,Feldbach ^<604>,-
Braunau <404>,Fürstenfeld ^<605>,-
Braunau <404>,Graz Umgebung <606>,7
Braunau <404>,Hartberg ^<607>,-
Braunau <404>,Hartberg-Fürstenfeld <622>,6
Braunau <404>,Judenburg ^<608>,-
Braunau <404>,Knittelfeld ^<609>,-
Braunau <404>,Leibnitz <610>,4
Braunau <404>,Leoben <611>,5
Braunau <404>,Liezen <612>,6
Braunau <404>,Murtal <620>,3
Braunau <404>,Mürzzuschlag ^<613>,-
Braunau <404>,Murau <614>,1
Braunau <404>,Radkersburg ^<615>,-
Braunau <404>,Südoststeiermark <623>,-
Braunau <404>,Voitsberg <616>,2
Braunau <404>,Weiz <617>,1
Braunau <404>,Innsbruck (Stadt) <701>,11
Braunau <404>,Imst <702>,2
Braunau <404>,Innsbruck Land <703>,7
Braunau <404>,Kitzbühel <704>,2
Braunau <404>,Kufstein <705>,9
Braunau <404>,Landeck <706>,-
Braunau <404>,Lienz <707>,1
Braunau <404>,Reutte <708>,-
Braunau <404>,Schwaz <709>,5
Braunau <404>,Bludenz <801>,2
Braunau <404>,Bregenz <802>,7
Braunau <404>,Dornbirn <803>,7
Braunau <404>,Feldkirch <804>,2
Braunau <404>,"Wien 1.Bezirk, Innere Stadt <901>",-
Braunau <404>,"Wien 2.Bezirk, Leopoldstadt <902>",20
Braunau <404>,"Wien 3.Bezirk, Landstraße <903>",12
Braunau <404>,"Wien 4.Bezirk, Wieden <904>",3
Braunau <404>,"Wien 5.Bezirk, Margareten <905>",22
Braunau <404>,"Wien 6.Bezirk, Mariahilf <906>",5
Braunau <404>,"Wien 7.Bezirk, Neubau <907>",7
Braunau <404>,"Wien 8.Bezirk, Josefstadt <908>",4
Braunau <404>,"Wien 9.Bezirk, Alsergrund <909>",7
Braunau <404>,"Wien 10.Bezirk, Favoriten <910>",34
Braunau <404>,"Wien 11.Bezirk, Simmering <911>",6
Braunau <404>,"Wien 12.Bezirk, Meidling <912>",15
Braunau <404>,"Wien 13.Bezirk, Hietzing <913>",2
Braunau <404>,"Wien 14.Bezirk, Penzing <914>",5
Braunau <404>,"Wien 15.Bezirk, Rudolfsheim-Fünfhaus <915>",11
Braunau <404>,"Wien 16.Bezirk, Ottakring <916>",14
Braunau <404>,"Wien 17.Bezirk, Hernals <917>",9
Braunau <404>,"Wien 18.Bezirk, Währing <918>",7
Braunau <404>,"Wien 19.Bezirk, Döbling <919>",4
Braunau <404>,"Wien 20.Bezirk, Brigittenau <920>",13
Braunau <404>,"Wien 21.Bezirk, Floridsdorf <921>",25
Braunau <404>,"Wien 22.Bezirk, Donaustadt <922>",12
Braunau <404>,"Wien 23.Bezirk, Liesing <923>",10
Eferding <405>,Graz (Stadt) <601>,10
Eferding <405>,Bruck an der Mur ^<602>,-
Eferding <405>,Bruck-Mürzzuschlag <621>,2
Eferding <405>,Deutschlandsberg <603>,-
Eferding <405>,Feldbach ^<604>,-
Eferding <405>,Fürstenfeld ^<605>,-
Eferding <405>,Graz Umgebung <606>,4
Eferding <405>,Hartberg ^<607>,-
Eferding <405>,Hartberg-Fürstenfeld <622>,1
Eferding <405>,Judenburg ^<608>,-
Eferding <405>,Knittelfeld ^<609>,-
Eferding <405>,Leibnitz <610>,-
Eferding <405>,Leoben <611>,2
Eferding <405>,Liezen <612>,4
Eferding <405>,Murtal <620>,-
Eferding <405>,Mürzzuschlag ^<613>,-
Eferding <405>,Murau <614>,1
Eferding <405>,Radkersburg ^<615>,-
Eferding <405>,Südoststeiermark <623>,1
Eferding <405>,Voitsberg <616>,-
Eferding <405>,Weiz <617>,1
Eferding <405>,Innsbruck (Stadt) <701>,1
Eferding <405>,Imst <702>,1
Eferding <405>,Innsbruck Land <703>,1
Eferding <405>,Kitzbühel <704>,1
Eferding <405>,Kufstein <705>,1
Eferding <405>,Landeck <706>,-
Eferding <405>,Lienz <707>,-
Eferding <405>,Reutte <708>,-
Eferding <405>,Schwaz <709>,1
Eferding <405>,Bludenz <801>,-
Eferding <405>,Bregenz <802>,-
Eferding <405>,Dornbirn <803>,-
Eferding <405>,Feldkirch <804>,1
Eferding <405>,"Wien 1.Bezirk, Innere Stadt <901>",-
Eferding <405>,"Wien 2.Bezirk, Leopoldstadt <902>",3
Eferding <405>,"Wien 3.Bezirk, Landstraße <903>",2
Eferding <405>,"Wien 4.Bezirk, Wieden <904>",-
Eferding <405>,"Wien 5.Bezirk, Margareten <905>",1
Eferding <405>,"Wien 6.Bezirk, Mariahilf <906>",2
Eferding <405>,"Wien 7.Bezirk, Neubau <907>",4
Eferding <405>,"Wien 8.Bezirk, Josefstadt <908>",1
Eferding <405>,"Wien 9.Bezirk, Alsergrund <909>",-
Eferding <405>,"Wien 10.Bezirk, Favoriten <910>",5
Eferding <405>,"Wien 11.Bezirk, Simmering <911>",1
Eferding <405>,"Wien 12.Bezirk, Meidling <912>",5
Eferding <405>,"Wien 13.Bezirk, Hietzing <913>",1
Eferding <405>,"Wien 14.Bezirk, Penzing <914>",2
Eferding <405>,"Wien 15.Bezirk, Rudolfsheim-Fünfhaus <915>",8
Eferding <405>,"Wien 16.Bezirk, Ottakring <916>",7
Eferding <405>,"Wien 17.Bezirk, Hernals <917>",2
Eferding <405>,"Wien 18.Bezirk, Währing <918>",-
Eferding <405>,"Wien 19.Bezirk, Döbling <919>",1
Eferding <405>,"Wien 20.Bezirk, Brigittenau <920>",5
Eferding <405>,"Wien 21.Bezirk, Floridsdorf <921>",3
Eferding <405>,"Wien 22.Bezirk, Donaustadt <922>",1
Eferding <405>,"Wien 23.Bezirk, Liesing <923>",-
Freistadt <406>,Graz (Stadt) <601>,9
Freistadt <406>,Bruck an der Mur ^<602>,-
Freistadt <406>,Bruck-Mürzzuschlag <621>,5
Freistadt <406>,Deutschlandsberg <603>,-
Freistadt <406>,Feldbach ^<604>,-
Freistadt <406>,Fürstenfeld ^<605>,-
Freistadt <406>,Graz Umgebung <606>,-
Freistadt <406>,Hartberg ^<607>,-
Freistadt <406>,Hartberg-Fürstenfeld <622>,-
Freistadt <406>,Judenburg ^<608>,-
Freistadt <406>,Knittelfeld ^<609>,-
Freistadt <406>,Leibnitz <610>,2
Freistadt <406>,Leoben <611>,1
Freistadt <406>,Liezen <612>,2
Freistadt <406>,Murtal <620>,3
Freistadt <406>,Mürzzuschlag ^<613>,-
Freistadt <406>,Murau <614>,1
Freistadt <406>,Radkersburg ^<615>,-
Freistadt <406>,Südoststeiermark <623>,-
Freistadt <406>,Voitsberg <616>,-
Freistadt <406>,Weiz <617>,-
Freistadt <406>,Innsbruck (Stadt) <701>,4
Freistadt <406>,Imst <702>,1
Freistadt <406>,Innsbruck Land <703>,5
Freistadt <406>,Kitzbühel <704>,2
Freistadt <406>,Kufstein <705>,1
Freistadt <406>,Landeck <706>,1
Freistadt <406>,Lienz <707>,3
Freistadt <406>,Reutte <708>,-
Freistadt <406>,Schwaz <709>,-
Freistadt <406>,Bludenz <801>,-
Freistadt <406>,Bregenz <802>,1
Freistadt <406>,Dornbirn <803>,1
Freistadt <406>,Feldkirch <804>,-
Freistadt <406>,"Wien 1.Bezirk, Innere Stadt <901>",-
Freistadt <406>,"Wien 2.Bezirk, Leopoldstadt <902>",14
Freistadt <406>,"Wien 3.Bezirk, Landstraße <903>",6
Freistadt <406>,"Wien 4.Bezirk, Wieden <904>",-
Freistadt <406>,"Wien 5.Bezirk, Margareten <905>",2
Freistadt <406>,"Wien 6.Bezirk, Mariahilf <906>",2
Freistadt <406>,"Wien 7.Bezirk, Neubau <907>",1
Freistadt <406>,"Wien 8.Bezirk, Josefstadt <908>",3
Freistadt <406>,"Wien 9.Bezirk, Alsergrund <909>",10
Freistadt <406>,"Wien 10.Bezirk, Favoriten <910>",9
Freistadt <406>,"Wien 11.Bezirk, Simmering <911>",-
Freistadt <406>,"Wien 12.Bezirk, Meidling <912>",4
Freistadt <406>,"Wien 13.Bezirk, Hietzing <913>",-
Freistadt <406>,"Wien 14.Bezirk, Penzing <914>",8
Freistadt <406>,"Wien 15.Bezirk, Rudolfsheim-Fünfhaus <915>",8
Freistadt <406>,"Wien 16.Bezirk, Ottakring <916>",2
Freistadt <406>,"Wien 17.Bezirk, Hernals <917>",5
Freistadt <406>,"Wien 18.Bezirk, Währing <918>",3
Freistadt <406>,"Wien 19.Bezirk, Döbling <919>",7
Freistadt <406>,"Wien 20.Bezirk, Brigittenau <920>",2
Freistadt <406>,"Wien 21.Bezirk, Floridsdorf <921>",5
Freistadt <406>,"Wien 22.Bezirk, Donaustadt <922>",5
Freistadt <406>,"Wien 23.Bezirk, Liesing <923>",3
Gmunden <407>,Graz (Stadt) <601>,48
Gmunden <407>,Bruck an der Mur ^<602>,-
Gmunden <407>,Bruck-Mürzzuschlag <621>,6
Gmunden <407>,Deutschlandsberg <603>,2
Gmunden <407>,Feldbach ^<604>,-
Gmunden <407>,Fürstenfeld ^<605>,-
Gmunden <407>,Graz Umgebung <606>,9
Gmunden <407>,Hartberg ^<607>,-
Gmunden <407>,Hartberg-Fürstenfeld <622>,1
Gmunden <407>,Judenburg ^<608>,-
Gmunden <407>,Knittelfeld ^<609>,-
Gmunden <407>,Leibnitz <610>,-
Gmunden <407>,Leoben <611>,3
Gmunden <407>,Liezen <612>,56
Gmunden <407>,Murtal <620>,4
Gmunden <407>,Mürzzuschlag ^<613>,-
Gmunden <407>,Murau <614>,-
Gmunden <407>,Radkersburg ^<615>,-
Gmunden <407>,Südoststeiermark <623>,4
Gmunden <407>,Voitsberg <616>,2
Gmunden <407>,Weiz <617>,6
Gmunden <407>,Innsbruck (Stadt) <701>,8
Gmunden <407>,Imst <702>,3
Gmunden <407>,Innsbruck Land <703>,2
Gmunden <407>,Kitzbühel <704>,3
Gmunden <407>,Kufstein <705>,5
Gmunden <407>,Landeck <706>,3
Gmunden <407>,Lienz <707>,-
Gmunden <407>,Reutte <708>,3
Gmunden <407>,Schwaz <709>,2
Gmunden <407>,Bludenz <801>,3
Gmunden <407>,Bregenz <802>,8
Gmunden <407>,Dornbirn <803>,3
Gmunden <407>,Feldkirch <804>,-
Gmunden <407>,"Wien 1.Bezirk, Innere Stadt <901>",-
Gmunden <407>,"Wien 2.Bezirk, Leopoldstadt <902>",16
Gmunden <407>,"Wien 3.Bezirk, Landstraße <903>",26
Gmunden <407>,"Wien 4.Bezirk, Wieden <904>",3
Gmunden <407>,"Wien 5.Bezirk, Margareten <905>",21
Gmunden <407>,"Wien 6.Bezirk, Mariahilf <906>",16
Gmunden <407>,"Wien 7.Bezirk, Neubau <907>",15
Gmunden <407>,"Wien 8.Bezirk, Josefstadt <908>",6
Gmunden <407>,"Wien 9.Bezirk, Alsergrund <909>",17
Gmunden <407>,"Wien 10.Bezirk, Favoriten <910>",22
Gmunden <407>,"Wien 11.Bezirk, Simmering <911>",7
Gmunden <407>,"Wien 12.Bezirk, Meidling <912>",28
Gmunden <407>,"Wien 13.Bezirk, Hietzing <913>",9
Gmunden <407>,"Wien 14.Bezirk, Penzing <914>",9
Gmunden <407>,"Wien 15.Bezirk, Rudolfsheim-Fünfhaus <915>",14
Gmunden <407>,"Wien 16.Bezirk, Ottakring <916>",10
Gmunden <407>,"Wien 17.Bezirk, Hernals <917>",12
Gmunden <407>,"Wien 18.Bezirk, Währing <918>",18
Gmunden <407>,"Wien 19.Bezirk, Döbling <919>",13
Gmunden <407>,"Wien 20.Bezirk, Brigittenau <920>",20
Gmunden <407>,"Wien 21.Bezirk, Floridsdorf <921>",14
Gmunden <407>,"Wien 22.Bezirk, Donaustadt <922>",30
Gmunden <407>,"Wien 23.Bezirk, Liesing <923>",8
Grieskirchen <408>,Graz (Stadt) <601>,19
Grieskirchen <408>,Bruck an der Mur ^<602>,-
Grieskirchen <408>,Bruck-Mürzzuschlag <621>,1
Grieskirchen <408>,Deutschlandsberg <603>,-
Grieskirchen <408>,Feldbach ^<604>,-
Grieskirchen <408>,Fürstenfeld ^<605>,-
Grieskirchen <408>,Graz Umgebung <606>,3
Grieskirchen <408>,Hartberg ^<607>,-
Grieskirchen <408>,Hartberg-Fürstenfeld <622>,2
Grieskirchen <408>,Judenburg ^<608>,-
Grieskirchen <408>,Knittelfeld ^<609>,-
Grieskirchen <408>,Leibnitz <610>,1
Grieskirchen <408>,Leoben <611>,3
Grieskirchen <408>,Liezen <612>,7
Grieskirchen <408>,Murtal <620>,4
Grieskirchen <408>,Mürzzuschlag ^<613>,-
Grieskirchen <408>,Murau <614>,-
Grieskirchen <408>,Radkersburg ^<615>,-
Grieskirchen <408>,Südoststeiermark <623>,4
Grieskirchen <408>,Voitsberg <616>,4
Grieskirchen <408>,Weiz <617>,1
Grieskirchen <408>,Innsbruck (Stadt) <701>,6
Grieskirchen <408>,Imst <702>,2
Grieskirchen <408>,Innsbruck Land <703>,2
Grieskirchen <408>,Kitzbühel <704>,2
Grieskirchen <408>,Kufstein <705>,-
Grieskirchen <408>,Landeck <706>,1
Grieskirchen <408>,Lienz <707>,-
Grieskirchen <408>,Reutte <708>,1
Grieskirchen <408>,Schwaz <709>,4
Grieskirchen <408>,Bludenz <801>,-
Grieskirchen <408>,Bregenz <802>,2
Grieskirchen <408>,Dornbirn <803>,-
Grieskirchen <408>,Feldkirch <804>,4
Grieskirchen <408>,"Wien 1.Bezirk, Innere Stadt <901>",1
Grieskirchen <408>,"Wien 2.Bezirk, Leopoldstadt <902>",4
Grieskirchen <408>,"Wien 3.Bezirk, Landstraße <903>",4
Grieskirchen <408>,"Wien 4.Bezirk, Wieden <904>",2
Grieskirchen <408>,"Wien 5.Bezirk, Margareten <905>",7
Grieskirchen <408>,"Wien 6.Bezirk, Mariahilf <906>",4
Grieskirchen <408>,"Wien 7.Bezirk, Neubau <907>",6
Grieskirchen <408>,"Wien 8.Bezirk, Josefstadt <908>",3
Grieskirchen <408>,"Wien 9.Bezirk, Alsergrund <909>",6
Grieskirchen <408>,"Wien 10.Bezirk, Favoriten <910>",15
Grieskirchen <408>,"Wien 11.Bezirk, Simmering <911>",2
Grieskirchen <408>,"Wien 12.Bezirk, Meidling <912>",7
Grieskirchen <408>,"Wien 13.Bezirk, Hietzing <913>",1
Grieskirchen <408>,"Wien 14.Bezirk, Penzing <914>",8
Grieskirchen <408>,"Wien 15.Bezirk, Rudolfsheim-Fünfhaus <915>",11
Grieskirchen <408>,"Wien 16.Bezirk, Ottakring <916>",5
Grieskirchen <408>,"Wien 17.Bezirk, Hernals <917>",8
Grieskirchen <408>,"Wien 18.Bezirk, Währing <918>",4
Grieskirchen <408>,"Wien 19.Bezirk, Döbling <919>",3
Grieskirchen <408>,"Wien 20.Bezirk, Brigittenau <920>",12
Grieskirchen <408>,"Wien 21.Bezirk, Floridsdorf <921>",7
Grieskirchen <408>,"Wien 22.Bezirk, Donaustadt <922>",1
Grieskirchen <408>,"Wien 23.Bezirk, Liesing <923>",1
Kirchdorf <409>,Graz (Stadt) <601>,31
Kirchdorf <409>,Bruck an der Mur ^<602>,-
Kirchdorf <409>,Bruck-Mürzzuschlag <621>,1
Kirchdorf <409>,Deutschlandsberg <603>,-
Kirchdorf <409>,Feldbach ^<604>,-
Kirchdorf <409>,Fürstenfeld ^<605>,-
Kirchdorf <409>,Graz Umgebung <606>,5
Kirchdorf <409>,Hartberg ^<607>,-
Kirchdorf <409>,Hartberg-Fürstenfeld <622>,3
Kirchdorf <409>,Judenburg ^<608>,-
Kirchdorf <409>,Knittelfeld ^<609>,-
Kirchdorf <409>,Leibnitz <610>,2
Kirchdorf <409>,Leoben <611>,4
Kirchdorf <409>,Liezen <612>,48
Kirchdorf <409>,Murtal <620>,10
Kirchdorf <409>,Mürzzuschlag ^<613>,-
Kirchdorf <409>,Murau <614>,-
Kirchdorf <409>,Radkersburg ^<615>,-
Kirchdorf <409>,Südoststeiermark <623>,3
Kirchdorf <409>,Voitsberg <616>,1
Kirchdorf <409>,Weiz <617>,4
Kirchdorf <409>,Innsbruck (Stadt) <701>,5
Kirchdorf <409>,Imst <702>,1
Kirchdorf <409>,Innsbruck Land <703>,1
Kirchdorf <409>,Kitzbühel <704>,1
Kirchdorf <409>,Kufstein <705>,3
Kirchdorf <409>,Landeck <706>,-
Kirchdorf <409>,Lienz <707>,1
Kirchdorf <409>,Reutte <708>,-
Kirchdorf <409>,Schwaz <709>,-
Kirchdorf <409>,Bludenz <801>,1
Kirchdorf <409>,Bregenz <802>,1
Kirchdorf <409>,Dornbirn <803>,1
Kirchdorf <409>,Feldkirch <804>,-
Kirchdorf <409>,"Wien 1.Bezirk, Innere Stadt <901>",1
Kirchdorf <409>,"Wien 2.Bezirk, Leopoldstadt <902>",9
Kirchdorf <409>,"Wien 3.Bezirk, Landstraße <903>",7
Kirchdorf <409>,"Wien 4.Bezirk, Wieden <904>",2
Kirchdorf <409>,"Wien 5.Bezirk, Margareten <905>",5
Kirchdorf <409>,"Wien 6.Bezirk, Mariahilf <906>",4
Kirchdorf <409>,"Wien 7.Bezirk, Neubau <907>",3
Kirchdorf <409>,"Wien 8.Bezirk, Josefstadt <908>",3
Kirchdorf <409>,"Wien 9.Bezirk, Alsergrund <909>",5
Kirchdorf <409>,"Wien 10.Bezirk, Favoriten <910>",22
Kirchdorf <409>,"Wien 11.Bezirk, Simmering <911>",5
Kirchdorf <409>,"Wien 12.Bezirk, Meidling <912>",7
Kirchdorf <409>,"Wien 13.Bezirk, Hietzing <913>",1
Kirchdorf <409>,"Wien 14.Bezirk, Penzing <914>",9
Kirchdorf <409>,"Wien 15.Bezirk, Rudolfsheim-Fünfhaus <915>",12
Kirchdorf <409>,"Wien 16.Bezirk, Ottakring <916>",6
Kirchdorf <409>,"Wien 17.Bezirk, Hernals <917>",3
Kirchdorf <409>,"Wien 18.Bezirk, Währing <918>",2
Kirchdorf <409>,"Wien 19.Bezirk, Döbling <919>",2
Kirchdorf <409>,"Wien 20.Bezirk, Brigittenau <920>",5
Kirchdorf <409>,"Wien 21.Bezirk, Floridsdorf <921>",12
Kirchdorf <409>,"Wien 22.Bezirk, Donaustadt <922>",8
Kirchdorf <409>,"Wien 23.Bezirk, Liesing <923>",2
Linz Land <410>,Graz (Stadt) <601>,52
Linz Land <410>,Bruck an der Mur ^<602>,-
Linz Land <410>,Bruck-Mürzzuschlag <621>,4
Linz Land <410>,Deutschlandsberg <603>,7
Linz Land <410>,Feldbach ^<604>,-
Linz Land <410>,Fürstenfeld ^<605>,-
Linz Land <410>,Graz Umgebung <606>,22
Linz Land <410>,Hartberg ^<607>,-
Linz Land <410>,Hartberg-Fürstenfeld <622>,2
Linz Land <410>,Judenburg ^<608>,-
Linz Land <410>,Knittelfeld ^<609>,-
Linz Land <410>,Leibnitz <610>,10
Linz Land <410>,Leoben <611>,9
Linz Land <410>,Liezen <612>,12
Linz Land <410>,Murtal <620>,1
Linz Land <410>,Mürzzuschlag ^<613>,-
Linz Land <410>,Murau <614>,4
Linz Land <410>,Radkersburg ^<615>,-
Linz Land <410>,Südoststeiermark <623>,7
Linz Land <410>,Voitsberg <616>,9
Linz Land <410>,Weiz <617>,7
Linz Land <410>,Innsbruck (Stadt) <701>,16
Linz Land <410>,Imst <702>,3
Linz Land <410>,Innsbruck Land <703>,13
Linz Land <410>,Kitzbühel <704>,8
Linz Land <410>,Kufstein <705>,7
Linz Land <410>,Landeck <706>,1
Linz Land <410>,Lienz <707>,2
Linz Land <410>,Reutte <708>,-
Linz Land <410>,Schwaz <709>,3
Linz Land <410>,Bludenz <801>,2
Linz Land <410>,Bregenz <802>,8
Linz Land <410>,Dornbirn <803>,6
Linz Land <410>,Feldkirch <804>,4
Linz Land <410>,"Wien 1.Bezirk, Innere Stadt <901>",5
Linz Land <410>,"Wien 2.Bezirk, Leopoldstadt <902>",21
Linz Land <410>,"Wien 3.Bezirk, Landstraße <903>",18
Linz Land <410>,"Wien 4.Bezirk, Wieden <904>",9
Linz Land <410>,"Wien 5.Bezirk, Margareten <905>",20
Linz Land <410>,"Wien 6.Bezirk, Mariahilf <906>",7
Linz Land <410>,"Wien 7.Bezirk, Neubau <907>",13
Linz Land <410>,"Wien 8.Bezirk, Josefstadt <908>",8
Linz Land <410>,"Wien 9.Bezirk, Alsergrund <909>",23
Linz Land <410>,"Wien 10.Bezirk, Favoriten <910>",64
Linz Land <410>,"Wien 11.Bezirk, Simmering <911>",16
Linz Land <410>,"Wien 12.Bezirk, Meidling <912>",12
Linz Land <410>,"Wien 13.Bezirk, Hietzing <913>",8
Linz Land <410>,"Wien 14.Bezirk, Penzing <914>",19
Linz Land <410>,"Wien 15.Bezirk, Rudolfsheim-Fünfhaus <915>",32
Linz Land <410>,"Wien 16.Bezirk, Ottakring <916>",24
Linz Land <410>,"Wien 17.Bezirk, Hernals <917>",14
Linz Land <410>,"Wien 18.Bezirk, Währing <918>",9
Linz Land <410>,"Wien 19.Bezirk, Döbling <919>",5
Linz Land <410>,"Wien 20.Bezirk, Brigittenau <920>",23
Linz Land <410>,"Wien 21.Bezirk, Floridsdorf <921>",23
Linz Land <410>,"Wien 22.Bezirk, Donaustadt <922>",20
Linz Land <410>,"Wien 23.Bezirk, Liesing <923>",7
Perg <411>,Graz (Stadt) <601>,24
Perg <411>,Bruck an der Mur ^<602>,-
Perg <411>,Bruck-Mürzzuschlag <621>,1
Perg <411>,Deutschlandsberg <603>,1
Perg <411>,Feldbach ^<604>,-
Perg <411>,Fürstenfeld ^<605>,-
Perg <411>,Graz Umgebung <606>,7
Perg <411>,Hartberg ^<607>,-
Perg <411>,Hartberg-Fürstenfeld <622>,-
Perg <411>,Judenburg ^<608>,-
Perg <411>,Knittelfeld ^<609>,-
Perg <411>,Leibnitz <610>,2
Perg <411>,Leoben <611>,3
Perg <411>,Liezen <612>,4
Perg <411>,Murtal <620>,2
Perg <411>,Mürzzuschlag ^<613>,-
Perg <411>,Murau <614>,1
Perg <411>,Radkersburg ^<615>,-
Perg <411>,Südoststeiermark <623>,-
Perg <411>,Voitsberg <616>,1
Perg <411>,Weiz <617>,-
Perg <411>,Innsbruck (Stadt) <701>,3
Perg <411>,Imst <702>,1
Perg <411>,Innsbruck Land <703>,18
Perg <411>,Kitzbühel <704>,5
Perg <411>,Kufstein <705>,2
Perg <411>,Landeck <706>,-
Perg <411>,Lienz <707>,-
Perg <411>,Reutte <708>,8
Perg <411>,Schwaz <709>,-
Perg <411>,Bludenz <801>,6
Perg <411>,Bregenz <802>,6
Perg <411>,Dornbirn <803>,1
Perg <411>,Feldkirch <804>,7
Perg <411>,"Wien 1.Bezirk, Innere Stadt <901>",-
Perg <411>,"Wien 2.Bezirk, Leopoldstadt <902>",14
Perg <411>,"Wien 3.Bezirk, Landstraße <903>",7
Perg <411>,"Wien 4.Bezirk, Wieden <904>",-
Perg <411>,"Wien 5.Bezirk, Margareten <905>",7
Perg <411>,"Wien 6.Bezirk, Mariahilf <906>",3
Perg <411>,"Wien 7.Bezirk, Neubau <907>",4
Perg <411>,"Wien 8.Bezirk, Josefstadt <908>",3
Perg <411>,"Wien 9.Bezirk, Alsergrund <909>",7
Perg <411>,"Wien 10.Bezirk, Favoriten <910>",34
Perg <411>,"Wien 11.Bezirk, Simmering <911>",6
Perg <411>,"Wien 12.Bezirk, Meidling <912>",8
Perg <411>,"Wien 13.Bezirk, Hietzing <913>",5
Perg <411>,"Wien 14.Bezirk, Penzing <914>",13
Perg <411>,"Wien 15.Bezirk, Rudolfsheim-Fünfhaus <915>",7
Perg <411>,"Wien 16.Bezirk, Ottakring <916>",19
Perg <411>,"Wien 17.Bezirk, Hernals <917>",7
Perg <411>,"Wien 18.Bezirk, Währing <918>",8
Perg <411>,"Wien 19.Bezirk, Döbling <919>",11
Perg <411>,"Wien 20.Bezirk, Brigittenau <920>",4
Perg <411>,"Wien 21.Bezirk, Floridsdorf <921>",25
Perg <411>,"Wien 22.Bezirk, Donaustadt <922>",11
Perg <411>,"Wien 23.Bezirk, Liesing <923>",10
Ried <412>,Graz (Stadt) <601>,24
Ried <412>,Bruck an der Mur ^<602>,-
Ried <412>,Bruck-Mürzzuschlag <621>,1
Ried <412>,Deutschlandsberg <603>,-
Ried <412>,Feldbach ^<604>,-
Ried <412>,Fürstenfeld ^<605>,-
Ried <412>,Graz Umgebung <606>,1
Ried <412>,Hartberg ^<607>,-
Ried <412>,Hartberg-Fürstenfeld <622>,7
Ried <412>,Judenburg ^<608>,-
Ried <412>,Knittelfeld ^<609>,-
Ried <412>,Leibnitz <610>,5
Ried <412>,Leoben <611>,7
Ried <412>,Liezen <612>,2
Ried <412>,Murtal <620>,-
Ried <412>,Mürzzuschlag ^<613>,-
Ried <412>,Murau <614>,-
Ried <412>,Radkersburg ^<615>,-
Ried <412>,Südoststeiermark <623>,-
Ried <412>,Voitsberg <616>,-
Ried <412>,Weiz <617>,-
Ried <412>,Innsbruck (Stadt) <701>,8
Ried <412>,Imst <702>,1
Ried <412>,Innsbruck Land <703>,6
Ried <412>,Kitzbühel <704>,2
Ried <412>,Kufstein <705>,3
Ried <412>,Landeck <706>,-
Ried <412>,Lienz <707>,1
Ried <412>,Reutte <708>,2
Ried <412>,Schwaz <709>,2
Ried <412>,Bludenz <801>,-
Ried <412>,Bregenz <802>,6
Ried <412>,Dornbirn <803>,2
Ried <412>,Feldkirch <804>,4
Ried <412>,"Wien 1.Bezirk, Innere Stadt <901>",-
Ried <412>,"Wien 2.Bezirk, Leopoldstadt <902>",13
Ried <412>,"Wien 3.Bezirk, Landstraße <903>",6
Ried <412>,"Wien 4.Bezirk, Wieden <904>",3
Ried <412>,"Wien 5.Bezirk, Margareten <905>",3
Ried <412>,"Wien 6.Bezirk, Mariahilf <906>",3
Ried <412>,"Wien 7.Bezirk, Neubau <907>",8
Ried <412>,"Wien 8.Bezirk, Josefstadt <908>",6
Ried <412>,"Wien 9.Bezirk, Alsergrund <909>",5
Ried <412>,"Wien 10.Bezirk, Favoriten <910>",17
Ried <412>,"Wien 11.Bezirk, Simmering <911>",8
Ried <412>,"Wien 12.Bezirk, Meidling <912>",6
Ried <412>,"Wien 13.Bezirk, Hietzing <913>",4
Ried <412>,"Wien 14.Bezirk, Penzing <914>",2
Ried <412>,"Wien 15.Bezirk, Rudolfsheim-Fünfhaus <915>",3
Ried <412>,"Wien 16.Bezirk, Ottakring <916>",8
Ried <412>,"Wien 17.Bezirk, Hernals <917>",10
Ried <412>,"Wien 18.Bezirk, Währing <918>",5
Ried <412>,"Wien 19.Bezirk, Döbling <919>",5
Ried <412>,"Wien 20.Bezirk, Brigittenau <920>",10
Ried <412>,"Wien 21.Bezirk, Floridsdorf <921>",6
Ried <412>,"Wien 22.Bezirk, Donaustadt <922>",8
Ried <412>,"Wien 23.Bezirk, Liesing <923>",6
Rohrbach <413>,Graz (Stadt) <601>,25
Rohrbach <413>,Bruck an der Mur ^<602>,-
Rohrbach <413>,Bruck-Mürzzuschlag <621>,-
Rohrbach <413>,Deutschlandsberg <603>,1
Rohrbach <413>,Feldbach ^<604>,-
Rohrbach <413>,Fürstenfeld ^<605>,-
Rohrbach <413>,Graz Umgebung <606>,2
Rohrbach <413>,Hartberg ^<607>,-
Rohrbach <413>,Hartberg-Fürstenfeld <622>,-
Rohrbach <413>,Judenburg ^<608>,-
Rohrbach <413>,Knittelfeld ^<609>,-
Rohrbach <413>,Leibnitz <610>,2
Rohrbach <413>,Leoben <611>,3
Rohrbach <413>,Liezen <612>,1
Rohrbach <413>,Murtal <620>,-
Rohrbach <413>,Mürzzuschlag ^<613>,-
Rohrbach <413>,Murau <614>,-
Rohrbach <413>,Radkersburg ^<615>,-
Rohrbach <413>,Südoststeiermark <623>,-
Rohrbach <413>,Voitsberg <616>,-
Rohrbach <413>,Weiz <617>,3
Rohrbach <413>,Innsbruck (Stadt) <701>,3
Rohrbach <413>,Imst <702>,-
Rohrbach <413>,Innsbruck Land <703>,2
Rohrbach <413>,Kitzbühel <704>,-
Rohrbach <413>,Kufstein <705>,1
Rohrbach <413>,Landeck <706>,-
Rohrbach <413>,Lienz <707>,-
Rohrbach <413>,Reutte <708>,1
Rohrbach <413>,Schwaz <709>,-
Rohrbach <413>,Bludenz <801>,2
Rohrbach <413>,Bregenz <802>,3
Rohrbach <413>,Dornbirn <803>,1
Rohrbach <413>,Feldkirch <804>,1
Rohrbach <413>,"Wien 1.Bezirk, Innere Stadt <901>",1
Rohrbach <413>,"Wien 2.Bezirk, Leopoldstadt <902>",15
Rohrbach <413>,"Wien 3.Bezirk, Landstraße <903>",9
Rohrbach <413>,"Wien 4.Bezirk, Wieden <904>",1
Rohrbach <413>,"Wien 5.Bezirk, Margareten <905>",8
Rohrbach <413>,"Wien 6.Bezirk, Mariahilf <906>",1
Rohrbach <413>,"Wien 7.Bezirk, Neubau <907>",4
Rohrbach <413>,"Wien 8.Bezirk, Josefstadt <908>",-
Rohrbach <413>,"Wien 9.Bezirk, Alsergrund <909>",2
Rohrbach <413>,"Wien 10.Bezirk, Favoriten <910>",15
Rohrbach <413>,"Wien 11.Bezirk, Simmering <911>",3
Rohrbach <413>,"Wien 12.Bezirk, Meidling <912>",13
Rohrbach <413>,"Wien 13.Bezirk, Hietzing <913>",1
Rohrbach <413>,"Wien 14.Bezirk, Penzing <914>",7
Rohrbach <413>,"Wien 15.Bezirk, Rudolfsheim-Fünfhaus <915>",7
Rohrbach <413>,"Wien 16.Bezirk, Ottakring <916>",23
Rohrbach <413>,"Wien 17.Bezirk, Hernals <917>",9
Rohrbach <413>,"Wien 18.Bezirk, Währing <918>",-
Rohrbach <413>,"Wien 19.Bezirk, Döbling <919>",2
Rohrbach <413>,"Wien 20.Bezirk, Brigittenau <920>",11
Rohrbach <413>,"Wien 21.Bezirk, Floridsdorf <921>",9
Rohrbach <413>,"Wien 22.Bezirk, Donaustadt <922>",5
Rohrbach <413>,"Wien 23.Bezirk, Liesing <923>",5
Schärding <414>,Graz (Stadt) <601>,13
Schärding <414>,Bruck an der Mur ^<602>,-
Schärding <414>,Bruck-Mürzzuschlag <621>,-
Schärding <414>,Deutschlandsberg <603>,2
Schärding <414>,Feldbach ^<604>,-
Schärding <414>,Fürstenfeld ^<605>,-
Schärding <414>,Graz Umgebung <606>,1
Schärding <414>,Hartberg ^<607>,-
Schärding <414>,Hartberg-Fürstenfeld <622>,1
Schärding <414>,Judenburg ^<608>,-
Schärding <414>,Knittelfeld ^<609>,-
Schärding <414>,Leibnitz <610>,-
Schärding <414>,Leoben <611>,5
Schärding <414>,Liezen <612>,3
Schärding <414>,Murtal <620>,-
Schärding <414>,Mürzzuschlag ^<613>,-
Schärding <414>,Murau <614>,-
Schärding <414>,Radkersburg ^<615>,-
Schärding <414>,Südoststeiermark <623>,1
Schärding <414>,Voitsberg <616>,-
Schärding <414>,Weiz <617>,-
Schärding <414>,Innsbruck (Stadt) <701>,10
Schärding <414>,Imst <702>,-
Schärding <414>,Innsbruck Land <703>,2
Schärding <414>,Kitzbühel <704>,1
Schärding <414>,Kufstein <705>,7
Schärding <414>,Landeck <706>,1
Schärding <414>,Lienz <707>,-
Schärding <414>,Reutte <708>,-
Schärding <414>,Schwaz <709>,1
Schärding <414>,Bludenz <801>,2
Schärding <414>,Bregenz <802>,4
Schärding <414>,Dornbirn <803>,-
Schärding <414>,Feldkirch <804>,2
Schärding <414>,"Wien 1.Bezirk, Innere Stadt <901>",1
Schärding <414>,"Wien 2.Bezirk, Leopoldstadt <902>",7
Schärding <414>,"Wien 3.Bezirk, Landstraße <903>",8
Schärding <414>,"Wien 4.Bezirk, Wieden <904>",5
Schärding <414>,"Wien 5.Bezirk, Margareten <905>",9
Schärding <414>,"Wien 6.Bezirk, Mariahilf <906>",4
Schärding <414>,"Wien 7.Bezirk, Neubau <907>",3
Schärding <414>,"Wien 8.Bezirk, Josefstadt <908>",4
Schärding <414>,"Wien 9.Bezirk, Alsergrund <909>",5
Schärding <414>,"Wien 10.Bezirk, Favoriten <910>",35
Schärding <414>,"Wien 11.Bezirk, Simmering <911>",-
Schärding <414>,"Wien 12.Bezirk, Meidling <912>",11
Schärding <414>,"Wien 13.Bezirk, Hietzing <913>",1
Schärding <414>,"Wien 14.Bezirk, Penzing <914>",10
Schärding <414>,"Wien 15.Bezirk, Rudolfsheim-Fünfhaus <915>",5
Schärding <414>,"Wien 16.Bezirk, Ottakring <916>",7
Schärding <414>,"Wien 17.Bezirk, Hernals <917>",3
Schärding <414>,"Wien 18.Bezirk, Währing <918>",7
Schärding <414>,"Wien 19.Bezirk, Döbling <919>",4
Schärding <414>,"Wien 20.Bezirk, Brigittenau <920>",20
Schärding <414>,"Wien 21.Bezirk, Floridsdorf <921>",8
Schärding <414>,"Wien 22.Bezirk, Donaustadt <922>",5
Schärding <414>,"Wien 23.Bezirk, Liesing <923>",1
Steyr Land <415>,Graz (Stadt) <601>,37
Steyr Land <415>,Bruck an der Mur ^<602>,-
Steyr Land <415>,Bruck-Mürzzuschlag <621>,2
Steyr Land <415>,Deutschlandsberg <603>,2
Steyr Land <415>,Feldbach ^<604>,-
Steyr Land <415>,Fürstenfeld ^<605>,-
Steyr Land <415>,Graz Umgebung <606>,5
Steyr Land <415>,Hartberg ^<607>,-
Steyr Land <415>,Hartberg-Fürstenfeld <622>,3
Steyr Land <415>,Judenburg ^<608>,-
Steyr Land <415>,Knittelfeld ^<609>,-
Steyr Land <415>,Leibnitz <610>,1
Steyr Land <415>,Leoben <611>,13
Steyr Land <415>,Liezen <612>,28
Steyr Land <415>,Murtal <620>,1
Steyr Land <415>,Mürzzuschlag ^<613>,-
Steyr Land <415>,Murau <614>,2
Steyr Land <415>,Radkersburg ^<615>,-
Steyr Land <415>,Südoststeiermark <623>,-
Steyr Land <415>,Voitsberg <616>,5
Steyr Land <415>,Weiz <617>,6
Steyr Land <415>,Innsbruck (Stadt) <701>,2
Steyr Land <415>,Imst <702>,-
Steyr Land <415>,Innsbruck Land <703>,1
Steyr Land <415>,Kitzbühel <704>,1
Steyr Land <415>,Kufstein <705>,-
Steyr Land <415>,Landeck <706>,-
Steyr Land <415>,Lienz <707>,1
Steyr Land <415>,Reutte <708>,-
Steyr Land <415>,Schwaz <709>,2
Steyr Land <415>,Bludenz <801>,-
Steyr Land <415>,Bregenz <802>,-
Steyr Land <415>,Dornbirn <803>,-
Steyr Land <415>,Feldkirch <804>,-
Steyr Land <415>,"Wien 1.Bezirk, Innere Stadt <901>",-
Steyr Land <415>,"Wien 2.Bezirk, Leopoldstadt <902>",9
Steyr Land <415>,"Wien 3.Bezirk, Landstraße <903>",13
Steyr Land <415>,"Wien 4.Bezirk, Wieden <904>",4
Steyr Land <415>,"Wien 5.Bezirk, Margareten <905>",18
Steyr Land <415>,"Wien 6.Bezirk, Mariahilf <906>",4
Steyr Land <415>,"Wien 7.Bezirk, Neubau <907>",4
Steyr Land <415>,"Wien 8.Bezirk, Josefstadt <908>",6
Steyr Land <415>,"Wien 9.Bezirk, Alsergrund <909>",3
Steyr Land <415>,"Wien 10.Bezirk, Favoriten <910>",14
Steyr Land <415>,"Wien 11.Bezirk, Simmering <911>",4
Steyr Land <415>,"Wien 12.Bezirk, Meidling <912>",5
Steyr Land <415>,"Wien 13.Bezirk, Hietzing <913>",2
Steyr Land <415>,"Wien 14.Bezirk, Penzing <914>",7
Steyr Land <415>,"Wien 15.Bezirk, Rudolfsheim-Fünfhaus <915>",9
Steyr Land <415>,"Wien 16.Bezirk, Ottakring <916>",18
Steyr Land <415>,"Wien 17.Bezirk, Hernals <917>",4
Steyr Land <415>,"Wien 18.Bezirk, Währing <918>",6
Steyr Land <415>,"Wien 19.Bezirk, Döbling <919>",3
Steyr Land <415>,"Wien 20.Bezirk, Brigittenau <920>",8
Steyr Land <415>,"Wien 21.Bezirk, Floridsdorf <921>",11
Steyr Land <415>,"Wien 22.Bezirk, Donaustadt <922>",9
Steyr Land <415>,"Wien 23.Bezirk, Liesing <923>",4
Urfahr Umgebung <416>,Graz (Stadt) <601>,29
Urfahr Umgebung <416>,Bruck an der Mur ^<602>,-
Urfahr Umgebung <416>,Bruck-Mürzzuschlag <621>,7
Urfahr Umgebung <416>,Deutschlandsberg <603>,1
Urfahr Umgebung <416>,Feldbach ^<604>,-
Urfahr Umgebung <416>,Fürstenfeld ^<605>,-
Urfahr Umgebung <416>,Graz Umgebung <606>,4
Urfahr Umgebung <416>,Hartberg ^<607>,-
Urfahr Umgebung <416>,Hartberg-Fürstenfeld <622>,1
Urfahr Umgebung <416>,Judenburg ^<608>,-
Urfahr Umgebung <416>,Knittelfeld ^<609>,-
Urfahr Umgebung <416>,Leibnitz <610>,5
Urfahr Umgebung <416>,Leoben <611>,2
Urfahr Umgebung <416>,Liezen <612>,4
Urfahr Umgebung <416>,Murtal <620>,1
Urfahr Umgebung <416>,Mürzzuschlag ^<613>,-
Urfahr Umgebung <416>,Murau <614>,1
Urfahr Umgebung <416>,Radkersburg ^<615>,-
Urfahr Umgebung <416>,Südoststeiermark <623>,3
Urfahr Umgebung <416>,Voitsberg <616>,-
Urfahr Umgebung <416>,Weiz <617>,-
Urfahr Umgebung <416>,Innsbruck (Stadt) <701>,11
Urfahr Umgebung <416>,Imst <702>,-
Urfahr Umgebung <416>,Innsbruck Land <703>,2
Urfahr Umgebung <416>,Kitzbühel <704>,4
Urfahr Umgebung <416>,Kufstein <705>,7
Urfahr Umgebung <416>,Landeck <706>,-
Urfahr Umgebung <416>,Lienz <707>,1
Urfahr Umgebung <416>,Reutte <708>,2
Urfahr Umgebung <416>,Schwaz <709>,4
Urfahr Umgebung <416>,Bludenz <801>,-
Urfahr Umgebung <416>,Bregenz <802>,3
Urfahr Umgebung <416>,Dornbirn <803>,-
Urfahr Umgebung <416>,Feldkirch <804>,5
Urfahr Umgebung <416>,"Wien 1.Bezirk, Innere Stadt <901>",4
Urfahr Umgebung <416>,"Wien 2.Bezirk, Leopoldstadt <902>",16
Urfahr Umgebung <416>,"Wien 3.Bezirk, Landstraße <903>",13
Urfahr Umgebung <416>,"Wien 4.Bezirk, Wieden <904>",4
Urfahr Umgebung <416>,"Wien 5.Bezirk, Margareten <905>",18
Urfahr Umgebung <416>,"Wien 6.Bezirk, Mariahilf <906>",1
Urfahr Umgebung <416>,"Wien 7.Bezirk, Neubau <907>",9
Urfahr Umgebung <416>,"Wien 8.Bezirk, Josefstadt <908>",5
Urfahr Umgebung <416>,"Wien 9.Bezirk, Alsergrund <909>",12
Urfahr Umgebung <416>,"Wien 10.Bezirk, Favoriten <910>",22
Urfahr Umgebung <416>,"Wien 11.Bezirk, Simmering <911>",17
Urfahr Umgebung <416>,"Wien 12.Bezirk, Meidling <912>",12
Urfahr Umgebung <416>,"Wien 13.Bezirk, Hietzing <913>",5
Urfahr Umgebung <416>,"Wien 14.Bezirk, Penzing <914>",9
Urfahr Umgebung <416>,"Wien 15.Bezirk, Rudolfsheim-Fünfhaus <915>",14
Urfahr Umgebung <416>,"Wien 16.Bezirk, Ottakring <916>",29
Urfahr Umgebung <416>,"Wien 17.Bezirk, Hernals <917>",8
Urfahr Umgebung <416>,"Wien 18.Bezirk, Währing <918>",13
Urfahr Umgebung <416>,"Wien 19.Bezirk, Döbling <919>",11
Urfahr Umgebung <416>,"Wien 20.Bezirk, Brigittenau <920>",13
Urfahr Umgebung <416>,"Wien 21.Bezirk, Floridsdorf <921>",13
Urfahr Umgebung <416>,"Wien 22.Bezirk, Donaustadt <922>",11
Urfahr Umgebung <416>,"Wien 23.Bezirk, Liesing <923>",2
Vöcklabruck <417>,Graz (Stadt) <601>,97
Vöcklabruck <417>,Bruck an der Mur ^<602>,-
Vöcklabruck <417>,Bruck-Mürzzuschlag <621>,6
Vöcklabruck <417>,Deutschlandsberg <603>,1
Vöcklabruck <417>,Feldbach ^<604>,-
Vöcklabruck <417>,Fürstenfeld ^<605>,-
Vöcklabruck <417>,Graz Umgebung <606>,10
Vöcklabruck <417>,Hartberg ^<607>,-
Vöcklabruck <417>,Hartberg-Fürstenfeld <622>,4
Vöcklabruck <417>,Judenburg ^<608>,-
Vöcklabruck <417>,Knittelfeld ^<609>,-
Vöcklabruck <417>,Leibnitz <610>,4
Vöcklabruck <417>,Leoben <611>,5
Vöcklabruck <417>,Liezen <612>,13
Vöcklabruck <417>,Murtal <620>,9
Vöcklabruck <417>,Mürzzuschlag ^<613>,-
Vöcklabruck <417>,Murau <614>,2
Vöcklabruck <417>,Radkersburg ^<615>,-
Vöcklabruck <417>,Südoststeiermark <623>,12
Vöcklabruck <417>,Voitsberg <616>,2
Vöcklabruck <417>,Weiz <617>,5
Vöcklabruck <417>,Innsbruck (Stadt) <701>,44
Vöcklabruck <417>,Imst <702>,3
Vöcklabruck <417>,Innsbruck Land <703>,10
Vöcklabruck <417>,Kitzbühel <704>,150
Vöcklabruck <417>,Kufstein <705>,9
Vöcklabruck <417>,Landeck <706>,-
Vöcklabruck <417>,Lienz <707>,3
Vöcklabruck <417>,Reutte <708>,-
Vöcklabruck <417>,Schwaz <709>,9
Vöcklabruck <417>,Bludenz <801>,1
Vöcklabruck <417>,Bregenz <802>,16
Vöcklabruck <417>,Dornbirn <803>,5
Vöcklabruck <417>,Feldkirch <804>,8
Vöcklabruck <417>,"Wien 1.Bezirk, Innere Stadt <901>",-
Vöcklabruck <417>,"Wien 2.Bezirk, Leopoldstadt <902>",19
Vöcklabruck <417>,"Wien 3.Bezirk, Landstraße <903>",15
Vöcklabruck <417>,"Wien 4.Bezirk, Wieden <904>",4
Vöcklabruck <417>,"Wien 5.Bezirk, Margareten <905>",10
Vöcklabruck <417>,"Wien 6.Bezirk, Mariahilf <906>",13
Vöcklabruck <417>,"Wien 7.Bezirk, Neubau <907>",10
Vöcklabruck <417>,"Wien 8.Bezirk, Josefstadt <908>",10
Vöcklabruck <417>,"Wien 9.Bezirk, Alsergrund <909>",7
Vöcklabruck <417>,"Wien 10.Bezirk, Favoriten <910>",50
Vöcklabruck <417>,"Wien 11.Bezirk, Simmering <911>",10
Vöcklabruck <417>,"Wien 12.Bezirk, Meidling <912>",25
Vöcklabruck <417>,"Wien 13.Bezirk, Hietzing <913>",10
Vöcklabruck <417>,"Wien 14.Bezirk, Penzing <914>",21
Vöcklabruck <417>,"Wien 15.Bezirk, Rudolfsheim-Fünfhaus <915>",24
Vöcklabruck <417>,"Wien 16.Bezirk, Ottakring <916>",16
Vöcklabruck <417>,"Wien 17.Bezirk, Hernals <917>",18
Vöcklabruck <417>,"Wien 18.Bezirk, Währing <918>",17
Vöcklabruck <417>,"Wien 19.Bezirk, Döbling <919>",15
Vöcklabruck <417>,"Wien 20.Bezirk, Brigittenau <920>",15
Vöcklabruck <417>,"Wien 21.Bezirk, Floridsdorf <921>",31
Vöcklabruck <417>,"Wien 22.Bezirk, Donaustadt <922>",33
Vöcklabruck <417>,"Wien 23.Bezirk, Liesing <923>",9
Wels Land <418>,Graz (Stadt) <601>,24
Wels Land <418>,Bruck an der Mur ^<602>,-
Wels Land <418>,Bruck-Mürzzuschlag <621>,1
Wels Land <418>,Deutschlandsberg <603>,2
Wels Land <418>,Feldbach ^<604>,-
Wels Land <418>,Fürstenfeld ^<605>,-
Wels Land <418>,Graz Umgebung <606>,8
Wels Land <418>,Hartberg ^<607>,-
Wels Land <418>,Hartberg-Fürstenfeld <622>,-
Wels Land <418>,Judenburg ^<608>,-
Wels Land <418>,Knittelfeld ^<609>,-
Wels Land <418>,Leibnitz <610>,3
Wels Land <418>,Leoben <611>,3
Wels Land <418>,Liezen <612>,12
Wels Land <418>,Murtal <620>,3
Wels Land <418>,Mürzzuschlag ^<613>,-
Wels Land <418>,Murau <614>,-
Wels Land <418>,Radkersburg ^<615>,-
Wels Land <418>,Südoststeiermark <623>,1
Wels Land <418>,Voitsberg <616>,2
Wels Land <418>,Weiz <617>,2
Wels Land <418>,Innsbruck (Stadt) <701>,12
Wels Land <418>,Imst <702>,-
Wels Land <418>,Innsbruck Land <703>,3
Wels Land <418>,Kitzbühel <704>,8
Wels Land <418>,Kufstein <705>,4
Wels Land <418>,Landeck <706>,-
Wels Land <418>,Lienz <707>,1
Wels Land <418>,Reutte <708>,-
Wels Land <418>,Schwaz <709>,-
Wels Land <418>,Bludenz <801>,-
Wels Land <418>,Bregenz <802>,1
Wels Land <418>,Dornbirn <803>,4
Wels Land <418>,Feldkirch <804>,1
Wels Land <418>,"Wien 1.Bezirk, Innere Stadt <901>",-
Wels Land <418>,"Wien 2.Bezirk, Leopoldstadt <902>",9
Wels Land <418>,"Wien 3.Bezirk, Landstraße <903>",10
Wels Land <418>,"Wien 4.Bezirk, Wieden <904>",-
Wels Land <418>,"Wien 5.Bezirk, Margareten <905>",10
Wels Land <418>,"Wien 6.Bezirk, Mariahilf <906>",4
Wels Land <418>,"Wien 7.Bezirk, Neubau <907>",2
Wels Land <418>,"Wien 8.Bezirk, Josefstadt <908>",3
Wels Land <418>,"Wien 9.Bezirk, Alsergrund <909>",14
Wels Land <418>,"Wien 10.Bezirk, Favoriten <910>",15
Wels Land <418>,"Wien 11.Bezirk, Simmering <911>",4
Wels Land <418>,"Wien 12.Bezirk, Meidling <912>",11
Wels Land <418>,"Wien 13.Bezirk, Hietzing <913>",3
Wels Land <418>,"Wien 14.Bezirk, Penzing <914>",7
Wels Land <418>,"Wien 15.Bezirk, Rudolfsheim-Fünfhaus <915>",13
Wels Land <418>,"Wien 16.Bezirk, Ottakring <916>",18
Wels Land <418>,"Wien 17.Bezirk, Hernals <917>",6
Wels Land <418>,"Wien 18.Bezirk, Währing <918>",1
Wels Land <418>,"Wien 19.Bezirk, Döbling <919>",4
Wels Land <418>,"Wien 20.Bezirk, Brigittenau <920>",3
Wels Land <418>,"Wien 21.Bezirk, Floridsdorf <921>",6
Wels Land <418>,"Wien 22.Bezirk, Donaustadt <922>",8
Wels Land <418>,"Wien 23.Bezirk, Liesing <923>",4
Salzburg (Stadt) <501>,Graz (Stadt) <601>,158
Salzburg (Stadt) <501>,Bruck an der Mur ^<602>,-
Salzburg (Stadt) <501>,Bruck-Mürzzuschlag <621>,7
Salzburg (Stadt) <501>,Deutschlandsberg <603>,6
Salzburg (Stadt) <501>,Feldbach ^<604>,-
Salzburg (Stadt) <501>,Fürstenfeld ^<605>,-
Salzburg (Stadt) <501>,Graz Umgebung <606>,16
Salzburg (Stadt) <501>,Hartberg ^<607>,-
Salzburg (Stadt) <501>,Hartberg-Fürstenfeld <622>,2
Salzburg (Stadt) <501>,Judenburg ^<608>,-
Salzburg (Stadt) <501>,Knittelfeld ^<609>,-
Salzburg (Stadt) <501>,Leibnitz <610>,15
Salzburg (Stadt) <501>,Leoben <611>,23
Salzburg (Stadt) <501>,Liezen <612>,34
Salzburg (Stadt) <501>,Murtal <620>,4
Salzburg (Stadt) <501>,Mürzzuschlag ^<613>,-
Salzburg (Stadt) <501>,Murau <614>,3
Salzburg (Stadt) <501>,Radkersburg ^<615>,-
Salzburg (Stadt) <501>,Südoststeiermark <623>,7
Salzburg (Stadt) <501>,Voitsberg <616>,3
Salzburg (Stadt) <501>,Weiz <617>,2
Salzburg (Stadt) <501>,Innsbruck (Stadt) <701>,73
Salzburg (Stadt) <501>,Imst <702>,3
Salzburg (Stadt) <501>,Innsbruck Land <703>,25
Salzburg (Stadt) <501>,Kitzbühel <704>,30
Salzburg (Stadt) <501>,Kufstein <705>,34
Salzburg (Stadt) <501>,Landeck <706>,1
Salzburg (Stadt) <501>,Lienz <707>,7
Salzburg (Stadt) <501>,Reutte <708>,5
Salzburg (Stadt) <501>,Schwaz <709>,12
Salzburg (Stadt) <501>,Bludenz <801>,5
Salzburg (Stadt) <501>,Bregenz <802>,16
Salzburg (Stadt) <501>,Dornbirn <803>,18
Salzburg (Stadt) <501>,Feldkirch <804>,18
Salzburg (Stadt) <501>,"Wien 1.Bezirk, Innere Stadt <901>",10
Salzburg (Stadt) <501>,"Wien 2.Bezirk, Leopoldstadt <902>",50
Salzburg (Stadt) <501>,"Wien 3.Bezirk, Landstraße <903>",54
Salzburg (Stadt) <501>,"Wien 4.Bezirk, Wieden <904>",19
Salzburg (Stadt) <501>,"Wien 5.Bezirk, Margareten <905>",42
Salzburg (Stadt) <501>,"Wien 6.Bezirk, Mariahilf <906>",35
Salzburg (Stadt) <501>,"Wien 7.Bezirk, Neubau <907>",30
Salzburg (Stadt) <501>,"Wien 8.Bezirk, Josefstadt <908>",25
Salzburg (Stadt) <501>,"Wien 9.Bezirk, Alsergrund <909>",39
Salzburg (Stadt) <501>,"Wien 10.Bezirk, Favoriten <910>",116
Salzburg (Stadt) <501>,"Wien 11.Bezirk, Simmering <911>",37
Salzburg (Stadt) <501>,"Wien 12.Bezirk, Meidling <912>",63
Salzburg (Stadt) <501>,"Wien 13.Bezirk, Hietzing <913>",14
Salzburg (Stadt) <501>,"Wien 14.Bezirk, Penzing <914>",55
Salzburg (Stadt) <501>,"Wien 15.Bezirk, Rudolfsheim-Fünfhaus <915>",58
Salzburg (Stadt) <501>,"Wien 16.Bezirk, Ottakring <916>",46
Salzburg (Stadt) <501>,"Wien 17.Bezirk, Hernals <917>",34
Salzburg (Stadt) <501>,"Wien 18.Bezirk, Währing <918>",34
Salzburg (Stadt) <501>,"Wien 19.Bezirk, Döbling <919>",27
Salzburg (Stadt) <501>,"Wien 20.Bezirk, Brigittenau <920>",50
Salzburg (Stadt) <501>,"Wien 21.Bezirk, Floridsdorf <921>",53
Salzburg (Stadt) <501>,"Wien 22.Bezirk, Donaustadt <922>",91
Salzburg (Stadt) <501>,"Wien 23.Bezirk, Liesing <923>",17
Hallein <502>,Graz (Stadt) <601>,19
Hallein <502>,Bruck an der Mur ^<602>,-
Hallein <502>,Bruck-Mürzzuschlag <621>,9
Hallein <502>,Deutschlandsberg <603>,-
Hallein <502>,Feldbach ^<604>,-
Hallein <502>,Fürstenfeld ^<605>,-
Hallein <502>,Graz Umgebung <606>,2
Hallein <502>,Hartberg ^<607>,-
Hallein <502>,Hartberg-Fürstenfeld <622>,5
Hallein <502>,Judenburg ^<608>,-
Hallein <502>,Knittelfeld ^<609>,-
Hallein <502>,Leibnitz <610>,4
Hallein <502>,Leoben <611>,3
Hallein <502>,Liezen <612>,8
Hallein <502>,Murtal <620>,1
Hallein <502>,Mürzzuschlag ^<613>,-
Hallein <502>,Murau <614>,3
Hallein <502>,Radkersburg ^<615>,-
Hallein <502>,Südoststeiermark <623>,-
Hallein <502>,Voitsberg <616>,1
Hallein <502>,Weiz <617>,-
Hallein <502>,Innsbruck (Stadt) <701>,25
Hallein <502>,Imst <702>,1
Hallein <502>,Innsbruck Land <703>,4
Hallein <502>,Kitzbühel <704>,9
Hallein <502>,Kufstein <705>,5
Hallein <502>,Landeck <706>,3
Hallein <502>,Lienz <707>,1
Hallein <502>,Reutte <708>,-
Hallein <502>,Schwaz <709>,6
Hallein <502>,Bludenz <801>,1
Hallein <502>,Bregenz <802>,-
Hallein <502>,Dornbirn <803>,3
Hallein <502>,Feldkirch <804>,3
Hallein <502>,"Wien 1.Bezirk, Innere Stadt <901>",3
Hallein <502>,"Wien 2.Bezirk, Leopoldstadt <902>",7
Hallein <502>,"Wien 3.Bezirk, Landstraße <903>",6
Hallein <502>,"Wien 4.Bezirk, Wieden <904>",3
Hallein <502>,"Wien 5.Bezirk, Margareten <905>",8
Hallein <502>,"Wien 6.Bezirk, Mariahilf <906>",3
Hallein <502>,"Wien 7.Bezirk, Neubau <907>",6
Hallein <502>,"Wien 8.Bezirk, Josefstadt <908>",6
Hallein <502>,"Wien 9.Bezirk, Alsergrund <909>",5
Hallein <502>,"Wien 10.Bezirk, Favoriten <910>",12
Hallein <502>,"Wien 11.Bezirk, Simmering <911>",5
Hallein <502>,"Wien 12.Bezirk, Meidling <912>",11
Hallein <502>,"Wien 13.Bezirk, Hietzing <913>",6
Hallein <502>,"Wien 14.Bezirk, Penzing <914>",7
Hallein <502>,"Wien 15.Bezirk, Rudolfsheim-Fünfhaus <915>",9
Hallein <502>,"Wien 16.Bezirk, Ottakring <916>",9
Hallein <502>,"Wien 17.Bezirk, Hernals <917>",1
Hallein <502>,"Wien 18.Bezirk, Währing <918>",3
Hallein <502>,"Wien 19.Bezirk, Döbling <919>",10
Hallein <502>,"Wien 20.Bezirk, Brigittenau <920>",4
Hallein <502>,"Wien 21.Bezirk, Floridsdorf <921>",2
Hallein <502>,"Wien 22.Bezirk, Donaustadt <922>",12
Hallein <502>,"Wien 23.Bezirk, Liesing <923>",2
Salzburg Umgebung <503>,Graz (Stadt) <601>,112
Salzburg Umgebung <503>,Bruck an der Mur ^<602>,-
Salzburg Umgebung <503>,Bruck-Mürzzuschlag <621>,6
Salzburg Umgebung <503>,Deutschlandsberg <603>,6
Salzburg Umgebung <503>,Feldbach ^<604>,-
Salzburg Umgebung <503>,Fürstenfeld ^<605>,-
Salzburg Umgebung <503>,Graz Umgebung <606>,19
Salzburg Umgebung <503>,Hartberg ^<607>,-
Salzburg Umgebung <503>,Hartberg-Fürstenfeld <622>,8
Salzburg Umgebung <503>,Judenburg ^<608>,-
Salzburg Umgebung <503>,Knittelfeld ^<609>,-
Salzburg Umgebung <503>,Leibnitz <610>,9
Salzburg Umgebung <503>,Leoben <611>,15
Salzburg Umgebung <503>,Liezen <612>,30
Salzburg Umgebung <503>,Murtal <620>,8
Salzburg Umgebung <503>,Mürzzuschlag ^<613>,-
Salzburg Umgebung <503>,Murau <614>,-
Salzburg Umgebung <503>,Radkersburg ^<615>,-
Salzburg Umgebung <503>,Südoststeiermark <623>,6
Salzburg Umgebung <503>,Voitsberg <616>,11
Salzburg Umgebung <503>,Weiz <617>,1
Salzburg Umgebung <503>,Innsbruck (Stadt) <701>,86
Salzburg Umgebung <503>,Imst <702>,9
Salzburg Umgebung <503>,Innsbruck Land <703>,72
Salzburg Umgebung <503>,Kitzbühel <704>,59
Salzburg Umgebung <503>,Kufstein <705>,28
Salzburg Umgebung <503>,Landeck <706>,3
Salzburg Umgebung <503>,Lienz <707>,12
Salzburg Umgebung <503>,Reutte <708>,6
Salzburg Umgebung <503>,Schwaz <709>,9
Salzburg Umgebung <503>,Bludenz <801>,9
Salzburg Umgebung <503>,Bregenz <802>,19
Salzburg Umgebung <503>,Dornbirn <803>,12
Salzburg Umgebung <503>,Feldkirch <804>,23
Salzburg Umgebung <503>,"Wien 1.Bezirk, Innere Stadt <901>",5
Salzburg Umgebung <503>,"Wien 2.Bezirk, Leopoldstadt <902>",19
Salzburg Umgebung <503>,"Wien 3.Bezirk, Landstraße <903>",31
Salzburg Umgebung <503>,"Wien 4.Bezirk, Wieden <904>",17
Salzburg Umgebung <503>,"Wien 5.Bezirk, Margareten <905>",19
Salzburg Umgebung <503>,"Wien 6.Bezirk, Mariahilf <906>",15
Salzburg Umgebung <503>,"Wien 7.Bezirk, Neubau <907>",9
Salzburg Umgebung <503>,"Wien 8.Bezirk, Josefstadt <908>",9
Salzburg Umgebung <503>,"Wien 9.Bezirk, Alsergrund <909>",16
Salzburg Umgebung <503>,"Wien 10.Bezirk, Favoriten <910>",46
Salzburg Umgebung <503>,"Wien 11.Bezirk, Simmering <911>",13
Salzburg Umgebung <503>,"Wien 12.Bezirk, Meidling <912>",22
Salzburg Umgebung <503>,"Wien 13.Bezirk, Hietzing <913>",5
Salzburg Umgebung <503>,"Wien 14.Bezirk, Penzing <914>",17
Salzburg Umgebung <503>,"Wien 15.Bezirk, Rudolfsheim-Fünfhaus <915>",20
Salzburg Umgebung <503>,"Wien 16.Bezirk, Ottakring <916>",12
Salzburg Umgebung <503>,"Wien 17.Bezirk, Hernals <917>",10
Salzburg Umgebung <503>,"Wien 18.Bezirk, Währing <918>",17
Salzburg Umgebung <503>,"Wien 19.Bezirk, Döbling <919>",19
Salzburg Umgebung <503>,"Wien 20.Bezirk, Brigittenau <920>",18
Salzburg Umgebung <503>,"Wien 21.Bezirk, Floridsdorf <921>",29
Salzburg Umgebung <503>,"Wien 22.Bezirk, Donaustadt <922>",22
Salzburg Umgebung <503>,"Wien 23.Bezirk, Liesing <923>",14
St. Johann im Pongau <504>,Graz (Stadt) <601>,60
St. Johann im Pongau <504>,Bruck an der Mur ^<602>,-
St. Johann im Pongau <504>,Bruck-Mürzzuschlag <621>,10
St. Johann im Pongau <504>,Deutschlandsberg <603>,7
St. Johann im Pongau <504>,Feldbach ^<604>,-
St. Johann im Pongau <504>,Fürstenfeld ^<605>,-
St. Johann im Pongau <504>,Graz Umgebung <606>,5
St. Johann im Pongau <504>,Hartberg ^<607>,-
St. Johann im Pongau <504>,Hartberg-Fürstenfeld <622>,6
St. Johann im Pongau <504>,Judenburg ^<608>,-
St. Johann im Pongau <504>,Knittelfeld ^<609>,-
St. Johann im Pongau <504>,Leibnitz <610>,5
St. Johann im Pongau <504>,Leoben <611>,6
St. Johann im Pongau <504>,Liezen <612>,67
St. Johann im Pongau <504>,Murtal <620>,4
St. Johann im Pongau <504>,Mürzzuschlag ^<613>,-
St. Johann im Pongau <504>,Murau <614>,6
St. Johann im Pongau <504>,Radkersburg ^<615>,-
St. Johann im Pongau <504>,Südoststeiermark <623>,6
St. Johann im Pongau <504>,Voitsberg <616>,1
St. Johann im Pongau <504>,Weiz <617>,4
St. Johann im Pongau <504>,Innsbruck (Stadt) <701>,17
St. Johann im Pongau <504>,Imst <702>,3
St. Johann im Pongau <504>,Innsbruck Land <703>,5
St. Johann im Pongau <504>,Kitzbühel <704>,17
St. Johann im Pongau <504>,Kufstein <705>,10
St. Johann im Pongau <504>,Landeck <706>,6
St. Johann im Pongau <504>,Lienz <707>,9
St. Johann im Pongau <504>,Reutte <708>,-
St. Johann im Pongau <504>,Schwaz <709>,12
St. Johann im Pongau <504>,Bludenz <801>,2
St. Johann im Pongau <504>,Bregenz <802>,8
St. Johann im Pongau <504>,Dornbirn <803>,3
St. Johann im Pongau <504>,Feldkirch <804>,6
St. Johann im Pongau <504>,"Wien 1.Bezirk, Innere Stadt <901>",2
St. Johann im Pongau <504>,"Wien 2.Bezirk, Leopoldstadt <902>",8
St. Johann im Pongau <504>,"Wien 3.Bezirk, Landstraße <903>",7
St. Johann im Pongau <504>,"Wien 4.Bezirk, Wieden <904>",-
St. Johann im Pongau <504>,"Wien 5.Bezirk, Margareten <905>",4
St. Johann im Pongau <504>,"Wien 6.Bezirk, Mariahilf <906>",6
St. Johann im Pongau <504>,"Wien 7.Bezirk, Neubau <907>",2
St. Johann im Pongau <504>,"Wien 8.Bezirk, Josefstadt <908>",7
St. Johann im Pongau <504>,"Wien 9.Bezirk, Alsergrund <909>",6
St. Johann im Pongau <504>,"Wien 10.Bezirk, Favoriten <910>",24
St. Johann im Pongau <504>,"Wien 11.Bezirk, Simmering <911>",8
St. Johann im Pongau <504>,"Wien 12.Bezirk, Meidling <912>",13
St. Johann im Pongau <504>,"Wien 13.Bezirk, Hietzing <913>",2
St. Johann im Pongau <504>,"Wien 14.Bezirk, Penzing <914>",9
St. Johann im Pongau <504>,"Wien 15.Bezirk, Rudolfsheim-Fünfhaus <915>",4
St. Johann im Pongau <504>,"Wien 16.Bezirk, Ottakring <916>",8
St. Johann im Pongau <504>,"Wien 17.Bezirk, Hernals <917>",3
St. Johann im Pongau <504>,"Wien 18.Bezirk, Währing <918>",8
St. Johann im Pongau <504>,"Wien 19.Bezirk, Döbling <919>",6
St. Johann im Pongau <504>,"Wien 20.Bezirk, Brigittenau <920>",9
St. Johann im Pongau <504>,"Wien 21.Bezirk, Floridsdorf <921>",10
St. Johann im Pongau <504>,"Wien 22.Bezirk, Donaustadt <922>",14
St. Johann im Pongau <504>,"Wien 23.Bezirk, Liesing <923>",9
Tamsweg <505>,Graz (Stadt) <601>,29
Tamsweg <505>,Bruck an der Mur ^<602>,-
Tamsweg <505>,Bruck-Mürzzuschlag <621>,1
Tamsweg <505>,Deutschlandsberg <603>,-
Tamsweg <505>,Feldbach ^<604>,-
Tamsweg <505>,Fürstenfeld ^<605>,-
Tamsweg <505>,Graz Umgebung <606>,2
Tamsweg <505>,Hartberg ^<607>,-
Tamsweg <505>,Hartberg-Fürstenfeld <622>,8
Tamsweg <505>,Judenburg ^<608>,-
Tamsweg <505>,Knittelfeld ^<609>,-
Tamsweg <505>,Leibnitz <610>,1
Tamsweg <505>,Leoben <611>,2
Tamsweg <505>,Liezen <612>,1
Tamsweg <505>,Murtal <620>,5
Tamsweg <505>,Mürzzuschlag ^<613>,-
Tamsweg <505>,Murau <614>,33
Tamsweg <505>,Radkersburg ^<615>,-
Tamsweg <505>,Südoststeiermark <623>,1
Tamsweg <505>,Voitsberg <616>,-
Tamsweg <505>,Weiz <617>,-
Tamsweg <505>,Innsbruck (Stadt) <701>,3
Tamsweg <505>,Imst <702>,-
Tamsweg <505>,Innsbruck Land <703>,1
Tamsweg <505>,Kitzbühel <704>,7
Tamsweg <505>,Kufstein <705>,1
Tamsweg <505>,Landeck <706>,-
Tamsweg <505>,Lienz <707>,-
Tamsweg <505>,Reutte <708>,4
Tamsweg <505>,Schwaz <709>,-
Tamsweg <505>,Bludenz <801>,1
Tamsweg <505>,Bregenz <802>,-
Tamsweg <505>,Dornbirn <803>,1
Tamsweg <505>,Feldkirch <804>,-
Tamsweg <505>,"Wien 1.Bezirk, Innere Stadt <901>",4
Tamsweg <505>,"Wien 2.Bezirk, Leopoldstadt <902>",6
Tamsweg <505>,"Wien 3.Bezirk, Landstraße <903>",3
Tamsweg <505>,"Wien 4.Bezirk, Wieden <904>",1
Tamsweg <505>,"Wien 5.Bezirk, Margareten <905>",2
Tamsweg <505>,"Wien 6.Bezirk, Mariahilf <906>",-
Tamsweg <505>,"Wien 7.Bezirk, Neubau <907>",2
Tamsweg <505>,"Wien 8.Bezirk, Josefstadt <908>",-
Tamsweg <505>,"Wien 9.Bezirk, Alsergrund <909>",-
Tamsweg <505>,"Wien 10.Bezirk, Favoriten <910>",3
Tamsweg <505>,"Wien 11.Bezirk, Simmering <911>",2
Tamsweg <505>,"Wien 12.Bezirk, Meidling <912>",-
Tamsweg <505>,"Wien 13.Bezirk, Hietzing <913>",1
Tamsweg <505>,"Wien 14.Bezirk, Penzing <914>",1
Tamsweg <505>,"Wien 15.Bezirk, Rudolfsheim-Fünfhaus <915>",1
Tamsweg <505>,"Wien 16.Bezirk, Ottakring <916>",7
Tamsweg <505>,"Wien 17.Bezirk, Hernals <917>",-
Tamsweg <505>,"Wien 18.Bezirk, Währing <918>",-
Tamsweg <505>,"Wien 19.Bezirk, Döbling <919>",3
Tamsweg <505>,"Wien 20.Bezirk, Brigittenau <920>",1
Tamsweg <505>,"Wien 21.Bezirk, Floridsdorf <921>",3
Tamsweg <505>,"Wien 22.Bezirk, Donaustadt <922>",2
Tamsweg <505>,"Wien 23.Bezirk, Liesing <923>",3
Zell am See <506>,Graz (Stadt) <601>,66
Zell am See <506>,Bruck an der Mur ^<602>,-
Zell am See <506>,Bruck-Mürzzuschlag <621>,4
Zell am See <506>,Deutschlandsberg <603>,3
Zell am See <506>,Feldbach ^<604>,-
Zell am See <506>,Fürstenfeld ^<605>,-
Zell am See <506>,Graz Umgebung <606>,16
Zell am See <506>,Hartberg ^<607>,-
Zell am See <506>,Hartberg-Fürstenfeld <622>,9
Zell am See <506>,Judenburg ^<608>,-
Zell am See <506>,Knittelfeld ^<609>,-
Zell am See <506>,Leibnitz <610>,8
Zell am See <506>,Leoben <611>,10
Zell am See <506>,Liezen <612>,9
Zell am See <506>,Murtal <620>,14
Zell am See <506>,Mürzzuschlag ^<613>,-
Zell am See <506>,Murau <614>,3
Zell am See <506>,Radkersburg ^<615>,-
Zell am See <506>,Südoststeiermark <623>,3
Zell am See <506>,Voitsberg <616>,1
Zell am See <506>,Weiz <617>,7
Zell am See <506>,Innsbruck (Stadt) <701>,49
Zell am See <506>,Imst <702>,10
Zell am See <506>,Innsbruck Land <703>,14
Zell am See <506>,Kitzbühel <704>,84
Zell am See <506>,Kufstein <705>,33
Zell am See <506>,Landeck <706>,10
Zell am See <506>,Lienz <707>,26
Zell am See <506>,Reutte <708>,1
Zell am See <506>,Schwaz <709>,16
Zell am See <506>,Bludenz <801>,4
Zell am See <506>,Bregenz <802>,23
Zell am See <506>,Dornbirn <803>,10
Zell am See <506>,Feldkirch <804>,1
Zell am See <506>,"Wien 1.Bezirk, Innere Stadt <901>",-
Zell am See <506>,"Wien 2.Bezirk, Leopoldstadt <902>",23
Zell am See <506>,"Wien 3.Bezirk, Landstraße <903>",9
Zell am See <506>,"Wien 4.Bezirk, Wieden <904>",2
Zell am See <506>,"Wien 5.Bezirk, Margareten <905>",11
Zell am See <506>,"Wien 6.Bezirk, Mariahilf <906>",5
Zell am See <506>,"Wien 7.Bezirk, Neubau <907>",3
Zell am See <506>,"Wien 8.Bezirk, Josefstadt <908>",2
Zell am See <506>,"Wien 9.Bezirk, Alsergrund <909>",4
Zell am See <506>,"Wien 10.Bezirk, Favoriten <910>",37
Zell am See <506>,"Wien 11.Bezirk, Simmering <911>",12
Zell am See <506>,"Wien 12.Bezirk, Meidling <912>",14
Zell am See <506>,"Wien 13.Bezirk, Hietzing <913>",5
Zell am See <506>,"Wien 14.Bezirk, Penzing <914>",9
Zell am See <506>,"Wien 15.Bezirk, Rudolfsheim-Fünfhaus <915>",26
Zell am See <506>,"Wien 16.Bezirk, Ottakring <916>",25
Zell am See <506>,"Wien 17.Bezirk, Hernals <917>",14
Zell am See <506>,"Wien 18.Bezirk, Währing <918>",9
Zell am See <506>,"Wien 19.Bezirk, Döbling <919>",14
Zell am See <506>,"Wien 20.Bezirk, Brigittenau <920>",6
Zell am See <506>,"Wien 21.Bezirk, Floridsdorf <921>",12
Zell am See <506>,"Wien 22.Bezirk, Donaustadt <922>",20
Zell am See <506>,"Wien 23.Bezirk, Liesing <923>",12
Graz (Stadt) <601>,Graz (Stadt) <601>,28297
Graz (Stadt) <601>,Bruck an der Mur ^<602>,-
Graz (Stadt) <601>,Bruck-Mürzzuschlag <621>,257
Graz (Stadt) <601>,Deutschlandsberg <603>,439
Graz (Stadt) <601>,Feldbach ^<604>,-
Graz (Stadt) <601>,Fürstenfeld ^<605>,-
Graz (Stadt) <601>,Graz Umgebung <606>,3763
Graz (Stadt) <601>,Hartberg ^<607>,-
Graz (Stadt) <601>,Hartberg-Fürstenfeld <622>,211
Graz (Stadt) <601>,Judenburg ^<608>,-
Graz (Stadt) <601>,Knittelfeld ^<609>,-
Graz (Stadt) <601>,Leibnitz <610>,685
Graz (Stadt) <601>,Leoben <611>,272
Graz (Stadt) <601>,Liezen <612>,162
Graz (Stadt) <601>,Murtal <620>,186
Graz (Stadt) <601>,Mürzzuschlag ^<613>,-
Graz (Stadt) <601>,Murau <614>,45
Graz (Stadt) <601>,Radkersburg ^<615>,-
Graz (Stadt) <601>,Südoststeiermark <623>,378
Graz (Stadt) <601>,Voitsberg <616>,371
Graz (Stadt) <601>,Weiz <617>,440
Graz (Stadt) <601>,Innsbruck (Stadt) <701>,112
Graz (Stadt) <601>,Imst <702>,6
Graz (Stadt) <601>,Innsbruck Land <703>,30
Graz (Stadt) <601>,Kitzbühel <704>,16
Graz (Stadt) <601>,Kufstein <705>,17
Graz (Stadt) <601>,Landeck <706>,4
Graz (Stadt) <601>,Lienz <707>,39
Graz (Stadt) <601>,Reutte <708>,7
Graz (Stadt) <601>,Schwaz <709>,14
Graz (Stadt) <601>,Bludenz <801>,10
Graz (Stadt) <601>,Bregenz <802>,37
Graz (Stadt) <601>,Dornbirn <803>,33
Graz (Stadt) <601>,Feldkirch <804>,17
Graz (Stadt) <601>,"Wien 1.Bezirk, Innere Stadt <901>",5
Graz (Stadt) <601>,"Wien 2.Bezirk, Leopoldstadt <902>",123
Graz (Stadt) <601>,"Wien 3.Bezirk, Landstraße <903>",123
Graz (Stadt) <601>,"Wien 4.Bezirk, Wieden <904>",31
Graz (Stadt) <601>,"Wien 5.Bezirk, Margareten <905>",67
Graz (Stadt) <601>,"Wien 6.Bezirk, Mariahilf <906>",57
Graz (Stadt) <601>,"Wien 7.Bezirk, Neubau <907>",58
Graz (Stadt) <601>,"Wien 8.Bezirk, Josefstadt <908>",41
Graz (Stadt) <601>,"Wien 9.Bezirk, Alsergrund <909>",69
Graz (Stadt) <601>,"Wien 10.Bezirk, Favoriten <910>",241
Graz (Stadt) <601>,"Wien 11.Bezirk, Simmering <911>",55
Graz (Stadt) <601>,"Wien 12.Bezirk, Meidling <912>",75
Graz (Stadt) <601>,"Wien 13.Bezirk, Hietzing <913>",61
Graz (Stadt) <601>,"Wien 14.Bezirk, Penzing <914>",77
Graz (Stadt) <601>,"Wien 15.Bezirk, Rudolfsheim-Fünfhaus <915>",70
Graz (Stadt) <601>,"Wien 16.Bezirk, Ottakring <916>",88
Graz (Stadt) <601>,"Wien 17.Bezirk, Hernals <917>",60
Graz (Stadt) <601>,"Wien 18.Bezirk, Währing <918>",50
Graz (Stadt) <601>,"Wien 19.Bezirk, Döbling <919>",56
Graz (Stadt) <601>,"Wien 20.Bezirk, Brigittenau <920>",88
Graz (Stadt) <601>,"Wien 21.Bezirk, Floridsdorf <921>",116
Graz (Stadt) <601>,"Wien 22.Bezirk, Donaustadt <922>",139
Graz (Stadt) <601>,"Wien 23.Bezirk, Liesing <923>",48
Bruck an der Mur ^<602>,Graz (Stadt) <601>,-
Bruck an der Mur ^<602>,Bruck an der Mur ^<602>,-
Bruck an der Mur ^<602>,Bruck-Mürzzuschlag <621>,-
Bruck an der Mur ^<602>,Deutschlandsberg <603>,-
Bruck an der Mur ^<602>,Feldbach ^<604>,-
Bruck an der Mur ^<602>,Fürstenfeld ^<605>,-
Bruck an der Mur ^<602>,Graz Umgebung <606>,-
Bruck an der Mur ^<602>,Hartberg ^<607>,-
Bruck an der Mur ^<602>,Hartberg-Fürstenfeld <622>,-
Bruck an der Mur ^<602>,Judenburg ^<608>,-
Bruck an der Mur ^<602>,Knittelfeld ^<609>,-
Bruck an der Mur ^<602>,Leibnitz <610>,-
Bruck an der Mur ^<602>,Leoben <611>,-
Bruck an der Mur ^<602>,Liezen <612>,-
Bruck an der Mur ^<602>,Murtal <620>,-
Bruck an der Mur ^<602>,Mürzzuschlag ^<613>,-
Bruck an der Mur ^<602>,Murau <614>,-
Bruck an der Mur ^<602>,Radkersburg ^<615>,-
Bruck an der Mur ^<602>,Südoststeiermark <623>,-
Bruck an der Mur ^<602>,Voitsberg <616>,-
Bruck an der Mur ^<602>,Weiz <617>,-
Bruck an der Mur ^<602>,Innsbruck (Stadt) <701>,-
Bruck an der Mur ^<602>,Imst <702>,-
Bruck an der Mur ^<602>,Innsbruck Land <703>,-
Bruck an der Mur ^<602>,Kitzbühel <704>,-
Bruck an der Mur ^<602>,Kufstein <705>,-
Bruck an der Mur ^<602>,Landeck <706>,-
Bruck an der Mur ^<602>,Lienz <707>,-
Bruck an der Mur ^<602>,Reutte <708>,-
Bruck an der Mur ^<602>,Schwaz <709>,-
Bruck an der Mur ^<602>,Bludenz <801>,-
Bruck an der Mur ^<602>,Bregenz <802>,-
Bruck an der Mur ^<602>,Dornbirn <803>,-
Bruck an der Mur ^<602>,Feldkirch <804>,-
Bruck an der Mur ^<602>,"Wien 1.Bezirk, Innere Stadt <901>",-
Bruck an der Mur ^<602>,"Wien 2.Bezirk, Leopoldstadt <902>",-
Bruck an der Mur ^<602>,"Wien 3.Bezirk, Landstraße <903>",-
Bruck an der Mur ^<602>,"Wien 4.Bezirk, Wieden <904>",-
Bruck an der Mur ^<602>,"Wien 5.Bezirk, Margareten <905>",-
Bruck an der Mur ^<602>,"Wien 6.Bezirk, Mariahilf <906>",-
Bruck an der Mur ^<602>,"Wien 7.Bezirk, Neubau <907>",-
Bruck an der Mur ^<602>,"Wien 8.Bezirk, Josefstadt <908>",-
Bruck an der Mur ^<602>,"Wien 9.Bezirk, Alsergrund <909>",-
Bruck an der Mur ^<602>,"Wien 10.Bezirk, Favoriten <910>",-
Bruck an der Mur ^<602>,"Wien 11.Bezirk, Simmering <911>",-
Bruck an der Mur ^<602>,"Wien 12.Bezirk, Meidling <912>",-
Bruck an der Mur ^<602>,"Wien 13.Bezirk, Hietzing <913>",-
Bruck an der Mur ^<602>,"Wien 14.Bezirk, Penzing <914>",-
Bruck an der Mur ^<602>,"Wien 15.Bezirk, Rudolfsheim-Fünfhaus <915>",-
Bruck an der Mur ^<602>,"Wien 16.Bezirk, Ottakring <916>",-
Bruck an der Mur ^<602>,"Wien 17.Bezirk, Hernals <917>",-
Bruck an der Mur ^<602>,"Wien 18.Bezirk, Währing <918>",-
Bruck an der Mur ^<602>,"Wien 19.Bezirk, Döbling <919>",-
Bruck an der Mur ^<602>,"Wien 20.Bezirk, Brigittenau <920>",-
Bruck an der Mur ^<602>,"Wien 21.Bezirk, Floridsdorf <921>",-
Bruck an der Mur ^<602>,"Wien 22.Bezirk, Donaustadt <922>",-
Bruck an der Mur ^<602>,"Wien 23.Bezirk, Liesing <923>",-
Bruck-Mürzzuschlag <621>,Graz (Stadt) <601>,417
Bruck-Mürzzuschlag <621>,Bruck an der Mur ^<602>,-
Bruck-Mürzzuschlag <621>,Bruck-Mürzzuschlag <621>,5665
Bruck-Mürzzuschlag <621>,Deutschlandsberg <603>,21
Bruck-Mürzzuschlag <621>,Feldbach ^<604>,-
Bruck-Mürzzuschlag <621>,Fürstenfeld ^<605>,-
Bruck-Mürzzuschlag <621>,Graz Umgebung <606>,155
Bruck-Mürzzuschlag <621>,Hartberg ^<607>,-
Bruck-Mürzzuschlag <621>,Hartberg-Fürstenfeld <622>,31
Bruck-Mürzzuschlag <621>,Judenburg ^<608>,-
Bruck-Mürzzuschlag <621>,Knittelfeld ^<609>,-
Bruck-Mürzzuschlag <621>,Leibnitz <610>,38
Bruck-Mürzzuschlag <621>,Leoben <611>,294
Bruck-Mürzzuschlag <621>,Liezen <612>,37
Bruck-Mürzzuschlag <621>,Murtal <620>,102
Bruck-Mürzzuschlag <621>,Mürzzuschlag ^<613>,-
Bruck-Mürzzuschlag <621>,Murau <614>,3
Bruck-Mürzzuschlag <621>,Radkersburg ^<615>,-
Bruck-Mürzzuschlag <621>,Südoststeiermark <623>,35
Bruck-Mürzzuschlag <621>,Voitsberg <616>,23
Bruck-Mürzzuschlag <621>,Weiz <617>,56
Bruck-Mürzzuschlag <621>,Innsbruck (Stadt) <701>,6
Bruck-Mürzzuschlag <621>,Imst <702>,3
Bruck-Mürzzuschlag <621>,Innsbruck Land <703>,1
Bruck-Mürzzuschlag <621>,Kitzbühel <704>,3
Bruck-Mürzzuschlag <621>,Kufstein <705>,3
Bruck-Mürzzuschlag <621>,Landeck <706>,-
Bruck-Mürzzuschlag <621>,Lienz <707>,-
Bruck-Mürzzuschlag <621>,Reutte <708>,-
Bruck-Mürzzuschlag <621>,Schwaz <709>,2
Bruck-Mürzzuschlag <621>,Bludenz <801>,-
Bruck-Mürzzuschlag <621>,Bregenz <802>,6
Bruck-Mürzzuschlag <621>,Dornbirn <803>,2
Bruck-Mürzzuschlag <621>,Feldkirch <804>,-
Bruck-Mürzzuschlag <621>,"Wien 1.Bezirk, Innere Stadt <901>",1
Bruck-Mürzzuschlag <621>,"Wien 2.Bezirk, Leopoldstadt <902>",9
Bruck-Mürzzuschlag <621>,"Wien 3.Bezirk, Landstraße <903>",18
Bruck-Mürzzuschlag <621>,"Wien 4.Bezirk, Wieden <904>",3
Bruck-Mürzzuschlag <621>,"Wien 5.Bezirk, Margareten <905>",7
Bruck-Mürzzuschlag <621>,"Wien 6.Bezirk, Mariahilf <906>",1
Bruck-Mürzzuschlag <621>,"Wien 7.Bezirk, Neubau <907>",1
Bruck-Mürzzuschlag <621>,"Wien 8.Bezirk, Josefstadt <908>",2
Bruck-Mürzzuschlag <621>,"Wien 9.Bezirk, Alsergrund <909>",7
Bruck-Mürzzuschlag <621>,"Wien 10.Bezirk, Favoriten <910>",22
Bruck-Mürzzuschlag <621>,"Wien 11.Bezirk, Simmering <911>",5
Bruck-Mürzzuschlag <621>,"Wien 12.Bezirk, Meidling <912>",11
Bruck-Mürzzuschlag <621>,"Wien 13.Bezirk, Hietzing <913>",7
Bruck-Mürzzuschlag <621>,"Wien 14.Bezirk, Penzing <914>",7
Bruck-Mürzzuschlag <621>,"Wien 15.Bezirk, Rudolfsheim-Fünfhaus <915>",13
Bruck-Mürzzuschlag <621>,"Wien 16.Bezirk, Ottakring <916>",10
Bruck-Mürzzuschlag <621>,"Wien 17.Bezirk, Hernals <917>",9
Bruck-Mürzzuschlag <621>,"Wien 18.Bezirk, Währing <918>",4
Bruck-Mürzzuschlag <621>,"Wien 19.Bezirk, Döbling <919>",10
Bruck-Mürzzuschlag <621>,"Wien 20.Bezirk, Brigittenau <920>",10
Bruck-Mürzzuschlag <621>,"Wien 21.Bezirk, Floridsdorf <921>",16
Bruck-Mürzzuschlag <621>,"Wien 22.Bezirk, Donaustadt <922>",18
Bruck-Mürzzuschlag <621>,"Wien 23.Bezirk, Liesing <923>",7
Deutschlandsberg <603>,Graz (Stadt) <601>,346
Deutschlandsberg <603>,Bruck an der Mur ^<602>,-
Deutschlandsberg <603>,Bruck-Mürzzuschlag <621>,16
Deutschlandsberg <603>,Deutschlandsberg <603>,2617
Deutschlandsberg <603>,Feldbach ^<604>,-
Deutschlandsberg <603>,Fürstenfeld ^<605>,-
Deutschlandsberg <603>,Graz Umgebung <606>,211
Deutschlandsberg <603>,Hartberg ^<607>,-
Deutschlandsberg <603>,Hartberg-Fürstenfeld <622>,9
Deutschlandsberg <603>,Judenburg ^<608>,-
Deutschlandsberg <603>,Knittelfeld ^<609>,-
Deutschlandsberg <603>,Leibnitz <610>,274
Deutschlandsberg <603>,Leoben <611>,26
Deutschlandsberg <603>,Liezen <612>,8
Deutschlandsberg <603>,Murtal <620>,12
Deutschlandsberg <603>,Mürzzuschlag ^<613>,-
Deutschlandsberg <603>,Murau <614>,2
Deutschlandsberg <603>,Radkersburg ^<615>,-
Deutschlandsberg <603>,Südoststeiermark <623>,24
Deutschlandsberg <603>,Voitsberg <616>,102
Deutschlandsberg <603>,Weiz <617>,24
Deutschlandsberg <603>,Innsbruck (Stadt) <701>,1
Deutschlandsberg <603>,Imst <702>,-
Deutschlandsberg <603>,Innsbruck Land <703>,2
Deutschlandsberg <603>,Kitzbühel <704>,3
Deutschlandsberg <603>,Kufstein <705>,-
Deutschlandsberg <603>,Landeck <706>,-
Deutschlandsberg <603>,Lienz <707>,1
Deutschlandsberg <603>,Reutte <708>,-
Deutschlandsberg <603>,Schwaz <709>,2
Deutschlandsberg <603>,Bludenz <801>,1
Deutschlandsberg <603>,Bregenz <802>,2
Deutschlandsberg <603>,Dornbirn <803>,1
Deutschlandsberg <603>,Feldkirch <804>,3
Deutschlandsberg <603>,"Wien 1.Bezirk, Innere Stadt <901>",-
Deutschlandsberg <603>,"Wien 2.Bezirk, Leopoldstadt <902>",4
Deutschlandsberg <603>,"Wien 3.Bezirk, Landstraße <903>",1
Deutschlandsberg <603>,"Wien 4.Bezirk, Wieden <904>",1
Deutschlandsberg <603>,"Wien 5.Bezirk, Margareten <905>",3
Deutschlandsberg <603>,"Wien 6.Bezirk, Mariahilf <906>",2
Deutschlandsberg <603>,"Wien 7.Bezirk, Neubau <907>",2
Deutschlandsberg <603>,"Wien 8.Bezirk, Josefstadt <908>",5
Deutschlandsberg <603>,"Wien 9.Bezirk, Alsergrund <909>",4
Deutschlandsberg <603>,"Wien 10.Bezirk, Favoriten <910>",10
Deutschlandsberg <603>,"Wien 11.Bezirk, Simmering <911>",2
Deutschlandsberg <603>,"Wien 12.Bezirk, Meidling <912>",4
Deutschlandsberg <603>,"Wien 13.Bezirk, Hietzing <913>",-
Deutschlandsberg <603>,"Wien 14.Bezirk, Penzing <914>",1
Deutschlandsberg <603>,"Wien 15.Bezirk, Rudolfsheim-Fünfhaus <915>",3
Deutschlandsberg <603>,"Wien 16.Bezirk, Ottakring <916>",1
Deutschlandsberg <603>,"Wien 17.Bezirk, Hernals <917>",1
Deutschlandsberg <603>,"Wien 18.Bezirk, Währing <918>",1
Deutschlandsberg <603>,"Wien 19.Bezirk, Döbling <919>",3
Deutschlandsberg <603>,"Wien 20.Bezirk, Brigittenau <920>",1
Deutschlandsberg <603>,"Wien 21.Bezirk, Floridsdorf <921>",6
Deutschlandsberg <603>,"Wien 22.Bezirk, Donaustadt <922>",4
Deutschlandsberg <603>,"Wien 23.Bezirk, Liesing <923>",-
Feldbach ^<604>,Graz (Stadt) <601>,-
Feldbach ^<604>,Bruck an der Mur ^<602>,-
Feldbach ^<604>,Bruck-Mürzzuschlag <621>,-
Feldbach ^<604>,Deutschlandsberg <603>,-
Feldbach ^<604>,Feldbach ^<604>,-
Feldbach ^<604>,Fürstenfeld ^<605>,-
Feldbach ^<604>,Graz Umgebung <606>,-
Feldbach ^<604>,Hartberg ^<607>,-
Feldbach ^<604>,Hartberg-Fürstenfeld <622>,-
Feldbach ^<604>,Judenburg ^<608>,-
Feldbach ^<604>,Knittelfeld ^<609>,-
Feldbach ^<604>,Leibnitz <610>,-
Feldbach ^<604>,Leoben <611>,-
Feldbach ^<604>,Liezen <612>,-
Feldbach ^<604>,Murtal <620>,-
Feldbach ^<604>,Mürzzuschlag ^<613>,-
Feldbach ^<604>,Murau <614>,-
Feldbach ^<604>,Radkersburg ^<615>,-
Feldbach ^<604>,Südoststeiermark <623>,-
Feldbach ^<604>,Voitsberg <616>,-
Feldbach ^<604>,Weiz <617>,-
Feldbach ^<604>,Innsbruck (Stadt) <701>,-
Feldbach ^<604>,Imst <702>,-
Feldbach ^<604>,Innsbruck Land <703>,-
Feldbach ^<604>,Kitzbühel <704>,-
Feldbach ^<604>,Kufstein <705>,-
Feldbach ^<604>,Landeck <706>,-
Feldbach ^<604>,Lienz <707>,-
Feldbach ^<604>,Reutte <708>,-
Feldbach ^<604>,Schwaz <709>,-
Feldbach ^<604>,Bludenz <801>,-
Feldbach ^<604>,Bregenz <802>,-
Feldbach ^<604>,Dornbirn <803>,-
Feldbach ^<604>,Feldkirch <804>,-
Feldbach ^<604>,"Wien 1.Bezirk, Innere Stadt <901>",-
Feldbach ^<604>,"Wien 2.Bezirk, Leopoldstadt <902>",-
Feldbach ^<604>,"Wien 3.Bezirk, Landstraße <903>",-
Feldbach ^<604>,"Wien 4.Bezirk, Wieden <904>",-
Feldbach ^<604>,"Wien 5.Bezirk, Margareten <905>",-
Feldbach ^<604>,"Wien 6.Bezirk, Mariahilf <906>",-
Feldbach ^<604>,"Wien 7.Bezirk, Neubau <907>",-
Feldbach ^<604>,"Wien 8.Bezirk, Josefstadt <908>",-
Feldbach ^<604>,"Wien 9.Bezirk, Alsergrund <909>",-
Feldbach ^<604>,"Wien 10.Bezirk, Favoriten <910>",-
Feldbach ^<604>,"Wien 11.Bezirk, Simmering <911>",-
Feldbach ^<604>,"Wien 12.Bezirk, Meidling <912>",-
Feldbach ^<604>,"Wien 13.Bezirk, Hietzing <913>",-
Feldbach ^<604>,"Wien 14.Bezirk, Penzing <914>",-
Feldbach ^<604>,"Wien 15.Bezirk, Rudolfsheim-Fünfhaus <915>",-
Feldbach ^<604>,"Wien 16.Bezirk, Ottakring <916>",-
Feldbach ^<604>,"Wien 17.Bezirk, Hernals <917>",-
Feldbach ^<604>,"Wien 18.Bezirk, Währing <918>",-
Feldbach ^<604>,"Wien 19.Bezirk, Döbling <919>",-
Feldbach ^<604>,"Wien 20.Bezirk, Brigittenau <920>",-
Feldbach ^<604>,"Wien 21.Bezirk, Floridsdorf <921>",-
Feldbach ^<604>,"Wien 22.Bezirk, Donaustadt <922>",-
Feldbach ^<604>,"Wien 23.Bezirk, Liesing <923>",-
Fürstenfeld ^<605>,Graz (Stadt) <601>,-
Fürstenfeld ^<605>,Bruck an der Mur ^<602>,-
Fürstenfeld ^<605>,Bruck-Mürzzuschlag <621>,-
Fürstenfeld ^<605>,Deutschlandsberg <603>,-
Fürstenfeld ^<605>,Feldbach ^<604>,-
Fürstenfeld ^<605>,Fürstenfeld ^<605>,-
Fürstenfeld ^<605>,Graz Umgebung <606>,-
Fürstenfeld ^<605>,Hartberg ^<607>,-
Fürstenfeld ^<605>,Hartberg-Fürstenfeld <622>,-
Fürstenfeld ^<605>,Judenburg ^<608>,-
Fürstenfeld ^<605>,Knittelfeld ^<609>,-
Fürstenfeld ^<605>,Leibnitz <610>,-
Fürstenfeld ^<605>,Leoben <611>,-
Fürstenfeld ^<605>,Liezen <612>,-
Fürstenfeld ^<605>,Murtal <620>,-
Fürstenfeld ^<605>,Mürzzuschlag ^<613>,-
Fürstenfeld ^<605>,Murau <614>,-
Fürstenfeld ^<605>,Radkersburg ^<615>,-
Fürstenfeld ^<605>,Südoststeiermark <623>,-
Fürstenfeld ^<605>,Voitsberg <616>,-
Fürstenfeld ^<605>,Weiz <617>,-
Fürstenfeld ^<605>,Innsbruck (Stadt) <701>,-
Fürstenfeld ^<605>,Imst <702>,-
Fürstenfeld ^<605>,Innsbruck Land <703>,-
Fürstenfeld ^<605>,Kitzbühel <704>,-
Fürstenfeld ^<605>,Kufstein <705>,-
Fürstenfeld ^<605>,Landeck <706>,-
Fürstenfeld ^<605>,Lienz <707>,-
Fürstenfeld ^<605>,Reutte <708>,-
Fürstenfeld ^<605>,Schwaz <709>,-
Fürstenfeld ^<605>,Bludenz <801>,-
Fürstenfeld ^<605>,Bregenz <802>,-
Fürstenfeld ^<605>,Dornbirn <803>,-
Fürstenfeld ^<605>,Feldkirch <804>,-
Fürstenfeld ^<605>,"Wien 1.Bezirk, Innere Stadt <901>",-
Fürstenfeld ^<605>,"Wien 2.Bezirk, Leopoldstadt <902>",-
Fürstenfeld ^<605>,"Wien 3.Bezirk, Landstraße <903>",-
Fürstenfeld ^<605>,"Wien 4.Bezirk, Wieden <904>",-
Fürstenfeld ^<605>,"Wien 5.Bezirk, Margareten <905>",-
Fürstenfeld ^<605>,"Wien 6.Bezirk, Mariahilf <906>",-
Fürstenfeld ^<605>,"Wien 7.Bezirk, Neubau <907>",-
Fürstenfeld ^<605>,"Wien 8.Bezirk, Josefstadt <908>",-
Fürstenfeld ^<605>,"Wien 9.Bezirk, Alsergrund <909>",-
Fürstenfeld ^<605>,"Wien 10.Bezirk, Favoriten <910>",-
Fürstenfeld ^<605>,"Wien 11.Bezirk, Simmering <911>",-
Fürstenfeld ^<605>,"Wien 12.Bezirk, Meidling <912>",-
Fürstenfeld ^<605>,"Wien 13.Bezirk, Hietzing <913>",-
Fürstenfeld ^<605>,"Wien 14.Bezirk, Penzing <914>",-
Fürstenfeld ^<605>,"Wien 15.Bezirk, Rudolfsheim-Fünfhaus <915>",-
Fürstenfeld ^<605>,"Wien 16.Bezirk, Ottakring <916>",-
Fürstenfeld ^<605>,"Wien 17.Bezirk, Hernals <917>",-
Fürstenfeld ^<605>,"Wien 18.Bezirk, Währing <918>",-
Fürstenfeld ^<605>,"Wien 19.Bezirk, Döbling <919>",-
Fürstenfeld ^<605>,"Wien 20.Bezirk, Brigittenau <920>",-
Fürstenfeld ^<605>,"Wien 21.Bezirk, Floridsdorf <921>",-
Fürstenfeld ^<605>,"Wien 22.Bezirk, Donaustadt <922>",-
Fürstenfeld ^<605>,"Wien 23.Bezirk, Liesing <923>",-
Graz Umgebung <606>,Graz (Stadt) <601>,2578
Graz Umgebung <606>,Bruck an der Mur ^<602>,-
Graz Umgebung <606>,Bruck-Mürzzuschlag <621>,119
Graz Umgebung <606>,Deutschlandsberg <603>,241
Graz Umgebung <606>,Feldbach ^<604>,-
Graz Umgebung <606>,Fürstenfeld ^<605>,-
Graz Umgebung <606>,Graz Umgebung <606>,5123
Graz Umgebung <606>,Hartberg ^<607>,-
Graz Umgebung <606>,Hartberg-Fürstenfeld <622>,76
Graz Umgebung <606>,Judenburg ^<608>,-
Graz Umgebung <606>,Knittelfeld ^<609>,-
Graz Umgebung <606>,Leibnitz <610>,481
Graz Umgebung <606>,Leoben <611>,60
Graz Umgebung <606>,Liezen <612>,26
Graz Umgebung <606>,Murtal <620>,45
Graz Umgebung <606>,Mürzzuschlag ^<613>,-
Graz Umgebung <606>,Murau <614>,10
Graz Umgebung <606>,Radkersburg ^<615>,-
Graz Umgebung <606>,Südoststeiermark <623>,152
Graz Umgebung <606>,Voitsberg <616>,262
Graz Umgebung <606>,Weiz <617>,334
Graz Umgebung <606>,Innsbruck (Stadt) <701>,12
Graz Umgebung <606>,Imst <702>,-
Graz Umgebung <606>,Innsbruck Land <703>,6
Graz Umgebung <606>,Kitzbühel <704>,3
Graz Umgebung <606>,Kufstein <705>,7
Graz Umgebung <606>,Landeck <706>,3
Graz Umgebung <606>,Lienz <707>,2
Graz Umgebung <606>,Reutte <708>,-
Graz Umgebung <606>,Schwaz <709>,3
Graz Umgebung <606>,Bludenz <801>,4
Graz Umgebung <606>,Bregenz <802>,5
Graz Umgebung <606>,Dornbirn <803>,1
Graz Umgebung <606>,Feldkirch <804>,2
Graz Umgebung <606>,"Wien 1.Bezirk, Innere Stadt <901>",1
Graz Umgebung <606>,"Wien 2.Bezirk, Leopoldstadt <902>",20
Graz Umgebung <606>,"Wien 3.Bezirk, Landstraße <903>",13
Graz Umgebung <606>,"Wien 4.Bezirk, Wieden <904>",4
Graz Umgebung <606>,"Wien 5.Bezirk, Margareten <905>",8
Graz Umgebung <606>,"Wien 6.Bezirk, Mariahilf <906>",6
Graz Umgebung <606>,"Wien 7.Bezirk, Neubau <907>",5
Graz Umgebung <606>,"Wien 8.Bezirk, Josefstadt <908>",1
Graz Umgebung <606>,"Wien 9.Bezirk, Alsergrund <909>",4
Graz Umgebung <606>,"Wien 10.Bezirk, Favoriten <910>",34
Graz Umgebung <606>,"Wien 11.Bezirk, Simmering <911>",16
Graz Umgebung <606>,"Wien 12.Bezirk, Meidling <912>",22
Graz Umgebung <606>,"Wien 13.Bezirk, Hietzing <913>",6
Graz Umgebung <606>,"Wien 14.Bezirk, Penzing <914>",15
Graz Umgebung <606>,"Wien 15.Bezirk, Rudolfsheim-Fünfhaus <915>",11
Graz Umgebung <606>,"Wien 16.Bezirk, Ottakring <916>",16
Graz Umgebung <606>,"Wien 17.Bezirk, Hernals <917>",7
Graz Umgebung <606>,"Wien 18.Bezirk, Währing <918>",5
Graz Umgebung <606>,"Wien 19.Bezirk, Döbling <919>",6
Graz Umgebung <606>,"Wien 20.Bezirk, Brigittenau <920>",14
Graz Umgebung <606>,"Wien 21.Bezirk, Floridsdorf <921>",21
Graz Umgebung <606>,"Wien 22.Bezirk, Donaustadt <922>",20
Graz Umgebung <606>,"Wien 23.Bezirk, Liesing <923>",7
Hartberg ^<607>,Graz (Stadt) <601>,-
Hartberg ^<607>,Bruck an der Mur ^<602>,-
Hartberg ^<607>,Bruck-Mürzzuschlag <621>,-
Hartberg ^<607>,Deutschlandsberg <603>,-
Hartberg ^<607>,Feldbach ^<604>,-
Hartberg ^<607>,Fürstenfeld ^<605>,-
Hartberg ^<607>,Graz Umgebung <606>,-
Hartberg ^<607>,Hartberg ^<607>,-
Hartberg ^<607>,Hartberg-Fürstenfeld <622>,-
Hartberg ^<607>,Judenburg ^<608>,-
Hartberg ^<607>,Knittelfeld ^<609>,-
Hartberg ^<607>,Leibnitz <610>,-
Hartberg ^<607>,Leoben <611>,-
Hartberg ^<607>,Liezen <612>,-
Hartberg ^<607>,Murtal <620>,-
Hartberg ^<607>,Mürzzuschlag ^<613>,-
Hartberg ^<607>,Murau <614>,-
Hartberg ^<607>,Radkersburg ^<615>,-
Hartberg ^<607>,Südoststeiermark <623>,-
Hartberg ^<607>,Voitsberg <616>,-
Hartberg ^<607>,Weiz <617>,-
Hartberg ^<607>,Innsbruck (Stadt) <701>,-
Hartberg ^<607>,Imst <702>,-
Hartberg ^<607>,Innsbruck Land <703>,-
Hartberg ^<607>,Kitzbühel <704>,-
Hartberg ^<607>,Kufstein <705>,-
Hartberg ^<607>,Landeck <706>,-
Hartberg ^<607>,Lienz <707>,-
Hartberg ^<607>,Reutte <708>,-
Hartberg ^<607>,Schwaz <709>,-
Hartberg ^<607>,Bludenz <801>,-
Hartberg ^<607>,Bregenz <802>,-
Hartberg ^<607>,Dornbirn <803>,-
Hartberg ^<607>,Feldkirch <804>,-
Hartberg ^<607>,"Wien 1.Bezirk, Innere Stadt <901>",-
Hartberg ^<607>,"Wien 2.Bezirk, Leopoldstadt <902>",-
Hartberg ^<607>,"Wien 3.Bezirk, Landstraße <903>",-
Hartberg ^<607>,"Wien 4.Bezirk, Wieden <904>",-
Hartberg ^<607>,"Wien 5.Bezirk, Margareten <905>",-
Hartberg ^<607>,"Wien 6.Bezirk, Mariahilf <906>",-
Hartberg ^<607>,"Wien 7.Bezirk, Neubau <907>",-
Hartberg ^<607>,"Wien 8.Bezirk, Josefstadt <908>",-
Hartberg ^<607>,"Wien 9.Bezirk, Alsergrund <909>",-
Hartberg ^<607>,"Wien 10.Bezirk, Favoriten <910>",-
Hartberg ^<607>,"Wien 11.Bezirk, Simmering <911>",-
Hartberg ^<607>,"Wien 12.Bezirk, Meidling <912>",-
Hartberg ^<607>,"Wien 13.Bezirk, Hietzing <913>",-
Hartberg ^<607>,"Wien 14.Bezirk, Penzing <914>",-
Hartberg ^<607>,"Wien 15.Bezirk, Rudolfsheim-Fünfhaus <915>",-
Hartberg ^<607>,"Wien 16.Bezirk, Ottakring <916>",-
Hartberg ^<607>,"Wien 17.Bezirk, Hernals <917>",-
Hartberg ^<607>,"Wien 18.Bezirk, Währing <918>",-
Hartberg ^<607>,"Wien 19.Bezirk, Döbling <919>",-
Hartberg ^<607>,"Wien 20.Bezirk, Brigittenau <920>",-
Hartberg ^<607>,"Wien 21.Bezirk, Floridsdorf <921>",-
Hartberg ^<607>,"Wien 22.Bezirk, Donaustadt <922>",-
Hartberg ^<607>,"Wien 23.Bezirk, Liesing <923>",-
Hartberg-Fürstenfeld <622>,Graz (Stadt) <601>,275
Hartberg-Fürstenfeld <622>,Bruck an der Mur ^<602>,-
Hartberg-Fürstenfeld <622>,Bruck-Mürzzuschlag <621>,29
Hartberg-Fürstenfeld <622>,Deutschlandsberg <603>,10
Hartberg-Fürstenfeld <622>,Feldbach ^<604>,-
Hartberg-Fürstenfeld <622>,Fürstenfeld ^<605>,-
Hartberg-Fürstenfeld <622>,Graz Umgebung <606>,86
Hartberg-Fürstenfeld <622>,Hartberg ^<607>,-
Hartberg-Fürstenfeld <622>,Hartberg-Fürstenfeld <622>,2992
Hartberg-Fürstenfeld <622>,Judenburg ^<608>,-
Hartberg-Fürstenfeld <622>,Knittelfeld ^<609>,-
Hartberg-Fürstenfeld <622>,Leibnitz <610>,33
Hartberg-Fürstenfeld <622>,Leoben <611>,13
Hartberg-Fürstenfeld <622>,Liezen <612>,13
Hartberg-Fürstenfeld <622>,Murtal <620>,21
Hartberg-Fürstenfeld <622>,Mürzzuschlag ^<613>,-
Hartberg-Fürstenfeld <622>,Murau <614>,7
Hartberg-Fürstenfeld <622>,Radkersburg ^<615>,-
Hartberg-Fürstenfeld <622>,Südoststeiermark <623>,108
Hartberg-Fürstenfeld <622>,Voitsberg <616>,21
Hartberg-Fürstenfeld <622>,Weiz <617>,334
Hartberg-Fürstenfeld <622>,Innsbruck (Stadt) <701>,1
Hartberg-Fürstenfeld <622>,Imst <702>,7
Hartberg-Fürstenfeld <622>,Innsbruck Land <703>,2
Hartberg-Fürstenfeld <622>,Kitzbühel <704>,1
Hartberg-Fürstenfeld <622>,Kufstein <705>,3
Hartberg-Fürstenfeld <622>,Landeck <706>,4
Hartberg-Fürstenfeld <622>,Lienz <707>,-
Hartberg-Fürstenfeld <622>,Reutte <708>,2
Hartberg-Fürstenfeld <622>,Schwaz <709>,6
Hartberg-Fürstenfeld <622>,Bludenz <801>,1
Hartberg-Fürstenfeld <622>,Bregenz <802>,3
Hartberg-Fürstenfeld <622>,Dornbirn <803>,2
Hartberg-Fürstenfeld <622>,Feldkirch <804>,1
Hartberg-Fürstenfeld <622>,"Wien 1.Bezirk, Innere Stadt <901>",3
Hartberg-Fürstenfeld <622>,"Wien 2.Bezirk, Leopoldstadt <902>",13
Hartberg-Fürstenfeld <622>,"Wien 3.Bezirk, Landstraße <903>",9
Hartberg-Fürstenfeld <622>,"Wien 4.Bezirk, Wieden <904>",1
Hartberg-Fürstenfeld <622>,"Wien 5.Bezirk, Margareten <905>",17
Hartberg-Fürstenfeld <622>,"Wien 6.Bezirk, Mariahilf <906>",3
Hartberg-Fürstenfeld <622>,"Wien 7.Bezirk, Neubau <907>",10
Hartberg-Fürstenfeld <622>,"Wien 8.Bezirk, Josefstadt <908>",4
Hartberg-Fürstenfeld <622>,"Wien 9.Bezirk, Alsergrund <909>",5
Hartberg-Fürstenfeld <622>,"Wien 10.Bezirk, Favoriten <910>",39
Hartberg-Fürstenfeld <622>,"Wien 11.Bezirk, Simmering <911>",6
Hartberg-Fürstenfeld <622>,"Wien 12.Bezirk, Meidling <912>",6
Hartberg-Fürstenfeld <622>,"Wien 13.Bezirk, Hietzing <913>",5
Hartberg-Fürstenfeld <622>,"Wien 14.Bezirk, Penzing <914>",14
Hartberg-Fürstenfeld <622>,"Wien 15.Bezirk, Rudolfsheim-Fünfhaus <915>",2
Hartberg-Fürstenfeld <622>,"Wien 16.Bezirk, Ottakring <916>",6
Hartberg-Fürstenfeld <622>,"Wien 17.Bezirk, Hernals <917>",4
Hartberg-Fürstenfeld <622>,"Wien 18.Bezirk, Währing <918>",5
Hartberg-Fürstenfeld <622>,"Wien 19.Bezirk, Döbling <919>",12
Hartberg-Fürstenfeld <622>,"Wien 20.Bezirk, Brigittenau <920>",8
Hartberg-Fürstenfeld <622>,"Wien 21.Bezirk, Floridsdorf <921>",18
Hartberg-Fürstenfeld <622>,"Wien 22.Bezirk, Donaustadt <922>",18
Hartberg-Fürstenfeld <622>,"Wien 23.Bezirk, Liesing <923>",7
Judenburg ^<608>,Graz (Stadt) <601>,-
Judenburg ^<608>,Bruck an der Mur ^<602>,-
Judenburg ^<608>,Bruck-Mürzzuschlag <621>,-
Judenburg ^<608>,Deutschlandsberg <603>,-
Judenburg ^<608>,Feldbach ^<604>,-
Judenburg ^<608>,Fürstenfeld ^<605>,-
Judenburg ^<608>,Graz Umgebung <606>,-
Judenburg ^<608>,Hartberg ^<607>,-
Judenburg ^<608>,Hartberg-Fürstenfeld <622>,-
Judenburg ^<608>,Judenburg ^<608>,-
Judenburg ^<608>,Knittelfeld ^<609>,-
Judenburg ^<608>,Leibnitz <610>,-
Judenburg ^<608>,Leoben <611>,-
Judenburg ^<608>,Liezen <612>,-
Judenburg ^<608>,Murtal <620>,-
Judenburg ^<608>,Mürzzuschlag ^<613>,-
Judenburg ^<608>,Murau <614>,-
Judenburg ^<608>,Radkersburg ^<615>,-
Judenburg ^<608>,Südoststeiermark <623>,-
Judenburg ^<608>,Voitsberg <616>,-
Judenburg ^<608>,Weiz <617>,-
Judenburg ^<608>,Innsbruck (Stadt) <701>,-
Judenburg ^<608>,Imst <702>,-
Judenburg ^<608>,Innsbruck Land <703>,-
Judenburg ^<608>,Kitzbühel <704>,-
Judenburg ^<608>,Kufstein <705>,-
Judenburg ^<608>,Landeck <706>,-
Judenburg ^<608>,Lienz <707>,-
Judenburg ^<608>,Reutte <708>,-
Judenburg ^<608>,Schwaz <709>,-
Judenburg ^<608>,Bludenz <801>,-
Judenburg ^<608>,Bregenz <802>,-
Judenburg ^<608>,Dornbirn <803>,-
Judenburg ^<608>,Feldkirch <804>,-
Judenburg ^<608>,"Wien 1.Bezirk, Innere Stadt <901>",-
Judenburg ^<608>,"Wien 2.Bezirk, Leopoldstadt <902>",-
Judenburg ^<608>,"Wien 3.Bezirk, Landstraße <903>",-
Judenburg ^<608>,"Wien 4.Bezirk, Wieden <904>",-
Judenburg ^<608>,"Wien 5.Bezirk, Margareten <905>",-
Judenburg ^<608>,"Wien 6.Bezirk, Mariahilf <906>",-
Judenburg ^<608>,"Wien 7.Bezirk, Neubau <907>",-
Judenburg ^<608>,"Wien 8.Bezirk, Josefstadt <908>",-
Judenburg ^<608>,"Wien 9.Bezirk, Alsergrund <909>",-
Judenburg ^<608>,"Wien 10.Bezirk, Favoriten <910>",-
Judenburg ^<608>,"Wien 11.Bezirk, Simmering <911>",-
Judenburg ^<608>,"Wien 12.Bezirk, Meidling <912>",-
Judenburg ^<608>,"Wien 13.Bezirk, Hietzing <913>",-
Judenburg ^<608>,"Wien 14.Bezirk, Penzing <914>",-
Judenburg ^<608>,"Wien 15.Bezirk, Rudolfsheim-Fünfhaus <915>",-
Judenburg ^<608>,"Wien 16.Bezirk, Ottakring <916>",-
Judenburg ^<608>,"Wien 17.Bezirk, Hernals <917>",-
Judenburg ^<608>,"Wien 18.Bezirk, Währing <918>",-
Judenburg ^<608>,"Wien 19.Bezirk, Döbling <919>",-
Judenburg ^<608>,"Wien 20.Bezirk, Brigittenau <920>",-
Judenburg ^<608>,"Wien 21.Bezirk, Floridsdorf <921>",-
Judenburg ^<608>,"Wien 22.Bezirk, Donaustadt <922>",-
Judenburg ^<608>,"Wien 23.Bezirk, Liesing <923>",-
Knittelfeld ^<609>,Graz (Stadt) <601>,-
Knittelfeld ^<609>,Bruck an der Mur ^<602>,-
Knittelfeld ^<609>,Bruck-Mürzzuschlag <621>,-
Knittelfeld ^<609>,Deutschlandsberg <603>,-
Knittelfeld ^<609>,Feldbach ^<604>,-
Knittelfeld ^<609>,Fürstenfeld ^<605>,-
Knittelfeld ^<609>,Graz Umgebung <606>,-
Knittelfeld ^<609>,Hartberg ^<607>,-
Knittelfeld ^<609>,Hartberg-Fürstenfeld <622>,-
Knittelfeld ^<609>,Judenburg ^<608>,-
Knittelfeld ^<609>,Knittelfeld ^<609>,-
Knittelfeld ^<609>,Leibnitz <610>,-
Knittelfeld ^<609>,Leoben <611>,-
Knittelfeld ^<609>,Liezen <612>,-
Knittelfeld ^<609>,Murtal <620>,-
Knittelfeld ^<609>,Mürzzuschlag ^<613>,-
Knittelfeld ^<609>,Murau <614>,-
Knittelfeld ^<609>,Radkersburg ^<615>,-
Knittelfeld ^<609>,Südoststeiermark <623>,-
Knittelfeld ^<609>,Voitsberg <616>,-
Knittelfeld ^<609>,Weiz <617>,-
Knittelfeld ^<609>,Innsbruck (Stadt) <701>,-
Knittelfeld ^<609>,Imst <702>,-
Knittelfeld ^<609>,Innsbruck Land <703>,-
Knittelfeld ^<609>,Kitzbühel <704>,-
Knittelfeld ^<609>,Kufstein <705>,-
Knittelfeld ^<609>,Landeck <706>,-
Knittelfeld ^<609>,Lienz <707>,-
Knittelfeld ^<609>,Reutte <708>,-
Knittelfeld ^<609>,Schwaz <709>,-
Knittelfeld ^<609>,Bludenz <801>,-
Knittelfeld ^<609>,Bregenz <802>,-
Knittelfeld ^<609>,Dornbirn <803>,-
Knittelfeld ^<609>,Feldkirch <804>,-
Knittelfeld ^<609>,"Wien 1.Bezirk, Innere Stadt <901>",-
Knittelfeld ^<609>,"Wien 2.Bezirk, Leopoldstadt <902>",-
Knittelfeld ^<609>,"Wien 3.Bezirk, Landstraße <903>",-
Knittelfeld ^<609>,"Wien 4.Bezirk, Wieden <904>",-
Knittelfeld ^<609>,"Wien 5.Bezirk, Margareten <905>",-
Knittelfeld ^<609>,"Wien 6.Bezirk, Mariahilf <906>",-
Knittelfeld ^<609>,"Wien 7.Bezirk, Neubau <907>",-
Knittelfeld ^<609>,"Wien 8.Bezirk, Josefstadt <908>",-
Knittelfeld ^<609>,"Wien 9.Bezirk, Alsergrund <909>",-
Knittelfeld ^<609>,"Wien 10.Bezirk, Favoriten <910>",-
Knittelfeld ^<609>,"Wien 11.Bezirk, Simmering <911>",-
Knittelfeld ^<609>,"Wien 12.Bezirk, Meidling <912>",-
Knittelfeld ^<609>,"Wien 13.Bezirk, Hietzing <913>",-
Knittelfeld ^<609>,"Wien 14.Bezirk, Penzing <914>",-
Knittelfeld ^<609>,"Wien 15.Bezirk, Rudolfsheim-Fünfhaus <915>",-
Knittelfeld ^<609>,"Wien 16.Bezirk, Ottakring <916>",-
Knittelfeld ^<609>,"Wien 17.Bezirk, Hernals <917>",-
Knittelfeld ^<609>,"Wien 18.Bezirk, Währing <918>",-
Knittelfeld ^<609>,"Wien 19.Bezirk, Döbling <919>",-
Knittelfeld ^<609>,"Wien 20.Bezirk, Brigittenau <920>",-
Knittelfeld ^<609>,"Wien 21.Bezirk, Floridsdorf <921>",-
Knittelfeld ^<609>,"Wien 22.Bezirk, Donaustadt <922>",-
Knittelfeld ^<609>,"Wien 23.Bezirk, Liesing <923>",-
Leibnitz <610>,Graz (Stadt) <601>,597
Leibnitz <610>,Bruck an der Mur ^<602>,-
Leibnitz <610>,Bruck-Mürzzuschlag <621>,19
Leibnitz <610>,Deutschlandsberg <603>,265
Leibnitz <610>,Feldbach ^<604>,-
Leibnitz <610>,Fürstenfeld ^<605>,-
Leibnitz <610>,Graz Umgebung <606>,358
Leibnitz <610>,Hartberg ^<607>,-
Leibnitz <610>,Hartberg-Fürstenfeld <622>,34
Leibnitz <610>,Judenburg ^<608>,-
Leibnitz <610>,Knittelfeld ^<609>,-
Leibnitz <610>,Leibnitz <610>,3984
Leibnitz <610>,Leoben <611>,25
Leibnitz <610>,Liezen <612>,20
Leibnitz <610>,Murtal <620>,21
Leibnitz <610>,Mürzzuschlag ^<613>,-
Leibnitz <610>,Murau <614>,2
Leibnitz <610>,Radkersburg ^<615>,-
Leibnitz <610>,Südoststeiermark <623>,222
Leibnitz <610>,Voitsberg <616>,28
Leibnitz <610>,Weiz <617>,52
Leibnitz <610>,Innsbruck (Stadt) <701>,1
Leibnitz <610>,Imst <702>,-
Leibnitz <610>,Innsbruck Land <703>,4
Leibnitz <610>,Kitzbühel <704>,1
Leibnitz <610>,Kufstein <705>,8
Leibnitz <610>,Landeck <706>,1
Leibnitz <610>,Lienz <707>,1
Leibnitz <610>,Reutte <708>,2
Leibnitz <610>,Schwaz <709>,4
Leibnitz <610>,Bludenz <801>,4
Leibnitz <610>,Bregenz <802>,1
Leibnitz <610>,Dornbirn <803>,2
Leibnitz <610>,Feldkirch <804>,3
Leibnitz <610>,"Wien 1.Bezirk, Innere Stadt <901>",-
Leibnitz <610>,"Wien 2.Bezirk, Leopoldstadt <902>",6
Leibnitz <610>,"Wien 3.Bezirk, Landstraße <903>",9
Leibnitz <610>,"Wien 4.Bezirk, Wieden <904>",1
Leibnitz <610>,"Wien 5.Bezirk, Margareten <905>",6
Leibnitz <610>,"Wien 6.Bezirk, Mariahilf <906>",2
Leibnitz <610>,"Wien 7.Bezirk, Neubau <907>",6
Leibnitz <610>,"Wien 8.Bezirk, Josefstadt <908>",1
Leibnitz <610>,"Wien 9.Bezirk, Alsergrund <909>",4
Leibnitz <610>,"Wien 10.Bezirk, Favoriten <910>",12
Leibnitz <610>,"Wien 11.Bezirk, Simmering <911>",9
Leibnitz <610>,"Wien 12.Bezirk, Meidling <912>",5
Leibnitz <610>,"Wien 13.Bezirk, Hietzing <913>",2
Leibnitz <610>,"Wien 14.Bezirk, Penzing <914>",2
Leibnitz <610>,"Wien 15.Bezirk, Rudolfsheim-Fünfhaus <915>",6
Leibnitz <610>,"Wien 16.Bezirk, Ottakring <916>",11
Leibnitz <610>,"Wien 17.Bezirk, Hernals <917>",1
Leibnitz <610>,"Wien 18.Bezirk, Währing <918>",4
Leibnitz <610>,"Wien 19.Bezirk, Döbling <919>",6
Leibnitz <610>,"Wien 20.Bezirk, Brigittenau <920>",6
Leibnitz <610>,"Wien 21.Bezirk, Floridsdorf <921>",6
Leibnitz <610>,"Wien 22.Bezirk, Donaustadt <922>",19
Leibnitz <610>,"Wien 23.Bezirk, Liesing <923>",1
Leoben <611>,Graz (Stadt) <601>,341
Leoben <611>,Bruck an der Mur ^<602>,-
Leoben <611>,Bruck-Mürzzuschlag <621>,281
Leoben <611>,Deutschlandsberg <603>,18
Leoben <611>,Feldbach ^<604>,-
Leoben <611>,Fürstenfeld ^<605>,-
Leoben <611>,Graz Umgebung <606>,70
Leoben <611>,Hartberg ^<607>,-
Leoben <611>,Hartberg-Fürstenfeld <622>,14
Leoben <611>,Judenburg ^<608>,-
Leoben <611>,Knittelfeld ^<609>,-
Leoben <611>,Leibnitz <610>,29
Leoben <611>,Leoben <611>,3818
Leoben <611>,Liezen <612>,65
Leoben <611>,Murtal <620>,179
Leoben <611>,Mürzzuschlag ^<613>,-
Leoben <611>,Murau <614>,9
Leoben <611>,Radkersburg ^<615>,-
Leoben <611>,Südoststeiermark <623>,18
Leoben <611>,Voitsberg <616>,12
Leoben <611>,Weiz <617>,17
Leoben <611>,Innsbruck (Stadt) <701>,8
Leoben <611>,Imst <702>,1
Leoben <611>,Innsbruck Land <703>,4
Leoben <611>,Kitzbühel <704>,4
Leoben <611>,Kufstein <705>,2
Leoben <611>,Landeck <706>,-
Leoben <611>,Lienz <707>,2
Leoben <611>,Reutte <708>,2
Leoben <611>,Schwaz <709>,-
Leoben <611>,Bludenz <801>,4
Leoben <611>,Bregenz <802>,2
Leoben <611>,Dornbirn <803>,3
Leoben <611>,Feldkirch <804>,4
Leoben <611>,"Wien 1.Bezirk, Innere Stadt <901>",2
Leoben <611>,"Wien 2.Bezirk, Leopoldstadt <902>",14
Leoben <611>,"Wien 3.Bezirk, Landstraße <903>",7
Leoben <611>,"Wien 4.Bezirk, Wieden <904>",3
Leoben <611>,"Wien 5.Bezirk, Margareten <905>",4
Leoben <611>,"Wien 6.Bezirk, Mariahilf <906>",3
Leoben <611>,"Wien 7.Bezirk, Neubau <907>",1
Leoben <611>,"Wien 8.Bezirk, Josefstadt <908>",25
Leoben <611>,"Wien 9.Bezirk, Alsergrund <909>",5
Leoben <611>,"Wien 10.Bezirk, Favoriten <910>",36
Leoben <611>,"Wien 11.Bezirk, Simmering <911>",9
Leoben <611>,"Wien 12.Bezirk, Meidling <912>",8
Leoben <611>,"Wien 13.Bezirk, Hietzing <913>",1
Leoben <611>,"Wien 14.Bezirk, Penzing <914>",5
Leoben <611>,"Wien 15.Bezirk, Rudolfsheim-Fünfhaus <915>",6
Leoben <611>,"Wien 16.Bezirk, Ottakring <916>",10
Leoben <611>,"Wien 17.Bezirk, Hernals <917>",7
Leoben <611>,"Wien 18.Bezirk, Währing <918>",8
Leoben <611>,"Wien 19.Bezirk, Döbling <919>",2
Leoben <611>,"Wien 20.Bezirk, Brigittenau <920>",6
Leoben <611>,"Wien 21.Bezirk, Floridsdorf <921>",17
Leoben <611>,"Wien 22.Bezirk, Donaustadt <922>",26
Leoben <611>,"Wien 23.Bezirk, Liesing <923>",9
Liezen <612>,Graz (Stadt) <601>,287
Liezen <612>,Bruck an der Mur ^<602>,-
Liezen <612>,Bruck-Mürzzuschlag <621>,29
Liezen <612>,Deutschlandsberg <603>,10
Liezen <612>,Feldbach ^<604>,-
Liezen <612>,Fürstenfeld ^<605>,-
Liezen <612>,Graz Umgebung <606>,45
Liezen <612>,Hartberg ^<607>,-
Liezen <612>,Hartberg-Fürstenfeld <622>,14
Liezen <612>,Judenburg ^<608>,-
Liezen <612>,Knittelfeld ^<609>,-
Liezen <612>,Leibnitz <610>,34
Liezen <612>,Leoben <611>,98
Liezen <612>,Liezen <612>,4129
Liezen <612>,Murtal <620>,68
Liezen <612>,Mürzzuschlag ^<613>,-
Liezen <612>,Murau <614>,2
Liezen <612>,Radkersburg ^<615>,-
Liezen <612>,Südoststeiermark <623>,13
Liezen <612>,Voitsberg <616>,7
Liezen <612>,Weiz <617>,8
Liezen <612>,Innsbruck (Stadt) <701>,6
Liezen <612>,Imst <702>,2
Liezen <612>,Innsbruck Land <703>,7
Liezen <612>,Kitzbühel <704>,5
Liezen <612>,Kufstein <705>,6
Liezen <612>,Landeck <706>,2
Liezen <612>,Lienz <707>,1
Liezen <612>,Reutte <708>,1
Liezen <612>,Schwaz <709>,2
Liezen <612>,Bludenz <801>,1
Liezen <612>,Bregenz <802>,9
Liezen <612>,Dornbirn <803>,-
Liezen <612>,Feldkirch <804>,-
Liezen <612>,"Wien 1.Bezirk, Innere Stadt <901>",1
Liezen <612>,"Wien 2.Bezirk, Leopoldstadt <902>",6
Liezen <612>,"Wien 3.Bezirk, Landstraße <903>",8
Liezen <612>,"Wien 4.Bezirk, Wieden <904>",2
Liezen <612>,"Wien 5.Bezirk, Margareten <905>",7
Liezen <612>,"Wien 6.Bezirk, Mariahilf <906>",4
Liezen <612>,"Wien 7.Bezirk, Neubau <907>",5
Liezen <612>,"Wien 8.Bezirk, Josefstadt <908>",6
Liezen <612>,"Wien 9.Bezirk, Alsergrund <909>",6
Liezen <612>,"Wien 10.Bezirk, Favoriten <910>",25
Liezen <612>,"Wien 11.Bezirk, Simmering <911>",7
Liezen <612>,"Wien 12.Bezirk, Meidling <912>",7
Liezen <612>,"Wien 13.Bezirk, Hietzing <913>",2
Liezen <612>,"Wien 14.Bezirk, Penzing <914>",3
Liezen <612>,"Wien 15.Bezirk, Rudolfsheim-Fünfhaus <915>",4
Liezen <612>,"Wien 16.Bezirk, Ottakring <916>",3
Liezen <612>,"Wien 17.Bezirk, Hernals <917>",3
Liezen <612>,"Wien 18.Bezirk, Währing <918>",11
Liezen <612>,"Wien 19.Bezirk, Döbling <919>",12
Liezen <612>,"Wien 20.Bezirk, Brigittenau <920>",8
Liezen <612>,"Wien 21.Bezirk, Floridsdorf <921>",9
Liezen <612>,"Wien 22.Bezirk, Donaustadt <922>",11
Liezen <612>,"Wien 23.Bezirk, Liesing <923>",8
Murtal <620>,Graz (Stadt) <601>,272
Murtal <620>,Bruck an der Mur ^<602>,-
Murtal <620>,Bruck-Mürzzuschlag <621>,90
Murtal <620>,Deutschlandsberg <603>,4
Murtal <620>,Feldbach ^<604>,-
Murtal <620>,Fürstenfeld ^<605>,-
Murtal <620>,Graz Umgebung <606>,63
Murtal <620>,Hartberg ^<607>,-
Murtal <620>,Hartberg-Fürstenfeld <622>,18
Murtal <620>,Judenburg ^<608>,-
Murtal <620>,Knittelfeld ^<609>,-
Murtal <620>,Leibnitz <610>,21
Murtal <620>,Leoben <611>,170
Murtal <620>,Liezen <612>,52
Murtal <620>,Murtal <620>,4505
Murtal <620>,Mürzzuschlag ^<613>,-
Murtal <620>,Murau <614>,92
Murtal <620>,Radkersburg ^<615>,-
Murtal <620>,Südoststeiermark <623>,17
Murtal <620>,Voitsberg <616>,19
Murtal <620>,Weiz <617>,18
Murtal <620>,Innsbruck (Stadt) <701>,4
Murtal <620>,Imst <702>,4
Murtal <620>,Innsbruck Land <703>,4
Murtal <620>,Kitzbühel <704>,5
Murtal <620>,Kufstein <705>,2
Murtal <620>,Landeck <706>,-
Murtal <620>,Lienz <707>,-
Murtal <620>,Reutte <708>,-
Murtal <620>,Schwaz <709>,3
Murtal <620>,Bludenz <801>,-
Murtal <620>,Bregenz <802>,6
Murtal <620>,Dornbirn <803>,5
Murtal <620>,Feldkirch <804>,3
Murtal <620>,"Wien 1.Bezirk, Innere Stadt <901>",-
Murtal <620>,"Wien 2.Bezirk, Leopoldstadt <902>",12
Murtal <620>,"Wien 3.Bezirk, Landstraße <903>",4
Murtal <620>,"Wien 4.Bezirk, Wieden <904>",1
Murtal <620>,"Wien 5.Bezirk, Margareten <905>",5
Murtal <620>,"Wien 6.Bezirk, Mariahilf <906>",4
Murtal <620>,"Wien 7.Bezirk, Neubau <907>",-
Murtal <620>,"Wien 8.Bezirk, Josefstadt <908>",-
Murtal <620>,"Wien 9.Bezirk, Alsergrund <909>",11
Murtal <620>,"Wien 10.Bezirk, Favoriten <910>",13
Murtal <620>,"Wien 11.Bezirk, Simmering <911>",13
Murtal <620>,"Wien 12.Bezirk, Meidling <912>",6
Murtal <620>,"Wien 13.Bezirk, Hietzing <913>",4
Murtal <620>,"Wien 14.Bezirk, Penzing <914>",11
Murtal <620>,"Wien 15.Bezirk, Rudolfsheim-Fünfhaus <915>",6
Murtal <620>,"Wien 16.Bezirk, Ottakring <916>",11
Murtal <620>,"Wien 17.Bezirk, Hernals <917>",1
Murtal <620>,"Wien 18.Bezirk, Währing <918>",7
Murtal <620>,"Wien 19.Bezirk, Döbling <919>",7
Murtal <620>,"Wien 20.Bezirk, Brigittenau <920>",3
Murtal <620>,"Wien 21.Bezirk, Floridsdorf <921>",22
Murtal <620>,"Wien 22.Bezirk, Donaustadt <922>",18
Murtal <620>,"Wien 23.Bezirk, Liesing <923>",5
Mürzzuschlag ^<613>,Graz (Stadt) <601>,-
Mürzzuschlag ^<613>,Bruck an der Mur ^<602>,-
Mürzzuschlag ^<613>,Bruck-Mürzzuschlag <621>,-
Mürzzuschlag ^<613>,Deutschlandsberg <603>,-
Mürzzuschlag ^<613>,Feldbach ^<604>,-
Mürzzuschlag ^<613>,Fürstenfeld ^<605>,-
Mürzzuschlag ^<613>,Graz Umgebung <606>,-
Mürzzuschlag ^<613>,Hartberg ^<607>,-
Mürzzuschlag ^<613>,Hartberg-Fürstenfeld <622>,-
Mürzzuschlag ^<613>,Judenburg ^<608>,-
Mürzzuschlag ^<613>,Knittelfeld ^<609>,-
Mürzzuschlag ^<613>,Leibnitz <610>,-
Mürzzuschlag ^<613>,Leoben <611>,-
Mürzzuschlag ^<613>,Liezen <612>,-
Mürzzuschlag ^<613>,Murtal <620>,-
Mürzzuschlag ^<613>,Mürzzuschlag ^<613>,-
Mürzzuschlag ^<613>,Murau <614>,-
Mürzzuschlag ^<613>,Radkersburg ^<615>,-
Mürzzuschlag ^<613>,Südoststeiermark <623>,-
Mürzzuschlag ^<613>,Voitsberg <616>,-
Mürzzuschlag ^<613>,Weiz <617>,-
Mürzzuschlag ^<613>,Innsbruck (Stadt) <701>,-
Mürzzuschlag ^<613>,Imst <702>,-
Mürzzuschlag ^<613>,Innsbruck Land <703>,-
Mürzzuschlag ^<613>,Kitzbühel <704>,-
Mürzzuschlag ^<613>,Kufstein <705>,-
Mürzzuschlag ^<613>,Landeck <706>,-
Mürzzuschlag ^<613>,Lienz <707>,-
Mürzzuschlag ^<613>,Reutte <708>,-
Mürzzuschlag ^<613>,Schwaz <709>,-
Mürzzuschlag ^<613>,Bludenz <801>,-
Mürzzuschlag ^<613>,Bregenz <802>,-
Mürzzuschlag ^<613>,Dornbirn <803>,-
Mürzzuschlag ^<613>,Feldkirch <804>,-
Mürzzuschlag ^<613>,"Wien 1.Bezirk, Innere Stadt <901>",-
Mürzzuschlag ^<613>,"Wien 2.Bezirk, Leopoldstadt <902>",-
Mürzzuschlag ^<613>,"Wien 3.Bezirk, Landstraße <903>",-
Mürzzuschlag ^<613>,"Wien 4.Bezirk, Wieden <904>",-
Mürzzuschlag ^<613>,"Wien 5.Bezirk, Margareten <905>",-
Mürzzuschlag ^<613>,"Wien 6.Bezirk, Mariahilf <906>",-
Mürzzuschlag ^<613>,"Wien 7.Bezirk, Neubau <907>",-
Mürzzuschlag ^<613>,"Wien 8.Bezirk, Josefstadt <908>",-
Mürzzuschlag ^<613>,"Wien 9.Bezirk, Alsergrund <909>",-
Mürzzuschlag ^<613>,"Wien 10.Bezirk, Favoriten <910>",-
Mürzzuschlag ^<613>,"Wien 11.Bezirk, Simmering <911>",-
Mürzzuschlag ^<613>,"Wien 12.Bezirk, Meidling <912>",-
Mürzzuschlag ^<613>,"Wien 13.Bezirk, Hietzing <913>",-
Mürzzuschlag ^<613>,"Wien 14.Bezirk, Penzing <914>",-
Mürzzuschlag ^<613>,"Wien 15.Bezirk, Rudolfsheim-Fünfhaus <915>",-
Mürzzuschlag ^<613>,"Wien 16.Bezirk, Ottakring <916>",-
Mürzzuschlag ^<613>,"Wien 17.Bezirk, Hernals <917>",-
Mürzzuschlag ^<613>,"Wien 18.Bezirk, Währing <918>",-
Mürzzuschlag ^<613>,"Wien 19.Bezirk, Döbling <919>",-
Mürzzuschlag ^<613>,"Wien 20.Bezirk, Brigittenau <920>",-
Mürzzuschlag ^<613>,"Wien 21.Bezirk, Floridsdorf <921>",-
Mürzzuschlag ^<613>,"Wien 22.Bezirk, Donaustadt <922>",-
Mürzzuschlag ^<613>,"Wien 23.Bezirk, Liesing <923>",-
Murau <614>,Graz (Stadt) <601>,90
Murau <614>,Bruck an der Mur ^<602>,-
Murau <614>,Bruck-Mürzzuschlag <621>,22
Murau <614>,Deutschlandsberg <603>,2
Murau <614>,Feldbach ^<604>,-
Murau <614>,Fürstenfeld ^<605>,-
Murau <614>,Graz Umgebung <606>,10
Murau <614>,Hartberg ^<607>,-
Murau <614>,Hartberg-Fürstenfeld <622>,7
Murau <614>,Judenburg ^<608>,-
Murau <614>,Knittelfeld ^<609>,-
Murau <614>,Leibnitz <610>,10
Murau <614>,Leoben <611>,4
Murau <614>,Liezen <612>,4
Murau <614>,Murtal <620>,104
Murau <614>,Mürzzuschlag ^<613>,-
Murau <614>,Murau <614>,1029
Murau <614>,Radkersburg ^<615>,-
Murau <614>,Südoststeiermark <623>,4
Murau <614>,Voitsberg <616>,1
Murau <614>,Weiz <617>,4
Murau <614>,Innsbruck (Stadt) <701>,2
Murau <614>,Imst <702>,-
Murau <614>,Innsbruck Land <703>,1
Murau <614>,Kitzbühel <704>,2
Murau <614>,Kufstein <705>,4
Murau <614>,Landeck <706>,-
Murau <614>,Lienz <707>,3
Murau <614>,Reutte <708>,1
Murau <614>,Schwaz <709>,2
Murau <614>,Bludenz <801>,2
Murau <614>,Bregenz <802>,2
Murau <614>,Dornbirn <803>,-
Murau <614>,Feldkirch <804>,-
Murau <614>,"Wien 1.Bezirk, Innere Stadt <901>",2
Murau <614>,"Wien 2.Bezirk, Leopoldstadt <902>",4
Murau <614>,"Wien 3.Bezirk, Landstraße <903>",1
Murau <614>,"Wien 4.Bezirk, Wieden <904>",-
Murau <614>,"Wien 5.Bezirk, Margareten <905>",-
Murau <614>,"Wien 6.Bezirk, Mariahilf <906>",-
Murau <614>,"Wien 7.Bezirk, Neubau <907>",1
Murau <614>,"Wien 8.Bezirk, Josefstadt <908>",-
Murau <614>,"Wien 9.Bezirk, Alsergrund <909>",1
Murau <614>,"Wien 10.Bezirk, Favoriten <910>",2
Murau <614>,"Wien 11.Bezirk, Simmering <911>",1
Murau <614>,"Wien 12.Bezirk, Meidling <912>",-
Murau <614>,"Wien 13.Bezirk, Hietzing <913>",-
Murau <614>,"Wien 14.Bezirk, Penzing <914>",1
Murau <614>,"Wien 15.Bezirk, Rudolfsheim-Fünfhaus <915>",5
Murau <614>,"Wien 16.Bezirk, Ottakring <916>",1
Murau <614>,"Wien 17.Bezirk, Hernals <917>",1
Murau <614>,"Wien 18.Bezirk, Währing <918>",5
Murau <614>,"Wien 19.Bezirk, Döbling <919>",3
Murau <614>,"Wien 20.Bezirk, Brigittenau <920>",4
Murau <614>,"Wien 21.Bezirk, Floridsdorf <921>",3
Murau <614>,"Wien 22.Bezirk, Donaustadt <922>",5
Murau <614>,"Wien 23.Bezirk, Liesing <923>",1
Radkersburg ^<615>,Graz (Stadt) <601>,-
Radkersburg ^<615>,Bruck an der Mur ^<602>,-
Radkersburg ^<615>,Bruck-Mürzzuschlag <621>,-
Radkersburg ^<615>,Deutschlandsberg <603>,-
Radkersburg ^<615>,Feldbach ^<604>,-
Radkersburg ^<615>,Fürstenfeld ^<605>,-
Radkersburg ^<615>,Graz Umgebung <606>,-
Radkersburg ^<615>,Hartberg ^<607>,-
Radkersburg ^<615>,Hartberg-Fürstenfeld <622>,-
Radkersburg ^<615>,Judenburg ^<608>,-
Radkersburg ^<615>,Knittelfeld ^<609>,-
Radkersburg ^<615>,Leibnitz <610>,-
Radkersburg ^<615>,Leoben <611>,-
Radkersburg ^<615>,Liezen <612>,-
Radkersburg ^<615>,Murtal <620>,-
Radkersburg ^<615>,Mürzzuschlag ^<613>,-
Radkersburg ^<615>,Murau <614>,-
Radkersburg ^<615>,Radkersburg ^<615>,-
Radkersburg ^<615>,Südoststeiermark <623>,-
Radkersburg ^<615>,Voitsberg <616>,-
Radkersburg ^<615>,Weiz <617>,-
Radkersburg ^<615>,Innsbruck (Stadt) <701>,-
Radkersburg ^<615>,Imst <702>,-
Radkersburg ^<615>,Innsbruck Land <703>,-
Radkersburg ^<615>,Kitzbühel <704>,-
Radkersburg ^<615>,Kufstein <705>,-
Radkersburg ^<615>,Landeck <706>,-
Radkersburg ^<615>,Lienz <707>,-
Radkersburg ^<615>,Reutte <708>,-
Radkersburg ^<615>,Schwaz <709>,-
Radkersburg ^<615>,Bludenz <801>,-
Radkersburg ^<615>,Bregenz <802>,-
Radkersburg ^<615>,Dornbirn <803>,-
Radkersburg ^<615>,Feldkirch <804>,-
Radkersburg ^<615>,"Wien 1.Bezirk, Innere Stadt <901>",-
Radkersburg ^<615>,"Wien 2.Bezirk, Leopoldstadt <902>",-
Radkersburg ^<615>,"Wien 3.Bezirk, Landstraße <903>",-
Radkersburg ^<615>,"Wien 4.Bezirk, Wieden <904>",-
Radkersburg ^<615>,"Wien 5.Bezirk, Margareten <905>",-
Radkersburg ^<615>,"Wien 6.Bezirk, Mariahilf <906>",-
Radkersburg ^<615>,"Wien 7.Bezirk, Neubau <907>",-
Radkersburg ^<615>,"Wien 8.Bezirk, Josefstadt <908>",-
Radkersburg ^<615>,"Wien 9.Bezirk, Alsergrund <909>",-
Radkersburg ^<615>,"Wien 10.Bezirk, Favoriten <910>",-
Radkersburg ^<615>,"Wien 11.Bezirk, Simmering <911>",-
Radkersburg ^<615>,"Wien 12.Bezirk, Meidling <912>",-
Radkersburg ^<615>,"Wien 13.Bezirk, Hietzing <913>",-
Radkersburg ^<615>,"Wien 14.Bezirk, Penzing <914>",-
Radkersburg ^<615>,"Wien 15.Bezirk, Rudolfsheim-Fünfhaus <915>",-
Radkersburg ^<615>,"Wien 16.Bezirk, Ottakring <916>",-
Radkersburg ^<615>,"Wien 17.Bezirk, Hernals <917>",-
Radkersburg ^<615>,"Wien 18.Bezirk, Währing <918>",-
Radkersburg ^<615>,"Wien 19.Bezirk, Döbling <919>",-
Radkersburg ^<615>,"Wien 20.Bezirk, Brigittenau <920>",-
Radkersburg ^<615>,"Wien 21.Bezirk, Floridsdorf <921>",-
Radkersburg ^<615>,"Wien 22.Bezirk, Donaustadt <922>",-
Radkersburg ^<615>,"Wien 23.Bezirk, Liesing <923>",-
Südoststeiermark <623>,Graz (Stadt) <601>,432
Südoststeiermark <623>,Bruck an der Mur ^<602>,-
Südoststeiermark <623>,Bruck-Mürzzuschlag <621>,21
Südoststeiermark <623>,Deutschlandsberg <603>,32
Südoststeiermark <623>,Feldbach ^<604>,-
Südoststeiermark <623>,Fürstenfeld ^<605>,-
Südoststeiermark <623>,Graz Umgebung <606>,172
Südoststeiermark <623>,Hartberg ^<607>,-
Südoststeiermark <623>,Hartberg-Fürstenfeld <622>,111
Südoststeiermark <623>,Judenburg ^<608>,-
Südoststeiermark <623>,Knittelfeld ^<609>,-
Südoststeiermark <623>,Leibnitz <610>,251
Südoststeiermark <623>,Leoben <611>,15
Südoststeiermark <623>,Liezen <612>,10
Südoststeiermark <623>,Murtal <620>,10
Südoststeiermark <623>,Mürzzuschlag ^<613>,-
Südoststeiermark <623>,Murau <614>,4
Südoststeiermark <623>,Radkersburg ^<615>,-
Südoststeiermark <623>,Südoststeiermark <623>,3135
Südoststeiermark <623>,Voitsberg <616>,25
Südoststeiermark <623>,Weiz <617>,194
Südoststeiermark <623>,Innsbruck (Stadt) <701>,6
Südoststeiermark <623>,Imst <702>,1
Südoststeiermark <623>,Innsbruck Land <703>,3
Südoststeiermark <623>,Kitzbühel <704>,5
Südoststeiermark <623>,Kufstein <705>,-
Südoststeiermark <623>,Landeck <706>,-
Südoststeiermark <623>,Lienz <707>,2
Südoststeiermark <623>,Reutte <708>,1
Südoststeiermark <623>,Schwaz <709>,4
Südoststeiermark <623>,Bludenz <801>,-
Südoststeiermark <623>,Bregenz <802>,3
Südoststeiermark <623>,Dornbirn <803>,-
Südoststeiermark <623>,Feldkirch <804>,7
Südoststeiermark <623>,"Wien 1.Bezirk, Innere Stadt <901>",-
Südoststeiermark <623>,"Wien 2.Bezirk, Leopoldstadt <902>",9
Südoststeiermark <623>,"Wien 3.Bezirk, Landstraße <903>",9
Südoststeiermark <623>,"Wien 4.Bezirk, Wieden <904>",7
Südoststeiermark <623>,"Wien 5.Bezirk, Margareten <905>",1
Südoststeiermark <623>,"Wien 6.Bezirk, Mariahilf <906>",-
Südoststeiermark <623>,"Wien 7.Bezirk, Neubau <907>",3
Südoststeiermark <623>,"Wien 8.Bezirk, Josefstadt <908>",1
Südoststeiermark <623>,"Wien 9.Bezirk, Alsergrund <909>",-
Südoststeiermark <623>,"Wien 10.Bezirk, Favoriten <910>",8
Südoststeiermark <623>,"Wien 11.Bezirk, Simmering <911>",2
Südoststeiermark <623>,"Wien 12.Bezirk, Meidling <912>",1
Südoststeiermark <623>,"Wien 13.Bezirk, Hietzing <913>",1
Südoststeiermark <623>,"Wien 14.Bezirk, Penzing <914>",3
Südoststeiermark <623>,"Wien 15.Bezirk, Rudolfsheim-Fünfhaus <915>",4
Südoststeiermark <623>,"Wien 16.Bezirk, Ottakring <916>",4
Südoststeiermark <623>,"Wien 17.Bezirk, Hernals <917>",4
Südoststeiermark <623>,"Wien 18.Bezirk, Währing <918>",-
Südoststeiermark <623>,"Wien 19.Bezirk, Döbling <919>",2
Südoststeiermark <623>,"Wien 20.Bezirk, Brigittenau <920>",4
Südoststeiermark <623>,"Wien 21.Bezirk, Floridsdorf <921>",4
Südoststeiermark <623>,"Wien 22.Bezirk, Donaustadt <922>",9
Südoststeiermark <623>,"Wien 23.Bezirk, Liesing <923>",2
Voitsberg <616>,Graz (Stadt) <601>,311
Voitsberg <616>,Bruck an der Mur ^<602>,-
Voitsberg <616>,Bruck-Mürzzuschlag <621>,19
Voitsberg <616>,Deutschlandsberg <603>,90
Voitsberg <616>,Feldbach ^<604>,-
Voitsberg <616>,Fürstenfeld ^<605>,-
Voitsberg <616>,Graz Umgebung <606>,220
Voitsberg <616>,Hartberg ^<607>,-
Voitsberg <616>,Hartberg-Fürstenfeld <622>,15
Voitsberg <616>,Judenburg ^<608>,-
Voitsberg <616>,Knittelfeld ^<609>,-
Voitsberg <616>,Leibnitz <610>,35
Voitsberg <616>,Leoben <611>,8
Voitsberg <616>,Liezen <612>,13
Voitsberg <616>,Murtal <620>,12
Voitsberg <616>,Mürzzuschlag ^<613>,-
Voitsberg <616>,Murau <614>,5
Voitsberg <616>,Radkersburg ^<615>,-
Voitsberg <616>,Südoststeiermark <623>,18
Voitsberg <616>,Voitsberg <616>,2551
Voitsberg <616>,Weiz <617>,23
Voitsberg <616>,Innsbruck (Stadt) <701>,2
Voitsberg <616>,Imst <702>,3
Voitsberg <616>,Innsbruck Land <703>,3
Voitsberg <616>,Kitzbühel <704>,4
Voitsberg <616>,Kufstein <705>,1
Voitsberg <616>,Landeck <706>,-
Voitsberg <616>,Lienz <707>,-
Voitsberg <616>,Reutte <708>,-
Voitsberg <616>,Schwaz <709>,-
Voitsberg <616>,Bludenz <801>,1
Voitsberg <616>,Bregenz <802>,-
Voitsberg <616>,Dornbirn <803>,-
Voitsberg <616>,Feldkirch <804>,1
Voitsberg <616>,"Wien 1.Bezirk, Innere Stadt <901>",-
Voitsberg <616>,"Wien 2.Bezirk, Leopoldstadt <902>",4
Voitsberg <616>,"Wien 3.Bezirk, Landstraße <903>",3
Voitsberg <616>,"Wien 4.Bezirk, Wieden <904>",1
Voitsberg <616>,"Wien 5.Bezirk, Margareten <905>",1
Voitsberg <616>,"Wien 6.Bezirk, Mariahilf <906>",1
Voitsberg <616>,"Wien 7.Bezirk, Neubau <907>",3
Voitsberg <616>,"Wien 8.Bezirk, Josefstadt <908>",1
Voitsberg <616>,"Wien 9.Bezirk, Alsergrund <909>",1
Voitsberg <616>,"Wien 10.Bezirk, Favoriten <910>",2
Voitsberg <616>,"Wien 11.Bezirk, Simmering <911>",1
Voitsberg <616>,"Wien 12.Bezirk, Meidling <912>",2
Voitsberg <616>,"Wien 13.Bezirk, Hietzing <913>",-
Voitsberg <616>,"Wien 14.Bezirk, Penzing <914>",-
Voitsberg <616>,"Wien 15.Bezirk, Rudolfsheim-Fünfhaus <915>",-
Voitsberg <616>,"Wien 16.Bezirk, Ottakring <916>",3
Voitsberg <616>,"Wien 17.Bezirk, Hernals <917>",1
Voitsberg <616>,"Wien 18.Bezirk, Währing <918>",1
Voitsberg <616>,"Wien 19.Bezirk, Döbling <919>",1
Voitsberg <616>,"Wien 20.Bezirk, Brigittenau <920>",-
Voitsberg <616>,"Wien 21.Bezirk, Floridsdorf <921>",7
Voitsberg <616>,"Wien 22.Bezirk, Donaustadt <922>",5
Voitsberg <616>,"Wien 23.Bezirk, Liesing <923>",-
Weiz <617>,Graz (Stadt) <601>,487
Weiz <617>,Bruck an der Mur ^<602>,-
Weiz <617>,Bruck-Mürzzuschlag <621>,46
Weiz <617>,Deutschlandsberg <603>,39
Weiz <617>,Feldbach ^<604>,-
Weiz <617>,Fürstenfeld ^<605>,-
Weiz <617>,Graz Umgebung <606>,339
Weiz <617>,Hartberg ^<607>,-
Weiz <617>,Hartberg-Fürstenfeld <622>,319
Weiz <617>,Judenburg ^<608>,-
Weiz <617>,Knittelfeld ^<609>,-
Weiz <617>,Leibnitz <610>,55
Weiz <617>,Leoben <611>,13
Weiz <617>,Liezen <612>,8
Weiz <617>,Murtal <620>,28
Weiz <617>,Mürzzuschlag ^<613>,-
Weiz <617>,Murau <614>,2
Weiz <617>,Radkersburg ^<615>,-
Weiz <617>,Südoststeiermark <623>,164
Weiz <617>,Voitsberg <616>,43
Weiz <617>,Weiz <617>,3621
Weiz <617>,Innsbruck (Stadt) <701>,4
Weiz <617>,Imst <702>,-
Weiz <617>,Innsbruck Land <703>,1
Weiz <617>,Kitzbühel <704>,1
Weiz <617>,Kufstein <705>,1
Weiz <617>,Landeck <706>,-
Weiz <617>,Lienz <707>,2
Weiz <617>,Reutte <708>,-
Weiz <617>,Schwaz <709>,-
Weiz <617>,Bludenz <801>,4
Weiz <617>,Bregenz <802>,1
Weiz <617>,Dornbirn <803>,-
Weiz <617>,Feldkirch <804>,-
Weiz <617>,"Wien 1.Bezirk, Innere Stadt <901>",1
Weiz <617>,"Wien 2.Bezirk, Leopoldstadt <902>",6
Weiz <617>,"Wien 3.Bezirk, Landstraße <903>",8
Weiz <617>,"Wien 4.Bezirk, Wieden <904>",3
Weiz <617>,"Wien 5.Bezirk, Margareten <905>",4
Weiz <617>,"Wien 6.Bezirk, Mariahilf <906>",2
Weiz <617>,"Wien 7.Bezirk, Neubau <907>",1
Weiz <617>,"Wien 8.Bezirk, Josefstadt <908>",1
Weiz <617>,"Wien 9.Bezirk, Alsergrund <909>",2
Weiz <617>,"Wien 10.Bezirk, Favoriten <910>",8
Weiz <617>,"Wien 11.Bezirk, Simmering <911>",4
Weiz <617>,"Wien 12.Bezirk, Meidling <912>",4
Weiz <617>,"Wien 13.Bezirk, Hietzing <913>",1
Weiz <617>,"Wien 14.Bezirk, Penzing <914>",4
Weiz <617>,"Wien 15.Bezirk, Rudolfsheim-Fünfhaus <915>",6
Weiz <617>,"Wien 16.Bezirk, Ottakring <916>",6
Weiz <617>,"Wien 17.Bezirk, Hernals <917>",5
Weiz <617>,"Wien 18.Bezirk, Währing <918>",3
Weiz <617>,"Wien 19.Bezirk, Döbling <919>",2
Weiz <617>,"Wien 20.Bezirk, Brigittenau <920>",4
Weiz <617>,"Wien 21.Bezirk, Floridsdorf <921>",11
Weiz <617>,"Wien 22.Bezirk, Donaustadt <922>",7
Weiz <617>,"Wien 23.Bezirk, Liesing <923>",5
Innsbruck (Stadt) <701>,Graz (Stadt) <601>,100
Innsbruck (Stadt) <701>,Bruck an der Mur ^<602>,-
Innsbruck (Stadt) <701>,Bruck-Mürzzuschlag <621>,10
Innsbruck (Stadt) <701>,Deutschlandsberg <603>,1
Innsbruck (Stadt) <701>,Feldbach ^<604>,-
Innsbruck (Stadt) <701>,Fürstenfeld ^<605>,-
Innsbruck (Stadt) <701>,Graz Umgebung <606>,8
Innsbruck (Stadt) <701>,Hartberg ^<607>,-
Innsbruck (Stadt) <701>,Hartberg-Fürstenfeld <622>,2
Innsbruck (Stadt) <701>,Judenburg ^<608>,-
Innsbruck (Stadt) <701>,Knittelfeld ^<609>,-
Innsbruck (Stadt) <701>,Leibnitz <610>,11
Innsbruck (Stadt) <701>,Leoben <611>,9
Innsbruck (Stadt) <701>,Liezen <612>,7
Innsbruck (Stadt) <701>,Murtal <620>,8
Innsbruck (Stadt) <701>,Mürzzuschlag ^<613>,-
Innsbruck (Stadt) <701>,Murau <614>,-
Innsbruck (Stadt) <701>,Radkersburg ^<615>,-
Innsbruck (Stadt) <701>,Südoststeiermark <623>,14
Innsbruck (Stadt) <701>,Voitsberg <616>,1
Innsbruck (Stadt) <701>,Weiz <617>,3
Innsbruck (Stadt) <701>,Innsbruck (Stadt) <701>,10747
Innsbruck (Stadt) <701>,Imst <702>,239
Innsbruck (Stadt) <701>,Innsbruck Land <703>,2330
Innsbruck (Stadt) <701>,Kitzbühel <704>,78
Innsbruck (Stadt) <701>,Kufstein <705>,291
Innsbruck (Stadt) <701>,Landeck <706>,95
Innsbruck (Stadt) <701>,Lienz <707>,52
Innsbruck (Stadt) <701>,Reutte <708>,67
Innsbruck (Stadt) <701>,Schwaz <709>,331
Innsbruck (Stadt) <701>,Bludenz <801>,53
Innsbruck (Stadt) <701>,Bregenz <802>,83
Innsbruck (Stadt) <701>,Dornbirn <803>,58
Innsbruck (Stadt) <701>,Feldkirch <804>,86
Innsbruck (Stadt) <701>,"Wien 1.Bezirk, Innere Stadt <901>",3
Innsbruck (Stadt) <701>,"Wien 2.Bezirk, Leopoldstadt <902>",35
Innsbruck (Stadt) <701>,"Wien 3.Bezirk, Landstraße <903>",58
Innsbruck (Stadt) <701>,"Wien 4.Bezirk, Wieden <904>",9
Innsbruck (Stadt) <701>,"Wien 5.Bezirk, Margareten <905>",43
Innsbruck (Stadt) <701>,"Wien 6.Bezirk, Mariahilf <906>",15
Innsbruck (Stadt) <701>,"Wien 7.Bezirk, Neubau <907>",22
Innsbruck (Stadt) <701>,"Wien 8.Bezirk, Josefstadt <908>",29
Innsbruck (Stadt) <701>,"Wien 9.Bezirk, Alsergrund <909>",25
Innsbruck (Stadt) <701>,"Wien 10.Bezirk, Favoriten <910>",96
Innsbruck (Stadt) <701>,"Wien 11.Bezirk, Simmering <911>",36
Innsbruck (Stadt) <701>,"Wien 12.Bezirk, Meidling <912>",42
Innsbruck (Stadt) <701>,"Wien 13.Bezirk, Hietzing <913>",9
Innsbruck (Stadt) <701>,"Wien 14.Bezirk, Penzing <914>",35
Innsbruck (Stadt) <701>,"Wien 15.Bezirk, Rudolfsheim-Fünfhaus <915>",43
Innsbruck (Stadt) <701>,"Wien 16.Bezirk, Ottakring <916>",55
Innsbruck (Stadt) <701>,"Wien 17.Bezirk, Hernals <917>",23
Innsbruck (Stadt) <701>,"Wien 18.Bezirk, Währing <918>",20
Innsbruck (Stadt) <701>,"Wien 19.Bezirk, Döbling <919>",15
Innsbruck (Stadt) <701>,"Wien 20.Bezirk, Brigittenau <920>",37
Innsbruck (Stadt) <701>,"Wien 21.Bezirk, Floridsdorf <921>",44
Innsbruck (Stadt) <701>,"Wien 22.Bezirk, Donaustadt <922>",43
Innsbruck (Stadt) <701>,"Wien 23.Bezirk, Liesing <923>",21
Imst <702>,Graz (Stadt) <601>,15
Imst <702>,Bruck an der Mur ^<602>,-
Imst <702>,Bruck-Mürzzuschlag <621>,1
Imst <702>,Deutschlandsberg <603>,2
Imst <702>,Feldbach ^<604>,-
Imst <702>,Fürstenfeld ^<605>,-
Imst <702>,Graz Umgebung <606>,3
Imst <702>,Hartberg ^<607>,-
Imst <702>,Hartberg-Fürstenfeld <622>,3
Imst <702>,Judenburg ^<608>,-
Imst <702>,Knittelfeld ^<609>,-
Imst <702>,Leibnitz <610>,4
Imst <702>,Leoben <611>,-
Imst <702>,Liezen <612>,2
Imst <702>,Murtal <620>,-
Imst <702>,Mürzzuschlag ^<613>,-
Imst <702>,Murau <614>,-
Imst <702>,Radkersburg ^<615>,-
Imst <702>,Südoststeiermark <623>,3
Imst <702>,Voitsberg <616>,2
Imst <702>,Weiz <617>,6
Imst <702>,Innsbruck (Stadt) <701>,221
Imst <702>,Imst <702>,2589
Imst <702>,Innsbruck Land <703>,327
Imst <702>,Kitzbühel <704>,14
Imst <702>,Kufstein <705>,37
Imst <702>,Landeck <706>,179
Imst <702>,Lienz <707>,11
Imst <702>,Reutte <708>,30
Imst <702>,Schwaz <709>,36
Imst <702>,Bludenz <801>,10
Imst <702>,Bregenz <802>,10
Imst <702>,Dornbirn <803>,5
Imst <702>,Feldkirch <804>,2
Imst <702>,"Wien 1.Bezirk, Innere Stadt <901>",-
Imst <702>,"Wien 2.Bezirk, Leopoldstadt <902>",11
Imst <702>,"Wien 3.Bezirk, Landstraße <903>",1
Imst <702>,"Wien 4.Bezirk, Wieden <904>",3
Imst <702>,"Wien 5.Bezirk, Margareten <905>",7
Imst <702>,"Wien 6.Bezirk, Mariahilf <906>",4
Imst <702>,"Wien 7.Bezirk, Neubau <907>",1
Imst <702>,"Wien 8.Bezirk, Josefstadt <908>",-
Imst <702>,"Wien 9.Bezirk, Alsergrund <909>",5
Imst <702>,"Wien 10.Bezirk, Favoriten <910>",12
Imst <702>,"Wien 11.Bezirk, Simmering <911>",5
Imst <702>,"Wien 12.Bezirk, Meidling <912>",8
Imst <702>,"Wien 13.Bezirk, Hietzing <913>",2
Imst <702>,"Wien 14.Bezirk, Penzing <914>",2
Imst <702>,"Wien 15.Bezirk, Rudolfsheim-Fünfhaus <915>",3
Imst <702>,"Wien 16.Bezirk, Ottakring <916>",2
Imst <702>,"Wien 17.Bezirk, Hernals <917>",2
Imst <702>,"Wien 18.Bezirk, Währing <918>",3
Imst <702>,"Wien 19.Bezirk, Döbling <919>",2
Imst <702>,"Wien 20.Bezirk, Brigittenau <920>",5
Imst <702>,"Wien 21.Bezirk, Floridsdorf <921>",5
Imst <702>,"Wien 22.Bezirk, Donaustadt <922>",3
Imst <702>,"Wien 23.Bezirk, Liesing <923>",1
Innsbruck Land <703>,Graz (Stadt) <601>,53
Innsbruck Land <703>,Bruck an der Mur ^<602>,-
Innsbruck Land <703>,Bruck-Mürzzuschlag <621>,3
Innsbruck Land <703>,Deutschlandsberg <603>,4
Innsbruck Land <703>,Feldbach ^<604>,-
Innsbruck Land <703>,Fürstenfeld ^<605>,-
Innsbruck Land <703>,Graz Umgebung <606>,16
Innsbruck Land <703>,Hartberg ^<607>,-
Innsbruck Land <703>,Hartberg-Fürstenfeld <622>,5
Innsbruck Land <703>,Judenburg ^<608>,-
Innsbruck Land <703>,Knittelfeld ^<609>,-
Innsbruck Land <703>,Leibnitz <610>,16
Innsbruck Land <703>,Leoben <611>,11
Innsbruck Land <703>,Liezen <612>,11
Innsbruck Land <703>,Murtal <620>,3
Innsbruck Land <703>,Mürzzuschlag ^<613>,-
Innsbruck Land <703>,Murau <614>,2
Innsbruck Land <703>,Radkersburg ^<615>,-
Innsbruck Land <703>,Südoststeiermark <623>,11
Innsbruck Land <703>,Voitsberg <616>,10
Innsbruck Land <703>,Weiz <617>,5
Innsbruck Land <703>,Innsbruck (Stadt) <701>,1894
Innsbruck Land <703>,Imst <702>,371
Innsbruck Land <703>,Innsbruck Land <703>,7820
Innsbruck Land <703>,Kitzbühel <704>,49
Innsbruck Land <703>,Kufstein <705>,151
Innsbruck Land <703>,Landeck <706>,64
Innsbruck Land <703>,Lienz <707>,42
Innsbruck Land <703>,Reutte <708>,50
Innsbruck Land <703>,Schwaz <709>,502
Innsbruck Land <703>,Bludenz <801>,20
Innsbruck Land <703>,Bregenz <802>,28
Innsbruck Land <703>,Dornbirn <803>,23
Innsbruck Land <703>,Feldkirch <804>,31
Innsbruck Land <703>,"Wien 1.Bezirk, Innere Stadt <901>",2
Innsbruck Land <703>,"Wien 2.Bezirk, Leopoldstadt <902>",16
Innsbruck Land <703>,"Wien 3.Bezirk, Landstraße <903>",25
Innsbruck Land <703>,"Wien 4.Bezirk, Wieden <904>",3
Innsbruck Land <703>,"Wien 5.Bezirk, Margareten <905>",9
Innsbruck Land <703>,"Wien 6.Bezirk, Mariahilf <906>",3
Innsbruck Land <703>,"Wien 7.Bezirk, Neubau <907>",5
Innsbruck Land <703>,"Wien 8.Bezirk, Josefstadt <908>",4
Innsbruck Land <703>,"Wien 9.Bezirk, Alsergrund <909>",8
Innsbruck Land <703>,"Wien 10.Bezirk, Favoriten <910>",29
Innsbruck Land <703>,"Wien 11.Bezirk, Simmering <911>",16
Innsbruck Land <703>,"Wien 12.Bezirk, Meidling <912>",15
Innsbruck Land <703>,"Wien 13.Bezirk, Hietzing <913>",4
Innsbruck Land <703>,"Wien 14.Bezirk, Penzing <914>",22
Innsbruck Land <703>,"Wien 15.Bezirk, Rudolfsheim-Fünfhaus <915>",22
Innsbruck Land <703>,"Wien 16.Bezirk, Ottakring <916>",16
Innsbruck Land <703>,"Wien 17.Bezirk, Hernals <917>",14
Innsbruck Land <703>,"Wien 18.Bezirk, Währing <918>",6
Innsbruck Land <703>,"Wien 19.Bezirk, Döbling <919>",7
Innsbruck Land <703>,"Wien 20.Bezirk, Brigittenau <920>",13
Innsbruck Land <703>,"Wien 21.Bezirk, Floridsdorf <921>",32
Innsbruck Land <703>,"Wien 22.Bezirk, Donaustadt <922>",14
Innsbruck Land <703>,"Wien 23.Bezirk, Liesing <923>",17
Kitzbühel <704>,Graz (Stadt) <601>,27
Kitzbühel <704>,Bruck an der Mur ^<602>,-
Kitzbühel <704>,Bruck-Mürzzuschlag <621>,9
Kitzbühel <704>,Deutschlandsberg <603>,-
Kitzbühel <704>,Feldbach ^<604>,-
Kitzbühel <704>,Fürstenfeld ^<605>,-
Kitzbühel <704>,Graz Umgebung <606>,1
Kitzbühel <704>,Hartberg ^<607>,-
Kitzbühel <704>,Hartberg-Fürstenfeld <622>,1
Kitzbühel <704>,Judenburg ^<608>,-
Kitzbühel <704>,Knittelfeld ^<609>,-
Kitzbühel <704>,Leibnitz <610>,1
Kitzbühel <704>,Leoben <611>,11
Kitzbühel <704>,Liezen <612>,7
Kitzbühel <704>,Murtal <620>,5
Kitzbühel <704>,Mürzzuschlag ^<613>,-
Kitzbühel <704>,Murau <614>,2
Kitzbühel <704>,Radkersburg ^<615>,-
Kitzbühel <704>,Südoststeiermark <623>,1
Kitzbühel <704>,Voitsberg <616>,1
Kitzbühel <704>,Weiz <617>,1
Kitzbühel <704>,Innsbruck (Stadt) <701>,116
Kitzbühel <704>,Imst <702>,12
Kitzbühel <704>,Innsbruck Land <703>,52
Kitzbühel <704>,Kitzbühel <704>,3237
Kitzbühel <704>,Kufstein <705>,319
Kitzbühel <704>,Landeck <706>,6
Kitzbühel <704>,Lienz <707>,17
Kitzbühel <704>,Reutte <708>,11
Kitzbühel <704>,Schwaz <709>,34
Kitzbühel <704>,Bludenz <801>,5
Kitzbühel <704>,Bregenz <802>,3
Kitzbühel <704>,Dornbirn <803>,5
Kitzbühel <704>,Feldkirch <804>,3
Kitzbühel <704>,"Wien 1.Bezirk, Innere Stadt <901>",1
Kitzbühel <704>,"Wien 2.Bezirk, Leopoldstadt <902>",10
Kitzbühel <704>,"Wien 3.Bezirk, Landstraße <903>",13
Kitzbühel <704>,"Wien 4.Bezirk, Wieden <904>",7
Kitzbühel <704>,"Wien 5.Bezirk, Margareten <905>",4
Kitzbühel <704>,"Wien 6.Bezirk, Mariahilf <906>",1
Kitzbühel <704>,"Wien 7.Bezirk, Neubau <907>",10
Kitzbühel <704>,"Wien 8.Bezirk, Josefstadt <908>",4
Kitzbühel <704>,"Wien 9.Bezirk, Alsergrund <909>",9
Kitzbühel <704>,"Wien 10.Bezirk, Favoriten <910>",7
Kitzbühel <704>,"Wien 11.Bezirk, Simmering <911>",7
Kitzbühel <704>,"Wien 12.Bezirk, Meidling <912>",4
Kitzbühel <704>,"Wien 13.Bezirk, Hietzing <913>",4
Kitzbühel <704>,"Wien 14.Bezirk, Penzing <914>",4
Kitzbühel <704>,"Wien 15.Bezirk, Rudolfsheim-Fünfhaus <915>",3
Kitzbühel <704>,"Wien 16.Bezirk, Ottakring <916>",3
Kitzbühel <704>,"Wien 17.Bezirk, Hernals <917>",8
Kitzbühel <704>,"Wien 18.Bezirk, Währing <918>",4
Kitzbühel <704>,"Wien 19.Bezirk, Döbling <919>",5
Kitzbühel <704>,"Wien 20.Bezirk, Brigittenau <920>",5
Kitzbühel <704>,"Wien 21.Bezirk, Floridsdorf <921>",8
Kitzbühel <704>,"Wien 22.Bezirk, Donaustadt <922>",6
Kitzbühel <704>,"Wien 23.Bezirk, Liesing <923>",3
Kufstein <705>,Graz (Stadt) <601>,47
Kufstein <705>,Bruck an der Mur ^<602>,-
Kufstein <705>,Bruck-Mürzzuschlag <621>,3
Kufstein <705>,Deutschlandsberg <603>,2
Kufstein <705>,Feldbach ^<604>,-
Kufstein <705>,Fürstenfeld ^<605>,-
Kufstein <705>,Graz Umgebung <606>,13
Kufstein <705>,Hartberg ^<607>,-
Kufstein <705>,Hartberg-Fürstenfeld <622>,8
Kufstein <705>,Judenburg ^<608>,-
Kufstein <705>,Knittelfeld ^<609>,-
Kufstein <705>,Leibnitz <610>,6
Kufstein <705>,Leoben <611>,3
Kufstein <705>,Liezen <612>,4
Kufstein <705>,Murtal <620>,7
Kufstein <705>,Mürzzuschlag ^<613>,-
Kufstein <705>,Murau <614>,-
Kufstein <705>,Radkersburg ^<615>,-
Kufstein <705>,Südoststeiermark <623>,16
Kufstein <705>,Voitsberg <616>,1
Kufstein <705>,Weiz <617>,16
Kufstein <705>,Innsbruck (Stadt) <701>,320
Kufstein <705>,Imst <702>,24
Kufstein <705>,Innsbruck Land <703>,165
Kufstein <705>,Kitzbühel <704>,381
Kufstein <705>,Kufstein <705>,6115
Kufstein <705>,Landeck <706>,6
Kufstein <705>,Lienz <707>,34
Kufstein <705>,Reutte <708>,14
Kufstein <705>,Schwaz <709>,367
Kufstein <705>,Bludenz <801>,6
Kufstein <705>,Bregenz <802>,9
Kufstein <705>,Dornbirn <803>,14
Kufstein <705>,Feldkirch <804>,18
Kufstein <705>,"Wien 1.Bezirk, Innere Stadt <901>",1
Kufstein <705>,"Wien 2.Bezirk, Leopoldstadt <902>",23
Kufstein <705>,"Wien 3.Bezirk, Landstraße <903>",11
Kufstein <705>,"Wien 4.Bezirk, Wieden <904>",3
Kufstein <705>,"Wien 5.Bezirk, Margareten <905>",14
Kufstein <705>,"Wien 6.Bezirk, Mariahilf <906>",2
Kufstein <705>,"Wien 7.Bezirk, Neubau <907>",9
Kufstein <705>,"Wien 8.Bezirk, Josefstadt <908>",1
Kufstein <705>,"Wien 9.Bezirk, Alsergrund <909>",4
Kufstein <705>,"Wien 10.Bezirk, Favoriten <910>",36
Kufstein <705>,"Wien 11.Bezirk, Simmering <911>",8
Kufstein <705>,"Wien 12.Bezirk, Meidling <912>",10
Kufstein <705>,"Wien 13.Bezirk, Hietzing <913>",11
Kufstein <705>,"Wien 14.Bezirk, Penzing <914>",21
Kufstein <705>,"Wien 15.Bezirk, Rudolfsheim-Fünfhaus <915>",11
Kufstein <705>,"Wien 16.Bezirk, Ottakring <916>",18
Kufstein <705>,"Wien 17.Bezirk, Hernals <917>",2
Kufstein <705>,"Wien 18.Bezirk, Währing <918>",4
Kufstein <705>,"Wien 19.Bezirk, Döbling <919>",6
Kufstein <705>,"Wien 20.Bezirk, Brigittenau <920>",15
Kufstein <705>,"Wien 21.Bezirk, Floridsdorf <921>",19
Kufstein <705>,"Wien 22.Bezirk, Donaustadt <922>",21
Kufstein <705>,"Wien 23.Bezirk, Liesing <923>",6
Landeck <706>,Graz (Stadt) <601>,10
Landeck <706>,Bruck an der Mur ^<602>,-
Landeck <706>,Bruck-Mürzzuschlag <621>,-
Landeck <706>,Deutschlandsberg <603>,-
Landeck <706>,Feldbach ^<604>,-
Landeck <706>,Fürstenfeld ^<605>,-
Landeck <706>,Graz Umgebung <606>,1
Landeck <706>,Hartberg ^<607>,-
Landeck <706>,Hartberg-Fürstenfeld <622>,3
Landeck <706>,Judenburg ^<608>,-
Landeck <706>,Knittelfeld ^<609>,-
Landeck <706>,Leibnitz <610>,2
Landeck <706>,Leoben <611>,-
Landeck <706>,Liezen <612>,2
Landeck <706>,Murtal <620>,-
Landeck <706>,Mürzzuschlag ^<613>,-
Landeck <706>,Murau <614>,-
Landeck <706>,Radkersburg ^<615>,-
Landeck <706>,Südoststeiermark <623>,-
Landeck <706>,Voitsberg <616>,-
Landeck <706>,Weiz <617>,4
Landeck <706>,Innsbruck (Stadt) <701>,91
Landeck <706>,Imst <702>,175
Landeck <706>,Innsbruck Land <703>,57
Landeck <706>,Kitzbühel <704>,5
Landeck <706>,Kufstein <705>,15
Landeck <706>,Landeck <706>,1572
Landeck <706>,Lienz <707>,1
Landeck <706>,Reutte <708>,17
Landeck <706>,Schwaz <709>,14
Landeck <706>,Bludenz <801>,20
Landeck <706>,Bregenz <802>,16
Landeck <706>,Dornbirn <803>,8
Landeck <706>,Feldkirch <804>,18
Landeck <706>,"Wien 1.Bezirk, Innere Stadt <901>",1
Landeck <706>,"Wien 2.Bezirk, Leopoldstadt <902>",7
Landeck <706>,"Wien 3.Bezirk, Landstraße <903>",5
Landeck <706>,"Wien 4.Bezirk, Wieden <904>",3
Landeck <706>,"Wien 5.Bezirk, Margareten <905>",1
Landeck <706>,"Wien 6.Bezirk, Mariahilf <906>",3
Landeck <706>,"Wien 7.Bezirk, Neubau <907>",-
Landeck <706>,"Wien 8.Bezirk, Josefstadt <908>",2
Landeck <706>,"Wien 9.Bezirk, Alsergrund <909>",4
Landeck <706>,"Wien 10.Bezirk, Favoriten <910>",5
Landeck <706>,"Wien 11.Bezirk, Simmering <911>",1
Landeck <706>,"Wien 12.Bezirk, Meidling <912>",3
Landeck <706>,"Wien 13.Bezirk, Hietzing <913>",7
Landeck <706>,"Wien 14.Bezirk, Penzing <914>",-
Landeck <706>,"Wien 15.Bezirk, Rudolfsheim-Fünfhaus <915>",-
Landeck <706>,"Wien 16.Bezirk, Ottakring <916>",1
Landeck <706>,"Wien 17.Bezirk, Hernals <917>",3
Landeck <706>,"Wien 18.Bezirk, Währing <918>",4
Landeck <706>,"Wien 19.Bezirk, Döbling <919>",1
Landeck <706>,"Wien 20.Bezirk, Brigittenau <920>",-
Landeck <706>,"Wien 21.Bezirk, Floridsdorf <921>",4
Landeck <706>,"Wien 22.Bezirk, Donaustadt <922>",5
Landeck <706>,"Wien 23.Bezirk, Liesing <923>",1
Lienz <707>,Graz (Stadt) <601>,57
Lienz <707>,Bruck an der Mur ^<602>,-
Lienz <707>,Bruck-Mürzzuschlag <621>,-
Lienz <707>,Deutschlandsberg <603>,2
Lienz <707>,Feldbach ^<604>,-
Lienz <707>,Fürstenfeld ^<605>,-
Lienz <707>,Graz Umgebung <606>,6
Lienz <707>,Hartberg ^<607>,-
Lienz <707>,Hartberg-Fürstenfeld <622>,7
Lienz <707>,Judenburg ^<608>,-
Lienz <707>,Knittelfeld ^<609>,-
Lienz <707>,Leibnitz <610>,4
Lienz <707>,Leoben <611>,-
Lienz <707>,Liezen <612>,2
Lienz <707>,Murtal <620>,-
Lienz <707>,Mürzzuschlag ^<613>,-
Lienz <707>,Murau <614>,1
Lienz <707>,Radkersburg ^<615>,-
Lienz <707>,Südoststeiermark <623>,1
Lienz <707>,Voitsberg <616>,1
Lienz <707>,Weiz <617>,1
Lienz <707>,Innsbruck (Stadt) <701>,55
Lienz <707>,Imst <702>,2
Lienz <707>,Innsbruck Land <703>,30
Lienz <707>,Kitzbühel <704>,9
Lienz <707>,Kufstein <705>,17
Lienz <707>,Landeck <706>,1
Lienz <707>,Lienz <707>,2015
Lienz <707>,Reutte <708>,2
Lienz <707>,Schwaz <709>,9
Lienz <707>,Bludenz <801>,4
Lienz <707>,Bregenz <802>,8
Lienz <707>,Dornbirn <803>,3
Lienz <707>,Feldkirch <804>,2
Lienz <707>,"Wien 1.Bezirk, Innere Stadt <901>",1
Lienz <707>,"Wien 2.Bezirk, Leopoldstadt <902>",6
Lienz <707>,"Wien 3.Bezirk, Landstraße <903>",4
Lienz <707>,"Wien 4.Bezirk, Wieden <904>",7
Lienz <707>,"Wien 5.Bezirk, Margareten <905>",8
Lienz <707>,"Wien 6.Bezirk, Mariahilf <906>",1
Lienz <707>,"Wien 7.Bezirk, Neubau <907>",2
Lienz <707>,"Wien 8.Bezirk, Josefstadt <908>",-
Lienz <707>,"Wien 9.Bezirk, Alsergrund <909>",2
Lienz <707>,"Wien 10.Bezirk, Favoriten <910>",21
Lienz <707>,"Wien 11.Bezirk, Simmering <911>",3
Lienz <707>,"Wien 12.Bezirk, Meidling <912>",5
Lienz <707>,"Wien 13.Bezirk, Hietzing <913>",2
Lienz <707>,"Wien 14.Bezirk, Penzing <914>",2
Lienz <707>,"Wien 15.Bezirk, Rudolfsheim-Fünfhaus <915>",1
Lienz <707>,"Wien 16.Bezirk, Ottakring <916>",5
Lienz <707>,"Wien 17.Bezirk, Hernals <917>",4
Lienz <707>,"Wien 18.Bezirk, Währing <918>",7
Lienz <707>,"Wien 19.Bezirk, Döbling <919>",4
Lienz <707>,"Wien 20.Bezirk, Brigittenau <920>",3
Lienz <707>,"Wien 21.Bezirk, Floridsdorf <921>",3
Lienz <707>,"Wien 22.Bezirk, Donaustadt <922>",5
Lienz <707>,"Wien 23.Bezirk, Liesing <923>",1
Reutte <708>,Graz (Stadt) <601>,8
Reutte <708>,Bruck an der Mur ^<602>,-
Reutte <708>,Bruck-Mürzzuschlag <621>,1
Reutte <708>,Deutschlandsberg <603>,2
Reutte <708>,Feldbach ^<604>,-
Reutte <708>,Fürstenfeld ^<605>,-
Reutte <708>,Graz Umgebung <606>,2
Reutte <708>,Hartberg ^<607>,-
Reutte <708>,Hartberg-Fürstenfeld <622>,4
Reutte <708>,Judenburg ^<608>,-
Reutte <708>,Knittelfeld ^<609>,-
Reutte <708>,Leibnitz <610>,2
Reutte <708>,Leoben <611>,-
Reutte <708>,Liezen <612>,1
Reutte <708>,Murtal <620>,-
Reutte <708>,Mürzzuschlag ^<613>,-
Reutte <708>,Murau <614>,1
Reutte <708>,Radkersburg ^<615>,-
Reutte <708>,Südoststeiermark <623>,-
Reutte <708>,Voitsberg <616>,1
Reutte <708>,Weiz <617>,1
Reutte <708>,Innsbruck (Stadt) <701>,67
Reutte <708>,Imst <702>,39
Reutte <708>,Innsbruck Land <703>,43
Reutte <708>,Kitzbühel <704>,13
Reutte <708>,Kufstein <705>,7
Reutte <708>,Landeck <706>,13
Reutte <708>,Lienz <707>,1
Reutte <708>,Reutte <708>,1660
Reutte <708>,Schwaz <709>,9
Reutte <708>,Bludenz <801>,1
Reutte <708>,Bregenz <802>,18
Reutte <708>,Dornbirn <803>,9
Reutte <708>,Feldkirch <804>,6
Reutte <708>,"Wien 1.Bezirk, Innere Stadt <901>",-
Reutte <708>,"Wien 2.Bezirk, Leopoldstadt <902>",-
Reutte <708>,"Wien 3.Bezirk, Landstraße <903>",-
Reutte <708>,"Wien 4.Bezirk, Wieden <904>",3
Reutte <708>,"Wien 5.Bezirk, Margareten <905>",5
Reutte <708>,"Wien 6.Bezirk, Mariahilf <906>",-
Reutte <708>,"Wien 7.Bezirk, Neubau <907>",1
Reutte <708>,"Wien 8.Bezirk, Josefstadt <908>",-
Reutte <708>,"Wien 9.Bezirk, Alsergrund <909>",-
Reutte <708>,"Wien 10.Bezirk, Favoriten <910>",15
Reutte <708>,"Wien 11.Bezirk, Simmering <911>",14
Reutte <708>,"Wien 12.Bezirk, Meidling <912>",1
Reutte <708>,"Wien 13.Bezirk, Hietzing <913>",1
Reutte <708>,"Wien 14.Bezirk, Penzing <914>",2
Reutte <708>,"Wien 15.Bezirk, Rudolfsheim-Fünfhaus <915>",1
Reutte <708>,"Wien 16.Bezirk, Ottakring <916>",2
Reutte <708>,"Wien 17.Bezirk, Hernals <917>",6
Reutte <708>,"Wien 18.Bezirk, Währing <918>",1
Reutte <708>,"Wien 19.Bezirk, Döbling <919>",-
Reutte <708>,"Wien 20.Bezirk, Brigittenau <920>",4
Reutte <708>,"Wien 21.Bezirk, Floridsdorf <921>",20
Reutte <708>,"Wien 22.Bezirk, Donaustadt <922>",12
Reutte <708>,"Wien 23.Bezirk, Liesing <923>",2
Schwaz <709>,Graz (Stadt) <601>,34
Schwaz <709>,Bruck an der Mur ^<602>,-
Schwaz <709>,Bruck-Mürzzuschlag <621>,5
Schwaz <709>,Deutschlandsberg <603>,5
Schwaz <709>,Feldbach ^<604>,-
Schwaz <709>,Fürstenfeld ^<605>,-
Schwaz <709>,Graz Umgebung <606>,2
Schwaz <709>,Hartberg ^<607>,-
Schwaz <709>,Hartberg-Fürstenfeld <622>,9
Schwaz <709>,Judenburg ^<608>,-
Schwaz <709>,Knittelfeld ^<609>,-
Schwaz <709>,Leibnitz <610>,3
Schwaz <709>,Leoben <611>,6
Schwaz <709>,Liezen <612>,6
Schwaz <709>,Murtal <620>,7
Schwaz <709>,Mürzzuschlag ^<613>,-
Schwaz <709>,Murau <614>,3
Schwaz <709>,Radkersburg ^<615>,-
Schwaz <709>,Südoststeiermark <623>,8
Schwaz <709>,Voitsberg <616>,3
Schwaz <709>,Weiz <617>,2
Schwaz <709>,Innsbruck (Stadt) <701>,348
Schwaz <709>,Imst <702>,51
Schwaz <709>,Innsbruck Land <703>,399
Schwaz <709>,Kitzbühel <704>,47
Schwaz <709>,Kufstein <705>,408
Schwaz <709>,Landeck <706>,24
Schwaz <709>,Lienz <707>,13
Schwaz <709>,Reutte <708>,10
Schwaz <709>,Schwaz <709>,4135
Schwaz <709>,Bludenz <801>,6
Schwaz <709>,Bregenz <802>,10
Schwaz <709>,Dornbirn <803>,5
Schwaz <709>,Feldkirch <804>,7
Schwaz <709>,"Wien 1.Bezirk, Innere Stadt <901>",-
Schwaz <709>,"Wien 2.Bezirk, Leopoldstadt <902>",9
Schwaz <709>,"Wien 3.Bezirk, Landstraße <903>",8
Schwaz <709>,"Wien 4.Bezirk, Wieden <904>",-
Schwaz <709>,"Wien 5.Bezirk, Margareten <905>",4
Schwaz <709>,"Wien 6.Bezirk, Mariahilf <906>",3
Schwaz <709>,"Wien 7.Bezirk, Neubau <907>",3
Schwaz <709>,"Wien 8.Bezirk, Josefstadt <908>",2
Schwaz <709>,"Wien 9.Bezirk, Alsergrund <909>",5
Schwaz <709>,"Wien 10.Bezirk, Favoriten <910>",30
Schwaz <709>,"Wien 11.Bezirk, Simmering <911>",2
Schwaz <709>,"Wien 12.Bezirk, Meidling <912>",8
Schwaz <709>,"Wien 13.Bezirk, Hietzing <913>",5
Schwaz <709>,"Wien 14.Bezirk, Penzing <914>",1
Schwaz <709>,"Wien 15.Bezirk, Rudolfsheim-Fünfhaus <915>",6
Schwaz <709>,"Wien 16.Bezirk, Ottakring <916>",5
Schwaz <709>,"Wien 17.Bezirk, Hernals <917>",9
Schwaz <709>,"Wien 18.Bezirk, Währing <918>",5
Schwaz <709>,"Wien 19.Bezirk, Döbling <919>",2
Schwaz <709>,"Wien 20.Bezirk, Brigittenau <920>",6
Schwaz <709>,"Wien 21.Bezirk, Floridsdorf <921>",5
Schwaz <709>,"Wien 22.Bezirk, Donaustadt <922>",5
Schwaz <709>,"Wien 23.Bezirk, Liesing <923>",1
Bludenz <801>,Graz (Stadt) <601>,28
Bludenz <801>,Bruck an der Mur ^<602>,-
Bludenz <801>,Bruck-Mürzzuschlag <621>,4
Bludenz <801>,Deutschlandsberg <603>,3
Bludenz <801>,Feldbach ^<604>,-
Bludenz <801>,Fürstenfeld ^<605>,-
Bludenz <801>,Graz Umgebung <606>,7
Bludenz <801>,Hartberg ^<607>,-
Bludenz <801>,Hartberg-Fürstenfeld <622>,3
Bludenz <801>,Judenburg ^<608>,-
Bludenz <801>,Knittelfeld ^<609>,-
Bludenz <801>,Leibnitz <610>,2
Bludenz <801>,Leoben <611>,2
Bludenz <801>,Liezen <612>,1
Bludenz <801>,Murtal <620>,3
Bludenz <801>,Mürzzuschlag ^<613>,-
Bludenz <801>,Murau <614>,1
Bludenz <801>,Radkersburg ^<615>,-
Bludenz <801>,Südoststeiermark <623>,9
Bludenz <801>,Voitsberg <616>,-
Bludenz <801>,Weiz <617>,-
Bludenz <801>,Innsbruck (Stadt) <701>,31
Bludenz <801>,Imst <702>,1
Bludenz <801>,Innsbruck Land <703>,18
Bludenz <801>,Kitzbühel <704>,5
Bludenz <801>,Kufstein <705>,10
Bludenz <801>,Landeck <706>,16
Bludenz <801>,Lienz <707>,-
Bludenz <801>,Reutte <708>,5
Bludenz <801>,Schwaz <709>,7
Bludenz <801>,Bludenz <801>,3534
Bludenz <801>,Bregenz <802>,204
Bludenz <801>,Dornbirn <803>,208
Bludenz <801>,Feldkirch <804>,719
Bludenz <801>,"Wien 1.Bezirk, Innere Stadt <901>",-
Bludenz <801>,"Wien 2.Bezirk, Leopoldstadt <902>",12
Bludenz <801>,"Wien 3.Bezirk, Landstraße <903>",9
Bludenz <801>,"Wien 4.Bezirk, Wieden <904>",2
Bludenz <801>,"Wien 5.Bezirk, Margareten <905>",5
Bludenz <801>,"Wien 6.Bezirk, Mariahilf <906>",1
Bludenz <801>,"Wien 7.Bezirk, Neubau <907>",3
Bludenz <801>,"Wien 8.Bezirk, Josefstadt <908>",3
Bludenz <801>,"Wien 9.Bezirk, Alsergrund <909>",9
Bludenz <801>,"Wien 10.Bezirk, Favoriten <910>",28
Bludenz <801>,"Wien 11.Bezirk, Simmering <911>",2
Bludenz <801>,"Wien 12.Bezirk, Meidling <912>",11
Bludenz <801>,"Wien 13.Bezirk, Hietzing <913>",1
Bludenz <801>,"Wien 14.Bezirk, Penzing <914>",5
Bludenz <801>,"Wien 15.Bezirk, Rudolfsheim-Fünfhaus <915>",9
Bludenz <801>,"Wien 16.Bezirk, Ottakring <916>",12
Bludenz <801>,"Wien 17.Bezirk, Hernals <917>",3
Bludenz <801>,"Wien 18.Bezirk, Währing <918>",3
Bludenz <801>,"Wien 19.Bezirk, Döbling <919>",6
Bludenz <801>,"Wien 20.Bezirk, Brigittenau <920>",13
Bludenz <801>,"Wien 21.Bezirk, Floridsdorf <921>",6
Bludenz <801>,"Wien 22.Bezirk, Donaustadt <922>",8
Bludenz <801>,"Wien 23.Bezirk, Liesing <923>",-
Bregenz <802>,Graz (Stadt) <601>,56
Bregenz <802>,Bruck an der Mur ^<602>,-
Bregenz <802>,Bruck-Mürzzuschlag <621>,2
Bregenz <802>,Deutschlandsberg <603>,1
Bregenz <802>,Feldbach ^<604>,-
Bregenz <802>,Fürstenfeld ^<605>,-
Bregenz <802>,Graz Umgebung <606>,8
Bregenz <802>,Hartberg ^<607>,-
Bregenz <802>,Hartberg-Fürstenfeld <622>,7
Bregenz <802>,Judenburg ^<608>,-
Bregenz <802>,Knittelfeld ^<609>,-
Bregenz <802>,Leibnitz <610>,5
Bregenz <802>,Leoben <611>,4
Bregenz <802>,Liezen <612>,6
Bregenz <802>,Murtal <620>,2
Bregenz <802>,Mürzzuschlag ^<613>,-
Bregenz <802>,Murau <614>,1
Bregenz <802>,Radkersburg ^<615>,-
Bregenz <802>,Südoststeiermark <623>,2
Bregenz <802>,Voitsberg <616>,5
Bregenz <802>,Weiz <617>,10
Bregenz <802>,Innsbruck (Stadt) <701>,59
Bregenz <802>,Imst <702>,5
Bregenz <802>,Innsbruck Land <703>,25
Bregenz <802>,Kitzbühel <704>,6
Bregenz <802>,Kufstein <705>,6
Bregenz <802>,Landeck <706>,9
Bregenz <802>,Lienz <707>,-
Bregenz <802>,Reutte <708>,10
Bregenz <802>,Schwaz <709>,12
Bregenz <802>,Bludenz <801>,139
Bregenz <802>,Bregenz <802>,8330
Bregenz <802>,Dornbirn <803>,1308
Bregenz <802>,Feldkirch <804>,478
Bregenz <802>,"Wien 1.Bezirk, Innere Stadt <901>",1
Bregenz <802>,"Wien 2.Bezirk, Leopoldstadt <902>",22
Bregenz <802>,"Wien 3.Bezirk, Landstraße <903>",15
Bregenz <802>,"Wien 4.Bezirk, Wieden <904>",10
Bregenz <802>,"Wien 5.Bezirk, Margareten <905>",16
Bregenz <802>,"Wien 6.Bezirk, Mariahilf <906>",20
Bregenz <802>,"Wien 7.Bezirk, Neubau <907>",10
Bregenz <802>,"Wien 8.Bezirk, Josefstadt <908>",4
Bregenz <802>,"Wien 9.Bezirk, Alsergrund <909>",19
Bregenz <802>,"Wien 10.Bezirk, Favoriten <910>",44
Bregenz <802>,"Wien 11.Bezirk, Simmering <911>",13
Bregenz <802>,"Wien 12.Bezirk, Meidling <912>",21
Bregenz <802>,"Wien 13.Bezirk, Hietzing <913>",4
Bregenz <802>,"Wien 14.Bezirk, Penzing <914>",8
Bregenz <802>,"Wien 15.Bezirk, Rudolfsheim-Fünfhaus <915>",16
Bregenz <802>,"Wien 16.Bezirk, Ottakring <916>",20
Bregenz <802>,"Wien 17.Bezirk, Hernals <917>",17
Bregenz <802>,"Wien 18.Bezirk, Währing <918>",24
Bregenz <802>,"Wien 19.Bezirk, Döbling <919>",5
Bregenz <802>,"Wien 20.Bezirk, Brigittenau <920>",18
Bregenz <802>,"Wien 21.Bezirk, Floridsdorf <921>",11
Bregenz <802>,"Wien 22.Bezirk, Donaustadt <922>",23
Bregenz <802>,"Wien 23.Bezirk, Liesing <923>",12
Dornbirn <803>,Graz (Stadt) <601>,35
Dornbirn <803>,Bruck an der Mur ^<602>,-
Dornbirn <803>,Bruck-Mürzzuschlag <621>,3
Dornbirn <803>,Deutschlandsberg <603>,-
Dornbirn <803>,Feldbach ^<604>,-
Dornbirn <803>,Fürstenfeld ^<605>,-
Dornbirn <803>,Graz Umgebung <606>,9
Dornbirn <803>,Hartberg ^<607>,-
Dornbirn <803>,Hartberg-Fürstenfeld <622>,-
Dornbirn <803>,Judenburg ^<608>,-
Dornbirn <803>,Knittelfeld ^<609>,-
Dornbirn <803>,Leibnitz <610>,2
Dornbirn <803>,Leoben <611>,-
Dornbirn <803>,Liezen <612>,2
Dornbirn <803>,Murtal <620>,5
Dornbirn <803>,Mürzzuschlag ^<613>,-
Dornbirn <803>,Murau <614>,1
Dornbirn <803>,Radkersburg ^<615>,-
Dornbirn <803>,Südoststeiermark <623>,4
Dornbirn <803>,Voitsberg <616>,-
Dornbirn <803>,Weiz <617>,3
Dornbirn <803>,Innsbruck (Stadt) <701>,48
Dornbirn <803>,Imst <702>,4
Dornbirn <803>,Innsbruck Land <703>,20
Dornbirn <803>,Kitzbühel <704>,1
Dornbirn <803>,Kufstein <705>,8
Dornbirn <803>,Landeck <706>,9
Dornbirn <803>,Lienz <707>,-
Dornbirn <803>,Reutte <708>,11
Dornbirn <803>,Schwaz <709>,4
Dornbirn <803>,Bludenz <801>,141
Dornbirn <803>,Bregenz <802>,1222
Dornbirn <803>,Dornbirn <803>,5724
Dornbirn <803>,Feldkirch <804>,724
Dornbirn <803>,"Wien 1.Bezirk, Innere Stadt <901>",1
Dornbirn <803>,"Wien 2.Bezirk, Leopoldstadt <902>",10
Dornbirn <803>,"Wien 3.Bezirk, Landstraße <903>",27
Dornbirn <803>,"Wien 4.Bezirk, Wieden <904>",6
Dornbirn <803>,"Wien 5.Bezirk, Margareten <905>",12
Dornbirn <803>,"Wien 6.Bezirk, Mariahilf <906>",11
Dornbirn <803>,"Wien 7.Bezirk, Neubau <907>",13
Dornbirn <803>,"Wien 8.Bezirk, Josefstadt <908>",6
Dornbirn <803>,"Wien 9.Bezirk, Alsergrund <909>",13
Dornbirn <803>,"Wien 10.Bezirk, Favoriten <910>",36
Dornbirn <803>,"Wien 11.Bezirk, Simmering <911>",11
Dornbirn <803>,"Wien 12.Bezirk, Meidling <912>",8
Dornbirn <803>,"Wien 13.Bezirk, Hietzing <913>",3
Dornbirn <803>,"Wien 14.Bezirk, Penzing <914>",10
Dornbirn <803>,"Wien 15.Bezirk, Rudolfsheim-Fünfhaus <915>",20
Dornbirn <803>,"Wien 16.Bezirk, Ottakring <916>",21
Dornbirn <803>,"Wien 17.Bezirk, Hernals <917>",5
Dornbirn <803>,"Wien 18.Bezirk, Währing <918>",7
Dornbirn <803>,"Wien 19.Bezirk, Döbling <919>",8
Dornbirn <803>,"Wien 20.Bezirk, Brigittenau <920>",12
Dornbirn <803>,"Wien 21.Bezirk, Floridsdorf <921>",12
Dornbirn <803>,"Wien 22.Bezirk, Donaustadt <922>",21
Dornbirn <803>,"Wien 23.Bezirk, Liesing <923>",6
Feldkirch <804>,Graz (Stadt) <601>,44
Feldkirch <804>,Bruck an der Mur ^<602>,-
Feldkirch <804>,Bruck-Mürzzuschlag <621>,5
Feldkirch <804>,Deutschlandsberg <603>,1
Feldkirch <804>,Feldbach ^<604>,-
Feldkirch <804>,Fürstenfeld ^<605>,-
Feldkirch <804>,Graz Umgebung <606>,7
Feldkirch <804>,Hartberg ^<607>,-
Feldkirch <804>,Hartberg-Fürstenfeld <622>,6
Feldkirch <804>,Judenburg ^<608>,-
Feldkirch <804>,Knittelfeld ^<609>,-
Feldkirch <804>,Leibnitz <610>,7
Feldkirch <804>,Leoben <611>,5
Feldkirch <804>,Liezen <612>,1
Feldkirch <804>,Murtal <620>,6
Feldkirch <804>,Mürzzuschlag ^<613>,-
Feldkirch <804>,Murau <614>,-
Feldkirch <804>,Radkersburg ^<615>,-
Feldkirch <804>,Südoststeiermark <623>,3
Feldkirch <804>,Voitsberg <616>,1
Feldkirch <804>,Weiz <617>,3
Feldkirch <804>,Innsbruck (Stadt) <701>,66
Feldkirch <804>,Imst <702>,3
Feldkirch <804>,Innsbruck Land <703>,19
Feldkirch <804>,Kitzbühel <704>,3
Feldkirch <804>,Kufstein <705>,7
Feldkirch <804>,Landeck <706>,6
Feldkirch <804>,Lienz <707>,1
Feldkirch <804>,Reutte <708>,7
Feldkirch <804>,Schwaz <709>,5
Feldkirch <804>,Bludenz <801>,565
Feldkirch <804>,Bregenz <802>,501
Feldkirch <804>,Dornbirn <803>,928
Feldkirch <804>,Feldkirch <804>,6409
Feldkirch <804>,"Wien 1.Bezirk, Innere Stadt <901>",3
Feldkirch <804>,"Wien 2.Bezirk, Leopoldstadt <902>",23
Feldkirch <804>,"Wien 3.Bezirk, Landstraße <903>",24
Feldkirch <804>,"Wien 4.Bezirk, Wieden <904>",11
Feldkirch <804>,"Wien 5.Bezirk, Margareten <905>",20
Feldkirch <804>,"Wien 6.Bezirk, Mariahilf <906>",7
Feldkirch <804>,"Wien 7.Bezirk, Neubau <907>",14
Feldkirch <804>,"Wien 8.Bezirk, Josefstadt <908>",7
Feldkirch <804>,"Wien 9.Bezirk, Alsergrund <909>",11
Feldkirch <804>,"Wien 10.Bezirk, Favoriten <910>",55
Feldkirch <804>,"Wien 11.Bezirk, Simmering <911>",12
Feldkirch <804>,"Wien 12.Bezirk, Meidling <912>",15
Feldkirch <804>,"Wien 13.Bezirk, Hietzing <913>",4
Feldkirch <804>,"Wien 14.Bezirk, Penzing <914>",8
Feldkirch <804>,"Wien 15.Bezirk, Rudolfsheim-Fünfhaus <915>",24
Feldkirch <804>,"Wien 16.Bezirk, Ottakring <916>",17
Feldkirch <804>,"Wien 17.Bezirk, Hernals <917>",5
Feldkirch <804>,"Wien 18.Bezirk, Währing <918>",13
Feldkirch <804>,"Wien 19.Bezirk, Döbling <919>",9
Feldkirch <804>,"Wien 20.Bezirk, Brigittenau <920>",15
Feldkirch <804>,"Wien 21.Bezirk, Floridsdorf <921>",15
Feldkirch <804>,"Wien 22.Bezirk, Donaustadt <922>",14
Feldkirch <804>,"Wien 23.Bezirk, Liesing <923>",12
"Wien 1.Bezirk, Innere Stadt <901>",Graz (Stadt) <601>,8
"Wien 1.Bezirk, Innere Stadt <901>",Bruck an der Mur ^<602>,-
"Wien 1.Bezirk, Innere Stadt <901>",Bruck-Mürzzuschlag <621>,1
"Wien 1.Bezirk, Innere Stadt <901>",Deutschlandsberg <603>,-
"Wien 1.Bezirk, Innere Stadt <901>",Feldbach ^<604>,-
"Wien 1.Bezirk, Innere Stadt <901>",Fürstenfeld ^<605>,-
"Wien 1.Bezirk, Innere Stadt <901>",Graz Umgebung <606>,1
"Wien 1.Bezirk, Innere Stadt <901>",Hartberg ^<607>,-
"Wien 1.Bezirk, Innere Stadt <901>",Hartberg-Fürstenfeld <622>,-
"Wien 1.Bezirk, Innere Stadt <901>",Judenburg ^<608>,-
"Wien 1.Bezirk, Innere Stadt <901>",Knittelfeld ^<609>,-
"Wien 1.Bezirk, Innere Stadt <901>",Leibnitz <610>,-
"Wien 1.Bezirk, Innere Stadt <901>",Leoben <611>,-
"Wien 1.Bezirk, Innere Stadt <901>",Liezen <612>,-
"Wien 1.Bezirk, Innere Stadt <901>",Murtal <620>,-
"Wien 1.Bezirk, Innere Stadt <901>",Mürzzuschlag ^<613>,-
"Wien 1.Bezirk, Innere Stadt <901>",Murau <614>,1
"Wien 1.Bezirk, Innere Stadt <901>",Radkersburg ^<615>,-
"Wien 1.Bezirk, Innere Stadt <901>",Südoststeiermark <623>,-
"Wien 1.Bezirk, Innere Stadt <901>",Voitsberg <616>,-
"Wien 1.Bezirk, Innere Stadt <901>",Weiz <617>,-
"Wien 1.Bezirk, Innere Stadt <901>",Innsbruck (Stadt) <701>,4
"Wien 1.Bezirk, Innere Stadt <901>",Imst <702>,1
"Wien 1.Bezirk, Innere Stadt <901>",Innsbruck Land <703>,-
"Wien 1.Bezirk, Innere Stadt <901>",Kitzbühel <704>,-
"Wien 1.Bezirk, Innere Stadt <901>",Kufstein <705>,3
"Wien 1.Bezirk, Innere Stadt <901>",Landeck <706>,-
"Wien 1.Bezirk, Innere Stadt <901>",Lienz <707>,-
"Wien 1.Bezirk, Innere Stadt <901>",Reutte <708>,-
"Wien 1.Bezirk, Innere Stadt <901>",Schwaz <709>,-
"Wien 1.Bezirk, Innere Stadt <901>",Bludenz <801>,-
"Wien 1.Bezirk, Innere Stadt <901>",Bregenz <802>,2
"Wien 1.Bezirk, Innere Stadt <901>",Dornbirn <803>,1
"Wien 1.Bezirk, Innere Stadt <901>",Feldkirch <804>,2
"Wien 1.Bezirk, Innere Stadt <901>","Wien 1.Bezirk, Innere Stadt <901>",317
"Wien 1.Bezirk, Innere Stadt <901>","Wien 2.Bezirk, Leopoldstadt <902>",152
"Wien 1.Bezirk, Innere Stadt <901>","Wien 3.Bezirk, Landstraße <903>",171
"Wien 1.Bezirk, Innere Stadt <901>","Wien 4.Bezirk, Wieden <904>",58
"Wien 1.Bezirk, Innere Stadt <901>","Wien 5.Bezirk, Margareten <905>",34
"Wien 1.Bezirk, Innere Stadt <901>","Wien 6.Bezirk, Mariahilf <906>",57
"Wien 1.Bezirk, Innere Stadt <901>","Wien 7.Bezirk, Neubau <907>",29
"Wien 1.Bezirk, Innere Stadt <901>","Wien 8.Bezirk, Josefstadt <908>",25
"Wien 1.Bezirk, Innere Stadt <901>","Wien 9.Bezirk, Alsergrund <909>",86
"Wien 1.Bezirk, Innere Stadt <901>","Wien 10.Bezirk, Favoriten <910>",57
"Wien 1.Bezirk, Innere Stadt <901>","Wien 11.Bezirk, Simmering <911>",29
"Wien 1.Bezirk, Innere Stadt <901>","Wien 12.Bezirk, Meidling <912>",47
"Wien 1.Bezirk, Innere Stadt <901>","Wien 13.Bezirk, Hietzing <913>",42
"Wien 1.Bezirk, Innere Stadt <901>","Wien 14.Bezirk, Penzing <914>",49
"Wien 1.Bezirk, Innere Stadt <901>","Wien 15.Bezirk, Rudolfsheim-Fünfhaus <915>",35
"Wien 1.Bezirk, Innere Stadt <901>","Wien 16.Bezirk, Ottakring <916>",94
"Wien 1.Bezirk, Innere Stadt <901>","Wien 17.Bezirk, Hernals <917>",32
"Wien 1.Bezirk, Innere Stadt <901>","Wien 18.Bezirk, Währing <918>",54
"Wien 1.Bezirk, Innere Stadt <901>","Wien 19.Bezirk, Döbling <919>",109
"Wien 1.Bezirk, Innere Stadt <901>","Wien 20.Bezirk, Brigittenau <920>",22
"Wien 1.Bezirk, Innere Stadt <901>","Wien 21.Bezirk, Floridsdorf <921>",18
"Wien 1.Bezirk, Innere Stadt <901>","Wien 22.Bezirk, Donaustadt <922>",56
"Wien 1.Bezirk, Innere Stadt <901>","Wien 23.Bezirk, Liesing <923>",31
"Wien 2.Bezirk, Leopoldstadt <902>",Graz (Stadt) <601>,65
"Wien 2.Bezirk, Leopoldstadt <902>",Bruck an der Mur ^<602>,-
"Wien 2.Bezirk, Leopoldstadt <902>",Bruck-Mürzzuschlag <621>,12
"Wien 2.Bezirk, Leopoldstadt <902>",Deutschlandsberg <603>,12
"Wien 2.Bezirk, Leopoldstadt <902>",Feldbach ^<604>,-
"Wien 2.Bezirk, Leopoldstadt <902>",Fürstenfeld ^<605>,-
"Wien 2.Bezirk, Leopoldstadt <902>",Graz Umgebung <606>,5
"Wien 2.Bezirk, Leopoldstadt <902>",Hartberg ^<607>,-
"Wien 2.Bezirk, Leopoldstadt <902>",Hartberg-Fürstenfeld <622>,15
"Wien 2.Bezirk, Leopoldstadt <902>",Judenburg ^<608>,-
"Wien 2.Bezirk, Leopoldstadt <902>",Knittelfeld ^<609>,-
"Wien 2.Bezirk, Leopoldstadt <902>",Leibnitz <610>,10
"Wien 2.Bezirk, Leopoldstadt <902>",Leoben <611>,7
"Wien 2.Bezirk, Leopoldstadt <902>",Liezen <612>,7
"Wien 2.Bezirk, Leopoldstadt <902>",Murtal <620>,-
"Wien 2.Bezirk, Leopoldstadt <902>",Mürzzuschlag ^<613>,-
"Wien 2.Bezirk, Leopoldstadt <902>",Murau <614>,2
"Wien 2.Bezirk, Leopoldstadt <902>",Radkersburg ^<615>,-
"Wien 2.Bezirk, Leopoldstadt <902>",Südoststeiermark <623>,10
"Wien 2.Bezirk, Leopoldstadt <902>",Voitsberg <616>,2
"Wien 2.Bezirk, Leopoldstadt <902>",Weiz <617>,2
"Wien 2.Bezirk, Leopoldstadt <902>",Innsbruck (Stadt) <701>,21
"Wien 2.Bezirk, Leopoldstadt <902>",Imst <702>,-
"Wien 2.Bezirk, Leopoldstadt <902>",Innsbruck Land <703>,14
"Wien 2.Bezirk, Leopoldstadt <902>",Kitzbühel <704>,4
"Wien 2.Bezirk, Leopoldstadt <902>",Kufstein <705>,2
"Wien 2.Bezirk, Leopoldstadt <902>",Landeck <706>,3
"Wien 2.Bezirk, Leopoldstadt <902>",Lienz <707>,5
"Wien 2.Bezirk, Leopoldstadt <902>",Reutte <708>,1
"Wien 2.Bezirk, Leopoldstadt <902>",Schwaz <709>,1
"Wien 2.Bezirk, Leopoldstadt <902>",Bludenz <801>,11
"Wien 2.Bezirk, Leopoldstadt <902>",Bregenz <802>,13
"Wien 2.Bezirk, Leopoldstadt <902>",Dornbirn <803>,6
"Wien 2.Bezirk, Leopoldstadt <902>",Feldkirch <804>,12
"Wien 2.Bezirk, Leopoldstadt <902>","Wien 1.Bezirk, Innere Stadt <901>",99
"Wien 2.Bezirk, Leopoldstadt <902>","Wien 2.Bezirk, Leopoldstadt <902>",2894
"Wien 2.Bezirk, Leopoldstadt <902>","Wien 3.Bezirk, Landstraße <903>",692
"Wien 2.Bezirk, Leopoldstadt <902>","Wien 4.Bezirk, Wieden <904>",226
"Wien 2.Bezirk, Leopoldstadt <902>","Wien 5.Bezirk, Margareten <905>",250
"Wien 2.Bezirk, Leopoldstadt <902>","Wien 6.Bezirk, Mariahilf <906>",175
"Wien 2.Bezirk, Leopoldstadt <902>","Wien 7.Bezirk, Neubau <907>",145
"Wien 2.Bezirk, Leopoldstadt <902>","Wien 8.Bezirk, Josefstadt <908>",160
"Wien 2.Bezirk, Leopoldstadt <902>","Wien 9.Bezirk, Alsergrund <909>",272
"Wien 2.Bezirk, Leopoldstadt <902>","Wien 10.Bezirk, Favoriten <910>",704
"Wien 2.Bezirk, Leopoldstadt <902>","Wien 11.Bezirk, Simmering <911>",278
"Wien 2.Bezirk, Leopoldstadt <902>","Wien 12.Bezirk, Meidling <912>",304
"Wien 2.Bezirk, Leopoldstadt <902>","Wien 13.Bezirk, Hietzing <913>",114
"Wien 2.Bezirk, Leopoldstadt <902>","Wien 14.Bezirk, Penzing <914>",277
"Wien 2.Bezirk, Leopoldstadt <902>","Wien 15.Bezirk, Rudolfsheim-Fünfhaus <915>",258
"Wien 2.Bezirk, Leopoldstadt <902>","Wien 16.Bezirk, Ottakring <916>",297
"Wien 2.Bezirk, Leopoldstadt <902>","Wien 17.Bezirk, Hernals <917>",153
"Wien 2.Bezirk, Leopoldstadt <902>","Wien 18.Bezirk, Währing <918>",164
"Wien 2.Bezirk, Leopoldstadt <902>","Wien 19.Bezirk, Döbling <919>",259
"Wien 2.Bezirk, Leopoldstadt <902>","Wien 20.Bezirk, Brigittenau <920>",882
"Wien 2.Bezirk, Leopoldstadt <902>","Wien 21.Bezirk, Floridsdorf <921>",580
"Wien 2.Bezirk, Leopoldstadt <902>","Wien 22.Bezirk, Donaustadt <922>",1261
"Wien 2.Bezirk, Leopoldstadt <902>","Wien 23.Bezirk, Liesing <923>",156
"Wien 3.Bezirk, Landstraße <903>",Graz (Stadt) <601>,73
"Wien 3.Bezirk, Landstraße <903>",Bruck an der Mur ^<602>,-
"Wien 3.Bezirk, Landstraße <903>",Bruck-Mürzzuschlag <621>,15
"Wien 3.Bezirk, Landstraße <903>",Deutschlandsberg <603>,1
"Wien 3.Bezirk, Landstraße <903>",Feldbach ^<604>,-
"Wien 3.Bezirk, Landstraße <903>",Fürstenfeld ^<605>,-
"Wien 3.Bezirk, Landstraße <903>",Graz Umgebung <606>,13
"Wien 3.Bezirk, Landstraße <903>",Hartberg ^<607>,-
"Wien 3.Bezirk, Landstraße <903>",Hartberg-Fürstenfeld <622>,9
"Wien 3.Bezirk, Landstraße <903>",Judenburg ^<608>,-
"Wien 3.Bezirk, Landstraße <903>",Knittelfeld ^<609>,-
"Wien 3.Bezirk, Landstraße <903>",Leibnitz <610>,7
"Wien 3.Bezirk, Landstraße <903>",Leoben <611>,6
"Wien 3.Bezirk, Landstraße <903>",Liezen <612>,6
"Wien 3.Bezirk, Landstraße <903>",Murtal <620>,8
"Wien 3.Bezirk, Landstraße <903>",Mürzzuschlag ^<613>,-
"Wien 3.Bezirk, Landstraße <903>",Murau <614>,1
"Wien 3.Bezirk, Landstraße <903>",Radkersburg ^<615>,-
"Wien 3.Bezirk, Landstraße <903>",Südoststeiermark <623>,3
"Wien 3.Bezirk, Landstraße <903>",Voitsberg <616>,5
"Wien 3.Bezirk, Landstraße <903>",Weiz <617>,8
"Wien 3.Bezirk, Landstraße <903>",Innsbruck (Stadt) <701>,30
"Wien 3.Bezirk, Landstraße <903>",Imst <702>,6
"Wien 3.Bezirk, Landstraße <903>",Innsbruck Land <703>,12
"Wien 3.Bezirk, Landstraße <903>",Kitzbühel <704>,8
"Wien 3.Bezirk, Landstraße <903>",Kufstein <705>,15
"Wien 3.Bezirk, Landstraße <903>",Landeck <706>,1
"Wien 3.Bezirk, Landstraße <903>",Lienz <707>,-
"Wien 3.Bezirk, Landstraße <903>",Reutte <708>,-
"Wien 3.Bezirk, Landstraße <903>",Schwaz <709>,1
"Wien 3.Bezirk, Landstraße <903>",Bludenz <801>,6
"Wien 3.Bezirk, Landstraße <903>",Bregenz <802>,15
"Wien 3.Bezirk, Landstraße <903>",Dornbirn <803>,4
"Wien 3.Bezirk, Landstraße <903>",Feldkirch <804>,15
"Wien 3.Bezirk, Landstraße <903>","Wien 1.Bezirk, Innere Stadt <901>",115
"Wien 3.Bezirk, Landstraße <903>","Wien 2.Bezirk, Leopoldstadt <902>",726
"Wien 3.Bezirk, Landstraße <903>","Wien 3.Bezirk, Landstraße <903>",2469
"Wien 3.Bezirk, Landstraße <903>","Wien 4.Bezirk, Wieden <904>",316
"Wien 3.Bezirk, Landstraße <903>","Wien 5.Bezirk, Margareten <905>",259
"Wien 3.Bezirk, Landstraße <903>","Wien 6.Bezirk, Mariahilf <906>",226
"Wien 3.Bezirk, Landstraße <903>","Wien 7.Bezirk, Neubau <907>",163
"Wien 3.Bezirk, Landstraße <903>","Wien 8.Bezirk, Josefstadt <908>",112
"Wien 3.Bezirk, Landstraße <903>","Wien 9.Bezirk, Alsergrund <909>",234
"Wien 3.Bezirk, Landstraße <903>","Wien 10.Bezirk, Favoriten <910>",947
"Wien 3.Bezirk, Landstraße <903>","Wien 11.Bezirk, Simmering <911>",589
"Wien 3.Bezirk, Landstraße <903>","Wien 12.Bezirk, Meidling <912>",330
"Wien 3.Bezirk, Landstraße <903>","Wien 13.Bezirk, Hietzing <913>",150
"Wien 3.Bezirk, Landstraße <903>","Wien 14.Bezirk, Penzing <914>",222
"Wien 3.Bezirk, Landstraße <903>","Wien 15.Bezirk, Rudolfsheim-Fünfhaus <915>",356
"Wien 3.Bezirk, Landstraße <903>","Wien 16.Bezirk, Ottakring <916>",272
"Wien 3.Bezirk, Landstraße <903>","Wien 17.Bezirk, Hernals <917>",171
"Wien 3.Bezirk, Landstraße <903>","Wien 18.Bezirk, Währing <918>",138
"Wien 3.Bezirk, Landstraße <903>","Wien 19.Bezirk, Döbling <919>",224
"Wien 3.Bezirk, Landstraße <903>","Wien 20.Bezirk, Brigittenau <920>",311
"Wien 3.Bezirk, Landstraße <903>","Wien 21.Bezirk, Floridsdorf <921>",419
"Wien 3.Bezirk, Landstraße <903>","Wien 22.Bezirk, Donaustadt <922>",768
"Wien 3.Bezirk, Landstraße <903>","Wien 23.Bezirk, Liesing <923>",261
"Wien 4.Bezirk, Wieden <904>",Graz (Stadt) <601>,30
"Wien 4.Bezirk, Wieden <904>",Bruck an der Mur ^<602>,-
"Wien 4.Bezirk, Wieden <904>",Bruck-Mürzzuschlag <621>,6
"Wien 4.Bezirk, Wieden <904>",Deutschlandsberg <603>,1
"Wien 4.Bezirk, Wieden <904>",Feldbach ^<604>,-
"Wien 4.Bezirk, Wieden <904>",Fürstenfeld ^<605>,-
"Wien 4.Bezirk, Wieden <904>",Graz Umgebung <606>,2
"Wien 4.Bezirk, Wieden <904>",Hartberg ^<607>,-
"Wien 4.Bezirk, Wieden <904>",Hartberg-Fürstenfeld <622>,12
"Wien 4.Bezirk, Wieden <904>",Judenburg ^<608>,-
"Wien 4.Bezirk, Wieden <904>",Knittelfeld ^<609>,-
"Wien 4.Bezirk, Wieden <904>",Leibnitz <610>,2
"Wien 4.Bezirk, Wieden <904>",Leoben <611>,1
"Wien 4.Bezirk, Wieden <904>",Liezen <612>,3
"Wien 4.Bezirk, Wieden <904>",Murtal <620>,1
"Wien 4.Bezirk, Wieden <904>",Mürzzuschlag ^<613>,-
"Wien 4.Bezirk, Wieden <904>",Murau <614>,1
"Wien 4.Bezirk, Wieden <904>",Radkersburg ^<615>,-
"Wien 4.Bezirk, Wieden <904>",Südoststeiermark <623>,-
"Wien 4.Bezirk, Wieden <904>",Voitsberg <616>,-
"Wien 4.Bezirk, Wieden <904>",Weiz <617>,-
"Wien 4.Bezirk, Wieden <904>",Innsbruck (Stadt) <701>,7
"Wien 4.Bezirk, Wieden <904>",Imst <702>,-
"Wien 4.Bezirk, Wieden <904>",Innsbruck Land <703>,1
"Wien 4.Bezirk, Wieden <904>",Kitzbühel <704>,6
"Wien 4.Bezirk, Wieden <904>",Kufstein <705>,7
"Wien 4.Bezirk, Wieden <904>",Landeck <706>,3
"Wien 4.Bezirk, Wieden <904>",Lienz <707>,-
"Wien 4.Bezirk, Wieden <904>",Reutte <708>,-
"Wien 4.Bezirk, Wieden <904>",Schwaz <709>,-
"Wien 4.Bezirk, Wieden <904>",Bludenz <801>,1
"Wien 4.Bezirk, Wieden <904>",Bregenz <802>,6
"Wien 4.Bezirk, Wieden <904>",Dornbirn <803>,4
"Wien 4.Bezirk, Wieden <904>",Feldkirch <804>,4
"Wien 4.Bezirk, Wieden <904>","Wien 1.Bezirk, Innere Stadt <901>",37
"Wien 4.Bezirk, Wieden <904>","Wien 2.Bezirk, Leopoldstadt <902>",227
"Wien 4.Bezirk, Wieden <904>","Wien 3.Bezirk, Landstraße <903>",401
"Wien 4.Bezirk, Wieden <904>","Wien 4.Bezirk, Wieden <904>",468
"Wien 4.Bezirk, Wieden <904>","Wien 5.Bezirk, Margareten <905>",302
"Wien 4.Bezirk, Wieden <904>","Wien 6.Bezirk, Mariahilf <906>",123
"Wien 4.Bezirk, Wieden <904>","Wien 7.Bezirk, Neubau <907>",82
"Wien 4.Bezirk, Wieden <904>","Wien 8.Bezirk, Josefstadt <908>",105
"Wien 4.Bezirk, Wieden <904>","Wien 9.Bezirk, Alsergrund <909>",131
"Wien 4.Bezirk, Wieden <904>","Wien 10.Bezirk, Favoriten <910>",438
"Wien 4.Bezirk, Wieden <904>","Wien 11.Bezirk, Simmering <911>",123
"Wien 4.Bezirk, Wieden <904>","Wien 12.Bezirk, Meidling <912>",243
"Wien 4.Bezirk, Wieden <904>","Wien 13.Bezirk, Hietzing <913>",69
"Wien 4.Bezirk, Wieden <904>","Wien 14.Bezirk, Penzing <914>",124
"Wien 4.Bezirk, Wieden <904>","Wien 15.Bezirk, Rudolfsheim-Fünfhaus <915>",158
"Wien 4.Bezirk, Wieden <904>","Wien 16.Bezirk, Ottakring <916>",162
"Wien 4.Bezirk, Wieden <904>","Wien 17.Bezirk, Hernals <917>",81
"Wien 4.Bezirk, Wieden <904>","Wien 18.Bezirk, Währing <918>",48
"Wien 4.Bezirk, Wieden <904>","Wien 19.Bezirk, Döbling <919>",127
"Wien 4.Bezirk, Wieden <904>","Wien 20.Bezirk, Brigittenau <920>",117
"Wien 4.Bezirk, Wieden <904>","Wien 21.Bezirk, Floridsdorf <921>",179
"Wien 4.Bezirk, Wieden <904>","Wien 22.Bezirk, Donaustadt <922>",235
"Wien 4.Bezirk, Wieden <904>","Wien 23.Bezirk, Liesing <923>",112
"Wien 5.Bezirk, Margareten <905>",Graz (Stadt) <601>,39
"Wien 5.Bezirk, Margareten <905>",Bruck an der Mur ^<602>,-
"Wien 5.Bezirk, Margareten <905>",Bruck-Mürzzuschlag <621>,6
"Wien 5.Bezirk, Margareten <905>",Deutschlandsberg <603>,-
"Wien 5.Bezirk, Margareten <905>",Feldbach ^<604>,-
"Wien 5.Bezirk, Margareten <905>",Fürstenfeld ^<605>,-
"Wien 5.Bezirk, Margareten <905>",Graz Umgebung <606>,3
"Wien 5.Bezirk, Margareten <905>",Hartberg ^<607>,-
"Wien 5.Bezirk, Margareten <905>",Hartberg-Fürstenfeld <622>,4
"Wien 5.Bezirk, Margareten <905>",Judenburg ^<608>,-
"Wien 5.Bezirk, Margareten <905>",Knittelfeld ^<609>,-
"Wien 5.Bezirk, Margareten <905>",Leibnitz <610>,2
"Wien 5.Bezirk, Margareten <905>",Leoben <611>,4
"Wien 5.Bezirk, Margareten <905>",Liezen <612>,6
"Wien 5.Bezirk, Margareten <905>",Murtal <620>,2
"Wien 5.Bezirk, Margareten <905>",Mürzzuschlag ^<613>,-
"Wien 5.Bezirk, Margareten <905>",Murau <614>,-
"Wien 5.Bezirk, Margareten <905>",Radkersburg ^<615>,-
"Wien 5.Bezirk, Margareten <905>",Südoststeiermark <623>,3
"Wien 5.Bezirk, Margareten <905>",Voitsberg <616>,2
"Wien 5.Bezirk, Margareten <905>",Weiz <617>,2
"Wien 5.Bezirk, Margareten <905>",Innsbruck (Stadt) <701>,27
"Wien 5.Bezirk, Margareten <905>",Imst <702>,1
"Wien 5.Bezirk, Margareten <905>",Innsbruck Land <703>,14
"Wien 5.Bezirk, Margareten <905>",Kitzbühel <704>,2
"Wien 5.Bezirk, Margareten <905>",Kufstein <705>,9
"Wien 5.Bezirk, Margareten <905>",Landeck <706>,2
"Wien 5.Bezirk, Margareten <905>",Lienz <707>,1
"Wien 5.Bezirk, Margareten <905>",Reutte <708>,2
"Wien 5.Bezirk, Margareten <905>",Schwaz <709>,3
"Wien 5.Bezirk, Margareten <905>",Bludenz <801>,5
"Wien 5.Bezirk, Margareten <905>",Bregenz <802>,10
"Wien 5.Bezirk, Margareten <905>",Dornbirn <803>,11
"Wien 5.Bezirk, Margareten <905>",Feldkirch <804>,12
"Wien 5.Bezirk, Margareten <905>","Wien 1.Bezirk, Innere Stadt <901>",29
"Wien 5.Bezirk, Margareten <905>","Wien 2.Bezirk, Leopoldstadt <902>",334
"Wien 5.Bezirk, Margareten <905>","Wien 3.Bezirk, Landstraße <903>",339
"Wien 5.Bezirk, Margareten <905>","Wien 4.Bezirk, Wieden <904>",254
"Wien 5.Bezirk, Margareten <905>","Wien 5.Bezirk, Margareten <905>",751
"Wien 5.Bezirk, Margareten <905>","Wien 6.Bezirk, Mariahilf <906>",213
"Wien 5.Bezirk, Margareten <905>","Wien 7.Bezirk, Neubau <907>",130
"Wien 5.Bezirk, Margareten <905>","Wien 8.Bezirk, Josefstadt <908>",68
"Wien 5.Bezirk, Margareten <905>","Wien 9.Bezirk, Alsergrund <909>",139
"Wien 5.Bezirk, Margareten <905>","Wien 10.Bezirk, Favoriten <910>",833
"Wien 5.Bezirk, Margareten <905>","Wien 11.Bezirk, Simmering <911>",249
"Wien 5.Bezirk, Margareten <905>","Wien 12.Bezirk, Meidling <912>",463
"Wien 5.Bezirk, Margareten <905>","Wien 13.Bezirk, Hietzing <913>",143
"Wien 5.Bezirk, Margareten <905>","Wien 14.Bezirk, Penzing <914>",248
"Wien 5.Bezirk, Margareten <905>","Wien 15.Bezirk, Rudolfsheim-Fünfhaus <915>",329
"Wien 5.Bezirk, Margareten <905>","Wien 16.Bezirk, Ottakring <916>",256
"Wien 5.Bezirk, Margareten <905>","Wien 17.Bezirk, Hernals <917>",160
"Wien 5.Bezirk, Margareten <905>","Wien 18.Bezirk, Währing <918>",107
"Wien 5.Bezirk, Margareten <905>","Wien 19.Bezirk, Döbling <919>",119
"Wien 5.Bezirk, Margareten <905>","Wien 20.Bezirk, Brigittenau <920>",196
"Wien 5.Bezirk, Margareten <905>","Wien 21.Bezirk, Floridsdorf <921>",260
"Wien 5.Bezirk, Margareten <905>","Wien 22.Bezirk, Donaustadt <922>",356
"Wien 5.Bezirk, Margareten <905>","Wien 23.Bezirk, Liesing <923>",233
"Wien 6.Bezirk, Mariahilf <906>",Graz (Stadt) <601>,17
"Wien 6.Bezirk, Mariahilf <906>",Bruck an der Mur ^<602>,-
"Wien 6.Bezirk, Mariahilf <906>",Bruck-Mürzzuschlag <621>,1
"Wien 6.Bezirk, Mariahilf <906>",Deutschlandsberg <603>,1
"Wien 6.Bezirk, Mariahilf <906>",Feldbach ^<604>,-
"Wien 6.Bezirk, Mariahilf <906>",Fürstenfeld ^<605>,-
"Wien 6.Bezirk, Mariahilf <906>",Graz Umgebung <606>,3
"Wien 6.Bezirk, Mariahilf <906>",Hartberg ^<607>,-
"Wien 6.Bezirk, Mariahilf <906>",Hartberg-Fürstenfeld <622>,5
"Wien 6.Bezirk, Mariahilf <906>",Judenburg ^<608>,-
"Wien 6.Bezirk, Mariahilf <906>",Knittelfeld ^<609>,-
"Wien 6.Bezirk, Mariahilf <906>",Leibnitz <610>,1
"Wien 6.Bezirk, Mariahilf <906>",Leoben <611>,6
"Wien 6.Bezirk, Mariahilf <906>",Liezen <612>,3
"Wien 6.Bezirk, Mariahilf <906>",Murtal <620>,2
"Wien 6.Bezirk, Mariahilf <906>",Mürzzuschlag ^<613>,-
"Wien 6.Bezirk, Mariahilf <906>",Murau <614>,-
"Wien 6.Bezirk, Mariahilf <906>",Radkersburg ^<615>,-
"Wien 6.Bezirk, Mariahilf <906>",Südoststeiermark <623>,3
"Wien 6.Bezirk, Mariahilf <906>",Voitsberg <616>,-
"Wien 6.Bezirk, Mariahilf <906>",Weiz <617>,1
"Wien 6.Bezirk, Mariahilf <906>",Innsbruck (Stadt) <701>,13
"Wien 6.Bezirk, Mariahilf <906>",Imst <702>,1
"Wien 6.Bezirk, Mariahilf <906>",Innsbruck Land <703>,1
"Wien 6.Bezirk, Mariahilf <906>",Kitzbühel <704>,7
"Wien 6.Bezirk, Mariahilf <906>",Kufstein <705>,2
"Wien 6.Bezirk, Mariahilf <906>",Landeck <706>,-
"Wien 6.Bezirk, Mariahilf <906>",Lienz <707>,1
"Wien 6.Bezirk, Mariahilf <906>",Reutte <708>,1
"Wien 6.Bezirk, Mariahilf <906>",Schwaz <709>,2
"Wien 6.Bezirk, Mariahilf <906>",Bludenz <801>,3
"Wien 6.Bezirk, Mariahilf <906>",Bregenz <802>,9
"Wien 6.Bezirk, Mariahilf <906>",Dornbirn <803>,4
"Wien 6.Bezirk, Mariahilf <906>",Feldkirch <804>,13
"Wien 6.Bezirk, Mariahilf <906>","Wien 1.Bezirk, Innere Stadt <901>",32
"Wien 6.Bezirk, Mariahilf <906>","Wien 2.Bezirk, Leopoldstadt <902>",210
"Wien 6.Bezirk, Mariahilf <906>","Wien 3.Bezirk, Landstraße <903>",261
"Wien 6.Bezirk, Mariahilf <906>","Wien 4.Bezirk, Wieden <904>",111
"Wien 6.Bezirk, Mariahilf <906>","Wien 5.Bezirk, Margareten <905>",223
"Wien 6.Bezirk, Mariahilf <906>","Wien 6.Bezirk, Mariahilf <906>",332
"Wien 6.Bezirk, Mariahilf <906>","Wien 7.Bezirk, Neubau <907>",193
"Wien 6.Bezirk, Mariahilf <906>","Wien 8.Bezirk, Josefstadt <908>",121
"Wien 6.Bezirk, Mariahilf <906>","Wien 9.Bezirk, Alsergrund <909>",147
"Wien 6.Bezirk, Mariahilf <906>","Wien 10.Bezirk, Favoriten <910>",270
"Wien 6.Bezirk, Mariahilf <906>","Wien 11.Bezirk, Simmering <911>",73
"Wien 6.Bezirk, Mariahilf <906>","Wien 12.Bezirk, Meidling <912>",194
"Wien 6.Bezirk, Mariahilf <906>","Wien 13.Bezirk, Hietzing <913>",76
"Wien 6.Bezirk, Mariahilf <906>","Wien 14.Bezirk, Penzing <914>",157
"Wien 6.Bezirk, Mariahilf <906>","Wien 15.Bezirk, Rudolfsheim-Fünfhaus <915>",185
"Wien 6.Bezirk, Mariahilf <906>","Wien 16.Bezirk, Ottakring <916>",194
"Wien 6.Bezirk, Mariahilf <906>","Wien 17.Bezirk, Hernals <917>",96
"Wien 6.Bezirk, Mariahilf <906>","Wien 18.Bezirk, Währing <918>",80
"Wien 6.Bezirk, Mariahilf <906>","Wien 19.Bezirk, Döbling <919>",92
"Wien 6.Bezirk, Mariahilf <906>","Wien 20.Bezirk, Brigittenau <920>",96
"Wien 6.Bezirk, Mariahilf <906>","Wien 21.Bezirk, Floridsdorf <921>",128
"Wien 6.Bezirk, Mariahilf <906>","Wien 22.Bezirk, Donaustadt <922>",152
"Wien 6.Bezirk, Mariahilf <906>","Wien 23.Bezirk, Liesing <923>",84
"Wien 7.Bezirk, Neubau <907>",Graz (Stadt) <601>,26
"Wien 7.Bezirk, Neubau <907>",Bruck an der Mur ^<602>,-
"Wien 7.Bezirk, Neubau <907>",Bruck-Mürzzuschlag <621>,8
"Wien 7.Bezirk, Neubau <907>",Deutschlandsberg <603>,1
"Wien 7.Bezirk, Neubau <907>",Feldbach ^<604>,-
"Wien 7.Bezirk, Neubau <907>",Fürstenfeld ^<605>,-
"Wien 7.Bezirk, Neubau <907>",Graz Umgebung <606>,5
"Wien 7.Bezirk, Neubau <907>",Hartberg ^<607>,-
"Wien 7.Bezirk, Neubau <907>",Hartberg-Fürstenfeld <622>,3
"Wien 7.Bezirk, Neubau <907>",Judenburg ^<608>,-
"Wien 7.Bezirk, Neubau <907>",Knittelfeld ^<609>,-
"Wien 7.Bezirk, Neubau <907>",Leibnitz <610>,2
"Wien 7.Bezirk, Neubau <907>",Leoben <611>,4
"Wien 7.Bezirk, Neubau <907>",Liezen <612>,6
"Wien 7.Bezirk, Neubau <907>",Murtal <620>,-
"Wien 7.Bezirk, Neubau <907>",Mürzzuschlag ^<613>,-
"Wien 7.Bezirk, Neubau <907>",Murau <614>,2
"Wien 7.Bezirk, Neubau <907>",Radkersburg ^<615>,-
"Wien 7.Bezirk, Neubau <907>",Südoststeiermark <623>,2
"Wien 7.Bezirk, Neubau <907>",Voitsberg <616>,-
"Wien 7.Bezirk, Neubau <907>",Weiz <617>,5
"Wien 7.Bezirk, Neubau <907>",Innsbruck (Stadt) <701>,7
"Wien 7.Bezirk, Neubau <907>",Imst <702>,4
"Wien 7.Bezirk, Neubau <907>",Innsbruck Land <703>,3
"Wien 7.Bezirk, Neubau <907>",Kitzbühel <704>,5
"Wien 7.Bezirk, Neubau <907>",Kufstein <705>,7
"Wien 7.Bezirk, Neubau <907>",Landeck <706>,-
"Wien 7.Bezirk, Neubau <907>",Lienz <707>,1
"Wien 7.Bezirk, Neubau <907>",Reutte <708>,-
"Wien 7.Bezirk, Neubau <907>",Schwaz <709>,-
"Wien 7.Bezirk, Neubau <907>",Bludenz <801>,2
"Wien 7.Bezirk, Neubau <907>",Bregenz <802>,8
"Wien 7.Bezirk, Neubau <907>",Dornbirn <803>,6
"Wien 7.Bezirk, Neubau <907>",Feldkirch <804>,9
"Wien 7.Bezirk, Neubau <907>","Wien 1.Bezirk, Innere Stadt <901>",44
"Wien 7.Bezirk, Neubau <907>","Wien 2.Bezirk, Leopoldstadt <902>",139
"Wien 7.Bezirk, Neubau <907>","Wien 3.Bezirk, Landstraße <903>",171
"Wien 7.Bezirk, Neubau <907>","Wien 4.Bezirk, Wieden <904>",99
"Wien 7.Bezirk, Neubau <907>","Wien 5.Bezirk, Margareten <905>",132
"Wien 7.Bezirk, Neubau <907>","Wien 6.Bezirk, Mariahilf <906>",160
"Wien 7.Bezirk, Neubau <907>","Wien 7.Bezirk, Neubau <907>",397
"Wien 7.Bezirk, Neubau <907>","Wien 8.Bezirk, Josefstadt <908>",117
"Wien 7.Bezirk, Neubau <907>","Wien 9.Bezirk, Alsergrund <909>",144
"Wien 7.Bezirk, Neubau <907>","Wien 10.Bezirk, Favoriten <910>",158
"Wien 7.Bezirk, Neubau <907>","Wien 11.Bezirk, Simmering <911>",62
"Wien 7.Bezirk, Neubau <907>","Wien 12.Bezirk, Meidling <912>",152
"Wien 7.Bezirk, Neubau <907>","Wien 13.Bezirk, Hietzing <913>",94
"Wien 7.Bezirk, Neubau <907>","Wien 14.Bezirk, Penzing <914>",151
"Wien 7.Bezirk, Neubau <907>","Wien 15.Bezirk, Rudolfsheim-Fünfhaus <915>",234
"Wien 7.Bezirk, Neubau <907>","Wien 16.Bezirk, Ottakring <916>",234
"Wien 7.Bezirk, Neubau <907>","Wien 17.Bezirk, Hernals <917>",109
"Wien 7.Bezirk, Neubau <907>","Wien 18.Bezirk, Währing <918>",82
"Wien 7.Bezirk, Neubau <907>","Wien 19.Bezirk, Döbling <919>",88
"Wien 7.Bezirk, Neubau <907>","Wien 20.Bezirk, Brigittenau <920>",115
"Wien 7.Bezirk, Neubau <907>","Wien 21.Bezirk, Floridsdorf <921>",84
"Wien 7.Bezirk, Neubau <907>","Wien 22.Bezirk, Donaustadt <922>",99
"Wien 7.Bezirk, Neubau <907>","Wien 23.Bezirk, Liesing <923>",49
"Wien 8.Bezirk, Josefstadt <908>",Graz (Stadt) <601>,34
"Wien 8.Bezirk, Josefstadt <908>",Bruck an der Mur ^<602>,-
"Wien 8.Bezirk, Josefstadt <908>",Bruck-Mürzzuschlag <621>,3
"Wien 8.Bezirk, Josefstadt <908>",Deutschlandsberg <603>,-
"Wien 8.Bezirk, Josefstadt <908>",Feldbach ^<604>,-
"Wien 8.Bezirk, Josefstadt <908>",Fürstenfeld ^<605>,-
"Wien 8.Bezirk, Josefstadt <908>",Graz Umgebung <606>,3
"Wien 8.Bezirk, Josefstadt <908>",Hartberg ^<607>,-
"Wien 8.Bezirk, Josefstadt <908>",Hartberg-Fürstenfeld <622>,5
"Wien 8.Bezirk, Josefstadt <908>",Judenburg ^<608>,-
"Wien 8.Bezirk, Josefstadt <908>",Knittelfeld ^<609>,-
"Wien 8.Bezirk, Josefstadt <908>",Leibnitz <610>,2
"Wien 8.Bezirk, Josefstadt <908>",Leoben <611>,87
"Wien 8.Bezirk, Josefstadt <908>",Liezen <612>,3
"Wien 8.Bezirk, Josefstadt <908>",Murtal <620>,-
"Wien 8.Bezirk, Josefstadt <908>",Mürzzuschlag ^<613>,-
"Wien 8.Bezirk, Josefstadt <908>",Murau <614>,-
"Wien 8.Bezirk, Josefstadt <908>",Radkersburg ^<615>,-
"Wien 8.Bezirk, Josefstadt <908>",Südoststeiermark <623>,1
"Wien 8.Bezirk, Josefstadt <908>",Voitsberg <616>,1
"Wien 8.Bezirk, Josefstadt <908>",Weiz <617>,2
"Wien 8.Bezirk, Josefstadt <908>",Innsbruck (Stadt) <701>,20
"Wien 8.Bezirk, Josefstadt <908>",Imst <702>,-
"Wien 8.Bezirk, Josefstadt <908>",Innsbruck Land <703>,5
"Wien 8.Bezirk, Josefstadt <908>",Kitzbühel <704>,2
"Wien 8.Bezirk, Josefstadt <908>",Kufstein <705>,1
"Wien 8.Bezirk, Josefstadt <908>",Landeck <706>,-
"Wien 8.Bezirk, Josefstadt <908>",Lienz <707>,1
"Wien 8.Bezirk, Josefstadt <908>",Reutte <708>,1
"Wien 8.Bezirk, Josefstadt <908>",Schwaz <709>,1
"Wien 8.Bezirk, Josefstadt <908>",Bludenz <801>,3
"Wien 8.Bezirk, Josefstadt <908>",Bregenz <802>,1
"Wien 8.Bezirk, Josefstadt <908>",Dornbirn <803>,9
"Wien 8.Bezirk, Josefstadt <908>",Feldkirch <804>,5
"Wien 8.Bezirk, Josefstadt <908>","Wien 1.Bezirk, Innere Stadt <901>",35
"Wien 8.Bezirk, Josefstadt <908>","Wien 2.Bezirk, Leopoldstadt <902>",169
"Wien 8.Bezirk, Josefstadt <908>","Wien 3.Bezirk, Landstraße <903>",135
"Wien 8.Bezirk, Josefstadt <908>","Wien 4.Bezirk, Wieden <904>",79
"Wien 8.Bezirk, Josefstadt <908>","Wien 5.Bezirk, Margareten <905>",103
"Wien 8.Bezirk, Josefstadt <908>","Wien 6.Bezirk, Mariahilf <906>",102
"Wien 8.Bezirk, Josefstadt <908>","Wien 7.Bezirk, Neubau <907>",139
"Wien 8.Bezirk, Josefstadt <908>","Wien 8.Bezirk, Josefstadt <908>",456
"Wien 8.Bezirk, Josefstadt <908>","Wien 9.Bezirk, Alsergrund <909>",292
"Wien 8.Bezirk, Josefstadt <908>","Wien 10.Bezirk, Favoriten <910>",128
"Wien 8.Bezirk, Josefstadt <908>","Wien 11.Bezirk, Simmering <911>",83
"Wien 8.Bezirk, Josefstadt <908>","Wien 12.Bezirk, Meidling <912>",80
"Wien 8.Bezirk, Josefstadt <908>","Wien 13.Bezirk, Hietzing <913>",43
"Wien 8.Bezirk, Josefstadt <908>","Wien 14.Bezirk, Penzing <914>",89
"Wien 8.Bezirk, Josefstadt <908>","Wien 15.Bezirk, Rudolfsheim-Fünfhaus <915>",113
"Wien 8.Bezirk, Josefstadt <908>","Wien 16.Bezirk, Ottakring <916>",190
"Wien 8.Bezirk, Josefstadt <908>","Wien 17.Bezirk, Hernals <917>",114
"Wien 8.Bezirk, Josefstadt <908>","Wien 18.Bezirk, Währing <918>",75
"Wien 8.Bezirk, Josefstadt <908>","Wien 19.Bezirk, Döbling <919>",73
"Wien 8.Bezirk, Josefstadt <908>","Wien 20.Bezirk, Brigittenau <920>",77
"Wien 8.Bezirk, Josefstadt <908>","Wien 21.Bezirk, Floridsdorf <921>",77
"Wien 8.Bezirk, Josefstadt <908>","Wien 22.Bezirk, Donaustadt <922>",110
"Wien 8.Bezirk, Josefstadt <908>","Wien 23.Bezirk, Liesing <923>",55
"Wien 9.Bezirk, Alsergrund <909>",Graz (Stadt) <601>,58
"Wien 9.Bezirk, Alsergrund <909>",Bruck an der Mur ^<602>,-
"Wien 9.Bezirk, Alsergrund <909>",Bruck-Mürzzuschlag <621>,5
"Wien 9.Bezirk, Alsergrund <909>",Deutschlandsberg <603>,1
"Wien 9.Bezirk, Alsergrund <909>",Feldbach ^<604>,-
"Wien 9.Bezirk, Alsergrund <909>",Fürstenfeld ^<605>,-
"Wien 9.Bezirk, Alsergrund <909>",Graz Umgebung <606>,8
"Wien 9.Bezirk, Alsergrund <909>",Hartberg ^<607>,-
"Wien 9.Bezirk, Alsergrund <909>",Hartberg-Fürstenfeld <622>,5
"Wien 9.Bezirk, Alsergrund <909>",Judenburg ^<608>,-
"Wien 9.Bezirk, Alsergrund <909>",Knittelfeld ^<609>,-
"Wien 9.Bezirk, Alsergrund <909>",Leibnitz <610>,1
"Wien 9.Bezirk, Alsergrund <909>",Leoben <611>,5
"Wien 9.Bezirk, Alsergrund <909>",Liezen <612>,2
"Wien 9.Bezirk, Alsergrund <909>",Murtal <620>,2
"Wien 9.Bezirk, Alsergrund <909>",Mürzzuschlag ^<613>,-
"Wien 9.Bezirk, Alsergrund <909>",Murau <614>,-
"Wien 9.Bezirk, Alsergrund <909>",Radkersburg ^<615>,-
"Wien 9.Bezirk, Alsergrund <909>",Südoststeiermark <623>,2
"Wien 9.Bezirk, Alsergrund <909>",Voitsberg <616>,-
"Wien 9.Bezirk, Alsergrund <909>",Weiz <617>,3
"Wien 9.Bezirk, Alsergrund <909>",Innsbruck (Stadt) <701>,16
"Wien 9.Bezirk, Alsergrund <909>",Imst <702>,-
"Wien 9.Bezirk, Alsergrund <909>",Innsbruck Land <703>,8
"Wien 9.Bezirk, Alsergrund <909>",Kitzbühel <704>,5
"Wien 9.Bezirk, Alsergrund <909>",Kufstein <705>,6
"Wien 9.Bezirk, Alsergrund <909>",Landeck <706>,1
"Wien 9.Bezirk, Alsergrund <909>",Lienz <707>,3
"Wien 9.Bezirk, Alsergrund <909>",Reutte <708>,-
"Wien 9.Bezirk, Alsergrund <909>",Schwaz <709>,3
"Wien 9.Bezirk, Alsergrund <909>",Bludenz <801>,4
"Wien 9.Bezirk, Alsergrund <909>",Bregenz <802>,6
"Wien 9.Bezirk, Alsergrund <909>",Dornbirn <803>,2
"Wien 9.Bezirk, Alsergrund <909>",Feldkirch <804>,6
"Wien 9.Bezirk, Alsergrund <909>","Wien 1.Bezirk, Innere Stadt <901>",72
"Wien 9.Bezirk, Alsergrund <909>","Wien 2.Bezirk, Leopoldstadt <902>",361
"Wien 9.Bezirk, Alsergrund <909>","Wien 3.Bezirk, Landstraße <903>",269
"Wien 9.Bezirk, Alsergrund <909>","Wien 4.Bezirk, Wieden <904>",124
"Wien 9.Bezirk, Alsergrund <909>","Wien 5.Bezirk, Margareten <905>",133
"Wien 9.Bezirk, Alsergrund <909>","Wien 6.Bezirk, Mariahilf <906>",140
"Wien 9.Bezirk, Alsergrund <909>","Wien 7.Bezirk, Neubau <907>",137
"Wien 9.Bezirk, Alsergrund <909>","Wien 8.Bezirk, Josefstadt <908>",205
"Wien 9.Bezirk, Alsergrund <909>","Wien 9.Bezirk, Alsergrund <909>",705
"Wien 9.Bezirk, Alsergrund <909>","Wien 10.Bezirk, Favoriten <910>",220
"Wien 9.Bezirk, Alsergrund <909>","Wien 11.Bezirk, Simmering <911>",71
"Wien 9.Bezirk, Alsergrund <909>","Wien 12.Bezirk, Meidling <912>",155
"Wien 9.Bezirk, Alsergrund <909>","Wien 13.Bezirk, Hietzing <913>",79
"Wien 9.Bezirk, Alsergrund <909>","Wien 14.Bezirk, Penzing <914>",123
"Wien 9.Bezirk, Alsergrund <909>","Wien 15.Bezirk, Rudolfsheim-Fünfhaus <915>",170
"Wien 9.Bezirk, Alsergrund <909>","Wien 16.Bezirk, Ottakring <916>",242
"Wien 9.Bezirk, Alsergrund <909>","Wien 17.Bezirk, Hernals <917>",214
"Wien 9.Bezirk, Alsergrund <909>","Wien 18.Bezirk, Währing <918>",263
"Wien 9.Bezirk, Alsergrund <909>","Wien 19.Bezirk, Döbling <919>",342
"Wien 9.Bezirk, Alsergrund <909>","Wien 20.Bezirk, Brigittenau <920>",292
"Wien 9.Bezirk, Alsergrund <909>","Wien 21.Bezirk, Floridsdorf <921>",239
"Wien 9.Bezirk, Alsergrund <909>","Wien 22.Bezirk, Donaustadt <922>",250
"Wien 9.Bezirk, Alsergrund <909>","Wien 23.Bezirk, Liesing <923>",60
"Wien 10.Bezirk, Favoriten <910>",Graz (Stadt) <601>,172
"Wien 10.Bezirk, Favoriten <910>",Bruck an der Mur ^<602>,-
"Wien 10.Bezirk, Favoriten <910>",Bruck-Mürzzuschlag <621>,26
"Wien 10.Bezirk, Favoriten <910>",Deutschlandsberg <603>,8
"Wien 10.Bezirk, Favoriten <910>",Feldbach ^<604>,-
"Wien 10.Bezirk, Favoriten <910>",Fürstenfeld ^<605>,-
"Wien 10.Bezirk, Favoriten <910>",Graz Umgebung <606>,15
"Wien 10.Bezirk, Favoriten <910>",Hartberg ^<607>,-
"Wien 10.Bezirk, Favoriten <910>",Hartberg-Fürstenfeld <622>,23
"Wien 10.Bezirk, Favoriten <910>",Judenburg ^<608>,-
"Wien 10.Bezirk, Favoriten <910>",Knittelfeld ^<609>,-
"Wien 10.Bezirk, Favoriten <910>",Leibnitz <610>,14
"Wien 10.Bezirk, Favoriten <910>",Leoben <611>,26
"Wien 10.Bezirk, Favoriten <910>",Liezen <612>,20
"Wien 10.Bezirk, Favoriten <910>",Murtal <620>,15
"Wien 10.Bezirk, Favoriten <910>",Mürzzuschlag ^<613>,-
"Wien 10.Bezirk, Favoriten <910>",Murau <614>,2
"Wien 10.Bezirk, Favoriten <910>",Radkersburg ^<615>,-
"Wien 10.Bezirk, Favoriten <910>",Südoststeiermark <623>,11
"Wien 10.Bezirk, Favoriten <910>",Voitsberg <616>,5
"Wien 10.Bezirk, Favoriten <910>",Weiz <617>,5
"Wien 10.Bezirk, Favoriten <910>",Innsbruck (Stadt) <701>,48
"Wien 10.Bezirk, Favoriten <910>",Imst <702>,17
"Wien 10.Bezirk, Favoriten <910>",Innsbruck Land <703>,20
"Wien 10.Bezirk, Favoriten <910>",Kitzbühel <704>,5
"Wien 10.Bezirk, Favoriten <910>",Kufstein <705>,36
"Wien 10.Bezirk, Favoriten <910>",Landeck <706>,8
"Wien 10.Bezirk, Favoriten <910>",Lienz <707>,6
"Wien 10.Bezirk, Favoriten <910>",Reutte <708>,12
"Wien 10.Bezirk, Favoriten <910>",Schwaz <709>,9
"Wien 10.Bezirk, Favoriten <910>",Bludenz <801>,12
"Wien 10.Bezirk, Favoriten <910>",Bregenz <802>,35
"Wien 10.Bezirk, Favoriten <910>",Dornbirn <803>,24
"Wien 10.Bezirk, Favoriten <910>",Feldkirch <804>,46
"Wien 10.Bezirk, Favoriten <910>","Wien 1.Bezirk, Innere Stadt <901>",53
"Wien 10.Bezirk, Favoriten <910>","Wien 2.Bezirk, Leopoldstadt <902>",723
"Wien 10.Bezirk, Favoriten <910>","Wien 3.Bezirk, Landstraße <903>",1010
"Wien 10.Bezirk, Favoriten <910>","Wien 4.Bezirk, Wieden <904>",468
"Wien 10.Bezirk, Favoriten <910>","Wien 5.Bezirk, Margareten <905>",606
"Wien 10.Bezirk, Favoriten <910>","Wien 6.Bezirk, Mariahilf <906>",256
"Wien 10.Bezirk, Favoriten <910>","Wien 7.Bezirk, Neubau <907>",166
"Wien 10.Bezirk, Favoriten <910>","Wien 8.Bezirk, Josefstadt <908>",142
"Wien 10.Bezirk, Favoriten <910>","Wien 9.Bezirk, Alsergrund <909>",218
"Wien 10.Bezirk, Favoriten <910>","Wien 10.Bezirk, Favoriten <910>",10159
"Wien 10.Bezirk, Favoriten <910>","Wien 11.Bezirk, Simmering <911>",1415
"Wien 10.Bezirk, Favoriten <910>","Wien 12.Bezirk, Meidling <912>",1136
"Wien 10.Bezirk, Favoriten <910>","Wien 13.Bezirk, Hietzing <913>",252
"Wien 10.Bezirk, Favoriten <910>","Wien 14.Bezirk, Penzing <914>",497
"Wien 10.Bezirk, Favoriten <910>","Wien 15.Bezirk, Rudolfsheim-Fünfhaus <915>",669
"Wien 10.Bezirk, Favoriten <910>","Wien 16.Bezirk, Ottakring <916>",673
"Wien 10.Bezirk, Favoriten <910>","Wien 17.Bezirk, Hernals <917>",337
"Wien 10.Bezirk, Favoriten <910>","Wien 18.Bezirk, Währing <918>",191
"Wien 10.Bezirk, Favoriten <910>","Wien 19.Bezirk, Döbling <919>",265
"Wien 10.Bezirk, Favoriten <910>","Wien 20.Bezirk, Brigittenau <920>",638
"Wien 10.Bezirk, Favoriten <910>","Wien 21.Bezirk, Floridsdorf <921>",1150
"Wien 10.Bezirk, Favoriten <910>","Wien 22.Bezirk, Donaustadt <922>",1859
"Wien 10.Bezirk, Favoriten <910>","Wien 23.Bezirk, Liesing <923>",1076
"Wien 11.Bezirk, Simmering <911>",Graz (Stadt) <601>,52
"Wien 11.Bezirk, Simmering <911>",Bruck an der Mur ^<602>,-
"Wien 11.Bezirk, Simmering <911>",Bruck-Mürzzuschlag <621>,5
"Wien 11.Bezirk, Simmering <911>",Deutschlandsberg <603>,8
"Wien 11.Bezirk, Simmering <911>",Feldbach ^<604>,-
"Wien 11.Bezirk, Simmering <911>",Fürstenfeld ^<605>,-
"Wien 11.Bezirk, Simmering <911>",Graz Umgebung <606>,5
"Wien 11.Bezirk, Simmering <911>",Hartberg ^<607>,-
"Wien 11.Bezirk, Simmering <911>",Hartberg-Fürstenfeld <622>,17
"Wien 11.Bezirk, Simmering <911>",Judenburg ^<608>,-
"Wien 11.Bezirk, Simmering <911>",Knittelfeld ^<609>,-
"Wien 11.Bezirk, Simmering <911>",Leibnitz <610>,7
"Wien 11.Bezirk, Simmering <911>",Leoben <611>,11
"Wien 11.Bezirk, Simmering <911>",Liezen <612>,7
"Wien 11.Bezirk, Simmering <911>",Murtal <620>,16
"Wien 11.Bezirk, Simmering <911>",Mürzzuschlag ^<613>,-
"Wien 11.Bezirk, Simmering <911>",Murau <614>,4
"Wien 11.Bezirk, Simmering <911>",Radkersburg ^<615>,-
"Wien 11.Bezirk, Simmering <911>",Südoststeiermark <623>,2
"Wien 11.Bezirk, Simmering <911>",Voitsberg <616>,2
"Wien 11.Bezirk, Simmering <911>",Weiz <617>,2
"Wien 11.Bezirk, Simmering <911>",Innsbruck (Stadt) <701>,18
"Wien 11.Bezirk, Simmering <911>",Imst <702>,3
"Wien 11.Bezirk, Simmering <911>",Innsbruck Land <703>,9
"Wien 11.Bezirk, Simmering <911>",Kitzbühel <704>,4
"Wien 11.Bezirk, Simmering <911>",Kufstein <705>,6
"Wien 11.Bezirk, Simmering <911>",Landeck <706>,1
"Wien 11.Bezirk, Simmering <911>",Lienz <707>,-
"Wien 11.Bezirk, Simmering <911>",Reutte <708>,2
"Wien 11.Bezirk, Simmering <911>",Schwaz <709>,-
"Wien 11.Bezirk, Simmering <911>",Bludenz <801>,3
"Wien 11.Bezirk, Simmering <911>",Bregenz <802>,3
"Wien 11.Bezirk, Simmering <911>",Dornbirn <803>,17
"Wien 11.Bezirk, Simmering <911>",Feldkirch <804>,8
"Wien 11.Bezirk, Simmering <911>","Wien 1.Bezirk, Innere Stadt <901>",25
"Wien 11.Bezirk, Simmering <911>","Wien 2.Bezirk, Leopoldstadt <902>",317
"Wien 11.Bezirk, Simmering <911>","Wien 3.Bezirk, Landstraße <903>",582
"Wien 11.Bezirk, Simmering <911>","Wien 4.Bezirk, Wieden <904>",108
"Wien 11.Bezirk, Simmering <911>","Wien 5.Bezirk, Margareten <905>",140
"Wien 11.Bezirk, Simmering <911>","Wien 6.Bezirk, Mariahilf <906>",95
"Wien 11.Bezirk, Simmering <911>","Wien 7.Bezirk, Neubau <907>",44
"Wien 11.Bezirk, Simmering <911>","Wien 8.Bezirk, Josefstadt <908>",48
"Wien 11.Bezirk, Simmering <911>","Wien 9.Bezirk, Alsergrund <909>",87
"Wien 11.Bezirk, Simmering <911>","Wien 10.Bezirk, Favoriten <910>",1299
"Wien 11.Bezirk, Simmering <911>","Wien 11.Bezirk, Simmering <911>",2941
"Wien 11.Bezirk, Simmering <911>","Wien 12.Bezirk, Meidling <912>",284
"Wien 11.Bezirk, Simmering <911>","Wien 13.Bezirk, Hietzing <913>",95
"Wien 11.Bezirk, Simmering <911>","Wien 14.Bezirk, Penzing <914>",188
"Wien 11.Bezirk, Simmering <911>","Wien 15.Bezirk, Rudolfsheim-Fünfhaus <915>",209
"Wien 11.Bezirk, Simmering <911>","Wien 16.Bezirk, Ottakring <916>",246
"Wien 11.Bezirk, Simmering <911>","Wien 17.Bezirk, Hernals <917>",90
"Wien 11.Bezirk, Simmering <911>","Wien 18.Bezirk, Währing <918>",65
"Wien 11.Bezirk, Simmering <911>","Wien 19.Bezirk, Döbling <919>",110
"Wien 11.Bezirk, Simmering <911>","Wien 20.Bezirk, Brigittenau <920>",220
"Wien 11.Bezirk, Simmering <911>","Wien 21.Bezirk, Floridsdorf <921>",497
"Wien 11.Bezirk, Simmering <911>","Wien 22.Bezirk, Donaustadt <922>",790
"Wien 11.Bezirk, Simmering <911>","Wien 23.Bezirk, Liesing <923>",270
"Wien 12.Bezirk, Meidling <912>",Graz (Stadt) <601>,52
"Wien 12.Bezirk, Meidling <912>",Bruck an der Mur ^<602>,-
"Wien 12.Bezirk, Meidling <912>",Bruck-Mürzzuschlag <621>,11
"Wien 12.Bezirk, Meidling <912>",Deutschlandsberg <603>,1
"Wien 12.Bezirk, Meidling <912>",Feldbach ^<604>,-
"Wien 12.Bezirk, Meidling <912>",Fürstenfeld ^<605>,-
"Wien 12.Bezirk, Meidling <912>",Graz Umgebung <606>,14
"Wien 12.Bezirk, Meidling <912>",Hartberg ^<607>,-
"Wien 12.Bezirk, Meidling <912>",Hartberg-Fürstenfeld <622>,7
"Wien 12.Bezirk, Meidling <912>",Judenburg ^<608>,-
"Wien 12.Bezirk, Meidling <912>",Knittelfeld ^<609>,-
"Wien 12.Bezirk, Meidling <912>",Leibnitz <610>,5
"Wien 12.Bezirk, Meidling <912>",Leoben <611>,11
"Wien 12.Bezirk, Meidling <912>",Liezen <612>,8
"Wien 12.Bezirk, Meidling <912>",Murtal <620>,10
"Wien 12.Bezirk, Meidling <912>",Mürzzuschlag ^<613>,-
"Wien 12.Bezirk, Meidling <912>",Murau <614>,-
"Wien 12.Bezirk, Meidling <912>",Radkersburg ^<615>,-
"Wien 12.Bezirk, Meidling <912>",Südoststeiermark <623>,2
"Wien 12.Bezirk, Meidling <912>",Voitsberg <616>,3
"Wien 12.Bezirk, Meidling <912>",Weiz <617>,3
"Wien 12.Bezirk, Meidling <912>",Innsbruck (Stadt) <701>,34
"Wien 12.Bezirk, Meidling <912>",Imst <702>,2
"Wien 12.Bezirk, Meidling <912>",Innsbruck Land <703>,12
"Wien 12.Bezirk, Meidling <912>",Kitzbühel <704>,4
"Wien 12.Bezirk, Meidling <912>",Kufstein <705>,11
"Wien 12.Bezirk, Meidling <912>",Landeck <706>,1
"Wien 12.Bezirk, Meidling <912>",Lienz <707>,9
"Wien 12.Bezirk, Meidling <912>",Reutte <708>,2
"Wien 12.Bezirk, Meidling <912>",Schwaz <709>,8
"Wien 12.Bezirk, Meidling <912>",Bludenz <801>,8
"Wien 12.Bezirk, Meidling <912>",Bregenz <802>,15
"Wien 12.Bezirk, Meidling <912>",Dornbirn <803>,24
"Wien 12.Bezirk, Meidling <912>",Feldkirch <804>,22
"Wien 12.Bezirk, Meidling <912>","Wien 1.Bezirk, Innere Stadt <901>",23
"Wien 12.Bezirk, Meidling <912>","Wien 2.Bezirk, Leopoldstadt <902>",322
"Wien 12.Bezirk, Meidling <912>","Wien 3.Bezirk, Landstraße <903>",333
"Wien 12.Bezirk, Meidling <912>","Wien 4.Bezirk, Wieden <904>",215
"Wien 12.Bezirk, Meidling <912>","Wien 5.Bezirk, Margareten <905>",350
"Wien 12.Bezirk, Meidling <912>","Wien 6.Bezirk, Mariahilf <906>",181
"Wien 12.Bezirk, Meidling <912>","Wien 7.Bezirk, Neubau <907>",121
"Wien 12.Bezirk, Meidling <912>","Wien 8.Bezirk, Josefstadt <908>",80
"Wien 12.Bezirk, Meidling <912>","Wien 9.Bezirk, Alsergrund <909>",130
"Wien 12.Bezirk, Meidling <912>","Wien 10.Bezirk, Favoriten <910>",1244
"Wien 12.Bezirk, Meidling <912>","Wien 11.Bezirk, Simmering <911>",336
"Wien 12.Bezirk, Meidling <912>","Wien 12.Bezirk, Meidling <912>",2176
"Wien 12.Bezirk, Meidling <912>","Wien 13.Bezirk, Hietzing <913>",382
"Wien 12.Bezirk, Meidling <912>","Wien 14.Bezirk, Penzing <914>",399
"Wien 12.Bezirk, Meidling <912>","Wien 15.Bezirk, Rudolfsheim-Fünfhaus <915>",502
"Wien 12.Bezirk, Meidling <912>","Wien 16.Bezirk, Ottakring <916>",415
"Wien 12.Bezirk, Meidling <912>","Wien 17.Bezirk, Hernals <917>",232
"Wien 12.Bezirk, Meidling <912>","Wien 18.Bezirk, Währing <918>",120
"Wien 12.Bezirk, Meidling <912>","Wien 19.Bezirk, Döbling <919>",173
"Wien 12.Bezirk, Meidling <912>","Wien 20.Bezirk, Brigittenau <920>",271
"Wien 12.Bezirk, Meidling <912>","Wien 21.Bezirk, Floridsdorf <921>",534
"Wien 12.Bezirk, Meidling <912>","Wien 22.Bezirk, Donaustadt <922>",552
"Wien 12.Bezirk, Meidling <912>","Wien 23.Bezirk, Liesing <923>",940
"Wien 13.Bezirk, Hietzing <913>",Graz (Stadt) <601>,25
"Wien 13.Bezirk, Hietzing <913>",Bruck an der Mur ^<602>,-
"Wien 13.Bezirk, Hietzing <913>",Bruck-Mürzzuschlag <621>,13
"Wien 13.Bezirk, Hietzing <913>",Deutschlandsberg <603>,1
"Wien 13.Bezirk, Hietzing <913>",Feldbach ^<604>,-
"Wien 13.Bezirk, Hietzing <913>",Fürstenfeld ^<605>,-
"Wien 13.Bezirk, Hietzing <913>",Graz Umgebung <606>,6
"Wien 13.Bezirk, Hietzing <913>",Hartberg ^<607>,-
"Wien 13.Bezirk, Hietzing <913>",Hartberg-Fürstenfeld <622>,2
"Wien 13.Bezirk, Hietzing <913>",Judenburg ^<608>,-
"Wien 13.Bezirk, Hietzing <913>",Knittelfeld ^<609>,-
"Wien 13.Bezirk, Hietzing <913>",Leibnitz <610>,11
"Wien 13.Bezirk, Hietzing <913>",Leoben <611>,2
"Wien 13.Bezirk, Hietzing <913>",Liezen <612>,7
"Wien 13.Bezirk, Hietzing <913>",Murtal <620>,-
"Wien 13.Bezirk, Hietzing <913>",Mürzzuschlag ^<613>,-
"Wien 13.Bezirk, Hietzing <913>",Murau <614>,4
"Wien 13.Bezirk, Hietzing <913>",Radkersburg ^<615>,-
"Wien 13.Bezirk, Hietzing <913>",Südoststeiermark <623>,2
"Wien 13.Bezirk, Hietzing <913>",Voitsberg <616>,-
"Wien 13.Bezirk, Hietzing <913>",Weiz <617>,-
"Wien 13.Bezirk, Hietzing <913>",Innsbruck (Stadt) <701>,6
"Wien 13.Bezirk, Hietzing <913>",Imst <702>,-
"Wien 13.Bezirk, Hietzing <913>",Innsbruck Land <703>,3
"Wien 13.Bezirk, Hietzing <913>",Kitzbühel <704>,4
"Wien 13.Bezirk, Hietzing <913>",Kufstein <705>,4
"Wien 13.Bezirk, Hietzing <913>",Landeck <706>,5
"Wien 13.Bezirk, Hietzing <913>",Lienz <707>,2
"Wien 13.Bezirk, Hietzing <913>",Reutte <708>,2
"Wien 13.Bezirk, Hietzing <913>",Schwaz <709>,-
"Wien 13.Bezirk, Hietzing <913>",Bludenz <801>,-
"Wien 13.Bezirk, Hietzing <913>",Bregenz <802>,3
"Wien 13.Bezirk, Hietzing <913>",Dornbirn <803>,12
"Wien 13.Bezirk, Hietzing <913>",Feldkirch <804>,6
"Wien 13.Bezirk, Hietzing <913>","Wien 1.Bezirk, Innere Stadt <901>",23
"Wien 13.Bezirk, Hietzing <913>","Wien 2.Bezirk, Leopoldstadt <902>",102
"Wien 13.Bezirk, Hietzing <913>","Wien 3.Bezirk, Landstraße <903>",136
"Wien 13.Bezirk, Hietzing <913>","Wien 4.Bezirk, Wieden <904>",67
"Wien 13.Bezirk, Hietzing <913>","Wien 5.Bezirk, Margareten <905>",76
"Wien 13.Bezirk, Hietzing <913>","Wien 6.Bezirk, Mariahilf <906>",72
"Wien 13.Bezirk, Hietzing <913>","Wien 7.Bezirk, Neubau <907>",53
"Wien 13.Bezirk, Hietzing <913>","Wien 8.Bezirk, Josefstadt <908>",44
"Wien 13.Bezirk, Hietzing <913>","Wien 9.Bezirk, Alsergrund <909>",62
"Wien 13.Bezirk, Hietzing <913>","Wien 10.Bezirk, Favoriten <910>",226
"Wien 13.Bezirk, Hietzing <913>","Wien 11.Bezirk, Simmering <911>",86
"Wien 13.Bezirk, Hietzing <913>","Wien 12.Bezirk, Meidling <912>",255
"Wien 13.Bezirk, Hietzing <913>","Wien 13.Bezirk, Hietzing <913>",1121
"Wien 13.Bezirk, Hietzing <913>","Wien 14.Bezirk, Penzing <914>",385
"Wien 13.Bezirk, Hietzing <913>","Wien 15.Bezirk, Rudolfsheim-Fünfhaus <915>",120
"Wien 13.Bezirk, Hietzing <913>","Wien 16.Bezirk, Ottakring <916>",122
"Wien 13.Bezirk, Hietzing <913>","Wien 17.Bezirk, Hernals <917>",44
"Wien 13.Bezirk, Hietzing <913>","Wien 18.Bezirk, Währing <918>",59
"Wien 13.Bezirk, Hietzing <913>","Wien 19.Bezirk, Döbling <919>",102
"Wien 13.Bezirk, Hietzing <913>","Wien 20.Bezirk, Brigittenau <920>",61
"Wien 13.Bezirk, Hietzing <913>","Wien 21.Bezirk, Floridsdorf <921>",125
"Wien 13.Bezirk, Hietzing <913>","Wien 22.Bezirk, Donaustadt <922>",169
"Wien 13.Bezirk, Hietzing <913>","Wien 23.Bezirk, Liesing <923>",315
"Wien 14.Bezirk, Penzing <914>",Graz (Stadt) <601>,50
"Wien 14.Bezirk, Penzing <914>",Bruck an der Mur ^<602>,-
"Wien 14.Bezirk, Penzing <914>",Bruck-Mürzzuschlag <621>,13
"Wien 14.Bezirk, Penzing <914>",Deutschlandsberg <603>,-
"Wien 14.Bezirk, Penzing <914>",Feldbach ^<604>,-
"Wien 14.Bezirk, Penzing <914>",Fürstenfeld ^<605>,-
"Wien 14.Bezirk, Penzing <914>",Graz Umgebung <606>,7
"Wien 14.Bezirk, Penzing <914>",Hartberg ^<607>,-
"Wien 14.Bezirk, Penzing <914>",Hartberg-Fürstenfeld <622>,13
"Wien 14.Bezirk, Penzing <914>",Judenburg ^<608>,-
"Wien 14.Bezirk, Penzing <914>",Knittelfeld ^<609>,-
"Wien 14.Bezirk, Penzing <914>",Leibnitz <610>,2
"Wien 14.Bezirk, Penzing <914>",Leoben <611>,9
"Wien 14.Bezirk, Penzing <914>",Liezen <612>,12
"Wien 14.Bezirk, Penzing <914>",Murtal <620>,7
"Wien 14.Bezirk, Penzing <914>",Mürzzuschlag ^<613>,-
"Wien 14.Bezirk, Penzing <914>",Murau <614>,2
"Wien 14.Bezirk, Penzing <914>",Radkersburg ^<615>,-
"Wien 14.Bezirk, Penzing <914>",Südoststeiermark <623>,1
"Wien 14.Bezirk, Penzing <914>",Voitsberg <616>,-
"Wien 14.Bezirk, Penzing <914>",Weiz <617>,1
"Wien 14.Bezirk, Penzing <914>",Innsbruck (Stadt) <701>,29
"Wien 14.Bezirk, Penzing <914>",Imst <702>,-
"Wien 14.Bezirk, Penzing <914>",Innsbruck Land <703>,9
"Wien 14.Bezirk, Penzing <914>",Kitzbühel <704>,3
"Wien 14.Bezirk, Penzing <914>",Kufstein <705>,10
"Wien 14.Bezirk, Penzing <914>",Landeck <706>,-
"Wien 14.Bezirk, Penzing <914>",Lienz <707>,-
"Wien 14.Bezirk, Penzing <914>",Reutte <708>,-
"Wien 14.Bezirk, Penzing <914>",Schwaz <709>,2
"Wien 14.Bezirk, Penzing <914>",Bludenz <801>,4
"Wien 14.Bezirk, Penzing <914>",Bregenz <802>,11
"Wien 14.Bezirk, Penzing <914>",Dornbirn <803>,10
"Wien 14.Bezirk, Penzing <914>",Feldkirch <804>,11
"Wien 14.Bezirk, Penzing <914>","Wien 1.Bezirk, Innere Stadt <901>",16
"Wien 14.Bezirk, Penzing <914>","Wien 2.Bezirk, Leopoldstadt <902>",252
"Wien 14.Bezirk, Penzing <914>","Wien 3.Bezirk, Landstraße <903>",209
"Wien 14.Bezirk, Penzing <914>","Wien 4.Bezirk, Wieden <904>",107
"Wien 14.Bezirk, Penzing <914>","Wien 5.Bezirk, Margareten <905>",184
"Wien 14.Bezirk, Penzing <914>","Wien 6.Bezirk, Mariahilf <906>",136
"Wien 14.Bezirk, Penzing <914>","Wien 7.Bezirk, Neubau <907>",102
"Wien 14.Bezirk, Penzing <914>","Wien 8.Bezirk, Josefstadt <908>",76
"Wien 14.Bezirk, Penzing <914>","Wien 9.Bezirk, Alsergrund <909>",106
"Wien 14.Bezirk, Penzing <914>","Wien 10.Bezirk, Favoriten <910>",535
"Wien 14.Bezirk, Penzing <914>","Wien 11.Bezirk, Simmering <911>",186
"Wien 14.Bezirk, Penzing <914>","Wien 12.Bezirk, Meidling <912>",447
"Wien 14.Bezirk, Penzing <914>","Wien 13.Bezirk, Hietzing <913>",394
"Wien 14.Bezirk, Penzing <914>","Wien 14.Bezirk, Penzing <914>",1876
"Wien 14.Bezirk, Penzing <914>","Wien 15.Bezirk, Rudolfsheim-Fünfhaus <915>",520
"Wien 14.Bezirk, Penzing <914>","Wien 16.Bezirk, Ottakring <916>",566
"Wien 14.Bezirk, Penzing <914>","Wien 17.Bezirk, Hernals <917>",225
"Wien 14.Bezirk, Penzing <914>","Wien 18.Bezirk, Währing <918>",147
"Wien 14.Bezirk, Penzing <914>","Wien 19.Bezirk, Döbling <919>",182
"Wien 14.Bezirk, Penzing <914>","Wien 20.Bezirk, Brigittenau <920>",189
"Wien 14.Bezirk, Penzing <914>","Wien 21.Bezirk, Floridsdorf <921>",337
"Wien 14.Bezirk, Penzing <914>","Wien 22.Bezirk, Donaustadt <922>",418
"Wien 14.Bezirk, Penzing <914>","Wien 23.Bezirk, Liesing <923>",324
"Wien 15.Bezirk, Rudolfsheim-Fünfhaus <915>",Graz (Stadt) <601>,64
"Wien 15.Bezirk, Rudolfsheim-Fünfhaus <915>",Bruck an der Mur ^<602>,-
"Wien 15.Bezirk, Rudolfsheim-Fünfhaus <915>",Bruck-Mürzzuschlag <621>,3
"Wien 15.Bezirk, Rudolfsheim-Fünfhaus <915>",Deutschlandsberg <603>,5
"Wien 15.Bezirk, Rudolfsheim-Fünfhaus <915>",Feldbach ^<604>,-
"Wien 15.Bezirk, Rudolfsheim-Fünfhaus <915>",Fürstenfeld ^<605>,-
"Wien 15.Bezirk, Rudolfsheim-Fünfhaus <915>",Graz Umgebung <606>,5
"Wien 15.Bezirk, Rudolfsheim-Fünfhaus <915>",Hartberg ^<607>,-
"Wien 15.Bezirk, Rudolfsheim-Fünfhaus <915>",Hartberg-Fürstenfeld <622>,8
"Wien 15.Bezirk, Rudolfsheim-Fünfhaus <915>",Judenburg ^<608>,-
"Wien 15.Bezirk, Rudolfsheim-Fünfhaus <915>",Knittelfeld ^<609>,-
"Wien 15.Bezirk, Rudolfsheim-Fünfhaus <915>",Leibnitz <610>,4
"Wien 15.Bezirk, Rudolfsheim-Fünfhaus <915>",Leoben <611>,7
"Wien 15.Bezirk, Rudolfsheim-Fünfhaus <915>",Liezen <612>,9
"Wien 15.Bezirk, Rudolfsheim-Fünfhaus <915>",Murtal <620>,6
"Wien 15.Bezirk, Rudolfsheim-Fünfhaus <915>",Mürzzuschlag ^<613>,-
"Wien 15.Bezirk, Rudolfsheim-Fünfhaus <915>",Murau <614>,2
"Wien 15.Bezirk, Rudolfsheim-Fünfhaus <915>",Radkersburg ^<615>,-
"Wien 15.Bezirk, Rudolfsheim-Fünfhaus <915>",Südoststeiermark <623>,1
"Wien 15.Bezirk, Rudolfsheim-Fünfhaus <915>",Voitsberg <616>,-
"Wien 15.Bezirk, Rudolfsheim-Fünfhaus <915>",Weiz <617>,11
"Wien 15.Bezirk, Rudolfsheim-Fünfhaus <915>",Innsbruck (Stadt) <701>,29
"Wien 15.Bezirk, Rudolfsheim-Fünfhaus <915>",Imst <702>,4
"Wien 15.Bezirk, Rudolfsheim-Fünfhaus <915>",Innsbruck Land <703>,5
"Wien 15.Bezirk, Rudolfsheim-Fünfhaus <915>",Kitzbühel <704>,5
"Wien 15.Bezirk, Rudolfsheim-Fünfhaus <915>",Kufstein <705>,12
"Wien 15.Bezirk, Rudolfsheim-Fünfhaus <915>",Landeck <706>,1
"Wien 15.Bezirk, Rudolfsheim-Fünfhaus <915>",Lienz <707>,8
"Wien 15.Bezirk, Rudolfsheim-Fünfhaus <915>",Reutte <708>,3
"Wien 15.Bezirk, Rudolfsheim-Fünfhaus <915>",Schwaz <709>,2
"Wien 15.Bezirk, Rudolfsheim-Fünfhaus <915>",Bludenz <801>,6
"Wien 15.Bezirk, Rudolfsheim-Fünfhaus <915>",Bregenz <802>,18
"Wien 15.Bezirk, Rudolfsheim-Fünfhaus <915>",Dornbirn <803>,22
"Wien 15.Bezirk, Rudolfsheim-Fünfhaus <915>",Feldkirch <804>,16
"Wien 15.Bezirk, Rudolfsheim-Fünfhaus <915>","Wien 1.Bezirk, Innere Stadt <901>",21
"Wien 15.Bezirk, Rudolfsheim-Fünfhaus <915>","Wien 2.Bezirk, Leopoldstadt <902>",373
"Wien 15.Bezirk, Rudolfsheim-Fünfhaus <915>","Wien 3.Bezirk, Landstraße <903>",354
"Wien 15.Bezirk, Rudolfsheim-Fünfhaus <915>","Wien 4.Bezirk, Wieden <904>",160
"Wien 15.Bezirk, Rudolfsheim-Fünfhaus <915>","Wien 5.Bezirk, Margareten <905>",266
"Wien 15.Bezirk, Rudolfsheim-Fünfhaus <915>","Wien 6.Bezirk, Mariahilf <906>",211
"Wien 15.Bezirk, Rudolfsheim-Fünfhaus <915>","Wien 7.Bezirk, Neubau <907>",220
"Wien 15.Bezirk, Rudolfsheim-Fünfhaus <915>","Wien 8.Bezirk, Josefstadt <908>",108
"Wien 15.Bezirk, Rudolfsheim-Fünfhaus <915>","Wien 9.Bezirk, Alsergrund <909>",178
"Wien 15.Bezirk, Rudolfsheim-Fünfhaus <915>","Wien 10.Bezirk, Favoriten <910>",943
"Wien 15.Bezirk, Rudolfsheim-Fünfhaus <915>","Wien 11.Bezirk, Simmering <911>",268
"Wien 15.Bezirk, Rudolfsheim-Fünfhaus <915>","Wien 12.Bezirk, Meidling <912>",715
"Wien 15.Bezirk, Rudolfsheim-Fünfhaus <915>","Wien 13.Bezirk, Hietzing <913>",214
"Wien 15.Bezirk, Rudolfsheim-Fünfhaus <915>","Wien 14.Bezirk, Penzing <914>",772
"Wien 15.Bezirk, Rudolfsheim-Fünfhaus <915>","Wien 15.Bezirk, Rudolfsheim-Fünfhaus <915>",1358
"Wien 15.Bezirk, Rudolfsheim-Fünfhaus <915>","Wien 16.Bezirk, Ottakring <916>",705
"Wien 15.Bezirk, Rudolfsheim-Fünfhaus <915>","Wien 17.Bezirk, Hernals <917>",267
"Wien 15.Bezirk, Rudolfsheim-Fünfhaus <915>","Wien 18.Bezirk, Währing <918>",160
"Wien 15.Bezirk, Rudolfsheim-Fünfhaus <915>","Wien 19.Bezirk, Döbling <919>",162
"Wien 15.Bezirk, Rudolfsheim-Fünfhaus <915>","Wien 20.Bezirk, Brigittenau <920>",330
"Wien 15.Bezirk, Rudolfsheim-Fünfhaus <915>","Wien 21.Bezirk, Floridsdorf <921>",411
"Wien 15.Bezirk, Rudolfsheim-Fünfhaus <915>","Wien 22.Bezirk, Donaustadt <922>",505
"Wien 15.Bezirk, Rudolfsheim-Fünfhaus <915>","Wien 23.Bezirk, Liesing <923>",331
"Wien 16.Bezirk, Ottakring <916>",Graz (Stadt) <601>,75
"Wien 16.Bezirk, Ottakring <916>",Bruck an der Mur ^<602>,-
"Wien 16.Bezirk, Ottakring <916>",Bruck-Mürzzuschlag <621>,12
"Wien 16.Bezirk, Ottakring <916>",Deutschlandsberg <603>,2
"Wien 16.Bezirk, Ottakring <916>",Feldbach ^<604>,-
"Wien 16.Bezirk, Ottakring <916>",Fürstenfeld ^<605>,-
"Wien 16.Bezirk, Ottakring <916>",Graz Umgebung <606>,2
"Wien 16.Bezirk, Ottakring <916>",Hartberg ^<607>,-
"Wien 16.Bezirk, Ottakring <916>",Hartberg-Fürstenfeld <622>,10
"Wien 16.Bezirk, Ottakring <916>",Judenburg ^<608>,-
"Wien 16.Bezirk, Ottakring <916>",Knittelfeld ^<609>,-
"Wien 16.Bezirk, Ottakring <916>",Leibnitz <610>,1
"Wien 16.Bezirk, Ottakring <916>",Leoben <611>,6
"Wien 16.Bezirk, Ottakring <916>",Liezen <612>,8
"Wien 16.Bezirk, Ottakring <916>",Murtal <620>,11
"Wien 16.Bezirk, Ottakring <916>",Mürzzuschlag ^<613>,-
"Wien 16.Bezirk, Ottakring <916>",Murau <614>,1
"Wien 16.Bezirk, Ottakring <916>",Radkersburg ^<615>,-
"Wien 16.Bezirk, Ottakring <916>",Südoststeiermark <623>,7
"Wien 16.Bezirk, Ottakring <916>",Voitsberg <616>,-
"Wien 16.Bezirk, Ottakring <916>",Weiz <617>,2
"Wien 16.Bezirk, Ottakring <916>",Innsbruck (Stadt) <701>,39
"Wien 16.Bezirk, Ottakring <916>",Imst <702>,9
"Wien 16.Bezirk, Ottakring <916>",Innsbruck Land <703>,18
"Wien 16.Bezirk, Ottakring <916>",Kitzbühel <704>,1
"Wien 16.Bezirk, Ottakring <916>",Kufstein <705>,10
"Wien 16.Bezirk, Ottakring <916>",Landeck <706>,5
"Wien 16.Bezirk, Ottakring <916>",Lienz <707>,6
"Wien 16.Bezirk, Ottakring <916>",Reutte <708>,-
"Wien 16.Bezirk, Ottakring <916>",Schwaz <709>,2
"Wien 16.Bezirk, Ottakring <916>",Bludenz <801>,4
"Wien 16.Bezirk, Ottakring <916>",Bregenz <802>,12
"Wien 16.Bezirk, Ottakring <916>",Dornbirn <803>,11
"Wien 16.Bezirk, Ottakring <916>",Feldkirch <804>,18
"Wien 16.Bezirk, Ottakring <916>","Wien 1.Bezirk, Innere Stadt <901>",33
"Wien 16.Bezirk, Ottakring <916>","Wien 2.Bezirk, Leopoldstadt <902>",385
"Wien 16.Bezirk, Ottakring <916>","Wien 3.Bezirk, Landstraße <903>",370
"Wien 16.Bezirk, Ottakring <916>","Wien 4.Bezirk, Wieden <904>",144
"Wien 16.Bezirk, Ottakring <916>","Wien 5.Bezirk, Margareten <905>",283
"Wien 16.Bezirk, Ottakring <916>","Wien 6.Bezirk, Mariahilf <906>",132
"Wien 16.Bezirk, Ottakring <916>","Wien 7.Bezirk, Neubau <907>",192
"Wien 16.Bezirk, Ottakring <916>","Wien 8.Bezirk, Josefstadt <908>",137
"Wien 16.Bezirk, Ottakring <916>","Wien 9.Bezirk, Alsergrund <909>",196
"Wien 16.Bezirk, Ottakring <916>","Wien 10.Bezirk, Favoriten <910>",977
"Wien 16.Bezirk, Ottakring <916>","Wien 11.Bezirk, Simmering <911>",316
"Wien 16.Bezirk, Ottakring <916>","Wien 12.Bezirk, Meidling <912>",525
"Wien 16.Bezirk, Ottakring <916>","Wien 13.Bezirk, Hietzing <913>",225
"Wien 16.Bezirk, Ottakring <916>","Wien 14.Bezirk, Penzing <914>",765
"Wien 16.Bezirk, Ottakring <916>","Wien 15.Bezirk, Rudolfsheim-Fünfhaus <915>",740
"Wien 16.Bezirk, Ottakring <916>","Wien 16.Bezirk, Ottakring <916>",2418
"Wien 16.Bezirk, Ottakring <916>","Wien 17.Bezirk, Hernals <917>",765
"Wien 16.Bezirk, Ottakring <916>","Wien 18.Bezirk, Währing <918>",258
"Wien 16.Bezirk, Ottakring <916>","Wien 19.Bezirk, Döbling <919>",327
"Wien 16.Bezirk, Ottakring <916>","Wien 20.Bezirk, Brigittenau <920>",448
"Wien 16.Bezirk, Ottakring <916>","Wien 21.Bezirk, Floridsdorf <921>",626
"Wien 16.Bezirk, Ottakring <916>","Wien 22.Bezirk, Donaustadt <922>",620
"Wien 16.Bezirk, Ottakring <916>","Wien 23.Bezirk, Liesing <923>",303
"Wien 17.Bezirk, Hernals <917>",Graz (Stadt) <601>,47
"Wien 17.Bezirk, Hernals <917>",Bruck an der Mur ^<602>,-
"Wien 17.Bezirk, Hernals <917>",Bruck-Mürzzuschlag <621>,4
"Wien 17.Bezirk, Hernals <917>",Deutschlandsberg <603>,1
"Wien 17.Bezirk, Hernals <917>",Feldbach ^<604>,-
"Wien 17.Bezirk, Hernals <917>",Fürstenfeld ^<605>,-
"Wien 17.Bezirk, Hernals <917>",Graz Umgebung <606>,2
"Wien 17.Bezirk, Hernals <917>",Hartberg ^<607>,-
"Wien 17.Bezirk, Hernals <917>",Hartberg-Fürstenfeld <622>,3
"Wien 17.Bezirk, Hernals <917>",Judenburg ^<608>,-
"Wien 17.Bezirk, Hernals <917>",Knittelfeld ^<609>,-
"Wien 17.Bezirk, Hernals <917>",Leibnitz <610>,2
"Wien 17.Bezirk, Hernals <917>",Leoben <611>,4
"Wien 17.Bezirk, Hernals <917>",Liezen <612>,10
"Wien 17.Bezirk, Hernals <917>",Murtal <620>,4
"Wien 17.Bezirk, Hernals <917>",Mürzzuschlag ^<613>,-
"Wien 17.Bezirk, Hernals <917>",Murau <614>,1
"Wien 17.Bezirk, Hernals <917>",Radkersburg ^<615>,-
"Wien 17.Bezirk, Hernals <917>",Südoststeiermark <623>,7
"Wien 17.Bezirk, Hernals <917>",Voitsberg <616>,2
"Wien 17.Bezirk, Hernals <917>",Weiz <617>,1
"Wien 17.Bezirk, Hernals <917>",Innsbruck (Stadt) <701>,18
"Wien 17.Bezirk, Hernals <917>",Imst <702>,-
"Wien 17.Bezirk, Hernals <917>",Innsbruck Land <703>,5
"Wien 17.Bezirk, Hernals <917>",Kitzbühel <704>,3
"Wien 17.Bezirk, Hernals <917>",Kufstein <705>,5
"Wien 17.Bezirk, Hernals <917>",Landeck <706>,-
"Wien 17.Bezirk, Hernals <917>",Lienz <707>,2
"Wien 17.Bezirk, Hernals <917>",Reutte <708>,-
"Wien 17.Bezirk, Hernals <917>",Schwaz <709>,3
"Wien 17.Bezirk, Hernals <917>",Bludenz <801>,3
"Wien 17.Bezirk, Hernals <917>",Bregenz <802>,4
"Wien 17.Bezirk, Hernals <917>",Dornbirn <803>,7
"Wien 17.Bezirk, Hernals <917>",Feldkirch <804>,11
"Wien 17.Bezirk, Hernals <917>","Wien 1.Bezirk, Innere Stadt <901>",23
"Wien 17.Bezirk, Hernals <917>","Wien 2.Bezirk, Leopoldstadt <902>",221
"Wien 17.Bezirk, Hernals <917>","Wien 3.Bezirk, Landstraße <903>",183
"Wien 17.Bezirk, Hernals <917>","Wien 4.Bezirk, Wieden <904>",99
"Wien 17.Bezirk, Hernals <917>","Wien 5.Bezirk, Margareten <905>",112
"Wien 17.Bezirk, Hernals <917>","Wien 6.Bezirk, Mariahilf <906>",69
"Wien 17.Bezirk, Hernals <917>","Wien 7.Bezirk, Neubau <907>",62
"Wien 17.Bezirk, Hernals <917>","Wien 8.Bezirk, Josefstadt <908>",84
"Wien 17.Bezirk, Hernals <917>","Wien 9.Bezirk, Alsergrund <909>",118
"Wien 17.Bezirk, Hernals <917>","Wien 10.Bezirk, Favoriten <910>",445
"Wien 17.Bezirk, Hernals <917>","Wien 11.Bezirk, Simmering <911>",183
"Wien 17.Bezirk, Hernals <917>","Wien 12.Bezirk, Meidling <912>",286
"Wien 17.Bezirk, Hernals <917>","Wien 13.Bezirk, Hietzing <913>",92
"Wien 17.Bezirk, Hernals <917>","Wien 14.Bezirk, Penzing <914>",280
"Wien 17.Bezirk, Hernals <917>","Wien 15.Bezirk, Rudolfsheim-Fünfhaus <915>",369
"Wien 17.Bezirk, Hernals <917>","Wien 16.Bezirk, Ottakring <916>",784
"Wien 17.Bezirk, Hernals <917>","Wien 17.Bezirk, Hernals <917>",979
"Wien 17.Bezirk, Hernals <917>","Wien 18.Bezirk, Währing <918>",231
"Wien 17.Bezirk, Hernals <917>","Wien 19.Bezirk, Döbling <919>",273
"Wien 17.Bezirk, Hernals <917>","Wien 20.Bezirk, Brigittenau <920>",201
"Wien 17.Bezirk, Hernals <917>","Wien 21.Bezirk, Floridsdorf <921>",337
"Wien 17.Bezirk, Hernals <917>","Wien 22.Bezirk, Donaustadt <922>",333
"Wien 17.Bezirk, Hernals <917>","Wien 23.Bezirk, Liesing <923>",161
"Wien 18.Bezirk, Währing <918>",Graz (Stadt) <601>,24
"Wien 18.Bezirk, Währing <918>",Bruck an der Mur ^<602>,-
"Wien 18.Bezirk, Währing <918>",Bruck-Mürzzuschlag <621>,4
"Wien 18.Bezirk, Währing <918>",Deutschlandsberg <603>,1
"Wien 18.Bezirk, Währing <918>",Feldbach ^<604>,-
"Wien 18.Bezirk, Währing <918>",Fürstenfeld ^<605>,-
"Wien 18.Bezirk, Währing <918>",Graz Umgebung <606>,6
"Wien 18.Bezirk, Währing <918>",Hartberg ^<607>,-
"Wien 18.Bezirk, Währing <918>",Hartberg-Fürstenfeld <622>,3
"Wien 18.Bezirk, Währing <918>",Judenburg ^<608>,-
"Wien 18.Bezirk, Währing <918>",Knittelfeld ^<609>,-
"Wien 18.Bezirk, Währing <918>",Leibnitz <610>,1
"Wien 18.Bezirk, Währing <918>",Leoben <611>,1
"Wien 18.Bezirk, Währing <918>",Liezen <612>,12
"Wien 18.Bezirk, Währing <918>",Murtal <620>,1
"Wien 18.Bezirk, Währing <918>",Mürzzuschlag ^<613>,-
"Wien 18.Bezirk, Währing <918>",Murau <614>,1
"Wien 18.Bezirk, Währing <918>",Radkersburg ^<615>,-
"Wien 18.Bezirk, Währing <918>",Südoststeiermark <623>,-
"Wien 18.Bezirk, Währing <918>",Voitsberg <616>,3
"Wien 18.Bezirk, Währing <918>",Weiz <617>,4
"Wien 18.Bezirk, Währing <918>",Innsbruck (Stadt) <701>,10
"Wien 18.Bezirk, Währing <918>",Imst <702>,-
"Wien 18.Bezirk, Währing <918>",Innsbruck Land <703>,1
"Wien 18.Bezirk, Währing <918>",Kitzbühel <704>,10
"Wien 18.Bezirk, Währing <918>",Kufstein <705>,3
"Wien 18.Bezirk, Währing <918>",Landeck <706>,2
"Wien 18.Bezirk, Währing <918>",Lienz <707>,3
"Wien 18.Bezirk, Währing <918>",Reutte <708>,-
"Wien 18.Bezirk, Währing <918>",Schwaz <709>,-
"Wien 18.Bezirk, Währing <918>",Bludenz <801>,4
"Wien 18.Bezirk, Währing <918>",Bregenz <802>,6
"Wien 18.Bezirk, Währing <918>",Dornbirn <803>,6
"Wien 18.Bezirk, Währing <918>",Feldkirch <804>,7
"Wien 18.Bezirk, Währing <918>","Wien 1.Bezirk, Innere Stadt <901>",37
"Wien 18.Bezirk, Währing <918>","Wien 2.Bezirk, Leopoldstadt <902>",151
"Wien 18.Bezirk, Währing <918>","Wien 3.Bezirk, Landstraße <903>",170
"Wien 18.Bezirk, Währing <918>","Wien 4.Bezirk, Wieden <904>",69
"Wien 18.Bezirk, Währing <918>","Wien 5.Bezirk, Margareten <905>",96
"Wien 18.Bezirk, Währing <918>","Wien 6.Bezirk, Mariahilf <906>",79
"Wien 18.Bezirk, Währing <918>","Wien 7.Bezirk, Neubau <907>",63
"Wien 18.Bezirk, Währing <918>","Wien 8.Bezirk, Josefstadt <908>",83
"Wien 18.Bezirk, Währing <918>","Wien 9.Bezirk, Alsergrund <909>",183
"Wien 18.Bezirk, Währing <918>","Wien 10.Bezirk, Favoriten <910>",235
"Wien 18.Bezirk, Währing <918>","Wien 11.Bezirk, Simmering <911>",96
"Wien 18.Bezirk, Währing <918>","Wien 12.Bezirk, Meidling <912>",142
"Wien 18.Bezirk, Währing <918>","Wien 13.Bezirk, Hietzing <913>",86
"Wien 18.Bezirk, Währing <918>","Wien 14.Bezirk, Penzing <914>",195
"Wien 18.Bezirk, Währing <918>","Wien 15.Bezirk, Rudolfsheim-Fünfhaus <915>",168
"Wien 18.Bezirk, Währing <918>","Wien 16.Bezirk, Ottakring <916>",266
"Wien 18.Bezirk, Währing <918>","Wien 17.Bezirk, Hernals <917>",378
"Wien 18.Bezirk, Währing <918>","Wien 18.Bezirk, Währing <918>",1016
"Wien 18.Bezirk, Währing <918>","Wien 19.Bezirk, Döbling <919>",467
"Wien 18.Bezirk, Währing <918>","Wien 20.Bezirk, Brigittenau <920>",161
"Wien 18.Bezirk, Währing <918>","Wien 21.Bezirk, Floridsdorf <921>",233
"Wien 18.Bezirk, Währing <918>","Wien 22.Bezirk, Donaustadt <922>",235
"Wien 18.Bezirk, Währing <918>","Wien 23.Bezirk, Liesing <923>",103
"Wien 19.Bezirk, Döbling <919>",Graz (Stadt) <601>,48
"Wien 19.Bezirk, Döbling <919>",Bruck an der Mur ^<602>,-
"Wien 19.Bezirk, Döbling <919>",Bruck-Mürzzuschlag <621>,13
"Wien 19.Bezirk, Döbling <919>",Deutschlandsberg <603>,1
"Wien 19.Bezirk, Döbling <919>",Feldbach ^<604>,-
"Wien 19.Bezirk, Döbling <919>",Fürstenfeld ^<605>,-
"Wien 19.Bezirk, Döbling <919>",Graz Umgebung <606>,10
"Wien 19.Bezirk, Döbling <919>",Hartberg ^<607>,-
"Wien 19.Bezirk, Döbling <919>",Hartberg-Fürstenfeld <622>,4
"Wien 19.Bezirk, Döbling <919>",Judenburg ^<608>,-
"Wien 19.Bezirk, Döbling <919>",Knittelfeld ^<609>,-
"Wien 19.Bezirk, Döbling <919>",Leibnitz <610>,3
"Wien 19.Bezirk, Döbling <919>",Leoben <611>,3
"Wien 19.Bezirk, Döbling <919>",Liezen <612>,5
"Wien 19.Bezirk, Döbling <919>",Murtal <620>,1
"Wien 19.Bezirk, Döbling <919>",Mürzzuschlag ^<613>,-
"Wien 19.Bezirk, Döbling <919>",Murau <614>,-
"Wien 19.Bezirk, Döbling <919>",Radkersburg ^<615>,-
"Wien 19.Bezirk, Döbling <919>",Südoststeiermark <623>,5
"Wien 19.Bezirk, Döbling <919>",Voitsberg <616>,2
"Wien 19.Bezirk, Döbling <919>",Weiz <617>,3
"Wien 19.Bezirk, Döbling <919>",Innsbruck (Stadt) <701>,17
"Wien 19.Bezirk, Döbling <919>",Imst <702>,3
"Wien 19.Bezirk, Döbling <919>",Innsbruck Land <703>,9
"Wien 19.Bezirk, Döbling <919>",Kitzbühel <704>,12
"Wien 19.Bezirk, Döbling <919>",Kufstein <705>,3
"Wien 19.Bezirk, Döbling <919>",Landeck <706>,-
"Wien 19.Bezirk, Döbling <919>",Lienz <707>,2
"Wien 19.Bezirk, Döbling <919>",Reutte <708>,1
"Wien 19.Bezirk, Döbling <919>",Schwaz <709>,6
"Wien 19.Bezirk, Döbling <919>",Bludenz <801>,7
"Wien 19.Bezirk, Döbling <919>",Bregenz <802>,6
"Wien 19.Bezirk, Döbling <919>",Dornbirn <803>,5
"Wien 19.Bezirk, Döbling <919>",Feldkirch <804>,8
"Wien 19.Bezirk, Döbling <919>","Wien 1.Bezirk, Innere Stadt <901>",49
"Wien 19.Bezirk, Döbling <919>","Wien 2.Bezirk, Leopoldstadt <902>",230
"Wien 19.Bezirk, Döbling <919>","Wien 3.Bezirk, Landstraße <903>",235
"Wien 19.Bezirk, Döbling <919>","Wien 4.Bezirk, Wieden <904>",89
"Wien 19.Bezirk, Döbling <919>","Wien 5.Bezirk, Margareten <905>",92
"Wien 19.Bezirk, Döbling <919>","Wien 6.Bezirk, Mariahilf <906>",60
"Wien 19.Bezirk, Döbling <919>","Wien 7.Bezirk, Neubau <907>",82
"Wien 19.Bezirk, Döbling <919>","Wien 8.Bezirk, Josefstadt <908>",82
"Wien 19.Bezirk, Döbling <919>","Wien 9.Bezirk, Alsergrund <909>",191
"Wien 19.Bezirk, Döbling <919>","Wien 10.Bezirk, Favoriten <910>",301
"Wien 19.Bezirk, Döbling <919>","Wien 11.Bezirk, Simmering <911>",122
"Wien 19.Bezirk, Döbling <919>","Wien 12.Bezirk, Meidling <912>",150
"Wien 19.Bezirk, Döbling <919>","Wien 13.Bezirk, Hietzing <913>",84
"Wien 19.Bezirk, Döbling <919>","Wien 14.Bezirk, Penzing <914>",178
"Wien 19.Bezirk, Döbling <919>","Wien 15.Bezirk, Rudolfsheim-Fünfhaus <915>",167
"Wien 19.Bezirk, Döbling <919>","Wien 16.Bezirk, Ottakring <916>",227
"Wien 19.Bezirk, Döbling <919>","Wien 17.Bezirk, Hernals <917>",239
"Wien 19.Bezirk, Döbling <919>","Wien 18.Bezirk, Währing <918>",341
"Wien 19.Bezirk, Döbling <919>","Wien 19.Bezirk, Döbling <919>",2006
"Wien 19.Bezirk, Döbling <919>","Wien 20.Bezirk, Brigittenau <920>",280
"Wien 19.Bezirk, Döbling <919>","Wien 21.Bezirk, Floridsdorf <921>",464
"Wien 19.Bezirk, Döbling <919>","Wien 22.Bezirk, Donaustadt <922>",425
"Wien 19.Bezirk, Döbling <919>","Wien 23.Bezirk, Liesing <923>",99
"Wien 20.Bezirk, Brigittenau <920>",Graz (Stadt) <601>,57
"Wien 20.Bezirk, Brigittenau <920>",Bruck an der Mur ^<602>,-
"Wien 20.Bezirk, Brigittenau <920>",Bruck-Mürzzuschlag <621>,2
"Wien 20.Bezirk, Brigittenau <920>",Deutschlandsberg <603>,2
"Wien 20.Bezirk, Brigittenau <920>",Feldbach ^<604>,-
"Wien 20.Bezirk, Brigittenau <920>",Fürstenfeld ^<605>,-
"Wien 20.Bezirk, Brigittenau <920>",Graz Umgebung <606>,7
"Wien 20.Bezirk, Brigittenau <920>",Hartberg ^<607>,-
"Wien 20.Bezirk, Brigittenau <920>",Hartberg-Fürstenfeld <622>,13
"Wien 20.Bezirk, Brigittenau <920>",Judenburg ^<608>,-
"Wien 20.Bezirk, Brigittenau <920>",Knittelfeld ^<609>,-
"Wien 20.Bezirk, Brigittenau <920>",Leibnitz <610>,3
"Wien 20.Bezirk, Brigittenau <920>",Leoben <611>,6
"Wien 20.Bezirk, Brigittenau <920>",Liezen <612>,6
"Wien 20.Bezirk, Brigittenau <920>",Murtal <620>,12
"Wien 20.Bezirk, Brigittenau <920>",Mürzzuschlag ^<613>,-
"Wien 20.Bezirk, Brigittenau <920>",Murau <614>,2
"Wien 20.Bezirk, Brigittenau <920>",Radkersburg ^<615>,-
"Wien 20.Bezirk, Brigittenau <920>",Südoststeiermark <623>,5
"Wien 20.Bezirk, Brigittenau <920>",Voitsberg <616>,-
"Wien 20.Bezirk, Brigittenau <920>",Weiz <617>,1
"Wien 20.Bezirk, Brigittenau <920>",Innsbruck (Stadt) <701>,26
"Wien 20.Bezirk, Brigittenau <920>",Imst <702>,1
"Wien 20.Bezirk, Brigittenau <920>",Innsbruck Land <703>,10
"Wien 20.Bezirk, Brigittenau <920>",Kitzbühel <704>,10
"Wien 20.Bezirk, Brigittenau <920>",Kufstein <705>,12
"Wien 20.Bezirk, Brigittenau <920>",Landeck <706>,-
"Wien 20.Bezirk, Brigittenau <920>",Lienz <707>,2
"Wien 20.Bezirk, Brigittenau <920>",Reutte <708>,1
"Wien 20.Bezirk, Brigittenau <920>",Schwaz <709>,2
"Wien 20.Bezirk, Brigittenau <920>",Bludenz <801>,9
"Wien 20.Bezirk, Brigittenau <920>",Bregenz <802>,16
"Wien 20.Bezirk, Brigittenau <920>",Dornbirn <803>,9
"Wien 20.Bezirk, Brigittenau <920>",Feldkirch <804>,11
"Wien 20.Bezirk, Brigittenau <920>","Wien 1.Bezirk, Innere Stadt <901>",35
"Wien 20.Bezirk, Brigittenau <920>","Wien 2.Bezirk, Leopoldstadt <902>",915
"Wien 20.Bezirk, Brigittenau <920>","Wien 3.Bezirk, Landstraße <903>",339
"Wien 20.Bezirk, Brigittenau <920>","Wien 4.Bezirk, Wieden <904>",133
"Wien 20.Bezirk, Brigittenau <920>","Wien 5.Bezirk, Margareten <905>",167
"Wien 20.Bezirk, Brigittenau <920>","Wien 6.Bezirk, Mariahilf <906>",122
"Wien 20.Bezirk, Brigittenau <920>","Wien 7.Bezirk, Neubau <907>",93
"Wien 20.Bezirk, Brigittenau <920>","Wien 8.Bezirk, Josefstadt <908>",70
"Wien 20.Bezirk, Brigittenau <920>","Wien 9.Bezirk, Alsergrund <909>",242
"Wien 20.Bezirk, Brigittenau <920>","Wien 10.Bezirk, Favoriten <910>",779
"Wien 20.Bezirk, Brigittenau <920>","Wien 11.Bezirk, Simmering <911>",307
"Wien 20.Bezirk, Brigittenau <920>","Wien 12.Bezirk, Meidling <912>",272
"Wien 20.Bezirk, Brigittenau <920>","Wien 13.Bezirk, Hietzing <913>",87
"Wien 20.Bezirk, Brigittenau <920>","Wien 14.Bezirk, Penzing <914>",229
"Wien 20.Bezirk, Brigittenau <920>","Wien 15.Bezirk, Rudolfsheim-Fünfhaus <915>",308
"Wien 20.Bezirk, Brigittenau <920>","Wien 16.Bezirk, Ottakring <916>",347
"Wien 20.Bezirk, Brigittenau <920>","Wien 17.Bezirk, Hernals <917>",192
"Wien 20.Bezirk, Brigittenau <920>","Wien 18.Bezirk, Währing <918>",163
"Wien 20.Bezirk, Brigittenau <920>","Wien 19.Bezirk, Döbling <919>",374
"Wien 20.Bezirk, Brigittenau <920>","Wien 20.Bezirk, Brigittenau <920>",2288
"Wien 20.Bezirk, Brigittenau <920>","Wien 21.Bezirk, Floridsdorf <921>",1196
"Wien 20.Bezirk, Brigittenau <920>","Wien 22.Bezirk, Donaustadt <922>",1021
"Wien 20.Bezirk, Brigittenau <920>","Wien 23.Bezirk, Liesing <923>",189
"Wien 21.Bezirk, Floridsdorf <921>",Graz (Stadt) <601>,69
"Wien 21.Bezirk, Floridsdorf <921>",Bruck an der Mur ^<602>,-
"Wien 21.Bezirk, Floridsdorf <921>",Bruck-Mürzzuschlag <621>,26
"Wien 21.Bezirk, Floridsdorf <921>",Deutschlandsberg <603>,3
"Wien 21.Bezirk, Floridsdorf <921>",Feldbach ^<604>,-
"Wien 21.Bezirk, Floridsdorf <921>",Fürstenfeld ^<605>,-
"Wien 21.Bezirk, Floridsdorf <921>",Graz Umgebung <606>,9
"Wien 21.Bezirk, Floridsdorf <921>",Hartberg ^<607>,-
"Wien 21.Bezirk, Floridsdorf <921>",Hartberg-Fürstenfeld <622>,21
"Wien 21.Bezirk, Floridsdorf <921>",Judenburg ^<608>,-
"Wien 21.Bezirk, Floridsdorf <921>",Knittelfeld ^<609>,-
"Wien 21.Bezirk, Floridsdorf <921>",Leibnitz <610>,8
"Wien 21.Bezirk, Floridsdorf <921>",Leoben <611>,17
"Wien 21.Bezirk, Floridsdorf <921>",Liezen <612>,9
"Wien 21.Bezirk, Floridsdorf <921>",Murtal <620>,10
"Wien 21.Bezirk, Floridsdorf <921>",Mürzzuschlag ^<613>,-
"Wien 21.Bezirk, Floridsdorf <921>",Murau <614>,1
"Wien 21.Bezirk, Floridsdorf <921>",Radkersburg ^<615>,-
"Wien 21.Bezirk, Floridsdorf <921>",Südoststeiermark <623>,9
"Wien 21.Bezirk, Floridsdorf <921>",Voitsberg <616>,2
"Wien 21.Bezirk, Floridsdorf <921>",Weiz <617>,15
"Wien 21.Bezirk, Floridsdorf <921>",Innsbruck (Stadt) <701>,23
"Wien 21.Bezirk, Floridsdorf <921>",Imst <702>,2
"Wien 21.Bezirk, Floridsdorf <921>",Innsbruck Land <703>,7
"Wien 21.Bezirk, Floridsdorf <921>",Kitzbühel <704>,2
"Wien 21.Bezirk, Floridsdorf <921>",Kufstein <705>,8
"Wien 21.Bezirk, Floridsdorf <921>",Landeck <706>,-
"Wien 21.Bezirk, Floridsdorf <921>",Lienz <707>,4
"Wien 21.Bezirk, Floridsdorf <921>",Reutte <708>,1
"Wien 21.Bezirk, Floridsdorf <921>",Schwaz <709>,6
"Wien 21.Bezirk, Floridsdorf <921>",Bludenz <801>,7
"Wien 21.Bezirk, Floridsdorf <921>",Bregenz <802>,14
"Wien 21.Bezirk, Floridsdorf <921>",Dornbirn <803>,17
"Wien 21.Bezirk, Floridsdorf <921>",Feldkirch <804>,23
"Wien 21.Bezirk, Floridsdorf <921>","Wien 1.Bezirk, Innere Stadt <901>",25
"Wien 21.Bezirk, Floridsdorf <921>","Wien 2.Bezirk, Leopoldstadt <902>",510
"Wien 21.Bezirk, Floridsdorf <921>","Wien 3.Bezirk, Landstraße <903>",340
"Wien 21.Bezirk, Floridsdorf <921>","Wien 4.Bezirk, Wieden <904>",187
"Wien 21.Bezirk, Floridsdorf <921>","Wien 5.Bezirk, Margareten <905>",184
"Wien 21.Bezirk, Floridsdorf <921>","Wien 6.Bezirk, Mariahilf <906>",96
"Wien 21.Bezirk, Floridsdorf <921>","Wien 7.Bezirk, Neubau <907>",61
"Wien 21.Bezirk, Floridsdorf <921>","Wien 8.Bezirk, Josefstadt <908>",55
"Wien 21.Bezirk, Floridsdorf <921>","Wien 9.Bezirk, Alsergrund <909>",142
"Wien 21.Bezirk, Floridsdorf <921>","Wien 10.Bezirk, Favoriten <910>",841
"Wien 21.Bezirk, Floridsdorf <921>","Wien 11.Bezirk, Simmering <911>",356
"Wien 21.Bezirk, Floridsdorf <921>","Wien 12.Bezirk, Meidling <912>",311
"Wien 21.Bezirk, Floridsdorf <921>","Wien 13.Bezirk, Hietzing <913>",110
"Wien 21.Bezirk, Floridsdorf <921>","Wien 14.Bezirk, Penzing <914>",206
"Wien 21.Bezirk, Floridsdorf <921>","Wien 15.Bezirk, Rudolfsheim-Fünfhaus <915>",266
"Wien 21.Bezirk, Floridsdorf <921>","Wien 16.Bezirk, Ottakring <916>",353
"Wien 21.Bezirk, Floridsdorf <921>","Wien 17.Bezirk, Hernals <917>",193
"Wien 21.Bezirk, Floridsdorf <921>","Wien 18.Bezirk, Währing <918>",144
"Wien 21.Bezirk, Floridsdorf <921>","Wien 19.Bezirk, Döbling <919>",327
"Wien 21.Bezirk, Floridsdorf <921>","Wien 20.Bezirk, Brigittenau <920>",610
"Wien 21.Bezirk, Floridsdorf <921>","Wien 21.Bezirk, Floridsdorf <921>",5860
"Wien 21.Bezirk, Floridsdorf <921>","Wien 22.Bezirk, Donaustadt <922>",2532
"Wien 21.Bezirk, Floridsdorf <921>","Wien 23.Bezirk, Liesing <923>",332
"Wien 22.Bezirk, Donaustadt <922>",Graz (Stadt) <601>,76
"Wien 22.Bezirk, Donaustadt <922>",Bruck an der Mur ^<602>,-
"Wien 22.Bezirk, Donaustadt <922>",Bruck-Mürzzuschlag <621>,21
"Wien 22.Bezirk, Donaustadt <922>",Deutschlandsberg <603>,5
"Wien 22.Bezirk, Donaustadt <922>",Feldbach ^<604>,-
"Wien 22.Bezirk, Donaustadt <922>",Fürstenfeld ^<605>,-
"Wien 22.Bezirk, Donaustadt <922>",Graz Umgebung <606>,11
"Wien 22.Bezirk, Donaustadt <922>",Hartberg ^<607>,-
"Wien 22.Bezirk, Donaustadt <922>",Hartberg-Fürstenfeld <622>,26
"Wien 22.Bezirk, Donaustadt <922>",Judenburg ^<608>,-
"Wien 22.Bezirk, Donaustadt <922>",Knittelfeld ^<609>,-
"Wien 22.Bezirk, Donaustadt <922>",Leibnitz <610>,5
"Wien 22.Bezirk, Donaustadt <922>",Leoben <611>,6
"Wien 22.Bezirk, Donaustadt <922>",Liezen <612>,18
"Wien 22.Bezirk, Donaustadt <922>",Murtal <620>,6
"Wien 22.Bezirk, Donaustadt <922>",Mürzzuschlag ^<613>,-
"Wien 22.Bezirk, Donaustadt <922>",Murau <614>,1
"Wien 22.Bezirk, Donaustadt <922>",Radkersburg ^<615>,-
"Wien 22.Bezirk, Donaustadt <922>",Südoststeiermark <623>,8
"Wien 22.Bezirk, Donaustadt <922>",Voitsberg <616>,6
"Wien 22.Bezirk, Donaustadt <922>",Weiz <617>,6
"Wien 22.Bezirk, Donaustadt <922>",Innsbruck (Stadt) <701>,18
"Wien 22.Bezirk, Donaustadt <922>",Imst <702>,5
"Wien 22.Bezirk, Donaustadt <922>",Innsbruck Land <703>,11
"Wien 22.Bezirk, Donaustadt <922>",Kitzbühel <704>,6
"Wien 22.Bezirk, Donaustadt <922>",Kufstein <705>,5
"Wien 22.Bezirk, Donaustadt <922>",Landeck <706>,1
"Wien 22.Bezirk, Donaustadt <922>",Lienz <707>,4
"Wien 22.Bezirk, Donaustadt <922>",Reutte <708>,4
"Wien 22.Bezirk, Donaustadt <922>",Schwaz <709>,8
"Wien 22.Bezirk, Donaustadt <922>",Bludenz <801>,6
"Wien 22.Bezirk, Donaustadt <922>",Bregenz <802>,18
"Wien 22.Bezirk, Donaustadt <922>",Dornbirn <803>,24
"Wien 22.Bezirk, Donaustadt <922>",Feldkirch <804>,9
"Wien 22.Bezirk, Donaustadt <922>","Wien 1.Bezirk, Innere Stadt <901>",46
"Wien 22.Bezirk, Donaustadt <922>","Wien 2.Bezirk, Leopoldstadt <902>",743
"Wien 22.Bezirk, Donaustadt <922>","Wien 3.Bezirk, Landstraße <903>",477
"Wien 22.Bezirk, Donaustadt <922>","Wien 4.Bezirk, Wieden <904>",193
"Wien 22.Bezirk, Donaustadt <922>","Wien 5.Bezirk, Margareten <905>",169
"Wien 22.Bezirk, Donaustadt <922>","Wien 6.Bezirk, Mariahilf <906>",120
"Wien 22.Bezirk, Donaustadt <922>","Wien 7.Bezirk, Neubau <907>",88
"Wien 22.Bezirk, Donaustadt <922>","Wien 8.Bezirk, Josefstadt <908>",80
"Wien 22.Bezirk, Donaustadt <922>","Wien 9.Bezirk, Alsergrund <909>",172
"Wien 22.Bezirk, Donaustadt <922>","Wien 10.Bezirk, Favoriten <910>",900
"Wien 22.Bezirk, Donaustadt <922>","Wien 11.Bezirk, Simmering <911>",381
"Wien 22.Bezirk, Donaustadt <922>","Wien 12.Bezirk, Meidling <912>",334
"Wien 22.Bezirk, Donaustadt <922>","Wien 13.Bezirk, Hietzing <913>",119
"Wien 22.Bezirk, Donaustadt <922>","Wien 14.Bezirk, Penzing <914>",216
"Wien 22.Bezirk, Donaustadt <922>","Wien 15.Bezirk, Rudolfsheim-Fünfhaus <915>",244
"Wien 22.Bezirk, Donaustadt <922>","Wien 16.Bezirk, Ottakring <916>",313
"Wien 22.Bezirk, Donaustadt <922>","Wien 17.Bezirk, Hernals <917>",179
"Wien 22.Bezirk, Donaustadt <922>","Wien 18.Bezirk, Währing <918>",137
"Wien 22.Bezirk, Donaustadt <922>","Wien 19.Bezirk, Döbling <919>",246
"Wien 22.Bezirk, Donaustadt <922>","Wien 20.Bezirk, Brigittenau <920>",455
"Wien 22.Bezirk, Donaustadt <922>","Wien 21.Bezirk, Floridsdorf <921>",1562
"Wien 22.Bezirk, Donaustadt <922>","Wien 22.Bezirk, Donaustadt <922>",7912
"Wien 22.Bezirk, Donaustadt <922>","Wien 23.Bezirk, Liesing <923>",289
"Wien 23.Bezirk, Liesing <923>",Graz (Stadt) <601>,32
"Wien 23.Bezirk, Liesing <923>",Bruck an der Mur ^<602>,-
"Wien 23.Bezirk, Liesing <923>",Bruck-Mürzzuschlag <621>,32
"Wien 23.Bezirk, Liesing <923>",Deutschlandsberg <603>,-
"Wien 23.Bezirk, Liesing <923>",Feldbach ^<604>,-
"Wien 23.Bezirk, Liesing <923>",Fürstenfeld ^<605>,-
"Wien 23.Bezirk, Liesing <923>",Graz Umgebung <606>,9
"Wien 23.Bezirk, Liesing <923>",Hartberg ^<607>,-
"Wien 23.Bezirk, Liesing <923>",Hartberg-Fürstenfeld <622>,11
"Wien 23.Bezirk, Liesing <923>",Judenburg ^<608>,-
"Wien 23.Bezirk, Liesing <923>",Knittelfeld ^<609>,-
"Wien 23.Bezirk, Liesing <923>",Leibnitz <610>,5
"Wien 23.Bezirk, Liesing <923>",Leoben <611>,6
"Wien 23.Bezirk, Liesing <923>",Liezen <612>,16
"Wien 23.Bezirk, Liesing <923>",Murtal <620>,3
"Wien 23.Bezirk, Liesing <923>",Mürzzuschlag ^<613>,-
"Wien 23.Bezirk, Liesing <923>",Murau <614>,2
"Wien 23.Bezirk, Liesing <923>",Radkersburg ^<615>,-
"Wien 23.Bezirk, Liesing <923>",Südoststeiermark <623>,2
"Wien 23.Bezirk, Liesing <923>",Voitsberg <616>,6
"Wien 23.Bezirk, Liesing <923>",Weiz <617>,6
"Wien 23.Bezirk, Liesing <923>",Innsbruck (Stadt) <701>,12
"Wien 23.Bezirk, Liesing <923>",Imst <702>,2
"Wien 23.Bezirk, Liesing <923>",Innsbruck Land <703>,9
"Wien 23.Bezirk, Liesing <923>",Kitzbühel <704>,4
"Wien 23.Bezirk, Liesing <923>",Kufstein <705>,9
"Wien 23.Bezirk, Liesing <923>",Landeck <706>,1
"Wien 23.Bezirk, Liesing <923>",Lienz <707>,4
"Wien 23.Bezirk, Liesing <923>",Reutte <708>,2
"Wien 23.Bezirk, Liesing <923>",Schwaz <709>,2
"Wien 23.Bezirk, Liesing <923>",Bludenz <801>,4
"Wien 23.Bezirk, Liesing <923>",Bregenz <802>,12
"Wien 23.Bezirk, Liesing <923>",Dornbirn <803>,6
"Wien 23.Bezirk, Liesing <923>",Feldkirch <804>,4
"Wien 23.Bezirk, Liesing <923>","Wien 1.Bezirk, Innere Stadt <901>",18
"Wien 23.Bezirk, Liesing <923>","Wien 2.Bezirk, Leopoldstadt <902>",180
"Wien 23.Bezirk, Liesing <923>","Wien 3.Bezirk, Landstraße <903>",188
"Wien 23.Bezirk, Liesing <923>","Wien 4.Bezirk, Wieden <904>",80
"Wien 23.Bezirk, Liesing <923>","Wien 5.Bezirk, Margareten <905>",129
"Wien 23.Bezirk, Liesing <923>","Wien 6.Bezirk, Mariahilf <906>",62
"Wien 23.Bezirk, Liesing <923>","Wien 7.Bezirk, Neubau <907>",41
"Wien 23.Bezirk, Liesing <923>","Wien 8.Bezirk, Josefstadt <908>",33
"Wien 23.Bezirk, Liesing <923>","Wien 9.Bezirk, Alsergrund <909>",61
"Wien 23.Bezirk, Liesing <923>","Wien 10.Bezirk, Favoriten <910>",650
"Wien 23.Bezirk, Liesing <923>","Wien 11.Bezirk, Simmering <911>",180
"Wien 23.Bezirk, Liesing <923>","Wien 12.Bezirk, Meidling <912>",467
"Wien 23.Bezirk, Liesing <923>","Wien 13.Bezirk, Hietzing <913>",294
"Wien 23.Bezirk, Liesing <923>","Wien 14.Bezirk, Penzing <914>",190
"Wien 23.Bezirk, Liesing <923>","Wien 15.Bezirk, Rudolfsheim-Fünfhaus <915>",168
"Wien 23.Bezirk, Liesing <923>","Wien 16.Bezirk, Ottakring <916>",177
"Wien 23.Bezirk, Liesing <923>","Wien 17.Bezirk, Hernals <917>",74
"Wien 23.Bezirk, Liesing <923>","Wien 18.Bezirk, Währing <918>",75
"Wien 23.Bezirk, Liesing <923>","Wien 19.Bezirk, Döbling <919>",95
"Wien 23.Bezirk, Liesing <923>","Wien 20.Bezirk, Brigittenau <920>",152
"Wien 23.Bezirk, Liesing <923>","Wien 21.Bezirk, Floridsdorf <921>",308
"Wien 23.Bezirk, Liesing <923>","Wien 22.Bezirk, Donaustadt <922>",430
"Wien 23.Bezirk, Liesing <923>","Wien 23.Bezirk, Liesing <923>",2801
Nicht klassifizierbar <0>,Graz (Stadt) <601>,-
Nicht klassifizierbar <0>,Bruck an der Mur ^<602>,-
Nicht klassifizierbar <0>,Bruck-Mürzzuschlag <621>,-
Nicht klassifizierbar <0>,Deutschlandsberg <603>,-
Nicht klassifizierbar <0>,Feldbach ^<604>,-
Nicht klassifizierbar <0>,Fürstenfeld ^<605>,-
Nicht klassifizierbar <0>,Graz Umgebung <606>,-
Nicht klassifizierbar <0>,Hartberg ^<607>,-
Nicht klassifizierbar <0>,Hartberg-Fürstenfeld <622>,-
Nicht klassifizierbar <0>,Judenburg ^<608>,-
Nicht klassifizierbar <0>,Knittelfeld ^<609>,-
Nicht klassifizierbar <0>,Leibnitz <610>,-
Nicht klassifizierbar <0>,Leoben <611>,-
Nicht klassifizierbar <0>,Liezen <612>,-
Nicht klassifizierbar <0>,Murtal <620>,-
Nicht klassifizierbar <0>,Mürzzuschlag ^<613>,-
Nicht klassifizierbar <0>,Murau <614>,-
Nicht klassifizierbar <0>,Radkersburg ^<615>,-
Nicht klassifizierbar <0>,Südoststeiermark <623>,-
Nicht klassifizierbar <0>,Voitsberg <616>,-
Nicht klassifizierbar <0>,Weiz <617>,-
Nicht klassifizierbar <0>,Innsbruck (Stadt) <701>,-
Nicht klassifizierbar <0>,Imst <702>,-
Nicht klassifizierbar <0>,Innsbruck Land <703>,-
Nicht klassifizierbar <0>,Kitzbühel <704>,-
Nicht klassifizierbar <0>,Kufstein <705>,-
Nicht klassifizierbar <0>,Landeck <706>,-
Nicht klassifizierbar <0>,Lienz <707>,-
Nicht klassifizierbar <0>,Reutte <708>,-
Nicht klassifizierbar <0>,Schwaz <709>,-
Nicht klassifizierbar <0>,Bludenz <801>,-
Nicht klassifizierbar <0>,Bregenz <802>,-
Nicht klassifizierbar <0>,Dornbirn <803>,-
Nicht klassifizierbar <0>,Feldkirch <804>,-
Nicht klassifizierbar <0>,"Wien 1.Bezirk, Innere Stadt <901>",-
Nicht klassifizierbar <0>,"Wien 2.Bezirk, Leopoldstadt <902>",-
Nicht klassifizierbar <0>,"Wien 3.Bezirk, Landstraße <903>",-
Nicht klassifizierbar <0>,"Wien 4.Bezirk, Wieden <904>",-
Nicht klassifizierbar <0>,"Wien 5.Bezirk, Margareten <905>",-
Nicht klassifizierbar <0>,"Wien 6.Bezirk, Mariahilf <906>",-
Nicht klassifizierbar <0>,"Wien 7.Bezirk, Neubau <907>",-
Nicht klassifizierbar <0>,"Wien 8.Bezirk, Josefstadt <908>",-
Nicht klassifizierbar <0>,"Wien 9.Bezirk, Alsergrund <909>",-
Nicht klassifizierbar <0>,"Wien 10.Bezirk, Favoriten <910>",-
Nicht klassifizierbar <0>,"Wien 11.Bezirk, Simmering <911>",-
Nicht klassifizierbar <0>,"Wien 12.Bezirk, Meidling <912>",-
Nicht klassifizierbar <0>,"Wien 13.Bezirk, Hietzing <913>",-
Nicht klassifizierbar <0>,"Wien 14.Bezirk, Penzing <914>",-
Nicht klassifizierbar <0>,"Wien 15.Bezirk, Rudolfsheim-Fünfhaus <915>",-
Nicht klassifizierbar <0>,"Wien 16.Bezirk, Ottakring <916>",-
Nicht klassifizierbar <0>,"Wien 17.Bezirk, Hernals <917>",-
Nicht klassifizierbar <0>,"Wien 18.Bezirk, Währing <918>",-
Nicht klassifizierbar <0>,"Wien 19.Bezirk, Döbling <919>",-
Nicht klassifizierbar <0>,"Wien 20.Bezirk, Brigittenau <920>",-
Nicht klassifizierbar <0>,"Wien 21.Bezirk, Floridsdorf <921>",-
Nicht klassifizierbar <0>,"Wien 22.Bezirk, Donaustadt <922>",-
Nicht klassifizierbar <0>,"Wien 23.Bezirk, Liesing <923>",-
Eisenstadt (Stadt) <101>,Eisenstadt (Stadt) <101>,794
Eisenstadt (Stadt) <101>,Rust (Stadt) <102>,13
Eisenstadt (Stadt) <101>,Eisenstadt Umgebung <103>,237
Eisenstadt (Stadt) <101>,Güssing <104>,2
Eisenstadt (Stadt) <101>,Jennersdorf <105>,1
Eisenstadt (Stadt) <101>,Mattersburg <106>,102
Eisenstadt (Stadt) <101>,Neusiedl am See <107>,18
Eisenstadt (Stadt) <101>,Oberpullendorf <108>,34
Eisenstadt (Stadt) <101>,Oberwart <109>,23
Eisenstadt (Stadt) <101>,Klagenfurt (Stadt) <201>,7
Eisenstadt (Stadt) <101>,Villach (Stadt) <202>,2
Eisenstadt (Stadt) <101>,Feldkirchen <210>,-
Eisenstadt (Stadt) <101>,Hermagor <203>,-
Eisenstadt (Stadt) <101>,Klagenfurt Land <204>,-
Eisenstadt (Stadt) <101>,Sankt Veit an der Glan <205>,1
Eisenstadt (Stadt) <101>,Spittal an der Drau <206>,-
Eisenstadt (Stadt) <101>,Villach Land <207>,-
Eisenstadt (Stadt) <101>,Völkermarkt <208>,3
Eisenstadt (Stadt) <101>,Wolfsberg <209>,3
Eisenstadt (Stadt) <101>,Krems an der Donau (Stadt) <301>,2
Eisenstadt (Stadt) <101>,Sankt Pölten (Stadt) <302>,9
Eisenstadt (Stadt) <101>,Waidhofen an der Ybbs (Stadt) <303>,-
Eisenstadt (Stadt) <101>,Wiener Neustadt (Stadt) <304>,19
Eisenstadt (Stadt) <101>,Amstetten <305>,1
Eisenstadt (Stadt) <101>,Baden <306>,51
Eisenstadt (Stadt) <101>,Bruck an der Leitha <307>,16
Eisenstadt (Stadt) <101>,Gänserndorf <308>,2
Eisenstadt (Stadt) <101>,Gmünd <309>,1
Eisenstadt (Stadt) <101>,Hollabrunn <310>,9
Eisenstadt (Stadt) <101>,Horn <311>,-
Eisenstadt (Stadt) <101>,Korneuburg <312>,9
Eisenstadt (Stadt) <101>,Krems Land <313>,-
Eisenstadt (Stadt) <101>,Lilienfeld <314>,-
Eisenstadt (Stadt) <101>,Melk <315>,1
Eisenstadt (Stadt) <101>,Mistelbach <316>,-
Eisenstadt (Stadt) <101>,Mödling <317>,21
Eisenstadt (Stadt) <101>,Neunkirchen <318>,14
Eisenstadt (Stadt) <101>,Sankt Pölten Land <319>,13
Eisenstadt (Stadt) <101>,Scheibbs <320>,1
Eisenstadt (Stadt) <101>,Tulln <321>,6
Eisenstadt (Stadt) <101>,Waidhofen an der Thaya <322>,-
Eisenstadt (Stadt) <101>,Wiener Neustadt Land <323>,16
Eisenstadt (Stadt) <101>,Wien Umgebung ^<324>,-
Eisenstadt (Stadt) <101>,Zwettl <325>,-
Eisenstadt (Stadt) <101>,Stadt Linz <401>,5
Eisenstadt (Stadt) <101>,Stadt Steyr <402>,-
Eisenstadt (Stadt) <101>,Stadt Wels <403>,-
Eisenstadt (Stadt) <101>,Braunau <404>,1
Eisenstadt (Stadt) <101>,Eferding <405>,-
Eisenstadt (Stadt) <101>,Freistadt <406>,-
Eisenstadt (Stadt) <101>,Gmunden <407>,2
Eisenstadt (Stadt) <101>,Grieskirchen <408>,-
Eisenstadt (Stadt) <101>,Kirchdorf <409>,-
Eisenstadt (Stadt) <101>,Linz Land <410>,1
Eisenstadt (Stadt) <101>,Perg <411>,-
Eisenstadt (Stadt) <101>,Ried <412>,2
Eisenstadt (Stadt) <101>,Rohrbach <413>,2
Eisenstadt (Stadt) <101>,Schärding <414>,3
Eisenstadt (Stadt) <101>,Steyr Land <415>,1
Eisenstadt (Stadt) <101>,Urfahr Umgebung <416>,-
Eisenstadt (Stadt) <101>,Vöcklabruck <417>,2
Eisenstadt (Stadt) <101>,Wels Land <418>,-
Eisenstadt (Stadt) <101>,Salzburg (Stadt) <501>,1
Eisenstadt (Stadt) <101>,Hallein <502>,-
Eisenstadt (Stadt) <101>,Salzburg Umgebung <503>,-
Eisenstadt (Stadt) <101>,St. Johann im Pongau <504>,-
Eisenstadt (Stadt) <101>,Tamsweg <505>,-
Eisenstadt (Stadt) <101>,Zell am See <506>,2
Rust (Stadt) <102>,Eisenstadt (Stadt) <101>,16
Rust (Stadt) <102>,Rust (Stadt) <102>,20
Rust (Stadt) <102>,Eisenstadt Umgebung <103>,16
Rust (Stadt) <102>,Güssing <104>,-
Rust (Stadt) <102>,Jennersdorf <105>,-
Rust (Stadt) <102>,Mattersburg <106>,6
Rust (Stadt) <102>,Neusiedl am See <107>,6
Rust (Stadt) <102>,Oberpullendorf <108>,3
Rust (Stadt) <102>,Oberwart <109>,-
Rust (Stadt) <102>,Klagenfurt (Stadt) <201>,-
Rust (Stadt) <102>,Villach (Stadt) <202>,-
Rust (Stadt) <102>,Feldkirchen <210>,-
Rust (Stadt) <102>,Hermagor <203>,-
Rust (Stadt) <102>,Klagenfurt Land <204>,-
Rust (Stadt) <102>,Sankt Veit an der Glan <205>,-
Rust (Stadt) <102>,Spittal an der Drau <206>,-
Rust (Stadt) <102>,Villach Land <207>,-
Rust (Stadt) <102>,Völkermarkt <208>,-
Rust (Stadt) <102>,Wolfsberg <209>,-
Rust (Stadt) <102>,Krems an der Donau (Stadt) <301>,1
Rust (Stadt) <102>,Sankt Pölten (Stadt) <302>,-
Rust (Stadt) <102>,Waidhofen an der Ybbs (Stadt) <303>,-
Rust (Stadt) <102>,Wiener Neustadt (Stadt) <304>,-
Rust (Stadt) <102>,Amstetten <305>,-
Rust (Stadt) <102>,Baden <306>,1
Rust (Stadt) <102>,Bruck an der Leitha <307>,-
Rust (Stadt) <102>,Gänserndorf <308>,-
Rust (Stadt) <102>,Gmünd <309>,-
Rust (Stadt) <102>,Hollabrunn <310>,-
Rust (Stadt) <102>,Horn <311>,-
Rust (Stadt) <102>,Korneuburg <312>,-
Rust (Stadt) <102>,Krems Land <313>,-
Rust (Stadt) <102>,Lilienfeld <314>,-
Rust (Stadt) <102>,Melk <315>,-
Rust (Stadt) <102>,Mistelbach <316>,-
Rust (Stadt) <102>,Mödling <317>,1
Rust (Stadt) <102>,Neunkirchen <318>,1
Rust (Stadt) <102>,Sankt Pölten Land <319>,-
Rust (Stadt) <102>,Scheibbs <320>,-
Rust (Stadt) <102>,Tulln <321>,-
Rust (Stadt) <102>,Waidhofen an der Thaya <322>,-
Rust (Stadt) <102>,Wiener Neustadt Land <323>,-
Rust (Stadt) <102>,Wien Umgebung ^<324>,-
Rust (Stadt) <102>,Zwettl <325>,-
Rust (Stadt) <102>,Stadt Linz <401>,-
Rust (Stadt) <102>,Stadt Steyr <402>,-
Rust (Stadt) <102>,Stadt Wels <403>,-
Rust (Stadt) <102>,Braunau <404>,-
Rust (Stadt) <102>,Eferding <405>,-
Rust (Stadt) <102>,Freistadt <406>,-
Rust (Stadt) <102>,Gmunden <407>,-
Rust (Stadt) <102>,Grieskirchen <408>,-
Rust (Stadt) <102>,Kirchdorf <409>,-
Rust (Stadt) <102>,Linz Land <410>,-
Rust (Stadt) <102>,Perg <411>,-
Rust (Stadt) <102>,Ried <412>,-
Rust (Stadt) <102>,Rohrbach <413>,-
Rust (Stadt) <102>,Schärding <414>,-
Rust (Stadt) <102>,Steyr Land <415>,-
Rust (Stadt) <102>,Urfahr Umgebung <416>,-
Rust (Stadt) <102>,Vöcklabruck <417>,-
Rust (Stadt) <102>,Wels Land <418>,-
Rust (Stadt) <102>,Salzburg (Stadt) <501>,-
Rust (Stadt) <102>,Hallein <502>,-
Rust (Stadt) <102>,Salzburg Umgebung <503>,-
Rust (Stadt) <102>,St. Johann im Pongau <504>,-
Rust (Stadt) <102>,Tamsweg <505>,-
Rust (Stadt) <102>,Zell am See <506>,-
Eisenstadt Umgebung <103>,Eisenstadt (Stadt) <101>,346
Eisenstadt Umgebung <103>,Rust (Stadt) <102>,33
Eisenstadt Umgebung <103>,Eisenstadt Umgebung <103>,993
Eisenstadt Umgebung <103>,Güssing <104>,9
Eisenstadt Umgebung <103>,Jennersdorf <105>,1
Eisenstadt Umgebung <103>,Mattersburg <106>,124
Eisenstadt Umgebung <103>,Neusiedl am See <107>,78
Eisenstadt Umgebung <103>,Oberpullendorf <108>,31
Eisenstadt Umgebung <103>,Oberwart <109>,17
Eisenstadt Umgebung <103>,Klagenfurt (Stadt) <201>,1
Eisenstadt Umgebung <103>,Villach (Stadt) <202>,-
Eisenstadt Umgebung <103>,Feldkirchen <210>,-
Eisenstadt Umgebung <103>,Hermagor <203>,-
Eisenstadt Umgebung <103>,Klagenfurt Land <204>,3
Eisenstadt Umgebung <103>,Sankt Veit an der Glan <205>,2
Eisenstadt Umgebung <103>,Spittal an der Drau <206>,-
Eisenstadt Umgebung <103>,Villach Land <207>,3
Eisenstadt Umgebung <103>,Völkermarkt <208>,-
Eisenstadt Umgebung <103>,Wolfsberg <209>,1
Eisenstadt Umgebung <103>,Krems an der Donau (Stadt) <301>,1
Eisenstadt Umgebung <103>,Sankt Pölten (Stadt) <302>,2
Eisenstadt Umgebung <103>,Waidhofen an der Ybbs (Stadt) <303>,-
Eisenstadt Umgebung <103>,Wiener Neustadt (Stadt) <304>,37
Eisenstadt Umgebung <103>,Amstetten <305>,4
Eisenstadt Umgebung <103>,Baden <306>,98
Eisenstadt Umgebung <103>,Bruck an der Leitha <307>,42
Eisenstadt Umgebung <103>,Gänserndorf <308>,5
Eisenstadt Umgebung <103>,Gmünd <309>,3
Eisenstadt Umgebung <103>,Hollabrunn <310>,2
Eisenstadt Umgebung <103>,Horn <311>,-
Eisenstadt Umgebung <103>,Korneuburg <312>,4
Eisenstadt Umgebung <103>,Krems Land <313>,-
Eisenstadt Umgebung <103>,Lilienfeld <314>,2
Eisenstadt Umgebung <103>,Melk <315>,-
Eisenstadt Umgebung <103>,Mistelbach <316>,8
Eisenstadt Umgebung <103>,Mödling <317>,28
Eisenstadt Umgebung <103>,Neunkirchen <318>,22
Eisenstadt Umgebung <103>,Sankt Pölten Land <319>,5
Eisenstadt Umgebung <103>,Scheibbs <320>,-
Eisenstadt Umgebung <103>,Tulln <321>,6
Eisenstadt Umgebung <103>,Waidhofen an der Thaya <322>,1
Eisenstadt Umgebung <103>,Wiener Neustadt Land <323>,62
Eisenstadt Umgebung <103>,Wien Umgebung ^<324>,-
Eisenstadt Umgebung <103>,Zwettl <325>,-
Eisenstadt Umgebung <103>,Stadt Linz <401>,5
Eisenstadt Umgebung <103>,Stadt Steyr <402>,-
Eisenstadt Umgebung <103>,Stadt Wels <403>,-
Eisenstadt Umgebung <103>,Braunau <404>,-
Eisenstadt Umgebung <103>,Eferding <405>,-
Eisenstadt Umgebung <103>,Freistadt <406>,-
Eisenstadt Umgebung <103>,Gmunden <407>,-
Eisenstadt Umgebung <103>,Grieskirchen <408>,-
Eisenstadt Umgebung <103>,Kirchdorf <409>,-
Eisenstadt Umgebung <103>,Linz Land <410>,-
Eisenstadt Umgebung <103>,Perg <411>,-
Eisenstadt Umgebung <103>,Ried <412>,1
Eisenstadt Umgebung <103>,Rohrbach <413>,-
Eisenstadt Umgebung <103>,Schärding <414>,1
Eisenstadt Umgebung <103>,Steyr Land <415>,2
Eisenstadt Umgebung <103>,Urfahr Umgebung <416>,1
Eisenstadt Umgebung <103>,Vöcklabruck <417>,-
Eisenstadt Umgebung <103>,Wels Land <418>,2
Eisenstadt Umgebung <103>,Salzburg (Stadt) <501>,2
Eisenstadt Umgebung <103>,Hallein <502>,-
Eisenstadt Umgebung <103>,Salzburg Umgebung <503>,2
Eisenstadt Umgebung <103>,St. Johann im Pongau <504>,2
Eisenstadt Umgebung <103>,Tamsweg <505>,1
Eisenstadt Umgebung <103>,Zell am See <506>,2
Güssing <104>,Eisenstadt (Stadt) <101>,6
Güssing <104>,Rust (Stadt) <102>,-
Güssing <104>,Eisenstadt Umgebung <103>,8
Güssing <104>,Güssing <104>,685
Güssing <104>,Jennersdorf <105>,60
Güssing <104>,Mattersburg <106>,8
Güssing <104>,Neusiedl am See <107>,6
Güssing <104>,Oberpullendorf <108>,7
Güssing <104>,Oberwart <109>,170
Güssing <104>,Klagenfurt (Stadt) <201>,1
Güssing <104>,Villach (Stadt) <202>,4
Güssing <104>,Feldkirchen <210>,-
Güssing <104>,Hermagor <203>,1
Güssing <104>,Klagenfurt Land <204>,7
Güssing <104>,Sankt Veit an der Glan <205>,-
Güssing <104>,Spittal an der Drau <206>,1
Güssing <104>,Villach Land <207>,-
Güssing <104>,Völkermarkt <208>,-
Güssing <104>,Wolfsberg <209>,-
Güssing <104>,Krems an der Donau (Stadt) <301>,-
Güssing <104>,Sankt Pölten (Stadt) <302>,3
Güssing <104>,Waidhofen an der Ybbs (Stadt) <303>,-
Güssing <104>,Wiener Neustadt (Stadt) <304>,5
Güssing <104>,Amstetten <305>,1
Güssing <104>,Baden <306>,5
Güssing <104>,Bruck an der Leitha <307>,3
Güssing <104>,Gänserndorf <308>,6
Güssing <104>,Gmünd <309>,-
Güssing <104>,Hollabrunn <310>,-
Güssing <104>,Horn <311>,-
Güssing <104>,Korneuburg <312>,2
Güssing <104>,Krems Land <313>,-
Güssing <104>,Lilienfeld <314>,-
Güssing <104>,Melk <315>,-
Güssing <104>,Mistelbach <316>,2
Güssing <104>,Mödling <317>,14
Güssing <104>,Neunkirchen <318>,8
Güssing <104>,Sankt Pölten Land <319>,7
Güssing <104>,Scheibbs <320>,-
Güssing <104>,Tulln <321>,2
Güssing <104>,Waidhofen an der Thaya <322>,1
Güssing <104>,Wiener Neustadt Land <323>,4
Güssing <104>,Wien Umgebung ^<324>,-
Güssing <104>,Zwettl <325>,2
Güssing <104>,Stadt Linz <401>,-
Güssing <104>,Stadt Steyr <402>,-
Güssing <104>,Stadt Wels <403>,1
Güssing <104>,Braunau <404>,1
Güssing <104>,Eferding <405>,-
Güssing <104>,Freistadt <406>,-
Güssing <104>,Gmunden <407>,-
Güssing <104>,Grieskirchen <408>,-
Güssing <104>,Kirchdorf <409>,-
Güssing <104>,Linz Land <410>,1
Güssing <104>,Perg <411>,1
Güssing <104>,Ried <412>,1
Güssing <104>,Rohrbach <413>,-
Güssing <104>,Schärding <414>,-
Güssing <104>,Steyr Land <415>,-
Güssing <104>,Urfahr Umgebung <416>,-
Güssing <104>,Vöcklabruck <417>,2
Güssing <104>,Wels Land <418>,-
Güssing <104>,Salzburg (Stadt) <501>,1
Güssing <104>,Hallein <502>,1
Güssing <104>,Salzburg Umgebung <503>,2
Güssing <104>,St. Johann im Pongau <504>,2
Güssing <104>,Tamsweg <505>,-
Güssing <104>,Zell am See <506>,2
Jennersdorf <105>,Eisenstadt (Stadt) <101>,1
Jennersdorf <105>,Rust (Stadt) <102>,1
Jennersdorf <105>,Eisenstadt Umgebung <103>,2
Jennersdorf <105>,Güssing <104>,74
Jennersdorf <105>,Jennersdorf <105>,429
Jennersdorf <105>,Mattersburg <106>,-
Jennersdorf <105>,Neusiedl am See <107>,3
Jennersdorf <105>,Oberpullendorf <108>,3
Jennersdorf <105>,Oberwart <109>,17
Jennersdorf <105>,Klagenfurt (Stadt) <201>,-
Jennersdorf <105>,Villach (Stadt) <202>,-
Jennersdorf <105>,Feldkirchen <210>,-
Jennersdorf <105>,Hermagor <203>,-
Jennersdorf <105>,Klagenfurt Land <204>,-
Jennersdorf <105>,Sankt Veit an der Glan <205>,-
Jennersdorf <105>,Spittal an der Drau <206>,-
Jennersdorf <105>,Villach Land <207>,-
Jennersdorf <105>,Völkermarkt <208>,-
Jennersdorf <105>,Wolfsberg <209>,-
Jennersdorf <105>,Krems an der Donau (Stadt) <301>,-
Jennersdorf <105>,Sankt Pölten (Stadt) <302>,-
Jennersdorf <105>,Waidhofen an der Ybbs (Stadt) <303>,-
Jennersdorf <105>,Wiener Neustadt (Stadt) <304>,-
Jennersdorf <105>,Amstetten <305>,1
Jennersdorf <105>,Baden <306>,-
Jennersdorf <105>,Bruck an der Leitha <307>,1
Jennersdorf <105>,Gänserndorf <308>,-
Jennersdorf <105>,Gmünd <309>,3
Jennersdorf <105>,Hollabrunn <310>,-
Jennersdorf <105>,Horn <311>,-
Jennersdorf <105>,Korneuburg <312>,1
Jennersdorf <105>,Krems Land <313>,-
Jennersdorf <105>,Lilienfeld <314>,-
Jennersdorf <105>,Melk <315>,-
Jennersdorf <105>,Mistelbach <316>,1
Jennersdorf <105>,Mödling <317>,2
Jennersdorf <105>,Neunkirchen <318>,2
Jennersdorf <105>,Sankt Pölten Land <319>,2
Jennersdorf <105>,Scheibbs <320>,-
Jennersdorf <105>,Tulln <321>,-
Jennersdorf <105>,Waidhofen an der Thaya <322>,-
Jennersdorf <105>,Wiener Neustadt Land <323>,2
Jennersdorf <105>,Wien Umgebung ^<324>,-
Jennersdorf <105>,Zwettl <325>,-
Jennersdorf <105>,Stadt Linz <401>,-
Jennersdorf <105>,Stadt Steyr <402>,-
Jennersdorf <105>,Stadt Wels <403>,-
Jennersdorf <105>,Braunau <404>,-
Jennersdorf <105>,Eferding <405>,-
Jennersdorf <105>,Freistadt <406>,-
Jennersdorf <105>,Gmunden <407>,-
Jennersdorf <105>,Grieskirchen <408>,1
Jennersdorf <105>,Kirchdorf <409>,-
Jennersdorf <105>,Linz Land <410>,1
Jennersdorf <105>,Perg <411>,-
Jennersdorf <105>,Ried <412>,-
Jennersdorf <105>,Rohrbach <413>,-
Jennersdorf <105>,Schärding <414>,1
Jennersdorf <105>,Steyr Land <415>,-
Jennersdorf <105>,Urfahr Umgebung <416>,-
Jennersdorf <105>,Vöcklabruck <417>,-
Jennersdorf <105>,Wels Land <418>,-
Jennersdorf <105>,Salzburg (Stadt) <501>,1
Jennersdorf <105>,Hallein <502>,-
Jennersdorf <105>,Salzburg Umgebung <503>,1
Jennersdorf <105>,St. Johann im Pongau <504>,-
Jennersdorf <105>,Tamsweg <505>,-
Jennersdorf <105>,Zell am See <506>,1
Mattersburg <106>,Eisenstadt (Stadt) <101>,134
Mattersburg <106>,Rust (Stadt) <102>,7
Mattersburg <106>,Eisenstadt Umgebung <103>,84
Mattersburg <106>,Güssing <104>,13
Mattersburg <106>,Jennersdorf <105>,5
Mattersburg <106>,Mattersburg <106>,1260
Mattersburg <106>,Neusiedl am See <107>,25
Mattersburg <106>,Oberpullendorf <108>,78
Mattersburg <106>,Oberwart <109>,34
Mattersburg <106>,Klagenfurt (Stadt) <201>,3
Mattersburg <106>,Villach (Stadt) <202>,-
Mattersburg <106>,Feldkirchen <210>,-
Mattersburg <106>,Hermagor <203>,-
Mattersburg <106>,Klagenfurt Land <204>,1
Mattersburg <106>,Sankt Veit an der Glan <205>,-
Mattersburg <106>,Spittal an der Drau <206>,1
Mattersburg <106>,Villach Land <207>,2
Mattersburg <106>,Völkermarkt <208>,-
Mattersburg <106>,Wolfsberg <209>,-
Mattersburg <106>,Krems an der Donau (Stadt) <301>,1
Mattersburg <106>,Sankt Pölten (Stadt) <302>,2
Mattersburg <106>,Waidhofen an der Ybbs (Stadt) <303>,-
Mattersburg <106>,Wiener Neustadt (Stadt) <304>,178
Mattersburg <106>,Amstetten <305>,-
Mattersburg <106>,Baden <306>,53
Mattersburg <106>,Bruck an der Leitha <307>,15
Mattersburg <106>,Gänserndorf <308>,1
Mattersburg <106>,Gmünd <309>,-
Mattersburg <106>,Hollabrunn <310>,6
Mattersburg <106>,Horn <311>,-
Mattersburg <106>,Korneuburg <312>,4
Mattersburg <106>,Krems Land <313>,3
Mattersburg <106>,Lilienfeld <314>,1
Mattersburg <106>,Melk <315>,-
Mattersburg <106>,Mistelbach <316>,1
Mattersburg <106>,Mödling <317>,13
Mattersburg <106>,Neunkirchen <318>,45
Mattersburg <106>,Sankt Pölten Land <319>,2
Mattersburg <106>,Scheibbs <320>,-
Mattersburg <106>,Tulln <321>,5
Mattersburg <106>,Waidhofen an der Thaya <322>,-
Mattersburg <106>,Wiener Neustadt Land <323>,90
Mattersburg <106>,Wien Umgebung ^<324>,-
Mattersburg <106>,Zwettl <325>,-
Mattersburg <106>,Stadt Linz <401>,6
Mattersburg <106>,Stadt Steyr <402>,2
Mattersburg <106>,Stadt Wels <403>,-
Mattersburg <106>,Braunau <404>,3
Mattersburg <106>,Eferding <405>,1
Mattersburg <106>,Freistadt <406>,-
Mattersburg <106>,Gmunden <407>,2
Mattersburg <106>,Grieskirchen <408>,-
Mattersburg <106>,Kirchdorf <409>,1
Mattersburg <106>,Linz Land <410>,-
Mattersburg <106>,Perg <411>,1
Mattersburg <106>,Ried <412>,-
Mattersburg <106>,Rohrbach <413>,-
Mattersburg <106>,Schärding <414>,-
Mattersburg <106>,Steyr Land <415>,1
Mattersburg <106>,Urfahr Umgebung <416>,2
Mattersburg <106>,Vöcklabruck <417>,9
Mattersburg <106>,Wels Land <418>,1
Mattersburg <106>,Salzburg (Stadt) <501>,6
Mattersburg <106>,Hallein <502>,-
Mattersburg <106>,Salzburg Umgebung <503>,1
Mattersburg <106>,St. Johann im Pongau <504>,4
Mattersburg <106>,Tamsweg <505>,-
Mattersburg <106>,Zell am See <506>,-
Neusiedl am See <107>,Eisenstadt (Stadt) <101>,42
Neusiedl am See <107>,Rust (Stadt) <102>,4
Neusiedl am See <107>,Eisenstadt Umgebung <103>,107
Neusiedl am See <107>,Güssing <104>,6
Neusiedl am See <107>,Jennersdorf <105>,2
Neusiedl am See <107>,Mattersburg <106>,20
Neusiedl am See <107>,Neusiedl am See <107>,2107
Neusiedl am See <107>,Oberpullendorf <108>,17
Neusiedl am See <107>,Oberwart <109>,22
Neusiedl am See <107>,Klagenfurt (Stadt) <201>,1
Neusiedl am See <107>,Villach (Stadt) <202>,2
Neusiedl am See <107>,Feldkirchen <210>,1
Neusiedl am See <107>,Hermagor <203>,-
Neusiedl am See <107>,Klagenfurt Land <204>,-
Neusiedl am See <107>,Sankt Veit an der Glan <205>,3
Neusiedl am See <107>,Spittal an der Drau <206>,3
Neusiedl am See <107>,Villach Land <207>,2
Neusiedl am See <107>,Völkermarkt <208>,3
Neusiedl am See <107>,Wolfsberg <209>,-
Neusiedl am See <107>,Krems an der Donau (Stadt) <301>,1
Neusiedl am See <107>,Sankt Pölten (Stadt) <302>,1
Neusiedl am See <107>,Waidhofen an der Ybbs (Stadt) <303>,-
Neusiedl am See <107>,Wiener Neustadt (Stadt) <304>,5
Neusiedl am See <107>,Amstetten <305>,-
Neusiedl am See <107>,Baden <306>,14
Neusiedl am See <107>,Bruck an der Leitha <307>,218
Neusiedl am See <107>,Gänserndorf <308>,18
Neusiedl am See <107>,Gmünd <309>,5
Neusiedl am See <107>,Hollabrunn <310>,7
Neusiedl am See <107>,Horn <311>,1
Neusiedl am See <107>,Korneuburg <312>,10
Neusiedl am See <107>,Krems Land <313>,-
Neusiedl am See <107>,Lilienfeld <314>,-
Neusiedl am See <107>,Melk <315>,1
Neusiedl am See <107>,Mistelbach <316>,9
Neusiedl am See <107>,Mödling <317>,19
Neusiedl am See <107>,Neunkirchen <318>,10
Neusiedl am See <107>,Sankt Pölten Land <319>,5
Neusiedl am See <107>,Scheibbs <320>,2
Neusiedl am See <107>,Tulln <321>,13
Neusiedl am See <107>,Waidhofen an der Thaya <322>,1
Neusiedl am See <107>,Wiener Neustadt Land <323>,4
Neusiedl am See <107>,Wien Umgebung ^<324>,-
Neusiedl am See <107>,Zwettl <325>,-
Neusiedl am See <107>,Stadt Linz <401>,7
Neusiedl am See <107>,Stadt Steyr <402>,1
Neusiedl am See <107>,Stadt Wels <403>,2
Neusiedl am See <107>,Braunau <404>,-
Neusiedl am See <107>,Eferding <405>,-
Neusiedl am See <107>,Freistadt <406>,-
Neusiedl am See <107>,Gmunden <407>,9
Neusiedl am See <107>,Grieskirchen <408>,-
Neusiedl am See <107>,Kirchdorf <409>,-
Neusiedl am See <107>,Linz Land <410>,4
Neusiedl am See <107>,Perg <411>,1
Neusiedl am See <107>,Ried <412>,-
Neusiedl am See <107>,Rohrbach <413>,2
Neusiedl am See <107>,Schärding <414>,-
Neusiedl am See <107>,Steyr Land <415>,-
Neusiedl am See <107>,Urfahr Umgebung <416>,-
Neusiedl am See <107>,Vöcklabruck <417>,3
Neusiedl am See <107>,Wels Land <418>,1
Neusiedl am See <107>,Salzburg (Stadt) <501>,3
Neusiedl am See <107>,Hallein <502>,1
Neusiedl am See <107>,Salzburg Umgebung <503>,2
Neusiedl am See <107>,St. Johann im Pongau <504>,8
Neusiedl am See <107>,Tamsweg <505>,-
Neusiedl am See <107>,Zell am See <506>,4
Oberpullendorf <108>,Eisenstadt (Stadt) <101>,35
Oberpullendorf <108>,Rust (Stadt) <102>,15
Oberpullendorf <108>,Eisenstadt Umgebung <103>,23
Oberpullendorf <108>,Güssing <104>,11
Oberpullendorf <108>,Jennersdorf <105>,3
Oberpullendorf <108>,Mattersburg <106>,83
Oberpullendorf <108>,Neusiedl am See <107>,24
Oberpullendorf <108>,Oberpullendorf <108>,1253
Oberpullendorf <108>,Oberwart <109>,95
Oberpullendorf <108>,Klagenfurt (Stadt) <201>,1
Oberpullendorf <108>,Villach (Stadt) <202>,-
Oberpullendorf <108>,Feldkirchen <210>,-
Oberpullendorf <108>,Hermagor <203>,-
Oberpullendorf <108>,Klagenfurt Land <204>,2
Oberpullendorf <108>,Sankt Veit an der Glan <205>,-
Oberpullendorf <108>,Spittal an der Drau <206>,-
Oberpullendorf <108>,Villach Land <207>,-
Oberpullendorf <108>,Völkermarkt <208>,2
Oberpullendorf <108>,Wolfsberg <209>,3
Oberpullendorf <108>,Krems an der Donau (Stadt) <301>,-
Oberpullendorf <108>,Sankt Pölten (Stadt) <302>,2
Oberpullendorf <108>,Waidhofen an der Ybbs (Stadt) <303>,-
Oberpullendorf <108>,Wiener Neustadt (Stadt) <304>,32
Oberpullendorf <108>,Amstetten <305>,1
Oberpullendorf <108>,Baden <306>,13
Oberpullendorf <108>,Bruck an der Leitha <307>,4
Oberpullendorf <108>,Gänserndorf <308>,10
Oberpullendorf <108>,Gmünd <309>,-
Oberpullendorf <108>,Hollabrunn <310>,1
Oberpullendorf <108>,Horn <311>,-
Oberpullendorf <108>,Korneuburg <312>,7
Oberpullendorf <108>,Krems Land <313>,-
Oberpullendorf <108>,Lilienfeld <314>,-
Oberpullendorf <108>,Melk <315>,2
Oberpullendorf <108>,Mistelbach <316>,5
Oberpullendorf <108>,Mödling <317>,6
Oberpullendorf <108>,Neunkirchen <318>,18
Oberpullendorf <108>,Sankt Pölten Land <319>,1
Oberpullendorf <108>,Scheibbs <320>,-
Oberpullendorf <108>,Tulln <321>,7
Oberpullendorf <108>,Waidhofen an der Thaya <322>,-
Oberpullendorf <108>,Wiener Neustadt Land <323>,44
Oberpullendorf <108>,Wien Umgebung ^<324>,-
Oberpullendorf <108>,Zwettl <325>,-
Oberpullendorf <108>,Stadt Linz <401>,7
Oberpullendorf <108>,Stadt Steyr <402>,-
Oberpullendorf <108>,Stadt Wels <403>,-
Oberpullendorf <108>,Braunau <404>,1
Oberpullendorf <108>,Eferding <405>,-
Oberpullendorf <108>,Freistadt <406>,-
Oberpullendorf <108>,Gmunden <407>,-
Oberpullendorf <108>,Grieskirchen <408>,-
Oberpullendorf <108>,Kirchdorf <409>,-
Oberpullendorf <108>,Linz Land <410>,-
Oberpullendorf <108>,Perg <411>,2
Oberpullendorf <108>,Ried <412>,2
Oberpullendorf <108>,Rohrbach <413>,1
Oberpullendorf <108>,Schärding <414>,-
Oberpullendorf <108>,Steyr Land <415>,-
Oberpullendorf <108>,Urfahr Umgebung <416>,1
Oberpullendorf <108>,Vöcklabruck <417>,3
Oberpullendorf <108>,Wels Land <418>,6
Oberpullendorf <108>,Salzburg (Stadt) <501>,2
Oberpullendorf <108>,Hallein <502>,-
Oberpullendorf <108>,Salzburg Umgebung <503>,-
Oberpullendorf <108>,St. Johann im Pongau <504>,1
Oberpullendorf <108>,Tamsweg <505>,-
Oberpullendorf <108>,Zell am See <506>,1
Oberwart <109>,Eisenstadt (Stadt) <101>,19
Oberwart <109>,Rust (Stadt) <102>,-
Oberwart <109>,Eisenstadt Umgebung <103>,15
Oberwart <109>,Güssing <104>,203
Oberwart <109>,Jennersdorf <105>,26
Oberwart <109>,Mattersburg <106>,27
Oberwart <109>,Neusiedl am See <107>,16
Oberwart <109>,Oberpullendorf <108>,65
Oberwart <109>,Oberwart <109>,2474
Oberwart <109>,Klagenfurt (Stadt) <201>,6
Oberwart <109>,Villach (Stadt) <202>,2
Oberwart <109>,Feldkirchen <210>,-
Oberwart <109>,Hermagor <203>,-
Oberwart <109>,Klagenfurt Land <204>,-
Oberwart <109>,Sankt Veit an der Glan <205>,-
Oberwart <109>,Spittal an der Drau <206>,-
Oberwart <109>,Villach Land <207>,1
Oberwart <109>,Völkermarkt <208>,1
Oberwart <109>,Wolfsberg <209>,-
Oberwart <109>,Krems an der Donau (Stadt) <301>,1
Oberwart <109>,Sankt Pölten (Stadt) <302>,1
Oberwart <109>,Waidhofen an der Ybbs (Stadt) <303>,-
Oberwart <109>,Wiener Neustadt (Stadt) <304>,40
Oberwart <109>,Amstetten <305>,1
Oberwart <109>,Baden <306>,21
Oberwart <109>,Bruck an der Leitha <307>,10
Oberwart <109>,Gänserndorf <308>,1
Oberwart <109>,Gmünd <309>,-
Oberwart <109>,Hollabrunn <310>,-
Oberwart <109>,Horn <311>,3
Oberwart <109>,Korneuburg <312>,6
Oberwart <109>,Krems Land <313>,2
Oberwart <109>,Lilienfeld <314>,-
Oberwart <109>,Melk <315>,1
Oberwart <109>,Mistelbach <316>,4
Oberwart <109>,Mödling <317>,7
Oberwart <109>,Neunkirchen <318>,29
Oberwart <109>,Sankt Pölten Land <319>,2
Oberwart <109>,Scheibbs <320>,-
Oberwart <109>,Tulln <321>,8
Oberwart <109>,Waidhofen an der Thaya <322>,1
Oberwart <109>,Wiener Neustadt Land <323>,21
Oberwart <109>,Wien Umgebung ^<324>,-
Oberwart <109>,Zwettl <325>,-
Oberwart <109>,Stadt Linz <401>,6
Oberwart <109>,Stadt Steyr <402>,3
Oberwart <109>,Stadt Wels <403>,5
Oberwart <109>,Braunau <404>,1
Oberwart <109>,Eferding <405>,1
Oberwart <109>,Freistadt <406>,-
Oberwart <109>,Gmunden <407>,-
Oberwart <109>,Grieskirchen <408>,-
Oberwart <109>,Kirchdorf <409>,1
Oberwart <109>,Linz Land <410>,-
Oberwart <109>,Perg <411>,1
Oberwart <109>,Ried <412>,-
Oberwart <109>,Rohrbach <413>,-
Oberwart <109>,Schärding <414>,2
Oberwart <109>,Steyr Land <415>,5
Oberwart <109>,Urfahr Umgebung <416>,2
Oberwart <109>,Vöcklabruck <417>,11
Oberwart <109>,Wels Land <418>,-
Oberwart <109>,Salzburg (Stadt) <501>,2
Oberwart <109>,Hallein <502>,1
Oberwart <109>,Salzburg Umgebung <503>,4
Oberwart <109>,St. Johann im Pongau <504>,4
Oberwart <109>,Tamsweg <505>,1
Oberwart <109>,Zell am See <506>,-
Klagenfurt (Stadt) <201>,Eisenstadt (Stadt) <101>,2
Klagenfurt (Stadt) <201>,Rust (Stadt) <102>,-
Klagenfurt (Stadt) <201>,Eisenstadt Umgebung <103>,-
Klagenfurt (Stadt) <201>,Güssing <104>,-
Klagenfurt (Stadt) <201>,Jennersdorf <105>,3
Klagenfurt (Stadt) <201>,Mattersburg <106>,-
Klagenfurt (Stadt) <201>,Neusiedl am See <107>,1
Klagenfurt (Stadt) <201>,Oberpullendorf <108>,2
Klagenfurt (Stadt) <201>,Oberwart <109>,12
Klagenfurt (Stadt) <201>,Klagenfurt (Stadt) <201>,6612
Klagenfurt (Stadt) <201>,Villach (Stadt) <202>,229
Klagenfurt (Stadt) <201>,Feldkirchen <210>,126
Klagenfurt (Stadt) <201>,Hermagor <203>,17
Klagenfurt (Stadt) <201>,Klagenfurt Land <204>,1194
Klagenfurt (Stadt) <201>,Sankt Veit an der Glan <205>,290
Klagenfurt (Stadt) <201>,Spittal an der Drau <206>,75
Klagenfurt (Stadt) <201>,Villach Land <207>,193
Klagenfurt (Stadt) <201>,Völkermarkt <208>,225
Klagenfurt (Stadt) <201>,Wolfsberg <209>,109
Klagenfurt (Stadt) <201>,Krems an der Donau (Stadt) <301>,3
Klagenfurt (Stadt) <201>,Sankt Pölten (Stadt) <302>,6
Klagenfurt (Stadt) <201>,Waidhofen an der Ybbs (Stadt) <303>,-
Klagenfurt (Stadt) <201>,Wiener Neustadt (Stadt) <304>,6
Klagenfurt (Stadt) <201>,Amstetten <305>,3
Klagenfurt (Stadt) <201>,Baden <306>,18
Klagenfurt (Stadt) <201>,Bruck an der Leitha <307>,2
Klagenfurt (Stadt) <201>,Gänserndorf <308>,7
Klagenfurt (Stadt) <201>,Gmünd <309>,5
Klagenfurt (Stadt) <201>,Hollabrunn <310>,1
Klagenfurt (Stadt) <201>,Horn <311>,2
Klagenfurt (Stadt) <201>,Korneuburg <312>,1
Klagenfurt (Stadt) <201>,Krems Land <313>,1
Klagenfurt (Stadt) <201>,Lilienfeld <314>,-
Klagenfurt (Stadt) <201>,Melk <315>,-
Klagenfurt (Stadt) <201>,Mistelbach <316>,2
Klagenfurt (Stadt) <201>,Mödling <317>,11
Klagenfurt (Stadt) <201>,Neunkirchen <318>,1
Klagenfurt (Stadt) <201>,Sankt Pölten Land <319>,6
Klagenfurt (Stadt) <201>,Scheibbs <320>,1
Klagenfurt (Stadt) <201>,Tulln <321>,6
Klagenfurt (Stadt) <201>,Waidhofen an der Thaya <322>,4
Klagenfurt (Stadt) <201>,Wiener Neustadt Land <323>,5
Klagenfurt (Stadt) <201>,Wien Umgebung ^<324>,-
Klagenfurt (Stadt) <201>,Zwettl <325>,-
Klagenfurt (Stadt) <201>,Stadt Linz <401>,49
Klagenfurt (Stadt) <201>,Stadt Steyr <402>,8
Klagenfurt (Stadt) <201>,Stadt Wels <403>,5
Klagenfurt (Stadt) <201>,Braunau <404>,11
Klagenfurt (Stadt) <201>,Eferding <405>,2
Klagenfurt (Stadt) <201>,Freistadt <406>,3
Klagenfurt (Stadt) <201>,Gmunden <407>,5
Klagenfurt (Stadt) <201>,Grieskirchen <408>,2
Klagenfurt (Stadt) <201>,Kirchdorf <409>,2
Klagenfurt (Stadt) <201>,Linz Land <410>,16
Klagenfurt (Stadt) <201>,Perg <411>,5
Klagenfurt (Stadt) <201>,Ried <412>,6
Klagenfurt (Stadt) <201>,Rohrbach <413>,1
Klagenfurt (Stadt) <201>,Schärding <414>,3
Klagenfurt (Stadt) <201>,Steyr Land <415>,2
Klagenfurt (Stadt) <201>,Urfahr Umgebung <416>,1
Klagenfurt (Stadt) <201>,Vöcklabruck <417>,11
Klagenfurt (Stadt) <201>,Wels Land <418>,3
Klagenfurt (Stadt) <201>,Salzburg (Stadt) <501>,35
Klagenfurt (Stadt) <201>,Hallein <502>,2
Klagenfurt (Stadt) <201>,Salzburg Umgebung <503>,11
Klagenfurt (Stadt) <201>,St. Johann im Pongau <504>,11
Klagenfurt (Stadt) <201>,Tamsweg <505>,9
Klagenfurt (Stadt) <201>,Zell am See <506>,3
Villach (Stadt) <202>,Eisenstadt (Stadt) <101>,7
Villach (Stadt) <202>,Rust (Stadt) <102>,-
Villach (Stadt) <202>,Eisenstadt Umgebung <103>,2
Villach (Stadt) <202>,Güssing <104>,-
Villach (Stadt) <202>,Jennersdorf <105>,1
Villach (Stadt) <202>,Mattersburg <106>,-
Villach (Stadt) <202>,Neusiedl am See <107>,3
Villach (Stadt) <202>,Oberpullendorf <108>,-
Villach (Stadt) <202>,Oberwart <109>,6
Villach (Stadt) <202>,Klagenfurt (Stadt) <201>,271
Villach (Stadt) <202>,Villach (Stadt) <202>,3763
Villach (Stadt) <202>,Feldkirchen <210>,126
Villach (Stadt) <202>,Hermagor <203>,43
Villach (Stadt) <202>,Klagenfurt Land <204>,120
Villach (Stadt) <202>,Sankt Veit an der Glan <205>,51
Villach (Stadt) <202>,Spittal an der Drau <206>,134
Villach (Stadt) <202>,Villach Land <207>,871
Villach (Stadt) <202>,Völkermarkt <208>,49
Villach (Stadt) <202>,Wolfsberg <209>,44
Villach (Stadt) <202>,Krems an der Donau (Stadt) <301>,-
Villach (Stadt) <202>,Sankt Pölten (Stadt) <302>,4
Villach (Stadt) <202>,Waidhofen an der Ybbs (Stadt) <303>,2
Villach (Stadt) <202>,Wiener Neustadt (Stadt) <304>,7
Villach (Stadt) <202>,Amstetten <305>,4
Villach (Stadt) <202>,Baden <306>,9
Villach (Stadt) <202>,Bruck an der Leitha <307>,2
Villach (Stadt) <202>,Gänserndorf <308>,1
Villach (Stadt) <202>,Gmünd <309>,-
Villach (Stadt) <202>,Hollabrunn <310>,3
Villach (Stadt) <202>,Horn <311>,-
Villach (Stadt) <202>,Korneuburg <312>,5
Villach (Stadt) <202>,Krems Land <313>,4
Villach (Stadt) <202>,Lilienfeld <314>,3
Villach (Stadt) <202>,Melk <315>,6
Villach (Stadt) <202>,Mistelbach <316>,-
Villach (Stadt) <202>,Mödling <317>,5
Villach (Stadt) <202>,Neunkirchen <318>,7
Villach (Stadt) <202>,Sankt Pölten Land <319>,4
Villach (Stadt) <202>,Scheibbs <320>,1
Villach (Stadt) <202>,Tulln <321>,4
Villach (Stadt) <202>,Waidhofen an der Thaya <322>,1
Villach (Stadt) <202>,Wiener Neustadt Land <323>,5
Villach (Stadt) <202>,Wien Umgebung ^<324>,-
Villach (Stadt) <202>,Zwettl <325>,1
Villach (Stadt) <202>,Stadt Linz <401>,31
Villach (Stadt) <202>,Stadt Steyr <402>,1
Villach (Stadt) <202>,Stadt Wels <403>,5
Villach (Stadt) <202>,Braunau <404>,2
Villach (Stadt) <202>,Eferding <405>,1
Villach (Stadt) <202>,Freistadt <406>,1
Villach (Stadt) <202>,Gmunden <407>,2
Villach (Stadt) <202>,Grieskirchen <408>,8
Villach (Stadt) <202>,Kirchdorf <409>,1
Villach (Stadt) <202>,Linz Land <410>,1
Villach (Stadt) <202>,Perg <411>,-
Villach (Stadt) <202>,Ried <412>,2
Villach (Stadt) <202>,Rohrbach <413>,10
Villach (Stadt) <202>,Schärding <414>,-
Villach (Stadt) <202>,Steyr Land <415>,4
Villach (Stadt) <202>,Urfahr Umgebung <416>,18
Villach (Stadt) <202>,Vöcklabruck <417>,7
Villach (Stadt) <202>,Wels Land <418>,1
Villach (Stadt) <202>,Salzburg (Stadt) <501>,26
Villach (Stadt) <202>,Hallein <502>,4
Villach (Stadt) <202>,Salzburg Umgebung <503>,92
Villach (Stadt) <202>,St. Johann im Pongau <504>,13
Villach (Stadt) <202>,Tamsweg <505>,1
Villach (Stadt) <202>,Zell am See <506>,36
Feldkirchen <210>,Eisenstadt (Stadt) <101>,-
Feldkirchen <210>,Rust (Stadt) <102>,-
Feldkirchen <210>,Eisenstadt Umgebung <103>,-
Feldkirchen <210>,Güssing <104>,-
Feldkirchen <210>,Jennersdorf <105>,-
Feldkirchen <210>,Mattersburg <106>,-
Feldkirchen <210>,Neusiedl am See <107>,-
Feldkirchen <210>,Oberpullendorf <108>,-
Feldkirchen <210>,Oberwart <109>,-
Feldkirchen <210>,Klagenfurt (Stadt) <201>,180
Feldkirchen <210>,Villach (Stadt) <202>,99
Feldkirchen <210>,Feldkirchen <210>,1215
Feldkirchen <210>,Hermagor <203>,6
Feldkirchen <210>,Klagenfurt Land <204>,106
Feldkirchen <210>,Sankt Veit an der Glan <205>,113
Feldkirchen <210>,Spittal an der Drau <206>,37
Feldkirchen <210>,Villach Land <207>,98
Feldkirchen <210>,Völkermarkt <208>,28
Feldkirchen <210>,Wolfsberg <209>,7
Feldkirchen <210>,Krems an der Donau (Stadt) <301>,-
Feldkirchen <210>,Sankt Pölten (Stadt) <302>,-
Feldkirchen <210>,Waidhofen an der Ybbs (Stadt) <303>,-
Feldkirchen <210>,Wiener Neustadt (Stadt) <304>,4
Feldkirchen <210>,Amstetten <305>,1
Feldkirchen <210>,Baden <306>,2
Feldkirchen <210>,Bruck an der Leitha <307>,-
Feldkirchen <210>,Gänserndorf <308>,-
Feldkirchen <210>,Gmünd <309>,-
Feldkirchen <210>,Hollabrunn <310>,-
Feldkirchen <210>,Horn <311>,-
Feldkirchen <210>,Korneuburg <312>,1
Feldkirchen <210>,Krems Land <313>,-
Feldkirchen <210>,Lilienfeld <314>,3
Feldkirchen <210>,Melk <315>,3
Feldkirchen <210>,Mistelbach <316>,-
Feldkirchen <210>,Mödling <317>,4
Feldkirchen <210>,Neunkirchen <318>,4
Feldkirchen <210>,Sankt Pölten Land <319>,-
Feldkirchen <210>,Scheibbs <320>,5
Feldkirchen <210>,Tulln <321>,-
Feldkirchen <210>,Waidhofen an der Thaya <322>,-
Feldkirchen <210>,Wiener Neustadt Land <323>,2
Feldkirchen <210>,Wien Umgebung ^<324>,-
Feldkirchen <210>,Zwettl <325>,-
Feldkirchen <210>,Stadt Linz <401>,5
Feldkirchen <210>,Stadt Steyr <402>,1
Feldkirchen <210>,Stadt Wels <403>,-
Feldkirchen <210>,Braunau <404>,2
Feldkirchen <210>,Eferding <405>,-
Feldkirchen <210>,Freistadt <406>,-
Feldkirchen <210>,Gmunden <407>,-
Feldkirchen <210>,Grieskirchen <408>,-
Feldkirchen <210>,Kirchdorf <409>,-
Feldkirchen <210>,Linz Land <410>,1
Feldkirchen <210>,Perg <411>,1
Feldkirchen <210>,Ried <412>,-
Feldkirchen <210>,Rohrbach <413>,-
Feldkirchen <210>,Schärding <414>,2
Feldkirchen <210>,Steyr Land <415>,-
Feldkirchen <210>,Urfahr Umgebung <416>,1
Feldkirchen <210>,Vöcklabruck <417>,3
Feldkirchen <210>,Wels Land <418>,1
Feldkirchen <210>,Salzburg (Stadt) <501>,4
Feldkirchen <210>,Hallein <502>,-
Feldkirchen <210>,Salzburg Umgebung <503>,2
Feldkirchen <210>,St. Johann im Pongau <504>,2
Feldkirchen <210>,Tamsweg <505>,1
Feldkirchen <210>,Zell am See <506>,1
Hermagor <203>,Eisenstadt (Stadt) <101>,-
Hermagor <203>,Rust (Stadt) <102>,-
Hermagor <203>,Eisenstadt Umgebung <103>,-
Hermagor <203>,Güssing <104>,-
Hermagor <203>,Jennersdorf <105>,1
Hermagor <203>,Mattersburg <106>,-
Hermagor <203>,Neusiedl am See <107>,-
Hermagor <203>,Oberpullendorf <108>,-
Hermagor <203>,Oberwart <109>,-
Hermagor <203>,Klagenfurt (Stadt) <201>,33
Hermagor <203>,Villach (Stadt) <202>,53
Hermagor <203>,Feldkirchen <210>,7
Hermagor <203>,Hermagor <203>,560
Hermagor <203>,Klagenfurt Land <204>,14
Hermagor <203>,Sankt Veit an der Glan <205>,6
Hermagor <203>,Spittal an der Drau <206>,21
Hermagor <203>,Villach Land <207>,50
Hermagor <203>,Völkermarkt <208>,5
Hermagor <203>,Wolfsberg <209>,4
Hermagor <203>,Krems an der Donau (Stadt) <301>,-
Hermagor <203>,Sankt Pölten (Stadt) <302>,1
Hermagor <203>,Waidhofen an der Ybbs (Stadt) <303>,-
Hermagor <203>,Wiener Neustadt (Stadt) <304>,-
Hermagor <203>,Amstetten <305>,4
Hermagor <203>,Baden <306>,-
Hermagor <203>,Bruck an der Leitha <307>,-
Hermagor <203>,Gänserndorf <308>,1
Hermagor <203>,Gmünd <309>,-
Hermagor <203>,Hollabrunn <310>,2
Hermagor <203>,Horn <311>,-
Hermagor <203>,Korneuburg <312>,-
Hermagor <203>,Krems Land <313>,-
Hermagor <203>,Lilienfeld <314>,-
Hermagor <203>,Melk <315>,-
Hermagor <203>,Mistelbach <316>,-
Hermagor <203>,Mödling <317>,2
Hermagor <203>,Neunkirchen <318>,-
Hermagor <203>,Sankt Pölten Land <319>,-
Hermagor <203>,Scheibbs <320>,-
Hermagor <203>,Tulln <321>,-
Hermagor <203>,Waidhofen an der Thaya <322>,-
Hermagor <203>,Wiener Neustadt Land <323>,-
Hermagor <203>,Wien Umgebung ^<324>,-
Hermagor <203>,Zwettl <325>,-
Hermagor <203>,Stadt Linz <401>,3
Hermagor <203>,Stadt Steyr <402>,-
Hermagor <203>,Stadt Wels <403>,1
Hermagor <203>,Braunau <404>,1
Hermagor <203>,Eferding <405>,-
Hermagor <203>,Freistadt <406>,-
Hermagor <203>,Gmunden <407>,1
Hermagor <203>,Grieskirchen <408>,-
Hermagor <203>,Kirchdorf <409>,1
Hermagor <203>,Linz Land <410>,1
Hermagor <203>,Perg <411>,-
Hermagor <203>,Ried <412>,1
Hermagor <203>,Rohrbach <413>,1
Hermagor <203>,Schärding <414>,-
Hermagor <203>,Steyr Land <415>,-
Hermagor <203>,Urfahr Umgebung <416>,-
Hermagor <203>,Vöcklabruck <417>,1
Hermagor <203>,Wels Land <418>,-
Hermagor <203>,Salzburg (Stadt) <501>,4
Hermagor <203>,Hallein <502>,1
Hermagor <203>,Salzburg Umgebung <503>,3
Hermagor <203>,St. Johann im Pongau <504>,-
Hermagor <203>,Tamsweg <505>,1
Hermagor <203>,Zell am See <506>,2
Klagenfurt Land <204>,Eisenstadt (Stadt) <101>,-
Klagenfurt Land <204>,Rust (Stadt) <102>,-
Klagenfurt Land <204>,Eisenstadt Umgebung <103>,1
Klagenfurt Land <204>,Güssing <104>,1
Klagenfurt Land <204>,Jennersdorf <105>,-
Klagenfurt Land <204>,Mattersburg <106>,-
Klagenfurt Land <204>,Neusiedl am See <107>,-
Klagenfurt Land <204>,Oberpullendorf <108>,1
Klagenfurt Land <204>,Oberwart <109>,3
Klagenfurt Land <204>,Klagenfurt (Stadt) <201>,1160
Klagenfurt Land <204>,Villach (Stadt) <202>,105
Klagenfurt Land <204>,Feldkirchen <210>,115
Klagenfurt Land <204>,Hermagor <203>,15
Klagenfurt Land <204>,Klagenfurt Land <204>,1519
Klagenfurt Land <204>,Sankt Veit an der Glan <205>,148
Klagenfurt Land <204>,Spittal an der Drau <206>,31
Klagenfurt Land <204>,Villach Land <207>,184
Klagenfurt Land <204>,Völkermarkt <208>,116
Klagenfurt Land <204>,Wolfsberg <209>,37
Klagenfurt Land <204>,Krems an der Donau (Stadt) <301>,3
Klagenfurt Land <204>,Sankt Pölten (Stadt) <302>,1
Klagenfurt Land <204>,Waidhofen an der Ybbs (Stadt) <303>,-
Klagenfurt Land <204>,Wiener Neustadt (Stadt) <304>,5
Klagenfurt Land <204>,Amstetten <305>,-
Klagenfurt Land <204>,Baden <306>,3
Klagenfurt Land <204>,Bruck an der Leitha <307>,-
Klagenfurt Land <204>,Gänserndorf <308>,1
Klagenfurt Land <204>,Gmünd <309>,-
Klagenfurt Land <204>,Hollabrunn <310>,2
Klagenfurt Land <204>,Horn <311>,-
Klagenfurt Land <204>,Korneuburg <312>,2
Klagenfurt Land <204>,Krems Land <313>,-
Klagenfurt Land <204>,Lilienfeld <314>,-
Klagenfurt Land <204>,Melk <315>,-
Klagenfurt Land <204>,Mistelbach <316>,1
Klagenfurt Land <204>,Mödling <317>,7
Klagenfurt Land <204>,Neunkirchen <318>,1
Klagenfurt Land <204>,Sankt Pölten Land <319>,3
Klagenfurt Land <204>,Scheibbs <320>,1
Klagenfurt Land <204>,Tulln <321>,2
Klagenfurt Land <204>,Waidhofen an der Thaya <322>,1
Klagenfurt Land <204>,Wiener Neustadt Land <323>,-
Klagenfurt Land <204>,Wien Umgebung ^<324>,-
Klagenfurt Land <204>,Zwettl <325>,-
Klagenfurt Land <204>,Stadt Linz <401>,9
Klagenfurt Land <204>,Stadt Steyr <402>,-
Klagenfurt Land <204>,Stadt Wels <403>,1
Klagenfurt Land <204>,Braunau <404>,1
Klagenfurt Land <204>,Eferding <405>,-
Klagenfurt Land <204>,Freistadt <406>,3
Klagenfurt Land <204>,Gmunden <407>,4
Klagenfurt Land <204>,Grieskirchen <408>,-
Klagenfurt Land <204>,Kirchdorf <409>,4
Klagenfurt Land <204>,Linz Land <410>,3
Klagenfurt Land <204>,Perg <411>,2
Klagenfurt Land <204>,Ried <412>,4
Klagenfurt Land <204>,Rohrbach <413>,-
Klagenfurt Land <204>,Schärding <414>,-
Klagenfurt Land <204>,Steyr Land <415>,1
Klagenfurt Land <204>,Urfahr Umgebung <416>,1
Klagenfurt Land <204>,Vöcklabruck <417>,2
Klagenfurt Land <204>,Wels Land <418>,-
Klagenfurt Land <204>,Salzburg (Stadt) <501>,7
Klagenfurt Land <204>,Hallein <502>,4
Klagenfurt Land <204>,Salzburg Umgebung <503>,4
Klagenfurt Land <204>,St. Johann im Pongau <504>,7
Klagenfurt Land <204>,Tamsweg <505>,2
Klagenfurt Land <204>,Zell am See <506>,-
Sankt Veit an der Glan <205>,Eisenstadt (Stadt) <101>,1
Sankt Veit an der Glan <205>,Rust (Stadt) <102>,-
Sankt Veit an der Glan <205>,Eisenstadt Umgebung <103>,-
Sankt Veit an der Glan <205>,Güssing <104>,-
Sankt Veit an der Glan <205>,Jennersdorf <105>,-
Sankt Veit an der Glan <205>,Mattersburg <106>,-
Sankt Veit an der Glan <205>,Neusiedl am See <107>,2
Sankt Veit an der Glan <205>,Oberpullendorf <108>,1
Sankt Veit an der Glan <205>,Oberwart <109>,5
Sankt Veit an der Glan <205>,Klagenfurt (Stadt) <201>,319
Sankt Veit an der Glan <205>,Villach (Stadt) <202>,53
Sankt Veit an der Glan <205>,Feldkirchen <210>,111
Sankt Veit an der Glan <205>,Hermagor <203>,7
Sankt Veit an der Glan <205>,Klagenfurt Land <204>,163
Sankt Veit an der Glan <205>,Sankt Veit an der Glan <205>,2446
Sankt Veit an der Glan <205>,Spittal an der Drau <206>,23
Sankt Veit an der Glan <205>,Villach Land <207>,43
Sankt Veit an der Glan <205>,Völkermarkt <208>,83
Sankt Veit an der Glan <205>,Wolfsberg <209>,35
Sankt Veit an der Glan <205>,Krems an der Donau (Stadt) <301>,-
Sankt Veit an der Glan <205>,Sankt Pölten (Stadt) <302>,-
Sankt Veit an der Glan <205>,Waidhofen an der Ybbs (Stadt) <303>,-
Sankt Veit an der Glan <205>,Wiener Neustadt (Stadt) <304>,4
Sankt Veit an der Glan <205>,Amstetten <305>,2
Sankt Veit an der Glan <205>,Baden <306>,5
Sankt Veit an der Glan <205>,Bruck an der Leitha <307>,-
Sankt Veit an der Glan <205>,Gänserndorf <308>,2
Sankt Veit an der Glan <205>,Gmünd <309>,1
Sankt Veit an der Glan <205>,Hollabrunn <310>,2
Sankt Veit an der Glan <205>,Horn <311>,-
Sankt Veit an der Glan <205>,Korneuburg <312>,-
Sankt Veit an der Glan <205>,Krems Land <313>,1
Sankt Veit an der Glan <205>,Lilienfeld <314>,1
Sankt Veit an der Glan <205>,Melk <315>,-
Sankt Veit an der Glan <205>,Mistelbach <316>,-
Sankt Veit an der Glan <205>,Mödling <317>,1
Sankt Veit an der Glan <205>,Neunkirchen <318>,2
Sankt Veit an der Glan <205>,Sankt Pölten Land <319>,-
Sankt Veit an der Glan <205>,Scheibbs <320>,-
Sankt Veit an der Glan <205>,Tulln <321>,3
Sankt Veit an der Glan <205>,Waidhofen an der Thaya <322>,-
Sankt Veit an der Glan <205>,Wiener Neustadt Land <323>,3
Sankt Veit an der Glan <205>,Wien Umgebung ^<324>,-
Sankt Veit an der Glan <205>,Zwettl <325>,-
Sankt Veit an der Glan <205>,Stadt Linz <401>,2
Sankt Veit an der Glan <205>,Stadt Steyr <402>,2
Sankt Veit an der Glan <205>,Stadt Wels <403>,-
Sankt Veit an der Glan <205>,Braunau <404>,3
Sankt Veit an der Glan <205>,Eferding <405>,1
Sankt Veit an der Glan <205>,Freistadt <406>,-
Sankt Veit an der Glan <205>,Gmunden <407>,4
Sankt Veit an der Glan <205>,Grieskirchen <408>,1
Sankt Veit an der Glan <205>,Kirchdorf <409>,-
Sankt Veit an der Glan <205>,Linz Land <410>,1
Sankt Veit an der Glan <205>,Perg <411>,-
Sankt Veit an der Glan <205>,Ried <412>,-
Sankt Veit an der Glan <205>,Rohrbach <413>,-
Sankt Veit an der Glan <205>,Schärding <414>,2
Sankt Veit an der Glan <205>,Steyr Land <415>,-
Sankt Veit an der Glan <205>,Urfahr Umgebung <416>,-
Sankt Veit an der Glan <205>,Vöcklabruck <417>,2
Sankt Veit an der Glan <205>,Wels Land <418>,-
Sankt Veit an der Glan <205>,Salzburg (Stadt) <501>,3
Sankt Veit an der Glan <205>,Hallein <502>,1
Sankt Veit an der Glan <205>,Salzburg Umgebung <503>,2
Sankt Veit an der Glan <205>,St. Johann im Pongau <504>,2
Sankt Veit an der Glan <205>,Tamsweg <505>,1
Sankt Veit an der Glan <205>,Zell am See <506>,3
Spittal an der Drau <206>,Eisenstadt (Stadt) <101>,1
Spittal an der Drau <206>,Rust (Stadt) <102>,-
Spittal an der Drau <206>,Eisenstadt Umgebung <103>,-
Spittal an der Drau <206>,Güssing <104>,-
Spittal an der Drau <206>,Jennersdorf <105>,1
Spittal an der Drau <206>,Mattersburg <106>,-
Spittal an der Drau <206>,Neusiedl am See <107>,-
Spittal an der Drau <206>,Oberpullendorf <108>,-
Spittal an der Drau <206>,Oberwart <109>,1
Spittal an der Drau <206>,Klagenfurt (Stadt) <201>,117
Spittal an der Drau <206>,Villach (Stadt) <202>,162
Spittal an der Drau <206>,Feldkirchen <210>,48
Spittal an der Drau <206>,Hermagor <203>,38
Spittal an der Drau <206>,Klagenfurt Land <204>,21
Spittal an der Drau <206>,Sankt Veit an der Glan <205>,32
Spittal an der Drau <206>,Spittal an der Drau <206>,3191
Spittal an der Drau <206>,Villach Land <207>,245
Spittal an der Drau <206>,Völkermarkt <208>,7
Spittal an der Drau <206>,Wolfsberg <209>,25
Spittal an der Drau <206>,Krems an der Donau (Stadt) <301>,4
Spittal an der Drau <206>,Sankt Pölten (Stadt) <302>,1
Spittal an der Drau <206>,Waidhofen an der Ybbs (Stadt) <303>,1
Spittal an der Drau <206>,Wiener Neustadt (Stadt) <304>,1
Spittal an der Drau <206>,Amstetten <305>,-
Spittal an der Drau <206>,Baden <306>,9
Spittal an der Drau <206>,Bruck an der Leitha <307>,-
Spittal an der Drau <206>,Gänserndorf <308>,7
Spittal an der Drau <206>,Gmünd <309>,-
Spittal an der Drau <206>,Hollabrunn <310>,-
Spittal an der Drau <206>,Horn <311>,1
Spittal an der Drau <206>,Korneuburg <312>,-
Spittal an der Drau <206>,Krems Land <313>,1
Spittal an der Drau <206>,Lilienfeld <314>,-
Spittal an der Drau <206>,Melk <315>,4
Spittal an der Drau <206>,Mistelbach <316>,2
Spittal an der Drau <206>,Mödling <317>,3
Spittal an der Drau <206>,Neunkirchen <318>,-
Spittal an der Drau <206>,Sankt Pölten Land <319>,4
Spittal an der Drau <206>,Scheibbs <320>,1
Spittal an der Drau <206>,Tulln <321>,3
Spittal an der Drau <206>,Waidhofen an der Thaya <322>,1
Spittal an der Drau <206>,Wiener Neustadt Land <323>,3
Spittal an der Drau <206>,Wien Umgebung ^<324>,-
Spittal an der Drau <206>,Zwettl <325>,2
Spittal an der Drau <206>,Stadt Linz <401>,17
Spittal an der Drau <206>,Stadt Steyr <402>,2
Spittal an der Drau <206>,Stadt Wels <403>,1
Spittal an der Drau <206>,Braunau <404>,1
Spittal an der Drau <206>,Eferding <405>,1
Spittal an der Drau <206>,Freistadt <406>,-
Spittal an der Drau <206>,Gmunden <407>,6
Spittal an der Drau <206>,Grieskirchen <408>,-
Spittal an der Drau <206>,Kirchdorf <409>,-
Spittal an der Drau <206>,Linz Land <410>,3
Spittal an der Drau <206>,Perg <411>,-
Spittal an der Drau <206>,Ried <412>,-
Spittal an der Drau <206>,Rohrbach <413>,-
Spittal an der Drau <206>,Schärding <414>,1
Spittal an der Drau <206>,Steyr Land <415>,1
Spittal an der Drau <206>,Urfahr Umgebung <416>,1
Spittal an der Drau <206>,Vöcklabruck <417>,3
Spittal an der Drau <206>,Wels Land <418>,-
Spittal an der Drau <206>,Salzburg (Stadt) <501>,21
Spittal an der Drau <206>,Hallein <502>,4
Spittal an der Drau <206>,Salzburg Umgebung <503>,5
Spittal an der Drau <206>,St. Johann im Pongau <504>,17
Spittal an der Drau <206>,Tamsweg <505>,20
Spittal an der Drau <206>,Zell am See <506>,8
Villach Land <207>,Eisenstadt (Stadt) <101>,4
Villach Land <207>,Rust (Stadt) <102>,-
Villach Land <207>,Eisenstadt Umgebung <103>,-
Villach Land <207>,Güssing <104>,1
Villach Land <207>,Jennersdorf <105>,4
Villach Land <207>,Mattersburg <106>,1
Villach Land <207>,Neusiedl am See <107>,-
Villach Land <207>,Oberpullendorf <108>,1
Villach Land <207>,Oberwart <109>,11
Villach Land <207>,Klagenfurt (Stadt) <201>,209
Villach Land <207>,Villach (Stadt) <202>,875
Villach Land <207>,Feldkirchen <210>,87
Villach Land <207>,Hermagor <203>,37
Villach Land <207>,Klagenfurt Land <204>,157
Villach Land <207>,Sankt Veit an der Glan <205>,46
Villach Land <207>,Spittal an der Drau <206>,149
Villach Land <207>,Villach Land <207>,1959
Villach Land <207>,Völkermarkt <208>,31
Villach Land <207>,Wolfsberg <209>,44
Villach Land <207>,Krems an der Donau (Stadt) <301>,-
Villach Land <207>,Sankt Pölten (Stadt) <302>,1
Villach Land <207>,Waidhofen an der Ybbs (Stadt) <303>,-
Villach Land <207>,Wiener Neustadt (Stadt) <304>,2
Villach Land <207>,Amstetten <305>,7
Villach Land <207>,Baden <306>,4
Villach Land <207>,Bruck an der Leitha <307>,12
Villach Land <207>,Gänserndorf <308>,6
Villach Land <207>,Gmünd <309>,-
Villach Land <207>,Hollabrunn <310>,-
Villach Land <207>,Horn <311>,-
Villach Land <207>,Korneuburg <312>,1
Villach Land <207>,Krems Land <313>,-
Villach Land <207>,Lilienfeld <314>,1
Villach Land <207>,Melk <315>,2
Villach Land <207>,Mistelbach <316>,7
Villach Land <207>,Mödling <317>,8
Villach Land <207>,Neunkirchen <318>,3
Villach Land <207>,Sankt Pölten Land <319>,5
Villach Land <207>,Scheibbs <320>,2
Villach Land <207>,Tulln <321>,1
Villach Land <207>,Waidhofen an der Thaya <322>,1
Villach Land <207>,Wiener Neustadt Land <323>,-
Villach Land <207>,Wien Umgebung ^<324>,-
Villach Land <207>,Zwettl <325>,2
Villach Land <207>,Stadt Linz <401>,21
Villach Land <207>,Stadt Steyr <402>,1
Villach Land <207>,Stadt Wels <403>,-
Villach Land <207>,Braunau <404>,2
Villach Land <207>,Eferding <405>,-
Villach Land <207>,Freistadt <406>,-
Villach Land <207>,Gmunden <407>,7
Villach Land <207>,Grieskirchen <408>,1
Villach Land <207>,Kirchdorf <409>,2
Villach Land <207>,Linz Land <410>,22
Villach Land <207>,Perg <411>,23
Villach Land <207>,Ried <412>,2
Villach Land <207>,Rohrbach <413>,1
Villach Land <207>,Schärding <414>,-
Villach Land <207>,Steyr Land <415>,2
Villach Land <207>,Urfahr Umgebung <416>,9
Villach Land <207>,Vöcklabruck <417>,3
Villach Land <207>,Wels Land <418>,2
Villach Land <207>,Salzburg (Stadt) <501>,23
Villach Land <207>,Hallein <502>,7
Villach Land <207>,Salzburg Umgebung <503>,18
Villach Land <207>,St. Johann im Pongau <504>,20
Villach Land <207>,Tamsweg <505>,2
Villach Land <207>,Zell am See <506>,37
Völkermarkt <208>,Eisenstadt (Stadt) <101>,-
Völkermarkt <208>,Rust (Stadt) <102>,1
Völkermarkt <208>,Eisenstadt Umgebung <103>,-
Völkermarkt <208>,Güssing <104>,-
Völkermarkt <208>,Jennersdorf <105>,1
Völkermarkt <208>,Mattersburg <106>,-
Völkermarkt <208>,Neusiedl am See <107>,4
Völkermarkt <208>,Oberpullendorf <108>,-
Völkermarkt <208>,Oberwart <109>,2
Völkermarkt <208>,Klagenfurt (Stadt) <201>,261
Völkermarkt <208>,Villach (Stadt) <202>,41
Völkermarkt <208>,Feldkirchen <210>,20
Völkermarkt <208>,Hermagor <203>,4
Völkermarkt <208>,Klagenfurt Land <204>,124
Völkermarkt <208>,Sankt Veit an der Glan <205>,66
Völkermarkt <208>,Spittal an der Drau <206>,21
Völkermarkt <208>,Villach Land <207>,24
Völkermarkt <208>,Völkermarkt <208>,1642
Völkermarkt <208>,Wolfsberg <209>,173
Völkermarkt <208>,Krems an der Donau (Stadt) <301>,1
Völkermarkt <208>,Sankt Pölten (Stadt) <302>,7
Völkermarkt <208>,Waidhofen an der Ybbs (Stadt) <303>,-
Völkermarkt <208>,Wiener Neustadt (Stadt) <304>,1
Völkermarkt <208>,Amstetten <305>,-
Völkermarkt <208>,Baden <306>,2
Völkermarkt <208>,Bruck an der Leitha <307>,1
Völkermarkt <208>,Gänserndorf <308>,-
Völkermarkt <208>,Gmünd <309>,-
Völkermarkt <208>,Hollabrunn <310>,-
Völkermarkt <208>,Horn <311>,1
Völkermarkt <208>,Korneuburg <312>,1
Völkermarkt <208>,Krems Land <313>,1
Völkermarkt <208>,Lilienfeld <314>,-
Völkermarkt <208>,Melk <315>,1
Völkermarkt <208>,Mistelbach <316>,-
Völkermarkt <208>,Mödling <317>,3
Völkermarkt <208>,Neunkirchen <318>,-
Völkermarkt <208>,Sankt Pölten Land <319>,2
Völkermarkt <208>,Scheibbs <320>,-
Völkermarkt <208>,Tulln <321>,-
Völkermarkt <208>,Waidhofen an der Thaya <322>,-
Völkermarkt <208>,Wiener Neustadt Land <323>,-
Völkermarkt <208>,Wien Umgebung ^<324>,-
Völkermarkt <208>,Zwettl <325>,-
Völkermarkt <208>,Stadt Linz <401>,6
Völkermarkt <208>,Stadt Steyr <402>,1
Völkermarkt <208>,Stadt Wels <403>,1
Völkermarkt <208>,Braunau <404>,-
Völkermarkt <208>,Eferding <405>,-
Völkermarkt <208>,Freistadt <406>,1
Völkermarkt <208>,Gmunden <407>,2
Völkermarkt <208>,Grieskirchen <408>,-
Völkermarkt <208>,Kirchdorf <409>,3
Völkermarkt <208>,Linz Land <410>,-
Völkermarkt <208>,Perg <411>,-
Völkermarkt <208>,Ried <412>,1
Völkermarkt <208>,Rohrbach <413>,-
Völkermarkt <208>,Schärding <414>,-
Völkermarkt <208>,Steyr Land <415>,-
Völkermarkt <208>,Urfahr Umgebung <416>,-
Völkermarkt <208>,Vöcklabruck <417>,5
Völkermarkt <208>,Wels Land <418>,2
Völkermarkt <208>,Salzburg (Stadt) <501>,15
Völkermarkt <208>,Hallein <502>,1
Völkermarkt <208>,Salzburg Umgebung <503>,2
Völkermarkt <208>,St. Johann im Pongau <504>,1
Völkermarkt <208>,Tamsweg <505>,1
Völkermarkt <208>,Zell am See <506>,1
Wolfsberg <209>,Eisenstadt (Stadt) <101>,-
Wolfsberg <209>,Rust (Stadt) <102>,-
Wolfsberg <209>,Eisenstadt Umgebung <103>,1
Wolfsberg <209>,Güssing <104>,-
Wolfsberg <209>,Jennersdorf <105>,3
Wolfsberg <209>,Mattersburg <106>,-
Wolfsberg <209>,Neusiedl am See <107>,2
Wolfsberg <209>,Oberpullendorf <108>,-
Wolfsberg <209>,Oberwart <109>,-
Wolfsberg <209>,Klagenfurt (Stadt) <201>,110
Wolfsberg <209>,Villach (Stadt) <202>,27
Wolfsberg <209>,Feldkirchen <210>,17
Wolfsberg <209>,Hermagor <203>,2
Wolfsberg <209>,Klagenfurt Land <204>,32
Wolfsberg <209>,Sankt Veit an der Glan <205>,22
Wolfsberg <209>,Spittal an der Drau <206>,14
Wolfsberg <209>,Villach Land <207>,36
Wolfsberg <209>,Völkermarkt <208>,101
Wolfsberg <209>,Wolfsberg <209>,2438
Wolfsberg <209>,Krems an der Donau (Stadt) <301>,1
Wolfsberg <209>,Sankt Pölten (Stadt) <302>,-
Wolfsberg <209>,Waidhofen an der Ybbs (Stadt) <303>,-
Wolfsberg <209>,Wiener Neustadt (Stadt) <304>,-
Wolfsberg <209>,Amstetten <305>,1
Wolfsberg <209>,Baden <306>,8
Wolfsberg <209>,Bruck an der Leitha <307>,2
Wolfsberg <209>,Gänserndorf <308>,6
Wolfsberg <209>,Gmünd <309>,4
Wolfsberg <209>,Hollabrunn <310>,-
Wolfsberg <209>,Horn <311>,2
Wolfsberg <209>,Korneuburg <312>,2
Wolfsberg <209>,Krems Land <313>,-
Wolfsberg <209>,Lilienfeld <314>,-
Wolfsberg <209>,Melk <315>,-
Wolfsberg <209>,Mistelbach <316>,1
Wolfsberg <209>,Mödling <317>,2
Wolfsberg <209>,Neunkirchen <318>,5
Wolfsberg <209>,Sankt Pölten Land <319>,-
Wolfsberg <209>,Scheibbs <320>,-
Wolfsberg <209>,Tulln <321>,-
Wolfsberg <209>,Waidhofen an der Thaya <322>,-
Wolfsberg <209>,Wiener Neustadt Land <323>,-
Wolfsberg <209>,Wien Umgebung ^<324>,-
Wolfsberg <209>,Zwettl <325>,-
Wolfsberg <209>,Stadt Linz <401>,9
Wolfsberg <209>,Stadt Steyr <402>,-
Wolfsberg <209>,Stadt Wels <403>,4
Wolfsberg <209>,Braunau <404>,1
Wolfsberg <209>,Eferding <405>,1
Wolfsberg <209>,Freistadt <406>,-
Wolfsberg <209>,Gmunden <407>,-
Wolfsberg <209>,Grieskirchen <408>,-
Wolfsberg <209>,Kirchdorf <409>,1
Wolfsberg <209>,Linz Land <410>,2
Wolfsberg <209>,Perg <411>,2
Wolfsberg <209>,Ried <412>,1
Wolfsberg <209>,Rohrbach <413>,-
Wolfsberg <209>,Schärding <414>,-
Wolfsberg <209>,Steyr Land <415>,-
Wolfsberg <209>,Urfahr Umgebung <416>,1
Wolfsberg <209>,Vöcklabruck <417>,3
Wolfsberg <209>,Wels Land <418>,-
Wolfsberg <209>,Salzburg (Stadt) <501>,4
Wolfsberg <209>,Hallein <502>,1
Wolfsberg <209>,Salzburg Umgebung <503>,1
Wolfsberg <209>,St. Johann im Pongau <504>,1
Wolfsberg <209>,Tamsweg <505>,2
Wolfsberg <209>,Zell am See <506>,-
Krems an der Donau (Stadt) <301>,Eisenstadt (Stadt) <101>,2
Krems an der Donau (Stadt) <301>,Rust (Stadt) <102>,-
Krems an der Donau (Stadt) <301>,Eisenstadt Umgebung <103>,-
Krems an der Donau (Stadt) <301>,Güssing <104>,-
Krems an der Donau (Stadt) <301>,Jennersdorf <105>,1
Krems an der Donau (Stadt) <301>,Mattersburg <106>,-
Krems an der Donau (Stadt) <301>,Neusiedl am See <107>,3
Krems an der Donau (Stadt) <301>,Oberpullendorf <108>,2
Krems an der Donau (Stadt) <301>,Oberwart <109>,-
Krems an der Donau (Stadt) <301>,Klagenfurt (Stadt) <201>,10
Krems an der Donau (Stadt) <301>,Villach (Stadt) <202>,-
Krems an der Donau (Stadt) <301>,Feldkirchen <210>,1
Krems an der Donau (Stadt) <301>,Hermagor <203>,-
Krems an der Donau (Stadt) <301>,Klagenfurt Land <204>,1
Krems an der Donau (Stadt) <301>,Sankt Veit an der Glan <205>,-
Krems an der Donau (Stadt) <301>,Spittal an der Drau <206>,1
Krems an der Donau (Stadt) <301>,Villach Land <207>,1
Krems an der Donau (Stadt) <301>,Völkermarkt <208>,-
Krems an der Donau (Stadt) <301>,Wolfsberg <209>,-
Krems an der Donau (Stadt) <301>,Krems an der Donau (Stadt) <301>,1232
Krems an der Donau (Stadt) <301>,Sankt Pölten (Stadt) <302>,69
Krems an der Donau (Stadt) <301>,Waidhofen an der Ybbs (Stadt) <303>,-
Krems an der Donau (Stadt) <301>,Wiener Neustadt (Stadt) <304>,5
Krems an der Donau (Stadt) <301>,Amstetten <305>,10
Krems an der Donau (Stadt) <301>,Baden <306>,29
Krems an der Donau (Stadt) <301>,Bruck an der Leitha <307>,2
Krems an der Donau (Stadt) <301>,Gänserndorf <308>,8
Krems an der Donau (Stadt) <301>,Gmünd <309>,8
Krems an der Donau (Stadt) <301>,Hollabrunn <310>,31
Krems an der Donau (Stadt) <301>,Horn <311>,18
Krems an der Donau (Stadt) <301>,Korneuburg <312>,16
Krems an der Donau (Stadt) <301>,Krems Land <313>,440
Krems an der Donau (Stadt) <301>,Lilienfeld <314>,10
Krems an der Donau (Stadt) <301>,Melk <315>,28
Krems an der Donau (Stadt) <301>,Mistelbach <316>,7
Krems an der Donau (Stadt) <301>,Mödling <317>,14
Krems an der Donau (Stadt) <301>,Neunkirchen <318>,13
Krems an der Donau (Stadt) <301>,Sankt Pölten Land <319>,100
Krems an der Donau (Stadt) <301>,Scheibbs <320>,4
Krems an der Donau (Stadt) <301>,Tulln <321>,69
Krems an der Donau (Stadt) <301>,Waidhofen an der Thaya <322>,7
Krems an der Donau (Stadt) <301>,Wiener Neustadt Land <323>,4
Krems an der Donau (Stadt) <301>,Wien Umgebung ^<324>,-
Krems an der Donau (Stadt) <301>,Zwettl <325>,17
Krems an der Donau (Stadt) <301>,Stadt Linz <401>,25
Krems an der Donau (Stadt) <301>,Stadt Steyr <402>,2
Krems an der Donau (Stadt) <301>,Stadt Wels <403>,6
Krems an der Donau (Stadt) <301>,Braunau <404>,5
Krems an der Donau (Stadt) <301>,Eferding <405>,-
Krems an der Donau (Stadt) <301>,Freistadt <406>,2
Krems an der Donau (Stadt) <301>,Gmunden <407>,5
Krems an der Donau (Stadt) <301>,Grieskirchen <408>,-
Krems an der Donau (Stadt) <301>,Kirchdorf <409>,-
Krems an der Donau (Stadt) <301>,Linz Land <410>,9
Krems an der Donau (Stadt) <301>,Perg <411>,2
Krems an der Donau (Stadt) <301>,Ried <412>,3
Krems an der Donau (Stadt) <301>,Rohrbach <413>,-
Krems an der Donau (Stadt) <301>,Schärding <414>,22
Krems an der Donau (Stadt) <301>,Steyr Land <415>,9
Krems an der Donau (Stadt) <301>,Urfahr Umgebung <416>,4
Krems an der Donau (Stadt) <301>,Vöcklabruck <417>,5
Krems an der Donau (Stadt) <301>,Wels Land <418>,2
Krems an der Donau (Stadt) <301>,Salzburg (Stadt) <501>,2
Krems an der Donau (Stadt) <301>,Hallein <502>,2
Krems an der Donau (Stadt) <301>,Salzburg Umgebung <503>,4
Krems an der Donau (Stadt) <301>,St. Johann im Pongau <504>,1
Krems an der Donau (Stadt) <301>,Tamsweg <505>,1
Krems an der Donau (Stadt) <301>,Zell am See <506>,1
Sankt Pölten (Stadt) <302>,Eisenstadt (Stadt) <101>,-
Sankt Pölten (Stadt) <302>,Rust (Stadt) <102>,-
Sankt Pölten (Stadt) <302>,Eisenstadt Umgebung <103>,4
Sankt Pölten (Stadt) <302>,Güssing <104>,-
Sankt Pölten (Stadt) <302>,Jennersdorf <105>,-
Sankt Pölten (Stadt) <302>,Mattersburg <106>,1
Sankt Pölten (Stadt) <302>,Neusiedl am See <107>,4
Sankt Pölten (Stadt) <302>,Oberpullendorf <108>,3
Sankt Pölten (Stadt) <302>,Oberwart <109>,3
Sankt Pölten (Stadt) <302>,Klagenfurt (Stadt) <201>,13
Sankt Pölten (Stadt) <302>,Villach (Stadt) <202>,2
Sankt Pölten (Stadt) <302>,Feldkirchen <210>,-
Sankt Pölten (Stadt) <302>,Hermagor <203>,-
Sankt Pölten (Stadt) <302>,Klagenfurt Land <204>,3
Sankt Pölten (Stadt) <302>,Sankt Veit an der Glan <205>,-
Sankt Pölten (Stadt) <302>,Spittal an der Drau <206>,-
Sankt Pölten (Stadt) <302>,Villach Land <207>,-
Sankt Pölten (Stadt) <302>,Völkermarkt <208>,-
Sankt Pölten (Stadt) <302>,Wolfsberg <209>,3
Sankt Pölten (Stadt) <302>,Krems an der Donau (Stadt) <301>,75
Sankt Pölten (Stadt) <302>,Sankt Pölten (Stadt) <302>,3435
Sankt Pölten (Stadt) <302>,Waidhofen an der Ybbs (Stadt) <303>,5
Sankt Pölten (Stadt) <302>,Wiener Neustadt (Stadt) <304>,22
Sankt Pölten (Stadt) <302>,Amstetten <305>,44
Sankt Pölten (Stadt) <302>,Baden <306>,48
Sankt Pölten (Stadt) <302>,Bruck an der Leitha <307>,30
Sankt Pölten (Stadt) <302>,Gänserndorf <308>,22
Sankt Pölten (Stadt) <302>,Gmünd <309>,10
Sankt Pölten (Stadt) <302>,Hollabrunn <310>,18
Sankt Pölten (Stadt) <302>,Horn <311>,11
Sankt Pölten (Stadt) <302>,Korneuburg <312>,7
Sankt Pölten (Stadt) <302>,Krems Land <313>,63
Sankt Pölten (Stadt) <302>,Lilienfeld <314>,100
Sankt Pölten (Stadt) <302>,Melk <315>,165
Sankt Pölten (Stadt) <302>,Mistelbach <316>,7
Sankt Pölten (Stadt) <302>,Mödling <317>,24
Sankt Pölten (Stadt) <302>,Neunkirchen <318>,24
Sankt Pölten (Stadt) <302>,Sankt Pölten Land <319>,734
Sankt Pölten (Stadt) <302>,Scheibbs <320>,15
Sankt Pölten (Stadt) <302>,Tulln <321>,73
Sankt Pölten (Stadt) <302>,Waidhofen an der Thaya <322>,7
Sankt Pölten (Stadt) <302>,Wiener Neustadt Land <323>,14
Sankt Pölten (Stadt) <302>,Wien Umgebung ^<324>,-
Sankt Pölten (Stadt) <302>,Zwettl <325>,8
Sankt Pölten (Stadt) <302>,Stadt Linz <401>,43
Sankt Pölten (Stadt) <302>,Stadt Steyr <402>,2
Sankt Pölten (Stadt) <302>,Stadt Wels <403>,4
Sankt Pölten (Stadt) <302>,Braunau <404>,8
Sankt Pölten (Stadt) <302>,Eferding <405>,1
Sankt Pölten (Stadt) <302>,Freistadt <406>,4
Sankt Pölten (Stadt) <302>,Gmunden <407>,11
Sankt Pölten (Stadt) <302>,Grieskirchen <408>,2
Sankt Pölten (Stadt) <302>,Kirchdorf <409>,4
Sankt Pölten (Stadt) <302>,Linz Land <410>,19
Sankt Pölten (Stadt) <302>,Perg <411>,6
Sankt Pölten (Stadt) <302>,Ried <412>,2
Sankt Pölten (Stadt) <302>,Rohrbach <413>,1
Sankt Pölten (Stadt) <302>,Schärding <414>,5
Sankt Pölten (Stadt) <302>,Steyr Land <415>,4
Sankt Pölten (Stadt) <302>,Urfahr Umgebung <416>,4
Sankt Pölten (Stadt) <302>,Vöcklabruck <417>,6
Sankt Pölten (Stadt) <302>,Wels Land <418>,1
Sankt Pölten (Stadt) <302>,Salzburg (Stadt) <501>,13
Sankt Pölten (Stadt) <302>,Hallein <502>,3
Sankt Pölten (Stadt) <302>,Salzburg Umgebung <503>,4
Sankt Pölten (Stadt) <302>,St. Johann im Pongau <504>,1
Sankt Pölten (Stadt) <302>,Tamsweg <505>,-
Sankt Pölten (Stadt) <302>,Zell am See <506>,-
Waidhofen an der Ybbs (Stadt) <303>,Eisenstadt (Stadt) <101>,-
Waidhofen an der Ybbs (Stadt) <303>,Rust (Stadt) <102>,-
Waidhofen an der Ybbs (Stadt) <303>,Eisenstadt Umgebung <103>,-
Waidhofen an der Ybbs (Stadt) <303>,Güssing <104>,-
Waidhofen an der Ybbs (Stadt) <303>,Jennersdorf <105>,-
Waidhofen an der Ybbs (Stadt) <303>,Mattersburg <106>,-
Waidhofen an der Ybbs (Stadt) <303>,Neusiedl am See <107>,-
Waidhofen an der Ybbs (Stadt) <303>,Oberpullendorf <108>,-
Waidhofen an der Ybbs (Stadt) <303>,Oberwart <109>,-
Waidhofen an der Ybbs (Stadt) <303>,Klagenfurt (Stadt) <201>,-
Waidhofen an der Ybbs (Stadt) <303>,Villach (Stadt) <202>,-
Waidhofen an der Ybbs (Stadt) <303>,Feldkirchen <210>,-
Waidhofen an der Ybbs (Stadt) <303>,Hermagor <203>,-
Waidhofen an der Ybbs (Stadt) <303>,Klagenfurt Land <204>,-
Waidhofen an der Ybbs (Stadt) <303>,Sankt Veit an der Glan <205>,-
Waidhofen an der Ybbs (Stadt) <303>,Spittal an der Drau <206>,-
Waidhofen an der Ybbs (Stadt) <303>,Villach Land <207>,3
Waidhofen an der Ybbs (Stadt) <303>,Völkermarkt <208>,-
Waidhofen an der Ybbs (Stadt) <303>,Wolfsberg <209>,-
Waidhofen an der Ybbs (Stadt) <303>,Krems an der Donau (Stadt) <301>,2
Waidhofen an der Ybbs (Stadt) <303>,Sankt Pölten (Stadt) <302>,4
Waidhofen an der Ybbs (Stadt) <303>,Waidhofen an der Ybbs (Stadt) <303>,352
Waidhofen an der Ybbs (Stadt) <303>,Wiener Neustadt (Stadt) <304>,-
Waidhofen an der Ybbs (Stadt) <303>,Amstetten <305>,156
Waidhofen an der Ybbs (Stadt) <303>,Baden <306>,1
Waidhofen an der Ybbs (Stadt) <303>,Bruck an der Leitha <307>,-
Waidhofen an der Ybbs (Stadt) <303>,Gänserndorf <308>,1
Waidhofen an der Ybbs (Stadt) <303>,Gmünd <309>,-
Waidhofen an der Ybbs (Stadt) <303>,Hollabrunn <310>,3
Waidhofen an der Ybbs (Stadt) <303>,Horn <311>,1
Waidhofen an der Ybbs (Stadt) <303>,Korneuburg <312>,1
Waidhofen an der Ybbs (Stadt) <303>,Krems Land <313>,1
Waidhofen an der Ybbs (Stadt) <303>,Lilienfeld <314>,2
Waidhofen an der Ybbs (Stadt) <303>,Melk <315>,8
Waidhofen an der Ybbs (Stadt) <303>,Mistelbach <316>,-
Waidhofen an der Ybbs (Stadt) <303>,Mödling <317>,2
Waidhofen an der Ybbs (Stadt) <303>,Neunkirchen <318>,-
Waidhofen an der Ybbs (Stadt) <303>,Sankt Pölten Land <319>,4
Waidhofen an der Ybbs (Stadt) <303>,Scheibbs <320>,22
Waidhofen an der Ybbs (Stadt) <303>,Tulln <321>,3
Waidhofen an der Ybbs (Stadt) <303>,Waidhofen an der Thaya <322>,-
Waidhofen an der Ybbs (Stadt) <303>,Wiener Neustadt Land <323>,-
Waidhofen an der Ybbs (Stadt) <303>,Wien Umgebung ^<324>,-
Waidhofen an der Ybbs (Stadt) <303>,Zwettl <325>,1
Waidhofen an der Ybbs (Stadt) <303>,Stadt Linz <401>,19
Waidhofen an der Ybbs (Stadt) <303>,Stadt Steyr <402>,4
Waidhofen an der Ybbs (Stadt) <303>,Stadt Wels <403>,2
Waidhofen an der Ybbs (Stadt) <303>,Braunau <404>,-
Waidhofen an der Ybbs (Stadt) <303>,Eferding <405>,-
Waidhofen an der Ybbs (Stadt) <303>,Freistadt <406>,-
Waidhofen an der Ybbs (Stadt) <303>,Gmunden <407>,-
Waidhofen an der Ybbs (Stadt) <303>,Grieskirchen <408>,1
Waidhofen an der Ybbs (Stadt) <303>,Kirchdorf <409>,-
Waidhofen an der Ybbs (Stadt) <303>,Linz Land <410>,8
Waidhofen an der Ybbs (Stadt) <303>,Perg <411>,1
Waidhofen an der Ybbs (Stadt) <303>,Ried <412>,-
Waidhofen an der Ybbs (Stadt) <303>,Rohrbach <413>,-
Waidhofen an der Ybbs (Stadt) <303>,Schärding <414>,-
Waidhofen an der Ybbs (Stadt) <303>,Steyr Land <415>,14
Waidhofen an der Ybbs (Stadt) <303>,Urfahr Umgebung <416>,1
Waidhofen an der Ybbs (Stadt) <303>,Vöcklabruck <417>,1
Waidhofen an der Ybbs (Stadt) <303>,Wels Land <418>,3
Waidhofen an der Ybbs (Stadt) <303>,Salzburg (Stadt) <501>,4
Waidhofen an der Ybbs (Stadt) <303>,Hallein <502>,-
Waidhofen an der Ybbs (Stadt) <303>,Salzburg Umgebung <503>,-
Waidhofen an der Ybbs (Stadt) <303>,St. Johann im Pongau <504>,-
Waidhofen an der Ybbs (Stadt) <303>,Tamsweg <505>,9
Waidhofen an der Ybbs (Stadt) <303>,Zell am See <506>,-
Wiener Neustadt (Stadt) <304>,Eisenstadt (Stadt) <101>,24
Wiener Neustadt (Stadt) <304>,Rust (Stadt) <102>,-
Wiener Neustadt (Stadt) <304>,Eisenstadt Umgebung <103>,43
Wiener Neustadt (Stadt) <304>,Güssing <104>,5
Wiener Neustadt (Stadt) <304>,Jennersdorf <105>,4
Wiener Neustadt (Stadt) <304>,Mattersburg <106>,190
Wiener Neustadt (Stadt) <304>,Neusiedl am See <107>,10
Wiener Neustadt (Stadt) <304>,Oberpullendorf <108>,27
Wiener Neustadt (Stadt) <304>,Oberwart <109>,12
Wiener Neustadt (Stadt) <304>,Klagenfurt (Stadt) <201>,10
Wiener Neustadt (Stadt) <304>,Villach (Stadt) <202>,3
Wiener Neustadt (Stadt) <304>,Feldkirchen <210>,-
Wiener Neustadt (Stadt) <304>,Hermagor <203>,-
Wiener Neustadt (Stadt) <304>,Klagenfurt Land <204>,-
Wiener Neustadt (Stadt) <304>,Sankt Veit an der Glan <205>,2
Wiener Neustadt (Stadt) <304>,Spittal an der Drau <206>,3
Wiener Neustadt (Stadt) <304>,Villach Land <207>,-
Wiener Neustadt (Stadt) <304>,Völkermarkt <208>,1
Wiener Neustadt (Stadt) <304>,Wolfsberg <209>,-
Wiener Neustadt (Stadt) <304>,Krems an der Donau (Stadt) <301>,16
Wiener Neustadt (Stadt) <304>,Sankt Pölten (Stadt) <302>,43
Wiener Neustadt (Stadt) <304>,Waidhofen an der Ybbs (Stadt) <303>,1
Wiener Neustadt (Stadt) <304>,Wiener Neustadt (Stadt) <304>,2723
Wiener Neustadt (Stadt) <304>,Amstetten <305>,8
Wiener Neustadt (Stadt) <304>,Baden <306>,192
Wiener Neustadt (Stadt) <304>,Bruck an der Leitha <307>,17
Wiener Neustadt (Stadt) <304>,Gänserndorf <308>,19
Wiener Neustadt (Stadt) <304>,Gmünd <309>,-
Wiener Neustadt (Stadt) <304>,Hollabrunn <310>,15
Wiener Neustadt (Stadt) <304>,Horn <311>,-
Wiener Neustadt (Stadt) <304>,Korneuburg <312>,12
Wiener Neustadt (Stadt) <304>,Krems Land <313>,7
Wiener Neustadt (Stadt) <304>,Lilienfeld <314>,9
Wiener Neustadt (Stadt) <304>,Melk <315>,10
Wiener Neustadt (Stadt) <304>,Mistelbach <316>,5
Wiener Neustadt (Stadt) <304>,Mödling <317>,54
Wiener Neustadt (Stadt) <304>,Neunkirchen <318>,341
Wiener Neustadt (Stadt) <304>,Sankt Pölten Land <319>,25
Wiener Neustadt (Stadt) <304>,Scheibbs <320>,1
Wiener Neustadt (Stadt) <304>,Tulln <321>,10
Wiener Neustadt (Stadt) <304>,Waidhofen an der Thaya <322>,1
Wiener Neustadt (Stadt) <304>,Wiener Neustadt Land <323>,554
Wiener Neustadt (Stadt) <304>,Wien Umgebung ^<324>,-
Wiener Neustadt (Stadt) <304>,Zwettl <325>,2
Wiener Neustadt (Stadt) <304>,Stadt Linz <401>,25
Wiener Neustadt (Stadt) <304>,Stadt Steyr <402>,1
Wiener Neustadt (Stadt) <304>,Stadt Wels <403>,4
Wiener Neustadt (Stadt) <304>,Braunau <404>,8
Wiener Neustadt (Stadt) <304>,Eferding <405>,-
Wiener Neustadt (Stadt) <304>,Freistadt <406>,-
Wiener Neustadt (Stadt) <304>,Gmunden <407>,3
Wiener Neustadt (Stadt) <304>,Grieskirchen <408>,1
Wiener Neustadt (Stadt) <304>,Kirchdorf <409>,-
Wiener Neustadt (Stadt) <304>,Linz Land <410>,6
Wiener Neustadt (Stadt) <304>,Perg <411>,-
Wiener Neustadt (Stadt) <304>,Ried <412>,6
Wiener Neustadt (Stadt) <304>,Rohrbach <413>,-
Wiener Neustadt (Stadt) <304>,Schärding <414>,2
Wiener Neustadt (Stadt) <304>,Steyr Land <415>,1
Wiener Neustadt (Stadt) <304>,Urfahr Umgebung <416>,5
Wiener Neustadt (Stadt) <304>,Vöcklabruck <417>,4
Wiener Neustadt (Stadt) <304>,Wels Land <418>,1
Wiener Neustadt (Stadt) <304>,Salzburg (Stadt) <501>,5
Wiener Neustadt (Stadt) <304>,Hallein <502>,2
Wiener Neustadt (Stadt) <304>,Salzburg Umgebung <503>,3
Wiener Neustadt (Stadt) <304>,St. Johann im Pongau <504>,2
Wiener Neustadt (Stadt) <304>,Tamsweg <505>,-
Wiener Neustadt (Stadt) <304>,Zell am See <506>,2
Amstetten <305>,Eisenstadt (Stadt) <101>,-
Amstetten <305>,Rust (Stadt) <102>,-
Amstetten <305>,Eisenstadt Umgebung <103>,2
Amstetten <305>,Güssing <104>,1
Amstetten <305>,Jennersdorf <105>,1
Amstetten <305>,Mattersburg <106>,6
Amstetten <305>,Neusiedl am See <107>,2
Amstetten <305>,Oberpullendorf <108>,-
Amstetten <305>,Oberwart <109>,5
Amstetten <305>,Klagenfurt (Stadt) <201>,2
Amstetten <305>,Villach (Stadt) <202>,-
Amstetten <305>,Feldkirchen <210>,1
Amstetten <305>,Hermagor <203>,-
Amstetten <305>,Klagenfurt Land <204>,3
Amstetten <305>,Sankt Veit an der Glan <205>,1
Amstetten <305>,Spittal an der Drau <206>,-
Amstetten <305>,Villach Land <207>,4
Amstetten <305>,Völkermarkt <208>,1
Amstetten <305>,Wolfsberg <209>,-
Amstetten <305>,Krems an der Donau (Stadt) <301>,2
Amstetten <305>,Sankt Pölten (Stadt) <302>,57
Amstetten <305>,Waidhofen an der Ybbs (Stadt) <303>,148
Amstetten <305>,Wiener Neustadt (Stadt) <304>,14
Amstetten <305>,Amstetten <305>,4460
Amstetten <305>,Baden <306>,11
Amstetten <305>,Bruck an der Leitha <307>,6
Amstetten <305>,Gänserndorf <308>,6
Amstetten <305>,Gmünd <309>,5
Amstetten <305>,Hollabrunn <310>,2
Amstetten <305>,Horn <311>,1
Amstetten <305>,Korneuburg <312>,3
Amstetten <305>,Krems Land <313>,10
Amstetten <305>,Lilienfeld <314>,7
Amstetten <305>,Melk <315>,228
Amstetten <305>,Mistelbach <316>,13
Amstetten <305>,Mödling <317>,11
Amstetten <305>,Neunkirchen <318>,4
Amstetten <305>,Sankt Pölten Land <319>,40
Amstetten <305>,Scheibbs <320>,120
Amstetten <305>,Tulln <321>,15
Amstetten <305>,Waidhofen an der Thaya <322>,5
Amstetten <305>,Wiener Neustadt Land <323>,9
Amstetten <305>,Wien Umgebung ^<324>,-
Amstetten <305>,Zwettl <325>,10
Amstetten <305>,Stadt Linz <401>,201
Amstetten <305>,Stadt Steyr <402>,137
Amstetten <305>,Stadt Wels <403>,18
Amstetten <305>,Braunau <404>,1
Amstetten <305>,Eferding <405>,7
Amstetten <305>,Freistadt <406>,33
Amstetten <305>,Gmunden <407>,9
Amstetten <305>,Grieskirchen <408>,6
Amstetten <305>,Kirchdorf <409>,22
Amstetten <305>,Linz Land <410>,186
Amstetten <305>,Perg <411>,162
Amstetten <305>,Ried <412>,8
Amstetten <305>,Rohrbach <413>,6
Amstetten <305>,Schärding <414>,5
Amstetten <305>,Steyr Land <415>,128
Amstetten <305>,Urfahr Umgebung <416>,11
Amstetten <305>,Vöcklabruck <417>,13
Amstetten <305>,Wels Land <418>,23
Amstetten <305>,Salzburg (Stadt) <501>,16
Amstetten <305>,Hallein <502>,6
Amstetten <305>,Salzburg Umgebung <503>,6
Amstetten <305>,St. Johann im Pongau <504>,9
Amstetten <305>,Tamsweg <505>,-
Amstetten <305>,Zell am See <506>,3
Baden <306>,Eisenstadt (Stadt) <101>,56
Baden <306>,Rust (Stadt) <102>,2
Baden <306>,Eisenstadt Umgebung <103>,124
Baden <306>,Güssing <104>,8
Baden <306>,Jennersdorf <105>,-
Baden <306>,Mattersburg <106>,68
Baden <306>,Neusiedl am See <107>,31
Baden <306>,Oberpullendorf <108>,24
Baden <306>,Oberwart <109>,25
Baden <306>,Klagenfurt (Stadt) <201>,24
Baden <306>,Villach (Stadt) <202>,14
Baden <306>,Feldkirchen <210>,2
Baden <306>,Hermagor <203>,1
Baden <306>,Klagenfurt Land <204>,20
Baden <306>,Sankt Veit an der Glan <205>,2
Baden <306>,Spittal an der Drau <206>,9
Baden <306>,Villach Land <207>,104
Baden <306>,Völkermarkt <208>,22
Baden <306>,Wolfsberg <209>,13
Baden <306>,Krems an der Donau (Stadt) <301>,14
Baden <306>,Sankt Pölten (Stadt) <302>,39
Baden <306>,Waidhofen an der Ybbs (Stadt) <303>,1
Baden <306>,Wiener Neustadt (Stadt) <304>,399
Baden <306>,Amstetten <305>,24
Baden <306>,Baden <306>,6061
Baden <306>,Bruck an der Leitha <307>,289
Baden <306>,Gänserndorf <308>,45
Baden <306>,Gmünd <309>,14
Baden <306>,Hollabrunn <310>,35
Baden <306>,Horn <311>,6
Baden <306>,Korneuburg <312>,36
Baden <306>,Krems Land <313>,10
Baden <306>,Lilienfeld <314>,44
Baden <306>,Melk <315>,21
Baden <306>,Mistelbach <316>,23
Baden <306>,Mödling <317>,459
Baden <306>,Neunkirchen <318>,147
Baden <306>,Sankt Pölten Land <319>,88
Baden <306>,Scheibbs <320>,9
Baden <306>,Tulln <321>,41
Baden <306>,Waidhofen an der Thaya <322>,4
Baden <306>,Wiener Neustadt Land <323>,425
Baden <306>,Wien Umgebung ^<324>,-
Baden <306>,Zwettl <325>,9
Baden <306>,Stadt Linz <401>,29
Baden <306>,Stadt Steyr <402>,5
Baden <306>,Stadt Wels <403>,15
Baden <306>,Braunau <404>,7
Baden <306>,Eferding <405>,3
Baden <306>,Freistadt <406>,2
Baden <306>,Gmunden <407>,4
Baden <306>,Grieskirchen <408>,5
Baden <306>,Kirchdorf <409>,14
Baden <306>,Linz Land <410>,11
Baden <306>,Perg <411>,58
Baden <306>,Ried <412>,3
Baden <306>,Rohrbach <413>,2
Baden <306>,Schärding <414>,4
Baden <306>,Steyr Land <415>,1
Baden <306>,Urfahr Umgebung <416>,8
Baden <306>,Vöcklabruck <417>,7
Baden <306>,Wels Land <418>,2
Baden <306>,Salzburg (Stadt) <501>,31
Baden <306>,Hallein <502>,10
Baden <306>,Salzburg Umgebung <503>,139
Baden <306>,St. Johann im Pongau <504>,6
Baden <306>,Tamsweg <505>,1
Baden <306>,Zell am See <506>,22
Bruck an der Leitha <307>,Eisenstadt (Stadt) <101>,37
Bruck an der Leitha <307>,Rust (Stadt) <102>,1
Bruck an der Leitha <307>,Eisenstadt Umgebung <103>,67
Bruck an der Leitha <307>,Güssing <104>,1
Bruck an der Leitha <307>,Jennersdorf <105>,14
Bruck an der Leitha <307>,Mattersburg <106>,27
Bruck an der Leitha <307>,Neusiedl am See <107>,252
Bruck an der Leitha <307>,Oberpullendorf <108>,18
Bruck an der Leitha <307>,Oberwart <109>,12
Bruck an der Leitha <307>,Klagenfurt (Stadt) <201>,43
Bruck an der Leitha <307>,Villach (Stadt) <202>,23
Bruck an der Leitha <307>,Feldkirchen <210>,8
Bruck an der Leitha <307>,Hermagor <203>,1
Bruck an der Leitha <307>,Klagenfurt Land <204>,1
Bruck an der Leitha <307>,Sankt Veit an der Glan <205>,14
Bruck an der Leitha <307>,Spittal an der Drau <206>,1
Bruck an der Leitha <307>,Villach Land <207>,4
Bruck an der Leitha <307>,Völkermarkt <208>,29
Bruck an der Leitha <307>,Wolfsberg <209>,25
Bruck an der Leitha <307>,Krems an der Donau (Stadt) <301>,11
Bruck an der Leitha <307>,Sankt Pölten (Stadt) <302>,42
Bruck an der Leitha <307>,Waidhofen an der Ybbs (Stadt) <303>,1
Bruck an der Leitha <307>,Wiener Neustadt (Stadt) <304>,58
Bruck an der Leitha <307>,Amstetten <305>,17
Bruck an der Leitha <307>,Baden <306>,212
Bruck an der Leitha <307>,Bruck an der Leitha <307>,4052
Bruck an der Leitha <307>,Gänserndorf <308>,84
Bruck an der Leitha <307>,Gmünd <309>,6
Bruck an der Leitha <307>,Hollabrunn <310>,28
Bruck an der Leitha <307>,Horn <311>,12
Bruck an der Leitha <307>,Korneuburg <312>,43
Bruck an der Leitha <307>,Krems Land <313>,16
Bruck an der Leitha <307>,Lilienfeld <314>,5
Bruck an der Leitha <307>,Melk <315>,16
Bruck an der Leitha <307>,Mistelbach <316>,28
Bruck an der Leitha <307>,Mödling <317>,160
Bruck an der Leitha <307>,Neunkirchen <318>,40
Bruck an der Leitha <307>,Sankt Pölten Land <319>,59
Bruck an der Leitha <307>,Scheibbs <320>,2
Bruck an der Leitha <307>,Tulln <321>,40
Bruck an der Leitha <307>,Waidhofen an der Thaya <322>,-
Bruck an der Leitha <307>,Wiener Neustadt Land <323>,62
Bruck an der Leitha <307>,Wien Umgebung ^<324>,-
Bruck an der Leitha <307>,Zwettl <325>,2
Bruck an der Leitha <307>,Stadt Linz <401>,23
Bruck an der Leitha <307>,Stadt Steyr <402>,9
Bruck an der Leitha <307>,Stadt Wels <403>,3
Bruck an der Leitha <307>,Braunau <404>,1
Bruck an der Leitha <307>,Eferding <405>,2
Bruck an der Leitha <307>,Freistadt <406>,-
Bruck an der Leitha <307>,Gmunden <407>,6
Bruck an der Leitha <307>,Grieskirchen <408>,4
Bruck an der Leitha <307>,Kirchdorf <409>,13
Bruck an der Leitha <307>,Linz Land <410>,17
Bruck an der Leitha <307>,Perg <411>,11
Bruck an der Leitha <307>,Ried <412>,7
Bruck an der Leitha <307>,Rohrbach <413>,8
Bruck an der Leitha <307>,Schärding <414>,2
Bruck an der Leitha <307>,Steyr Land <415>,6
Bruck an der Leitha <307>,Urfahr Umgebung <416>,1
Bruck an der Leitha <307>,Vöcklabruck <417>,9
Bruck an der Leitha <307>,Wels Land <418>,4
Bruck an der Leitha <307>,Salzburg (Stadt) <501>,35
Bruck an der Leitha <307>,Hallein <502>,13
Bruck an der Leitha <307>,Salzburg Umgebung <503>,27
Bruck an der Leitha <307>,St. Johann im Pongau <504>,5
Bruck an der Leitha <307>,Tamsweg <505>,-
Bruck an der Leitha <307>,Zell am See <506>,16
Gänserndorf <308>,Eisenstadt (Stadt) <101>,10
Gänserndorf <308>,Rust (Stadt) <102>,1
Gänserndorf <308>,Eisenstadt Umgebung <103>,7
Gänserndorf <308>,Güssing <104>,8
Gänserndorf <308>,Jennersdorf <105>,2
Gänserndorf <308>,Mattersburg <106>,11
Gänserndorf <308>,Neusiedl am See <107>,22
Gänserndorf <308>,Oberpullendorf <108>,11
Gänserndorf <308>,Oberwart <109>,15
Gänserndorf <308>,Klagenfurt (Stadt) <201>,3
Gänserndorf <308>,Villach (Stadt) <202>,1
Gänserndorf <308>,Feldkirchen <210>,1
Gänserndorf <308>,Hermagor <203>,2
Gänserndorf <308>,Klagenfurt Land <204>,3
Gänserndorf <308>,Sankt Veit an der Glan <205>,2
Gänserndorf <308>,Spittal an der Drau <206>,1
Gänserndorf <308>,Villach Land <207>,3
Gänserndorf <308>,Völkermarkt <208>,1
Gänserndorf <308>,Wolfsberg <209>,-
Gänserndorf <308>,Krems an der Donau (Stadt) <301>,4
Gänserndorf <308>,Sankt Pölten (Stadt) <302>,23
Gänserndorf <308>,Waidhofen an der Ybbs (Stadt) <303>,2
Gänserndorf <308>,Wiener Neustadt (Stadt) <304>,33
Gänserndorf <308>,Amstetten <305>,7
Gänserndorf <308>,Baden <306>,47
Gänserndorf <308>,Bruck an der Leitha <307>,100
Gänserndorf <308>,Gänserndorf <308>,3596
Gänserndorf <308>,Gmünd <309>,13
Gänserndorf <308>,Hollabrunn <310>,36
Gänserndorf <308>,Horn <311>,8
Gänserndorf <308>,Korneuburg <312>,104
Gänserndorf <308>,Krems Land <313>,11
Gänserndorf <308>,Lilienfeld <314>,3
Gänserndorf <308>,Melk <315>,11
Gänserndorf <308>,Mistelbach <316>,397
Gänserndorf <308>,Mödling <317>,49
Gänserndorf <308>,Neunkirchen <318>,31
Gänserndorf <308>,Sankt Pölten Land <319>,32
Gänserndorf <308>,Scheibbs <320>,3
Gänserndorf <308>,Tulln <321>,46
Gänserndorf <308>,Waidhofen an der Thaya <322>,3
Gänserndorf <308>,Wiener Neustadt Land <323>,26
Gänserndorf <308>,Wien Umgebung ^<324>,-
Gänserndorf <308>,Zwettl <325>,13
Gänserndorf <308>,Stadt Linz <401>,10
Gänserndorf <308>,Stadt Steyr <402>,2
Gänserndorf <308>,Stadt Wels <403>,2
Gänserndorf <308>,Braunau <404>,1
Gänserndorf <308>,Eferding <405>,5
Gänserndorf <308>,Freistadt <406>,-
Gänserndorf <308>,Gmunden <407>,2
Gänserndorf <308>,Grieskirchen <408>,-
Gänserndorf <308>,Kirchdorf <409>,3
Gänserndorf <308>,Linz Land <410>,6
Gänserndorf <308>,Perg <411>,-
Gänserndorf <308>,Ried <412>,-
Gänserndorf <308>,Rohrbach <413>,1
Gänserndorf <308>,Schärding <414>,-
Gänserndorf <308>,Steyr Land <415>,3
Gänserndorf <308>,Urfahr Umgebung <416>,5
Gänserndorf <308>,Vöcklabruck <417>,2
Gänserndorf <308>,Wels Land <418>,1
Gänserndorf <308>,Salzburg (Stadt) <501>,8
Gänserndorf <308>,Hallein <502>,1
Gänserndorf <308>,Salzburg Umgebung <503>,6
Gänserndorf <308>,St. Johann im Pongau <504>,6
Gänserndorf <308>,Tamsweg <505>,-
Gänserndorf <308>,Zell am See <506>,4
Gmünd <309>,Eisenstadt (Stadt) <101>,-
Gmünd <309>,Rust (Stadt) <102>,-
Gmünd <309>,Eisenstadt Umgebung <103>,1
Gmünd <309>,Güssing <104>,2
Gmünd <309>,Jennersdorf <105>,-
Gmünd <309>,Mattersburg <106>,-
Gmünd <309>,Neusiedl am See <107>,-
Gmünd <309>,Oberpullendorf <108>,-
Gmünd <309>,Oberwart <109>,-
Gmünd <309>,Klagenfurt (Stadt) <201>,4
Gmünd <309>,Villach (Stadt) <202>,-
Gmünd <309>,Feldkirchen <210>,-
Gmünd <309>,Hermagor <203>,-
Gmünd <309>,Klagenfurt Land <204>,1
Gmünd <309>,Sankt Veit an der Glan <205>,-
Gmünd <309>,Spittal an der Drau <206>,1
Gmünd <309>,Villach Land <207>,-
Gmünd <309>,Völkermarkt <208>,-
Gmünd <309>,Wolfsberg <209>,-
Gmünd <309>,Krems an der Donau (Stadt) <301>,21
Gmünd <309>,Sankt Pölten (Stadt) <302>,32
Gmünd <309>,Waidhofen an der Ybbs (Stadt) <303>,-
Gmünd <309>,Wiener Neustadt (Stadt) <304>,4
Gmünd <309>,Amstetten <305>,5
Gmünd <309>,Baden <306>,6
Gmünd <309>,Bruck an der Leitha <307>,6
Gmünd <309>,Gänserndorf <308>,13
Gmünd <309>,Gmünd <309>,1193
Gmünd <309>,Hollabrunn <310>,3
Gmünd <309>,Horn <311>,24
Gmünd <309>,Korneuburg <312>,4
Gmünd <309>,Krems Land <313>,16
Gmünd <309>,Lilienfeld <314>,1
Gmünd <309>,Melk <315>,5
Gmünd <309>,Mistelbach <316>,4
Gmünd <309>,Mödling <317>,5
Gmünd <309>,Neunkirchen <318>,-
Gmünd <309>,Sankt Pölten Land <319>,11
Gmünd <309>,Scheibbs <320>,2
Gmünd <309>,Tulln <321>,10
Gmünd <309>,Waidhofen an der Thaya <322>,126
Gmünd <309>,Wiener Neustadt Land <323>,1
Gmünd <309>,Wien Umgebung ^<324>,-
Gmünd <309>,Zwettl <325>,114
Gmünd <309>,Stadt Linz <401>,23
Gmünd <309>,Stadt Steyr <402>,3
Gmünd <309>,Stadt Wels <403>,6
Gmünd <309>,Braunau <404>,-
Gmünd <309>,Eferding <405>,3
Gmünd <309>,Freistadt <406>,10
Gmünd <309>,Gmunden <407>,3
Gmünd <309>,Grieskirchen <408>,1
Gmünd <309>,Kirchdorf <409>,2
Gmünd <309>,Linz Land <410>,12
Gmünd <309>,Perg <411>,4
Gmünd <309>,Ried <412>,2
Gmünd <309>,Rohrbach <413>,2
Gmünd <309>,Schärding <414>,1
Gmünd <309>,Steyr Land <415>,1
Gmünd <309>,Urfahr Umgebung <416>,2
Gmünd <309>,Vöcklabruck <417>,-
Gmünd <309>,Wels Land <418>,2
Gmünd <309>,Salzburg (Stadt) <501>,4
Gmünd <309>,Hallein <502>,8
Gmünd <309>,Salzburg Umgebung <503>,5
Gmünd <309>,St. Johann im Pongau <504>,4
Gmünd <309>,Tamsweg <505>,-
Gmünd <309>,Zell am See <506>,-
Hollabrunn <310>,Eisenstadt (Stadt) <101>,1
Hollabrunn <310>,Rust (Stadt) <102>,-
Hollabrunn <310>,Eisenstadt Umgebung <103>,-
Hollabrunn <310>,Güssing <104>,-
Hollabrunn <310>,Jennersdorf <105>,-
Hollabrunn <310>,Mattersburg <106>,4
Hollabrunn <310>,Neusiedl am See <107>,3
Hollabrunn <310>,Oberpullendorf <108>,2
Hollabrunn <310>,Oberwart <109>,5
Hollabrunn <310>,Klagenfurt (Stadt) <201>,5
Hollabrunn <310>,Villach (Stadt) <202>,2
Hollabrunn <310>,Feldkirchen <210>,-
Hollabrunn <310>,Hermagor <203>,-
Hollabrunn <310>,Klagenfurt Land <204>,-
Hollabrunn <310>,Sankt Veit an der Glan <205>,1
Hollabrunn <310>,Spittal an der Drau <206>,2
Hollabrunn <310>,Villach Land <207>,-
Hollabrunn <310>,Völkermarkt <208>,2
Hollabrunn <310>,Wolfsberg <209>,-
Hollabrunn <310>,Krems an der Donau (Stadt) <301>,24
Hollabrunn <310>,Sankt Pölten (Stadt) <302>,20
Hollabrunn <310>,Waidhofen an der Ybbs (Stadt) <303>,3
Hollabrunn <310>,Wiener Neustadt (Stadt) <304>,8
Hollabrunn <310>,Amstetten <305>,2
Hollabrunn <310>,Baden <306>,27
Hollabrunn <310>,Bruck an der Leitha <307>,8
Hollabrunn <310>,Gänserndorf <308>,37
Hollabrunn <310>,Gmünd <309>,8
Hollabrunn <310>,Hollabrunn <310>,1610
Hollabrunn <310>,Horn <311>,113
Hollabrunn <310>,Korneuburg <312>,134
Hollabrunn <310>,Krems Land <313>,31
Hollabrunn <310>,Lilienfeld <314>,-
Hollabrunn <310>,Melk <315>,9
Hollabrunn <310>,Mistelbach <316>,96
Hollabrunn <310>,Mödling <317>,19
Hollabrunn <310>,Neunkirchen <318>,12
Hollabrunn <310>,Sankt Pölten Land <319>,18
Hollabrunn <310>,Scheibbs <320>,2
Hollabrunn <310>,Tulln <321>,82
Hollabrunn <310>,Waidhofen an der Thaya <322>,10
Hollabrunn <310>,Wiener Neustadt Land <323>,2
Hollabrunn <310>,Wien Umgebung ^<324>,-
Hollabrunn <310>,Zwettl <325>,9
Hollabrunn <310>,Stadt Linz <401>,4
Hollabrunn <310>,Stadt Steyr <402>,-
Hollabrunn <310>,Stadt Wels <403>,6
Hollabrunn <310>,Braunau <404>,1
Hollabrunn <310>,Eferding <405>,-
Hollabrunn <310>,Freistadt <406>,3
Hollabrunn <310>,Gmunden <407>,-
Hollabrunn <310>,Grieskirchen <408>,-
Hollabrunn <310>,Kirchdorf <409>,1
Hollabrunn <310>,Linz Land <410>,4
Hollabrunn <310>,Perg <411>,1
Hollabrunn <310>,Ried <412>,2
Hollabrunn <310>,Rohrbach <413>,-
Hollabrunn <310>,Schärding <414>,6
Hollabrunn <310>,Steyr Land <415>,2
Hollabrunn <310>,Urfahr Umgebung <416>,1
Hollabrunn <310>,Vöcklabruck <417>,-
Hollabrunn <310>,Wels Land <418>,-
Hollabrunn <310>,Salzburg (Stadt) <501>,4
Hollabrunn <310>,Hallein <502>,-
Hollabrunn <310>,Salzburg Umgebung <503>,1
Hollabrunn <310>,St. Johann im Pongau <504>,4
Hollabrunn <310>,Tamsweg <505>,1
Hollabrunn <310>,Zell am See <506>,6
Horn <311>,Eisenstadt (Stadt) <101>,-
Horn <311>,Rust (Stadt) <102>,-
Horn <311>,Eisenstadt Umgebung <103>,-
Horn <311>,Güssing <104>,-
Horn <311>,Jennersdorf <105>,-
Horn <311>,Mattersburg <106>,-
Horn <311>,Neusiedl am See <107>,-
Horn <311>,Oberpullendorf <108>,-
Horn <311>,Oberwart <109>,3
Horn <311>,Klagenfurt (Stadt) <201>,2
Horn <311>,Villach (Stadt) <202>,1
Horn <311>,Feldkirchen <210>,-
Horn <311>,Hermagor <203>,-
Horn <311>,Klagenfurt Land <204>,-
Horn <311>,Sankt Veit an der Glan <205>,-
Horn <311>,Spittal an der Drau <206>,-
Horn <311>,Villach Land <207>,-
Horn <311>,Völkermarkt <208>,-
Horn <311>,Wolfsberg <209>,1
Horn <311>,Krems an der Donau (Stadt) <301>,28
Horn <311>,Sankt Pölten (Stadt) <302>,10
Horn <311>,Waidhofen an der Ybbs (Stadt) <303>,1
Horn <311>,Wiener Neustadt (Stadt) <304>,1
Horn <311>,Amstetten <305>,3
Horn <311>,Baden <306>,3
Horn <311>,Bruck an der Leitha <307>,7
Horn <311>,Gänserndorf <308>,3
Horn <311>,Gmünd <309>,13
Horn <311>,Hollabrunn <310>,87
Horn <311>,Horn <311>,1040
Horn <311>,Korneuburg <312>,2
Horn <311>,Krems Land <313>,52
Horn <311>,Lilienfeld <314>,1
Horn <311>,Melk <315>,6
Horn <311>,Mistelbach <316>,10
Horn <311>,Mödling <317>,5
Horn <311>,Neunkirchen <318>,5
Horn <311>,Sankt Pölten Land <319>,26
Horn <311>,Scheibbs <320>,3
Horn <311>,Tulln <321>,34
Horn <311>,Waidhofen an der Thaya <322>,58
Horn <311>,Wiener Neustadt Land <323>,4
Horn <311>,Wien Umgebung ^<324>,-
Horn <311>,Zwettl <325>,36
Horn <311>,Stadt Linz <401>,8
Horn <311>,Stadt Steyr <402>,1
Horn <311>,Stadt Wels <403>,1
Horn <311>,Braunau <404>,-
Horn <311>,Eferding <405>,-
Horn <311>,Freistadt <406>,-
Horn <311>,Gmunden <407>,1
Horn <311>,Grieskirchen <408>,1
Horn <311>,Kirchdorf <409>,2
Horn <311>,Linz Land <410>,2
Horn <311>,Perg <411>,-
Horn <311>,Ried <412>,-
Horn <311>,Rohrbach <413>,-
Horn <311>,Schärding <414>,-
Horn <311>,Steyr Land <415>,-
Horn <311>,Urfahr Umgebung <416>,1
Horn <311>,Vöcklabruck <417>,1
Horn <311>,Wels Land <418>,-
Horn <311>,Salzburg (Stadt) <501>,4
Horn <311>,Hallein <502>,1
Horn <311>,Salzburg Umgebung <503>,-
Horn <311>,St. Johann im Pongau <504>,2
Horn <311>,Tamsweg <505>,1
Horn <311>,Zell am See <506>,1
Korneuburg <312>,Eisenstadt (Stadt) <101>,9
Korneuburg <312>,Rust (Stadt) <102>,-
Korneuburg <312>,Eisenstadt Umgebung <103>,10
Korneuburg <312>,Güssing <104>,5
Korneuburg <312>,Jennersdorf <105>,2
Korneuburg <312>,Mattersburg <106>,5
Korneuburg <312>,Neusiedl am See <107>,9
Korneuburg <312>,Oberpullendorf <108>,7
Korneuburg <312>,Oberwart <109>,3
Korneuburg <312>,Klagenfurt (Stadt) <201>,10
Korneuburg <312>,Villach (Stadt) <202>,3
Korneuburg <312>,Feldkirchen <210>,3
Korneuburg <312>,Hermagor <203>,1
Korneuburg <312>,Klagenfurt Land <204>,1
Korneuburg <312>,Sankt Veit an der Glan <205>,4
Korneuburg <312>,Spittal an der Drau <206>,5
Korneuburg <312>,Villach Land <207>,4
Korneuburg <312>,Völkermarkt <208>,1
Korneuburg <312>,Wolfsberg <209>,1
Korneuburg <312>,Krems an der Donau (Stadt) <301>,31
Korneuburg <312>,Sankt Pölten (Stadt) <302>,23
Korneuburg <312>,Waidhofen an der Ybbs (Stadt) <303>,-
Korneuburg <312>,Wiener Neustadt (Stadt) <304>,20
Korneuburg <312>,Amstetten <305>,5
Korneuburg <312>,Baden <306>,64
Korneuburg <312>,Bruck an der Leitha <307>,52
Korneuburg <312>,Gänserndorf <308>,163
Korneuburg <312>,Gmünd <309>,16
Korneuburg <312>,Hollabrunn <310>,184
Korneuburg <312>,Horn <311>,20
Korneuburg <312>,Korneuburg <312>,3073
Korneuburg <312>,Krems Land <313>,28
Korneuburg <312>,Lilienfeld <314>,11
Korneuburg <312>,Melk <315>,10
Korneuburg <312>,Mistelbach <316>,199
Korneuburg <312>,Mödling <317>,24
Korneuburg <312>,Neunkirchen <318>,17
Korneuburg <312>,Sankt Pölten Land <319>,40
Korneuburg <312>,Scheibbs <320>,6
Korneuburg <312>,Tulln <321>,152
Korneuburg <312>,Waidhofen an der Thaya <322>,4
Korneuburg <312>,Wiener Neustadt Land <323>,9
Korneuburg <312>,Wien Umgebung ^<324>,-
Korneuburg <312>,Zwettl <325>,13
Korneuburg <312>,Stadt Linz <401>,5
Korneuburg <312>,Stadt Steyr <402>,-
Korneuburg <312>,Stadt Wels <403>,7
Korneuburg <312>,Braunau <404>,3
Korneuburg <312>,Eferding <405>,1
Korneuburg <312>,Freistadt <406>,2
Korneuburg <312>,Gmunden <407>,8
Korneuburg <312>,Grieskirchen <408>,1
Korneuburg <312>,Kirchdorf <409>,3
Korneuburg <312>,Linz Land <410>,4
Korneuburg <312>,Perg <411>,4
Korneuburg <312>,Ried <412>,7
Korneuburg <312>,Rohrbach <413>,3
Korneuburg <312>,Schärding <414>,2
Korneuburg <312>,Steyr Land <415>,3
Korneuburg <312>,Urfahr Umgebung <416>,-
Korneuburg <312>,Vöcklabruck <417>,4
Korneuburg <312>,Wels Land <418>,1
Korneuburg <312>,Salzburg (Stadt) <501>,6
Korneuburg <312>,Hallein <502>,4
Korneuburg <312>,Salzburg Umgebung <503>,4
Korneuburg <312>,St. Johann im Pongau <504>,8
Korneuburg <312>,Tamsweg <505>,-
Korneuburg <312>,Zell am See <506>,4
Krems Land <313>,Eisenstadt (Stadt) <101>,4
Krems Land <313>,Rust (Stadt) <102>,-
Krems Land <313>,Eisenstadt Umgebung <103>,-
Krems Land <313>,Güssing <104>,1
Krems Land <313>,Jennersdorf <105>,-
Krems Land <313>,Mattersburg <106>,3
Krems Land <313>,Neusiedl am See <107>,1
Krems Land <313>,Oberpullendorf <108>,2
Krems Land <313>,Oberwart <109>,1
Krems Land <313>,Klagenfurt (Stadt) <201>,2
Krems Land <313>,Villach (Stadt) <202>,1
Krems Land <313>,Feldkirchen <210>,-
Krems Land <313>,Hermagor <203>,-
Krems Land <313>,Klagenfurt Land <204>,2
Krems Land <313>,Sankt Veit an der Glan <205>,-
Krems Land <313>,Spittal an der Drau <206>,-
Krems Land <313>,Villach Land <207>,-
Krems Land <313>,Völkermarkt <208>,1
Krems Land <313>,Wolfsberg <209>,-
Krems Land <313>,Krems an der Donau (Stadt) <301>,405
Krems Land <313>,Sankt Pölten (Stadt) <302>,64
Krems Land <313>,Waidhofen an der Ybbs (Stadt) <303>,1
Krems Land <313>,Wiener Neustadt (Stadt) <304>,1
Krems Land <313>,Amstetten <305>,8
Krems Land <313>,Baden <306>,14
Krems Land <313>,Bruck an der Leitha <307>,2
Krems Land <313>,Gänserndorf <308>,5
Krems Land <313>,Gmünd <309>,8
Krems Land <313>,Hollabrunn <310>,17
Krems Land <313>,Horn <311>,56
Krems Land <313>,Korneuburg <312>,17
Krems Land <313>,Krems Land <313>,1324
Krems Land <313>,Lilienfeld <314>,9
Krems Land <313>,Melk <315>,68
Krems Land <313>,Mistelbach <316>,10
Krems Land <313>,Mödling <317>,3
Krems Land <313>,Neunkirchen <318>,6
Krems Land <313>,Sankt Pölten Land <319>,88
Krems Land <313>,Scheibbs <320>,1
Krems Land <313>,Tulln <321>,115
Krems Land <313>,Waidhofen an der Thaya <322>,8
Krems Land <313>,Wiener Neustadt Land <323>,1
Krems Land <313>,Wien Umgebung ^<324>,-
Krems Land <313>,Zwettl <325>,64
Krems Land <313>,Stadt Linz <401>,8
Krems Land <313>,Stadt Steyr <402>,1
Krems Land <313>,Stadt Wels <403>,2
Krems Land <313>,Braunau <404>,3
Krems Land <313>,Eferding <405>,-
Krems Land <313>,Freistadt <406>,2
Krems Land <313>,Gmunden <407>,1
Krems Land <313>,Grieskirchen <408>,-
Krems Land <313>,Kirchdorf <409>,1
Krems Land <313>,Linz Land <410>,5
Krems Land <313>,Perg <411>,1
Krems Land <313>,Ried <412>,3
Krems Land <313>,Rohrbach <413>,-
Krems Land <313>,Schärding <414>,-
Krems Land <313>,Steyr Land <415>,2
Krems Land <313>,Urfahr Umgebung <416>,-
Krems Land <313>,Vöcklabruck <417>,4
Krems Land <313>,Wels Land <418>,1
Krems Land <313>,Salzburg (Stadt) <501>,3
Krems Land <313>,Hallein <502>,1
Krems Land <313>,Salzburg Umgebung <503>,1
Krems Land <313>,St. Johann im Pongau <504>,6
Krems Land <313>,Tamsweg <505>,-
Krems Land <313>,Zell am See <506>,1
Lilienfeld <314>,Eisenstadt (Stadt) <101>,6
Lilienfeld <314>,Rust (Stadt) <102>,-
Lilienfeld <314>,Eisenstadt Umgebung <103>,-
Lilienfeld <314>,Güssing <104>,2
Lilienfeld <314>,Jennersdorf <105>,-
Lilienfeld <314>,Mattersburg <106>,-
Lilienfeld <314>,Neusiedl am See <107>,1
Lilienfeld <314>,Oberpullendorf <108>,1
Lilienfeld <314>,Oberwart <109>,4
Lilienfeld <314>,Klagenfurt (Stadt) <201>,-
Lilienfeld <314>,Villach (Stadt) <202>,-
Lilienfeld <314>,Feldkirchen <210>,3
Lilienfeld <314>,Hermagor <203>,-
Lilienfeld <314>,Klagenfurt Land <204>,-
Lilienfeld <314>,Sankt Veit an der Glan <205>,2
Lilienfeld <314>,Spittal an der Drau <206>,-
Lilienfeld <314>,Villach Land <207>,-
Lilienfeld <314>,Völkermarkt <208>,-
Lilienfeld <314>,Wolfsberg <209>,-
Lilienfeld <314>,Krems an der Donau (Stadt) <301>,1
Lilienfeld <314>,Sankt Pölten (Stadt) <302>,148
Lilienfeld <314>,Waidhofen an der Ybbs (Stadt) <303>,-
Lilienfeld <314>,Wiener Neustadt (Stadt) <304>,7
Lilienfeld <314>,Amstetten <305>,11
Lilienfeld <314>,Baden <306>,21
Lilienfeld <314>,Bruck an der Leitha <307>,4
Lilienfeld <314>,Gänserndorf <308>,2
Lilienfeld <314>,Gmünd <309>,3
Lilienfeld <314>,Hollabrunn <310>,1
Lilienfeld <314>,Horn <311>,-
Lilienfeld <314>,Korneuburg <312>,3
Lilienfeld <314>,Krems Land <313>,11
Lilienfeld <314>,Lilienfeld <314>,1097
Lilienfeld <314>,Melk <315>,25
Lilienfeld <314>,Mistelbach <316>,5
Lilienfeld <314>,Mödling <317>,4
Lilienfeld <314>,Neunkirchen <318>,6
Lilienfeld <314>,Sankt Pölten Land <319>,147
Lilienfeld <314>,Scheibbs <320>,11
Lilienfeld <314>,Tulln <321>,13
Lilienfeld <314>,Waidhofen an der Thaya <322>,-
Lilienfeld <314>,Wiener Neustadt Land <323>,6
Lilienfeld <314>,Wien Umgebung ^<324>,-
Lilienfeld <314>,Zwettl <325>,4
Lilienfeld <314>,Stadt Linz <401>,1
Lilienfeld <314>,Stadt Steyr <402>,1
Lilienfeld <314>,Stadt Wels <403>,1
Lilienfeld <314>,Braunau <404>,1
Lilienfeld <314>,Eferding <405>,1
Lilienfeld <314>,Freistadt <406>,2
Lilienfeld <314>,Gmunden <407>,1
Lilienfeld <314>,Grieskirchen <408>,2
Lilienfeld <314>,Kirchdorf <409>,2
Lilienfeld <314>,Linz Land <410>,2
Lilienfeld <314>,Perg <411>,2
Lilienfeld <314>,Ried <412>,-
Lilienfeld <314>,Rohrbach <413>,-
Lilienfeld <314>,Schärding <414>,2
Lilienfeld <314>,Steyr Land <415>,-
Lilienfeld <314>,Urfahr Umgebung <416>,1
Lilienfeld <314>,Vöcklabruck <417>,5
Lilienfeld <314>,Wels Land <418>,-
Lilienfeld <314>,Salzburg (Stadt) <501>,2
Lilienfeld <314>,Hallein <502>,4
Lilienfeld <314>,Salzburg Umgebung <503>,1
Lilienfeld <314>,St. Johann im Pongau <504>,-
Lilienfeld <314>,Tamsweg <505>,-
Lilienfeld <314>,Zell am See <506>,1
Melk <315>,Eisenstadt (Stadt) <101>,2
Melk <315>,Rust (Stadt) <102>,-
Melk <315>,Eisenstadt Umgebung <103>,-
Melk <315>,Güssing <104>,1
Melk <315>,Jennersdorf <105>,-
Melk <315>,Mattersburg <106>,-
Melk <315>,Neusiedl am See <107>,2
Melk <315>,Oberpullendorf <108>,1
Melk <315>,Oberwart <109>,4
Melk <315>,Klagenfurt (Stadt) <201>,1
Melk <315>,Villach (Stadt) <202>,2
Melk <315>,Feldkirchen <210>,1
Melk <315>,Hermagor <203>,-
Melk <315>,Klagenfurt Land <204>,1
Melk <315>,Sankt Veit an der Glan <205>,-
Melk <315>,Spittal an der Drau <206>,2
Melk <315>,Villach Land <207>,-
Melk <315>,Völkermarkt <208>,-
Melk <315>,Wolfsberg <209>,3
Melk <315>,Krems an der Donau (Stadt) <301>,17
Melk <315>,Sankt Pölten (Stadt) <302>,210
Melk <315>,Waidhofen an der Ybbs (Stadt) <303>,7
Melk <315>,Wiener Neustadt (Stadt) <304>,3
Melk <315>,Amstetten <305>,189
Melk <315>,Baden <306>,20
Melk <315>,Bruck an der Leitha <307>,9
Melk <315>,Gänserndorf <308>,6
Melk <315>,Gmünd <309>,9
Melk <315>,Hollabrunn <310>,4
Melk <315>,Horn <311>,11
Melk <315>,Korneuburg <312>,6
Melk <315>,Krems Land <313>,38
Melk <315>,Lilienfeld <314>,21
Melk <315>,Melk <315>,3135
Melk <315>,Mistelbach <316>,5
Melk <315>,Mödling <317>,25
Melk <315>,Neunkirchen <318>,-
Melk <315>,Sankt Pölten Land <319>,141
Melk <315>,Scheibbs <320>,265
Melk <315>,Tulln <321>,24
Melk <315>,Waidhofen an der Thaya <322>,13
Melk <315>,Wiener Neustadt Land <323>,3
Melk <315>,Wien Umgebung ^<324>,-
Melk <315>,Zwettl <325>,24
Melk <315>,Stadt Linz <401>,27
Melk <315>,Stadt Steyr <402>,11
Melk <315>,Stadt Wels <403>,12
Melk <315>,Braunau <404>,3
Melk <315>,Eferding <405>,-
Melk <315>,Freistadt <406>,8
Melk <315>,Gmunden <407>,9
Melk <315>,Grieskirchen <408>,1
Melk <315>,Kirchdorf <409>,4
Melk <315>,Linz Land <410>,20
Melk <315>,Perg <411>,25
Melk <315>,Ried <412>,2
Melk <315>,Rohrbach <413>,5
Melk <315>,Schärding <414>,1
Melk <315>,Steyr Land <415>,5
Melk <315>,Urfahr Umgebung <416>,5
Melk <315>,Vöcklabruck <417>,5
Melk <315>,Wels Land <418>,4
Melk <315>,Salzburg (Stadt) <501>,5
Melk <315>,Hallein <502>,-
Melk <315>,Salzburg Umgebung <503>,1
Melk <315>,St. Johann im Pongau <504>,4
Melk <315>,Tamsweg <505>,-
Melk <315>,Zell am See <506>,3
Mistelbach <316>,Eisenstadt (Stadt) <101>,1
Mistelbach <316>,Rust (Stadt) <102>,1
Mistelbach <316>,Eisenstadt Umgebung <103>,2
Mistelbach <316>,Güssing <104>,-
Mistelbach <316>,Jennersdorf <105>,1
Mistelbach <316>,Mattersburg <106>,3
Mistelbach <316>,Neusiedl am See <107>,5
Mistelbach <316>,Oberpullendorf <108>,1
Mistelbach <316>,Oberwart <109>,1
Mistelbach <316>,Klagenfurt (Stadt) <201>,2
Mistelbach <316>,Villach (Stadt) <202>,-
Mistelbach <316>,Feldkirchen <210>,-
Mistelbach <316>,Hermagor <203>,-
Mistelbach <316>,Klagenfurt Land <204>,4
Mistelbach <316>,Sankt Veit an der Glan <205>,-
Mistelbach <316>,Spittal an der Drau <206>,2
Mistelbach <316>,Villach Land <207>,2
Mistelbach <316>,Völkermarkt <208>,-
Mistelbach <316>,Wolfsberg <209>,1
Mistelbach <316>,Krems an der Donau (Stadt) <301>,9
Mistelbach <316>,Sankt Pölten (Stadt) <302>,19
Mistelbach <316>,Waidhofen an der Ybbs (Stadt) <303>,1
Mistelbach <316>,Wiener Neustadt (Stadt) <304>,14
Mistelbach <316>,Amstetten <305>,7
Mistelbach <316>,Baden <306>,42
Mistelbach <316>,Bruck an der Leitha <307>,30
Mistelbach <316>,Gänserndorf <308>,262
Mistelbach <316>,Gmünd <309>,6
Mistelbach <316>,Hollabrunn <310>,72
Mistelbach <316>,Horn <311>,4
Mistelbach <316>,Korneuburg <312>,134
Mistelbach <316>,Krems Land <313>,14
Mistelbach <316>,Lilienfeld <314>,4
Mistelbach <316>,Melk <315>,9
Mistelbach <316>,Mistelbach <316>,2521
Mistelbach <316>,Mödling <317>,17
Mistelbach <316>,Neunkirchen <318>,15
Mistelbach <316>,Sankt Pölten Land <319>,27
Mistelbach <316>,Scheibbs <320>,1
Mistelbach <316>,Tulln <321>,26
Mistelbach <316>,Waidhofen an der Thaya <322>,2
Mistelbach <316>,Wiener Neustadt Land <323>,15
Mistelbach <316>,Wien Umgebung ^<324>,-
Mistelbach <316>,Zwettl <325>,4
Mistelbach <316>,Stadt Linz <401>,17
Mistelbach <316>,Stadt Steyr <402>,2
Mistelbach <316>,Stadt Wels <403>,2
Mistelbach <316>,Braunau <404>,-
Mistelbach <316>,Eferding <405>,-
Mistelbach <316>,Freistadt <406>,-
Mistelbach <316>,Gmunden <407>,6
Mistelbach <316>,Grieskirchen <408>,-
Mistelbach <316>,Kirchdorf <409>,8
Mistelbach <316>,Linz Land <410>,-
Mistelbach <316>,Perg <411>,6
Mistelbach <316>,Ried <412>,-
Mistelbach <316>,Rohrbach <413>,-
Mistelbach <316>,Schärding <414>,1
Mistelbach <316>,Steyr Land <415>,1
Mistelbach <316>,Urfahr Umgebung <416>,-
Mistelbach <316>,Vöcklabruck <417>,-
Mistelbach <316>,Wels Land <418>,2
Mistelbach <316>,Salzburg (Stadt) <501>,6
Mistelbach <316>,Hallein <502>,-
Mistelbach <316>,Salzburg Umgebung <503>,4
Mistelbach <316>,St. Johann im Pongau <504>,3
Mistelbach <316>,Tamsweg <505>,-
Mistelbach <316>,Zell am See <506>,1
Mödling <317>,Eisenstadt (Stadt) <101>,26
Mödling <317>,Rust (Stadt) <102>,1
Mödling <317>,Eisenstadt Umgebung <103>,67
Mödling <317>,Güssing <104>,19
Mödling <317>,Jennersdorf <105>,3
Mödling <317>,Mattersburg <106>,21
Mödling <317>,Neusiedl am See <107>,25
Mödling <317>,Oberpullendorf <108>,14
Mödling <317>,Oberwart <109>,14
Mödling <317>,Klagenfurt (Stadt) <201>,11
Mödling <317>,Villach (Stadt) <202>,3
Mödling <317>,Feldkirchen <210>,5
Mödling <317>,Hermagor <203>,-
Mödling <317>,Klagenfurt Land <204>,6
Mödling <317>,Sankt Veit an der Glan <205>,6
Mödling <317>,Spittal an der Drau <206>,3
Mödling <317>,Villach Land <207>,7
Mödling <317>,Völkermarkt <208>,1
Mödling <317>,Wolfsberg <209>,4
Mödling <317>,Krems an der Donau (Stadt) <301>,9
Mödling <317>,Sankt Pölten (Stadt) <302>,34
Mödling <317>,Waidhofen an der Ybbs (Stadt) <303>,1
Mödling <317>,Wiener Neustadt (Stadt) <304>,103
Mödling <317>,Amstetten <305>,19
Mödling <317>,Baden <306>,678
Mödling <317>,Bruck an der Leitha <307>,195
Mödling <317>,Gänserndorf <308>,49
Mödling <317>,Gmünd <309>,8
Mödling <317>,Hollabrunn <310>,7
Mödling <317>,Horn <311>,4
Mödling <317>,Korneuburg <312>,29
Mödling <317>,Krems Land <313>,14
Mödling <317>,Lilienfeld <314>,5
Mödling <317>,Melk <315>,20
Mödling <317>,Mistelbach <316>,19
Mödling <317>,Mödling <317>,4332
Mödling <317>,Neunkirchen <318>,80
Mödling <317>,Sankt Pölten Land <319>,96
Mödling <317>,Scheibbs <320>,8
Mödling <317>,Tulln <321>,61
Mödling <317>,Waidhofen an der Thaya <322>,7
Mödling <317>,Wiener Neustadt Land <323>,129
Mödling <317>,Wien Umgebung ^<324>,-
Mödling <317>,Zwettl <325>,9
Mödling <317>,Stadt Linz <401>,17
Mödling <317>,Stadt Steyr <402>,1
Mödling <317>,Stadt Wels <403>,1
Mödling <317>,Braunau <404>,1
Mödling <317>,Eferding <405>,-
Mödling <317>,Freistadt <406>,-
Mödling <317>,Gmunden <407>,10
Mödling <317>,Grieskirchen <408>,-
Mödling <317>,Kirchdorf <409>,4
Mödling <317>,Linz Land <410>,5
Mödling <317>,Perg <411>,-
Mödling <317>,Ried <412>,-
Mödling <317>,Rohrbach <413>,-
Mödling <317>,Schärding <414>,7
Mödling <317>,Steyr Land <415>,1
Mödling <317>,Urfahr Umgebung <416>,5
Mödling <317>,Vöcklabruck <417>,4
Mödling <317>,Wels Land <418>,3
Mödling <317>,Salzburg (Stadt) <501>,14
Mödling <317>,Hallein <502>,4
Mödling <317>,Salzburg Umgebung <503>,2
Mödling <317>,St. Johann im Pongau <504>,8
Mödling <317>,Tamsweg <505>,9
Mödling <317>,Zell am See <506>,3
Neunkirchen <318>,Eisenstadt (Stadt) <101>,14
Neunkirchen <318>,Rust (Stadt) <102>,-
Neunkirchen <318>,Eisenstadt Umgebung <103>,28
Neunkirchen <318>,Güssing <104>,6
Neunkirchen <318>,Jennersdorf <105>,2
Neunkirchen <318>,Mattersburg <106>,60
Neunkirchen <318>,Neusiedl am See <107>,7
Neunkirchen <318>,Oberpullendorf <108>,26
Neunkirchen <318>,Oberwart <109>,18
Neunkirchen <318>,Klagenfurt (Stadt) <201>,4
Neunkirchen <318>,Villach (Stadt) <202>,1
Neunkirchen <318>,Feldkirchen <210>,6
Neunkirchen <318>,Hermagor <203>,-
Neunkirchen <318>,Klagenfurt Land <204>,4
Neunkirchen <318>,Sankt Veit an der Glan <205>,2
Neunkirchen <318>,Spittal an der Drau <206>,3
Neunkirchen <318>,Villach Land <207>,1
Neunkirchen <318>,Völkermarkt <208>,2
Neunkirchen <318>,Wolfsberg <209>,-
Neunkirchen <318>,Krems an der Donau (Stadt) <301>,6
Neunkirchen <318>,Sankt Pölten (Stadt) <302>,39
Neunkirchen <318>,Waidhofen an der Ybbs (Stadt) <303>,3
Neunkirchen <318>,Wiener Neustadt (Stadt) <304>,400
Neunkirchen <318>,Amstetten <305>,7
Neunkirchen <318>,Baden <306>,135
Neunkirchen <318>,Bruck an der Leitha <307>,21
Neunkirchen <318>,Gänserndorf <308>,14
Neunkirchen <318>,Gmünd <309>,1
Neunkirchen <318>,Hollabrunn <310>,11
Neunkirchen <318>,Horn <311>,1
Neunkirchen <318>,Korneuburg <312>,8
Neunkirchen <318>,Krems Land <313>,5
Neunkirchen <318>,Lilienfeld <314>,7
Neunkirchen <318>,Melk <315>,17
Neunkirchen <318>,Mistelbach <316>,18
Neunkirchen <318>,Mödling <317>,44
Neunkirchen <318>,Neunkirchen <318>,3814
Neunkirchen <318>,Sankt Pölten Land <319>,25
Neunkirchen <318>,Scheibbs <320>,3
Neunkirchen <318>,Tulln <321>,6
Neunkirchen <318>,Waidhofen an der Thaya <322>,2
Neunkirchen <318>,Wiener Neustadt Land <323>,352
Neunkirchen <318>,Wien Umgebung ^<324>,-
Neunkirchen <318>,Zwettl <325>,2
Neunkirchen <318>,Stadt Linz <401>,10
Neunkirchen <318>,Stadt Steyr <402>,3
Neunkirchen <318>,Stadt Wels <403>,8
Neunkirchen <318>,Braunau <404>,1
Neunkirchen <318>,Eferding <405>,2
Neunkirchen <318>,Freistadt <406>,2
Neunkirchen <318>,Gmunden <407>,3
Neunkirchen <318>,Grieskirchen <408>,2
Neunkirchen <318>,Kirchdorf <409>,-
Neunkirchen <318>,Linz Land <410>,10
Neunkirchen <318>,Perg <411>,5
Neunkirchen <318>,Ried <412>,1
Neunkirchen <318>,Rohrbach <413>,-
Neunkirchen <318>,Schärding <414>,2
Neunkirchen <318>,Steyr Land <415>,1
Neunkirchen <318>,Urfahr Umgebung <416>,-
Neunkirchen <318>,Vöcklabruck <417>,4
Neunkirchen <318>,Wels Land <418>,2
Neunkirchen <318>,Salzburg (Stadt) <501>,6
Neunkirchen <318>,Hallein <502>,5
Neunkirchen <318>,Salzburg Umgebung <503>,-
Neunkirchen <318>,St. Johann im Pongau <504>,2
Neunkirchen <318>,Tamsweg <505>,1
Neunkirchen <318>,Zell am See <506>,7
Sankt Pölten Land <319>,Eisenstadt (Stadt) <101>,-
Sankt Pölten Land <319>,Rust (Stadt) <102>,-
Sankt Pölten Land <319>,Eisenstadt Umgebung <103>,13
Sankt Pölten Land <319>,Güssing <104>,5
Sankt Pölten Land <319>,Jennersdorf <105>,-
Sankt Pölten Land <319>,Mattersburg <106>,7
Sankt Pölten Land <319>,Neusiedl am See <107>,6
Sankt Pölten Land <319>,Oberpullendorf <108>,6
Sankt Pölten Land <319>,Oberwart <109>,7
Sankt Pölten Land <319>,Klagenfurt (Stadt) <201>,6
Sankt Pölten Land <319>,Villach (Stadt) <202>,2
Sankt Pölten Land <319>,Feldkirchen <210>,-
Sankt Pölten Land <319>,Hermagor <203>,-
Sankt Pölten Land <319>,Klagenfurt Land <204>,1
Sankt Pölten Land <319>,Sankt Veit an der Glan <205>,4
Sankt Pölten Land <319>,Spittal an der Drau <206>,4
Sankt Pölten Land <319>,Villach Land <207>,1
Sankt Pölten Land <319>,Völkermarkt <208>,2
Sankt Pölten Land <319>,Wolfsberg <209>,4
Sankt Pölten Land <319>,Krems an der Donau (Stadt) <301>,77
Sankt Pölten Land <319>,Sankt Pölten (Stadt) <302>,850
Sankt Pölten Land <319>,Waidhofen an der Ybbs (Stadt) <303>,6
Sankt Pölten Land <319>,Wiener Neustadt (Stadt) <304>,37
Sankt Pölten Land <319>,Amstetten <305>,37
Sankt Pölten Land <319>,Baden <306>,75
Sankt Pölten Land <319>,Bruck an der Leitha <307>,23
Sankt Pölten Land <319>,Gänserndorf <308>,18
Sankt Pölten Land <319>,Gmünd <309>,10
Sankt Pölten Land <319>,Hollabrunn <310>,23
Sankt Pölten Land <319>,Horn <311>,7
Sankt Pölten Land <319>,Korneuburg <312>,33
Sankt Pölten Land <319>,Krems Land <313>,94
Sankt Pölten Land <319>,Lilienfeld <314>,147
Sankt Pölten Land <319>,Melk <315>,261
Sankt Pölten Land <319>,Mistelbach <316>,27
Sankt Pölten Land <319>,Mödling <317>,71
Sankt Pölten Land <319>,Neunkirchen <318>,18
Sankt Pölten Land <319>,Sankt Pölten Land <319>,4473
Sankt Pölten Land <319>,Scheibbs <320>,33
Sankt Pölten Land <319>,Tulln <321>,318
Sankt Pölten Land <319>,Waidhofen an der Thaya <322>,12
Sankt Pölten Land <319>,Wiener Neustadt Land <323>,34
Sankt Pölten Land <319>,Wien Umgebung ^<324>,-
Sankt Pölten Land <319>,Zwettl <325>,25
Sankt Pölten Land <319>,Stadt Linz <401>,14
Sankt Pölten Land <319>,Stadt Steyr <402>,9
Sankt Pölten Land <319>,Stadt Wels <403>,6
Sankt Pölten Land <319>,Braunau <404>,8
Sankt Pölten Land <319>,Eferding <405>,-
Sankt Pölten Land <319>,Freistadt <406>,15
Sankt Pölten Land <319>,Gmunden <407>,5
Sankt Pölten Land <319>,Grieskirchen <408>,2
Sankt Pölten Land <319>,Kirchdorf <409>,8
Sankt Pölten Land <319>,Linz Land <410>,17
Sankt Pölten Land <319>,Perg <411>,2
Sankt Pölten Land <319>,Ried <412>,1
Sankt Pölten Land <319>,Rohrbach <413>,2
Sankt Pölten Land <319>,Schärding <414>,-
Sankt Pölten Land <319>,Steyr Land <415>,9
Sankt Pölten Land <319>,Urfahr Umgebung <416>,17
Sankt Pölten Land <319>,Vöcklabruck <417>,8
Sankt Pölten Land <319>,Wels Land <418>,1
Sankt Pölten Land <319>,Salzburg (Stadt) <501>,10
Sankt Pölten Land <319>,Hallein <502>,3
Sankt Pölten Land <319>,Salzburg Umgebung <503>,15
Sankt Pölten Land <319>,St. Johann im Pongau <504>,9
Sankt Pölten Land <319>,Tamsweg <505>,4
Sankt Pölten Land <319>,Zell am See <506>,8
Scheibbs <320>,Eisenstadt (Stadt) <101>,-
Scheibbs <320>,Rust (Stadt) <102>,-
Scheibbs <320>,Eisenstadt Umgebung <103>,-
Scheibbs <320>,Güssing <104>,-
Scheibbs <320>,Jennersdorf <105>,1
Scheibbs <320>,Mattersburg <106>,2
Scheibbs <320>,Neusiedl am See <107>,1
Scheibbs <320>,Oberpullendorf <108>,-
Scheibbs <320>,Oberwart <109>,2
Scheibbs <320>,Klagenfurt (Stadt) <201>,1
Scheibbs <320>,Villach (Stadt) <202>,-
Scheibbs <320>,Feldkirchen <210>,3
Scheibbs <320>,Hermagor <203>,-
Scheibbs <320>,Klagenfurt Land <204>,-
Scheibbs <320>,Sankt Veit an der Glan <205>,-
Scheibbs <320>,Spittal an der Drau <206>,-
Scheibbs <320>,Villach Land <207>,1
Scheibbs <320>,Völkermarkt <208>,2
Scheibbs <320>,Wolfsberg <209>,-
Scheibbs <320>,Krems an der Donau (Stadt) <301>,5
Scheibbs <320>,Sankt Pölten (Stadt) <302>,36
Scheibbs <320>,Waidhofen an der Ybbs (Stadt) <303>,17
Scheibbs <320>,Wiener Neustadt (Stadt) <304>,3
Scheibbs <320>,Amstetten <305>,122
Scheibbs <320>,Baden <306>,8
Scheibbs <320>,Bruck an der Leitha <307>,6
Scheibbs <320>,Gänserndorf <308>,1
Scheibbs <320>,Gmünd <309>,3
Scheibbs <320>,Hollabrunn <310>,6
Scheibbs <320>,Horn <311>,-
Scheibbs <320>,Korneuburg <312>,2
Scheibbs <320>,Krems Land <313>,5
Scheibbs <320>,Lilienfeld <314>,11
Scheibbs <320>,Melk <315>,353
Scheibbs <320>,Mistelbach <316>,10
Scheibbs <320>,Mödling <317>,3
Scheibbs <320>,Neunkirchen <318>,4
Scheibbs <320>,Sankt Pölten Land <319>,32
Scheibbs <320>,Scheibbs <320>,1485
Scheibbs <320>,Tulln <321>,1
Scheibbs <320>,Waidhofen an der Thaya <322>,2
Scheibbs <320>,Wiener Neustadt Land <323>,3
Scheibbs <320>,Wien Umgebung ^<324>,-
Scheibbs <320>,Zwettl <325>,6
Scheibbs <320>,Stadt Linz <401>,22
Scheibbs <320>,Stadt Steyr <402>,5
Scheibbs <320>,Stadt Wels <403>,2
Scheibbs <320>,Braunau <404>,-
Scheibbs <320>,Eferding <405>,-
Scheibbs <320>,Freistadt <406>,1
Scheibbs <320>,Gmunden <407>,4
Scheibbs <320>,Grieskirchen <408>,-
Scheibbs <320>,Kirchdorf <409>,1
Scheibbs <320>,Linz Land <410>,18
Scheibbs <320>,Perg <411>,14
Scheibbs <320>,Ried <412>,2
Scheibbs <320>,Rohrbach <413>,-
Scheibbs <320>,Schärding <414>,1
Scheibbs <320>,Steyr Land <415>,3
Scheibbs <320>,Urfahr Umgebung <416>,7
Scheibbs <320>,Vöcklabruck <417>,2
Scheibbs <320>,Wels Land <418>,4
Scheibbs <320>,Salzburg (Stadt) <501>,3
Scheibbs <320>,Hallein <502>,2
Scheibbs <320>,Salzburg Umgebung <503>,2
Scheibbs <320>,St. Johann im Pongau <504>,-
Scheibbs <320>,Tamsweg <505>,2
Scheibbs <320>,Zell am See <506>,2
Tulln <321>,Eisenstadt (Stadt) <101>,4
Tulln <321>,Rust (Stadt) <102>,-
Tulln <321>,Eisenstadt Umgebung <103>,11
Tulln <321>,Güssing <104>,2
Tulln <321>,Jennersdorf <105>,1
Tulln <321>,Mattersburg <106>,2
Tulln <321>,Neusiedl am See <107>,9
Tulln <321>,Oberpullendorf <108>,8
Tulln <321>,Oberwart <109>,8
Tulln <321>,Klagenfurt (Stadt) <201>,5
Tulln <321>,Villach (Stadt) <202>,5
Tulln <321>,Feldkirchen <210>,3
Tulln <321>,Hermagor <203>,-
Tulln <321>,Klagenfurt Land <204>,8
Tulln <321>,Sankt Veit an der Glan <205>,5
Tulln <321>,Spittal an der Drau <206>,2
Tulln <321>,Villach Land <207>,3
Tulln <321>,Völkermarkt <208>,-
Tulln <321>,Wolfsberg <209>,-
Tulln <321>,Krems an der Donau (Stadt) <301>,65
Tulln <321>,Sankt Pölten (Stadt) <302>,109
Tulln <321>,Waidhofen an der Ybbs (Stadt) <303>,2
Tulln <321>,Wiener Neustadt (Stadt) <304>,29
Tulln <321>,Amstetten <305>,15
Tulln <321>,Baden <306>,42
Tulln <321>,Bruck an der Leitha <307>,30
Tulln <321>,Gänserndorf <308>,41
Tulln <321>,Gmünd <309>,18
Tulln <321>,Hollabrunn <310>,78
Tulln <321>,Horn <311>,34
Tulln <321>,Korneuburg <312>,168
Tulln <321>,Krems Land <313>,77
Tulln <321>,Lilienfeld <314>,7
Tulln <321>,Melk <315>,33
Tulln <321>,Mistelbach <316>,38
Tulln <321>,Mödling <317>,43
Tulln <321>,Neunkirchen <318>,21
Tulln <321>,Sankt Pölten Land <319>,310
Tulln <321>,Scheibbs <320>,6
Tulln <321>,Tulln <321>,4078
Tulln <321>,Waidhofen an der Thaya <322>,21
Tulln <321>,Wiener Neustadt Land <323>,14
Tulln <321>,Wien Umgebung ^<324>,-
Tulln <321>,Zwettl <325>,7
Tulln <321>,Stadt Linz <401>,26
Tulln <321>,Stadt Steyr <402>,2
Tulln <321>,Stadt Wels <403>,1
Tulln <321>,Braunau <404>,1
Tulln <321>,Eferding <405>,4
Tulln <321>,Freistadt <406>,4
Tulln <321>,Gmunden <407>,12
Tulln <321>,Grieskirchen <408>,2
Tulln <321>,Kirchdorf <409>,4
Tulln <321>,Linz Land <410>,5
Tulln <321>,Perg <411>,5
Tulln <321>,Ried <412>,2
Tulln <321>,Rohrbach <413>,-
Tulln <321>,Schärding <414>,1
Tulln <321>,Steyr Land <415>,2
Tulln <321>,Urfahr Umgebung <416>,-
Tulln <321>,Vöcklabruck <417>,11
Tulln <321>,Wels Land <418>,4
Tulln <321>,Salzburg (Stadt) <501>,10
Tulln <321>,Hallein <502>,1
Tulln <321>,Salzburg Umgebung <503>,6
Tulln <321>,St. Johann im Pongau <504>,7
Tulln <321>,Tamsweg <505>,1
Tulln <321>,Zell am See <506>,6
Waidhofen an der Thaya <322>,Eisenstadt (Stadt) <101>,-
Waidhofen an der Thaya <322>,Rust (Stadt) <102>,-
Waidhofen an der Thaya <322>,Eisenstadt Umgebung <103>,-
Waidhofen an der Thaya <322>,Güssing <104>,1
Waidhofen an der Thaya <322>,Jennersdorf <105>,3
Waidhofen an der Thaya <322>,Mattersburg <106>,-
Waidhofen an der Thaya <322>,Neusiedl am See <107>,-
Waidhofen an der Thaya <322>,Oberpullendorf <108>,1
Waidhofen an der Thaya <322>,Oberwart <109>,1
Waidhofen an der Thaya <322>,Klagenfurt (Stadt) <201>,1
Waidhofen an der Thaya <322>,Villach (Stadt) <202>,-
Waidhofen an der Thaya <322>,Feldkirchen <210>,-
Waidhofen an der Thaya <322>,Hermagor <203>,-
Waidhofen an der Thaya <322>,Klagenfurt Land <204>,-
Waidhofen an der Thaya <322>,Sankt Veit an der Glan <205>,-
Waidhofen an der Thaya <322>,Spittal an der Drau <206>,1
Waidhofen an der Thaya <322>,Villach Land <207>,1
Waidhofen an der Thaya <322>,Völkermarkt <208>,1
Waidhofen an der Thaya <322>,Wolfsberg <209>,1
Waidhofen an der Thaya <322>,Krems an der Donau (Stadt) <301>,7
Waidhofen an der Thaya <322>,Sankt Pölten (Stadt) <302>,4
Waidhofen an der Thaya <322>,Waidhofen an der Ybbs (Stadt) <303>,-
Waidhofen an der Thaya <322>,Wiener Neustadt (Stadt) <304>,1
Waidhofen an der Thaya <322>,Amstetten <305>,2
Waidhofen an der Thaya <322>,Baden <306>,1
Waidhofen an der Thaya <322>,Bruck an der Leitha <307>,4
Waidhofen an der Thaya <322>,Gänserndorf <308>,15
Waidhofen an der Thaya <322>,Gmünd <309>,96
Waidhofen an der Thaya <322>,Hollabrunn <310>,24
Waidhofen an der Thaya <322>,Horn <311>,41
Waidhofen an der Thaya <322>,Korneuburg <312>,11
Waidhofen an der Thaya <322>,Krems Land <313>,10
Waidhofen an der Thaya <322>,Lilienfeld <314>,1
Waidhofen an der Thaya <322>,Melk <315>,7
Waidhofen an der Thaya <322>,Mistelbach <316>,14
Waidhofen an der Thaya <322>,Mödling <317>,8
Waidhofen an der Thaya <322>,Neunkirchen <318>,2
Waidhofen an der Thaya <322>,Sankt Pölten Land <319>,10
Waidhofen an der Thaya <322>,Scheibbs <320>,3
Waidhofen an der Thaya <322>,Tulln <321>,7
Waidhofen an der Thaya <322>,Waidhofen an der Thaya <322>,807
Waidhofen an der Thaya <322>,Wiener Neustadt Land <323>,2
Waidhofen an der Thaya <322>,Wien Umgebung ^<324>,-
Waidhofen an der Thaya <322>,Zwettl <325>,74
Waidhofen an der Thaya <322>,Stadt Linz <401>,7
Waidhofen an der Thaya <322>,Stadt Steyr <402>,6
Waidhofen an der Thaya <322>,Stadt Wels <403>,2
Waidhofen an der Thaya <322>,Braunau <404>,-
Waidhofen an der Thaya <322>,Eferding <405>,-
Waidhofen an der Thaya <322>,Freistadt <406>,5
Waidhofen an der Thaya <322>,Gmunden <407>,-
Waidhofen an der Thaya <322>,Grieskirchen <408>,3
Waidhofen an der Thaya <322>,Kirchdorf <409>,-
Waidhofen an der Thaya <322>,Linz Land <410>,1
Waidhofen an der Thaya <322>,Perg <411>,-
Waidhofen an der Thaya <322>,Ried <412>,-
Waidhofen an der Thaya <322>,Rohrbach <413>,-
Waidhofen an der Thaya <322>,Schärding <414>,2
Waidhofen an der Thaya <322>,Steyr Land <415>,-
Waidhofen an der Thaya <322>,Urfahr Umgebung <416>,3
Waidhofen an der Thaya <322>,Vöcklabruck <417>,8
Waidhofen an der Thaya <322>,Wels Land <418>,-
Waidhofen an der Thaya <322>,Salzburg (Stadt) <501>,4
Waidhofen an der Thaya <322>,Hallein <502>,-
Waidhofen an der Thaya <322>,Salzburg Umgebung <503>,3
Waidhofen an der Thaya <322>,St. Johann im Pongau <504>,1
Waidhofen an der Thaya <322>,Tamsweg <505>,-
Waidhofen an der Thaya <322>,Zell am See <506>,2
Wiener Neustadt Land <323>,Eisenstadt (Stadt) <101>,17
Wiener Neustadt Land <323>,Rust (Stadt) <102>,-
Wiener Neustadt Land <323>,Eisenstadt Umgebung <103>,67
Wiener Neustadt Land <323>,Güssing <104>,4
Wiener Neustadt Land <323>,Jennersdorf <105>,3
Wiener Neustadt Land <323>,Mattersburg <106>,96
Wiener Neustadt Land <323>,Neusiedl am See <107>,10
Wiener Neustadt Land <323>,Oberpullendorf <108>,34
Wiener Neustadt Land <323>,Oberwart <109>,20
Wiener Neustadt Land <323>,Klagenfurt (Stadt) <201>,6
Wiener Neustadt Land <323>,Villach (Stadt) <202>,1
Wiener Neustadt Land <323>,Feldkirchen <210>,2
Wiener Neustadt Land <323>,Hermagor <203>,-
Wiener Neustadt Land <323>,Klagenfurt Land <204>,4
Wiener Neustadt Land <323>,Sankt Veit an der Glan <205>,2
Wiener Neustadt Land <323>,Spittal an der Drau <206>,4
Wiener Neustadt Land <323>,Villach Land <207>,-
Wiener Neustadt Land <323>,Völkermarkt <208>,3
Wiener Neustadt Land <323>,Wolfsberg <209>,4
Wiener Neustadt Land <323>,Krems an der Donau (Stadt) <301>,2
Wiener Neustadt Land <323>,Sankt Pölten (Stadt) <302>,19
Wiener Neustadt Land <323>,Waidhofen an der Ybbs (Stadt) <303>,2
Wiener Neustadt Land <323>,Wiener Neustadt (Stadt) <304>,743
Wiener Neustadt Land <323>,Amstetten <305>,5
Wiener Neustadt Land <323>,Baden <306>,263
Wiener Neustadt Land <323>,Bruck an der Leitha <307>,40
Wiener Neustadt Land <323>,Gänserndorf <308>,9
Wiener Neustadt Land <323>,Gmünd <309>,1
Wiener Neustadt Land <323>,Hollabrunn <310>,8
Wiener Neustadt Land <323>,Horn <311>,3
Wiener Neustadt Land <323>,Korneuburg <312>,7
Wiener Neustadt Land <323>,Krems Land <313>,3
Wiener Neustadt Land <323>,Lilienfeld <314>,6
Wiener Neustadt Land <323>,Melk <315>,15
Wiener Neustadt Land <323>,Mistelbach <316>,3
Wiener Neustadt Land <323>,Mödling <317>,64
Wiener Neustadt Land <323>,Neunkirchen <318>,364
Wiener Neustadt Land <323>,Sankt Pölten Land <319>,10
Wiener Neustadt Land <323>,Scheibbs <320>,2
Wiener Neustadt Land <323>,Tulln <321>,24
Wiener Neustadt Land <323>,Waidhofen an der Thaya <322>,2
Wiener Neustadt Land <323>,Wiener Neustadt Land <323>,2194
Wiener Neustadt Land <323>,Wien Umgebung ^<324>,-
Wiener Neustadt Land <323>,Zwettl <325>,2
Wiener Neustadt Land <323>,Stadt Linz <401>,9
Wiener Neustadt Land <323>,Stadt Steyr <402>,2
Wiener Neustadt Land <323>,Stadt Wels <403>,1
Wiener Neustadt Land <323>,Braunau <404>,2
Wiener Neustadt Land <323>,Eferding <405>,-
Wiener Neustadt Land <323>,Freistadt <406>,3
Wiener Neustadt Land <323>,Gmunden <407>,1
Wiener Neustadt Land <323>,Grieskirchen <408>,-
Wiener Neustadt Land <323>,Kirchdorf <409>,1
Wiener Neustadt Land <323>,Linz Land <410>,-
Wiener Neustadt Land <323>,Perg <411>,2
Wiener Neustadt Land <323>,Ried <412>,1
Wiener Neustadt Land <323>,Rohrbach <413>,-
Wiener Neustadt Land <323>,Schärding <414>,-
Wiener Neustadt Land <323>,Steyr Land <415>,-
Wiener Neustadt Land <323>,Urfahr Umgebung <416>,4
Wiener Neustadt Land <323>,Vöcklabruck <417>,3
Wiener Neustadt Land <323>,Wels Land <418>,-
Wiener Neustadt Land <323>,Salzburg (Stadt) <501>,4
Wiener Neustadt Land <323>,Hallein <502>,2
Wiener Neustadt Land <323>,Salzburg Umgebung <503>,1
Wiener Neustadt Land <323>,St. Johann im Pongau <504>,7
Wiener Neustadt Land <323>,Tamsweg <505>,-
Wiener Neustadt Land <323>,Zell am See <506>,2
Wien Umgebung ^<324>,Eisenstadt (Stadt) <101>,-
Wien Umgebung ^<324>,Rust (Stadt) <102>,-
Wien Umgebung ^<324>,Eisenstadt Umgebung <103>,-
Wien Umgebung ^<324>,Güssing <104>,-
Wien Umgebung ^<324>,Jennersdorf <105>,-
Wien Umgebung ^<324>,Mattersburg <106>,-
Wien Umgebung ^<324>,Neusiedl am See <107>,-
Wien Umgebung ^<324>,Oberpullendorf <108>,-
Wien Umgebung ^<324>,Oberwart <109>,-
Wien Umgebung ^<324>,Klagenfurt (Stadt) <201>,-
Wien Umgebung ^<324>,Villach (Stadt) <202>,-
Wien Umgebung ^<324>,Feldkirchen <210>,-
Wien Umgebung ^<324>,Hermagor <203>,-
Wien Umgebung ^<324>,Klagenfurt Land <204>,-
Wien Umgebung ^<324>,Sankt Veit an der Glan <205>,-
Wien Umgebung ^<324>,Spittal an der Drau <206>,-
Wien Umgebung ^<324>,Villach Land <207>,-
Wien Umgebung ^<324>,Völkermarkt <208>,-
Wien Umgebung ^<324>,Wolfsberg <209>,-
Wien Umgebung ^<324>,Krems an der Donau (Stadt) <301>,-
Wien Umgebung ^<324>,Sankt Pölten (Stadt) <302>,-
Wien Umgebung ^<324>,Waidhofen an der Ybbs (Stadt) <303>,-
Wien Umgebung ^<324>,Wiener Neustadt (Stadt) <304>,-
Wien Umgebung ^<324>,Amstetten <305>,-
Wien Umgebung ^<324>,Baden <306>,-
Wien Umgebung ^<324>,Bruck an der Leitha <307>,-
Wien Umgebung ^<324>,Gänserndorf <308>,-
Wien Umgebung ^<324>,Gmünd <309>,-
Wien Umgebung ^<324>,Hollabrunn <310>,-
Wien Umgebung ^<324>,Horn <311>,-
Wien Umgebung ^<324>,Korneuburg <312>,-
Wien Umgebung ^<324>,Krems Land <313>,-
Wien Umgebung ^<324>,Lilienfeld <314>,-
Wien Umgebung ^<324>,Melk <315>,-
Wien Umgebung ^<324>,Mistelbach <316>,-
Wien Umgebung ^<324>,Mödling <317>,-
Wien Umgebung ^<324>,Neunkirchen <318>,-
Wien Umgebung ^<324>,Sankt Pölten Land <319>,-
Wien Umgebung ^<324>,Scheibbs <320>,-
Wien Umgebung ^<324>,Tulln <321>,-
Wien Umgebung ^<324>,Waidhofen an der Thaya <322>,-
Wien Umgebung ^<324>,Wiener Neustadt Land <323>,-
Wien Umgebung ^<324>,Wien Umgebung ^<324>,-
Wien Umgebung ^<324>,Zwettl <325>,-
Wien Umgebung ^<324>,Stadt Linz <401>,-
Wien Umgebung ^<324>,Stadt Steyr <402>,-
Wien Umgebung ^<324>,Stadt Wels <403>,-
Wien Umgebung ^<324>,Braunau <404>,-
Wien Umgebung ^<324>,Eferding <405>,-
Wien Umgebung ^<324>,Freistadt <406>,-
Wien Umgebung ^<324>,Gmunden <407>,-
Wien Umgebung ^<324>,Grieskirchen <408>,-
Wien Umgebung ^<324>,Kirchdorf <409>,-
Wien Umgebung ^<324>,Linz Land <410>,-
Wien Umgebung ^<324>,Perg <411>,-
Wien Umgebung ^<324>,Ried <412>,-
Wien Umgebung ^<324>,Rohrbach <413>,-
Wien Umgebung ^<324>,Schärding <414>,-
Wien Umgebung ^<324>,Steyr Land <415>,-
Wien Umgebung ^<324>,Urfahr Umgebung <416>,-
Wien Umgebung ^<324>,Vöcklabruck <417>,-
Wien Umgebung ^<324>,Wels Land <418>,-
Wien Umgebung ^<324>,Salzburg (Stadt) <501>,-
Wien Umgebung ^<324>,Hallein <502>,-
Wien Umgebung ^<324>,Salzburg Umgebung <503>,-
Wien Umgebung ^<324>,St. Johann im Pongau <504>,-
Wien Umgebung ^<324>,Tamsweg <505>,-
Wien Umgebung ^<324>,Zell am See <506>,-
Zwettl <325>,Eisenstadt (Stadt) <101>,-
Zwettl <325>,Rust (Stadt) <102>,-
Zwettl <325>,Eisenstadt Umgebung <103>,1
Zwettl <325>,Güssing <104>,2
Zwettl <325>,Jennersdorf <105>,4
Zwettl <325>,Mattersburg <106>,-
Zwettl <325>,Neusiedl am See <107>,4
Zwettl <325>,Oberpullendorf <108>,3
Zwettl <325>,Oberwart <109>,-
Zwettl <325>,Klagenfurt (Stadt) <201>,2
Zwettl <325>,Villach (Stadt) <202>,1
Zwettl <325>,Feldkirchen <210>,-
Zwettl <325>,Hermagor <203>,-
Zwettl <325>,Klagenfurt Land <204>,4
Zwettl <325>,Sankt Veit an der Glan <205>,1
Zwettl <325>,Spittal an der Drau <206>,-
Zwettl <325>,Villach Land <207>,2
Zwettl <325>,Völkermarkt <208>,-
Zwettl <325>,Wolfsberg <209>,-
Zwettl <325>,Krems an der Donau (Stadt) <301>,40
Zwettl <325>,Sankt Pölten (Stadt) <302>,25
Zwettl <325>,Waidhofen an der Ybbs (Stadt) <303>,-
Zwettl <325>,Wiener Neustadt (Stadt) <304>,3
Zwettl <325>,Amstetten <305>,3
Zwettl <325>,Baden <306>,10
Zwettl <325>,Bruck an der Leitha <307>,2
Zwettl <325>,Gänserndorf <308>,4
Zwettl <325>,Gmünd <309>,126
Zwettl <325>,Hollabrunn <310>,2
Zwettl <325>,Horn <311>,27
Zwettl <325>,Korneuburg <312>,7
Zwettl <325>,Krems Land <313>,96
Zwettl <325>,Lilienfeld <314>,3
Zwettl <325>,Melk <315>,43
Zwettl <325>,Mistelbach <316>,10
Zwettl <325>,Mödling <317>,2
Zwettl <325>,Neunkirchen <318>,1
Zwettl <325>,Sankt Pölten Land <319>,30
Zwettl <325>,Scheibbs <320>,10
Zwettl <325>,Tulln <321>,17
Zwettl <325>,Waidhofen an der Thaya <322>,63
Zwettl <325>,Wiener Neustadt Land <323>,1
Zwettl <325>,Wien Umgebung ^<324>,-
Zwettl <325>,Zwettl <325>,984
Zwettl <325>,Stadt Linz <401>,21
Zwettl <325>,Stadt Steyr <402>,2
Zwettl <325>,Stadt Wels <403>,-
Zwettl <325>,Braunau <404>,2
Zwettl <325>,Eferding <405>,1
Zwettl <325>,Freistadt <406>,12
Zwettl <325>,Gmunden <407>,2
Zwettl <325>,Grieskirchen <408>,1
Zwettl <325>,Kirchdorf <409>,-
Zwettl <325>,Linz Land <410>,4
Zwettl <325>,Perg <411>,14
Zwettl <325>,Ried <412>,-
Zwettl <325>,Rohrbach <413>,4
Zwettl <325>,Schärding <414>,-
Zwettl <325>,Steyr Land <415>,-
Zwettl <325>,Urfahr Umgebung <416>,3
Zwettl <325>,Vöcklabruck <417>,9
Zwettl <325>,Wels Land <418>,-
Zwettl <325>,Salzburg (Stadt) <501>,5
Zwettl <325>,Hallein <502>,-
Zwettl <325>,Salzburg Umgebung <503>,-
Zwettl <325>,St. Johann im Pongau <504>,2
Zwettl <325>,Tamsweg <505>,-
Zwettl <325>,Zell am See <506>,3
Stadt Linz <401>,Eisenstadt (Stadt) <101>,5
Stadt Linz <401>,Rust (Stadt) <102>,-
Stadt Linz <401>,Eisenstadt Umgebung <103>,6
Stadt Linz <401>,Güssing <104>,5
Stadt Linz <401>,Jennersdorf <105>,1
Stadt Linz <401>,Mattersburg <106>,-
Stadt Linz <401>,Neusiedl am See <107>,10
Stadt Linz <401>,Oberpullendorf <108>,6
Stadt Linz <401>,Oberwart <109>,4
Stadt Linz <401>,Klagenfurt (Stadt) <201>,39
Stadt Linz <401>,Villach (Stadt) <202>,19
Stadt Linz <401>,Feldkirchen <210>,5
Stadt Linz <401>,Hermagor <203>,4
Stadt Linz <401>,Klagenfurt Land <204>,4
Stadt Linz <401>,Sankt Veit an der Glan <205>,6
Stadt Linz <401>,Spittal an der Drau <206>,11
Stadt Linz <401>,Villach Land <207>,6
Stadt Linz <401>,Völkermarkt <208>,-
Stadt Linz <401>,Wolfsberg <209>,9
Stadt Linz <401>,Krems an der Donau (Stadt) <301>,38
Stadt Linz <401>,Sankt Pölten (Stadt) <302>,40
Stadt Linz <401>,Waidhofen an der Ybbs (Stadt) <303>,8
Stadt Linz <401>,Wiener Neustadt (Stadt) <304>,20
Stadt Linz <401>,Amstetten <305>,200
Stadt Linz <401>,Baden <306>,39
Stadt Linz <401>,Bruck an der Leitha <307>,14
Stadt Linz <401>,Gänserndorf <308>,8
Stadt Linz <401>,Gmünd <309>,17
Stadt Linz <401>,Hollabrunn <310>,2
Stadt Linz <401>,Horn <311>,2
Stadt Linz <401>,Korneuburg <312>,11
Stadt Linz <401>,Krems Land <313>,13
Stadt Linz <401>,Lilienfeld <314>,5
Stadt Linz <401>,Melk <315>,37
Stadt Linz <401>,Mistelbach <316>,12
Stadt Linz <401>,Mödling <317>,17
Stadt Linz <401>,Neunkirchen <318>,13
Stadt Linz <401>,Sankt Pölten Land <319>,30
Stadt Linz <401>,Scheibbs <320>,10
Stadt Linz <401>,Tulln <321>,15
Stadt Linz <401>,Waidhofen an der Thaya <322>,6
Stadt Linz <401>,Wiener Neustadt Land <323>,8
Stadt Linz <401>,Wien Umgebung ^<324>,-
Stadt Linz <401>,Zwettl <325>,15
Stadt Linz <401>,Stadt Linz <401>,16089
Stadt Linz <401>,Stadt Steyr <402>,107
Stadt Linz <401>,Stadt Wels <403>,279
Stadt Linz <401>,Braunau <404>,58
Stadt Linz <401>,Eferding <405>,161
Stadt Linz <401>,Freistadt <406>,321
Stadt Linz <401>,Gmunden <407>,157
Stadt Linz <401>,Grieskirchen <408>,124
Stadt Linz <401>,Kirchdorf <409>,134
Stadt Linz <401>,Linz Land <410>,2657
Stadt Linz <401>,Perg <411>,364
Stadt Linz <401>,Ried <412>,141
Stadt Linz <401>,Rohrbach <413>,226
Stadt Linz <401>,Schärding <414>,81
Stadt Linz <401>,Steyr Land <415>,148
Stadt Linz <401>,Urfahr Umgebung <416>,1038
Stadt Linz <401>,Vöcklabruck <417>,163
Stadt Linz <401>,Wels Land <418>,232
Stadt Linz <401>,Salzburg (Stadt) <501>,109
Stadt Linz <401>,Hallein <502>,16
Stadt Linz <401>,Salzburg Umgebung <503>,40
Stadt Linz <401>,St. Johann im Pongau <504>,21
Stadt Linz <401>,Tamsweg <505>,3
Stadt Linz <401>,Zell am See <506>,30
Stadt Steyr <402>,Eisenstadt (Stadt) <101>,-
Stadt Steyr <402>,Rust (Stadt) <102>,1
Stadt Steyr <402>,Eisenstadt Umgebung <103>,3
Stadt Steyr <402>,Güssing <104>,-
Stadt Steyr <402>,Jennersdorf <105>,-
Stadt Steyr <402>,Mattersburg <106>,-
Stadt Steyr <402>,Neusiedl am See <107>,-
Stadt Steyr <402>,Oberpullendorf <108>,2
Stadt Steyr <402>,Oberwart <109>,2
Stadt Steyr <402>,Klagenfurt (Stadt) <201>,11
Stadt Steyr <402>,Villach (Stadt) <202>,-
Stadt Steyr <402>,Feldkirchen <210>,-
Stadt Steyr <402>,Hermagor <203>,-
Stadt Steyr <402>,Klagenfurt Land <204>,-
Stadt Steyr <402>,Sankt Veit an der Glan <205>,-
Stadt Steyr <402>,Spittal an der Drau <206>,1
Stadt Steyr <402>,Villach Land <207>,-
Stadt Steyr <402>,Völkermarkt <208>,5
Stadt Steyr <402>,Wolfsberg <209>,2
Stadt Steyr <402>,Krems an der Donau (Stadt) <301>,3
Stadt Steyr <402>,Sankt Pölten (Stadt) <302>,4
Stadt Steyr <402>,Waidhofen an der Ybbs (Stadt) <303>,5
Stadt Steyr <402>,Wiener Neustadt (Stadt) <304>,2
Stadt Steyr <402>,Amstetten <305>,157
Stadt Steyr <402>,Baden <306>,-
Stadt Steyr <402>,Bruck an der Leitha <307>,2
Stadt Steyr <402>,Gänserndorf <308>,2
Stadt Steyr <402>,Gmünd <309>,1
Stadt Steyr <402>,Hollabrunn <310>,1
Stadt Steyr <402>,Horn <311>,-
Stadt Steyr <402>,Korneuburg <312>,4
Stadt Steyr <402>,Krems Land <313>,4
Stadt Steyr <402>,Lilienfeld <314>,1
Stadt Steyr <402>,Melk <315>,4
Stadt Steyr <402>,Mistelbach <316>,-
Stadt Steyr <402>,Mödling <317>,6
Stadt Steyr <402>,Neunkirchen <318>,4
Stadt Steyr <402>,Sankt Pölten Land <319>,8
Stadt Steyr <402>,Scheibbs <320>,2
Stadt Steyr <402>,Tulln <321>,6
Stadt Steyr <402>,Waidhofen an der Thaya <322>,1
Stadt Steyr <402>,Wiener Neustadt Land <323>,-
Stadt Steyr <402>,Wien Umgebung ^<324>,-
Stadt Steyr <402>,Zwettl <325>,2
Stadt Steyr <402>,Stadt Linz <401>,183
Stadt Steyr <402>,Stadt Steyr <402>,2243
Stadt Steyr <402>,Stadt Wels <403>,17
Stadt Steyr <402>,Braunau <404>,6
Stadt Steyr <402>,Eferding <405>,5
Stadt Steyr <402>,Freistadt <406>,9
Stadt Steyr <402>,Gmunden <407>,17
Stadt Steyr <402>,Grieskirchen <408>,9
Stadt Steyr <402>,Kirchdorf <409>,32
Stadt Steyr <402>,Linz Land <410>,89
Stadt Steyr <402>,Perg <411>,26
Stadt Steyr <402>,Ried <412>,3
Stadt Steyr <402>,Rohrbach <413>,7
Stadt Steyr <402>,Schärding <414>,8
Stadt Steyr <402>,Steyr Land <415>,480
Stadt Steyr <402>,Urfahr Umgebung <416>,9
Stadt Steyr <402>,Vöcklabruck <417>,27
Stadt Steyr <402>,Wels Land <418>,17
Stadt Steyr <402>,Salzburg (Stadt) <501>,19
Stadt Steyr <402>,Hallein <502>,5
Stadt Steyr <402>,Salzburg Umgebung <503>,6
Stadt Steyr <402>,St. Johann im Pongau <504>,1
Stadt Steyr <402>,Tamsweg <505>,-
Stadt Steyr <402>,Zell am See <506>,1
Stadt Wels <403>,Eisenstadt (Stadt) <101>,-
Stadt Wels <403>,Rust (Stadt) <102>,-
Stadt Wels <403>,Eisenstadt Umgebung <103>,-
Stadt Wels <403>,Güssing <104>,1
Stadt Wels <403>,Jennersdorf <105>,1
Stadt Wels <403>,Mattersburg <106>,2
Stadt Wels <403>,Neusiedl am See <107>,7
Stadt Wels <403>,Oberpullendorf <108>,2
Stadt Wels <403>,Oberwart <109>,1
Stadt Wels <403>,Klagenfurt (Stadt) <201>,20
Stadt Wels <403>,Villach (Stadt) <202>,9
Stadt Wels <403>,Feldkirchen <210>,-
Stadt Wels <403>,Hermagor <203>,-
Stadt Wels <403>,Klagenfurt Land <204>,1
Stadt Wels <403>,Sankt Veit an der Glan <205>,-
Stadt Wels <403>,Spittal an der Drau <206>,2
Stadt Wels <403>,Villach Land <207>,1
Stadt Wels <403>,Völkermarkt <208>,1
Stadt Wels <403>,Wolfsberg <209>,2
Stadt Wels <403>,Krems an der Donau (Stadt) <301>,16
Stadt Wels <403>,Sankt Pölten (Stadt) <302>,12
Stadt Wels <403>,Waidhofen an der Ybbs (Stadt) <303>,-
Stadt Wels <403>,Wiener Neustadt (Stadt) <304>,4
Stadt Wels <403>,Amstetten <305>,19
Stadt Wels <403>,Baden <306>,5
Stadt Wels <403>,Bruck an der Leitha <307>,2
Stadt Wels <403>,Gänserndorf <308>,1
Stadt Wels <403>,Gmünd <309>,6
Stadt Wels <403>,Hollabrunn <310>,6
Stadt Wels <403>,Horn <311>,-
Stadt Wels <403>,Korneuburg <312>,-
Stadt Wels <403>,Krems Land <313>,-
Stadt Wels <403>,Lilienfeld <314>,-
Stadt Wels <403>,Melk <315>,-
Stadt Wels <403>,Mistelbach <316>,1
Stadt Wels <403>,Mödling <317>,25
Stadt Wels <403>,Neunkirchen <318>,4
Stadt Wels <403>,Sankt Pölten Land <319>,7
Stadt Wels <403>,Scheibbs <320>,2
Stadt Wels <403>,Tulln <321>,5
Stadt Wels <403>,Waidhofen an der Thaya <322>,-
Stadt Wels <403>,Wiener Neustadt Land <323>,-
Stadt Wels <403>,Wien Umgebung ^<324>,-
Stadt Wels <403>,Zwettl <325>,4
Stadt Wels <403>,Stadt Linz <401>,371
Stadt Wels <403>,Stadt Steyr <402>,19
Stadt Wels <403>,Stadt Wels <403>,4343
Stadt Wels <403>,Braunau <404>,26
Stadt Wels <403>,Eferding <405>,32
Stadt Wels <403>,Freistadt <406>,18
Stadt Wels <403>,Gmunden <407>,76
Stadt Wels <403>,Grieskirchen <408>,159
Stadt Wels <403>,Kirchdorf <409>,60
Stadt Wels <403>,Linz Land <410>,191
Stadt Wels <403>,Perg <411>,18
Stadt Wels <403>,Ried <412>,44
Stadt Wels <403>,Rohrbach <413>,18
Stadt Wels <403>,Schärding <414>,31
Stadt Wels <403>,Steyr Land <415>,29
Stadt Wels <403>,Urfahr Umgebung <416>,18
Stadt Wels <403>,Vöcklabruck <417>,104
Stadt Wels <403>,Wels Land <418>,732
Stadt Wels <403>,Salzburg (Stadt) <501>,30
Stadt Wels <403>,Hallein <502>,9
Stadt Wels <403>,Salzburg Umgebung <503>,5
Stadt Wels <403>,St. Johann im Pongau <504>,3
Stadt Wels <403>,Tamsweg <505>,-
Stadt Wels <403>,Zell am See <506>,3
Braunau <404>,Eisenstadt (Stadt) <101>,1
Braunau <404>,Rust (Stadt) <102>,-
Braunau <404>,Eisenstadt Umgebung <103>,1
Braunau <404>,Güssing <104>,-
Braunau <404>,Jennersdorf <105>,2
Braunau <404>,Mattersburg <106>,-
Braunau <404>,Neusiedl am See <107>,2
Braunau <404>,Oberpullendorf <108>,-
Braunau <404>,Oberwart <109>,3
Braunau <404>,Klagenfurt (Stadt) <201>,7
Braunau <404>,Villach (Stadt) <202>,6
Braunau <404>,Feldkirchen <210>,-
Braunau <404>,Hermagor <203>,1
Braunau <404>,Klagenfurt Land <204>,5
Braunau <404>,Sankt Veit an der Glan <205>,3
Braunau <404>,Spittal an der Drau <206>,4
Braunau <404>,Villach Land <207>,1
Braunau <404>,Völkermarkt <208>,-
Braunau <404>,Wolfsberg <209>,2
Braunau <404>,Krems an der Donau (Stadt) <301>,2
Braunau <404>,Sankt Pölten (Stadt) <302>,5
Braunau <404>,Waidhofen an der Ybbs (Stadt) <303>,-
Braunau <404>,Wiener Neustadt (Stadt) <304>,14
Braunau <404>,Amstetten <305>,9
Braunau <404>,Baden <306>,10
Braunau <404>,Bruck an der Leitha <307>,10
Braunau <404>,Gänserndorf <308>,12
Braunau <404>,Gmünd <309>,4
Braunau <404>,Hollabrunn <310>,-
Braunau <404>,Horn <311>,-
Braunau <404>,Korneuburg <312>,3
Braunau <404>,Krems Land <313>,-
Braunau <404>,Lilienfeld <314>,-
Braunau <404>,Melk <315>,3
Braunau <404>,Mistelbach <316>,-
Braunau <404>,Mödling <317>,2
Braunau <404>,Neunkirchen <318>,2
Braunau <404>,Sankt Pölten Land <319>,8
Braunau <404>,Scheibbs <320>,1
Braunau <404>,Tulln <321>,5
Braunau <404>,Waidhofen an der Thaya <322>,2
Braunau <404>,Wiener Neustadt Land <323>,3
Braunau <404>,Wien Umgebung ^<324>,-
Braunau <404>,Zwettl <325>,1
Braunau <404>,Stadt Linz <401>,70
Braunau <404>,Stadt Steyr <402>,10
Braunau <404>,Stadt Wels <403>,33
Braunau <404>,Braunau <404>,5384
Braunau <404>,Eferding <405>,3
Braunau <404>,Freistadt <406>,3
Braunau <404>,Gmunden <407>,18
Braunau <404>,Grieskirchen <408>,16
Braunau <404>,Kirchdorf <409>,9
Braunau <404>,Linz Land <410>,36
Braunau <404>,Perg <411>,6
Braunau <404>,Ried <412>,292
Braunau <404>,Rohrbach <413>,6
Braunau <404>,Schärding <414>,41
Braunau <404>,Steyr Land <415>,4
Braunau <404>,Urfahr Umgebung <416>,5
Braunau <404>,Vöcklabruck <417>,102
Braunau <404>,Wels Land <418>,20
Braunau <404>,Salzburg (Stadt) <501>,242
Braunau <404>,Hallein <502>,31
Braunau <404>,Salzburg Umgebung <503>,349
Braunau <404>,St. Johann im Pongau <504>,20
Braunau <404>,Tamsweg <505>,2
Braunau <404>,Zell am See <506>,11
Eferding <405>,Eisenstadt (Stadt) <101>,-
Eferding <405>,Rust (Stadt) <102>,-
Eferding <405>,Eisenstadt Umgebung <103>,-
Eferding <405>,Güssing <104>,-
Eferding <405>,Jennersdorf <105>,-
Eferding <405>,Mattersburg <106>,-
Eferding <405>,Neusiedl am See <107>,-
Eferding <405>,Oberpullendorf <108>,-
Eferding <405>,Oberwart <109>,-
Eferding <405>,Klagenfurt (Stadt) <201>,-
Eferding <405>,Villach (Stadt) <202>,1
Eferding <405>,Feldkirchen <210>,1
Eferding <405>,Hermagor <203>,-
Eferding <405>,Klagenfurt Land <204>,-
Eferding <405>,Sankt Veit an der Glan <205>,-
Eferding <405>,Spittal an der Drau <206>,1
Eferding <405>,Villach Land <207>,-
Eferding <405>,Völkermarkt <208>,-
Eferding <405>,Wolfsberg <209>,-
Eferding <405>,Krems an der Donau (Stadt) <301>,1
Eferding <405>,Sankt Pölten (Stadt) <302>,-
Eferding <405>,Waidhofen an der Ybbs (Stadt) <303>,-
Eferding <405>,Wiener Neustadt (Stadt) <304>,-
Eferding <405>,Amstetten <305>,8
Eferding <405>,Baden <306>,-
Eferding <405>,Bruck an der Leitha <307>,4
Eferding <405>,Gänserndorf <308>,-
Eferding <405>,Gmünd <309>,1
Eferding <405>,Hollabrunn <310>,-
Eferding <405>,Horn <311>,2
Eferding <405>,Korneuburg <312>,-
Eferding <405>,Krems Land <313>,-
Eferding <405>,Lilienfeld <314>,1
Eferding <405>,Melk <315>,2
Eferding <405>,Mistelbach <316>,1
Eferding <405>,Mödling <317>,1
Eferding <405>,Neunkirchen <318>,-
Eferding <405>,Sankt Pölten Land <319>,2
Eferding <405>,Scheibbs <320>,-
Eferding <405>,Tulln <321>,1
Eferding <405>,Waidhofen an der Thaya <322>,-
Eferding <405>,Wiener Neustadt Land <323>,-
Eferding <405>,Wien Umgebung ^<324>,-
Eferding <405>,Zwettl <325>,1
Eferding <405>,Stadt Linz <401>,132
Eferding <405>,Stadt Steyr <402>,4
Eferding <405>,Stadt Wels <403>,52
Eferding <405>,Braunau <404>,4
Eferding <405>,Eferding <405>,1023
Eferding <405>,Freistadt <406>,20
Eferding <405>,Gmunden <407>,13
Eferding <405>,Grieskirchen <408>,161
Eferding <405>,Kirchdorf <409>,10
Eferding <405>,Linz Land <410>,90
Eferding <405>,Perg <411>,7
Eferding <405>,Ried <412>,17
Eferding <405>,Rohrbach <413>,38
Eferding <405>,Schärding <414>,20
Eferding <405>,Steyr Land <415>,7
Eferding <405>,Urfahr Umgebung <416>,57
Eferding <405>,Vöcklabruck <417>,16
Eferding <405>,Wels Land <418>,59
Eferding <405>,Salzburg (Stadt) <501>,5
Eferding <405>,Hallein <502>,1
Eferding <405>,Salzburg Umgebung <503>,3
Eferding <405>,St. Johann im Pongau <504>,-
Eferding <405>,Tamsweg <505>,-
Eferding <405>,Zell am See <506>,1
Freistadt <406>,Eisenstadt (Stadt) <101>,-
Freistadt <406>,Rust (Stadt) <102>,-
Freistadt <406>,Eisenstadt Umgebung <103>,1
Freistadt <406>,Güssing <104>,-
Freistadt <406>,Jennersdorf <105>,-
Freistadt <406>,Mattersburg <106>,-
Freistadt <406>,Neusiedl am See <107>,-
Freistadt <406>,Oberpullendorf <108>,2
Freistadt <406>,Oberwart <109>,2
Freistadt <406>,Klagenfurt (Stadt) <201>,2
Freistadt <406>,Villach (Stadt) <202>,3
Freistadt <406>,Feldkirchen <210>,-
Freistadt <406>,Hermagor <203>,-
Freistadt <406>,Klagenfurt Land <204>,2
Freistadt <406>,Sankt Veit an der Glan <205>,-
Freistadt <406>,Spittal an der Drau <206>,-
Freistadt <406>,Villach Land <207>,-
Freistadt <406>,Völkermarkt <208>,1
Freistadt <406>,Wolfsberg <209>,-
Freistadt <406>,Krems an der Donau (Stadt) <301>,2
Freistadt <406>,Sankt Pölten (Stadt) <302>,7
Freistadt <406>,Waidhofen an der Ybbs (Stadt) <303>,4
Freistadt <406>,Wiener Neustadt (Stadt) <304>,1
Freistadt <406>,Amstetten <305>,24
Freistadt <406>,Baden <306>,-
Freistadt <406>,Bruck an der Leitha <307>,3
Freistadt <406>,Gänserndorf <308>,6
Freistadt <406>,Gmünd <309>,7
Freistadt <406>,Hollabrunn <310>,1
Freistadt <406>,Horn <311>,-
Freistadt <406>,Korneuburg <312>,3
Freistadt <406>,Krems Land <313>,5
Freistadt <406>,Lilienfeld <314>,2
Freistadt <406>,Melk <315>,10
Freistadt <406>,Mistelbach <316>,2
Freistadt <406>,Mödling <317>,1
Freistadt <406>,Neunkirchen <318>,6
Freistadt <406>,Sankt Pölten Land <319>,4
Freistadt <406>,Scheibbs <320>,-
Freistadt <406>,Tulln <321>,2
Freistadt <406>,Waidhofen an der Thaya <322>,1
Freistadt <406>,Wiener Neustadt Land <323>,1
Freistadt <406>,Wien Umgebung ^<324>,-
Freistadt <406>,Zwettl <325>,11
Freistadt <406>,Stadt Linz <401>,394
Freistadt <406>,Stadt Steyr <402>,21
Freistadt <406>,Stadt Wels <403>,9
Freistadt <406>,Braunau <404>,7
Freistadt <406>,Eferding <405>,3
Freistadt <406>,Freistadt <406>,2161
Freistadt <406>,Gmunden <407>,13
Freistadt <406>,Grieskirchen <408>,10
Freistadt <406>,Kirchdorf <409>,13
Freistadt <406>,Linz Land <410>,65
Freistadt <406>,Perg <411>,154
Freistadt <406>,Ried <412>,1
Freistadt <406>,Rohrbach <413>,14
Freistadt <406>,Schärding <414>,6
Freistadt <406>,Steyr Land <415>,18
Freistadt <406>,Urfahr Umgebung <416>,214
Freistadt <406>,Vöcklabruck <417>,16
Freistadt <406>,Wels Land <418>,16
Freistadt <406>,Salzburg (Stadt) <501>,11
Freistadt <406>,Hallein <502>,3
Freistadt <406>,Salzburg Umgebung <503>,2
Freistadt <406>,St. Johann im Pongau <504>,2
Freistadt <406>,Tamsweg <505>,1
Freistadt <406>,Zell am See <506>,3
Gmunden <407>,Eisenstadt (Stadt) <101>,-
Gmunden <407>,Rust (Stadt) <102>,-
Gmunden <407>,Eisenstadt Umgebung <103>,-
Gmunden <407>,Güssing <104>,4
Gmunden <407>,Jennersdorf <105>,2
Gmunden <407>,Mattersburg <106>,-
Gmunden <407>,Neusiedl am See <107>,1
Gmunden <407>,Oberpullendorf <108>,1
Gmunden <407>,Oberwart <109>,4
Gmunden <407>,Klagenfurt (Stadt) <201>,6
Gmunden <407>,Villach (Stadt) <202>,2
Gmunden <407>,Feldkirchen <210>,3
Gmunden <407>,Hermagor <203>,-
Gmunden <407>,Klagenfurt Land <204>,4
Gmunden <407>,Sankt Veit an der Glan <205>,1
Gmunden <407>,Spittal an der Drau <206>,3
Gmunden <407>,Villach Land <207>,3
Gmunden <407>,Völkermarkt <208>,2
Gmunden <407>,Wolfsberg <209>,-
Gmunden <407>,Krems an der Donau (Stadt) <301>,1
Gmunden <407>,Sankt Pölten (Stadt) <302>,10
Gmunden <407>,Waidhofen an der Ybbs (Stadt) <303>,-
Gmunden <407>,Wiener Neustadt (Stadt) <304>,3
Gmunden <407>,Amstetten <305>,13
Gmunden <407>,Baden <306>,3
Gmunden <407>,Bruck an der Leitha <307>,4
Gmunden <407>,Gänserndorf <308>,-
Gmunden <407>,Gmünd <309>,1
Gmunden <407>,Hollabrunn <310>,-
Gmunden <407>,Horn <311>,-
Gmunden <407>,Korneuburg <312>,2
Gmunden <407>,Krems Land <313>,4
Gmunden <407>,Lilienfeld <314>,-
Gmunden <407>,Melk <315>,1
Gmunden <407>,Mistelbach <316>,1
Gmunden <407>,Mödling <317>,5
Gmunden <407>,Neunkirchen <318>,1
Gmunden <407>,Sankt Pölten Land <319>,8
Gmunden <407>,Scheibbs <320>,1
Gmunden <407>,Tulln <321>,12
Gmunden <407>,Waidhofen an der Thaya <322>,1
Gmunden <407>,Wiener Neustadt Land <323>,1
Gmunden <407>,Wien Umgebung ^<324>,-
Gmunden <407>,Zwettl <325>,-
Gmunden <407>,Stadt Linz <401>,151
Gmunden <407>,Stadt Steyr <402>,10
Gmunden <407>,Stadt Wels <403>,88
Gmunden <407>,Braunau <404>,24
Gmunden <407>,Eferding <405>,11
Gmunden <407>,Freistadt <406>,10
Gmunden <407>,Gmunden <407>,4482
Gmunden <407>,Grieskirchen <408>,24
Gmunden <407>,Kirchdorf <409>,127
Gmunden <407>,Linz Land <410>,64
Gmunden <407>,Perg <411>,27
Gmunden <407>,Ried <412>,19
Gmunden <407>,Rohrbach <413>,10
Gmunden <407>,Schärding <414>,6
Gmunden <407>,Steyr Land <415>,27
Gmunden <407>,Urfahr Umgebung <416>,25
Gmunden <407>,Vöcklabruck <417>,363
Gmunden <407>,Wels Land <418>,148
Gmunden <407>,Salzburg (Stadt) <501>,89
Gmunden <407>,Hallein <502>,26
Gmunden <407>,Salzburg Umgebung <503>,97
Gmunden <407>,St. Johann im Pongau <504>,8
Gmunden <407>,Tamsweg <505>,5
Gmunden <407>,Zell am See <506>,15
Grieskirchen <408>,Eisenstadt (Stadt) <101>,-
Grieskirchen <408>,Rust (Stadt) <102>,-
Grieskirchen <408>,Eisenstadt Umgebung <103>,-
Grieskirchen <408>,Güssing <104>,-
Grieskirchen <408>,Jennersdorf <105>,-
Grieskirchen <408>,Mattersburg <106>,-
Grieskirchen <408>,Neusiedl am See <107>,1
Grieskirchen <408>,Oberpullendorf <108>,-
Grieskirchen <408>,Oberwart <109>,-
Grieskirchen <408>,Klagenfurt (Stadt) <201>,4
Grieskirchen <408>,Villach (Stadt) <202>,-
Grieskirchen <408>,Feldkirchen <210>,-
Grieskirchen <408>,Hermagor <203>,-
Grieskirchen <408>,Klagenfurt Land <204>,1
Grieskirchen <408>,Sankt Veit an der Glan <205>,-
Grieskirchen <408>,Spittal an der Drau <206>,2
Grieskirchen <408>,Villach Land <207>,3
Grieskirchen <408>,Völkermarkt <208>,1
Grieskirchen <408>,Wolfsberg <209>,-
Grieskirchen <408>,Krems an der Donau (Stadt) <301>,-
Grieskirchen <408>,Sankt Pölten (Stadt) <302>,2
Grieskirchen <408>,Waidhofen an der Ybbs (Stadt) <303>,-
Grieskirchen <408>,Wiener Neustadt (Stadt) <304>,2
Grieskirchen <408>,Amstetten <305>,7
Grieskirchen <408>,Baden <306>,3
Grieskirchen <408>,Bruck an der Leitha <307>,1
Grieskirchen <408>,Gänserndorf <308>,-
Grieskirchen <408>,Gmünd <309>,4
Grieskirchen <408>,Hollabrunn <310>,4
Grieskirchen <408>,Horn <311>,-
Grieskirchen <408>,Korneuburg <312>,2
Grieskirchen <408>,Krems Land <313>,3
Grieskirchen <408>,Lilienfeld <314>,-
Grieskirchen <408>,Melk <315>,1
Grieskirchen <408>,Mistelbach <316>,5
Grieskirchen <408>,Mödling <317>,-
Grieskirchen <408>,Neunkirchen <318>,1
Grieskirchen <408>,Sankt Pölten Land <319>,7
Grieskirchen <408>,Scheibbs <320>,-
Grieskirchen <408>,Tulln <321>,1
Grieskirchen <408>,Waidhofen an der Thaya <322>,6
Grieskirchen <408>,Wiener Neustadt Land <323>,-
Grieskirchen <408>,Wien Umgebung ^<324>,-
Grieskirchen <408>,Zwettl <325>,-
Grieskirchen <408>,Stadt Linz <401>,157
Grieskirchen <408>,Stadt Steyr <402>,8
Grieskirchen <408>,Stadt Wels <403>,200
Grieskirchen <408>,Braunau <404>,16
Grieskirchen <408>,Eferding <405>,102
Grieskirchen <408>,Freistadt <406>,11
Grieskirchen <408>,Gmunden <407>,33
Grieskirchen <408>,Grieskirchen <408>,2628
Grieskirchen <408>,Kirchdorf <409>,12
Grieskirchen <408>,Linz Land <410>,67
Grieskirchen <408>,Perg <411>,7
Grieskirchen <408>,Ried <412>,146
Grieskirchen <408>,Rohrbach <413>,13
Grieskirchen <408>,Schärding <414>,128
Grieskirchen <408>,Steyr Land <415>,8
Grieskirchen <408>,Urfahr Umgebung <416>,27
Grieskirchen <408>,Vöcklabruck <417>,82
Grieskirchen <408>,Wels Land <418>,159
Grieskirchen <408>,Salzburg (Stadt) <501>,14
Grieskirchen <408>,Hallein <502>,3
Grieskirchen <408>,Salzburg Umgebung <503>,12
Grieskirchen <408>,St. Johann im Pongau <504>,8
Grieskirchen <408>,Tamsweg <505>,-
Grieskirchen <408>,Zell am See <506>,-
Kirchdorf <409>,Eisenstadt (Stadt) <101>,2
Kirchdorf <409>,Rust (Stadt) <102>,-
Kirchdorf <409>,Eisenstadt Umgebung <103>,4
Kirchdorf <409>,Güssing <104>,1
Kirchdorf <409>,Jennersdorf <105>,-
Kirchdorf <409>,Mattersburg <106>,-
Kirchdorf <409>,Neusiedl am See <107>,5
Kirchdorf <409>,Oberpullendorf <108>,2
Kirchdorf <409>,Oberwart <109>,3
Kirchdorf <409>,Klagenfurt (Stadt) <201>,1
Kirchdorf <409>,Villach (Stadt) <202>,1
Kirchdorf <409>,Feldkirchen <210>,1
Kirchdorf <409>,Hermagor <203>,1
Kirchdorf <409>,Klagenfurt Land <204>,-
Kirchdorf <409>,Sankt Veit an der Glan <205>,2
Kirchdorf <409>,Spittal an der Drau <206>,1
Kirchdorf <409>,Villach Land <207>,1
Kirchdorf <409>,Völkermarkt <208>,-
Kirchdorf <409>,Wolfsberg <209>,5
Kirchdorf <409>,Krems an der Donau (Stadt) <301>,2
Kirchdorf <409>,Sankt Pölten (Stadt) <302>,-
Kirchdorf <409>,Waidhofen an der Ybbs (Stadt) <303>,1
Kirchdorf <409>,Wiener Neustadt (Stadt) <304>,5
Kirchdorf <409>,Amstetten <305>,18
Kirchdorf <409>,Baden <306>,10
Kirchdorf <409>,Bruck an der Leitha <307>,5
Kirchdorf <409>,Gänserndorf <308>,1
Kirchdorf <409>,Gmünd <309>,1
Kirchdorf <409>,Hollabrunn <310>,1
Kirchdorf <409>,Horn <311>,3
Kirchdorf <409>,Korneuburg <312>,-
Kirchdorf <409>,Krems Land <313>,-
Kirchdorf <409>,Lilienfeld <314>,-
Kirchdorf <409>,Melk <315>,4
Kirchdorf <409>,Mistelbach <316>,1
Kirchdorf <409>,Mödling <317>,2
Kirchdorf <409>,Neunkirchen <318>,-
Kirchdorf <409>,Sankt Pölten Land <319>,4
Kirchdorf <409>,Scheibbs <320>,-
Kirchdorf <409>,Tulln <321>,-
Kirchdorf <409>,Waidhofen an der Thaya <322>,1
Kirchdorf <409>,Wiener Neustadt Land <323>,-
Kirchdorf <409>,Wien Umgebung ^<324>,-
Kirchdorf <409>,Zwettl <325>,-
Kirchdorf <409>,Stadt Linz <401>,145
Kirchdorf <409>,Stadt Steyr <402>,38
Kirchdorf <409>,Stadt Wels <403>,88
Kirchdorf <409>,Braunau <404>,11
Kirchdorf <409>,Eferding <405>,5
Kirchdorf <409>,Freistadt <406>,12
Kirchdorf <409>,Gmunden <407>,97
Kirchdorf <409>,Grieskirchen <408>,19
Kirchdorf <409>,Kirchdorf <409>,2211
Kirchdorf <409>,Linz Land <410>,119
Kirchdorf <409>,Perg <411>,21
Kirchdorf <409>,Ried <412>,7
Kirchdorf <409>,Rohrbach <413>,5
Kirchdorf <409>,Schärding <414>,5
Kirchdorf <409>,Steyr Land <415>,211
Kirchdorf <409>,Urfahr Umgebung <416>,19
Kirchdorf <409>,Vöcklabruck <417>,27
Kirchdorf <409>,Wels Land <418>,92
Kirchdorf <409>,Salzburg (Stadt) <501>,14
Kirchdorf <409>,Hallein <502>,3
Kirchdorf <409>,Salzburg Umgebung <503>,8
Kirchdorf <409>,St. Johann im Pongau <504>,9
Kirchdorf <409>,Tamsweg <505>,-
Kirchdorf <409>,Zell am See <506>,3
Linz Land <410>,Eisenstadt (Stadt) <101>,3
Linz Land <410>,Rust (Stadt) <102>,-
Linz Land <410>,Eisenstadt Umgebung <103>,2
Linz Land <410>,Güssing <104>,-
Linz Land <410>,Jennersdorf <105>,1
Linz Land <410>,Mattersburg <106>,-
Linz Land <410>,Neusiedl am See <107>,-
Linz Land <410>,Oberpullendorf <108>,-
Linz Land <410>,Oberwart <109>,1
Linz Land <410>,Klagenfurt (Stadt) <201>,8
Linz Land <410>,Villach (Stadt) <202>,8
Linz Land <410>,Feldkirchen <210>,1
Linz Land <410>,Hermagor <203>,-
Linz Land <410>,Klagenfurt Land <204>,3
Linz Land <410>,Sankt Veit an der Glan <205>,4
Linz Land <410>,Spittal an der Drau <206>,-
Linz Land <410>,Villach Land <207>,6
Linz Land <410>,Völkermarkt <208>,3
Linz Land <410>,Wolfsberg <209>,2
Linz Land <410>,Krems an der Donau (Stadt) <301>,10
Linz Land <410>,Sankt Pölten (Stadt) <302>,14
Linz Land <410>,Waidhofen an der Ybbs (Stadt) <303>,7
Linz Land <410>,Wiener Neustadt (Stadt) <304>,7
Linz Land <410>,Amstetten <305>,194
Linz Land <410>,Baden <306>,13
Linz Land <410>,Bruck an der Leitha <307>,7
Linz Land <410>,Gänserndorf <308>,6
Linz Land <410>,Gmünd <309>,11
Linz Land <410>,Hollabrunn <310>,6
Linz Land <410>,Horn <311>,3
Linz Land <410>,Korneuburg <312>,6
Linz Land <410>,Krems Land <313>,3
Linz Land <410>,Lilienfeld <314>,2
Linz Land <410>,Melk <315>,21
Linz Land <410>,Mistelbach <316>,2
Linz Land <410>,Mödling <317>,15
Linz Land <410>,Neunkirchen <318>,2
Linz Land <410>,Sankt Pölten Land <319>,16
Linz Land <410>,Scheibbs <320>,8
Linz Land <410>,Tulln <321>,3
Linz Land <410>,Waidhofen an der Thaya <322>,2
Linz Land <410>,Wiener Neustadt Land <323>,2
Linz Land <410>,Wien Umgebung ^<324>,-
Linz Land <410>,Zwettl <325>,6
Linz Land <410>,Stadt Linz <401>,2136
Linz Land <410>,Stadt Steyr <402>,88
Linz Land <410>,Stadt Wels <403>,163
Linz Land <410>,Braunau <404>,34
Linz Land <410>,Eferding <405>,141
Linz Land <410>,Freistadt <406>,113
Linz Land <410>,Gmunden <407>,80
Linz Land <410>,Grieskirchen <408>,75
Linz Land <410>,Kirchdorf <409>,100
Linz Land <410>,Linz Land <410>,6229
Linz Land <410>,Perg <411>,183
Linz Land <410>,Ried <412>,36
Linz Land <410>,Rohrbach <413>,64
Linz Land <410>,Schärding <414>,21
Linz Land <410>,Steyr Land <415>,186
Linz Land <410>,Urfahr Umgebung <416>,247
Linz Land <410>,Vöcklabruck <417>,100
Linz Land <410>,Wels Land <418>,287
Linz Land <410>,Salzburg (Stadt) <501>,28
Linz Land <410>,Hallein <502>,5
Linz Land <410>,Salzburg Umgebung <503>,25
Linz Land <410>,St. Johann im Pongau <504>,11
Linz Land <410>,Tamsweg <505>,1
Linz Land <410>,Zell am See <506>,12
Perg <411>,Eisenstadt (Stadt) <101>,2
Perg <411>,Rust (Stadt) <102>,-
Perg <411>,Eisenstadt Umgebung <103>,1
Perg <411>,Güssing <104>,1
Perg <411>,Jennersdorf <105>,2
Perg <411>,Mattersburg <106>,3
Perg <411>,Neusiedl am See <107>,-
Perg <411>,Oberpullendorf <108>,-
Perg <411>,Oberwart <109>,1
Perg <411>,Klagenfurt (Stadt) <201>,11
Perg <411>,Villach (Stadt) <202>,13
Perg <411>,Feldkirchen <210>,-
Perg <411>,Hermagor <203>,-
Perg <411>,Klagenfurt Land <204>,1
Perg <411>,Sankt Veit an der Glan <205>,-
Perg <411>,Spittal an der Drau <206>,-
Perg <411>,Villach Land <207>,19
Perg <411>,Völkermarkt <208>,7
Perg <411>,Wolfsberg <209>,-
Perg <411>,Krems an der Donau (Stadt) <301>,1
Perg <411>,Sankt Pölten (Stadt) <302>,5
Perg <411>,Waidhofen an der Ybbs (Stadt) <303>,2
Perg <411>,Wiener Neustadt (Stadt) <304>,1
Perg <411>,Amstetten <305>,161
Perg <411>,Baden <306>,22
Perg <411>,Bruck an der Leitha <307>,8
Perg <411>,Gänserndorf <308>,2
Perg <411>,Gmünd <309>,7
Perg <411>,Hollabrunn <310>,1
Perg <411>,Horn <311>,2
Perg <411>,Korneuburg <312>,1
Perg <411>,Krems Land <313>,4
Perg <411>,Lilienfeld <314>,5
Perg <411>,Melk <315>,39
Perg <411>,Mistelbach <316>,2
Perg <411>,Mödling <317>,4
Perg <411>,Neunkirchen <318>,-
Perg <411>,Sankt Pölten Land <319>,8
Perg <411>,Scheibbs <320>,11
Perg <411>,Tulln <321>,2
Perg <411>,Waidhofen an der Thaya <322>,2
Perg <411>,Wiener Neustadt Land <323>,5
Perg <411>,Wien Umgebung ^<324>,-
Perg <411>,Zwettl <325>,10
Perg <411>,Stadt Linz <401>,407
Perg <411>,Stadt Steyr <402>,28
Perg <411>,Stadt Wels <403>,9
Perg <411>,Braunau <404>,12
Perg <411>,Eferding <405>,11
Perg <411>,Freistadt <406>,153
Perg <411>,Gmunden <407>,14
Perg <411>,Grieskirchen <408>,8
Perg <411>,Kirchdorf <409>,19
Perg <411>,Linz Land <410>,175
Perg <411>,Perg <411>,2762
Perg <411>,Ried <412>,5
Perg <411>,Rohrbach <413>,32
Perg <411>,Schärding <414>,4
Perg <411>,Steyr Land <415>,27
Perg <411>,Urfahr Umgebung <416>,131
Perg <411>,Vöcklabruck <417>,40
Perg <411>,Wels Land <418>,26
Perg <411>,Salzburg (Stadt) <501>,30
Perg <411>,Hallein <502>,5
Perg <411>,Salzburg Umgebung <503>,17
Perg <411>,St. Johann im Pongau <504>,11
Perg <411>,Tamsweg <505>,1
Perg <411>,Zell am See <506>,20
Ried <412>,Eisenstadt (Stadt) <101>,-
Ried <412>,Rust (Stadt) <102>,-
Ried <412>,Eisenstadt Umgebung <103>,4
Ried <412>,Güssing <104>,-
Ried <412>,Jennersdorf <105>,3
Ried <412>,Mattersburg <106>,-
Ried <412>,Neusiedl am See <107>,2
Ried <412>,Oberpullendorf <108>,1
Ried <412>,Oberwart <109>,1
Ried <412>,Klagenfurt (Stadt) <201>,2
Ried <412>,Villach (Stadt) <202>,1
Ried <412>,Feldkirchen <210>,-
Ried <412>,Hermagor <203>,-
Ried <412>,Klagenfurt Land <204>,1
Ried <412>,Sankt Veit an der Glan <205>,5
Ried <412>,Spittal an der Drau <206>,-
Ried <412>,Villach Land <207>,6
Ried <412>,Völkermarkt <208>,-
Ried <412>,Wolfsberg <209>,2
Ried <412>,Krems an der Donau (Stadt) <301>,5
Ried <412>,Sankt Pölten (Stadt) <302>,4
Ried <412>,Waidhofen an der Ybbs (Stadt) <303>,4
Ried <412>,Wiener Neustadt (Stadt) <304>,2
Ried <412>,Amstetten <305>,7
Ried <412>,Baden <306>,5
Ried <412>,Bruck an der Leitha <307>,2
Ried <412>,Gänserndorf <308>,1
Ried <412>,Gmünd <309>,-
Ried <412>,Hollabrunn <310>,2
Ried <412>,Horn <311>,6
Ried <412>,Korneuburg <312>,-
Ried <412>,Krems Land <313>,1
Ried <412>,Lilienfeld <314>,2
Ried <412>,Melk <315>,3
Ried <412>,Mistelbach <316>,-
Ried <412>,Mödling <317>,2
Ried <412>,Neunkirchen <318>,2
Ried <412>,Sankt Pölten Land <319>,3
Ried <412>,Scheibbs <320>,-
Ried <412>,Tulln <321>,4
Ried <412>,Waidhofen an der Thaya <322>,1
Ried <412>,Wiener Neustadt Land <323>,-
Ried <412>,Wien Umgebung ^<324>,-
Ried <412>,Zwettl <325>,-
Ried <412>,Stadt Linz <401>,99
Ried <412>,Stadt Steyr <402>,8
Ried <412>,Stadt Wels <403>,44
Ried <412>,Braunau <404>,197
Ried <412>,Eferding <405>,16
Ried <412>,Freistadt <406>,11
Ried <412>,Gmunden <407>,32
Ried <412>,Grieskirchen <408>,147
Ried <412>,Kirchdorf <409>,1
Ried <412>,Linz Land <410>,31
Ried <412>,Perg <411>,18
Ried <412>,Ried <412>,3314
Ried <412>,Rohrbach <413>,10
Ried <412>,Schärding <414>,168
Ried <412>,Steyr Land <415>,10
Ried <412>,Urfahr Umgebung <416>,19
Ried <412>,Vöcklabruck <417>,76
Ried <412>,Wels Land <418>,27
Ried <412>,Salzburg (Stadt) <501>,19
Ried <412>,Hallein <502>,2
Ried <412>,Salzburg Umgebung <503>,23
Ried <412>,St. Johann im Pongau <504>,7
Ried <412>,Tamsweg <505>,4
Ried <412>,Zell am See <506>,6
Rohrbach <413>,Eisenstadt (Stadt) <101>,-
Rohrbach <413>,Rust (Stadt) <102>,-
Rohrbach <413>,Eisenstadt Umgebung <103>,-
Rohrbach <413>,Güssing <104>,-
Rohrbach <413>,Jennersdorf <105>,-
Rohrbach <413>,Mattersburg <106>,2
Rohrbach <413>,Neusiedl am See <107>,-
Rohrbach <413>,Oberpullendorf <108>,-
Rohrbach <413>,Oberwart <109>,-
Rohrbach <413>,Klagenfurt (Stadt) <201>,2
Rohrbach <413>,Villach (Stadt) <202>,-
Rohrbach <413>,Feldkirchen <210>,-
Rohrbach <413>,Hermagor <203>,-
Rohrbach <413>,Klagenfurt Land <204>,-
Rohrbach <413>,Sankt Veit an der Glan <205>,1
Rohrbach <413>,Spittal an der Drau <206>,-
Rohrbach <413>,Villach Land <207>,-
Rohrbach <413>,Völkermarkt <208>,1
Rohrbach <413>,Wolfsberg <209>,-
Rohrbach <413>,Krems an der Donau (Stadt) <301>,7
Rohrbach <413>,Sankt Pölten (Stadt) <302>,-
Rohrbach <413>,Waidhofen an der Ybbs (Stadt) <303>,-
Rohrbach <413>,Wiener Neustadt (Stadt) <304>,7
Rohrbach <413>,Amstetten <305>,3
Rohrbach <413>,Baden <306>,4
Rohrbach <413>,Bruck an der Leitha <307>,1
Rohrbach <413>,Gänserndorf <308>,-
Rohrbach <413>,Gmünd <309>,-
Rohrbach <413>,Hollabrunn <310>,-
Rohrbach <413>,Horn <311>,1
Rohrbach <413>,Korneuburg <312>,-
Rohrbach <413>,Krems Land <313>,-
Rohrbach <413>,Lilienfeld <314>,1
Rohrbach <413>,Melk <315>,1
Rohrbach <413>,Mistelbach <316>,-
Rohrbach <413>,Mödling <317>,-
Rohrbach <413>,Neunkirchen <318>,2
Rohrbach <413>,Sankt Pölten Land <319>,1
Rohrbach <413>,Scheibbs <320>,-
Rohrbach <413>,Tulln <321>,-
Rohrbach <413>,Waidhofen an der Thaya <322>,-
Rohrbach <413>,Wiener Neustadt Land <323>,3
Rohrbach <413>,Wien Umgebung ^<324>,-
Rohrbach <413>,Zwettl <325>,2
Rohrbach <413>,Stadt Linz <401>,294
Rohrbach <413>,Stadt Steyr <402>,7
Rohrbach <413>,Stadt Wels <403>,10
Rohrbach <413>,Braunau <404>,11
Rohrbach <413>,Eferding <405>,24
Rohrbach <413>,Freistadt <406>,11
Rohrbach <413>,Gmunden <407>,11
Rohrbach <413>,Grieskirchen <408>,16
Rohrbach <413>,Kirchdorf <409>,3
Rohrbach <413>,Linz Land <410>,43
Rohrbach <413>,Perg <411>,15
Rohrbach <413>,Ried <412>,3
Rohrbach <413>,Rohrbach <413>,1886
Rohrbach <413>,Schärding <414>,9
Rohrbach <413>,Steyr Land <415>,4
Rohrbach <413>,Urfahr Umgebung <416>,121
Rohrbach <413>,Vöcklabruck <417>,27
Rohrbach <413>,Wels Land <418>,3
Rohrbach <413>,Salzburg (Stadt) <501>,5
Rohrbach <413>,Hallein <502>,-
Rohrbach <413>,Salzburg Umgebung <503>,5
Rohrbach <413>,St. Johann im Pongau <504>,3
Rohrbach <413>,Tamsweg <505>,1
Rohrbach <413>,Zell am See <506>,-
Schärding <414>,Eisenstadt (Stadt) <101>,-
Schärding <414>,Rust (Stadt) <102>,-
Schärding <414>,Eisenstadt Umgebung <103>,2
Schärding <414>,Güssing <104>,2
Schärding <414>,Jennersdorf <105>,-
Schärding <414>,Mattersburg <106>,-
Schärding <414>,Neusiedl am See <107>,1
Schärding <414>,Oberpullendorf <108>,3
Schärding <414>,Oberwart <109>,-
Schärding <414>,Klagenfurt (Stadt) <201>,2
Schärding <414>,Villach (Stadt) <202>,1
Schärding <414>,Feldkirchen <210>,-
Schärding <414>,Hermagor <203>,1
Schärding <414>,Klagenfurt Land <204>,1
Schärding <414>,Sankt Veit an der Glan <205>,1
Schärding <414>,Spittal an der Drau <206>,-
Schärding <414>,Villach Land <207>,-
Schärding <414>,Völkermarkt <208>,1
Schärding <414>,Wolfsberg <209>,-
Schärding <414>,Krems an der Donau (Stadt) <301>,16
Schärding <414>,Sankt Pölten (Stadt) <302>,1
Schärding <414>,Waidhofen an der Ybbs (Stadt) <303>,-
Schärding <414>,Wiener Neustadt (Stadt) <304>,3
Schärding <414>,Amstetten <305>,5
Schärding <414>,Baden <306>,2
Schärding <414>,Bruck an der Leitha <307>,-
Schärding <414>,Gänserndorf <308>,1
Schärding <414>,Gmünd <309>,-
Schärding <414>,Hollabrunn <310>,4
Schärding <414>,Horn <311>,-
Schärding <414>,Korneuburg <312>,-
Schärding <414>,Krems Land <313>,-
Schärding <414>,Lilienfeld <314>,-
Schärding <414>,Melk <315>,1
Schärding <414>,Mistelbach <316>,-
Schärding <414>,Mödling <317>,1
Schärding <414>,Neunkirchen <318>,4
Schärding <414>,Sankt Pölten Land <319>,4
Schärding <414>,Scheibbs <320>,1
Schärding <414>,Tulln <321>,1
Schärding <414>,Waidhofen an der Thaya <322>,-
Schärding <414>,Wiener Neustadt Land <323>,-
Schärding <414>,Wien Umgebung ^<324>,-
Schärding <414>,Zwettl <325>,1
Schärding <414>,Stadt Linz <401>,111
Schärding <414>,Stadt Steyr <402>,6
Schärding <414>,Stadt Wels <403>,35
Schärding <414>,Braunau <404>,40
Schärding <414>,Eferding <405>,20
Schärding <414>,Freistadt <406>,10
Schärding <414>,Gmunden <407>,14
Schärding <414>,Grieskirchen <408>,130
Schärding <414>,Kirchdorf <409>,9
Schärding <414>,Linz Land <410>,33
Schärding <414>,Perg <411>,7
Schärding <414>,Ried <412>,235
Schärding <414>,Rohrbach <413>,18
Schärding <414>,Schärding <414>,2269
Schärding <414>,Steyr Land <415>,5
Schärding <414>,Urfahr Umgebung <416>,8
Schärding <414>,Vöcklabruck <417>,24
Schärding <414>,Wels Land <418>,14
Schärding <414>,Salzburg (Stadt) <501>,25
Schärding <414>,Hallein <502>,10
Schärding <414>,Salzburg Umgebung <503>,10
Schärding <414>,St. Johann im Pongau <504>,3
Schärding <414>,Tamsweg <505>,-
Schärding <414>,Zell am See <506>,-
Steyr Land <415>,Eisenstadt (Stadt) <101>,-
Steyr Land <415>,Rust (Stadt) <102>,-
Steyr Land <415>,Eisenstadt Umgebung <103>,-
Steyr Land <415>,Güssing <104>,-
Steyr Land <415>,Jennersdorf <105>,2
Steyr Land <415>,Mattersburg <106>,1
Steyr Land <415>,Neusiedl am See <107>,-
Steyr Land <415>,Oberpullendorf <108>,3
Steyr Land <415>,Oberwart <109>,1
Steyr Land <415>,Klagenfurt (Stadt) <201>,2
Steyr Land <415>,Villach (Stadt) <202>,-
Steyr Land <415>,Feldkirchen <210>,7
Steyr Land <415>,Hermagor <203>,-
Steyr Land <415>,Klagenfurt Land <204>,1
Steyr Land <415>,Sankt Veit an der Glan <205>,2
Steyr Land <415>,Spittal an der Drau <206>,1
Steyr Land <415>,Villach Land <207>,2
Steyr Land <415>,Völkermarkt <208>,1
Steyr Land <415>,Wolfsberg <209>,1
Steyr Land <415>,Krems an der Donau (Stadt) <301>,7
Steyr Land <415>,Sankt Pölten (Stadt) <302>,2
Steyr Land <415>,Waidhofen an der Ybbs (Stadt) <303>,26
Steyr Land <415>,Wiener Neustadt (Stadt) <304>,3
Steyr Land <415>,Amstetten <305>,117
Steyr Land <415>,Baden <306>,3
Steyr Land <415>,Bruck an der Leitha <307>,4
Steyr Land <415>,Gänserndorf <308>,-
Steyr Land <415>,Gmünd <309>,2
Steyr Land <415>,Hollabrunn <310>,3
Steyr Land <415>,Horn <311>,-
Steyr Land <415>,Korneuburg <312>,5
Steyr Land <415>,Krems Land <313>,-
Steyr Land <415>,Lilienfeld <314>,-
Steyr Land <415>,Melk <315>,4
Steyr Land <415>,Mistelbach <316>,1
Steyr Land <415>,Mödling <317>,-
Steyr Land <415>,Neunkirchen <318>,-
Steyr Land <415>,Sankt Pölten Land <319>,1
Steyr Land <415>,Scheibbs <320>,6
Steyr Land <415>,Tulln <321>,1
Steyr Land <415>,Waidhofen an der Thaya <322>,1
Steyr Land <415>,Wiener Neustadt Land <323>,-
Steyr Land <415>,Wien Umgebung ^<324>,-
Steyr Land <415>,Zwettl <325>,7
Steyr Land <415>,Stadt Linz <401>,140
Steyr Land <415>,Stadt Steyr <402>,492
Steyr Land <415>,Stadt Wels <403>,21
Steyr Land <415>,Braunau <404>,8
Steyr Land <415>,Eferding <405>,4
Steyr Land <415>,Freistadt <406>,24
Steyr Land <415>,Gmunden <407>,27
Steyr Land <415>,Grieskirchen <408>,12
Steyr Land <415>,Kirchdorf <409>,177
Steyr Land <415>,Linz Land <410>,166
Steyr Land <415>,Perg <411>,20
Steyr Land <415>,Ried <412>,9
Steyr Land <415>,Rohrbach <413>,6
Steyr Land <415>,Schärding <414>,2
Steyr Land <415>,Steyr Land <415>,2092
Steyr Land <415>,Urfahr Umgebung <416>,14
Steyr Land <415>,Vöcklabruck <417>,23
Steyr Land <415>,Wels Land <418>,32
Steyr Land <415>,Salzburg (Stadt) <501>,13
Steyr Land <415>,Hallein <502>,1
Steyr Land <415>,Salzburg Umgebung <503>,4
Steyr Land <415>,St. Johann im Pongau <504>,5
Steyr Land <415>,Tamsweg <505>,3
Steyr Land <415>,Zell am See <506>,1
Urfahr Umgebung <416>,Eisenstadt (Stadt) <101>,1
Urfahr Umgebung <416>,Rust (Stadt) <102>,-
Urfahr Umgebung <416>,Eisenstadt Umgebung <103>,-
Urfahr Umgebung <416>,Güssing <104>,-
Urfahr Umgebung <416>,Jennersdorf <105>,2
Urfahr Umgebung <416>,Mattersburg <106>,-
Urfahr Umgebung <416>,Neusiedl am See <107>,-
Urfahr Umgebung <416>,Oberpullendorf <108>,-
Urfahr Umgebung <416>,Oberwart <109>,3
Urfahr Umgebung <416>,Klagenfurt (Stadt) <201>,-
Urfahr Umgebung <416>,Villach (Stadt) <202>,-
Urfahr Umgebung <416>,Feldkirchen <210>,-
Urfahr Umgebung <416>,Hermagor <203>,-
Urfahr Umgebung <416>,Klagenfurt Land <204>,1
Urfahr Umgebung <416>,Sankt Veit an der Glan <205>,-
Urfahr Umgebung <416>,Spittal an der Drau <206>,1
Urfahr Umgebung <416>,Villach Land <207>,-
Urfahr Umgebung <416>,Völkermarkt <208>,-
Urfahr Umgebung <416>,Wolfsberg <209>,2
Urfahr Umgebung <416>,Krems an der Donau (Stadt) <301>,10
Urfahr Umgebung <416>,Sankt Pölten (Stadt) <302>,3
Urfahr Umgebung <416>,Waidhofen an der Ybbs (Stadt) <303>,4
Urfahr Umgebung <416>,Wiener Neustadt (Stadt) <304>,1
Urfahr Umgebung <416>,Amstetten <305>,13
Urfahr Umgebung <416>,Baden <306>,3
Urfahr Umgebung <416>,Bruck an der Leitha <307>,2
Urfahr Umgebung <416>,Gänserndorf <308>,2
Urfahr Umgebung <416>,Gmünd <309>,3
Urfahr Umgebung <416>,Hollabrunn <310>,-
Urfahr Umgebung <416>,Horn <311>,-
Urfahr Umgebung <416>,Korneuburg <312>,1
Urfahr Umgebung <416>,Krems Land <313>,1
Urfahr Umgebung <416>,Lilienfeld <314>,1
Urfahr Umgebung <416>,Melk <315>,1
Urfahr Umgebung <416>,Mistelbach <316>,1
Urfahr Umgebung <416>,Mödling <317>,2
Urfahr Umgebung <416>,Neunkirchen <318>,-
Urfahr Umgebung <416>,Sankt Pölten Land <319>,6
Urfahr Umgebung <416>,Scheibbs <320>,-
Urfahr Umgebung <416>,Tulln <321>,3
Urfahr Umgebung <416>,Waidhofen an der Thaya <322>,-
Urfahr Umgebung <416>,Wiener Neustadt Land <323>,-
Urfahr Umgebung <416>,Wien Umgebung ^<324>,-
Urfahr Umgebung <416>,Zwettl <325>,4
Urfahr Umgebung <416>,Stadt Linz <401>,841
Urfahr Umgebung <416>,Stadt Steyr <402>,24
Urfahr Umgebung <416>,Stadt Wels <403>,26
Urfahr Umgebung <416>,Braunau <404>,7
Urfahr Umgebung <416>,Eferding <405>,42
Urfahr Umgebung <416>,Freistadt <406>,215
Urfahr Umgebung <416>,Gmunden <407>,29
Urfahr Umgebung <416>,Grieskirchen <408>,28
Urfahr Umgebung <416>,Kirchdorf <409>,21
Urfahr Umgebung <416>,Linz Land <410>,188
Urfahr Umgebung <416>,Perg <411>,112
Urfahr Umgebung <416>,Ried <412>,5
Urfahr Umgebung <416>,Rohrbach <413>,126
Urfahr Umgebung <416>,Schärding <414>,20
Urfahr Umgebung <416>,Steyr Land <415>,16
Urfahr Umgebung <416>,Urfahr Umgebung <416>,2386
Urfahr Umgebung <416>,Vöcklabruck <417>,20
Urfahr Umgebung <416>,Wels Land <418>,29
Urfahr Umgebung <416>,Salzburg (Stadt) <501>,13
Urfahr Umgebung <416>,Hallein <502>,1
Urfahr Umgebung <416>,Salzburg Umgebung <503>,10
Urfahr Umgebung <416>,St. Johann im Pongau <504>,11
Urfahr Umgebung <416>,Tamsweg <505>,2
Urfahr Umgebung <416>,Zell am See <506>,2
Vöcklabruck <417>,Eisenstadt (Stadt) <101>,2
Vöcklabruck <417>,Rust (Stadt) <102>,-
Vöcklabruck <417>,Eisenstadt Umgebung <103>,3
Vöcklabruck <417>,Güssing <104>,1
Vöcklabruck <417>,Jennersdorf <105>,2
Vöcklabruck <417>,Mattersburg <106>,3
Vöcklabruck <417>,Neusiedl am See <107>,3
Vöcklabruck <417>,Oberpullendorf <108>,4
Vöcklabruck <417>,Oberwart <109>,-
Vöcklabruck <417>,Klagenfurt (Stadt) <201>,13
Vöcklabruck <417>,Villach (Stadt) <202>,18
Vöcklabruck <417>,Feldkirchen <210>,2
Vöcklabruck <417>,Hermagor <203>,-
Vöcklabruck <417>,Klagenfurt Land <204>,3
Vöcklabruck <417>,Sankt Veit an der Glan <205>,2
Vöcklabruck <417>,Spittal an der Drau <206>,3
Vöcklabruck <417>,Villach Land <207>,22
Vöcklabruck <417>,Völkermarkt <208>,10
Vöcklabruck <417>,Wolfsberg <209>,1
Vöcklabruck <417>,Krems an der Donau (Stadt) <301>,3
Vöcklabruck <417>,Sankt Pölten (Stadt) <302>,5
Vöcklabruck <417>,Waidhofen an der Ybbs (Stadt) <303>,-
Vöcklabruck <417>,Wiener Neustadt (Stadt) <304>,7
Vöcklabruck <417>,Amstetten <305>,18
Vöcklabruck <417>,Baden <306>,6
Vöcklabruck <417>,Bruck an der Leitha <307>,9
Vöcklabruck <417>,Gänserndorf <308>,2
Vöcklabruck <417>,Gmünd <309>,8
Vöcklabruck <417>,Hollabrunn <310>,-
Vöcklabruck <417>,Horn <311>,2
Vöcklabruck <417>,Korneuburg <312>,7
Vöcklabruck <417>,Krems Land <313>,1
Vöcklabruck <417>,Lilienfeld <314>,4
Vöcklabruck <417>,Melk <315>,6
Vöcklabruck <417>,Mistelbach <316>,2
Vöcklabruck <417>,Mödling <317>,7
Vöcklabruck <417>,Neunkirchen <318>,3
Vöcklabruck <417>,Sankt Pölten Land <319>,7
Vöcklabruck <417>,Scheibbs <320>,3
Vöcklabruck <417>,Tulln <321>,5
Vöcklabruck <417>,Waidhofen an der Thaya <322>,5
Vöcklabruck <417>,Wiener Neustadt Land <323>,6
Vöcklabruck <417>,Wien Umgebung ^<324>,-
Vöcklabruck <417>,Zwettl <325>,2
Vöcklabruck <417>,Stadt Linz <401>,226
Vöcklabruck <417>,Stadt Steyr <402>,19
Vöcklabruck <417>,Stadt Wels <403>,136
Vöcklabruck <417>,Braunau <404>,119
Vöcklabruck <417>,Eferding <405>,24
Vöcklabruck <417>,Freistadt <406>,24
Vöcklabruck <417>,Gmunden <407>,314
Vöcklabruck <417>,Grieskirchen <408>,120
Vöcklabruck <417>,Kirchdorf <409>,46
Vöcklabruck <417>,Linz Land <410>,83
Vöcklabruck <417>,Perg <411>,247
Vöcklabruck <417>,Ried <412>,102
Vöcklabruck <417>,Rohrbach <413>,10
Vöcklabruck <417>,Schärding <414>,36
Vöcklabruck <417>,Steyr Land <415>,23
Vöcklabruck <417>,Urfahr Umgebung <416>,26
Vöcklabruck <417>,Vöcklabruck <417>,7223
Vöcklabruck <417>,Wels Land <418>,168
Vöcklabruck <417>,Salzburg (Stadt) <501>,184
Vöcklabruck <417>,Hallein <502>,24
Vöcklabruck <417>,Salzburg Umgebung <503>,475
Vöcklabruck <417>,St. Johann im Pongau <504>,29
Vöcklabruck <417>,Tamsweg <505>,2
Vöcklabruck <417>,Zell am See <506>,25
Wels Land <418>,Eisenstadt (Stadt) <101>,3
Wels Land <418>,Rust (Stadt) <102>,-
Wels Land <418>,Eisenstadt Umgebung <103>,1
Wels Land <418>,Güssing <104>,-
Wels Land <418>,Jennersdorf <105>,-
Wels Land <418>,Mattersburg <106>,-
Wels Land <418>,Neusiedl am See <107>,2
Wels Land <418>,Oberpullendorf <108>,-
Wels Land <418>,Oberwart <109>,4
Wels Land <418>,Klagenfurt (Stadt) <201>,3
Wels Land <418>,Villach (Stadt) <202>,4
Wels Land <418>,Feldkirchen <210>,1
Wels Land <418>,Hermagor <203>,-
Wels Land <418>,Klagenfurt Land <204>,1
Wels Land <418>,Sankt Veit an der Glan <205>,2
Wels Land <418>,Spittal an der Drau <206>,1
Wels Land <418>,Villach Land <207>,-
Wels Land <418>,Völkermarkt <208>,-
Wels Land <418>,Wolfsberg <209>,2
Wels Land <418>,Krems an der Donau (Stadt) <301>,5
Wels Land <418>,Sankt Pölten (Stadt) <302>,7
Wels Land <418>,Waidhofen an der Ybbs (Stadt) <303>,-
Wels Land <418>,Wiener Neustadt (Stadt) <304>,3
Wels Land <418>,Amstetten <305>,17
Wels Land <418>,Baden <306>,6
Wels Land <418>,Bruck an der Leitha <307>,-
Wels Land <418>,Gänserndorf <308>,2
Wels Land <418>,Gmünd <309>,1
Wels Land <418>,Hollabrunn <310>,1
Wels Land <418>,Horn <311>,5
Wels Land <418>,Korneuburg <312>,-
Wels Land <418>,Krems Land <313>,1
Wels Land <418>,Lilienfeld <314>,1
Wels Land <418>,Melk <315>,6
Wels Land <418>,Mistelbach <316>,3
Wels Land <418>,Mödling <317>,2
Wels Land <418>,Neunkirchen <318>,-
Wels Land <418>,Sankt Pölten Land <319>,1
Wels Land <418>,Scheibbs <320>,2
Wels Land <418>,Tulln <321>,2
Wels Land <418>,Waidhofen an der Thaya <322>,-
Wels Land <418>,Wiener Neustadt Land <323>,-
Wels Land <418>,Wien Umgebung ^<324>,-
Wels Land <418>,Zwettl <325>,4
Wels Land <418>,Stadt Linz <401>,178
Wels Land <418>,Stadt Steyr <402>,18
Wels Land <418>,Stadt Wels <403>,615
Wels Land <418>,Braunau <404>,5
Wels Land <418>,Eferding <405>,60
Wels Land <418>,Freistadt <406>,14
Wels Land <418>,Gmunden <407>,109
Wels Land <418>,Grieskirchen <408>,166
Wels Land <418>,Kirchdorf <409>,112
Wels Land <418>,Linz Land <410>,264
Wels Land <418>,Perg <411>,20
Wels Land <418>,Ried <412>,17
Wels Land <418>,Rohrbach <413>,4
Wels Land <418>,Schärding <414>,27
Wels Land <418>,Steyr Land <415>,25
Wels Land <418>,Urfahr Umgebung <416>,28
Wels Land <418>,Vöcklabruck <417>,136
Wels Land <418>,Wels Land <418>,2480
Wels Land <418>,Salzburg (Stadt) <501>,18
Wels Land <418>,Hallein <502>,2
Wels Land <418>,Salzburg Umgebung <503>,9
Wels Land <418>,St. Johann im Pongau <504>,4
Wels Land <418>,Tamsweg <505>,1
Wels Land <418>,Zell am See <506>,3
Salzburg (Stadt) <501>,Eisenstadt (Stadt) <101>,2
Salzburg (Stadt) <501>,Rust (Stadt) <102>,-
Salzburg (Stadt) <501>,Eisenstadt Umgebung <103>,2
Salzburg (Stadt) <501>,Güssing <104>,3
Salzburg (Stadt) <501>,Jennersdorf <105>,1
Salzburg (Stadt) <501>,Mattersburg <106>,2
Salzburg (Stadt) <501>,Neusiedl am See <107>,1
Salzburg (Stadt) <501>,Oberpullendorf <108>,2
Salzburg (Stadt) <501>,Oberwart <109>,9
Salzburg (Stadt) <501>,Klagenfurt (Stadt) <201>,42
Salzburg (Stadt) <501>,Villach (Stadt) <202>,25
Salzburg (Stadt) <501>,Feldkirchen <210>,1
Salzburg (Stadt) <501>,Hermagor <203>,3
Salzburg (Stadt) <501>,Klagenfurt Land <204>,8
Salzburg (Stadt) <501>,Sankt Veit an der Glan <205>,7
Salzburg (Stadt) <501>,Spittal an der Drau <206>,8
Salzburg (Stadt) <501>,Villach Land <207>,12
Salzburg (Stadt) <501>,Völkermarkt <208>,6
Salzburg (Stadt) <501>,Wolfsberg <209>,3
Salzburg (Stadt) <501>,Krems an der Donau (Stadt) <301>,6
Salzburg (Stadt) <501>,Sankt Pölten (Stadt) <302>,9
Salzburg (Stadt) <501>,Waidhofen an der Ybbs (Stadt) <303>,2
Salzburg (Stadt) <501>,Wiener Neustadt (Stadt) <304>,14
Salzburg (Stadt) <501>,Amstetten <305>,12
Salzburg (Stadt) <501>,Baden <306>,21
Salzburg (Stadt) <501>,Bruck an der Leitha <307>,8
Salzburg (Stadt) <501>,Gänserndorf <308>,9
Salzburg (Stadt) <501>,Gmünd <309>,1
Salzburg (Stadt) <501>,Hollabrunn <310>,6
Salzburg (Stadt) <501>,Horn <311>,3
Salzburg (Stadt) <501>,Korneuburg <312>,11
Salzburg (Stadt) <501>,Krems Land <313>,4
Salzburg (Stadt) <501>,Lilienfeld <314>,4
Salzburg (Stadt) <501>,Melk <315>,9
Salzburg (Stadt) <501>,Mistelbach <316>,5
Salzburg (Stadt) <501>,Mödling <317>,18
Salzburg (Stadt) <501>,Neunkirchen <318>,6
Salzburg (Stadt) <501>,Sankt Pölten Land <319>,14
Salzburg (Stadt) <501>,Scheibbs <320>,2
Salzburg (Stadt) <501>,Tulln <321>,6
Salzburg (Stadt) <501>,Waidhofen an der Thaya <322>,2
Salzburg (Stadt) <501>,Wiener Neustadt Land <323>,6
Salzburg (Stadt) <501>,Wien Umgebung ^<324>,-
Salzburg (Stadt) <501>,Zwettl <325>,3
Salzburg (Stadt) <501>,Stadt Linz <401>,154
Salzburg (Stadt) <501>,Stadt Steyr <402>,18
Salzburg (Stadt) <501>,Stadt Wels <403>,44
Salzburg (Stadt) <501>,Braunau <404>,234
Salzburg (Stadt) <501>,Eferding <405>,3
Salzburg (Stadt) <501>,Freistadt <406>,7
Salzburg (Stadt) <501>,Gmunden <407>,73
Salzburg (Stadt) <501>,Grieskirchen <408>,15
Salzburg (Stadt) <501>,Kirchdorf <409>,5
Salzburg (Stadt) <501>,Linz Land <410>,36
Salzburg (Stadt) <501>,Perg <411>,7
Salzburg (Stadt) <501>,Ried <412>,39
Salzburg (Stadt) <501>,Rohrbach <413>,9
Salzburg (Stadt) <501>,Schärding <414>,15
Salzburg (Stadt) <501>,Steyr Land <415>,6
Salzburg (Stadt) <501>,Urfahr Umgebung <416>,10
Salzburg (Stadt) <501>,Vöcklabruck <417>,203
Salzburg (Stadt) <501>,Wels Land <418>,14
Salzburg (Stadt) <501>,Salzburg (Stadt) <501>,11055
Salzburg (Stadt) <501>,Hallein <502>,522
Salzburg (Stadt) <501>,Salzburg Umgebung <503>,2214
Salzburg (Stadt) <501>,St. Johann im Pongau <504>,171
Salzburg (Stadt) <501>,Tamsweg <505>,43
Salzburg (Stadt) <501>,Zell am See <506>,115
Hallein <502>,Eisenstadt (Stadt) <101>,-
Hallein <502>,Rust (Stadt) <102>,1
Hallein <502>,Eisenstadt Umgebung <103>,-
Hallein <502>,Güssing <104>,2
Hallein <502>,Jennersdorf <105>,-
Hallein <502>,Mattersburg <106>,-
Hallein <502>,Neusiedl am See <107>,2
Hallein <502>,Oberpullendorf <108>,-
Hallein <502>,Oberwart <109>,-
Hallein <502>,Klagenfurt (Stadt) <201>,2
Hallein <502>,Villach (Stadt) <202>,7
Hallein <502>,Feldkirchen <210>,1
Hallein <502>,Hermagor <203>,1
Hallein <502>,Klagenfurt Land <204>,5
Hallein <502>,Sankt Veit an der Glan <205>,1
Hallein <502>,Spittal an der Drau <206>,14
Hallein <502>,Villach Land <207>,2
Hallein <502>,Völkermarkt <208>,2
Hallein <502>,Wolfsberg <209>,3
Hallein <502>,Krems an der Donau (Stadt) <301>,6
Hallein <502>,Sankt Pölten (Stadt) <302>,4
Hallein <502>,Waidhofen an der Ybbs (Stadt) <303>,-
Hallein <502>,Wiener Neustadt (Stadt) <304>,1
Hallein <502>,Amstetten <305>,5
Hallein <502>,Baden <306>,4
Hallein <502>,Bruck an der Leitha <307>,3
Hallein <502>,Gänserndorf <308>,-
Hallein <502>,Gmünd <309>,1
Hallein <502>,Hollabrunn <310>,1
Hallein <502>,Horn <311>,-
Hallein <502>,Korneuburg <312>,2
Hallein <502>,Krems Land <313>,2
Hallein <502>,Lilienfeld <314>,-
Hallein <502>,Melk <315>,2
Hallein <502>,Mistelbach <316>,1
Hallein <502>,Mödling <317>,-
Hallein <502>,Neunkirchen <318>,8
Hallein <502>,Sankt Pölten Land <319>,5
Hallein <502>,Scheibbs <320>,1
Hallein <502>,Tulln <321>,4
Hallein <502>,Waidhofen an der Thaya <322>,4
Hallein <502>,Wiener Neustadt Land <323>,-
Hallein <502>,Wien Umgebung ^<324>,-
Hallein <502>,Zwettl <325>,1
Hallein <502>,Stadt Linz <401>,37
Hallein <502>,Stadt Steyr <402>,1
Hallein <502>,Stadt Wels <403>,8
Hallein <502>,Braunau <404>,44
Hallein <502>,Eferding <405>,4
Hallein <502>,Freistadt <406>,6
Hallein <502>,Gmunden <407>,20
Hallein <502>,Grieskirchen <408>,2
Hallein <502>,Kirchdorf <409>,4
Hallein <502>,Linz Land <410>,6
Hallein <502>,Perg <411>,6
Hallein <502>,Ried <412>,7
Hallein <502>,Rohrbach <413>,7
Hallein <502>,Schärding <414>,16
Hallein <502>,Steyr Land <415>,3
Hallein <502>,Urfahr Umgebung <416>,2
Hallein <502>,Vöcklabruck <417>,30
Hallein <502>,Wels Land <418>,4
Hallein <502>,Salzburg (Stadt) <501>,542
Hallein <502>,Hallein <502>,2403
Hallein <502>,Salzburg Umgebung <503>,319
Hallein <502>,St. Johann im Pongau <504>,117
Hallein <502>,Tamsweg <505>,14
Hallein <502>,Zell am See <506>,25
Salzburg Umgebung <503>,Eisenstadt (Stadt) <101>,5
Salzburg Umgebung <503>,Rust (Stadt) <102>,-
Salzburg Umgebung <503>,Eisenstadt Umgebung <103>,5
Salzburg Umgebung <503>,Güssing <104>,6
Salzburg Umgebung <503>,Jennersdorf <105>,2
Salzburg Umgebung <503>,Mattersburg <106>,12
Salzburg Umgebung <503>,Neusiedl am See <107>,-
Salzburg Umgebung <503>,Oberpullendorf <108>,1
Salzburg Umgebung <503>,Oberwart <109>,1
Salzburg Umgebung <503>,Klagenfurt (Stadt) <201>,30
Salzburg Umgebung <503>,Villach (Stadt) <202>,42
Salzburg Umgebung <503>,Feldkirchen <210>,12
Salzburg Umgebung <503>,Hermagor <203>,1
Salzburg Umgebung <503>,Klagenfurt Land <204>,6
Salzburg Umgebung <503>,Sankt Veit an der Glan <205>,6
Salzburg Umgebung <503>,Spittal an der Drau <206>,27
Salzburg Umgebung <503>,Villach Land <207>,16
Salzburg Umgebung <503>,Völkermarkt <208>,37
Salzburg Umgebung <503>,Wolfsberg <209>,29
Salzburg Umgebung <503>,Krems an der Donau (Stadt) <301>,2
Salzburg Umgebung <503>,Sankt Pölten (Stadt) <302>,5
Salzburg Umgebung <503>,Waidhofen an der Ybbs (Stadt) <303>,-
Salzburg Umgebung <503>,Wiener Neustadt (Stadt) <304>,6
Salzburg Umgebung <503>,Amstetten <305>,13
Salzburg Umgebung <503>,Baden <306>,15
Salzburg Umgebung <503>,Bruck an der Leitha <307>,13
Salzburg Umgebung <503>,Gänserndorf <308>,4
Salzburg Umgebung <503>,Gmünd <309>,9
Salzburg Umgebung <503>,Hollabrunn <310>,3
Salzburg Umgebung <503>,Horn <311>,2
Salzburg Umgebung <503>,Korneuburg <312>,1
Salzburg Umgebung <503>,Krems Land <313>,6
Salzburg Umgebung <503>,Lilienfeld <314>,1
Salzburg Umgebung <503>,Melk <315>,8
Salzburg Umgebung <503>,Mistelbach <316>,8
Salzburg Umgebung <503>,Mödling <317>,18
Salzburg Umgebung <503>,Neunkirchen <318>,3
Salzburg Umgebung <503>,Sankt Pölten Land <319>,1
Salzburg Umgebung <503>,Scheibbs <320>,-
Salzburg Umgebung <503>,Tulln <321>,10
Salzburg Umgebung <503>,Waidhofen an der Thaya <322>,-
Salzburg Umgebung <503>,Wiener Neustadt Land <323>,5
Salzburg Umgebung <503>,Wien Umgebung ^<324>,-
Salzburg Umgebung <503>,Zwettl <325>,1
Salzburg Umgebung <503>,Stadt Linz <401>,80
Salzburg Umgebung <503>,Stadt Steyr <402>,16
Salzburg Umgebung <503>,Stadt Wels <403>,24
Salzburg Umgebung <503>,Braunau <404>,591
Salzburg Umgebung <503>,Eferding <405>,1
Salzburg Umgebung <503>,Freistadt <406>,12
Salzburg Umgebung <503>,Gmunden <407>,125
Salzburg Umgebung <503>,Grieskirchen <408>,16
Salzburg Umgebung <503>,Kirchdorf <409>,24
Salzburg Umgebung <503>,Linz Land <410>,54
Salzburg Umgebung <503>,Perg <411>,63
Salzburg Umgebung <503>,Ried <412>,36
Salzburg Umgebung <503>,Rohrbach <413>,12
Salzburg Umgebung <503>,Schärding <414>,18
Salzburg Umgebung <503>,Steyr Land <415>,12
Salzburg Umgebung <503>,Urfahr Umgebung <416>,9
Salzburg Umgebung <503>,Vöcklabruck <417>,274
Salzburg Umgebung <503>,Wels Land <418>,15
Salzburg Umgebung <503>,Salzburg (Stadt) <501>,1871
Salzburg Umgebung <503>,Hallein <502>,351
Salzburg Umgebung <503>,Salzburg Umgebung <503>,5784
Salzburg Umgebung <503>,St. Johann im Pongau <504>,141
Salzburg Umgebung <503>,Tamsweg <505>,26
Salzburg Umgebung <503>,Zell am See <506>,173
St. Johann im Pongau <504>,Eisenstadt (Stadt) <101>,-
St. Johann im Pongau <504>,Rust (Stadt) <102>,-
St. Johann im Pongau <504>,Eisenstadt Umgebung <103>,-
St. Johann im Pongau <504>,Güssing <104>,-
St. Johann im Pongau <504>,Jennersdorf <105>,-
St. Johann im Pongau <504>,Mattersburg <106>,2
St. Johann im Pongau <504>,Neusiedl am See <107>,2
St. Johann im Pongau <504>,Oberpullendorf <108>,5
St. Johann im Pongau <504>,Oberwart <109>,5
St. Johann im Pongau <504>,Klagenfurt (Stadt) <201>,20
St. Johann im Pongau <504>,Villach (Stadt) <202>,7
St. Johann im Pongau <504>,Feldkirchen <210>,3
St. Johann im Pongau <504>,Hermagor <203>,-
St. Johann im Pongau <504>,Klagenfurt Land <204>,18
St. Johann im Pongau <504>,Sankt Veit an der Glan <205>,3
St. Johann im Pongau <504>,Spittal an der Drau <206>,16
St. Johann im Pongau <504>,Villach Land <207>,22
St. Johann im Pongau <504>,Völkermarkt <208>,2
St. Johann im Pongau <504>,Wolfsberg <209>,3
St. Johann im Pongau <504>,Krems an der Donau (Stadt) <301>,-
St. Johann im Pongau <504>,Sankt Pölten (Stadt) <302>,8
St. Johann im Pongau <504>,Waidhofen an der Ybbs (Stadt) <303>,-
St. Johann im Pongau <504>,Wiener Neustadt (Stadt) <304>,7
St. Johann im Pongau <504>,Amstetten <305>,2
St. Johann im Pongau <504>,Baden <306>,12
St. Johann im Pongau <504>,Bruck an der Leitha <307>,4
St. Johann im Pongau <504>,Gänserndorf <308>,3
St. Johann im Pongau <504>,Gmünd <309>,1
St. Johann im Pongau <504>,Hollabrunn <310>,-
St. Johann im Pongau <504>,Horn <311>,-
St. Johann im Pongau <504>,Korneuburg <312>,6
St. Johann im Pongau <504>,Krems Land <313>,2
St. Johann im Pongau <504>,Lilienfeld <314>,-
St. Johann im Pongau <504>,Melk <315>,7
St. Johann im Pongau <504>,Mistelbach <316>,-
St. Johann im Pongau <504>,Mödling <317>,3
St. Johann im Pongau <504>,Neunkirchen <318>,2
St. Johann im Pongau <504>,Sankt Pölten Land <319>,6
St. Johann im Pongau <504>,Scheibbs <320>,-
St. Johann im Pongau <504>,Tulln <321>,3
St. Johann im Pongau <504>,Waidhofen an der Thaya <322>,2
St. Johann im Pongau <504>,Wiener Neustadt Land <323>,3
St. Johann im Pongau <504>,Wien Umgebung ^<324>,-
St. Johann im Pongau <504>,Zwettl <325>,1
St. Johann im Pongau <504>,Stadt Linz <401>,25
St. Johann im Pongau <504>,Stadt Steyr <402>,2
St. Johann im Pongau <504>,Stadt Wels <403>,11
St. Johann im Pongau <504>,Braunau <404>,22
St. Johann im Pongau <504>,Eferding <405>,-
St. Johann im Pongau <504>,Freistadt <406>,3
St. Johann im Pongau <504>,Gmunden <407>,6
St. Johann im Pongau <504>,Grieskirchen <408>,5
St. Johann im Pongau <504>,Kirchdorf <409>,9
St. Johann im Pongau <504>,Linz Land <410>,13
St. Johann im Pongau <504>,Perg <411>,5
St. Johann im Pongau <504>,Ried <412>,13
St. Johann im Pongau <504>,Rohrbach <413>,-
St. Johann im Pongau <504>,Schärding <414>,1
St. Johann im Pongau <504>,Steyr Land <415>,9
St. Johann im Pongau <504>,Urfahr Umgebung <416>,2
St. Johann im Pongau <504>,Vöcklabruck <417>,34
St. Johann im Pongau <504>,Wels Land <418>,9
St. Johann im Pongau <504>,Salzburg (Stadt) <501>,194
St. Johann im Pongau <504>,Hallein <502>,105
St. Johann im Pongau <504>,Salzburg Umgebung <503>,160
St. Johann im Pongau <504>,St. Johann im Pongau <504>,4369
St. Johann im Pongau <504>,Tamsweg <505>,15
St. Johann im Pongau <504>,Zell am See <506>,149
Tamsweg <505>,Eisenstadt (Stadt) <101>,2
Tamsweg <505>,Rust (Stadt) <102>,-
Tamsweg <505>,Eisenstadt Umgebung <103>,-
Tamsweg <505>,Güssing <104>,-
Tamsweg <505>,Jennersdorf <105>,-
Tamsweg <505>,Mattersburg <106>,1
Tamsweg <505>,Neusiedl am See <107>,-
Tamsweg <505>,Oberpullendorf <108>,-
Tamsweg <505>,Oberwart <109>,1
Tamsweg <505>,Klagenfurt (Stadt) <201>,4
Tamsweg <505>,Villach (Stadt) <202>,2
Tamsweg <505>,Feldkirchen <210>,2
Tamsweg <505>,Hermagor <203>,-
Tamsweg <505>,Klagenfurt Land <204>,4
Tamsweg <505>,Sankt Veit an der Glan <205>,5
Tamsweg <505>,Spittal an der Drau <206>,13
Tamsweg <505>,Villach Land <207>,4
Tamsweg <505>,Völkermarkt <208>,1
Tamsweg <505>,Wolfsberg <209>,1
Tamsweg <505>,Krems an der Donau (Stadt) <301>,-
Tamsweg <505>,Sankt Pölten (Stadt) <302>,-
Tamsweg <505>,Waidhofen an der Ybbs (Stadt) <303>,-
Tamsweg <505>,Wiener Neustadt (Stadt) <304>,-
Tamsweg <505>,Amstetten <305>,2
Tamsweg <505>,Baden <306>,1
Tamsweg <505>,Bruck an der Leitha <307>,2
Tamsweg <505>,Gänserndorf <308>,-
Tamsweg <505>,Gmünd <309>,-
Tamsweg <505>,Hollabrunn <310>,1
Tamsweg <505>,Horn <311>,-
Tamsweg <505>,Korneuburg <312>,-
Tamsweg <505>,Krems Land <313>,-
Tamsweg <505>,Lilienfeld <314>,-
Tamsweg <505>,Melk <315>,-
Tamsweg <505>,Mistelbach <316>,-
Tamsweg <505>,Mödling <317>,2
Tamsweg <505>,Neunkirchen <318>,1
Tamsweg <505>,Sankt Pölten Land <319>,1
Tamsweg <505>,Scheibbs <320>,-
Tamsweg <505>,Tulln <321>,2
Tamsweg <505>,Waidhofen an der Thaya <322>,-
Tamsweg <505>,Wiener Neustadt Land <323>,-
Tamsweg <505>,Wien Umgebung ^<324>,-
Tamsweg <505>,Zwettl <325>,-
Tamsweg <505>,Stadt Linz <401>,12
Tamsweg <505>,Stadt Steyr <402>,-
Tamsweg <505>,Stadt Wels <403>,-
Tamsweg <505>,Braunau <404>,2
Tamsweg <505>,Eferding <405>,-
Tamsweg <505>,Freistadt <406>,-
Tamsweg <505>,Gmunden <407>,6
Tamsweg <505>,Grieskirchen <408>,1
Tamsweg <505>,Kirchdorf <409>,1
Tamsweg <505>,Linz Land <410>,2
Tamsweg <505>,Perg <411>,-
Tamsweg <505>,Ried <412>,3
Tamsweg <505>,Rohrbach <413>,-
Tamsweg <505>,Schärding <414>,2
Tamsweg <505>,Steyr Land <415>,-
Tamsweg <505>,Urfahr Umgebung <416>,1
Tamsweg <505>,Vöcklabruck <417>,2
Tamsweg <505>,Wels Land <418>,-
Tamsweg <505>,Salzburg (Stadt) <501>,51
Tamsweg <505>,Hallein <502>,15
Tamsweg <505>,Salzburg Umgebung <503>,35
Tamsweg <505>,St. Johann im Pongau <504>,30
Tamsweg <505>,Tamsweg <505>,819
Tamsweg <505>,Zell am See <506>,15
Zell am See <506>,Eisenstadt (Stadt) <101>,1
Zell am See <506>,Rust (Stadt) <102>,-
Zell am See <506>,Eisenstadt Umgebung <103>,-
Zell am See <506>,Güssing <104>,3
Zell am See <506>,Jennersdorf <105>,2
Zell am See <506>,Mattersburg <106>,2
Zell am See <506>,Neusiedl am See <107>,2
Zell am See <506>,Oberpullendorf <108>,4
Zell am See <506>,Oberwart <109>,-
Zell am See <506>,Klagenfurt (Stadt) <201>,17
Zell am See <506>,Villach (Stadt) <202>,9
Zell am See <506>,Feldkirchen <210>,1
Zell am See <506>,Hermagor <203>,5
Zell am See <506>,Klagenfurt Land <204>,6
Zell am See <506>,Sankt Veit an der Glan <205>,4
Zell am See <506>,Spittal an der Drau <206>,17
Zell am See <506>,Villach Land <207>,9
Zell am See <506>,Völkermarkt <208>,1
Zell am See <506>,Wolfsberg <209>,-
Zell am See <506>,Krems an der Donau (Stadt) <301>,1
Zell am See <506>,Sankt Pölten (Stadt) <302>,2
Zell am See <506>,Waidhofen an der Ybbs (Stadt) <303>,-
Zell am See <506>,Wiener Neustadt (Stadt) <304>,3
Zell am See <506>,Amstetten <305>,3
Zell am See <506>,Baden <306>,9
Zell am See <506>,Bruck an der Leitha <307>,3
Zell am See <506>,Gänserndorf <308>,5
Zell am See <506>,Gmünd <309>,4
Zell am See <506>,Hollabrunn <310>,2
Zell am See <506>,Horn <311>,2
Zell am See <506>,Korneuburg <312>,14
Zell am See <506>,Krems Land <313>,1
Zell am See <506>,Lilienfeld <314>,3
Zell am See <506>,Melk <315>,12
Zell am See <506>,Mistelbach <316>,6
Zell am See <506>,Mödling <317>,5
Zell am See <506>,Neunkirchen <318>,5
Zell am See <506>,Sankt Pölten Land <319>,6
Zell am See <506>,Scheibbs <320>,-
Zell am See <506>,Tulln <321>,6
Zell am See <506>,Waidhofen an der Thaya <322>,-
Zell am See <506>,Wiener Neustadt Land <323>,6
Zell am See <506>,Wien Umgebung ^<324>,-
Zell am See <506>,Zwettl <325>,-
Zell am See <506>,Stadt Linz <401>,44
Zell am See <506>,Stadt Steyr <402>,14
Zell am See <506>,Stadt Wels <403>,14
Zell am See <506>,Braunau <404>,18
Zell am See <506>,Eferding <405>,-
Zell am See <506>,Freistadt <406>,1
Zell am See <506>,Gmunden <407>,11
Zell am See <506>,Grieskirchen <408>,4
Zell am See <506>,Kirchdorf <409>,8
Zell am See <506>,Linz Land <410>,21
Zell am See <506>,Perg <411>,7
Zell am See <506>,Ried <412>,8
Zell am See <506>,Rohrbach <413>,6
Zell am See <506>,Schärding <414>,1
Zell am See <506>,Steyr Land <415>,1
Zell am See <506>,Urfahr Umgebung <416>,2
Zell am See <506>,Vöcklabruck <417>,15
Zell am See <506>,Wels Land <418>,5
Zell am See <506>,Salzburg (Stadt) <501>,184
Zell am See <506>,Hallein <502>,52
Zell am See <506>,Salzburg Umgebung <503>,94
Zell am See <506>,St. Johann im Pongau <504>,150
Zell am See <506>,Tamsweg <505>,5
Zell am See <506>,Zell am See <506>,4659
Graz (Stadt) <601>,Eisenstadt (Stadt) <101>,12
Graz (Stadt) <601>,Rust (Stadt) <102>,-
Graz (Stadt) <601>,Eisenstadt Umgebung <103>,8
Graz (Stadt) <601>,Güssing <104>,34
Graz (Stadt) <601>,Jennersdorf <105>,44
Graz (Stadt) <601>,Mattersburg <106>,6
Graz (Stadt) <601>,Neusiedl am See <107>,11
Graz (Stadt) <601>,Oberpullendorf <108>,13
Graz (Stadt) <601>,Oberwart <109>,47
Graz (Stadt) <601>,Klagenfurt (Stadt) <201>,202
Graz (Stadt) <601>,Villach (Stadt) <202>,78
Graz (Stadt) <601>,Feldkirchen <210>,21
Graz (Stadt) <601>,Hermagor <203>,13
Graz (Stadt) <601>,Klagenfurt Land <204>,73
Graz (Stadt) <601>,Sankt Veit an der Glan <205>,49
Graz (Stadt) <601>,Spittal an der Drau <206>,58
Graz (Stadt) <601>,Villach Land <207>,55
Graz (Stadt) <601>,Völkermarkt <208>,41
Graz (Stadt) <601>,Wolfsberg <209>,105
Graz (Stadt) <601>,Krems an der Donau (Stadt) <301>,33
Graz (Stadt) <601>,Sankt Pölten (Stadt) <302>,33
Graz (Stadt) <601>,Waidhofen an der Ybbs (Stadt) <303>,3
Graz (Stadt) <601>,Wiener Neustadt (Stadt) <304>,37
Graz (Stadt) <601>,Amstetten <305>,24
Graz (Stadt) <601>,Baden <306>,59
Graz (Stadt) <601>,Bruck an der Leitha <307>,17
Graz (Stadt) <601>,Gänserndorf <308>,10
Graz (Stadt) <601>,Gmünd <309>,1
Graz (Stadt) <601>,Hollabrunn <310>,8
Graz (Stadt) <601>,Horn <311>,1
Graz (Stadt) <601>,Korneuburg <312>,19
Graz (Stadt) <601>,Krems Land <313>,10
Graz (Stadt) <601>,Lilienfeld <314>,2
Graz (Stadt) <601>,Melk <315>,9
Graz (Stadt) <601>,Mistelbach <316>,7
Graz (Stadt) <601>,Mödling <317>,33
Graz (Stadt) <601>,Neunkirchen <318>,35
Graz (Stadt) <601>,Sankt Pölten Land <319>,25
Graz (Stadt) <601>,Scheibbs <320>,6
Graz (Stadt) <601>,Tulln <321>,36
Graz (Stadt) <601>,Waidhofen an der Thaya <322>,2
Graz (Stadt) <601>,Wiener Neustadt Land <323>,26
Graz (Stadt) <601>,Wien Umgebung ^<324>,-
Graz (Stadt) <601>,Zwettl <325>,2
Graz (Stadt) <601>,Stadt Linz <401>,165
Graz (Stadt) <601>,Stadt Steyr <402>,21
Graz (Stadt) <601>,Stadt Wels <403>,37
Graz (Stadt) <601>,Braunau <404>,28
Graz (Stadt) <601>,Eferding <405>,5
Graz (Stadt) <601>,Freistadt <406>,13
Graz (Stadt) <601>,Gmunden <407>,33
Graz (Stadt) <601>,Grieskirchen <408>,19
Graz (Stadt) <601>,Kirchdorf <409>,46
Graz (Stadt) <601>,Linz Land <410>,38
Graz (Stadt) <601>,Perg <411>,30
Graz (Stadt) <601>,Ried <412>,13
Graz (Stadt) <601>,Rohrbach <413>,12
Graz (Stadt) <601>,Schärding <414>,11
Graz (Stadt) <601>,Steyr Land <415>,24
Graz (Stadt) <601>,Urfahr Umgebung <416>,26
Graz (Stadt) <601>,Vöcklabruck <417>,48
Graz (Stadt) <601>,Wels Land <418>,9
Graz (Stadt) <601>,Salzburg (Stadt) <501>,98
Graz (Stadt) <601>,Hallein <502>,20
Graz (Stadt) <601>,Salzburg Umgebung <503>,64
Graz (Stadt) <601>,St. Johann im Pongau <504>,50
Graz (Stadt) <601>,Tamsweg <505>,9
Graz (Stadt) <601>,Zell am See <506>,42
Bruck an der Mur ^<602>,Eisenstadt (Stadt) <101>,-
Bruck an der Mur ^<602>,Rust (Stadt) <102>,-
Bruck an der Mur ^<602>,Eisenstadt Umgebung <103>,-
Bruck an der Mur ^<602>,Güssing <104>,-
Bruck an der Mur ^<602>,Jennersdorf <105>,-
Bruck an der Mur ^<602>,Mattersburg <106>,-
Bruck an der Mur ^<602>,Neusiedl am See <107>,-
Bruck an der Mur ^<602>,Oberpullendorf <108>,-
Bruck an der Mur ^<602>,Oberwart <109>,-
Bruck an der Mur ^<602>,Klagenfurt (Stadt) <201>,-
Bruck an der Mur ^<602>,Villach (Stadt) <202>,-
Bruck an der Mur ^<602>,Feldkirchen <210>,-
Bruck an der Mur ^<602>,Hermagor <203>,-
Bruck an der Mur ^<602>,Klagenfurt Land <204>,-
Bruck an der Mur ^<602>,Sankt Veit an der Glan <205>,-
Bruck an der Mur ^<602>,Spittal an der Drau <206>,-
Bruck an der Mur ^<602>,Villach Land <207>,-
Bruck an der Mur ^<602>,Völkermarkt <208>,-
Bruck an der Mur ^<602>,Wolfsberg <209>,-
Bruck an der Mur ^<602>,Krems an der Donau (Stadt) <301>,-
Bruck an der Mur ^<602>,Sankt Pölten (Stadt) <302>,-
Bruck an der Mur ^<602>,Waidhofen an der Ybbs (Stadt) <303>,-
Bruck an der Mur ^<602>,Wiener Neustadt (Stadt) <304>,-
Bruck an der Mur ^<602>,Amstetten <305>,-
Bruck an der Mur ^<602>,Baden <306>,-
Bruck an der Mur ^<602>,Bruck an der Leitha <307>,-
Bruck an der Mur ^<602>,Gänserndorf <308>,-
Bruck an der Mur ^<602>,Gmünd <309>,-
Bruck an der Mur ^<602>,Hollabrunn <310>,-
Bruck an der Mur ^<602>,Horn <311>,-
Bruck an der Mur ^<602>,Korneuburg <312>,-
Bruck an der Mur ^<602>,Krems Land <313>,-
Bruck an der Mur ^<602>,Lilienfeld <314>,-
Bruck an der Mur ^<602>,Melk <315>,-
Bruck an der Mur ^<602>,Mistelbach <316>,-
Bruck an der Mur ^<602>,Mödling <317>,-
Bruck an der Mur ^<602>,Neunkirchen <318>,-
Bruck an der Mur ^<602>,Sankt Pölten Land <319>,-
Bruck an der Mur ^<602>,Scheibbs <320>,-
Bruck an der Mur ^<602>,Tulln <321>,-
Bruck an der Mur ^<602>,Waidhofen an der Thaya <322>,-
Bruck an der Mur ^<602>,Wiener Neustadt Land <323>,-
Bruck an der Mur ^<602>,Wien Umgebung ^<324>,-
Bruck an der Mur ^<602>,Zwettl <325>,-
Bruck an der Mur ^<602>,Stadt Linz <401>,-
Bruck an der Mur ^<602>,Stadt Steyr <402>,-
Bruck an der Mur ^<602>,Stadt Wels <403>,-
Bruck an der Mur ^<602>,Braunau <404>,-
Bruck an der Mur ^<602>,Eferding <405>,-
Bruck an der Mur ^<602>,Freistadt <406>,-
Bruck an der Mur ^<602>,Gmunden <407>,-
Bruck an der Mur ^<602>,Grieskirchen <408>,-
Bruck an der Mur ^<602>,Kirchdorf <409>,-
Bruck an der Mur ^<602>,Linz Land <410>,-
Bruck an der Mur ^<602>,Perg <411>,-
Bruck an der Mur ^<602>,Ried <412>,-
Bruck an der Mur ^<602>,Rohrbach <413>,-
Bruck an der Mur ^<602>,Schärding <414>,-
Bruck an der Mur ^<602>,Steyr Land <415>,-
Bruck an der Mur ^<602>,Urfahr Umgebung <416>,-
Bruck an der Mur ^<602>,Vöcklabruck <417>,-
Bruck an der Mur ^<602>,Wels Land <418>,-
Bruck an der Mur ^<602>,Salzburg (Stadt) <501>,-
Bruck an der Mur ^<602>,Hallein <502>,-
Bruck an der Mur ^<602>,Salzburg Umgebung <503>,-
Bruck an der Mur ^<602>,St. Johann im Pongau <504>,-
Bruck an der Mur ^<602>,Tamsweg <505>,-
Bruck an der Mur ^<602>,Zell am See <506>,-
Bruck-Mürzzuschlag <621>,Eisenstadt (Stadt) <101>,5
Bruck-Mürzzuschlag <621>,Rust (Stadt) <102>,-
Bruck-Mürzzuschlag <621>,Eisenstadt Umgebung <103>,-
Bruck-Mürzzuschlag <621>,Güssing <104>,11
Bruck-Mürzzuschlag <621>,Jennersdorf <105>,6
Bruck-Mürzzuschlag <621>,Mattersburg <106>,3
Bruck-Mürzzuschlag <621>,Neusiedl am See <107>,6
Bruck-Mürzzuschlag <621>,Oberpullendorf <108>,-
Bruck-Mürzzuschlag <621>,Oberwart <109>,2
Bruck-Mürzzuschlag <621>,Klagenfurt (Stadt) <201>,13
Bruck-Mürzzuschlag <621>,Villach (Stadt) <202>,4
Bruck-Mürzzuschlag <621>,Feldkirchen <210>,7
Bruck-Mürzzuschlag <621>,Hermagor <203>,1
Bruck-Mürzzuschlag <621>,Klagenfurt Land <204>,6
Bruck-Mürzzuschlag <621>,Sankt Veit an der Glan <205>,5
Bruck-Mürzzuschlag <621>,Spittal an der Drau <206>,7
Bruck-Mürzzuschlag <621>,Villach Land <207>,2
Bruck-Mürzzuschlag <621>,Völkermarkt <208>,-
Bruck-Mürzzuschlag <621>,Wolfsberg <209>,2
Bruck-Mürzzuschlag <621>,Krems an der Donau (Stadt) <301>,8
Bruck-Mürzzuschlag <621>,Sankt Pölten (Stadt) <302>,7
Bruck-Mürzzuschlag <621>,Waidhofen an der Ybbs (Stadt) <303>,-
Bruck-Mürzzuschlag <621>,Wiener Neustadt (Stadt) <304>,19
Bruck-Mürzzuschlag <621>,Amstetten <305>,2
Bruck-Mürzzuschlag <621>,Baden <306>,14
Bruck-Mürzzuschlag <621>,Bruck an der Leitha <307>,1
Bruck-Mürzzuschlag <621>,Gänserndorf <308>,4
Bruck-Mürzzuschlag <621>,Gmünd <309>,2
Bruck-Mürzzuschlag <621>,Hollabrunn <310>,1
Bruck-Mürzzuschlag <621>,Horn <311>,-
Bruck-Mürzzuschlag <621>,Korneuburg <312>,7
Bruck-Mürzzuschlag <621>,Krems Land <313>,2
Bruck-Mürzzuschlag <621>,Lilienfeld <314>,17
Bruck-Mürzzuschlag <621>,Melk <315>,5
Bruck-Mürzzuschlag <621>,Mistelbach <316>,5
Bruck-Mürzzuschlag <621>,Mödling <317>,17
Bruck-Mürzzuschlag <621>,Neunkirchen <318>,33
Bruck-Mürzzuschlag <621>,Sankt Pölten Land <319>,7
Bruck-Mürzzuschlag <621>,Scheibbs <320>,2
Bruck-Mürzzuschlag <621>,Tulln <321>,3
Bruck-Mürzzuschlag <621>,Waidhofen an der Thaya <322>,2
Bruck-Mürzzuschlag <621>,Wiener Neustadt Land <323>,8
Bruck-Mürzzuschlag <621>,Wien Umgebung ^<324>,-
Bruck-Mürzzuschlag <621>,Zwettl <325>,5
Bruck-Mürzzuschlag <621>,Stadt Linz <401>,14
Bruck-Mürzzuschlag <621>,Stadt Steyr <402>,1
Bruck-Mürzzuschlag <621>,Stadt Wels <403>,2
Bruck-Mürzzuschlag <621>,Braunau <404>,6
Bruck-Mürzzuschlag <621>,Eferding <405>,1
Bruck-Mürzzuschlag <621>,Freistadt <406>,-
Bruck-Mürzzuschlag <621>,Gmunden <407>,4
Bruck-Mürzzuschlag <621>,Grieskirchen <408>,2
Bruck-Mürzzuschlag <621>,Kirchdorf <409>,3
Bruck-Mürzzuschlag <621>,Linz Land <410>,6
Bruck-Mürzzuschlag <621>,Perg <411>,1
Bruck-Mürzzuschlag <621>,Ried <412>,3
Bruck-Mürzzuschlag <621>,Rohrbach <413>,-
Bruck-Mürzzuschlag <621>,Schärding <414>,1
Bruck-Mürzzuschlag <621>,Steyr Land <415>,2
Bruck-Mürzzuschlag <621>,Urfahr Umgebung <416>,2
Bruck-Mürzzuschlag <621>,Vöcklabruck <417>,11
Bruck-Mürzzuschlag <621>,Wels Land <418>,2
Bruck-Mürzzuschlag <621>,Salzburg (Stadt) <501>,9
Bruck-Mürzzuschlag <621>,Hallein <502>,2
Bruck-Mürzzuschlag <621>,Salzburg Umgebung <503>,11
Bruck-Mürzzuschlag <621>,St. Johann im Pongau <504>,5
Bruck-Mürzzuschlag <621>,Tamsweg <505>,2
Bruck-Mürzzuschlag <621>,Zell am See <506>,1
Deutschlandsberg <603>,Eisenstadt (Stadt) <101>,-
Deutschlandsberg <603>,Rust (Stadt) <102>,1
Deutschlandsberg <603>,Eisenstadt Umgebung <103>,1
Deutschlandsberg <603>,Güssing <104>,4
Deutschlandsberg <603>,Jennersdorf <105>,6
Deutschlandsberg <603>,Mattersburg <106>,1
Deutschlandsberg <603>,Neusiedl am See <107>,3
Deutschlandsberg <603>,Oberpullendorf <108>,-
Deutschlandsberg <603>,Oberwart <109>,-
Deutschlandsberg <603>,Klagenfurt (Stadt) <201>,12
Deutschlandsberg <603>,Villach (Stadt) <202>,4
Deutschlandsberg <603>,Feldkirchen <210>,-
Deutschlandsberg <603>,Hermagor <203>,-
Deutschlandsberg <603>,Klagenfurt Land <204>,5
Deutschlandsberg <603>,Sankt Veit an der Glan <205>,9
Deutschlandsberg <603>,Spittal an der Drau <206>,4
Deutschlandsberg <603>,Villach Land <207>,5
Deutschlandsberg <603>,Völkermarkt <208>,2
Deutschlandsberg <603>,Wolfsberg <209>,13
Deutschlandsberg <603>,Krems an der Donau (Stadt) <301>,-
Deutschlandsberg <603>,Sankt Pölten (Stadt) <302>,2
Deutschlandsberg <603>,Waidhofen an der Ybbs (Stadt) <303>,-
Deutschlandsberg <603>,Wiener Neustadt (Stadt) <304>,-
Deutschlandsberg <603>,Amstetten <305>,-
Deutschlandsberg <603>,Baden <306>,6
Deutschlandsberg <603>,Bruck an der Leitha <307>,-
Deutschlandsberg <603>,Gänserndorf <308>,-
Deutschlandsberg <603>,Gmünd <309>,-
Deutschlandsberg <603>,Hollabrunn <310>,1
Deutschlandsberg <603>,Horn <311>,-
Deutschlandsberg <603>,Korneuburg <312>,1
Deutschlandsberg <603>,Krems Land <313>,3
Deutschlandsberg <603>,Lilienfeld <314>,1
Deutschlandsberg <603>,Melk <315>,2
Deutschlandsberg <603>,Mistelbach <316>,-
Deutschlandsberg <603>,Mödling <317>,1
Deutschlandsberg <603>,Neunkirchen <318>,3
Deutschlandsberg <603>,Sankt Pölten Land <319>,-
Deutschlandsberg <603>,Scheibbs <320>,1
Deutschlandsberg <603>,Tulln <321>,3
Deutschlandsberg <603>,Waidhofen an der Thaya <322>,2
Deutschlandsberg <603>,Wiener Neustadt Land <323>,1
Deutschlandsberg <603>,Wien Umgebung ^<324>,-
Deutschlandsberg <603>,Zwettl <325>,-
Deutschlandsberg <603>,Stadt Linz <401>,5
Deutschlandsberg <603>,Stadt Steyr <402>,-
Deutschlandsberg <603>,Stadt Wels <403>,1
Deutschlandsberg <603>,Braunau <404>,1
Deutschlandsberg <603>,Eferding <405>,-
Deutschlandsberg <603>,Freistadt <406>,2
Deutschlandsberg <603>,Gmunden <407>,1
Deutschlandsberg <603>,Grieskirchen <408>,-
Deutschlandsberg <603>,Kirchdorf <409>,2
Deutschlandsberg <603>,Linz Land <410>,-
Deutschlandsberg <603>,Perg <411>,1
Deutschlandsberg <603>,Ried <412>,-
Deutschlandsberg <603>,Rohrbach <413>,-
Deutschlandsberg <603>,Schärding <414>,-
Deutschlandsberg <603>,Steyr Land <415>,1
Deutschlandsberg <603>,Urfahr Umgebung <416>,-
Deutschlandsberg <603>,Vöcklabruck <417>,-
Deutschlandsberg <603>,Wels Land <418>,1
Deutschlandsberg <603>,Salzburg (Stadt) <501>,2
Deutschlandsberg <603>,Hallein <502>,-
Deutschlandsberg <603>,Salzburg Umgebung <503>,4
Deutschlandsberg <603>,St. Johann im Pongau <504>,2
Deutschlandsberg <603>,Tamsweg <505>,-
Deutschlandsberg <603>,Zell am See <506>,1
Feldbach ^<604>,Eisenstadt (Stadt) <101>,-
Feldbach ^<604>,Rust (Stadt) <102>,-
Feldbach ^<604>,Eisenstadt Umgebung <103>,-
Feldbach ^<604>,Güssing <104>,-
Feldbach ^<604>,Jennersdorf <105>,-
Feldbach ^<604>,Mattersburg <106>,-
Feldbach ^<604>,Neusiedl am See <107>,-
Feldbach ^<604>,Oberpullendorf <108>,-
Feldbach ^<604>,Oberwart <109>,-
Feldbach ^<604>,Klagenfurt (Stadt) <201>,-
Feldbach ^<604>,Villach (Stadt) <202>,-
Feldbach ^<604>,Feldkirchen <210>,-
Feldbach ^<604>,Hermagor <203>,-
Feldbach ^<604>,Klagenfurt Land <204>,-
Feldbach ^<604>,Sankt Veit an der Glan <205>,-
Feldbach ^<604>,Spittal an der Drau <206>,-
Feldbach ^<604>,Villach Land <207>,-
Feldbach ^<604>,Völkermarkt <208>,-
Feldbach ^<604>,Wolfsberg <209>,-
Feldbach ^<604>,Krems an der Donau (Stadt) <301>,-
Feldbach ^<604>,Sankt Pölten (Stadt) <302>,-
Feldbach ^<604>,Waidhofen an der Ybbs (Stadt) <303>,-
Feldbach ^<604>,Wiener Neustadt (Stadt) <304>,-
Feldbach ^<604>,Amstetten <305>,-
Feldbach ^<604>,Baden <306>,-
Feldbach ^<604>,Bruck an der Leitha <307>,-
Feldbach ^<604>,Gänserndorf <308>,-
Feldbach ^<604>,Gmünd <309>,-
Feldbach ^<604>,Hollabrunn <310>,-
Feldbach ^<604>,Horn <311>,-
Feldbach ^<604>,Korneuburg <312>,-
Feldbach ^<604>,Krems Land <313>,-
Feldbach ^<604>,Lilienfeld <314>,-
Feldbach ^<604>,Melk <315>,-
Feldbach ^<604>,Mistelbach <316>,-
Feldbach ^<604>,Mödling <317>,-
Feldbach ^<604>,Neunkirchen <318>,-
Feldbach ^<604>,Sankt Pölten Land <319>,-
Feldbach ^<604>,Scheibbs <320>,-
Feldbach ^<604>,Tulln <321>,-
Feldbach ^<604>,Waidhofen an der Thaya <322>,-
Feldbach ^<604>,Wiener Neustadt Land <323>,-
Feldbach ^<604>,Wien Umgebung ^<324>,-
Feldbach ^<604>,Zwettl <325>,-
Feldbach ^<604>,Stadt Linz <401>,-
Feldbach ^<604>,Stadt Steyr <402>,-
Feldbach ^<604>,Stadt Wels <403>,-
Feldbach ^<604>,Braunau <404>,-
Feldbach ^<604>,Eferding <405>,-
Feldbach ^<604>,Freistadt <406>,-
Feldbach ^<604>,Gmunden <407>,-
Feldbach ^<604>,Grieskirchen <408>,-
Feldbach ^<604>,Kirchdorf <409>,-
Feldbach ^<604>,Linz Land <410>,-
Feldbach ^<604>,Perg <411>,-
Feldbach ^<604>,Ried <412>,-
Feldbach ^<604>,Rohrbach <413>,-
Feldbach ^<604>,Schärding <414>,-
Feldbach ^<604>,Steyr Land <415>,-
Feldbach ^<604>,Urfahr Umgebung <416>,-
Feldbach ^<604>,Vöcklabruck <417>,-
Feldbach ^<604>,Wels Land <418>,-
Feldbach ^<604>,Salzburg (Stadt) <501>,-
Feldbach ^<604>,Hallein <502>,-
Feldbach ^<604>,Salzburg Umgebung <503>,-
Feldbach ^<604>,St. Johann im Pongau <504>,-
Feldbach ^<604>,Tamsweg <505>,-
Feldbach ^<604>,Zell am See <506>,-
Fürstenfeld ^<605>,Eisenstadt (Stadt) <101>,-
Fürstenfeld ^<605>,Rust (Stadt) <102>,-
Fürstenfeld ^<605>,Eisenstadt Umgebung <103>,-
Fürstenfeld ^<605>,Güssing <104>,-
Fürstenfeld ^<605>,Jennersdorf <105>,-
Fürstenfeld ^<605>,Mattersburg <106>,-
Fürstenfeld ^<605>,Neusiedl am See <107>,-
Fürstenfeld ^<605>,Oberpullendorf <108>,-
Fürstenfeld ^<605>,Oberwart <109>,-
Fürstenfeld ^<605>,Klagenfurt (Stadt) <201>,-
Fürstenfeld ^<605>,Villach (Stadt) <202>,-
Fürstenfeld ^<605>,Feldkirchen <210>,-
Fürstenfeld ^<605>,Hermagor <203>,-
Fürstenfeld ^<605>,Klagenfurt Land <204>,-
Fürstenfeld ^<605>,Sankt Veit an der Glan <205>,-
Fürstenfeld ^<605>,Spittal an der Drau <206>,-
Fürstenfeld ^<605>,Villach Land <207>,-
Fürstenfeld ^<605>,Völkermarkt <208>,-
Fürstenfeld ^<605>,Wolfsberg <209>,-
Fürstenfeld ^<605>,Krems an der Donau (Stadt) <301>,-
Fürstenfeld ^<605>,Sankt Pölten (Stadt) <302>,-
Fürstenfeld ^<605>,Waidhofen an der Ybbs (Stadt) <303>,-
Fürstenfeld ^<605>,Wiener Neustadt (Stadt) <304>,-
Fürstenfeld ^<605>,Amstetten <305>,-
Fürstenfeld ^<605>,Baden <306>,-
Fürstenfeld ^<605>,Bruck an der Leitha <307>,-
Fürstenfeld ^<605>,Gänserndorf <308>,-
Fürstenfeld ^<605>,Gmünd <309>,-
Fürstenfeld ^<605>,Hollabrunn <310>,-
Fürstenfeld ^<605>,Horn <311>,-
Fürstenfeld ^<605>,Korneuburg <312>,-
Fürstenfeld ^<605>,Krems Land <313>,-
Fürstenfeld ^<605>,Lilienfeld <314>,-
Fürstenfeld ^<605>,Melk <315>,-
Fürstenfeld ^<605>,Mistelbach <316>,-
Fürstenfeld ^<605>,Mödling <317>,-
Fürstenfeld ^<605>,Neunkirchen <318>,-
Fürstenfeld ^<605>,Sankt Pölten Land <319>,-
Fürstenfeld ^<605>,Scheibbs <320>,-
Fürstenfeld ^<605>,Tulln <321>,-
Fürstenfeld ^<605>,Waidhofen an der Thaya <322>,-
Fürstenfeld ^<605>,Wiener Neustadt Land <323>,-
Fürstenfeld ^<605>,Wien Umgebung ^<324>,-
Fürstenfeld ^<605>,Zwettl <325>,-
Fürstenfeld ^<605>,Stadt Linz <401>,-
Fürstenfeld ^<605>,Stadt Steyr <402>,-
Fürstenfeld ^<605>,Stadt Wels <403>,-
Fürstenfeld ^<605>,Braunau <404>,-
Fürstenfeld ^<605>,Eferding <405>,-
Fürstenfeld ^<605>,Freistadt <406>,-
Fürstenfeld ^<605>,Gmunden <407>,-
Fürstenfeld ^<605>,Grieskirchen <408>,-
Fürstenfeld ^<605>,Kirchdorf <409>,-
Fürstenfeld ^<605>,Linz Land <410>,-
Fürstenfeld ^<605>,Perg <411>,-
Fürstenfeld ^<605>,Ried <412>,-
Fürstenfeld ^<605>,Rohrbach <413>,-
Fürstenfeld ^<605>,Schärding <414>,-
Fürstenfeld ^<605>,Steyr Land <415>,-
Fürstenfeld ^<605>,Urfahr Umgebung <416>,-
Fürstenfeld ^<605>,Vöcklabruck <417>,-
Fürstenfeld ^<605>,Wels Land <418>,-
Fürstenfeld ^<605>,Salzburg (Stadt) <501>,-
Fürstenfeld ^<605>,Hallein <502>,-
Fürstenfeld ^<605>,Salzburg Umgebung <503>,-
Fürstenfeld ^<605>,St. Johann im Pongau <504>,-
Fürstenfeld ^<605>,Tamsweg <505>,-
Fürstenfeld ^<605>,Zell am See <506>,-
Graz Umgebung <606>,Eisenstadt (Stadt) <101>,-
Graz Umgebung <606>,Rust (Stadt) <102>,-
Graz Umgebung <606>,Eisenstadt Umgebung <103>,5
Graz Umgebung <606>,Güssing <104>,20
Graz Umgebung <606>,Jennersdorf <105>,10
Graz Umgebung <606>,Mattersburg <106>,4
Graz Umgebung <606>,Neusiedl am See <107>,3
Graz Umgebung <606>,Oberpullendorf <108>,2
Graz Umgebung <606>,Oberwart <109>,22
Graz Umgebung <606>,Klagenfurt (Stadt) <201>,22
Graz Umgebung <606>,Villach (Stadt) <202>,10
Graz Umgebung <606>,Feldkirchen <210>,8
Graz Umgebung <606>,Hermagor <203>,4
Graz Umgebung <606>,Klagenfurt Land <204>,13
Graz Umgebung <606>,Sankt Veit an der Glan <205>,12
Graz Umgebung <606>,Spittal an der Drau <206>,5
Graz Umgebung <606>,Villach Land <207>,7
Graz Umgebung <606>,Völkermarkt <208>,3
Graz Umgebung <606>,Wolfsberg <209>,20
Graz Umgebung <606>,Krems an der Donau (Stadt) <301>,1
Graz Umgebung <606>,Sankt Pölten (Stadt) <302>,5
Graz Umgebung <606>,Waidhofen an der Ybbs (Stadt) <303>,-
Graz Umgebung <606>,Wiener Neustadt (Stadt) <304>,6
Graz Umgebung <606>,Amstetten <305>,3
Graz Umgebung <606>,Baden <306>,6
Graz Umgebung <606>,Bruck an der Leitha <307>,4
Graz Umgebung <606>,Gänserndorf <308>,1
Graz Umgebung <606>,Gmünd <309>,1
Graz Umgebung <606>,Hollabrunn <310>,-
Graz Umgebung <606>,Horn <311>,4
Graz Umgebung <606>,Korneuburg <312>,2
Graz Umgebung <606>,Krems Land <313>,1
Graz Umgebung <606>,Lilienfeld <314>,1
Graz Umgebung <606>,Melk <315>,6
Graz Umgebung <606>,Mistelbach <316>,5
Graz Umgebung <606>,Mödling <317>,6
Graz Umgebung <606>,Neunkirchen <318>,-
Graz Umgebung <606>,Sankt Pölten Land <319>,5
Graz Umgebung <606>,Scheibbs <320>,1
Graz Umgebung <606>,Tulln <321>,5
Graz Umgebung <606>,Waidhofen an der Thaya <322>,-
Graz Umgebung <606>,Wiener Neustadt Land <323>,3
Graz Umgebung <606>,Wien Umgebung ^<324>,-
Graz Umgebung <606>,Zwettl <325>,-
Graz Umgebung <606>,Stadt Linz <401>,12
Graz Umgebung <606>,Stadt Steyr <402>,1
Graz Umgebung <606>,Stadt Wels <403>,10
Graz Umgebung <606>,Braunau <404>,1
Graz Umgebung <606>,Eferding <405>,1
Graz Umgebung <606>,Freistadt <406>,1
Graz Umgebung <606>,Gmunden <407>,2
Graz Umgebung <606>,Grieskirchen <408>,3
Graz Umgebung <606>,Kirchdorf <409>,2
Graz Umgebung <606>,Linz Land <410>,14
Graz Umgebung <606>,Perg <411>,-
Graz Umgebung <606>,Ried <412>,1
Graz Umgebung <606>,Rohrbach <413>,2
Graz Umgebung <606>,Schärding <414>,-
Graz Umgebung <606>,Steyr Land <415>,3
Graz Umgebung <606>,Urfahr Umgebung <416>,3
Graz Umgebung <606>,Vöcklabruck <417>,6
Graz Umgebung <606>,Wels Land <418>,-
Graz Umgebung <606>,Salzburg (Stadt) <501>,11
Graz Umgebung <606>,Hallein <502>,5
Graz Umgebung <606>,Salzburg Umgebung <503>,7
Graz Umgebung <606>,St. Johann im Pongau <504>,4
Graz Umgebung <606>,Tamsweg <505>,5
Graz Umgebung <606>,Zell am See <506>,8
Hartberg ^<607>,Eisenstadt (Stadt) <101>,-
Hartberg ^<607>,Rust (Stadt) <102>,-
Hartberg ^<607>,Eisenstadt Umgebung <103>,-
Hartberg ^<607>,Güssing <104>,-
Hartberg ^<607>,Jennersdorf <105>,-
Hartberg ^<607>,Mattersburg <106>,-
Hartberg ^<607>,Neusiedl am See <107>,-
Hartberg ^<607>,Oberpullendorf <108>,-
Hartberg ^<607>,Oberwart <109>,-
Hartberg ^<607>,Klagenfurt (Stadt) <201>,-
Hartberg ^<607>,Villach (Stadt) <202>,-
Hartberg ^<607>,Feldkirchen <210>,-
Hartberg ^<607>,Hermagor <203>,-
Hartberg ^<607>,Klagenfurt Land <204>,-
Hartberg ^<607>,Sankt Veit an der Glan <205>,-
Hartberg ^<607>,Spittal an der Drau <206>,-
Hartberg ^<607>,Villach Land <207>,-
Hartberg ^<607>,Völkermarkt <208>,-
Hartberg ^<607>,Wolfsberg <209>,-
Hartberg ^<607>,Krems an der Donau (Stadt) <301>,-
Hartberg ^<607>,Sankt Pölten (Stadt) <302>,-
Hartberg ^<607>,Waidhofen an der Ybbs (Stadt) <303>,-
Hartberg ^<607>,Wiener Neustadt (Stadt) <304>,-
Hartberg ^<607>,Amstetten <305>,-
Hartberg ^<607>,Baden <306>,-
Hartberg ^<607>,Bruck an der Leitha <307>,-
Hartberg ^<607>,Gänserndorf <308>,-
Hartberg ^<607>,Gmünd <309>,-
Hartberg ^<607>,Hollabrunn <310>,-
Hartberg ^<607>,Horn <311>,-
Hartberg ^<607>,Korneuburg <312>,-
Hartberg ^<607>,Krems Land <313>,-
Hartberg ^<607>,Lilienfeld <314>,-
Hartberg ^<607>,Melk <315>,-
Hartberg ^<607>,Mistelbach <316>,-
Hartberg ^<607>,Mödling <317>,-
Hartberg ^<607>,Neunkirchen <318>,-
Hartberg ^<607>,Sankt Pölten Land <319>,-
Hartberg ^<607>,Scheibbs <320>,-
Hartberg ^<607>,Tulln <321>,-
Hartberg ^<607>,Waidhofen an der Thaya <322>,-
Hartberg ^<607>,Wiener Neustadt Land <323>,-
Hartberg ^<607>,Wien Umgebung ^<324>,-
Hartberg ^<607>,Zwettl <325>,-
Hartberg ^<607>,Stadt Linz <401>,-
Hartberg ^<607>,Stadt Steyr <402>,-
Hartberg ^<607>,Stadt Wels <403>,-
Hartberg ^<607>,Braunau <404>,-
Hartberg ^<607>,Eferding <405>,-
Hartberg ^<607>,Freistadt <406>,-
Hartberg ^<607>,Gmunden <407>,-
Hartberg ^<607>,Grieskirchen <408>,-
Hartberg ^<607>,Kirchdorf <409>,-
Hartberg ^<607>,Linz Land <410>,-
Hartberg ^<607>,Perg <411>,-
Hartberg ^<607>,Ried <412>,-
Hartberg ^<607>,Rohrbach <413>,-
Hartberg ^<607>,Schärding <414>,-
Hartberg ^<607>,Steyr Land <415>,-
Hartberg ^<607>,Urfahr Umgebung <416>,-
Hartberg ^<607>,Vöcklabruck <417>,-
Hartberg ^<607>,Wels Land <418>,-
Hartberg ^<607>,Salzburg (Stadt) <501>,-
Hartberg ^<607>,Hallein <502>,-
Hartberg ^<607>,Salzburg Umgebung <503>,-
Hartberg ^<607>,St. Johann im Pongau <504>,-
Hartberg ^<607>,Tamsweg <505>,-
Hartberg ^<607>,Zell am See <506>,-
Hartberg-Fürstenfeld <622>,Eisenstadt (Stadt) <101>,-
Hartberg-Fürstenfeld <622>,Rust (Stadt) <102>,-
Hartberg-Fürstenfeld <622>,Eisenstadt Umgebung <103>,4
Hartberg-Fürstenfeld <622>,Güssing <104>,72
Hartberg-Fürstenfeld <622>,Jennersdorf <105>,98
Hartberg-Fürstenfeld <622>,Mattersburg <106>,6
Hartberg-Fürstenfeld <622>,Neusiedl am See <107>,1
Hartberg-Fürstenfeld <622>,Oberpullendorf <108>,4
Hartberg-Fürstenfeld <622>,Oberwart <109>,173
Hartberg-Fürstenfeld <622>,Klagenfurt (Stadt) <201>,3
Hartberg-Fürstenfeld <622>,Villach (Stadt) <202>,1
Hartberg-Fürstenfeld <622>,Feldkirchen <210>,6
Hartberg-Fürstenfeld <622>,Hermagor <203>,-
Hartberg-Fürstenfeld <622>,Klagenfurt Land <204>,2
Hartberg-Fürstenfeld <622>,Sankt Veit an der Glan <205>,1
Hartberg-Fürstenfeld <622>,Spittal an der Drau <206>,2
Hartberg-Fürstenfeld <622>,Villach Land <207>,5
Hartberg-Fürstenfeld <622>,Völkermarkt <208>,2
Hartberg-Fürstenfeld <622>,Wolfsberg <209>,3
Hartberg-Fürstenfeld <622>,Krems an der Donau (Stadt) <301>,-
Hartberg-Fürstenfeld <622>,Sankt Pölten (Stadt) <302>,4
Hartberg-Fürstenfeld <622>,Waidhofen an der Ybbs (Stadt) <303>,-
Hartberg-Fürstenfeld <622>,Wiener Neustadt (Stadt) <304>,21
Hartberg-Fürstenfeld <622>,Amstetten <305>,1
Hartberg-Fürstenfeld <622>,Baden <306>,19
Hartberg-Fürstenfeld <622>,Bruck an der Leitha <307>,3
Hartberg-Fürstenfeld <622>,Gänserndorf <308>,-
Hartberg-Fürstenfeld <622>,Gmünd <309>,-
Hartberg-Fürstenfeld <622>,Hollabrunn <310>,-
Hartberg-Fürstenfeld <622>,Horn <311>,-
Hartberg-Fürstenfeld <622>,Korneuburg <312>,2
Hartberg-Fürstenfeld <622>,Krems Land <313>,1
Hartberg-Fürstenfeld <622>,Lilienfeld <314>,-
Hartberg-Fürstenfeld <622>,Melk <315>,1
Hartberg-Fürstenfeld <622>,Mistelbach <316>,-
Hartberg-Fürstenfeld <622>,Mödling <317>,9
Hartberg-Fürstenfeld <622>,Neunkirchen <318>,25
Hartberg-Fürstenfeld <622>,Sankt Pölten Land <319>,8
Hartberg-Fürstenfeld <622>,Scheibbs <320>,-
Hartberg-Fürstenfeld <622>,Tulln <321>,5
Hartberg-Fürstenfeld <622>,Waidhofen an der Thaya <322>,3
Hartberg-Fürstenfeld <622>,Wiener Neustadt Land <323>,16
Hartberg-Fürstenfeld <622>,Wien Umgebung ^<324>,-
Hartberg-Fürstenfeld <622>,Zwettl <325>,-
Hartberg-Fürstenfeld <622>,Stadt Linz <401>,7
Hartberg-Fürstenfeld <622>,Stadt Steyr <402>,3
Hartberg-Fürstenfeld <622>,Stadt Wels <403>,-
Hartberg-Fürstenfeld <622>,Braunau <404>,3
Hartberg-Fürstenfeld <622>,Eferding <405>,-
Hartberg-Fürstenfeld <622>,Freistadt <406>,1
Hartberg-Fürstenfeld <622>,Gmunden <407>,4
Hartberg-Fürstenfeld <622>,Grieskirchen <408>,1
Hartberg-Fürstenfeld <622>,Kirchdorf <409>,7
Hartberg-Fürstenfeld <622>,Linz Land <410>,4
Hartberg-Fürstenfeld <622>,Perg <411>,3
Hartberg-Fürstenfeld <622>,Ried <412>,-
Hartberg-Fürstenfeld <622>,Rohrbach <413>,-
Hartberg-Fürstenfeld <622>,Schärding <414>,-
Hartberg-Fürstenfeld <622>,Steyr Land <415>,2
Hartberg-Fürstenfeld <622>,Urfahr Umgebung <416>,-
Hartberg-Fürstenfeld <622>,Vöcklabruck <417>,6
Hartberg-Fürstenfeld <622>,Wels Land <418>,-
Hartberg-Fürstenfeld <622>,Salzburg (Stadt) <501>,7
Hartberg-Fürstenfeld <622>,Hallein <502>,-
Hartberg-Fürstenfeld <622>,Salzburg Umgebung <503>,4
Hartberg-Fürstenfeld <622>,St. Johann im Pongau <504>,-
Hartberg-Fürstenfeld <622>,Tamsweg <505>,1
Hartberg-Fürstenfeld <622>,Zell am See <506>,4
Judenburg ^<608>,Eisenstadt (Stadt) <101>,-
Judenburg ^<608>,Rust (Stadt) <102>,-
Judenburg ^<608>,Eisenstadt Umgebung <103>,-
Judenburg ^<608>,Güssing <104>,-
Judenburg ^<608>,Jennersdorf <105>,-
Judenburg ^<608>,Mattersburg <106>,-
Judenburg ^<608>,Neusiedl am See <107>,-
Judenburg ^<608>,Oberpullendorf <108>,-
Judenburg ^<608>,Oberwart <109>,-
Judenburg ^<608>,Klagenfurt (Stadt) <201>,-
Judenburg ^<608>,Villach (Stadt) <202>,-
Judenburg ^<608>,Feldkirchen <210>,-
Judenburg ^<608>,Hermagor <203>,-
Judenburg ^<608>,Klagenfurt Land <204>,-
Judenburg ^<608>,Sankt Veit an der Glan <205>,-
Judenburg ^<608>,Spittal an der Drau <206>,-
Judenburg ^<608>,Villach Land <207>,-
Judenburg ^<608>,Völkermarkt <208>,-
Judenburg ^<608>,Wolfsberg <209>,-
Judenburg ^<608>,Krems an der Donau (Stadt) <301>,-
Judenburg ^<608>,Sankt Pölten (Stadt) <302>,-
Judenburg ^<608>,Waidhofen an der Ybbs (Stadt) <303>,-
Judenburg ^<608>,Wiener Neustadt (Stadt) <304>,-
Judenburg ^<608>,Amstetten <305>,-
Judenburg ^<608>,Baden <306>,-
Judenburg ^<608>,Bruck an der Leitha <307>,-
Judenburg ^<608>,Gänserndorf <308>,-
Judenburg ^<608>,Gmünd <309>,-
Judenburg ^<608>,Hollabrunn <310>,-
Judenburg ^<608>,Horn <311>,-
Judenburg ^<608>,Korneuburg <312>,-
Judenburg ^<608>,Krems Land <313>,-
Judenburg ^<608>,Lilienfeld <314>,-
Judenburg ^<608>,Melk <315>,-
Judenburg ^<608>,Mistelbach <316>,-
Judenburg ^<608>,Mödling <317>,-
Judenburg ^<608>,Neunkirchen <318>,-
Judenburg ^<608>,Sankt Pölten Land <319>,-
Judenburg ^<608>,Scheibbs <320>,-
Judenburg ^<608>,Tulln <321>,-
Judenburg ^<608>,Waidhofen an der Thaya <322>,-
Judenburg ^<608>,Wiener Neustadt Land <323>,-
Judenburg ^<608>,Wien Umgebung ^<324>,-
Judenburg ^<608>,Zwettl <325>,-
Judenburg ^<608>,Stadt Linz <401>,-
Judenburg ^<608>,Stadt Steyr <402>,-
Judenburg ^<608>,Stadt Wels <403>,-
Judenburg ^<608>,Braunau <404>,-
Judenburg ^<608>,Eferding <405>,-
Judenburg ^<608>,Freistadt <406>,-
Judenburg ^<608>,Gmunden <407>,-
Judenburg ^<608>,Grieskirchen <408>,-
Judenburg ^<608>,Kirchdorf <409>,-
Judenburg ^<608>,Linz Land <410>,-
Judenburg ^<608>,Perg <411>,-
Judenburg ^<608>,Ried <412>,-
Judenburg ^<608>,Rohrbach <413>,-
Judenburg ^<608>,Schärding <414>,-
Judenburg ^<608>,Steyr Land <415>,-
Judenburg ^<608>,Urfahr Umgebung <416>,-
Judenburg ^<608>,Vöcklabruck <417>,-
Judenburg ^<608>,Wels Land <418>,-
Judenburg ^<608>,Salzburg (Stadt) <501>,-
Judenburg ^<608>,Hallein <502>,-
Judenburg ^<608>,Salzburg Umgebung <503>,-
Judenburg ^<608>,St. Johann im Pongau <504>,-
Judenburg ^<608>,Tamsweg <505>,-
Judenburg ^<608>,Zell am See <506>,-
Knittelfeld ^<609>,Eisenstadt (Stadt) <101>,-
Knittelfeld ^<609>,Rust (Stadt) <102>,-
Knittelfeld ^<609>,Eisenstadt Umgebung <103>,-
Knittelfeld ^<609>,Güssing <104>,-
Knittelfeld ^<609>,Jennersdorf <105>,-
Knittelfeld ^<609>,Mattersburg <106>,-
Knittelfeld ^<609>,Neusiedl am See <107>,-
Knittelfeld ^<609>,Oberpullendorf <108>,-
Knittelfeld ^<609>,Oberwart <109>,-
Knittelfeld ^<609>,Klagenfurt (Stadt) <201>,-
Knittelfeld ^<609>,Villach (Stadt) <202>,-
Knittelfeld ^<609>,Feldkirchen <210>,-
Knittelfeld ^<609>,Hermagor <203>,-
Knittelfeld ^<609>,Klagenfurt Land <204>,-
Knittelfeld ^<609>,Sankt Veit an der Glan <205>,-
Knittelfeld ^<609>,Spittal an der Drau <206>,-
Knittelfeld ^<609>,Villach Land <207>,-
Knittelfeld ^<609>,Völkermarkt <208>,-
Knittelfeld ^<609>,Wolfsberg <209>,-
Knittelfeld ^<609>,Krems an der Donau (Stadt) <301>,-
Knittelfeld ^<609>,Sankt Pölten (Stadt) <302>,-
Knittelfeld ^<609>,Waidhofen an der Ybbs (Stadt) <303>,-
Knittelfeld ^<609>,Wiener Neustadt (Stadt) <304>,-
Knittelfeld ^<609>,Amstetten <305>,-
Knittelfeld ^<609>,Baden <306>,-
Knittelfeld ^<609>,Bruck an der Leitha <307>,-
Knittelfeld ^<609>,Gänserndorf <308>,-
Knittelfeld ^<609>,Gmünd <309>,-
Knittelfeld ^<609>,Hollabrunn <310>,-
Knittelfeld ^<609>,Horn <311>,-
Knittelfeld ^<609>,Korneuburg <312>,-
Knittelfeld ^<609>,Krems Land <313>,-
Knittelfeld ^<609>,Lilienfeld <314>,-
Knittelfeld ^<609>,Melk <315>,-
Knittelfeld ^<609>,Mistelbach <316>,-
Knittelfeld ^<609>,Mödling <317>,-
Knittelfeld ^<609>,Neunkirchen <318>,-
Knittelfeld ^<609>,Sankt Pölten Land <319>,-
Knittelfeld ^<609>,Scheibbs <320>,-
Knittelfeld ^<609>,Tulln <321>,-
Knittelfeld ^<609>,Waidhofen an der Thaya <322>,-
Knittelfeld ^<609>,Wiener Neustadt Land <323>,-
Knittelfeld ^<609>,Wien Umgebung ^<324>,-
Knittelfeld ^<609>,Zwettl <325>,-
Knittelfeld ^<609>,Stadt Linz <401>,-
Knittelfeld ^<609>,Stadt Steyr <402>,-
Knittelfeld ^<609>,Stadt Wels <403>,-
Knittelfeld ^<609>,Braunau <404>,-
Knittelfeld ^<609>,Eferding <405>,-
Knittelfeld ^<609>,Freistadt <406>,-
Knittelfeld ^<609>,Gmunden <407>,-
Knittelfeld ^<609>,Grieskirchen <408>,-
Knittelfeld ^<609>,Kirchdorf <409>,-
Knittelfeld ^<609>,Linz Land <410>,-
Knittelfeld ^<609>,Perg <411>,-
Knittelfeld ^<609>,Ried <412>,-
Knittelfeld ^<609>,Rohrbach <413>,-
Knittelfeld ^<609>,Schärding <414>,-
Knittelfeld ^<609>,Steyr Land <415>,-
Knittelfeld ^<609>,Urfahr Umgebung <416>,-
Knittelfeld ^<609>,Vöcklabruck <417>,-
Knittelfeld ^<609>,Wels Land <418>,-
Knittelfeld ^<609>,Salzburg (Stadt) <501>,-
Knittelfeld ^<609>,Hallein <502>,-
Knittelfeld ^<609>,Salzburg Umgebung <503>,-
Knittelfeld ^<609>,St. Johann im Pongau <504>,-
Knittelfeld ^<609>,Tamsweg <505>,-
Knittelfeld ^<609>,Zell am See <506>,-
Leibnitz <610>,Eisenstadt (Stadt) <101>,1
Leibnitz <610>,Rust (Stadt) <102>,-
Leibnitz <610>,Eisenstadt Umgebung <103>,3
Leibnitz <610>,Güssing <104>,4
Leibnitz <610>,Jennersdorf <105>,9
Leibnitz <610>,Mattersburg <106>,3
Leibnitz <610>,Neusiedl am See <107>,3
Leibnitz <610>,Oberpullendorf <108>,-
Leibnitz <610>,Oberwart <109>,8
Leibnitz <610>,Klagenfurt (Stadt) <201>,15
Leibnitz <610>,Villach (Stadt) <202>,8
Leibnitz <610>,Feldkirchen <210>,6
Leibnitz <610>,Hermagor <203>,1
Leibnitz <610>,Klagenfurt Land <204>,4
Leibnitz <610>,Sankt Veit an der Glan <205>,6
Leibnitz <610>,Spittal an der Drau <206>,1
Leibnitz <610>,Villach Land <207>,3
Leibnitz <610>,Völkermarkt <208>,2
Leibnitz <610>,Wolfsberg <209>,13
Leibnitz <610>,Krems an der Donau (Stadt) <301>,2
Leibnitz <610>,Sankt Pölten (Stadt) <302>,1
Leibnitz <610>,Waidhofen an der Ybbs (Stadt) <303>,-
Leibnitz <610>,Wiener Neustadt (Stadt) <304>,2
Leibnitz <610>,Amstetten <305>,1
Leibnitz <610>,Baden <306>,-
Leibnitz <610>,Bruck an der Leitha <307>,1
Leibnitz <610>,Gänserndorf <308>,3
Leibnitz <610>,Gmünd <309>,1
Leibnitz <610>,Hollabrunn <310>,4
Leibnitz <610>,Horn <311>,-
Leibnitz <610>,Korneuburg <312>,-
Leibnitz <610>,Krems Land <313>,-
Leibnitz <610>,Lilienfeld <314>,-
Leibnitz <610>,Melk <315>,-
Leibnitz <610>,Mistelbach <316>,1
Leibnitz <610>,Mödling <317>,3
Leibnitz <610>,Neunkirchen <318>,5
Leibnitz <610>,Sankt Pölten Land <319>,3
Leibnitz <610>,Scheibbs <320>,-
Leibnitz <610>,Tulln <321>,4
Leibnitz <610>,Waidhofen an der Thaya <322>,-
Leibnitz <610>,Wiener Neustadt Land <323>,4
Leibnitz <610>,Wien Umgebung ^<324>,-
Leibnitz <610>,Zwettl <325>,-
Leibnitz <610>,Stadt Linz <401>,4
Leibnitz <610>,Stadt Steyr <402>,-
Leibnitz <610>,Stadt Wels <403>,3
Leibnitz <610>,Braunau <404>,1
Leibnitz <610>,Eferding <405>,2
Leibnitz <610>,Freistadt <406>,1
Leibnitz <610>,Gmunden <407>,4
Leibnitz <610>,Grieskirchen <408>,-
Leibnitz <610>,Kirchdorf <409>,-
Leibnitz <610>,Linz Land <410>,9
Leibnitz <610>,Perg <411>,1
Leibnitz <610>,Ried <412>,2
Leibnitz <610>,Rohrbach <413>,-
Leibnitz <610>,Schärding <414>,2
Leibnitz <610>,Steyr Land <415>,1
Leibnitz <610>,Urfahr Umgebung <416>,-
Leibnitz <610>,Vöcklabruck <417>,1
Leibnitz <610>,Wels Land <418>,4
Leibnitz <610>,Salzburg (Stadt) <501>,1
Leibnitz <610>,Hallein <502>,1
Leibnitz <610>,Salzburg Umgebung <503>,2
Leibnitz <610>,St. Johann im Pongau <504>,3
Leibnitz <610>,Tamsweg <505>,2
Leibnitz <610>,Zell am See <506>,3
Leoben <611>,Eisenstadt (Stadt) <101>,-
Leoben <611>,Rust (Stadt) <102>,2
Leoben <611>,Eisenstadt Umgebung <103>,1
Leoben <611>,Güssing <104>,1
Leoben <611>,Jennersdorf <105>,1
Leoben <611>,Mattersburg <106>,2
Leoben <611>,Neusiedl am See <107>,1
Leoben <611>,Oberpullendorf <108>,2
Leoben <611>,Oberwart <109>,6
Leoben <611>,Klagenfurt (Stadt) <201>,15
Leoben <611>,Villach (Stadt) <202>,7
Leoben <611>,Feldkirchen <210>,3
Leoben <611>,Hermagor <203>,-
Leoben <611>,Klagenfurt Land <204>,8
Leoben <611>,Sankt Veit an der Glan <205>,7
Leoben <611>,Spittal an der Drau <206>,3
Leoben <611>,Villach Land <207>,3
Leoben <611>,Völkermarkt <208>,5
Leoben <611>,Wolfsberg <209>,17
Leoben <611>,Krems an der Donau (Stadt) <301>,5
Leoben <611>,Sankt Pölten (Stadt) <302>,9
Leoben <611>,Waidhofen an der Ybbs (Stadt) <303>,1
Leoben <611>,Wiener Neustadt (Stadt) <304>,8
Leoben <611>,Amstetten <305>,7
Leoben <611>,Baden <306>,16
Leoben <611>,Bruck an der Leitha <307>,16
Leoben <611>,Gänserndorf <308>,3
Leoben <611>,Gmünd <309>,-
Leoben <611>,Hollabrunn <310>,1
Leoben <611>,Horn <311>,-
Leoben <611>,Korneuburg <312>,5
Leoben <611>,Krems Land <313>,1
Leoben <611>,Lilienfeld <314>,-
Leoben <611>,Melk <315>,3
Leoben <611>,Mistelbach <316>,-
Leoben <611>,Mödling <317>,7
Leoben <611>,Neunkirchen <318>,15
Leoben <611>,Sankt Pölten Land <319>,1
Leoben <611>,Scheibbs <320>,3
Leoben <611>,Tulln <321>,9
Leoben <611>,Waidhofen an der Thaya <322>,-
Leoben <611>,Wiener Neustadt Land <323>,5
Leoben <611>,Wien Umgebung ^<324>,-
Leoben <611>,Zwettl <325>,1
Leoben <611>,Stadt Linz <401>,37
Leoben <611>,Stadt Steyr <402>,5
Leoben <611>,Stadt Wels <403>,14
Leoben <611>,Braunau <404>,4
Leoben <611>,Eferding <405>,-
Leoben <611>,Freistadt <406>,-
Leoben <611>,Gmunden <407>,6
Leoben <611>,Grieskirchen <408>,-
Leoben <611>,Kirchdorf <409>,5
Leoben <611>,Linz Land <410>,7
Leoben <611>,Perg <411>,3
Leoben <611>,Ried <412>,3
Leoben <611>,Rohrbach <413>,3
Leoben <611>,Schärding <414>,5
Leoben <611>,Steyr Land <415>,9
Leoben <611>,Urfahr Umgebung <416>,5
Leoben <611>,Vöcklabruck <417>,12
Leoben <611>,Wels Land <418>,4
Leoben <611>,Salzburg (Stadt) <501>,18
Leoben <611>,Hallein <502>,3
Leoben <611>,Salzburg Umgebung <503>,10
Leoben <611>,St. Johann im Pongau <504>,7
Leoben <611>,Tamsweg <505>,-
Leoben <611>,Zell am See <506>,5
Liezen <612>,Eisenstadt (Stadt) <101>,1
Liezen <612>,Rust (Stadt) <102>,1
Liezen <612>,Eisenstadt Umgebung <103>,5
Liezen <612>,Güssing <104>,9
Liezen <612>,Jennersdorf <105>,2
Liezen <612>,Mattersburg <106>,3
Liezen <612>,Neusiedl am See <107>,2
Liezen <612>,Oberpullendorf <108>,6
Liezen <612>,Oberwart <109>,4
Liezen <612>,Klagenfurt (Stadt) <201>,13
Liezen <612>,Villach (Stadt) <202>,7
Liezen <612>,Feldkirchen <210>,3
Liezen <612>,Hermagor <203>,1
Liezen <612>,Klagenfurt Land <204>,4
Liezen <612>,Sankt Veit an der Glan <205>,6
Liezen <612>,Spittal an der Drau <206>,9
Liezen <612>,Villach Land <207>,9
Liezen <612>,Völkermarkt <208>,7
Liezen <612>,Wolfsberg <209>,7
Liezen <612>,Krems an der Donau (Stadt) <301>,4
Liezen <612>,Sankt Pölten (Stadt) <302>,1
Liezen <612>,Waidhofen an der Ybbs (Stadt) <303>,2
Liezen <612>,Wiener Neustadt (Stadt) <304>,9
Liezen <612>,Amstetten <305>,11
Liezen <612>,Baden <306>,4
Liezen <612>,Bruck an der Leitha <307>,2
Liezen <612>,Gänserndorf <308>,4
Liezen <612>,Gmünd <309>,2
Liezen <612>,Hollabrunn <310>,-
Liezen <612>,Horn <311>,-
Liezen <612>,Korneuburg <312>,2
Liezen <612>,Krems Land <313>,3
Liezen <612>,Lilienfeld <314>,2
Liezen <612>,Melk <315>,2
Liezen <612>,Mistelbach <316>,4
Liezen <612>,Mödling <317>,5
Liezen <612>,Neunkirchen <318>,20
Liezen <612>,Sankt Pölten Land <319>,3
Liezen <612>,Scheibbs <320>,6
Liezen <612>,Tulln <321>,11
Liezen <612>,Waidhofen an der Thaya <322>,1
Liezen <612>,Wiener Neustadt Land <323>,3
Liezen <612>,Wien Umgebung ^<324>,-
Liezen <612>,Zwettl <325>,1
Liezen <612>,Stadt Linz <401>,39
Liezen <612>,Stadt Steyr <402>,8
Liezen <612>,Stadt Wels <403>,12
Liezen <612>,Braunau <404>,6
Liezen <612>,Eferding <405>,2
Liezen <612>,Freistadt <406>,1
Liezen <612>,Gmunden <407>,56
Liezen <612>,Grieskirchen <408>,6
Liezen <612>,Kirchdorf <409>,36
Liezen <612>,Linz Land <410>,9
Liezen <612>,Perg <411>,5
Liezen <612>,Ried <412>,1
Liezen <612>,Rohrbach <413>,1
Liezen <612>,Schärding <414>,2
Liezen <612>,Steyr Land <415>,12
Liezen <612>,Urfahr Umgebung <416>,9
Liezen <612>,Vöcklabruck <417>,22
Liezen <612>,Wels Land <418>,6
Liezen <612>,Salzburg (Stadt) <501>,43
Liezen <612>,Hallein <502>,14
Liezen <612>,Salzburg Umgebung <503>,21
Liezen <612>,St. Johann im Pongau <504>,61
Liezen <612>,Tamsweg <505>,2
Liezen <612>,Zell am See <506>,7
Murtal <620>,Eisenstadt (Stadt) <101>,2
Murtal <620>,Rust (Stadt) <102>,-
Murtal <620>,Eisenstadt Umgebung <103>,-
Murtal <620>,Güssing <104>,6
Murtal <620>,Jennersdorf <105>,-
Murtal <620>,Mattersburg <106>,-
Murtal <620>,Neusiedl am See <107>,1
Murtal <620>,Oberpullendorf <108>,6
Murtal <620>,Oberwart <109>,5
Murtal <620>,Klagenfurt (Stadt) <201>,26
Murtal <620>,Villach (Stadt) <202>,12
Murtal <620>,Feldkirchen <210>,3
Murtal <620>,Hermagor <203>,1
Murtal <620>,Klagenfurt Land <204>,9
Murtal <620>,Sankt Veit an der Glan <205>,15
Murtal <620>,Spittal an der Drau <206>,1
Murtal <620>,Villach Land <207>,4
Murtal <620>,Völkermarkt <208>,9
Murtal <620>,Wolfsberg <209>,31
Murtal <620>,Krems an der Donau (Stadt) <301>,5
Murtal <620>,Sankt Pölten (Stadt) <302>,1
Murtal <620>,Waidhofen an der Ybbs (Stadt) <303>,-
Murtal <620>,Wiener Neustadt (Stadt) <304>,1
Murtal <620>,Amstetten <305>,1
Murtal <620>,Baden <306>,6
Murtal <620>,Bruck an der Leitha <307>,3
Murtal <620>,Gänserndorf <308>,3
Murtal <620>,Gmünd <309>,-
Murtal <620>,Hollabrunn <310>,2
Murtal <620>,Horn <311>,1
Murtal <620>,Korneuburg <312>,-
Murtal <620>,Krems Land <313>,3
Murtal <620>,Lilienfeld <314>,1
Murtal <620>,Melk <315>,2
Murtal <620>,Mistelbach <316>,2
Murtal <620>,Mödling <317>,7
Murtal <620>,Neunkirchen <318>,2
Murtal <620>,Sankt Pölten Land <319>,3
Murtal <620>,Scheibbs <320>,-
Murtal <620>,Tulln <321>,3
Murtal <620>,Waidhofen an der Thaya <322>,-
Murtal <620>,Wiener Neustadt Land <323>,2
Murtal <620>,Wien Umgebung ^<324>,-
Murtal <620>,Zwettl <325>,-
Murtal <620>,Stadt Linz <401>,12
Murtal <620>,Stadt Steyr <402>,1
Murtal <620>,Stadt Wels <403>,-
Murtal <620>,Braunau <404>,1
Murtal <620>,Eferding <405>,-
Murtal <620>,Freistadt <406>,2
Murtal <620>,Gmunden <407>,6
Murtal <620>,Grieskirchen <408>,-
Murtal <620>,Kirchdorf <409>,2
Murtal <620>,Linz Land <410>,9
Murtal <620>,Perg <411>,1
Murtal <620>,Ried <412>,2
Murtal <620>,Rohrbach <413>,-
Murtal <620>,Schärding <414>,3
Murtal <620>,Steyr Land <415>,2
Murtal <620>,Urfahr Umgebung <416>,1
Murtal <620>,Vöcklabruck <417>,10
Murtal <620>,Wels Land <418>,2
Murtal <620>,Salzburg (Stadt) <501>,5
Murtal <620>,Hallein <502>,3
Murtal <620>,Salzburg Umgebung <503>,6
Murtal <620>,St. Johann im Pongau <504>,1
Murtal <620>,Tamsweg <505>,1
Murtal <620>,Zell am See <506>,2
Mürzzuschlag ^<613>,Eisenstadt (Stadt) <101>,-
Mürzzuschlag ^<613>,Rust (Stadt) <102>,-
Mürzzuschlag ^<613>,Eisenstadt Umgebung <103>,-
Mürzzuschlag ^<613>,Güssing <104>,-
Mürzzuschlag ^<613>,Jennersdorf <105>,-
Mürzzuschlag ^<613>,Mattersburg <106>,-
Mürzzuschlag ^<613>,Neusiedl am See <107>,-
Mürzzuschlag ^<613>,Oberpullendorf <108>,-
Mürzzuschlag ^<613>,Oberwart <109>,-
Mürzzuschlag ^<613>,Klagenfurt (Stadt) <201>,-
Mürzzuschlag ^<613>,Villach (Stadt) <202>,-
Mürzzuschlag ^<613>,Feldkirchen <210>,-
Mürzzuschlag ^<613>,Hermagor <203>,-
Mürzzuschlag ^<613>,Klagenfurt Land <204>,-
Mürzzuschlag ^<613>,Sankt Veit an der Glan <205>,-
Mürzzuschlag ^<613>,Spittal an der Drau <206>,-
Mürzzuschlag ^<613>,Villach Land <207>,-
Mürzzuschlag ^<613>,Völkermarkt <208>,-
Mürzzuschlag ^<613>,Wolfsberg <209>,-
Mürzzuschlag ^<613>,Krems an der Donau (Stadt) <301>,-
Mürzzuschlag ^<613>,Sankt Pölten (Stadt) <302>,-
Mürzzuschlag ^<613>,Waidhofen an der Ybbs (Stadt) <303>,-
Mürzzuschlag ^<613>,Wiener Neustadt (Stadt) <304>,-
Mürzzuschlag ^<613>,Amstetten <305>,-
Mürzzuschlag ^<613>,Baden <306>,-
Mürzzuschlag ^<613>,Bruck an der Leitha <307>,-
Mürzzuschlag ^<613>,Gänserndorf <308>,-
Mürzzuschlag ^<613>,Gmünd <309>,-
Mürzzuschlag ^<613>,Hollabrunn <310>,-
Mürzzuschlag ^<613>,Horn <311>,-
Mürzzuschlag ^<613>,Korneuburg <312>,-
Mürzzuschlag ^<613>,Krems Land <313>,-
Mürzzuschlag ^<613>,Lilienfeld <314>,-
Mürzzuschlag ^<613>,Melk <315>,-
Mürzzuschlag ^<613>,Mistelbach <316>,-
Mürzzuschlag ^<613>,Mödling <317>,-
Mürzzuschlag ^<613>,Neunkirchen <318>,-
Mürzzuschlag ^<613>,Sankt Pölten Land <319>,-
Mürzzuschlag ^<613>,Scheibbs <320>,-
Mürzzuschlag ^<613>,Tulln <321>,-
Mürzzuschlag ^<613>,Waidhofen an der Thaya <322>,-
Mürzzuschlag ^<613>,Wiener Neustadt Land <323>,-
Mürzzuschlag ^<613>,Wien Umgebung ^<324>,-
Mürzzuschlag ^<613>,Zwettl <325>,-
Mürzzuschlag ^<613>,Stadt Linz <401>,-
Mürzzuschlag ^<613>,Stadt Steyr <402>,-
Mürzzuschlag ^<613>,Stadt Wels <403>,-
Mürzzuschlag ^<613>,Braunau <404>,-
Mürzzuschlag ^<613>,Eferding <405>,-
Mürzzuschlag ^<613>,Freistadt <406>,-
Mürzzuschlag ^<613>,Gmunden <407>,-
Mürzzuschlag ^<613>,Grieskirchen <408>,-
Mürzzuschlag ^<613>,Kirchdorf <409>,-
Mürzzuschlag ^<613>,Linz Land <410>,-
Mürzzuschlag ^<613>,Perg <411>,-
Mürzzuschlag ^<613>,Ried <412>,-
Mürzzuschlag ^<613>,Rohrbach <413>,-
Mürzzuschlag ^<613>,Schärding <414>,-
Mürzzuschlag ^<613>,Steyr Land <415>,-
Mürzzuschlag ^<613>,Urfahr Umgebung <416>,-
Mürzzuschlag ^<613>,Vöcklabruck <417>,-
Mürzzuschlag ^<613>,Wels Land <418>,-
Mürzzuschlag ^<613>,Salzburg (Stadt) <501>,-
Mürzzuschlag ^<613>,Hallein <502>,-
Mürzzuschlag ^<613>,Salzburg Umgebung <503>,-
Mürzzuschlag ^<613>,St. Johann im Pongau <504>,-
Mürzzuschlag ^<613>,Tamsweg <505>,-
Mürzzuschlag ^<613>,Zell am See <506>,-
Murau <614>,Eisenstadt (Stadt) <101>,-
Murau <614>,Rust (Stadt) <102>,-
Murau <614>,Eisenstadt Umgebung <103>,-
Murau <614>,Güssing <104>,-
Murau <614>,Jennersdorf <105>,-
Murau <614>,Mattersburg <106>,-
Murau <614>,Neusiedl am See <107>,2
Murau <614>,Oberpullendorf <108>,-
Murau <614>,Oberwart <109>,-
Murau <614>,Klagenfurt (Stadt) <201>,20
Murau <614>,Villach (Stadt) <202>,7
Murau <614>,Feldkirchen <210>,2
Murau <614>,Hermagor <203>,-
Murau <614>,Klagenfurt Land <204>,8
Murau <614>,Sankt Veit an der Glan <205>,53
Murau <614>,Spittal an der Drau <206>,6
Murau <614>,Villach Land <207>,2
Murau <614>,Völkermarkt <208>,2
Murau <614>,Wolfsberg <209>,-
Murau <614>,Krems an der Donau (Stadt) <301>,-
Murau <614>,Sankt Pölten (Stadt) <302>,-
Murau <614>,Waidhofen an der Ybbs (Stadt) <303>,-
Murau <614>,Wiener Neustadt (Stadt) <304>,3
Murau <614>,Amstetten <305>,3
Murau <614>,Baden <306>,3
Murau <614>,Bruck an der Leitha <307>,1
Murau <614>,Gänserndorf <308>,-
Murau <614>,Gmünd <309>,1
Murau <614>,Hollabrunn <310>,-
Murau <614>,Horn <311>,-
Murau <614>,Korneuburg <312>,1
Murau <614>,Krems Land <313>,-
Murau <614>,Lilienfeld <314>,-
Murau <614>,Melk <315>,-
Murau <614>,Mistelbach <316>,1
Murau <614>,Mödling <317>,1
Murau <614>,Neunkirchen <318>,3
Murau <614>,Sankt Pölten Land <319>,1
Murau <614>,Scheibbs <320>,-
Murau <614>,Tulln <321>,-
Murau <614>,Waidhofen an der Thaya <322>,-
Murau <614>,Wiener Neustadt Land <323>,1
Murau <614>,Wien Umgebung ^<324>,-
Murau <614>,Zwettl <325>,-
Murau <614>,Stadt Linz <401>,3
Murau <614>,Stadt Steyr <402>,-
Murau <614>,Stadt Wels <403>,-
Murau <614>,Braunau <404>,-
Murau <614>,Eferding <405>,-
Murau <614>,Freistadt <406>,-
Murau <614>,Gmunden <407>,3
Murau <614>,Grieskirchen <408>,-
Murau <614>,Kirchdorf <409>,1
Murau <614>,Linz Land <410>,3
Murau <614>,Perg <411>,1
Murau <614>,Ried <412>,-
Murau <614>,Rohrbach <413>,-
Murau <614>,Schärding <414>,1
Murau <614>,Steyr Land <415>,1
Murau <614>,Urfahr Umgebung <416>,-
Murau <614>,Vöcklabruck <417>,3
Murau <614>,Wels Land <418>,-
Murau <614>,Salzburg (Stadt) <501>,5
Murau <614>,Hallein <502>,1
Murau <614>,Salzburg Umgebung <503>,2
Murau <614>,St. Johann im Pongau <504>,5
Murau <614>,Tamsweg <505>,22
Murau <614>,Zell am See <506>,2
Radkersburg ^<615>,Eisenstadt (Stadt) <101>,-
Radkersburg ^<615>,Rust (Stadt) <102>,-
Radkersburg ^<615>,Eisenstadt Umgebung <103>,-
Radkersburg ^<615>,Güssing <104>,-
Radkersburg ^<615>,Jennersdorf <105>,-
Radkersburg ^<615>,Mattersburg <106>,-
Radkersburg ^<615>,Neusiedl am See <107>,-
Radkersburg ^<615>,Oberpullendorf <108>,-
Radkersburg ^<615>,Oberwart <109>,-
Radkersburg ^<615>,Klagenfurt (Stadt) <201>,-
Radkersburg ^<615>,Villach (Stadt) <202>,-
Radkersburg ^<615>,Feldkirchen <210>,-
Radkersburg ^<615>,Hermagor <203>,-
Radkersburg ^<615>,Klagenfurt Land <204>,-
Radkersburg ^<615>,Sankt Veit an der Glan <205>,-
Radkersburg ^<615>,Spittal an der Drau <206>,-
Radkersburg ^<615>,Villach Land <207>,-
Radkersburg ^<615>,Völkermarkt <208>,-
Radkersburg ^<615>,Wolfsberg <209>,-
Radkersburg ^<615>,Krems an der Donau (Stadt) <301>,-
Radkersburg ^<615>,Sankt Pölten (Stadt) <302>,-
Radkersburg ^<615>,Waidhofen an der Ybbs (Stadt) <303>,-
Radkersburg ^<615>,Wiener Neustadt (Stadt) <304>,-
Radkersburg ^<615>,Amstetten <305>,-
Radkersburg ^<615>,Baden <306>,-
Radkersburg ^<615>,Bruck an der Leitha <307>,-
Radkersburg ^<615>,Gänserndorf <308>,-
Radkersburg ^<615>,Gmünd <309>,-
Radkersburg ^<615>,Hollabrunn <310>,-
Radkersburg ^<615>,Horn <311>,-
Radkersburg ^<615>,Korneuburg <312>,-
Radkersburg ^<615>,Krems Land <313>,-
Radkersburg ^<615>,Lilienfeld <314>,-
Radkersburg ^<615>,Melk <315>,-
Radkersburg ^<615>,Mistelbach <316>,-
Radkersburg ^<615>,Mödling <317>,-
Radkersburg ^<615>,Neunkirchen <318>,-
Radkersburg ^<615>,Sankt Pölten Land <319>,-
Radkersburg ^<615>,Scheibbs <320>,-
Radkersburg ^<615>,Tulln <321>,-
Radkersburg ^<615>,Waidhofen an der Thaya <322>,-
Radkersburg ^<615>,Wiener Neustadt Land <323>,-
Radkersburg ^<615>,Wien Umgebung ^<324>,-
Radkersburg ^<615>,Zwettl <325>,-
Radkersburg ^<615>,Stadt Linz <401>,-
Radkersburg ^<615>,Stadt Steyr <402>,-
Radkersburg ^<615>,Stadt Wels <403>,-
Radkersburg ^<615>,Braunau <404>,-
Radkersburg ^<615>,Eferding <405>,-
Radkersburg ^<615>,Freistadt <406>,-
Radkersburg ^<615>,Gmunden <407>,-
Radkersburg ^<615>,Grieskirchen <408>,-
Radkersburg ^<615>,Kirchdorf <409>,-
Radkersburg ^<615>,Linz Land <410>,-
Radkersburg ^<615>,Perg <411>,-
Radkersburg ^<615>,Ried <412>,-
Radkersburg ^<615>,Rohrbach <413>,-
Radkersburg ^<615>,Schärding <414>,-
Radkersburg ^<615>,Steyr Land <415>,-
Radkersburg ^<615>,Urfahr Umgebung <416>,-
Radkersburg ^<615>,Vöcklabruck <417>,-
Radkersburg ^<615>,Wels Land <418>,-
Radkersburg ^<615>,Salzburg (Stadt) <501>,-
Radkersburg ^<615>,Hallein <502>,-
Radkersburg ^<615>,Salzburg Umgebung <503>,-
Radkersburg ^<615>,St. Johann im Pongau <504>,-
Radkersburg ^<615>,Tamsweg <505>,-
Radkersburg ^<615>,Zell am See <506>,-
Südoststeiermark <623>,Eisenstadt (Stadt) <101>,-
Südoststeiermark <623>,Rust (Stadt) <102>,-
Südoststeiermark <623>,Eisenstadt Umgebung <103>,1
Südoststeiermark <623>,Güssing <104>,16
Südoststeiermark <623>,Jennersdorf <105>,62
Südoststeiermark <623>,Mattersburg <106>,2
Südoststeiermark <623>,Neusiedl am See <107>,-
Südoststeiermark <623>,Oberpullendorf <108>,3
Südoststeiermark <623>,Oberwart <109>,14
Südoststeiermark <623>,Klagenfurt (Stadt) <201>,11
Südoststeiermark <623>,Villach (Stadt) <202>,1
Südoststeiermark <623>,Feldkirchen <210>,3
Südoststeiermark <623>,Hermagor <203>,-
Südoststeiermark <623>,Klagenfurt Land <204>,-
Südoststeiermark <623>,Sankt Veit an der Glan <205>,3
Südoststeiermark <623>,Spittal an der Drau <206>,-
Südoststeiermark <623>,Villach Land <207>,3
Südoststeiermark <623>,Völkermarkt <208>,4
Südoststeiermark <623>,Wolfsberg <209>,6
Südoststeiermark <623>,Krems an der Donau (Stadt) <301>,-
Südoststeiermark <623>,Sankt Pölten (Stadt) <302>,2
Südoststeiermark <623>,Waidhofen an der Ybbs (Stadt) <303>,-
Südoststeiermark <623>,Wiener Neustadt (Stadt) <304>,2
Südoststeiermark <623>,Amstetten <305>,-
Südoststeiermark <623>,Baden <306>,6
Südoststeiermark <623>,Bruck an der Leitha <307>,3
Südoststeiermark <623>,Gänserndorf <308>,2
Südoststeiermark <623>,Gmünd <309>,-
Südoststeiermark <623>,Hollabrunn <310>,1
Südoststeiermark <623>,Horn <311>,1
Südoststeiermark <623>,Korneuburg <312>,4
Südoststeiermark <623>,Krems Land <313>,-
Südoststeiermark <623>,Lilienfeld <314>,1
Südoststeiermark <623>,Melk <315>,6
Südoststeiermark <623>,Mistelbach <316>,-
Südoststeiermark <623>,Mödling <317>,8
Südoststeiermark <623>,Neunkirchen <318>,3
Südoststeiermark <623>,Sankt Pölten Land <319>,2
Südoststeiermark <623>,Scheibbs <320>,1
Südoststeiermark <623>,Tulln <321>,2
Südoststeiermark <623>,Waidhofen an der Thaya <322>,-
Südoststeiermark <623>,Wiener Neustadt Land <323>,1
Südoststeiermark <623>,Wien Umgebung ^<324>,-
Südoststeiermark <623>,Zwettl <325>,-
Südoststeiermark <623>,Stadt Linz <401>,8
Südoststeiermark <623>,Stadt Steyr <402>,3
Südoststeiermark <623>,Stadt Wels <403>,-
Südoststeiermark <623>,Braunau <404>,2
Südoststeiermark <623>,Eferding <405>,-
Südoststeiermark <623>,Freistadt <406>,1
Südoststeiermark <623>,Gmunden <407>,-
Südoststeiermark <623>,Grieskirchen <408>,-
Südoststeiermark <623>,Kirchdorf <409>,4
Südoststeiermark <623>,Linz Land <410>,4
Südoststeiermark <623>,Perg <411>,1
Südoststeiermark <623>,Ried <412>,-
Südoststeiermark <623>,Rohrbach <413>,-
Südoststeiermark <623>,Schärding <414>,-
Südoststeiermark <623>,Steyr Land <415>,1
Südoststeiermark <623>,Urfahr Umgebung <416>,1
Südoststeiermark <623>,Vöcklabruck <417>,10
Südoststeiermark <623>,Wels Land <418>,2
Südoststeiermark <623>,Salzburg (Stadt) <501>,2
Südoststeiermark <623>,Hallein <502>,2
Südoststeiermark <623>,Salzburg Umgebung <503>,4
Südoststeiermark <623>,St. Johann im Pongau <504>,1
Südoststeiermark <623>,Tamsweg <505>,-
Südoststeiermark <623>,Zell am See <506>,3
Voitsberg <616>,Eisenstadt (Stadt) <101>,-
Voitsberg <616>,Rust (Stadt) <102>,-
Voitsberg <616>,Eisenstadt Umgebung <103>,-
Voitsberg <616>,Güssing <104>,2
Voitsberg <616>,Jennersdorf <105>,2
Voitsberg <616>,Mattersburg <106>,1
Voitsberg <616>,Neusiedl am See <107>,3
Voitsberg <616>,Oberpullendorf <108>,2
Voitsberg <616>,Oberwart <109>,1
Voitsberg <616>,Klagenfurt (Stadt) <201>,10
Voitsberg <616>,Villach (Stadt) <202>,1
Voitsberg <616>,Feldkirchen <210>,2
Voitsberg <616>,Hermagor <203>,1
Voitsberg <616>,Klagenfurt Land <204>,5
Voitsberg <616>,Sankt Veit an der Glan <205>,4
Voitsberg <616>,Spittal an der Drau <206>,5
Voitsberg <616>,Villach Land <207>,2
Voitsberg <616>,Völkermarkt <208>,3
Voitsberg <616>,Wolfsberg <209>,12
Voitsberg <616>,Krems an der Donau (Stadt) <301>,1
Voitsberg <616>,Sankt Pölten (Stadt) <302>,-
Voitsberg <616>,Waidhofen an der Ybbs (Stadt) <303>,1
Voitsberg <616>,Wiener Neustadt (Stadt) <304>,-
Voitsberg <616>,Amstetten <305>,2
Voitsberg <616>,Baden <306>,1
Voitsberg <616>,Bruck an der Leitha <307>,2
Voitsberg <616>,Gänserndorf <308>,4
Voitsberg <616>,Gmünd <309>,-
Voitsberg <616>,Hollabrunn <310>,-
Voitsberg <616>,Horn <311>,1
Voitsberg <616>,Korneuburg <312>,-
Voitsberg <616>,Krems Land <313>,1
Voitsberg <616>,Lilienfeld <314>,-
Voitsberg <616>,Melk <315>,1
Voitsberg <616>,Mistelbach <316>,-
Voitsberg <616>,Mödling <317>,2
Voitsberg <616>,Neunkirchen <318>,2
Voitsberg <616>,Sankt Pölten Land <319>,-
Voitsberg <616>,Scheibbs <320>,-
Voitsberg <616>,Tulln <321>,1
Voitsberg <616>,Waidhofen an der Thaya <322>,2
Voitsberg <616>,Wiener Neustadt Land <323>,-
Voitsberg <616>,Wien Umgebung ^<324>,-
Voitsberg <616>,Zwettl <325>,-
Voitsberg <616>,Stadt Linz <401>,5
Voitsberg <616>,Stadt Steyr <402>,2
Voitsberg <616>,Stadt Wels <403>,-
Voitsberg <616>,Braunau <404>,-
Voitsberg <616>,Eferding <405>,-
Voitsberg <616>,Freistadt <406>,1
Voitsberg <616>,Gmunden <407>,4
Voitsberg <616>,Grieskirchen <408>,1
Voitsberg <616>,Kirchdorf <409>,3
Voitsberg <616>,Linz Land <410>,7
Voitsberg <616>,Perg <411>,-
Voitsberg <616>,Ried <412>,1
Voitsberg <616>,Rohrbach <413>,-
Voitsberg <616>,Schärding <414>,-
Voitsberg <616>,Steyr Land <415>,4
Voitsberg <616>,Urfahr Umgebung <416>,3
Voitsberg <616>,Vöcklabruck <417>,5
Voitsberg <616>,Wels Land <418>,-
Voitsberg <616>,Salzburg (Stadt) <501>,-
Voitsberg <616>,Hallein <502>,4
Voitsberg <616>,Salzburg Umgebung <503>,5
Voitsberg <616>,St. Johann im Pongau <504>,1
Voitsberg <616>,Tamsweg <505>,-
Voitsberg <616>,Zell am See <506>,1
Weiz <617>,Eisenstadt (Stadt) <101>,-
Weiz <617>,Rust (Stadt) <102>,-
Weiz <617>,Eisenstadt Umgebung <103>,1
Weiz <617>,Güssing <104>,4
Weiz <617>,Jennersdorf <105>,15
Weiz <617>,Mattersburg <106>,1
Weiz <617>,Neusiedl am See <107>,1
Weiz <617>,Oberpullendorf <108>,6
Weiz <617>,Oberwart <109>,30
Weiz <617>,Klagenfurt (Stadt) <201>,7
Weiz <617>,Villach (Stadt) <202>,4
Weiz <617>,Feldkirchen <210>,1
Weiz <617>,Hermagor <203>,-
Weiz <617>,Klagenfurt Land <204>,7
Weiz <617>,Sankt Veit an der Glan <205>,9
Weiz <617>,Spittal an der Drau <206>,1
Weiz <617>,Villach Land <207>,4
Weiz <617>,Völkermarkt <208>,4
Weiz <617>,Wolfsberg <209>,2
Weiz <617>,Krems an der Donau (Stadt) <301>,1
Weiz <617>,Sankt Pölten (Stadt) <302>,1
Weiz <617>,Waidhofen an der Ybbs (Stadt) <303>,1
Weiz <617>,Wiener Neustadt (Stadt) <304>,6
Weiz <617>,Amstetten <305>,-
Weiz <617>,Baden <306>,8
Weiz <617>,Bruck an der Leitha <307>,5
Weiz <617>,Gänserndorf <308>,8
Weiz <617>,Gmünd <309>,2
Weiz <617>,Hollabrunn <310>,2
Weiz <617>,Horn <311>,-
Weiz <617>,Korneuburg <312>,1
Weiz <617>,Krems Land <313>,-
Weiz <617>,Lilienfeld <314>,3
Weiz <617>,Melk <315>,2
Weiz <617>,Mistelbach <316>,-
Weiz <617>,Mödling <317>,3
Weiz <617>,Neunkirchen <318>,1
Weiz <617>,Sankt Pölten Land <319>,4
Weiz <617>,Scheibbs <320>,-
Weiz <617>,Tulln <321>,2
Weiz <617>,Waidhofen an der Thaya <322>,-
Weiz <617>,Wiener Neustadt Land <323>,7
Weiz <617>,Wien Umgebung ^<324>,-
Weiz <617>,Zwettl <325>,-
Weiz <617>,Stadt Linz <401>,4
Weiz <617>,Stadt Steyr <402>,1
Weiz <617>,Stadt Wels <403>,-
Weiz <617>,Braunau <404>,2
Weiz <617>,Eferding <405>,1
Weiz <617>,Freistadt <406>,-
Weiz <617>,Gmunden <407>,3
Weiz <617>,Grieskirchen <408>,-
Weiz <617>,Kirchdorf <409>,3
Weiz <617>,Linz Land <410>,5
Weiz <617>,Perg <411>,-
Weiz <617>,Ried <412>,1
Weiz <617>,Rohrbach <413>,-
Weiz <617>,Schärding <414>,1
Weiz <617>,Steyr Land <415>,1
Weiz <617>,Urfahr Umgebung <416>,1
Weiz <617>,Vöcklabruck <417>,9
Weiz <617>,Wels Land <418>,2
Weiz <617>,Salzburg (Stadt) <501>,15
Weiz <617>,Hallein <502>,1
Weiz <617>,Salzburg Umgebung <503>,2
Weiz <617>,St. Johann im Pongau <504>,7
Weiz <617>,Tamsweg <505>,-
Weiz <617>,Zell am See <506>,-
Innsbruck (Stadt) <701>,Eisenstadt (Stadt) <101>,4
Innsbruck (Stadt) <701>,Rust (Stadt) <102>,-
Innsbruck (Stadt) <701>,Eisenstadt Umgebung <103>,2
Innsbruck (Stadt) <701>,Güssing <104>,4
Innsbruck (Stadt) <701>,Jennersdorf <105>,2
Innsbruck (Stadt) <701>,Mattersburg <106>,3
Innsbruck (Stadt) <701>,Neusiedl am See <107>,1
Innsbruck (Stadt) <701>,Oberpullendorf <108>,1
Innsbruck (Stadt) <701>,Oberwart <109>,12
Innsbruck (Stadt) <701>,Klagenfurt (Stadt) <201>,19
Innsbruck (Stadt) <701>,Villach (Stadt) <202>,9
Innsbruck (Stadt) <701>,Feldkirchen <210>,-
Innsbruck (Stadt) <701>,Hermagor <203>,4
Innsbruck (Stadt) <701>,Klagenfurt Land <204>,3
Innsbruck (Stadt) <701>,Sankt Veit an der Glan <205>,5
Innsbruck (Stadt) <701>,Spittal an der Drau <206>,9
Innsbruck (Stadt) <701>,Villach Land <207>,3
Innsbruck (Stadt) <701>,Völkermarkt <208>,1
Innsbruck (Stadt) <701>,Wolfsberg <209>,1
Innsbruck (Stadt) <701>,Krems an der Donau (Stadt) <301>,8
Innsbruck (Stadt) <701>,Sankt Pölten (Stadt) <302>,12
Innsbruck (Stadt) <701>,Waidhofen an der Ybbs (Stadt) <303>,-
Innsbruck (Stadt) <701>,Wiener Neustadt (Stadt) <304>,12
Innsbruck (Stadt) <701>,Amstetten <305>,5
Innsbruck (Stadt) <701>,Baden <306>,5
Innsbruck (Stadt) <701>,Bruck an der Leitha <307>,5
Innsbruck (Stadt) <701>,Gänserndorf <308>,4
Innsbruck (Stadt) <701>,Gmünd <309>,2
Innsbruck (Stadt) <701>,Hollabrunn <310>,4
Innsbruck (Stadt) <701>,Horn <311>,6
Innsbruck (Stadt) <701>,Korneuburg <312>,9
Innsbruck (Stadt) <701>,Krems Land <313>,4
Innsbruck (Stadt) <701>,Lilienfeld <314>,1
Innsbruck (Stadt) <701>,Melk <315>,12
Innsbruck (Stadt) <701>,Mistelbach <316>,1
Innsbruck (Stadt) <701>,Mödling <317>,12
Innsbruck (Stadt) <701>,Neunkirchen <318>,6
Innsbruck (Stadt) <701>,Sankt Pölten Land <319>,14
Innsbruck (Stadt) <701>,Scheibbs <320>,4
Innsbruck (Stadt) <701>,Tulln <321>,3
Innsbruck (Stadt) <701>,Waidhofen an der Thaya <322>,-
Innsbruck (Stadt) <701>,Wiener Neustadt Land <323>,3
Innsbruck (Stadt) <701>,Wien Umgebung ^<324>,-
Innsbruck (Stadt) <701>,Zwettl <325>,3
Innsbruck (Stadt) <701>,Stadt Linz <401>,64
Innsbruck (Stadt) <701>,Stadt Steyr <402>,9
Innsbruck (Stadt) <701>,Stadt Wels <403>,16
Innsbruck (Stadt) <701>,Braunau <404>,7
Innsbruck (Stadt) <701>,Eferding <405>,-
Innsbruck (Stadt) <701>,Freistadt <406>,2
Innsbruck (Stadt) <701>,Gmunden <407>,17
Innsbruck (Stadt) <701>,Grieskirchen <408>,3
Innsbruck (Stadt) <701>,Kirchdorf <409>,3
Innsbruck (Stadt) <701>,Linz Land <410>,15
Innsbruck (Stadt) <701>,Perg <411>,2
Innsbruck (Stadt) <701>,Ried <412>,10
Innsbruck (Stadt) <701>,Rohrbach <413>,5
Innsbruck (Stadt) <701>,Schärding <414>,8
Innsbruck (Stadt) <701>,Steyr Land <415>,8
Innsbruck (Stadt) <701>,Urfahr Umgebung <416>,9
Innsbruck (Stadt) <701>,Vöcklabruck <417>,35
Innsbruck (Stadt) <701>,Wels Land <418>,10
Innsbruck (Stadt) <701>,Salzburg (Stadt) <501>,83
Innsbruck (Stadt) <701>,Hallein <502>,18
Innsbruck (Stadt) <701>,Salzburg Umgebung <503>,28
Innsbruck (Stadt) <701>,St. Johann im Pongau <504>,15
Innsbruck (Stadt) <701>,Tamsweg <505>,-
Innsbruck (Stadt) <701>,Zell am See <506>,45
Imst <702>,Eisenstadt (Stadt) <101>,-
Imst <702>,Rust (Stadt) <102>,-
Imst <702>,Eisenstadt Umgebung <103>,-
Imst <702>,Güssing <104>,-
Imst <702>,Jennersdorf <105>,-
Imst <702>,Mattersburg <106>,-
Imst <702>,Neusiedl am See <107>,-
Imst <702>,Oberpullendorf <108>,-
Imst <702>,Oberwart <109>,2
Imst <702>,Klagenfurt (Stadt) <201>,11
Imst <702>,Villach (Stadt) <202>,2
Imst <702>,Feldkirchen <210>,-
Imst <702>,Hermagor <203>,-
Imst <702>,Klagenfurt Land <204>,1
Imst <702>,Sankt Veit an der Glan <205>,3
Imst <702>,Spittal an der Drau <206>,2
Imst <702>,Villach Land <207>,3
Imst <702>,Völkermarkt <208>,-
Imst <702>,Wolfsberg <209>,-
Imst <702>,Krems an der Donau (Stadt) <301>,-
Imst <702>,Sankt Pölten (Stadt) <302>,6
Imst <702>,Waidhofen an der Ybbs (Stadt) <303>,-
Imst <702>,Wiener Neustadt (Stadt) <304>,2
Imst <702>,Amstetten <305>,1
Imst <702>,Baden <306>,4
Imst <702>,Bruck an der Leitha <307>,-
Imst <702>,Gänserndorf <308>,3
Imst <702>,Gmünd <309>,-
Imst <702>,Hollabrunn <310>,-
Imst <702>,Horn <311>,-
Imst <702>,Korneuburg <312>,2
Imst <702>,Krems Land <313>,3
Imst <702>,Lilienfeld <314>,-
Imst <702>,Melk <315>,-
Imst <702>,Mistelbach <316>,-
Imst <702>,Mödling <317>,6
Imst <702>,Neunkirchen <318>,-
Imst <702>,Sankt Pölten Land <319>,-
Imst <702>,Scheibbs <320>,-
Imst <702>,Tulln <321>,3
Imst <702>,Waidhofen an der Thaya <322>,-
Imst <702>,Wiener Neustadt Land <323>,-
Imst <702>,Wien Umgebung ^<324>,-
Imst <702>,Zwettl <325>,-
Imst <702>,Stadt Linz <401>,15
Imst <702>,Stadt Steyr <402>,4
Imst <702>,Stadt Wels <403>,-
Imst <702>,Braunau <404>,4
Imst <702>,Eferding <405>,-
Imst <702>,Freistadt <406>,-
Imst <702>,Gmunden <407>,4
Imst <702>,Grieskirchen <408>,1
Imst <702>,Kirchdorf <409>,2
Imst <702>,Linz Land <410>,3
Imst <702>,Perg <411>,-
Imst <702>,Ried <412>,5
Imst <702>,Rohrbach <413>,2
Imst <702>,Schärding <414>,1
Imst <702>,Steyr Land <415>,1
Imst <702>,Urfahr Umgebung <416>,2
Imst <702>,Vöcklabruck <417>,3
Imst <702>,Wels Land <418>,5
Imst <702>,Salzburg (Stadt) <501>,6
Imst <702>,Hallein <502>,2
Imst <702>,Salzburg Umgebung <503>,16
Imst <702>,St. Johann im Pongau <504>,5
Imst <702>,Tamsweg <505>,3
Imst <702>,Zell am See <506>,6
Innsbruck Land <703>,Eisenstadt (Stadt) <101>,-
Innsbruck Land <703>,Rust (Stadt) <102>,-
Innsbruck Land <703>,Eisenstadt Umgebung <103>,4
Innsbruck Land <703>,Güssing <104>,5
Innsbruck Land <703>,Jennersdorf <105>,-
Innsbruck Land <703>,Mattersburg <106>,-
Innsbruck Land <703>,Neusiedl am See <107>,3
Innsbruck Land <703>,Oberpullendorf <108>,3
Innsbruck Land <703>,Oberwart <109>,17
Innsbruck Land <703>,Klagenfurt (Stadt) <201>,10
Innsbruck Land <703>,Villach (Stadt) <202>,5
Innsbruck Land <703>,Feldkirchen <210>,3
Innsbruck Land <703>,Hermagor <203>,2
Innsbruck Land <703>,Klagenfurt Land <204>,10
Innsbruck Land <703>,Sankt Veit an der Glan <205>,11
Innsbruck Land <703>,Spittal an der Drau <206>,23
Innsbruck Land <703>,Villach Land <207>,14
Innsbruck Land <703>,Völkermarkt <208>,6
Innsbruck Land <703>,Wolfsberg <209>,7
Innsbruck Land <703>,Krems an der Donau (Stadt) <301>,2
Innsbruck Land <703>,Sankt Pölten (Stadt) <302>,5
Innsbruck Land <703>,Waidhofen an der Ybbs (Stadt) <303>,-
Innsbruck Land <703>,Wiener Neustadt (Stadt) <304>,1
Innsbruck Land <703>,Amstetten <305>,15
Innsbruck Land <703>,Baden <306>,14
Innsbruck Land <703>,Bruck an der Leitha <307>,11
Innsbruck Land <703>,Gänserndorf <308>,3
Innsbruck Land <703>,Gmünd <309>,4
Innsbruck Land <703>,Hollabrunn <310>,4
Innsbruck Land <703>,Horn <311>,2
Innsbruck Land <703>,Korneuburg <312>,-
Innsbruck Land <703>,Krems Land <313>,2
Innsbruck Land <703>,Lilienfeld <314>,1
Innsbruck Land <703>,Melk <315>,9
Innsbruck Land <703>,Mistelbach <316>,2
Innsbruck Land <703>,Mödling <317>,6
Innsbruck Land <703>,Neunkirchen <318>,5
Innsbruck Land <703>,Sankt Pölten Land <319>,13
Innsbruck Land <703>,Scheibbs <320>,2
Innsbruck Land <703>,Tulln <321>,9
Innsbruck Land <703>,Waidhofen an der Thaya <322>,1
Innsbruck Land <703>,Wiener Neustadt Land <323>,-
Innsbruck Land <703>,Wien Umgebung ^<324>,-
Innsbruck Land <703>,Zwettl <325>,2
Innsbruck Land <703>,Stadt Linz <401>,19
Innsbruck Land <703>,Stadt Steyr <402>,2
Innsbruck Land <703>,Stadt Wels <403>,6
Innsbruck Land <703>,Braunau <404>,11
Innsbruck Land <703>,Eferding <405>,1
Innsbruck Land <703>,Freistadt <406>,3
Innsbruck Land <703>,Gmunden <407>,5
Innsbruck Land <703>,Grieskirchen <408>,1
Innsbruck Land <703>,Kirchdorf <409>,1
Innsbruck Land <703>,Linz Land <410>,26
Innsbruck Land <703>,Perg <411>,-
Innsbruck Land <703>,Ried <412>,5
Innsbruck Land <703>,Rohrbach <413>,-
Innsbruck Land <703>,Schärding <414>,6
Innsbruck Land <703>,Steyr Land <415>,3
Innsbruck Land <703>,Urfahr Umgebung <416>,11
Innsbruck Land <703>,Vöcklabruck <417>,25
Innsbruck Land <703>,Wels Land <418>,7
Innsbruck Land <703>,Salzburg (Stadt) <501>,31
Innsbruck Land <703>,Hallein <502>,7
Innsbruck Land <703>,Salzburg Umgebung <503>,19
Innsbruck Land <703>,St. Johann im Pongau <504>,2
Innsbruck Land <703>,Tamsweg <505>,-
Innsbruck Land <703>,Zell am See <506>,20
Kitzbühel <704>,Eisenstadt (Stadt) <101>,4
Kitzbühel <704>,Rust (Stadt) <102>,-
Kitzbühel <704>,Eisenstadt Umgebung <103>,1
Kitzbühel <704>,Güssing <104>,1
Kitzbühel <704>,Jennersdorf <105>,3
Kitzbühel <704>,Mattersburg <106>,1
Kitzbühel <704>,Neusiedl am See <107>,3
Kitzbühel <704>,Oberpullendorf <108>,3
Kitzbühel <704>,Oberwart <109>,12
Kitzbühel <704>,Klagenfurt (Stadt) <201>,15
Kitzbühel <704>,Villach (Stadt) <202>,7
Kitzbühel <704>,Feldkirchen <210>,1
Kitzbühel <704>,Hermagor <203>,1
Kitzbühel <704>,Klagenfurt Land <204>,1
Kitzbühel <704>,Sankt Veit an der Glan <205>,3
Kitzbühel <704>,Spittal an der Drau <206>,11
Kitzbühel <704>,Villach Land <207>,6
Kitzbühel <704>,Völkermarkt <208>,9
Kitzbühel <704>,Wolfsberg <209>,12
Kitzbühel <704>,Krems an der Donau (Stadt) <301>,-
Kitzbühel <704>,Sankt Pölten (Stadt) <302>,4
Kitzbühel <704>,Waidhofen an der Ybbs (Stadt) <303>,-
Kitzbühel <704>,Wiener Neustadt (Stadt) <304>,-
Kitzbühel <704>,Amstetten <305>,3
Kitzbühel <704>,Baden <306>,6
Kitzbühel <704>,Bruck an der Leitha <307>,6
Kitzbühel <704>,Gänserndorf <308>,6
Kitzbühel <704>,Gmünd <309>,1
Kitzbühel <704>,Hollabrunn <310>,2
Kitzbühel <704>,Horn <311>,-
Kitzbühel <704>,Korneuburg <312>,5
Kitzbühel <704>,Krems Land <313>,6
Kitzbühel <704>,Lilienfeld <314>,5
Kitzbühel <704>,Melk <315>,4
Kitzbühel <704>,Mistelbach <316>,2
Kitzbühel <704>,Mödling <317>,4
Kitzbühel <704>,Neunkirchen <318>,5
Kitzbühel <704>,Sankt Pölten Land <319>,8
Kitzbühel <704>,Scheibbs <320>,1
Kitzbühel <704>,Tulln <321>,6
Kitzbühel <704>,Waidhofen an der Thaya <322>,3
Kitzbühel <704>,Wiener Neustadt Land <323>,1
Kitzbühel <704>,Wien Umgebung ^<324>,-
Kitzbühel <704>,Zwettl <325>,-
Kitzbühel <704>,Stadt Linz <401>,19
Kitzbühel <704>,Stadt Steyr <402>,4
Kitzbühel <704>,Stadt Wels <403>,4
Kitzbühel <704>,Braunau <404>,14
Kitzbühel <704>,Eferding <405>,2
Kitzbühel <704>,Freistadt <406>,4
Kitzbühel <704>,Gmunden <407>,9
Kitzbühel <704>,Grieskirchen <408>,3
Kitzbühel <704>,Kirchdorf <409>,2
Kitzbühel <704>,Linz Land <410>,7
Kitzbühel <704>,Perg <411>,1
Kitzbühel <704>,Ried <412>,2
Kitzbühel <704>,Rohrbach <413>,5
Kitzbühel <704>,Schärding <414>,4
Kitzbühel <704>,Steyr Land <415>,-
Kitzbühel <704>,Urfahr Umgebung <416>,1
Kitzbühel <704>,Vöcklabruck <417>,14
Kitzbühel <704>,Wels Land <418>,4
Kitzbühel <704>,Salzburg (Stadt) <501>,31
Kitzbühel <704>,Hallein <502>,9
Kitzbühel <704>,Salzburg Umgebung <503>,28
Kitzbühel <704>,St. Johann im Pongau <504>,10
Kitzbühel <704>,Tamsweg <505>,1
Kitzbühel <704>,Zell am See <506>,70
Kufstein <705>,Eisenstadt (Stadt) <101>,1
Kufstein <705>,Rust (Stadt) <102>,-
Kufstein <705>,Eisenstadt Umgebung <103>,1
Kufstein <705>,Güssing <104>,3
Kufstein <705>,Jennersdorf <105>,3
Kufstein <705>,Mattersburg <106>,6
Kufstein <705>,Neusiedl am See <107>,7
Kufstein <705>,Oberpullendorf <108>,2
Kufstein <705>,Oberwart <109>,8
Kufstein <705>,Klagenfurt (Stadt) <201>,16
Kufstein <705>,Villach (Stadt) <202>,10
Kufstein <705>,Feldkirchen <210>,4
Kufstein <705>,Hermagor <203>,1
Kufstein <705>,Klagenfurt Land <204>,6
Kufstein <705>,Sankt Veit an der Glan <205>,2
Kufstein <705>,Spittal an der Drau <206>,7
Kufstein <705>,Villach Land <207>,6
Kufstein <705>,Völkermarkt <208>,6
Kufstein <705>,Wolfsberg <209>,-
Kufstein <705>,Krems an der Donau (Stadt) <301>,1
Kufstein <705>,Sankt Pölten (Stadt) <302>,4
Kufstein <705>,Waidhofen an der Ybbs (Stadt) <303>,1
Kufstein <705>,Wiener Neustadt (Stadt) <304>,3
Kufstein <705>,Amstetten <305>,1
Kufstein <705>,Baden <306>,4
Kufstein <705>,Bruck an der Leitha <307>,4
Kufstein <705>,Gänserndorf <308>,6
Kufstein <705>,Gmünd <309>,-
Kufstein <705>,Hollabrunn <310>,3
Kufstein <705>,Horn <311>,-
Kufstein <705>,Korneuburg <312>,-
Kufstein <705>,Krems Land <313>,-
Kufstein <705>,Lilienfeld <314>,1
Kufstein <705>,Melk <315>,9
Kufstein <705>,Mistelbach <316>,1
Kufstein <705>,Mödling <317>,10
Kufstein <705>,Neunkirchen <318>,1
Kufstein <705>,Sankt Pölten Land <319>,8
Kufstein <705>,Scheibbs <320>,4
Kufstein <705>,Tulln <321>,4
Kufstein <705>,Waidhofen an der Thaya <322>,-
Kufstein <705>,Wiener Neustadt Land <323>,1
Kufstein <705>,Wien Umgebung ^<324>,-
Kufstein <705>,Zwettl <325>,2
Kufstein <705>,Stadt Linz <401>,24
Kufstein <705>,Stadt Steyr <402>,4
Kufstein <705>,Stadt Wels <403>,8
Kufstein <705>,Braunau <404>,8
Kufstein <705>,Eferding <405>,-
Kufstein <705>,Freistadt <406>,6
Kufstein <705>,Gmunden <407>,4
Kufstein <705>,Grieskirchen <408>,5
Kufstein <705>,Kirchdorf <409>,-
Kufstein <705>,Linz Land <410>,14
Kufstein <705>,Perg <411>,1
Kufstein <705>,Ried <412>,1
Kufstein <705>,Rohrbach <413>,2
Kufstein <705>,Schärding <414>,10
Kufstein <705>,Steyr Land <415>,2
Kufstein <705>,Urfahr Umgebung <416>,6
Kufstein <705>,Vöcklabruck <417>,16
Kufstein <705>,Wels Land <418>,4
Kufstein <705>,Salzburg (Stadt) <501>,35
Kufstein <705>,Hallein <502>,8
Kufstein <705>,Salzburg Umgebung <503>,20
Kufstein <705>,St. Johann im Pongau <504>,18
Kufstein <705>,Tamsweg <505>,1
Kufstein <705>,Zell am See <506>,34
Landeck <706>,Eisenstadt (Stadt) <101>,-
Landeck <706>,Rust (Stadt) <102>,-
Landeck <706>,Eisenstadt Umgebung <103>,-
Landeck <706>,Güssing <104>,-
Landeck <706>,Jennersdorf <105>,-
Landeck <706>,Mattersburg <106>,-
Landeck <706>,Neusiedl am See <107>,-
Landeck <706>,Oberpullendorf <108>,-
Landeck <706>,Oberwart <109>,3
Landeck <706>,Klagenfurt (Stadt) <201>,11
Landeck <706>,Villach (Stadt) <202>,-
Landeck <706>,Feldkirchen <210>,-
Landeck <706>,Hermagor <203>,-
Landeck <706>,Klagenfurt Land <204>,-
Landeck <706>,Sankt Veit an der Glan <205>,-
Landeck <706>,Spittal an der Drau <206>,1
Landeck <706>,Villach Land <207>,1
Landeck <706>,Völkermarkt <208>,1
Landeck <706>,Wolfsberg <209>,-
Landeck <706>,Krems an der Donau (Stadt) <301>,1
Landeck <706>,Sankt Pölten (Stadt) <302>,2
Landeck <706>,Waidhofen an der Ybbs (Stadt) <303>,-
Landeck <706>,Wiener Neustadt (Stadt) <304>,1
Landeck <706>,Amstetten <305>,-
Landeck <706>,Baden <306>,-
Landeck <706>,Bruck an der Leitha <307>,2
Landeck <706>,Gänserndorf <308>,1
Landeck <706>,Gmünd <309>,-
Landeck <706>,Hollabrunn <310>,-
Landeck <706>,Horn <311>,-
Landeck <706>,Korneuburg <312>,2
Landeck <706>,Krems Land <313>,5
Landeck <706>,Lilienfeld <314>,1
Landeck <706>,Melk <315>,6
Landeck <706>,Mistelbach <316>,1
Landeck <706>,Mödling <317>,-
Landeck <706>,Neunkirchen <318>,-
Landeck <706>,Sankt Pölten Land <319>,2
Landeck <706>,Scheibbs <320>,1
Landeck <706>,Tulln <321>,-
Landeck <706>,Waidhofen an der Thaya <322>,-
Landeck <706>,Wiener Neustadt Land <323>,-
Landeck <706>,Wien Umgebung ^<324>,-
Landeck <706>,Zwettl <325>,1
Landeck <706>,Stadt Linz <401>,1
Landeck <706>,Stadt Steyr <402>,-
Landeck <706>,Stadt Wels <403>,4
Landeck <706>,Braunau <404>,-
Landeck <706>,Eferding <405>,-
Landeck <706>,Freistadt <406>,-
Landeck <706>,Gmunden <407>,-
Landeck <706>,Grieskirchen <408>,-
Landeck <706>,Kirchdorf <409>,-
Landeck <706>,Linz Land <410>,-
Landeck <706>,Perg <411>,4
Landeck <706>,Ried <412>,1
Landeck <706>,Rohrbach <413>,-
Landeck <706>,Schärding <414>,2
Landeck <706>,Steyr Land <415>,1
Landeck <706>,Urfahr Umgebung <416>,-
Landeck <706>,Vöcklabruck <417>,2
Landeck <706>,Wels Land <418>,1
Landeck <706>,Salzburg (Stadt) <501>,4
Landeck <706>,Hallein <502>,3
Landeck <706>,Salzburg Umgebung <503>,4
Landeck <706>,St. Johann im Pongau <504>,3
Landeck <706>,Tamsweg <505>,1
Landeck <706>,Zell am See <506>,9
Lienz <707>,Eisenstadt (Stadt) <101>,-
Lienz <707>,Rust (Stadt) <102>,-
Lienz <707>,Eisenstadt Umgebung <103>,-
Lienz <707>,Güssing <104>,2
Lienz <707>,Jennersdorf <105>,-
Lienz <707>,Mattersburg <106>,-
Lienz <707>,Neusiedl am See <107>,-
Lienz <707>,Oberpullendorf <108>,2
Lienz <707>,Oberwart <109>,-
Lienz <707>,Klagenfurt (Stadt) <201>,24
Lienz <707>,Villach (Stadt) <202>,11
Lienz <707>,Feldkirchen <210>,5
Lienz <707>,Hermagor <203>,22
Lienz <707>,Klagenfurt Land <204>,5
Lienz <707>,Sankt Veit an der Glan <205>,1
Lienz <707>,Spittal an der Drau <206>,86
Lienz <707>,Villach Land <207>,4
Lienz <707>,Völkermarkt <208>,3
Lienz <707>,Wolfsberg <209>,2
Lienz <707>,Krems an der Donau (Stadt) <301>,-
Lienz <707>,Sankt Pölten (Stadt) <302>,-
Lienz <707>,Waidhofen an der Ybbs (Stadt) <303>,-
Lienz <707>,Wiener Neustadt (Stadt) <304>,1
Lienz <707>,Amstetten <305>,1
Lienz <707>,Baden <306>,1
Lienz <707>,Bruck an der Leitha <307>,2
Lienz <707>,Gänserndorf <308>,-
Lienz <707>,Gmünd <309>,-
Lienz <707>,Hollabrunn <310>,-
Lienz <707>,Horn <311>,-
Lienz <707>,Korneuburg <312>,-
Lienz <707>,Krems Land <313>,1
Lienz <707>,Lilienfeld <314>,-
Lienz <707>,Melk <315>,-
Lienz <707>,Mistelbach <316>,3
Lienz <707>,Mödling <317>,6
Lienz <707>,Neunkirchen <318>,2
Lienz <707>,Sankt Pölten Land <319>,-
Lienz <707>,Scheibbs <320>,2
Lienz <707>,Tulln <321>,1
Lienz <707>,Waidhofen an der Thaya <322>,-
Lienz <707>,Wiener Neustadt Land <323>,1
Lienz <707>,Wien Umgebung ^<324>,-
Lienz <707>,Zwettl <325>,-
Lienz <707>,Stadt Linz <401>,5
Lienz <707>,Stadt Steyr <402>,1
Lienz <707>,Stadt Wels <403>,2
Lienz <707>,Braunau <404>,1
Lienz <707>,Eferding <405>,-
Lienz <707>,Freistadt <406>,1
Lienz <707>,Gmunden <407>,2
Lienz <707>,Grieskirchen <408>,-
Lienz <707>,Kirchdorf <409>,4
Lienz <707>,Linz Land <410>,4
Lienz <707>,Perg <411>,1
Lienz <707>,Ried <412>,-
Lienz <707>,Rohrbach <413>,-
Lienz <707>,Schärding <414>,1
Lienz <707>,Steyr Land <415>,-
Lienz <707>,Urfahr Umgebung <416>,-
Lienz <707>,Vöcklabruck <417>,3
Lienz <707>,Wels Land <418>,3
Lienz <707>,Salzburg (Stadt) <501>,10
Lienz <707>,Hallein <502>,-
Lienz <707>,Salzburg Umgebung <503>,2
Lienz <707>,St. Johann im Pongau <504>,1
Lienz <707>,Tamsweg <505>,-
Lienz <707>,Zell am See <506>,12
Reutte <708>,Eisenstadt (Stadt) <101>,1
Reutte <708>,Rust (Stadt) <102>,-
Reutte <708>,Eisenstadt Umgebung <103>,-
Reutte <708>,Güssing <104>,1
Reutte <708>,Jennersdorf <105>,2
Reutte <708>,Mattersburg <106>,-
Reutte <708>,Neusiedl am See <107>,-
Reutte <708>,Oberpullendorf <108>,-
Reutte <708>,Oberwart <109>,1
Reutte <708>,Klagenfurt (Stadt) <201>,9
Reutte <708>,Villach (Stadt) <202>,-
Reutte <708>,Feldkirchen <210>,-
Reutte <708>,Hermagor <203>,-
Reutte <708>,Klagenfurt Land <204>,1
Reutte <708>,Sankt Veit an der Glan <205>,-
Reutte <708>,Spittal an der Drau <206>,3
Reutte <708>,Villach Land <207>,-
Reutte <708>,Völkermarkt <208>,3
Reutte <708>,Wolfsberg <209>,-
Reutte <708>,Krems an der Donau (Stadt) <301>,-
Reutte <708>,Sankt Pölten (Stadt) <302>,1
Reutte <708>,Waidhofen an der Ybbs (Stadt) <303>,-
Reutte <708>,Wiener Neustadt (Stadt) <304>,4
Reutte <708>,Amstetten <305>,1
Reutte <708>,Baden <306>,-
Reutte <708>,Bruck an der Leitha <307>,2
Reutte <708>,Gänserndorf <308>,-
Reutte <708>,Gmünd <309>,1
Reutte <708>,Hollabrunn <310>,-
Reutte <708>,Horn <311>,1
Reutte <708>,Korneuburg <312>,2
Reutte <708>,Krems Land <313>,-
Reutte <708>,Lilienfeld <314>,-
Reutte <708>,Melk <315>,-
Reutte <708>,Mistelbach <316>,-
Reutte <708>,Mödling <317>,-
Reutte <708>,Neunkirchen <318>,1
Reutte <708>,Sankt Pölten Land <319>,1
Reutte <708>,Scheibbs <320>,-
Reutte <708>,Tulln <321>,3
Reutte <708>,Waidhofen an der Thaya <322>,-
Reutte <708>,Wiener Neustadt Land <323>,1
Reutte <708>,Wien Umgebung ^<324>,-
Reutte <708>,Zwettl <325>,-
Reutte <708>,Stadt Linz <401>,6
Reutte <708>,Stadt Steyr <402>,1
Reutte <708>,Stadt Wels <403>,-
Reutte <708>,Braunau <404>,2
Reutte <708>,Eferding <405>,-
Reutte <708>,Freistadt <406>,2
Reutte <708>,Gmunden <407>,5
Reutte <708>,Grieskirchen <408>,-
Reutte <708>,Kirchdorf <409>,-
Reutte <708>,Linz Land <410>,4
Reutte <708>,Perg <411>,-
Reutte <708>,Ried <412>,-
Reutte <708>,Rohrbach <413>,-
Reutte <708>,Schärding <414>,-
Reutte <708>,Steyr Land <415>,-
Reutte <708>,Urfahr Umgebung <416>,-
Reutte <708>,Vöcklabruck <417>,-
Reutte <708>,Wels Land <418>,-
Reutte <708>,Salzburg (Stadt) <501>,4
Reutte <708>,Hallein <502>,-
Reutte <708>,Salzburg Umgebung <503>,1
Reutte <708>,St. Johann im Pongau <504>,4
Reutte <708>,Tamsweg <505>,2
Reutte <708>,Zell am See <506>,5
Schwaz <709>,Eisenstadt (Stadt) <101>,1
Schwaz <709>,Rust (Stadt) <102>,-
Schwaz <709>,Eisenstadt Umgebung <103>,-
Schwaz <709>,Güssing <104>,-
Schwaz <709>,Jennersdorf <105>,4
Schwaz <709>,Mattersburg <106>,-
Schwaz <709>,Neusiedl am See <107>,-
Schwaz <709>,Oberpullendorf <108>,5
Schwaz <709>,Oberwart <109>,8
Schwaz <709>,Klagenfurt (Stadt) <201>,5
Schwaz <709>,Villach (Stadt) <202>,9
Schwaz <709>,Feldkirchen <210>,3
Schwaz <709>,Hermagor <203>,2
Schwaz <709>,Klagenfurt Land <204>,10
Schwaz <709>,Sankt Veit an der Glan <205>,4
Schwaz <709>,Spittal an der Drau <206>,4
Schwaz <709>,Villach Land <207>,1
Schwaz <709>,Völkermarkt <208>,1
Schwaz <709>,Wolfsberg <209>,6
Schwaz <709>,Krems an der Donau (Stadt) <301>,2
Schwaz <709>,Sankt Pölten (Stadt) <302>,2
Schwaz <709>,Waidhofen an der Ybbs (Stadt) <303>,1
Schwaz <709>,Wiener Neustadt (Stadt) <304>,1
Schwaz <709>,Amstetten <305>,7
Schwaz <709>,Baden <306>,2
Schwaz <709>,Bruck an der Leitha <307>,1
Schwaz <709>,Gänserndorf <308>,6
Schwaz <709>,Gmünd <309>,2
Schwaz <709>,Hollabrunn <310>,4
Schwaz <709>,Horn <311>,1
Schwaz <709>,Korneuburg <312>,-
Schwaz <709>,Krems Land <313>,1
Schwaz <709>,Lilienfeld <314>,2
Schwaz <709>,Melk <315>,2
Schwaz <709>,Mistelbach <316>,1
Schwaz <709>,Mödling <317>,1
Schwaz <709>,Neunkirchen <318>,1
Schwaz <709>,Sankt Pölten Land <319>,4
Schwaz <709>,Scheibbs <320>,1
Schwaz <709>,Tulln <321>,4
Schwaz <709>,Waidhofen an der Thaya <322>,1
Schwaz <709>,Wiener Neustadt Land <323>,3
Schwaz <709>,Wien Umgebung ^<324>,-
Schwaz <709>,Zwettl <325>,1
Schwaz <709>,Stadt Linz <401>,10
Schwaz <709>,Stadt Steyr <402>,-
Schwaz <709>,Stadt Wels <403>,5
Schwaz <709>,Braunau <404>,2
Schwaz <709>,Eferding <405>,1
Schwaz <709>,Freistadt <406>,4
Schwaz <709>,Gmunden <407>,2
Schwaz <709>,Grieskirchen <408>,-
Schwaz <709>,Kirchdorf <409>,1
Schwaz <709>,Linz Land <410>,11
Schwaz <709>,Perg <411>,-
Schwaz <709>,Ried <412>,1
Schwaz <709>,Rohrbach <413>,-
Schwaz <709>,Schärding <414>,1
Schwaz <709>,Steyr Land <415>,-
Schwaz <709>,Urfahr Umgebung <416>,2
Schwaz <709>,Vöcklabruck <417>,2
Schwaz <709>,Wels Land <418>,-
Schwaz <709>,Salzburg (Stadt) <501>,5
Schwaz <709>,Hallein <502>,7
Schwaz <709>,Salzburg Umgebung <503>,19
Schwaz <709>,St. Johann im Pongau <504>,7
Schwaz <709>,Tamsweg <505>,-
Schwaz <709>,Zell am See <506>,32
Bludenz <801>,Eisenstadt (Stadt) <101>,-
Bludenz <801>,Rust (Stadt) <102>,-
Bludenz <801>,Eisenstadt Umgebung <103>,-
Bludenz <801>,Güssing <104>,5
Bludenz <801>,Jennersdorf <105>,6
Bludenz <801>,Mattersburg <106>,-
Bludenz <801>,Neusiedl am See <107>,1
Bludenz <801>,Oberpullendorf <108>,-
Bludenz <801>,Oberwart <109>,4
Bludenz <801>,Klagenfurt (Stadt) <201>,4
Bludenz <801>,Villach (Stadt) <202>,1
Bludenz <801>,Feldkirchen <210>,-
Bludenz <801>,Hermagor <203>,-
Bludenz <801>,Klagenfurt Land <204>,-
Bludenz <801>,Sankt Veit an der Glan <205>,3
Bludenz <801>,Spittal an der Drau <206>,9
Bludenz <801>,Villach Land <207>,3
Bludenz <801>,Völkermarkt <208>,-
Bludenz <801>,Wolfsberg <209>,4
Bludenz <801>,Krems an der Donau (Stadt) <301>,-
Bludenz <801>,Sankt Pölten (Stadt) <302>,1
Bludenz <801>,Waidhofen an der Ybbs (Stadt) <303>,-
Bludenz <801>,Wiener Neustadt (Stadt) <304>,6
Bludenz <801>,Amstetten <305>,2
Bludenz <801>,Baden <306>,8
Bludenz <801>,Bruck an der Leitha <307>,3
Bludenz <801>,Gänserndorf <308>,3
Bludenz <801>,Gmünd <309>,-
Bludenz <801>,Hollabrunn <310>,-
Bludenz <801>,Horn <311>,1
Bludenz <801>,Korneuburg <312>,-
Bludenz <801>,Krems Land <313>,-
Bludenz <801>,Lilienfeld <314>,-
Bludenz <801>,Melk <315>,1
Bludenz <801>,Mistelbach <316>,-
Bludenz <801>,Mödling <317>,2
Bludenz <801>,Neunkirchen <318>,2
Bludenz <801>,Sankt Pölten Land <319>,2
Bludenz <801>,Scheibbs <320>,-
Bludenz <801>,Tulln <321>,2
Bludenz <801>,Waidhofen an der Thaya <322>,-
Bludenz <801>,Wiener Neustadt Land <323>,-
Bludenz <801>,Wien Umgebung ^<324>,-
Bludenz <801>,Zwettl <325>,-
Bludenz <801>,Stadt Linz <401>,7
Bludenz <801>,Stadt Steyr <402>,1
Bludenz <801>,Stadt Wels <403>,6
Bludenz <801>,Braunau <404>,1
Bludenz <801>,Eferding <405>,1
Bludenz <801>,Freistadt <406>,1
Bludenz <801>,Gmunden <407>,13
Bludenz <801>,Grieskirchen <408>,-
Bludenz <801>,Kirchdorf <409>,-
Bludenz <801>,Linz Land <410>,16
Bludenz <801>,Perg <411>,-
Bludenz <801>,Ried <412>,2
Bludenz <801>,Rohrbach <413>,-
Bludenz <801>,Schärding <414>,1
Bludenz <801>,Steyr Land <415>,1
Bludenz <801>,Urfahr Umgebung <416>,-
Bludenz <801>,Vöcklabruck <417>,9
Bludenz <801>,Wels Land <418>,1
Bludenz <801>,Salzburg (Stadt) <501>,13
Bludenz <801>,Hallein <502>,-
Bludenz <801>,Salzburg Umgebung <503>,4
Bludenz <801>,St. Johann im Pongau <504>,1
Bludenz <801>,Tamsweg <505>,2
Bludenz <801>,Zell am See <506>,4
Bregenz <802>,Eisenstadt (Stadt) <101>,-
Bregenz <802>,Rust (Stadt) <102>,-
Bregenz <802>,Eisenstadt Umgebung <103>,-
Bregenz <802>,Güssing <104>,11
Bregenz <802>,Jennersdorf <105>,7
Bregenz <802>,Mattersburg <106>,-
Bregenz <802>,Neusiedl am See <107>,1
Bregenz <802>,Oberpullendorf <108>,3
Bregenz <802>,Oberwart <109>,13
Bregenz <802>,Klagenfurt (Stadt) <201>,9
Bregenz <802>,Villach (Stadt) <202>,6
Bregenz <802>,Feldkirchen <210>,2
Bregenz <802>,Hermagor <203>,1
Bregenz <802>,Klagenfurt Land <204>,4
Bregenz <802>,Sankt Veit an der Glan <205>,-
Bregenz <802>,Spittal an der Drau <206>,9
Bregenz <802>,Villach Land <207>,4
Bregenz <802>,Völkermarkt <208>,1
Bregenz <802>,Wolfsberg <209>,-
Bregenz <802>,Krems an der Donau (Stadt) <301>,1
Bregenz <802>,Sankt Pölten (Stadt) <302>,9
Bregenz <802>,Waidhofen an der Ybbs (Stadt) <303>,-
Bregenz <802>,Wiener Neustadt (Stadt) <304>,9
Bregenz <802>,Amstetten <305>,1
Bregenz <802>,Baden <306>,3
Bregenz <802>,Bruck an der Leitha <307>,3
Bregenz <802>,Gänserndorf <308>,5
Bregenz <802>,Gmünd <309>,-
Bregenz <802>,Hollabrunn <310>,1
Bregenz <802>,Horn <311>,6
Bregenz <802>,Korneuburg <312>,-
Bregenz <802>,Krems Land <313>,-
Bregenz <802>,Lilienfeld <314>,4
Bregenz <802>,Melk <315>,1
Bregenz <802>,Mistelbach <316>,-
Bregenz <802>,Mödling <317>,9
Bregenz <802>,Neunkirchen <318>,11
Bregenz <802>,Sankt Pölten Land <319>,3
Bregenz <802>,Scheibbs <320>,1
Bregenz <802>,Tulln <321>,3
Bregenz <802>,Waidhofen an der Thaya <322>,3
Bregenz <802>,Wiener Neustadt Land <323>,1
Bregenz <802>,Wien Umgebung ^<324>,-
Bregenz <802>,Zwettl <325>,-
Bregenz <802>,Stadt Linz <401>,14
Bregenz <802>,Stadt Steyr <402>,-
Bregenz <802>,Stadt Wels <403>,8
Bregenz <802>,Braunau <404>,2
Bregenz <802>,Eferding <405>,-
Bregenz <802>,Freistadt <406>,-
Bregenz <802>,Gmunden <407>,3
Bregenz <802>,Grieskirchen <408>,1
Bregenz <802>,Kirchdorf <409>,3
Bregenz <802>,Linz Land <410>,1
Bregenz <802>,Perg <411>,5
Bregenz <802>,Ried <412>,1
Bregenz <802>,Rohrbach <413>,4
Bregenz <802>,Schärding <414>,5
Bregenz <802>,Steyr Land <415>,1
Bregenz <802>,Urfahr Umgebung <416>,-
Bregenz <802>,Vöcklabruck <417>,21
Bregenz <802>,Wels Land <418>,1
Bregenz <802>,Salzburg (Stadt) <501>,7
Bregenz <802>,Hallein <502>,3
Bregenz <802>,Salzburg Umgebung <503>,8
Bregenz <802>,St. Johann im Pongau <504>,3
Bregenz <802>,Tamsweg <505>,-
Bregenz <802>,Zell am See <506>,10
Dornbirn <803>,Eisenstadt (Stadt) <101>,-
Dornbirn <803>,Rust (Stadt) <102>,-
Dornbirn <803>,Eisenstadt Umgebung <103>,1
Dornbirn <803>,Güssing <104>,2
Dornbirn <803>,Jennersdorf <105>,1
Dornbirn <803>,Mattersburg <106>,1
Dornbirn <803>,Neusiedl am See <107>,1
Dornbirn <803>,Oberpullendorf <108>,3
Dornbirn <803>,Oberwart <109>,2
Dornbirn <803>,Klagenfurt (Stadt) <201>,6
Dornbirn <803>,Villach (Stadt) <202>,3
Dornbirn <803>,Feldkirchen <210>,-
Dornbirn <803>,Hermagor <203>,-
Dornbirn <803>,Klagenfurt Land <204>,3
Dornbirn <803>,Sankt Veit an der Glan <205>,1
Dornbirn <803>,Spittal an der Drau <206>,1
Dornbirn <803>,Villach Land <207>,5
Dornbirn <803>,Völkermarkt <208>,2
Dornbirn <803>,Wolfsberg <209>,1
Dornbirn <803>,Krems an der Donau (Stadt) <301>,-
Dornbirn <803>,Sankt Pölten (Stadt) <302>,8
Dornbirn <803>,Waidhofen an der Ybbs (Stadt) <303>,2
Dornbirn <803>,Wiener Neustadt (Stadt) <304>,1
Dornbirn <803>,Amstetten <305>,1
Dornbirn <803>,Baden <306>,3
Dornbirn <803>,Bruck an der Leitha <307>,2
Dornbirn <803>,Gänserndorf <308>,4
Dornbirn <803>,Gmünd <309>,1
Dornbirn <803>,Hollabrunn <310>,-
Dornbirn <803>,Horn <311>,-
Dornbirn <803>,Korneuburg <312>,3
Dornbirn <803>,Krems Land <313>,-
Dornbirn <803>,Lilienfeld <314>,-
Dornbirn <803>,Melk <315>,4
Dornbirn <803>,Mistelbach <316>,2
Dornbirn <803>,Mödling <317>,6
Dornbirn <803>,Neunkirchen <318>,2
Dornbirn <803>,Sankt Pölten Land <319>,-
Dornbirn <803>,Scheibbs <320>,-
Dornbirn <803>,Tulln <321>,6
Dornbirn <803>,Waidhofen an der Thaya <322>,-
Dornbirn <803>,Wiener Neustadt Land <323>,-
Dornbirn <803>,Wien Umgebung ^<324>,-
Dornbirn <803>,Zwettl <325>,-
Dornbirn <803>,Stadt Linz <401>,17
Dornbirn <803>,Stadt Steyr <402>,-
Dornbirn <803>,Stadt Wels <403>,9
Dornbirn <803>,Braunau <404>,5
Dornbirn <803>,Eferding <405>,1
Dornbirn <803>,Freistadt <406>,2
Dornbirn <803>,Gmunden <407>,3
Dornbirn <803>,Grieskirchen <408>,-
Dornbirn <803>,Kirchdorf <409>,-
Dornbirn <803>,Linz Land <410>,8
Dornbirn <803>,Perg <411>,7
Dornbirn <803>,Ried <412>,-
Dornbirn <803>,Rohrbach <413>,1
Dornbirn <803>,Schärding <414>,1
Dornbirn <803>,Steyr Land <415>,-
Dornbirn <803>,Urfahr Umgebung <416>,-
Dornbirn <803>,Vöcklabruck <417>,5
Dornbirn <803>,Wels Land <418>,-
Dornbirn <803>,Salzburg (Stadt) <501>,8
Dornbirn <803>,Hallein <502>,2
Dornbirn <803>,Salzburg Umgebung <503>,-
Dornbirn <803>,St. Johann im Pongau <504>,7
Dornbirn <803>,Tamsweg <505>,-
Dornbirn <803>,Zell am See <506>,-
Feldkirch <804>,Eisenstadt (Stadt) <101>,-
Feldkirch <804>,Rust (Stadt) <102>,-
Feldkirch <804>,Eisenstadt Umgebung <103>,2
Feldkirch <804>,Güssing <104>,-
Feldkirch <804>,Jennersdorf <105>,3
Feldkirch <804>,Mattersburg <106>,2
Feldkirch <804>,Neusiedl am See <107>,2
Feldkirch <804>,Oberpullendorf <108>,3
Feldkirch <804>,Oberwart <109>,9
Feldkirch <804>,Klagenfurt (Stadt) <201>,4
Feldkirch <804>,Villach (Stadt) <202>,6
Feldkirch <804>,Feldkirchen <210>,-
Feldkirch <804>,Hermagor <203>,-
Feldkirch <804>,Klagenfurt Land <204>,-
Feldkirch <804>,Sankt Veit an der Glan <205>,4
Feldkirch <804>,Spittal an der Drau <206>,2
Feldkirch <804>,Villach Land <207>,1
Feldkirch <804>,Völkermarkt <208>,-
Feldkirch <804>,Wolfsberg <209>,-
Feldkirch <804>,Krems an der Donau (Stadt) <301>,10
Feldkirch <804>,Sankt Pölten (Stadt) <302>,5
Feldkirch <804>,Waidhofen an der Ybbs (Stadt) <303>,1
Feldkirch <804>,Wiener Neustadt (Stadt) <304>,7
Feldkirch <804>,Amstetten <305>,1
Feldkirch <804>,Baden <306>,8
Feldkirch <804>,Bruck an der Leitha <307>,1
Feldkirch <804>,Gänserndorf <308>,13
Feldkirch <804>,Gmünd <309>,1
Feldkirch <804>,Hollabrunn <310>,2
Feldkirch <804>,Horn <311>,2
Feldkirch <804>,Korneuburg <312>,1
Feldkirch <804>,Krems Land <313>,-
Feldkirch <804>,Lilienfeld <314>,-
Feldkirch <804>,Melk <315>,-
Feldkirch <804>,Mistelbach <316>,1
Feldkirch <804>,Mödling <317>,8
Feldkirch <804>,Neunkirchen <318>,10
Feldkirch <804>,Sankt Pölten Land <319>,1
Feldkirch <804>,Scheibbs <320>,3
Feldkirch <804>,Tulln <321>,2
Feldkirch <804>,Waidhofen an der Thaya <322>,1
Feldkirch <804>,Wiener Neustadt Land <323>,-
Feldkirch <804>,Wien Umgebung ^<324>,-
Feldkirch <804>,Zwettl <325>,-
Feldkirch <804>,Stadt Linz <401>,25
Feldkirch <804>,Stadt Steyr <402>,1
Feldkirch <804>,Stadt Wels <403>,7
Feldkirch <804>,Braunau <404>,2
Feldkirch <804>,Eferding <405>,-
Feldkirch <804>,Freistadt <406>,-
Feldkirch <804>,Gmunden <407>,-
Feldkirch <804>,Grieskirchen <408>,3
Feldkirch <804>,Kirchdorf <409>,1
Feldkirch <804>,Linz Land <410>,9
Feldkirch <804>,Perg <411>,1
Feldkirch <804>,Ried <412>,5
Feldkirch <804>,Rohrbach <413>,-
Feldkirch <804>,Schärding <414>,3
Feldkirch <804>,Steyr Land <415>,6
Feldkirch <804>,Urfahr Umgebung <416>,-
Feldkirch <804>,Vöcklabruck <417>,30
Feldkirch <804>,Wels Land <418>,-
Feldkirch <804>,Salzburg (Stadt) <501>,26
Feldkirch <804>,Hallein <502>,7
Feldkirch <804>,Salzburg Umgebung <503>,10
Feldkirch <804>,St. Johann im Pongau <504>,1
Feldkirch <804>,Tamsweg <505>,2
Feldkirch <804>,Zell am See <506>,7
"Wien 1.Bezirk, Innere Stadt <901>",Eisenstadt (Stadt) <101>,1
"Wien 1.Bezirk, Innere Stadt <901>",Rust (Stadt) <102>,-
"Wien 1.Bezirk, Innere Stadt <901>",Eisenstadt Umgebung <103>,3
"Wien 1.Bezirk, Innere Stadt <901>",Güssing <104>,1
"Wien 1.Bezirk, Innere Stadt <901>",Jennersdorf <105>,-
"Wien 1.Bezirk, Innere Stadt <901>",Mattersburg <106>,1
"Wien 1.Bezirk, Innere Stadt <901>",Neusiedl am See <107>,1
"Wien 1.Bezirk, Innere Stadt <901>",Oberpullendorf <108>,3
"Wien 1.Bezirk, Innere Stadt <901>",Oberwart <109>,3
"Wien 1.Bezirk, Innere Stadt <901>",Klagenfurt (Stadt) <201>,3
"Wien 1.Bezirk, Innere Stadt <901>",Villach (Stadt) <202>,-
"Wien 1.Bezirk, Innere Stadt <901>",Feldkirchen <210>,2
"Wien 1.Bezirk, Innere Stadt <901>",Hermagor <203>,-
"Wien 1.Bezirk, Innere Stadt <901>",Klagenfurt Land <204>,3
"Wien 1.Bezirk, Innere Stadt <901>",Sankt Veit an der Glan <205>,-
"Wien 1.Bezirk, Innere Stadt <901>",Spittal an der Drau <206>,2
"Wien 1.Bezirk, Innere Stadt <901>",Villach Land <207>,1
"Wien 1.Bezirk, Innere Stadt <901>",Völkermarkt <208>,-
"Wien 1.Bezirk, Innere Stadt <901>",Wolfsberg <209>,-
"Wien 1.Bezirk, Innere Stadt <901>",Krems an der Donau (Stadt) <301>,3
"Wien 1.Bezirk, Innere Stadt <901>",Sankt Pölten (Stadt) <302>,4
"Wien 1.Bezirk, Innere Stadt <901>",Waidhofen an der Ybbs (Stadt) <303>,-
"Wien 1.Bezirk, Innere Stadt <901>",Wiener Neustadt (Stadt) <304>,7
"Wien 1.Bezirk, Innere Stadt <901>",Amstetten <305>,1
"Wien 1.Bezirk, Innere Stadt <901>",Baden <306>,22
"Wien 1.Bezirk, Innere Stadt <901>",Bruck an der Leitha <307>,15
"Wien 1.Bezirk, Innere Stadt <901>",Gänserndorf <308>,6
"Wien 1.Bezirk, Innere Stadt <901>",Gmünd <309>,1
"Wien 1.Bezirk, Innere Stadt <901>",Hollabrunn <310>,3
"Wien 1.Bezirk, Innere Stadt <901>",Horn <311>,-
"Wien 1.Bezirk, Innere Stadt <901>",Korneuburg <312>,19
"Wien 1.Bezirk, Innere Stadt <901>",Krems Land <313>,2
"Wien 1.Bezirk, Innere Stadt <901>",Lilienfeld <314>,1
"Wien 1.Bezirk, Innere Stadt <901>",Melk <315>,2
"Wien 1.Bezirk, Innere Stadt <901>",Mistelbach <316>,6
"Wien 1.Bezirk, Innere Stadt <901>",Mödling <317>,33
"Wien 1.Bezirk, Innere Stadt <901>",Neunkirchen <318>,4
"Wien 1.Bezirk, Innere Stadt <901>",Sankt Pölten Land <319>,17
"Wien 1.Bezirk, Innere Stadt <901>",Scheibbs <320>,-
"Wien 1.Bezirk, Innere Stadt <901>",Tulln <321>,31
"Wien 1.Bezirk, Innere Stadt <901>",Waidhofen an der Thaya <322>,-
"Wien 1.Bezirk, Innere Stadt <901>",Wiener Neustadt Land <323>,3
"Wien 1.Bezirk, Innere Stadt <901>",Wien Umgebung ^<324>,-
"Wien 1.Bezirk, Innere Stadt <901>",Zwettl <325>,1
"Wien 1.Bezirk, Innere Stadt <901>",Stadt Linz <401>,8
"Wien 1.Bezirk, Innere Stadt <901>",Stadt Steyr <402>,-
"Wien 1.Bezirk, Innere Stadt <901>",Stadt Wels <403>,-
"Wien 1.Bezirk, Innere Stadt <901>",Braunau <404>,1
"Wien 1.Bezirk, Innere Stadt <901>",Eferding <405>,-
"Wien 1.Bezirk, Innere Stadt <901>",Freistadt <406>,-
"Wien 1.Bezirk, Innere Stadt <901>",Gmunden <407>,2
"Wien 1.Bezirk, Innere Stadt <901>",Grieskirchen <408>,-
"Wien 1.Bezirk, Innere Stadt <901>",Kirchdorf <409>,1
"Wien 1.Bezirk, Innere Stadt <901>",Linz Land <410>,-
"Wien 1.Bezirk, Innere Stadt <901>",Perg <411>,-
"Wien 1.Bezirk, Innere Stadt <901>",Ried <412>,-
"Wien 1.Bezirk, Innere Stadt <901>",Rohrbach <413>,-
"Wien 1.Bezirk, Innere Stadt <901>",Schärding <414>,-
"Wien 1.Bezirk, Innere Stadt <901>",Steyr Land <415>,1
"Wien 1.Bezirk, Innere Stadt <901>",Urfahr Umgebung <416>,1
"Wien 1.Bezirk, Innere Stadt <901>",Vöcklabruck <417>,2
"Wien 1.Bezirk, Innere Stadt <901>",Wels Land <418>,-
"Wien 1.Bezirk, Innere Stadt <901>",Salzburg (Stadt) <501>,10
"Wien 1.Bezirk, Innere Stadt <901>",Hallein <502>,-
"Wien 1.Bezirk, Innere Stadt <901>",Salzburg Umgebung <503>,-
"Wien 1.Bezirk, Innere Stadt <901>",St. Johann im Pongau <504>,2
"Wien 1.Bezirk, Innere Stadt <901>",Tamsweg <505>,-
"Wien 1.Bezirk, Innere Stadt <901>",Zell am See <506>,1
"Wien 2.Bezirk, Leopoldstadt <902>",Eisenstadt (Stadt) <101>,19
"Wien 2.Bezirk, Leopoldstadt <902>",Rust (Stadt) <102>,-
"Wien 2.Bezirk, Leopoldstadt <902>",Eisenstadt Umgebung <103>,21
"Wien 2.Bezirk, Leopoldstadt <902>",Güssing <104>,8
"Wien 2.Bezirk, Leopoldstadt <902>",Jennersdorf <105>,3
"Wien 2.Bezirk, Leopoldstadt <902>",Mattersburg <106>,10
"Wien 2.Bezirk, Leopoldstadt <902>",Neusiedl am See <107>,26
"Wien 2.Bezirk, Leopoldstadt <902>",Oberpullendorf <108>,14
"Wien 2.Bezirk, Leopoldstadt <902>",Oberwart <109>,14
"Wien 2.Bezirk, Leopoldstadt <902>",Klagenfurt (Stadt) <201>,26
"Wien 2.Bezirk, Leopoldstadt <902>",Villach (Stadt) <202>,17
"Wien 2.Bezirk, Leopoldstadt <902>",Feldkirchen <210>,3
"Wien 2.Bezirk, Leopoldstadt <902>",Hermagor <203>,3
"Wien 2.Bezirk, Leopoldstadt <902>",Klagenfurt Land <204>,2
"Wien 2.Bezirk, Leopoldstadt <902>",Sankt Veit an der Glan <205>,3
"Wien 2.Bezirk, Leopoldstadt <902>",Spittal an der Drau <206>,4
"Wien 2.Bezirk, Leopoldstadt <902>",Villach Land <207>,12
"Wien 2.Bezirk, Leopoldstadt <902>",Völkermarkt <208>,6
"Wien 2.Bezirk, Leopoldstadt <902>",Wolfsberg <209>,5
"Wien 2.Bezirk, Leopoldstadt <902>",Krems an der Donau (Stadt) <301>,10
"Wien 2.Bezirk, Leopoldstadt <902>",Sankt Pölten (Stadt) <302>,16
"Wien 2.Bezirk, Leopoldstadt <902>",Waidhofen an der Ybbs (Stadt) <303>,6
"Wien 2.Bezirk, Leopoldstadt <902>",Wiener Neustadt (Stadt) <304>,22
"Wien 2.Bezirk, Leopoldstadt <902>",Amstetten <305>,11
"Wien 2.Bezirk, Leopoldstadt <902>",Baden <306>,68
"Wien 2.Bezirk, Leopoldstadt <902>",Bruck an der Leitha <307>,82
"Wien 2.Bezirk, Leopoldstadt <902>",Gänserndorf <308>,125
"Wien 2.Bezirk, Leopoldstadt <902>",Gmünd <309>,7
"Wien 2.Bezirk, Leopoldstadt <902>",Hollabrunn <310>,33
"Wien 2.Bezirk, Leopoldstadt <902>",Horn <311>,16
"Wien 2.Bezirk, Leopoldstadt <902>",Korneuburg <312>,120
"Wien 2.Bezirk, Leopoldstadt <902>",Krems Land <313>,22
"Wien 2.Bezirk, Leopoldstadt <902>",Lilienfeld <314>,7
"Wien 2.Bezirk, Leopoldstadt <902>",Melk <315>,10
"Wien 2.Bezirk, Leopoldstadt <902>",Mistelbach <316>,27
"Wien 2.Bezirk, Leopoldstadt <902>",Mödling <317>,78
"Wien 2.Bezirk, Leopoldstadt <902>",Neunkirchen <318>,33
"Wien 2.Bezirk, Leopoldstadt <902>",Sankt Pölten Land <319>,51
"Wien 2.Bezirk, Leopoldstadt <902>",Scheibbs <320>,4
"Wien 2.Bezirk, Leopoldstadt <902>",Tulln <321>,100
"Wien 2.Bezirk, Leopoldstadt <902>",Waidhofen an der Thaya <322>,4
"Wien 2.Bezirk, Leopoldstadt <902>",Wiener Neustadt Land <323>,12
"Wien 2.Bezirk, Leopoldstadt <902>",Wien Umgebung ^<324>,-
"Wien 2.Bezirk, Leopoldstadt <902>",Zwettl <325>,10
"Wien 2.Bezirk, Leopoldstadt <902>",Stadt Linz <401>,53
"Wien 2.Bezirk, Leopoldstadt <902>",Stadt Steyr <402>,7
"Wien 2.Bezirk, Leopoldstadt <902>",Stadt Wels <403>,8
"Wien 2.Bezirk, Leopoldstadt <902>",Braunau <404>,7
"Wien 2.Bezirk, Leopoldstadt <902>",Eferding <405>,3
"Wien 2.Bezirk, Leopoldstadt <902>",Freistadt <406>,1
"Wien 2.Bezirk, Leopoldstadt <902>",Gmunden <407>,24
"Wien 2.Bezirk, Leopoldstadt <902>",Grieskirchen <408>,7
"Wien 2.Bezirk, Leopoldstadt <902>",Kirchdorf <409>,1
"Wien 2.Bezirk, Leopoldstadt <902>",Linz Land <410>,12
"Wien 2.Bezirk, Leopoldstadt <902>",Perg <411>,3
"Wien 2.Bezirk, Leopoldstadt <902>",Ried <412>,5
"Wien 2.Bezirk, Leopoldstadt <902>",Rohrbach <413>,1
"Wien 2.Bezirk, Leopoldstadt <902>",Schärding <414>,7
"Wien 2.Bezirk, Leopoldstadt <902>",Steyr Land <415>,13
"Wien 2.Bezirk, Leopoldstadt <902>",Urfahr Umgebung <416>,12
"Wien 2.Bezirk, Leopoldstadt <902>",Vöcklabruck <417>,22
"Wien 2.Bezirk, Leopoldstadt <902>",Wels Land <418>,7
"Wien 2.Bezirk, Leopoldstadt <902>",Salzburg (Stadt) <501>,48
"Wien 2.Bezirk, Leopoldstadt <902>",Hallein <502>,6
"Wien 2.Bezirk, Leopoldstadt <902>",Salzburg Umgebung <503>,9
"Wien 2.Bezirk, Leopoldstadt <902>",St. Johann im Pongau <504>,8
"Wien 2.Bezirk, Leopoldstadt <902>",Tamsweg <505>,5
"Wien 2.Bezirk, Leopoldstadt <902>",Zell am See <506>,5
"Wien 3.Bezirk, Landstraße <903>",Eisenstadt (Stadt) <101>,20
"Wien 3.Bezirk, Landstraße <903>",Rust (Stadt) <102>,2
"Wien 3.Bezirk, Landstraße <903>",Eisenstadt Umgebung <103>,20
"Wien 3.Bezirk, Landstraße <903>",Güssing <104>,4
"Wien 3.Bezirk, Landstraße <903>",Jennersdorf <105>,6
"Wien 3.Bezirk, Landstraße <903>",Mattersburg <106>,15
"Wien 3.Bezirk, Landstraße <903>",Neusiedl am See <107>,63
"Wien 3.Bezirk, Landstraße <903>",Oberpullendorf <108>,17
"Wien 3.Bezirk, Landstraße <903>",Oberwart <109>,21
"Wien 3.Bezirk, Landstraße <903>",Klagenfurt (Stadt) <201>,16
"Wien 3.Bezirk, Landstraße <903>",Villach (Stadt) <202>,11
"Wien 3.Bezirk, Landstraße <903>",Feldkirchen <210>,1
"Wien 3.Bezirk, Landstraße <903>",Hermagor <203>,4
"Wien 3.Bezirk, Landstraße <903>",Klagenfurt Land <204>,8
"Wien 3.Bezirk, Landstraße <903>",Sankt Veit an der Glan <205>,7
"Wien 3.Bezirk, Landstraße <903>",Spittal an der Drau <206>,8
"Wien 3.Bezirk, Landstraße <903>",Villach Land <207>,3
"Wien 3.Bezirk, Landstraße <903>",Völkermarkt <208>,5
"Wien 3.Bezirk, Landstraße <903>",Wolfsberg <209>,-
"Wien 3.Bezirk, Landstraße <903>",Krems an der Donau (Stadt) <301>,18
"Wien 3.Bezirk, Landstraße <903>",Sankt Pölten (Stadt) <302>,38
"Wien 3.Bezirk, Landstraße <903>",Waidhofen an der Ybbs (Stadt) <303>,1
"Wien 3.Bezirk, Landstraße <903>",Wiener Neustadt (Stadt) <304>,32
"Wien 3.Bezirk, Landstraße <903>",Amstetten <305>,18
"Wien 3.Bezirk, Landstraße <903>",Baden <306>,113
"Wien 3.Bezirk, Landstraße <903>",Bruck an der Leitha <307>,148
"Wien 3.Bezirk, Landstraße <903>",Gänserndorf <308>,95
"Wien 3.Bezirk, Landstraße <903>",Gmünd <309>,7
"Wien 3.Bezirk, Landstraße <903>",Hollabrunn <310>,15
"Wien 3.Bezirk, Landstraße <903>",Horn <311>,6
"Wien 3.Bezirk, Landstraße <903>",Korneuburg <312>,81
"Wien 3.Bezirk, Landstraße <903>",Krems Land <313>,15
"Wien 3.Bezirk, Landstraße <903>",Lilienfeld <314>,9
"Wien 3.Bezirk, Landstraße <903>",Melk <315>,12
"Wien 3.Bezirk, Landstraße <903>",Mistelbach <316>,39
"Wien 3.Bezirk, Landstraße <903>",Mödling <317>,137
"Wien 3.Bezirk, Landstraße <903>",Neunkirchen <318>,35
"Wien 3.Bezirk, Landstraße <903>",Sankt Pölten Land <319>,64
"Wien 3.Bezirk, Landstraße <903>",Scheibbs <320>,6
"Wien 3.Bezirk, Landstraße <903>",Tulln <321>,101
"Wien 3.Bezirk, Landstraße <903>",Waidhofen an der Thaya <322>,8
"Wien 3.Bezirk, Landstraße <903>",Wiener Neustadt Land <323>,33
"Wien 3.Bezirk, Landstraße <903>",Wien Umgebung ^<324>,-
"Wien 3.Bezirk, Landstraße <903>",Zwettl <325>,6
"Wien 3.Bezirk, Landstraße <903>",Stadt Linz <401>,40
"Wien 3.Bezirk, Landstraße <903>",Stadt Steyr <402>,6
"Wien 3.Bezirk, Landstraße <903>",Stadt Wels <403>,11
"Wien 3.Bezirk, Landstraße <903>",Braunau <404>,6
"Wien 3.Bezirk, Landstraße <903>",Eferding <405>,2
"Wien 3.Bezirk, Landstraße <903>",Freistadt <406>,5
"Wien 3.Bezirk, Landstraße <903>",Gmunden <407>,15
"Wien 3.Bezirk, Landstraße <903>",Grieskirchen <408>,2
"Wien 3.Bezirk, Landstraße <903>",Kirchdorf <409>,8
"Wien 3.Bezirk, Landstraße <903>",Linz Land <410>,7
"Wien 3.Bezirk, Landstraße <903>",Perg <411>,6
"Wien 3.Bezirk, Landstraße <903>",Ried <412>,6
"Wien 3.Bezirk, Landstraße <903>",Rohrbach <413>,1
"Wien 3.Bezirk, Landstraße <903>",Schärding <414>,4
"Wien 3.Bezirk, Landstraße <903>",Steyr Land <415>,3
"Wien 3.Bezirk, Landstraße <903>",Urfahr Umgebung <416>,4
"Wien 3.Bezirk, Landstraße <903>",Vöcklabruck <417>,20
"Wien 3.Bezirk, Landstraße <903>",Wels Land <418>,14
"Wien 3.Bezirk, Landstraße <903>",Salzburg (Stadt) <501>,51
"Wien 3.Bezirk, Landstraße <903>",Hallein <502>,4
"Wien 3.Bezirk, Landstraße <903>",Salzburg Umgebung <503>,20
"Wien 3.Bezirk, Landstraße <903>",St. Johann im Pongau <504>,8
"Wien 3.Bezirk, Landstraße <903>",Tamsweg <505>,3
"Wien 3.Bezirk, Landstraße <903>",Zell am See <506>,7
"Wien 4.Bezirk, Wieden <904>",Eisenstadt (Stadt) <101>,3
"Wien 4.Bezirk, Wieden <904>",Rust (Stadt) <102>,-
"Wien 4.Bezirk, Wieden <904>",Eisenstadt Umgebung <103>,9
"Wien 4.Bezirk, Wieden <904>",Güssing <104>,5
"Wien 4.Bezirk, Wieden <904>",Jennersdorf <105>,1
"Wien 4.Bezirk, Wieden <904>",Mattersburg <106>,3
"Wien 4.Bezirk, Wieden <904>",Neusiedl am See <107>,11
"Wien 4.Bezirk, Wieden <904>",Oberpullendorf <108>,2
"Wien 4.Bezirk, Wieden <904>",Oberwart <109>,8
"Wien 4.Bezirk, Wieden <904>",Klagenfurt (Stadt) <201>,10
"Wien 4.Bezirk, Wieden <904>",Villach (Stadt) <202>,3
"Wien 4.Bezirk, Wieden <904>",Feldkirchen <210>,1
"Wien 4.Bezirk, Wieden <904>",Hermagor <203>,1
"Wien 4.Bezirk, Wieden <904>",Klagenfurt Land <204>,4
"Wien 4.Bezirk, Wieden <904>",Sankt Veit an der Glan <205>,2
"Wien 4.Bezirk, Wieden <904>",Spittal an der Drau <206>,-
"Wien 4.Bezirk, Wieden <904>",Villach Land <207>,1
"Wien 4.Bezirk, Wieden <904>",Völkermarkt <208>,1
"Wien 4.Bezirk, Wieden <904>",Wolfsberg <209>,-
"Wien 4.Bezirk, Wieden <904>",Krems an der Donau (Stadt) <301>,8
"Wien 4.Bezirk, Wieden <904>",Sankt Pölten (Stadt) <302>,17
"Wien 4.Bezirk, Wieden <904>",Waidhofen an der Ybbs (Stadt) <303>,1
"Wien 4.Bezirk, Wieden <904>",Wiener Neustadt (Stadt) <304>,18
"Wien 4.Bezirk, Wieden <904>",Amstetten <305>,4
"Wien 4.Bezirk, Wieden <904>",Baden <306>,43
"Wien 4.Bezirk, Wieden <904>",Bruck an der Leitha <307>,17
"Wien 4.Bezirk, Wieden <904>",Gänserndorf <308>,18
"Wien 4.Bezirk, Wieden <904>",Gmünd <309>,2
"Wien 4.Bezirk, Wieden <904>",Hollabrunn <310>,3
"Wien 4.Bezirk, Wieden <904>",Horn <311>,1
"Wien 4.Bezirk, Wieden <904>",Korneuburg <312>,28
"Wien 4.Bezirk, Wieden <904>",Krems Land <313>,4
"Wien 4.Bezirk, Wieden <904>",Lilienfeld <314>,1
"Wien 4.Bezirk, Wieden <904>",Melk <315>,5
"Wien 4.Bezirk, Wieden <904>",Mistelbach <316>,5
"Wien 4.Bezirk, Wieden <904>",Mödling <317>,44
"Wien 4.Bezirk, Wieden <904>",Neunkirchen <318>,13
"Wien 4.Bezirk, Wieden <904>",Sankt Pölten Land <319>,17
"Wien 4.Bezirk, Wieden <904>",Scheibbs <320>,2
"Wien 4.Bezirk, Wieden <904>",Tulln <321>,44
"Wien 4.Bezirk, Wieden <904>",Waidhofen an der Thaya <322>,4
"Wien 4.Bezirk, Wieden <904>",Wiener Neustadt Land <323>,14
"Wien 4.Bezirk, Wieden <904>",Wien Umgebung ^<324>,-
"Wien 4.Bezirk, Wieden <904>",Zwettl <325>,2
"Wien 4.Bezirk, Wieden <904>",Stadt Linz <401>,23
"Wien 4.Bezirk, Wieden <904>",Stadt Steyr <402>,-
"Wien 4.Bezirk, Wieden <904>",Stadt Wels <403>,1
"Wien 4.Bezirk, Wieden <904>",Braunau <404>,1
"Wien 4.Bezirk, Wieden <904>",Eferding <405>,1
"Wien 4.Bezirk, Wieden <904>",Freistadt <406>,4
"Wien 4.Bezirk, Wieden <904>",Gmunden <407>,5
"Wien 4.Bezirk, Wieden <904>",Grieskirchen <408>,4
"Wien 4.Bezirk, Wieden <904>",Kirchdorf <409>,-
"Wien 4.Bezirk, Wieden <904>",Linz Land <410>,2
"Wien 4.Bezirk, Wieden <904>",Perg <411>,3
"Wien 4.Bezirk, Wieden <904>",Ried <412>,3
"Wien 4.Bezirk, Wieden <904>",Rohrbach <413>,1
"Wien 4.Bezirk, Wieden <904>",Schärding <414>,1
"Wien 4.Bezirk, Wieden <904>",Steyr Land <415>,5
"Wien 4.Bezirk, Wieden <904>",Urfahr Umgebung <416>,5
"Wien 4.Bezirk, Wieden <904>",Vöcklabruck <417>,3
"Wien 4.Bezirk, Wieden <904>",Wels Land <418>,-
"Wien 4.Bezirk, Wieden <904>",Salzburg (Stadt) <501>,19
"Wien 4.Bezirk, Wieden <904>",Hallein <502>,1
"Wien 4.Bezirk, Wieden <904>",Salzburg Umgebung <503>,9
"Wien 4.Bezirk, Wieden <904>",St. Johann im Pongau <504>,2
"Wien 4.Bezirk, Wieden <904>",Tamsweg <505>,-
"Wien 4.Bezirk, Wieden <904>",Zell am See <506>,2
"Wien 5.Bezirk, Margareten <905>",Eisenstadt (Stadt) <101>,7
"Wien 5.Bezirk, Margareten <905>",Rust (Stadt) <102>,-
"Wien 5.Bezirk, Margareten <905>",Eisenstadt Umgebung <103>,18
"Wien 5.Bezirk, Margareten <905>",Güssing <104>,9
"Wien 5.Bezirk, Margareten <905>",Jennersdorf <105>,5
"Wien 5.Bezirk, Margareten <905>",Mattersburg <106>,11
"Wien 5.Bezirk, Margareten <905>",Neusiedl am See <107>,18
"Wien 5.Bezirk, Margareten <905>",Oberpullendorf <108>,12
"Wien 5.Bezirk, Margareten <905>",Oberwart <109>,5
"Wien 5.Bezirk, Margareten <905>",Klagenfurt (Stadt) <201>,9
"Wien 5.Bezirk, Margareten <905>",Villach (Stadt) <202>,8
"Wien 5.Bezirk, Margareten <905>",Feldkirchen <210>,1
"Wien 5.Bezirk, Margareten <905>",Hermagor <203>,5
"Wien 5.Bezirk, Margareten <905>",Klagenfurt Land <204>,9
"Wien 5.Bezirk, Margareten <905>",Sankt Veit an der Glan <205>,1
"Wien 5.Bezirk, Margareten <905>",Spittal an der Drau <206>,6
"Wien 5.Bezirk, Margareten <905>",Villach Land <207>,7
"Wien 5.Bezirk, Margareten <905>",Völkermarkt <208>,1
"Wien 5.Bezirk, Margareten <905>",Wolfsberg <209>,3
"Wien 5.Bezirk, Margareten <905>",Krems an der Donau (Stadt) <301>,10
"Wien 5.Bezirk, Margareten <905>",Sankt Pölten (Stadt) <302>,11
"Wien 5.Bezirk, Margareten <905>",Waidhofen an der Ybbs (Stadt) <303>,1
"Wien 5.Bezirk, Margareten <905>",Wiener Neustadt (Stadt) <304>,21
"Wien 5.Bezirk, Margareten <905>",Amstetten <305>,6
"Wien 5.Bezirk, Margareten <905>",Baden <306>,69
"Wien 5.Bezirk, Margareten <905>",Bruck an der Leitha <307>,58
"Wien 5.Bezirk, Margareten <905>",Gänserndorf <308>,43
"Wien 5.Bezirk, Margareten <905>",Gmünd <309>,3
"Wien 5.Bezirk, Margareten <905>",Hollabrunn <310>,12
"Wien 5.Bezirk, Margareten <905>",Horn <311>,9
"Wien 5.Bezirk, Margareten <905>",Korneuburg <312>,35
"Wien 5.Bezirk, Margareten <905>",Krems Land <313>,8
"Wien 5.Bezirk, Margareten <905>",Lilienfeld <314>,2
"Wien 5.Bezirk, Margareten <905>",Melk <315>,7
"Wien 5.Bezirk, Margareten <905>",Mistelbach <316>,15
"Wien 5.Bezirk, Margareten <905>",Mödling <317>,115
"Wien 5.Bezirk, Margareten <905>",Neunkirchen <318>,21
"Wien 5.Bezirk, Margareten <905>",Sankt Pölten Land <319>,37
"Wien 5.Bezirk, Margareten <905>",Scheibbs <320>,2
"Wien 5.Bezirk, Margareten <905>",Tulln <321>,42
"Wien 5.Bezirk, Margareten <905>",Waidhofen an der Thaya <322>,3
"Wien 5.Bezirk, Margareten <905>",Wiener Neustadt Land <323>,20
"Wien 5.Bezirk, Margareten <905>",Wien Umgebung ^<324>,-
"Wien 5.Bezirk, Margareten <905>",Zwettl <325>,7
"Wien 5.Bezirk, Margareten <905>",Stadt Linz <401>,32
"Wien 5.Bezirk, Margareten <905>",Stadt Steyr <402>,8
"Wien 5.Bezirk, Margareten <905>",Stadt Wels <403>,6
"Wien 5.Bezirk, Margareten <905>",Braunau <404>,11
"Wien 5.Bezirk, Margareten <905>",Eferding <405>,-
"Wien 5.Bezirk, Margareten <905>",Freistadt <406>,5
"Wien 5.Bezirk, Margareten <905>",Gmunden <407>,12
"Wien 5.Bezirk, Margareten <905>",Grieskirchen <408>,2
"Wien 5.Bezirk, Margareten <905>",Kirchdorf <409>,1
"Wien 5.Bezirk, Margareten <905>",Linz Land <410>,7
"Wien 5.Bezirk, Margareten <905>",Perg <411>,8
"Wien 5.Bezirk, Margareten <905>",Ried <412>,1
"Wien 5.Bezirk, Margareten <905>",Rohrbach <413>,4
"Wien 5.Bezirk, Margareten <905>",Schärding <414>,7
"Wien 5.Bezirk, Margareten <905>",Steyr Land <415>,3
"Wien 5.Bezirk, Margareten <905>",Urfahr Umgebung <416>,4
"Wien 5.Bezirk, Margareten <905>",Vöcklabruck <417>,16
"Wien 5.Bezirk, Margareten <905>",Wels Land <418>,4
"Wien 5.Bezirk, Margareten <905>",Salzburg (Stadt) <501>,22
"Wien 5.Bezirk, Margareten <905>",Hallein <502>,5
"Wien 5.Bezirk, Margareten <905>",Salzburg Umgebung <503>,13
"Wien 5.Bezirk, Margareten <905>",St. Johann im Pongau <504>,2
"Wien 5.Bezirk, Margareten <905>",Tamsweg <505>,2
"Wien 5.Bezirk, Margareten <905>",Zell am See <506>,4
"Wien 6.Bezirk, Mariahilf <906>",Eisenstadt (Stadt) <101>,1
"Wien 6.Bezirk, Mariahilf <906>",Rust (Stadt) <102>,-
"Wien 6.Bezirk, Mariahilf <906>",Eisenstadt Umgebung <103>,6
"Wien 6.Bezirk, Mariahilf <906>",Güssing <104>,2
"Wien 6.Bezirk, Mariahilf <906>",Jennersdorf <105>,1
"Wien 6.Bezirk, Mariahilf <906>",Mattersburg <106>,2
"Wien 6.Bezirk, Mariahilf <906>",Neusiedl am See <107>,10
"Wien 6.Bezirk, Mariahilf <906>",Oberpullendorf <108>,5
"Wien 6.Bezirk, Mariahilf <906>",Oberwart <109>,6
"Wien 6.Bezirk, Mariahilf <906>",Klagenfurt (Stadt) <201>,12
"Wien 6.Bezirk, Mariahilf <906>",Villach (Stadt) <202>,4
"Wien 6.Bezirk, Mariahilf <906>",Feldkirchen <210>,1
"Wien 6.Bezirk, Mariahilf <906>",Hermagor <203>,1
"Wien 6.Bezirk, Mariahilf <906>",Klagenfurt Land <204>,2
"Wien 6.Bezirk, Mariahilf <906>",Sankt Veit an der Glan <205>,-
"Wien 6.Bezirk, Mariahilf <906>",Spittal an der Drau <206>,1
"Wien 6.Bezirk, Mariahilf <906>",Villach Land <207>,4
"Wien 6.Bezirk, Mariahilf <906>",Völkermarkt <208>,3
"Wien 6.Bezirk, Mariahilf <906>",Wolfsberg <209>,3
"Wien 6.Bezirk, Mariahilf <906>",Krems an der Donau (Stadt) <301>,6
"Wien 6.Bezirk, Mariahilf <906>",Sankt Pölten (Stadt) <302>,12
"Wien 6.Bezirk, Mariahilf <906>",Waidhofen an der Ybbs (Stadt) <303>,-
"Wien 6.Bezirk, Mariahilf <906>",Wiener Neustadt (Stadt) <304>,4
"Wien 6.Bezirk, Mariahilf <906>",Amstetten <305>,2
"Wien 6.Bezirk, Mariahilf <906>",Baden <306>,30
"Wien 6.Bezirk, Mariahilf <906>",Bruck an der Leitha <307>,21
"Wien 6.Bezirk, Mariahilf <906>",Gänserndorf <308>,20
"Wien 6.Bezirk, Mariahilf <906>",Gmünd <309>,5
"Wien 6.Bezirk, Mariahilf <906>",Hollabrunn <310>,8
"Wien 6.Bezirk, Mariahilf <906>",Horn <311>,2
"Wien 6.Bezirk, Mariahilf <906>",Korneuburg <312>,16
"Wien 6.Bezirk, Mariahilf <906>",Krems Land <313>,10
"Wien 6.Bezirk, Mariahilf <906>",Lilienfeld <314>,-
"Wien 6.Bezirk, Mariahilf <906>",Melk <315>,7
"Wien 6.Bezirk, Mariahilf <906>",Mistelbach <316>,15
"Wien 6.Bezirk, Mariahilf <906>",Mödling <317>,48
"Wien 6.Bezirk, Mariahilf <906>",Neunkirchen <318>,10
"Wien 6.Bezirk, Mariahilf <906>",Sankt Pölten Land <319>,29
"Wien 6.Bezirk, Mariahilf <906>",Scheibbs <320>,2
"Wien 6.Bezirk, Mariahilf <906>",Tulln <321>,32
"Wien 6.Bezirk, Mariahilf <906>",Waidhofen an der Thaya <322>,-
"Wien 6.Bezirk, Mariahilf <906>",Wiener Neustadt Land <323>,22
"Wien 6.Bezirk, Mariahilf <906>",Wien Umgebung ^<324>,-
"Wien 6.Bezirk, Mariahilf <906>",Zwettl <325>,2
"Wien 6.Bezirk, Mariahilf <906>",Stadt Linz <401>,37
"Wien 6.Bezirk, Mariahilf <906>",Stadt Steyr <402>,1
"Wien 6.Bezirk, Mariahilf <906>",Stadt Wels <403>,2
"Wien 6.Bezirk, Mariahilf <906>",Braunau <404>,2
"Wien 6.Bezirk, Mariahilf <906>",Eferding <405>,1
"Wien 6.Bezirk, Mariahilf <906>",Freistadt <406>,-
"Wien 6.Bezirk, Mariahilf <906>",Gmunden <407>,7
"Wien 6.Bezirk, Mariahilf <906>",Grieskirchen <408>,1
"Wien 6.Bezirk, Mariahilf <906>",Kirchdorf <409>,4
"Wien 6.Bezirk, Mariahilf <906>",Linz Land <410>,5
"Wien 6.Bezirk, Mariahilf <906>",Perg <411>,5
"Wien 6.Bezirk, Mariahilf <906>",Ried <412>,1
"Wien 6.Bezirk, Mariahilf <906>",Rohrbach <413>,1
"Wien 6.Bezirk, Mariahilf <906>",Schärding <414>,1
"Wien 6.Bezirk, Mariahilf <906>",Steyr Land <415>,2
"Wien 6.Bezirk, Mariahilf <906>",Urfahr Umgebung <416>,3
"Wien 6.Bezirk, Mariahilf <906>",Vöcklabruck <417>,15
"Wien 6.Bezirk, Mariahilf <906>",Wels Land <418>,1
"Wien 6.Bezirk, Mariahilf <906>",Salzburg (Stadt) <501>,20
"Wien 6.Bezirk, Mariahilf <906>",Hallein <502>,-
"Wien 6.Bezirk, Mariahilf <906>",Salzburg Umgebung <503>,7
"Wien 6.Bezirk, Mariahilf <906>",St. Johann im Pongau <504>,6
"Wien 6.Bezirk, Mariahilf <906>",Tamsweg <505>,-
"Wien 6.Bezirk, Mariahilf <906>",Zell am See <506>,5
"Wien 7.Bezirk, Neubau <907>",Eisenstadt (Stadt) <101>,10
"Wien 7.Bezirk, Neubau <907>",Rust (Stadt) <102>,1
"Wien 7.Bezirk, Neubau <907>",Eisenstadt Umgebung <103>,10
"Wien 7.Bezirk, Neubau <907>",Güssing <104>,6
"Wien 7.Bezirk, Neubau <907>",Jennersdorf <105>,1
"Wien 7.Bezirk, Neubau <907>",Mattersburg <106>,-
"Wien 7.Bezirk, Neubau <907>",Neusiedl am See <107>,18
"Wien 7.Bezirk, Neubau <907>",Oberpullendorf <108>,8
"Wien 7.Bezirk, Neubau <907>",Oberwart <109>,6
"Wien 7.Bezirk, Neubau <907>",Klagenfurt (Stadt) <201>,10
"Wien 7.Bezirk, Neubau <907>",Villach (Stadt) <202>,3
"Wien 7.Bezirk, Neubau <907>",Feldkirchen <210>,1
"Wien 7.Bezirk, Neubau <907>",Hermagor <203>,1
"Wien 7.Bezirk, Neubau <907>",Klagenfurt Land <204>,4
"Wien 7.Bezirk, Neubau <907>",Sankt Veit an der Glan <205>,-
"Wien 7.Bezirk, Neubau <907>",Spittal an der Drau <206>,4
"Wien 7.Bezirk, Neubau <907>",Villach Land <207>,5
"Wien 7.Bezirk, Neubau <907>",Völkermarkt <208>,1
"Wien 7.Bezirk, Neubau <907>",Wolfsberg <209>,-
"Wien 7.Bezirk, Neubau <907>",Krems an der Donau (Stadt) <301>,3
"Wien 7.Bezirk, Neubau <907>",Sankt Pölten (Stadt) <302>,4
"Wien 7.Bezirk, Neubau <907>",Waidhofen an der Ybbs (Stadt) <303>,3
"Wien 7.Bezirk, Neubau <907>",Wiener Neustadt (Stadt) <304>,6
"Wien 7.Bezirk, Neubau <907>",Amstetten <305>,3
"Wien 7.Bezirk, Neubau <907>",Baden <306>,31
"Wien 7.Bezirk, Neubau <907>",Bruck an der Leitha <307>,17
"Wien 7.Bezirk, Neubau <907>",Gänserndorf <308>,9
"Wien 7.Bezirk, Neubau <907>",Gmünd <309>,4
"Wien 7.Bezirk, Neubau <907>",Hollabrunn <310>,6
"Wien 7.Bezirk, Neubau <907>",Horn <311>,8
"Wien 7.Bezirk, Neubau <907>",Korneuburg <312>,15
"Wien 7.Bezirk, Neubau <907>",Krems Land <313>,6
"Wien 7.Bezirk, Neubau <907>",Lilienfeld <314>,4
"Wien 7.Bezirk, Neubau <907>",Melk <315>,5
"Wien 7.Bezirk, Neubau <907>",Mistelbach <316>,7
"Wien 7.Bezirk, Neubau <907>",Mödling <317>,34
"Wien 7.Bezirk, Neubau <907>",Neunkirchen <318>,7
"Wien 7.Bezirk, Neubau <907>",Sankt Pölten Land <319>,26
"Wien 7.Bezirk, Neubau <907>",Scheibbs <320>,1
"Wien 7.Bezirk, Neubau <907>",Tulln <321>,36
"Wien 7.Bezirk, Neubau <907>",Waidhofen an der Thaya <322>,-
"Wien 7.Bezirk, Neubau <907>",Wiener Neustadt Land <323>,2
"Wien 7.Bezirk, Neubau <907>",Wien Umgebung ^<324>,-
"Wien 7.Bezirk, Neubau <907>",Zwettl <325>,2
"Wien 7.Bezirk, Neubau <907>",Stadt Linz <401>,17
"Wien 7.Bezirk, Neubau <907>",Stadt Steyr <402>,3
"Wien 7.Bezirk, Neubau <907>",Stadt Wels <403>,2
"Wien 7.Bezirk, Neubau <907>",Braunau <404>,5
"Wien 7.Bezirk, Neubau <907>",Eferding <405>,1
"Wien 7.Bezirk, Neubau <907>",Freistadt <406>,1
"Wien 7.Bezirk, Neubau <907>",Gmunden <407>,7
"Wien 7.Bezirk, Neubau <907>",Grieskirchen <408>,7
"Wien 7.Bezirk, Neubau <907>",Kirchdorf <409>,-
"Wien 7.Bezirk, Neubau <907>",Linz Land <410>,7
"Wien 7.Bezirk, Neubau <907>",Perg <411>,4
"Wien 7.Bezirk, Neubau <907>",Ried <412>,6
"Wien 7.Bezirk, Neubau <907>",Rohrbach <413>,-
"Wien 7.Bezirk, Neubau <907>",Schärding <414>,2
"Wien 7.Bezirk, Neubau <907>",Steyr Land <415>,1
"Wien 7.Bezirk, Neubau <907>",Urfahr Umgebung <416>,2
"Wien 7.Bezirk, Neubau <907>",Vöcklabruck <417>,8
"Wien 7.Bezirk, Neubau <907>",Wels Land <418>,-
"Wien 7.Bezirk, Neubau <907>",Salzburg (Stadt) <501>,18
"Wien 7.Bezirk, Neubau <907>",Hallein <502>,1
"Wien 7.Bezirk, Neubau <907>",Salzburg Umgebung <503>,11
"Wien 7.Bezirk, Neubau <907>",St. Johann im Pongau <504>,1
"Wien 7.Bezirk, Neubau <907>",Tamsweg <505>,-
"Wien 7.Bezirk, Neubau <907>",Zell am See <506>,1
"Wien 8.Bezirk, Josefstadt <908>",Eisenstadt (Stadt) <101>,34
"Wien 8.Bezirk, Josefstadt <908>",Rust (Stadt) <102>,-
"Wien 8.Bezirk, Josefstadt <908>",Eisenstadt Umgebung <103>,3
"Wien 8.Bezirk, Josefstadt <908>",Güssing <104>,2
"Wien 8.Bezirk, Josefstadt <908>",Jennersdorf <105>,-
"Wien 8.Bezirk, Josefstadt <908>",Mattersburg <106>,2
"Wien 8.Bezirk, Josefstadt <908>",Neusiedl am See <107>,6
"Wien 8.Bezirk, Josefstadt <908>",Oberpullendorf <108>,-
"Wien 8.Bezirk, Josefstadt <908>",Oberwart <109>,4
"Wien 8.Bezirk, Josefstadt <908>",Klagenfurt (Stadt) <201>,74
"Wien 8.Bezirk, Josefstadt <908>",Villach (Stadt) <202>,6
"Wien 8.Bezirk, Josefstadt <908>",Feldkirchen <210>,-
"Wien 8.Bezirk, Josefstadt <908>",Hermagor <203>,-
"Wien 8.Bezirk, Josefstadt <908>",Klagenfurt Land <204>,4
"Wien 8.Bezirk, Josefstadt <908>",Sankt Veit an der Glan <205>,2
"Wien 8.Bezirk, Josefstadt <908>",Spittal an der Drau <206>,1
"Wien 8.Bezirk, Josefstadt <908>",Villach Land <207>,2
"Wien 8.Bezirk, Josefstadt <908>",Völkermarkt <208>,6
"Wien 8.Bezirk, Josefstadt <908>",Wolfsberg <209>,1
"Wien 8.Bezirk, Josefstadt <908>",Krems an der Donau (Stadt) <301>,133
"Wien 8.Bezirk, Josefstadt <908>",Sankt Pölten (Stadt) <302>,88
"Wien 8.Bezirk, Josefstadt <908>",Waidhofen an der Ybbs (Stadt) <303>,-
"Wien 8.Bezirk, Josefstadt <908>",Wiener Neustadt (Stadt) <304>,31
"Wien 8.Bezirk, Josefstadt <908>",Amstetten <305>,2
"Wien 8.Bezirk, Josefstadt <908>",Baden <306>,94
"Wien 8.Bezirk, Josefstadt <908>",Bruck an der Leitha <307>,17
"Wien 8.Bezirk, Josefstadt <908>",Gänserndorf <308>,18
"Wien 8.Bezirk, Josefstadt <908>",Gmünd <309>,-
"Wien 8.Bezirk, Josefstadt <908>",Hollabrunn <310>,56
"Wien 8.Bezirk, Josefstadt <908>",Horn <311>,2
"Wien 8.Bezirk, Josefstadt <908>",Korneuburg <312>,49
"Wien 8.Bezirk, Josefstadt <908>",Krems Land <313>,4
"Wien 8.Bezirk, Josefstadt <908>",Lilienfeld <314>,2
"Wien 8.Bezirk, Josefstadt <908>",Melk <315>,5
"Wien 8.Bezirk, Josefstadt <908>",Mistelbach <316>,6
"Wien 8.Bezirk, Josefstadt <908>",Mödling <317>,27
"Wien 8.Bezirk, Josefstadt <908>",Neunkirchen <318>,58
"Wien 8.Bezirk, Josefstadt <908>",Sankt Pölten Land <319>,37
"Wien 8.Bezirk, Josefstadt <908>",Scheibbs <320>,-
"Wien 8.Bezirk, Josefstadt <908>",Tulln <321>,24
"Wien 8.Bezirk, Josefstadt <908>",Waidhofen an der Thaya <322>,1
"Wien 8.Bezirk, Josefstadt <908>",Wiener Neustadt Land <323>,6
"Wien 8.Bezirk, Josefstadt <908>",Wien Umgebung ^<324>,-
"Wien 8.Bezirk, Josefstadt <908>",Zwettl <325>,1
"Wien 8.Bezirk, Josefstadt <908>",Stadt Linz <401>,21
"Wien 8.Bezirk, Josefstadt <908>",Stadt Steyr <402>,3
"Wien 8.Bezirk, Josefstadt <908>",Stadt Wels <403>,3
"Wien 8.Bezirk, Josefstadt <908>",Braunau <404>,1
"Wien 8.Bezirk, Josefstadt <908>",Eferding <405>,-
"Wien 8.Bezirk, Josefstadt <908>",Freistadt <406>,1
"Wien 8.Bezirk, Josefstadt <908>",Gmunden <407>,4
"Wien 8.Bezirk, Josefstadt <908>",Grieskirchen <408>,1
"Wien 8.Bezirk, Josefstadt <908>",Kirchdorf <409>,-
"Wien 8.Bezirk, Josefstadt <908>",Linz Land <410>,15
"Wien 8.Bezirk, Josefstadt <908>",Perg <411>,-
"Wien 8.Bezirk, Josefstadt <908>",Ried <412>,12
"Wien 8.Bezirk, Josefstadt <908>",Rohrbach <413>,1
"Wien 8.Bezirk, Josefstadt <908>",Schärding <414>,9
"Wien 8.Bezirk, Josefstadt <908>",Steyr Land <415>,15
"Wien 8.Bezirk, Josefstadt <908>",Urfahr Umgebung <416>,2
"Wien 8.Bezirk, Josefstadt <908>",Vöcklabruck <417>,2
"Wien 8.Bezirk, Josefstadt <908>",Wels Land <418>,3
"Wien 8.Bezirk, Josefstadt <908>",Salzburg (Stadt) <501>,33
"Wien 8.Bezirk, Josefstadt <908>",Hallein <502>,2
"Wien 8.Bezirk, Josefstadt <908>",Salzburg Umgebung <503>,9
"Wien 8.Bezirk, Josefstadt <908>",St. Johann im Pongau <504>,1
"Wien 8.Bezirk, Josefstadt <908>",Tamsweg <505>,-
"Wien 8.Bezirk, Josefstadt <908>",Zell am See <506>,5
"Wien 9.Bezirk, Alsergrund <909>",Eisenstadt (Stadt) <101>,3
"Wien 9.Bezirk, Alsergrund <909>",Rust (Stadt) <102>,1
"Wien 9.Bezirk, Alsergrund <909>",Eisenstadt Umgebung <103>,18
"Wien 9.Bezirk, Alsergrund <909>",Güssing <104>,1
"Wien 9.Bezirk, Alsergrund <909>",Jennersdorf <105>,1
"Wien 9.Bezirk, Alsergrund <909>",Mattersburg <106>,5
"Wien 9.Bezirk, Alsergrund <909>",Neusiedl am See <107>,6
"Wien 9.Bezirk, Alsergrund <909>",Oberpullendorf <108>,3
"Wien 9.Bezirk, Alsergrund <909>",Oberwart <109>,6
"Wien 9.Bezirk, Alsergrund <909>",Klagenfurt (Stadt) <201>,20
"Wien 9.Bezirk, Alsergrund <909>",Villach (Stadt) <202>,5
"Wien 9.Bezirk, Alsergrund <909>",Feldkirchen <210>,5
"Wien 9.Bezirk, Alsergrund <909>",Hermagor <203>,1
"Wien 9.Bezirk, Alsergrund <909>",Klagenfurt Land <204>,8
"Wien 9.Bezirk, Alsergrund <909>",Sankt Veit an der Glan <205>,1
"Wien 9.Bezirk, Alsergrund <909>",Spittal an der Drau <206>,4
"Wien 9.Bezirk, Alsergrund <909>",Villach Land <207>,2
"Wien 9.Bezirk, Alsergrund <909>",Völkermarkt <208>,2
"Wien 9.Bezirk, Alsergrund <909>",Wolfsberg <209>,4
"Wien 9.Bezirk, Alsergrund <909>",Krems an der Donau (Stadt) <301>,6
"Wien 9.Bezirk, Alsergrund <909>",Sankt Pölten (Stadt) <302>,6
"Wien 9.Bezirk, Alsergrund <909>",Waidhofen an der Ybbs (Stadt) <303>,2
"Wien 9.Bezirk, Alsergrund <909>",Wiener Neustadt (Stadt) <304>,8
"Wien 9.Bezirk, Alsergrund <909>",Amstetten <305>,5
"Wien 9.Bezirk, Alsergrund <909>",Baden <306>,41
"Wien 9.Bezirk, Alsergrund <909>",Bruck an der Leitha <307>,18
"Wien 9.Bezirk, Alsergrund <909>",Gänserndorf <308>,23
"Wien 9.Bezirk, Alsergrund <909>",Gmünd <309>,5
"Wien 9.Bezirk, Alsergrund <909>",Hollabrunn <310>,4
"Wien 9.Bezirk, Alsergrund <909>",Horn <311>,4
"Wien 9.Bezirk, Alsergrund <909>",Korneuburg <312>,36
"Wien 9.Bezirk, Alsergrund <909>",Krems Land <313>,10
"Wien 9.Bezirk, Alsergrund <909>",Lilienfeld <314>,4
"Wien 9.Bezirk, Alsergrund <909>",Melk <315>,6
"Wien 9.Bezirk, Alsergrund <909>",Mistelbach <316>,14
"Wien 9.Bezirk, Alsergrund <909>",Mödling <317>,41
"Wien 9.Bezirk, Alsergrund <909>",Neunkirchen <318>,11
"Wien 9.Bezirk, Alsergrund <909>",Sankt Pölten Land <319>,23
"Wien 9.Bezirk, Alsergrund <909>",Scheibbs <320>,2
"Wien 9.Bezirk, Alsergrund <909>",Tulln <321>,69
"Wien 9.Bezirk, Alsergrund <909>",Waidhofen an der Thaya <322>,5
"Wien 9.Bezirk, Alsergrund <909>",Wiener Neustadt Land <323>,13
"Wien 9.Bezirk, Alsergrund <909>",Wien Umgebung ^<324>,-
"Wien 9.Bezirk, Alsergrund <909>",Zwettl <325>,1
"Wien 9.Bezirk, Alsergrund <909>",Stadt Linz <401>,18
"Wien 9.Bezirk, Alsergrund <909>",Stadt Steyr <402>,1
"Wien 9.Bezirk, Alsergrund <909>",Stadt Wels <403>,4
"Wien 9.Bezirk, Alsergrund <909>",Braunau <404>,4
"Wien 9.Bezirk, Alsergrund <909>",Eferding <405>,2
"Wien 9.Bezirk, Alsergrund <909>",Freistadt <406>,1
"Wien 9.Bezirk, Alsergrund <909>",Gmunden <407>,11
"Wien 9.Bezirk, Alsergrund <909>",Grieskirchen <408>,1
"Wien 9.Bezirk, Alsergrund <909>",Kirchdorf <409>,-
"Wien 9.Bezirk, Alsergrund <909>",Linz Land <410>,6
"Wien 9.Bezirk, Alsergrund <909>",Perg <411>,-
"Wien 9.Bezirk, Alsergrund <909>",Ried <412>,-
"Wien 9.Bezirk, Alsergrund <909>",Rohrbach <413>,2
"Wien 9.Bezirk, Alsergrund <909>",Schärding <414>,1
"Wien 9.Bezirk, Alsergrund <909>",Steyr Land <415>,1
"Wien 9.Bezirk, Alsergrund <909>",Urfahr Umgebung <416>,4
"Wien 9.Bezirk, Alsergrund <909>",Vöcklabruck <417>,5
"Wien 9.Bezirk, Alsergrund <909>",Wels Land <418>,6
"Wien 9.Bezirk, Alsergrund <909>",Salzburg (Stadt) <501>,21
"Wien 9.Bezirk, Alsergrund <909>",Hallein <502>,6
"Wien 9.Bezirk, Alsergrund <909>",Salzburg Umgebung <503>,6
"Wien 9.Bezirk, Alsergrund <909>",St. Johann im Pongau <504>,5
"Wien 9.Bezirk, Alsergrund <909>",Tamsweg <505>,1
"Wien 9.Bezirk, Alsergrund <909>",Zell am See <506>,3
"Wien 10.Bezirk, Favoriten <910>",Eisenstadt (Stadt) <101>,33
"Wien 10.Bezirk, Favoriten <910>",Rust (Stadt) <102>,2
"Wien 10.Bezirk, Favoriten <910>",Eisenstadt Umgebung <103>,62
"Wien 10.Bezirk, Favoriten <910>",Güssing <104>,18
"Wien 10.Bezirk, Favoriten <910>",Jennersdorf <105>,5
"Wien 10.Bezirk, Favoriten <910>",Mattersburg <106>,30
"Wien 10.Bezirk, Favoriten <910>",Neusiedl am See <107>,63
"Wien 10.Bezirk, Favoriten <910>",Oberpullendorf <108>,56
"Wien 10.Bezirk, Favoriten <910>",Oberwart <109>,45
"Wien 10.Bezirk, Favoriten <910>",Klagenfurt (Stadt) <201>,33
"Wien 10.Bezirk, Favoriten <910>",Villach (Stadt) <202>,16
"Wien 10.Bezirk, Favoriten <910>",Feldkirchen <210>,3
"Wien 10.Bezirk, Favoriten <910>",Hermagor <203>,2
"Wien 10.Bezirk, Favoriten <910>",Klagenfurt Land <204>,6
"Wien 10.Bezirk, Favoriten <910>",Sankt Veit an der Glan <205>,7
"Wien 10.Bezirk, Favoriten <910>",Spittal an der Drau <206>,17
"Wien 10.Bezirk, Favoriten <910>",Villach Land <207>,7
"Wien 10.Bezirk, Favoriten <910>",Völkermarkt <208>,5
"Wien 10.Bezirk, Favoriten <910>",Wolfsberg <209>,11
"Wien 10.Bezirk, Favoriten <910>",Krems an der Donau (Stadt) <301>,17
"Wien 10.Bezirk, Favoriten <910>",Sankt Pölten (Stadt) <302>,87
"Wien 10.Bezirk, Favoriten <910>",Waidhofen an der Ybbs (Stadt) <303>,4
"Wien 10.Bezirk, Favoriten <910>",Wiener Neustadt (Stadt) <304>,135
"Wien 10.Bezirk, Favoriten <910>",Amstetten <305>,22
"Wien 10.Bezirk, Favoriten <910>",Baden <306>,453
"Wien 10.Bezirk, Favoriten <910>",Bruck an der Leitha <307>,519
"Wien 10.Bezirk, Favoriten <910>",Gänserndorf <308>,272
"Wien 10.Bezirk, Favoriten <910>",Gmünd <309>,19
"Wien 10.Bezirk, Favoriten <910>",Hollabrunn <310>,50
"Wien 10.Bezirk, Favoriten <910>",Horn <311>,16
"Wien 10.Bezirk, Favoriten <910>",Korneuburg <312>,121
"Wien 10.Bezirk, Favoriten <910>",Krems Land <313>,23
"Wien 10.Bezirk, Favoriten <910>",Lilienfeld <314>,18
"Wien 10.Bezirk, Favoriten <910>",Melk <315>,28
"Wien 10.Bezirk, Favoriten <910>",Mistelbach <316>,70
"Wien 10.Bezirk, Favoriten <910>",Mödling <317>,345
"Wien 10.Bezirk, Favoriten <910>",Neunkirchen <318>,84
"Wien 10.Bezirk, Favoriten <910>",Sankt Pölten Land <319>,120
"Wien 10.Bezirk, Favoriten <910>",Scheibbs <320>,8
"Wien 10.Bezirk, Favoriten <910>",Tulln <321>,96
"Wien 10.Bezirk, Favoriten <910>",Waidhofen an der Thaya <322>,22
"Wien 10.Bezirk, Favoriten <910>",Wiener Neustadt Land <323>,126
"Wien 10.Bezirk, Favoriten <910>",Wien Umgebung ^<324>,-
"Wien 10.Bezirk, Favoriten <910>",Zwettl <325>,21
"Wien 10.Bezirk, Favoriten <910>",Stadt Linz <401>,153
"Wien 10.Bezirk, Favoriten <910>",Stadt Steyr <402>,14
"Wien 10.Bezirk, Favoriten <910>",Stadt Wels <403>,29
"Wien 10.Bezirk, Favoriten <910>",Braunau <404>,23
"Wien 10.Bezirk, Favoriten <910>",Eferding <405>,4
"Wien 10.Bezirk, Favoriten <910>",Freistadt <406>,1
"Wien 10.Bezirk, Favoriten <910>",Gmunden <407>,24
"Wien 10.Bezirk, Favoriten <910>",Grieskirchen <408>,9
"Wien 10.Bezirk, Favoriten <910>",Kirchdorf <409>,11
"Wien 10.Bezirk, Favoriten <910>",Linz Land <410>,27
"Wien 10.Bezirk, Favoriten <910>",Perg <411>,17
"Wien 10.Bezirk, Favoriten <910>",Ried <412>,10
"Wien 10.Bezirk, Favoriten <910>",Rohrbach <413>,1
"Wien 10.Bezirk, Favoriten <910>",Schärding <414>,17
"Wien 10.Bezirk, Favoriten <910>",Steyr Land <415>,9
"Wien 10.Bezirk, Favoriten <910>",Urfahr Umgebung <416>,10
"Wien 10.Bezirk, Favoriten <910>",Vöcklabruck <417>,43
"Wien 10.Bezirk, Favoriten <910>",Wels Land <418>,8
"Wien 10.Bezirk, Favoriten <910>",Salzburg (Stadt) <501>,69
"Wien 10.Bezirk, Favoriten <910>",Hallein <502>,17
"Wien 10.Bezirk, Favoriten <910>",Salzburg Umgebung <503>,21
"Wien 10.Bezirk, Favoriten <910>",St. Johann im Pongau <504>,11
"Wien 10.Bezirk, Favoriten <910>",Tamsweg <505>,2
"Wien 10.Bezirk, Favoriten <910>",Zell am See <506>,19
"Wien 11.Bezirk, Simmering <911>",Eisenstadt (Stadt) <101>,9
"Wien 11.Bezirk, Simmering <911>",Rust (Stadt) <102>,-
"Wien 11.Bezirk, Simmering <911>",Eisenstadt Umgebung <103>,34
"Wien 11.Bezirk, Simmering <911>",Güssing <104>,10
"Wien 11.Bezirk, Simmering <911>",Jennersdorf <105>,2
"Wien 11.Bezirk, Simmering <911>",Mattersburg <106>,20
"Wien 11.Bezirk, Simmering <911>",Neusiedl am See <107>,71
"Wien 11.Bezirk, Simmering <911>",Oberpullendorf <108>,25
"Wien 11.Bezirk, Simmering <911>",Oberwart <109>,23
"Wien 11.Bezirk, Simmering <911>",Klagenfurt (Stadt) <201>,13
"Wien 11.Bezirk, Simmering <911>",Villach (Stadt) <202>,19
"Wien 11.Bezirk, Simmering <911>",Feldkirchen <210>,-
"Wien 11.Bezirk, Simmering <911>",Hermagor <203>,-
"Wien 11.Bezirk, Simmering <911>",Klagenfurt Land <204>,10
"Wien 11.Bezirk, Simmering <911>",Sankt Veit an der Glan <205>,1
"Wien 11.Bezirk, Simmering <911>",Spittal an der Drau <206>,4
"Wien 11.Bezirk, Simmering <911>",Villach Land <207>,2
"Wien 11.Bezirk, Simmering <911>",Völkermarkt <208>,1
"Wien 11.Bezirk, Simmering <911>",Wolfsberg <209>,5
"Wien 11.Bezirk, Simmering <911>",Krems an der Donau (Stadt) <301>,13
"Wien 11.Bezirk, Simmering <911>",Sankt Pölten (Stadt) <302>,33
"Wien 11.Bezirk, Simmering <911>",Waidhofen an der Ybbs (Stadt) <303>,-
"Wien 11.Bezirk, Simmering <911>",Wiener Neustadt (Stadt) <304>,51
"Wien 11.Bezirk, Simmering <911>",Amstetten <305>,8
"Wien 11.Bezirk, Simmering <911>",Baden <306>,170
"Wien 11.Bezirk, Simmering <911>",Bruck an der Leitha <307>,491
"Wien 11.Bezirk, Simmering <911>",Gänserndorf <308>,143
"Wien 11.Bezirk, Simmering <911>",Gmünd <309>,3
"Wien 11.Bezirk, Simmering <911>",Hollabrunn <310>,27
"Wien 11.Bezirk, Simmering <911>",Horn <311>,8
"Wien 11.Bezirk, Simmering <911>",Korneuburg <312>,52
"Wien 11.Bezirk, Simmering <911>",Krems Land <313>,7
"Wien 11.Bezirk, Simmering <911>",Lilienfeld <314>,4
"Wien 11.Bezirk, Simmering <911>",Melk <315>,12
"Wien 11.Bezirk, Simmering <911>",Mistelbach <316>,44
"Wien 11.Bezirk, Simmering <911>",Mödling <317>,89
"Wien 11.Bezirk, Simmering <911>",Neunkirchen <318>,43
"Wien 11.Bezirk, Simmering <911>",Sankt Pölten Land <319>,44
"Wien 11.Bezirk, Simmering <911>",Scheibbs <320>,5
"Wien 11.Bezirk, Simmering <911>",Tulln <321>,47
"Wien 11.Bezirk, Simmering <911>",Waidhofen an der Thaya <322>,5
"Wien 11.Bezirk, Simmering <911>",Wiener Neustadt Land <323>,51
"Wien 11.Bezirk, Simmering <911>",Wien Umgebung ^<324>,-
"Wien 11.Bezirk, Simmering <911>",Zwettl <325>,11
"Wien 11.Bezirk, Simmering <911>",Stadt Linz <401>,38
"Wien 11.Bezirk, Simmering <911>",Stadt Steyr <402>,4
"Wien 11.Bezirk, Simmering <911>",Stadt Wels <403>,11
"Wien 11.Bezirk, Simmering <911>",Braunau <404>,7
"Wien 11.Bezirk, Simmering <911>",Eferding <405>,1
"Wien 11.Bezirk, Simmering <911>",Freistadt <406>,4
"Wien 11.Bezirk, Simmering <911>",Gmunden <407>,4
"Wien 11.Bezirk, Simmering <911>",Grieskirchen <408>,5
"Wien 11.Bezirk, Simmering <911>",Kirchdorf <409>,7
"Wien 11.Bezirk, Simmering <911>",Linz Land <410>,18
"Wien 11.Bezirk, Simmering <911>",Perg <411>,9
"Wien 11.Bezirk, Simmering <911>",Ried <412>,2
"Wien 11.Bezirk, Simmering <911>",Rohrbach <413>,2
"Wien 11.Bezirk, Simmering <911>",Schärding <414>,6
"Wien 11.Bezirk, Simmering <911>",Steyr Land <415>,7
"Wien 11.Bezirk, Simmering <911>",Urfahr Umgebung <416>,2
"Wien 11.Bezirk, Simmering <911>",Vöcklabruck <417>,20
"Wien 11.Bezirk, Simmering <911>",Wels Land <418>,4
"Wien 11.Bezirk, Simmering <911>",Salzburg (Stadt) <501>,27
"Wien 11.Bezirk, Simmering <911>",Hallein <502>,-
"Wien 11.Bezirk, Simmering <911>",Salzburg Umgebung <503>,8
"Wien 11.Bezirk, Simmering <911>",St. Johann im Pongau <504>,5
"Wien 11.Bezirk, Simmering <911>",Tamsweg <505>,-
"Wien 11.Bezirk, Simmering <911>",Zell am See <506>,7
"Wien 12.Bezirk, Meidling <912>",Eisenstadt (Stadt) <101>,18
"Wien 12.Bezirk, Meidling <912>",Rust (Stadt) <102>,-
"Wien 12.Bezirk, Meidling <912>",Eisenstadt Umgebung <103>,43
"Wien 12.Bezirk, Meidling <912>",Güssing <104>,11
"Wien 12.Bezirk, Meidling <912>",Jennersdorf <105>,4
"Wien 12.Bezirk, Meidling <912>",Mattersburg <106>,13
"Wien 12.Bezirk, Meidling <912>",Neusiedl am See <107>,30
"Wien 12.Bezirk, Meidling <912>",Oberpullendorf <108>,14
"Wien 12.Bezirk, Meidling <912>",Oberwart <109>,13
"Wien 12.Bezirk, Meidling <912>",Klagenfurt (Stadt) <201>,20
"Wien 12.Bezirk, Meidling <912>",Villach (Stadt) <202>,15
"Wien 12.Bezirk, Meidling <912>",Feldkirchen <210>,4
"Wien 12.Bezirk, Meidling <912>",Hermagor <203>,-
"Wien 12.Bezirk, Meidling <912>",Klagenfurt Land <204>,8
"Wien 12.Bezirk, Meidling <912>",Sankt Veit an der Glan <205>,2
"Wien 12.Bezirk, Meidling <912>",Spittal an der Drau <206>,3
"Wien 12.Bezirk, Meidling <912>",Villach Land <207>,4
"Wien 12.Bezirk, Meidling <912>",Völkermarkt <208>,3
"Wien 12.Bezirk, Meidling <912>",Wolfsberg <209>,4
"Wien 12.Bezirk, Meidling <912>",Krems an der Donau (Stadt) <301>,13
"Wien 12.Bezirk, Meidling <912>",Sankt Pölten (Stadt) <302>,38
"Wien 12.Bezirk, Meidling <912>",Waidhofen an der Ybbs (Stadt) <303>,3
"Wien 12.Bezirk, Meidling <912>",Wiener Neustadt (Stadt) <304>,50
"Wien 12.Bezirk, Meidling <912>",Amstetten <305>,23
"Wien 12.Bezirk, Meidling <912>",Baden <306>,161
"Wien 12.Bezirk, Meidling <912>",Bruck an der Leitha <307>,123
"Wien 12.Bezirk, Meidling <912>",Gänserndorf <308>,90
"Wien 12.Bezirk, Meidling <912>",Gmünd <309>,5
"Wien 12.Bezirk, Meidling <912>",Hollabrunn <310>,31
"Wien 12.Bezirk, Meidling <912>",Horn <311>,11
"Wien 12.Bezirk, Meidling <912>",Korneuburg <312>,66
"Wien 12.Bezirk, Meidling <912>",Krems Land <313>,6
"Wien 12.Bezirk, Meidling <912>",Lilienfeld <314>,11
"Wien 12.Bezirk, Meidling <912>",Melk <315>,30
"Wien 12.Bezirk, Meidling <912>",Mistelbach <316>,34
"Wien 12.Bezirk, Meidling <912>",Mödling <317>,226
"Wien 12.Bezirk, Meidling <912>",Neunkirchen <318>,54
"Wien 12.Bezirk, Meidling <912>",Sankt Pölten Land <319>,107
"Wien 12.Bezirk, Meidling <912>",Scheibbs <320>,3
"Wien 12.Bezirk, Meidling <912>",Tulln <321>,59
"Wien 12.Bezirk, Meidling <912>",Waidhofen an der Thaya <322>,4
"Wien 12.Bezirk, Meidling <912>",Wiener Neustadt Land <323>,45
"Wien 12.Bezirk, Meidling <912>",Wien Umgebung ^<324>,-
"Wien 12.Bezirk, Meidling <912>",Zwettl <325>,9
"Wien 12.Bezirk, Meidling <912>",Stadt Linz <401>,40
"Wien 12.Bezirk, Meidling <912>",Stadt Steyr <402>,2
"Wien 12.Bezirk, Meidling <912>",Stadt Wels <403>,20
"Wien 12.Bezirk, Meidling <912>",Braunau <404>,5
"Wien 12.Bezirk, Meidling <912>",Eferding <405>,1
"Wien 12.Bezirk, Meidling <912>",Freistadt <406>,5
"Wien 12.Bezirk, Meidling <912>",Gmunden <407>,16
"Wien 12.Bezirk, Meidling <912>",Grieskirchen <408>,12
"Wien 12.Bezirk, Meidling <912>",Kirchdorf <409>,6
"Wien 12.Bezirk, Meidling <912>",Linz Land <410>,9
"Wien 12.Bezirk, Meidling <912>",Perg <411>,7
"Wien 12.Bezirk, Meidling <912>",Ried <412>,4
"Wien 12.Bezirk, Meidling <912>",Rohrbach <413>,-
"Wien 12.Bezirk, Meidling <912>",Schärding <414>,8
"Wien 12.Bezirk, Meidling <912>",Steyr Land <415>,7
"Wien 12.Bezirk, Meidling <912>",Urfahr Umgebung <416>,7
"Wien 12.Bezirk, Meidling <912>",Vöcklabruck <417>,22
"Wien 12.Bezirk, Meidling <912>",Wels Land <418>,4
"Wien 12.Bezirk, Meidling <912>",Salzburg (Stadt) <501>,19
"Wien 12.Bezirk, Meidling <912>",Hallein <502>,2
"Wien 12.Bezirk, Meidling <912>",Salzburg Umgebung <503>,6
"Wien 12.Bezirk, Meidling <912>",St. Johann im Pongau <504>,5
"Wien 12.Bezirk, Meidling <912>",Tamsweg <505>,-
"Wien 12.Bezirk, Meidling <912>",Zell am See <506>,6
"Wien 13.Bezirk, Hietzing <913>",Eisenstadt (Stadt) <101>,6
"Wien 13.Bezirk, Hietzing <913>",Rust (Stadt) <102>,-
"Wien 13.Bezirk, Hietzing <913>",Eisenstadt Umgebung <103>,10
"Wien 13.Bezirk, Hietzing <913>",Güssing <104>,6
"Wien 13.Bezirk, Hietzing <913>",Jennersdorf <105>,2
"Wien 13.Bezirk, Hietzing <913>",Mattersburg <106>,4
"Wien 13.Bezirk, Hietzing <913>",Neusiedl am See <107>,12
"Wien 13.Bezirk, Hietzing <913>",Oberpullendorf <108>,4
"Wien 13.Bezirk, Hietzing <913>",Oberwart <109>,8
"Wien 13.Bezirk, Hietzing <913>",Klagenfurt (Stadt) <201>,16
"Wien 13.Bezirk, Hietzing <913>",Villach (Stadt) <202>,6
"Wien 13.Bezirk, Hietzing <913>",Feldkirchen <210>,4
"Wien 13.Bezirk, Hietzing <913>",Hermagor <203>,2
"Wien 13.Bezirk, Hietzing <913>",Klagenfurt Land <204>,2
"Wien 13.Bezirk, Hietzing <913>",Sankt Veit an der Glan <205>,1
"Wien 13.Bezirk, Hietzing <913>",Spittal an der Drau <206>,2
"Wien 13.Bezirk, Hietzing <913>",Villach Land <207>,9
"Wien 13.Bezirk, Hietzing <913>",Völkermarkt <208>,3
"Wien 13.Bezirk, Hietzing <913>",Wolfsberg <209>,2
"Wien 13.Bezirk, Hietzing <913>",Krems an der Donau (Stadt) <301>,6
"Wien 13.Bezirk, Hietzing <913>",Sankt Pölten (Stadt) <302>,10
"Wien 13.Bezirk, Hietzing <913>",Waidhofen an der Ybbs (Stadt) <303>,2
"Wien 13.Bezirk, Hietzing <913>",Wiener Neustadt (Stadt) <304>,18
"Wien 13.Bezirk, Hietzing <913>",Amstetten <305>,4
"Wien 13.Bezirk, Hietzing <913>",Baden <306>,68
"Wien 13.Bezirk, Hietzing <913>",Bruck an der Leitha <307>,38
"Wien 13.Bezirk, Hietzing <913>",Gänserndorf <308>,30
"Wien 13.Bezirk, Hietzing <913>",Gmünd <309>,2
"Wien 13.Bezirk, Hietzing <913>",Hollabrunn <310>,2
"Wien 13.Bezirk, Hietzing <913>",Horn <311>,3
"Wien 13.Bezirk, Hietzing <913>",Korneuburg <312>,29
"Wien 13.Bezirk, Hietzing <913>",Krems Land <313>,9
"Wien 13.Bezirk, Hietzing <913>",Lilienfeld <314>,20
"Wien 13.Bezirk, Hietzing <913>",Melk <315>,6
"Wien 13.Bezirk, Hietzing <913>",Mistelbach <316>,18
"Wien 13.Bezirk, Hietzing <913>",Mödling <317>,102
"Wien 13.Bezirk, Hietzing <913>",Neunkirchen <318>,15
"Wien 13.Bezirk, Hietzing <913>",Sankt Pölten Land <319>,86
"Wien 13.Bezirk, Hietzing <913>",Scheibbs <320>,5
"Wien 13.Bezirk, Hietzing <913>",Tulln <321>,34
"Wien 13.Bezirk, Hietzing <913>",Waidhofen an der Thaya <322>,1
"Wien 13.Bezirk, Hietzing <913>",Wiener Neustadt Land <323>,13
"Wien 13.Bezirk, Hietzing <913>",Wien Umgebung ^<324>,-
"Wien 13.Bezirk, Hietzing <913>",Zwettl <325>,3
"Wien 13.Bezirk, Hietzing <913>",Stadt Linz <401>,23
"Wien 13.Bezirk, Hietzing <913>",Stadt Steyr <402>,1
"Wien 13.Bezirk, Hietzing <913>",Stadt Wels <403>,2
"Wien 13.Bezirk, Hietzing <913>",Braunau <404>,4
"Wien 13.Bezirk, Hietzing <913>",Eferding <405>,1
"Wien 13.Bezirk, Hietzing <913>",Freistadt <406>,1
"Wien 13.Bezirk, Hietzing <913>",Gmunden <407>,16
"Wien 13.Bezirk, Hietzing <913>",Grieskirchen <408>,-
"Wien 13.Bezirk, Hietzing <913>",Kirchdorf <409>,1
"Wien 13.Bezirk, Hietzing <913>",Linz Land <410>,6
"Wien 13.Bezirk, Hietzing <913>",Perg <411>,4
"Wien 13.Bezirk, Hietzing <913>",Ried <412>,4
"Wien 13.Bezirk, Hietzing <913>",Rohrbach <413>,4
"Wien 13.Bezirk, Hietzing <913>",Schärding <414>,2
"Wien 13.Bezirk, Hietzing <913>",Steyr Land <415>,-
"Wien 13.Bezirk, Hietzing <913>",Urfahr Umgebung <416>,5
"Wien 13.Bezirk, Hietzing <913>",Vöcklabruck <417>,2
"Wien 13.Bezirk, Hietzing <913>",Wels Land <418>,5
"Wien 13.Bezirk, Hietzing <913>",Salzburg (Stadt) <501>,11
"Wien 13.Bezirk, Hietzing <913>",Hallein <502>,2
"Wien 13.Bezirk, Hietzing <913>",Salzburg Umgebung <503>,5
"Wien 13.Bezirk, Hietzing <913>",St. Johann im Pongau <504>,4
"Wien 13.Bezirk, Hietzing <913>",Tamsweg <505>,2
"Wien 13.Bezirk, Hietzing <913>",Zell am See <506>,2
"Wien 14.Bezirk, Penzing <914>",Eisenstadt (Stadt) <101>,8
"Wien 14.Bezirk, Penzing <914>",Rust (Stadt) <102>,-
"Wien 14.Bezirk, Penzing <914>",Eisenstadt Umgebung <103>,17
"Wien 14.Bezirk, Penzing <914>",Güssing <104>,9
"Wien 14.Bezirk, Penzing <914>",Jennersdorf <105>,4
"Wien 14.Bezirk, Penzing <914>",Mattersburg <106>,12
"Wien 14.Bezirk, Penzing <914>",Neusiedl am See <107>,21
"Wien 14.Bezirk, Penzing <914>",Oberpullendorf <108>,20
"Wien 14.Bezirk, Penzing <914>",Oberwart <109>,19
"Wien 14.Bezirk, Penzing <914>",Klagenfurt (Stadt) <201>,17
"Wien 14.Bezirk, Penzing <914>",Villach (Stadt) <202>,9
"Wien 14.Bezirk, Penzing <914>",Feldkirchen <210>,-
"Wien 14.Bezirk, Penzing <914>",Hermagor <203>,1
"Wien 14.Bezirk, Penzing <914>",Klagenfurt Land <204>,2
"Wien 14.Bezirk, Penzing <914>",Sankt Veit an der Glan <205>,2
"Wien 14.Bezirk, Penzing <914>",Spittal an der Drau <206>,10
"Wien 14.Bezirk, Penzing <914>",Villach Land <207>,3
"Wien 14.Bezirk, Penzing <914>",Völkermarkt <208>,5
"Wien 14.Bezirk, Penzing <914>",Wolfsberg <209>,3
"Wien 14.Bezirk, Penzing <914>",Krems an der Donau (Stadt) <301>,8
"Wien 14.Bezirk, Penzing <914>",Sankt Pölten (Stadt) <302>,48
"Wien 14.Bezirk, Penzing <914>",Waidhofen an der Ybbs (Stadt) <303>,12
"Wien 14.Bezirk, Penzing <914>",Wiener Neustadt (Stadt) <304>,39
"Wien 14.Bezirk, Penzing <914>",Amstetten <305>,13
"Wien 14.Bezirk, Penzing <914>",Baden <306>,97
"Wien 14.Bezirk, Penzing <914>",Bruck an der Leitha <307>,75
"Wien 14.Bezirk, Penzing <914>",Gänserndorf <308>,55
"Wien 14.Bezirk, Penzing <914>",Gmünd <309>,9
"Wien 14.Bezirk, Penzing <914>",Hollabrunn <310>,13
"Wien 14.Bezirk, Penzing <914>",Horn <311>,7
"Wien 14.Bezirk, Penzing <914>",Korneuburg <312>,48
"Wien 14.Bezirk, Penzing <914>",Krems Land <313>,7
"Wien 14.Bezirk, Penzing <914>",Lilienfeld <314>,11
"Wien 14.Bezirk, Penzing <914>",Melk <315>,25
"Wien 14.Bezirk, Penzing <914>",Mistelbach <316>,23
"Wien 14.Bezirk, Penzing <914>",Mödling <317>,106
"Wien 14.Bezirk, Penzing <914>",Neunkirchen <318>,28
"Wien 14.Bezirk, Penzing <914>",Sankt Pölten Land <319>,307
"Wien 14.Bezirk, Penzing <914>",Scheibbs <320>,5
"Wien 14.Bezirk, Penzing <914>",Tulln <321>,90
"Wien 14.Bezirk, Penzing <914>",Waidhofen an der Thaya <322>,9
"Wien 14.Bezirk, Penzing <914>",Wiener Neustadt Land <323>,29
"Wien 14.Bezirk, Penzing <914>",Wien Umgebung ^<324>,-
"Wien 14.Bezirk, Penzing <914>",Zwettl <325>,7
"Wien 14.Bezirk, Penzing <914>",Stadt Linz <401>,36
"Wien 14.Bezirk, Penzing <914>",Stadt Steyr <402>,3
"Wien 14.Bezirk, Penzing <914>",Stadt Wels <403>,8
"Wien 14.Bezirk, Penzing <914>",Braunau <404>,16
"Wien 14.Bezirk, Penzing <914>",Eferding <405>,2
"Wien 14.Bezirk, Penzing <914>",Freistadt <406>,5
"Wien 14.Bezirk, Penzing <914>",Gmunden <407>,8
"Wien 14.Bezirk, Penzing <914>",Grieskirchen <408>,1
"Wien 14.Bezirk, Penzing <914>",Kirchdorf <409>,2
"Wien 14.Bezirk, Penzing <914>",Linz Land <410>,13
"Wien 14.Bezirk, Penzing <914>",Perg <411>,3
"Wien 14.Bezirk, Penzing <914>",Ried <412>,5
"Wien 14.Bezirk, Penzing <914>",Rohrbach <413>,4
"Wien 14.Bezirk, Penzing <914>",Schärding <414>,4
"Wien 14.Bezirk, Penzing <914>",Steyr Land <415>,6
"Wien 14.Bezirk, Penzing <914>",Urfahr Umgebung <416>,9
"Wien 14.Bezirk, Penzing <914>",Vöcklabruck <417>,18
"Wien 14.Bezirk, Penzing <914>",Wels Land <418>,3
"Wien 14.Bezirk, Penzing <914>",Salzburg (Stadt) <501>,33
"Wien 14.Bezirk, Penzing <914>",Hallein <502>,3
"Wien 14.Bezirk, Penzing <914>",Salzburg Umgebung <503>,11
"Wien 14.Bezirk, Penzing <914>",St. Johann im Pongau <504>,12
"Wien 14.Bezirk, Penzing <914>",Tamsweg <505>,2
"Wien 14.Bezirk, Penzing <914>",Zell am See <506>,9
"Wien 15.Bezirk, Rudolfsheim-Fünfhaus <915>",Eisenstadt (Stadt) <101>,11
"Wien 15.Bezirk, Rudolfsheim-Fünfhaus <915>",Rust (Stadt) <102>,-
"Wien 15.Bezirk, Rudolfsheim-Fünfhaus <915>",Eisenstadt Umgebung <103>,22
"Wien 15.Bezirk, Rudolfsheim-Fünfhaus <915>",Güssing <104>,6
"Wien 15.Bezirk, Rudolfsheim-Fünfhaus <915>",Jennersdorf <105>,-
"Wien 15.Bezirk, Rudolfsheim-Fünfhaus <915>",Mattersburg <106>,18
"Wien 15.Bezirk, Rudolfsheim-Fünfhaus <915>",Neusiedl am See <107>,19
"Wien 15.Bezirk, Rudolfsheim-Fünfhaus <915>",Oberpullendorf <108>,11
"Wien 15.Bezirk, Rudolfsheim-Fünfhaus <915>",Oberwart <109>,13
"Wien 15.Bezirk, Rudolfsheim-Fünfhaus <915>",Klagenfurt (Stadt) <201>,17
"Wien 15.Bezirk, Rudolfsheim-Fünfhaus <915>",Villach (Stadt) <202>,11
"Wien 15.Bezirk, Rudolfsheim-Fünfhaus <915>",Feldkirchen <210>,1
"Wien 15.Bezirk, Rudolfsheim-Fünfhaus <915>",Hermagor <203>,-
"Wien 15.Bezirk, Rudolfsheim-Fünfhaus <915>",Klagenfurt Land <204>,4
"Wien 15.Bezirk, Rudolfsheim-Fünfhaus <915>",Sankt Veit an der Glan <205>,5
"Wien 15.Bezirk, Rudolfsheim-Fünfhaus <915>",Spittal an der Drau <206>,3
"Wien 15.Bezirk, Rudolfsheim-Fünfhaus <915>",Villach Land <207>,11
"Wien 15.Bezirk, Rudolfsheim-Fünfhaus <915>",Völkermarkt <208>,1
"Wien 15.Bezirk, Rudolfsheim-Fünfhaus <915>",Wolfsberg <209>,7
"Wien 15.Bezirk, Rudolfsheim-Fünfhaus <915>",Krems an der Donau (Stadt) <301>,11
"Wien 15.Bezirk, Rudolfsheim-Fünfhaus <915>",Sankt Pölten (Stadt) <302>,32
"Wien 15.Bezirk, Rudolfsheim-Fünfhaus <915>",Waidhofen an der Ybbs (Stadt) <303>,7
"Wien 15.Bezirk, Rudolfsheim-Fünfhaus <915>",Wiener Neustadt (Stadt) <304>,32
"Wien 15.Bezirk, Rudolfsheim-Fünfhaus <915>",Amstetten <305>,16
"Wien 15.Bezirk, Rudolfsheim-Fünfhaus <915>",Baden <306>,90
"Wien 15.Bezirk, Rudolfsheim-Fünfhaus <915>",Bruck an der Leitha <307>,85
"Wien 15.Bezirk, Rudolfsheim-Fünfhaus <915>",Gänserndorf <308>,49
"Wien 15.Bezirk, Rudolfsheim-Fünfhaus <915>",Gmünd <309>,6
"Wien 15.Bezirk, Rudolfsheim-Fünfhaus <915>",Hollabrunn <310>,10
"Wien 15.Bezirk, Rudolfsheim-Fünfhaus <915>",Horn <311>,4
"Wien 15.Bezirk, Rudolfsheim-Fünfhaus <915>",Korneuburg <312>,51
"Wien 15.Bezirk, Rudolfsheim-Fünfhaus <915>",Krems Land <313>,9
"Wien 15.Bezirk, Rudolfsheim-Fünfhaus <915>",Lilienfeld <314>,11
"Wien 15.Bezirk, Rudolfsheim-Fünfhaus <915>",Melk <315>,17
"Wien 15.Bezirk, Rudolfsheim-Fünfhaus <915>",Mistelbach <316>,19
"Wien 15.Bezirk, Rudolfsheim-Fünfhaus <915>",Mödling <317>,94
"Wien 15.Bezirk, Rudolfsheim-Fünfhaus <915>",Neunkirchen <318>,29
"Wien 15.Bezirk, Rudolfsheim-Fünfhaus <915>",Sankt Pölten Land <319>,86
"Wien 15.Bezirk, Rudolfsheim-Fünfhaus <915>",Scheibbs <320>,8
"Wien 15.Bezirk, Rudolfsheim-Fünfhaus <915>",Tulln <321>,56
"Wien 15.Bezirk, Rudolfsheim-Fünfhaus <915>",Waidhofen an der Thaya <322>,7
"Wien 15.Bezirk, Rudolfsheim-Fünfhaus <915>",Wiener Neustadt Land <323>,18
"Wien 15.Bezirk, Rudolfsheim-Fünfhaus <915>",Wien Umgebung ^<324>,-
"Wien 15.Bezirk, Rudolfsheim-Fünfhaus <915>",Zwettl <325>,2
"Wien 15.Bezirk, Rudolfsheim-Fünfhaus <915>",Stadt Linz <401>,57
"Wien 15.Bezirk, Rudolfsheim-Fünfhaus <915>",Stadt Steyr <402>,6
"Wien 15.Bezirk, Rudolfsheim-Fünfhaus <915>",Stadt Wels <403>,14
"Wien 15.Bezirk, Rudolfsheim-Fünfhaus <915>",Braunau <404>,5
"Wien 15.Bezirk, Rudolfsheim-Fünfhaus <915>",Eferding <405>,2
"Wien 15.Bezirk, Rudolfsheim-Fünfhaus <915>",Freistadt <406>,6
"Wien 15.Bezirk, Rudolfsheim-Fünfhaus <915>",Gmunden <407>,11
"Wien 15.Bezirk, Rudolfsheim-Fünfhaus <915>",Grieskirchen <408>,3
"Wien 15.Bezirk, Rudolfsheim-Fünfhaus <915>",Kirchdorf <409>,9
"Wien 15.Bezirk, Rudolfsheim-Fünfhaus <915>",Linz Land <410>,16
"Wien 15.Bezirk, Rudolfsheim-Fünfhaus <915>",Perg <411>,1
"Wien 15.Bezirk, Rudolfsheim-Fünfhaus <915>",Ried <412>,5
"Wien 15.Bezirk, Rudolfsheim-Fünfhaus <915>",Rohrbach <413>,5
"Wien 15.Bezirk, Rudolfsheim-Fünfhaus <915>",Schärding <414>,4
"Wien 15.Bezirk, Rudolfsheim-Fünfhaus <915>",Steyr Land <415>,8
"Wien 15.Bezirk, Rudolfsheim-Fünfhaus <915>",Urfahr Umgebung <416>,4
"Wien 15.Bezirk, Rudolfsheim-Fünfhaus <915>",Vöcklabruck <417>,15
"Wien 15.Bezirk, Rudolfsheim-Fünfhaus <915>",Wels Land <418>,6
"Wien 15.Bezirk, Rudolfsheim-Fünfhaus <915>",Salzburg (Stadt) <501>,32
"Wien 15.Bezirk, Rudolfsheim-Fünfhaus <915>",Hallein <502>,3
"Wien 15.Bezirk, Rudolfsheim-Fünfhaus <915>",Salzburg Umgebung <503>,28
"Wien 15.Bezirk, Rudolfsheim-Fünfhaus <915>",St. Johann im Pongau <504>,6
"Wien 15.Bezirk, Rudolfsheim-Fünfhaus <915>",Tamsweg <505>,-
"Wien 15.Bezirk, Rudolfsheim-Fünfhaus <915>",Zell am See <506>,12
"Wien 16.Bezirk, Ottakring <916>",Eisenstadt (Stadt) <101>,3
"Wien 16.Bezirk, Ottakring <916>",Rust (Stadt) <102>,-
"Wien 16.Bezirk, Ottakring <916>",Eisenstadt Umgebung <103>,17
"Wien 16.Bezirk, Ottakring <916>",Güssing <104>,5
"Wien 16.Bezirk, Ottakring <916>",Jennersdorf <105>,7
"Wien 16.Bezirk, Ottakring <916>",Mattersburg <106>,8
"Wien 16.Bezirk, Ottakring <916>",Neusiedl am See <107>,26
"Wien 16.Bezirk, Ottakring <916>",Oberpullendorf <108>,8
"Wien 16.Bezirk, Ottakring <916>",Oberwart <109>,14
"Wien 16.Bezirk, Ottakring <916>",Klagenfurt (Stadt) <201>,26
"Wien 16.Bezirk, Ottakring <916>",Villach (Stadt) <202>,7
"Wien 16.Bezirk, Ottakring <916>",Feldkirchen <210>,5
"Wien 16.Bezirk, Ottakring <916>",Hermagor <203>,3
"Wien 16.Bezirk, Ottakring <916>",Klagenfurt Land <204>,5
"Wien 16.Bezirk, Ottakring <916>",Sankt Veit an der Glan <205>,5
"Wien 16.Bezirk, Ottakring <916>",Spittal an der Drau <206>,2
"Wien 16.Bezirk, Ottakring <916>",Villach Land <207>,9
"Wien 16.Bezirk, Ottakring <916>",Völkermarkt <208>,3
"Wien 16.Bezirk, Ottakring <916>",Wolfsberg <209>,3
"Wien 16.Bezirk, Ottakring <916>",Krems an der Donau (Stadt) <301>,9
"Wien 16.Bezirk, Ottakring <916>",Sankt Pölten (Stadt) <302>,30
"Wien 16.Bezirk, Ottakring <916>",Waidhofen an der Ybbs (Stadt) <303>,6
"Wien 16.Bezirk, Ottakring <916>",Wiener Neustadt (Stadt) <304>,41
"Wien 16.Bezirk, Ottakring <916>",Amstetten <305>,18
"Wien 16.Bezirk, Ottakring <916>",Baden <306>,98
"Wien 16.Bezirk, Ottakring <916>",Bruck an der Leitha <307>,88
"Wien 16.Bezirk, Ottakring <916>",Gänserndorf <308>,87
"Wien 16.Bezirk, Ottakring <916>",Gmünd <309>,6
"Wien 16.Bezirk, Ottakring <916>",Hollabrunn <310>,28
"Wien 16.Bezirk, Ottakring <916>",Horn <311>,13
"Wien 16.Bezirk, Ottakring <916>",Korneuburg <312>,76
"Wien 16.Bezirk, Ottakring <916>",Krems Land <313>,13
"Wien 16.Bezirk, Ottakring <916>",Lilienfeld <314>,8
"Wien 16.Bezirk, Ottakring <916>",Melk <315>,16
"Wien 16.Bezirk, Ottakring <916>",Mistelbach <316>,47
"Wien 16.Bezirk, Ottakring <916>",Mödling <317>,104
"Wien 16.Bezirk, Ottakring <916>",Neunkirchen <318>,32
"Wien 16.Bezirk, Ottakring <916>",Sankt Pölten Land <319>,125
"Wien 16.Bezirk, Ottakring <916>",Scheibbs <320>,7
"Wien 16.Bezirk, Ottakring <916>",Tulln <321>,108
"Wien 16.Bezirk, Ottakring <916>",Waidhofen an der Thaya <322>,9
"Wien 16.Bezirk, Ottakring <916>",Wiener Neustadt Land <323>,11
"Wien 16.Bezirk, Ottakring <916>",Wien Umgebung ^<324>,-
"Wien 16.Bezirk, Ottakring <916>",Zwettl <325>,10
"Wien 16.Bezirk, Ottakring <916>",Stadt Linz <401>,54
"Wien 16.Bezirk, Ottakring <916>",Stadt Steyr <402>,7
"Wien 16.Bezirk, Ottakring <916>",Stadt Wels <403>,13
"Wien 16.Bezirk, Ottakring <916>",Braunau <404>,8
"Wien 16.Bezirk, Ottakring <916>",Eferding <405>,2
"Wien 16.Bezirk, Ottakring <916>",Freistadt <406>,6
"Wien 16.Bezirk, Ottakring <916>",Gmunden <407>,18
"Wien 16.Bezirk, Ottakring <916>",Grieskirchen <408>,6
"Wien 16.Bezirk, Ottakring <916>",Kirchdorf <409>,5
"Wien 16.Bezirk, Ottakring <916>",Linz Land <410>,18
"Wien 16.Bezirk, Ottakring <916>",Perg <411>,-
"Wien 16.Bezirk, Ottakring <916>",Ried <412>,3
"Wien 16.Bezirk, Ottakring <916>",Rohrbach <413>,4
"Wien 16.Bezirk, Ottakring <916>",Schärding <414>,5
"Wien 16.Bezirk, Ottakring <916>",Steyr Land <415>,7
"Wien 16.Bezirk, Ottakring <916>",Urfahr Umgebung <416>,4
"Wien 16.Bezirk, Ottakring <916>",Vöcklabruck <417>,27
"Wien 16.Bezirk, Ottakring <916>",Wels Land <418>,7
"Wien 16.Bezirk, Ottakring <916>",Salzburg (Stadt) <501>,42
"Wien 16.Bezirk, Ottakring <916>",Hallein <502>,3
"Wien 16.Bezirk, Ottakring <916>",Salzburg Umgebung <503>,18
"Wien 16.Bezirk, Ottakring <916>",St. Johann im Pongau <504>,6
"Wien 16.Bezirk, Ottakring <916>",Tamsweg <505>,2
"Wien 16.Bezirk, Ottakring <916>",Zell am See <506>,11
"Wien 17.Bezirk, Hernals <917>",Eisenstadt (Stadt) <101>,6
"Wien 17.Bezirk, Hernals <917>",Rust (Stadt) <102>,1
"Wien 17.Bezirk, Hernals <917>",Eisenstadt Umgebung <103>,7
"Wien 17.Bezirk, Hernals <917>",Güssing <104>,6
"Wien 17.Bezirk, Hernals <917>",Jennersdorf <105>,2
"Wien 17.Bezirk, Hernals <917>",Mattersburg <106>,-
"Wien 17.Bezirk, Hernals <917>",Neusiedl am See <107>,15
"Wien 17.Bezirk, Hernals <917>",Oberpullendorf <108>,9
"Wien 17.Bezirk, Hernals <917>",Oberwart <109>,9
"Wien 17.Bezirk, Hernals <917>",Klagenfurt (Stadt) <201>,7
"Wien 17.Bezirk, Hernals <917>",Villach (Stadt) <202>,12
"Wien 17.Bezirk, Hernals <917>",Feldkirchen <210>,1
"Wien 17.Bezirk, Hernals <917>",Hermagor <203>,1
"Wien 17.Bezirk, Hernals <917>",Klagenfurt Land <204>,8
"Wien 17.Bezirk, Hernals <917>",Sankt Veit an der Glan <205>,3
"Wien 17.Bezirk, Hernals <917>",Spittal an der Drau <206>,2
"Wien 17.Bezirk, Hernals <917>",Villach Land <207>,4
"Wien 17.Bezirk, Hernals <917>",Völkermarkt <208>,5
"Wien 17.Bezirk, Hernals <917>",Wolfsberg <209>,3
"Wien 17.Bezirk, Hernals <917>",Krems an der Donau (Stadt) <301>,9
"Wien 17.Bezirk, Hernals <917>",Sankt Pölten (Stadt) <302>,22
"Wien 17.Bezirk, Hernals <917>",Waidhofen an der Ybbs (Stadt) <303>,1
"Wien 17.Bezirk, Hernals <917>",Wiener Neustadt (Stadt) <304>,16
"Wien 17.Bezirk, Hernals <917>",Amstetten <305>,7
"Wien 17.Bezirk, Hernals <917>",Baden <306>,28
"Wien 17.Bezirk, Hernals <917>",Bruck an der Leitha <307>,25
"Wien 17.Bezirk, Hernals <917>",Gänserndorf <308>,38
"Wien 17.Bezirk, Hernals <917>",Gmünd <309>,3
"Wien 17.Bezirk, Hernals <917>",Hollabrunn <310>,8
"Wien 17.Bezirk, Hernals <917>",Horn <311>,1
"Wien 17.Bezirk, Hernals <917>",Korneuburg <312>,52
"Wien 17.Bezirk, Hernals <917>",Krems Land <313>,5
"Wien 17.Bezirk, Hernals <917>",Lilienfeld <314>,1
"Wien 17.Bezirk, Hernals <917>",Melk <315>,14
"Wien 17.Bezirk, Hernals <917>",Mistelbach <316>,28
"Wien 17.Bezirk, Hernals <917>",Mödling <317>,58
"Wien 17.Bezirk, Hernals <917>",Neunkirchen <318>,15
"Wien 17.Bezirk, Hernals <917>",Sankt Pölten Land <319>,77
"Wien 17.Bezirk, Hernals <917>",Scheibbs <320>,5
"Wien 17.Bezirk, Hernals <917>",Tulln <321>,51
"Wien 17.Bezirk, Hernals <917>",Waidhofen an der Thaya <322>,2
"Wien 17.Bezirk, Hernals <917>",Wiener Neustadt Land <323>,11
"Wien 17.Bezirk, Hernals <917>",Wien Umgebung ^<324>,-
"Wien 17.Bezirk, Hernals <917>",Zwettl <325>,8
"Wien 17.Bezirk, Hernals <917>",Stadt Linz <401>,34
"Wien 17.Bezirk, Hernals <917>",Stadt Steyr <402>,2
"Wien 17.Bezirk, Hernals <917>",Stadt Wels <403>,6
"Wien 17.Bezirk, Hernals <917>",Braunau <404>,4
"Wien 17.Bezirk, Hernals <917>",Eferding <405>,1
"Wien 17.Bezirk, Hernals <917>",Freistadt <406>,2
"Wien 17.Bezirk, Hernals <917>",Gmunden <407>,9
"Wien 17.Bezirk, Hernals <917>",Grieskirchen <408>,3
"Wien 17.Bezirk, Hernals <917>",Kirchdorf <409>,3
"Wien 17.Bezirk, Hernals <917>",Linz Land <410>,7
"Wien 17.Bezirk, Hernals <917>",Perg <411>,5
"Wien 17.Bezirk, Hernals <917>",Ried <412>,9
"Wien 17.Bezirk, Hernals <917>",Rohrbach <413>,1
"Wien 17.Bezirk, Hernals <917>",Schärding <414>,5
"Wien 17.Bezirk, Hernals <917>",Steyr Land <415>,2
"Wien 17.Bezirk, Hernals <917>",Urfahr Umgebung <416>,9
"Wien 17.Bezirk, Hernals <917>",Vöcklabruck <417>,7
"Wien 17.Bezirk, Hernals <917>",Wels Land <418>,3
"Wien 17.Bezirk, Hernals <917>",Salzburg (Stadt) <501>,13
"Wien 17.Bezirk, Hernals <917>",Hallein <502>,1
"Wien 17.Bezirk, Hernals <917>",Salzburg Umgebung <503>,6
"Wien 17.Bezirk, Hernals <917>",St. Johann im Pongau <504>,10
"Wien 17.Bezirk, Hernals <917>",Tamsweg <505>,1
"Wien 17.Bezirk, Hernals <917>",Zell am See <506>,8
"Wien 18.Bezirk, Währing <918>",Eisenstadt (Stadt) <101>,1
"Wien 18.Bezirk, Währing <918>",Rust (Stadt) <102>,2
"Wien 18.Bezirk, Währing <918>",Eisenstadt Umgebung <103>,9
"Wien 18.Bezirk, Währing <918>",Güssing <104>,-
"Wien 18.Bezirk, Währing <918>",Jennersdorf <105>,1
"Wien 18.Bezirk, Währing <918>",Mattersburg <106>,3
"Wien 18.Bezirk, Währing <918>",Neusiedl am See <107>,7
"Wien 18.Bezirk, Währing <918>",Oberpullendorf <108>,12
"Wien 18.Bezirk, Währing <918>",Oberwart <109>,7
"Wien 18.Bezirk, Währing <918>",Klagenfurt (Stadt) <201>,13
"Wien 18.Bezirk, Währing <918>",Villach (Stadt) <202>,7
"Wien 18.Bezirk, Währing <918>",Feldkirchen <210>,2
"Wien 18.Bezirk, Währing <918>",Hermagor <203>,3
"Wien 18.Bezirk, Währing <918>",Klagenfurt Land <204>,3
"Wien 18.Bezirk, Währing <918>",Sankt Veit an der Glan <205>,-
"Wien 18.Bezirk, Währing <918>",Spittal an der Drau <206>,6
"Wien 18.Bezirk, Währing <918>",Villach Land <207>,9
"Wien 18.Bezirk, Währing <918>",Völkermarkt <208>,5
"Wien 18.Bezirk, Währing <918>",Wolfsberg <209>,6
"Wien 18.Bezirk, Währing <918>",Krems an der Donau (Stadt) <301>,10
"Wien 18.Bezirk, Währing <918>",Sankt Pölten (Stadt) <302>,13
"Wien 18.Bezirk, Währing <918>",Waidhofen an der Ybbs (Stadt) <303>,4
"Wien 18.Bezirk, Währing <918>",Wiener Neustadt (Stadt) <304>,14
"Wien 18.Bezirk, Währing <918>",Amstetten <305>,5
"Wien 18.Bezirk, Währing <918>",Baden <306>,37
"Wien 18.Bezirk, Währing <918>",Bruck an der Leitha <307>,14
"Wien 18.Bezirk, Währing <918>",Gänserndorf <308>,47
"Wien 18.Bezirk, Währing <918>",Gmünd <309>,4
"Wien 18.Bezirk, Währing <918>",Hollabrunn <310>,12
"Wien 18.Bezirk, Währing <918>",Horn <311>,9
"Wien 18.Bezirk, Währing <918>",Korneuburg <312>,37
"Wien 18.Bezirk, Währing <918>",Krems Land <313>,8
"Wien 18.Bezirk, Währing <918>",Lilienfeld <314>,2
"Wien 18.Bezirk, Währing <918>",Melk <315>,18
"Wien 18.Bezirk, Währing <918>",Mistelbach <316>,21
"Wien 18.Bezirk, Währing <918>",Mödling <317>,49
"Wien 18.Bezirk, Währing <918>",Neunkirchen <318>,21
"Wien 18.Bezirk, Währing <918>",Sankt Pölten Land <319>,35
"Wien 18.Bezirk, Währing <918>",Scheibbs <320>,4
"Wien 18.Bezirk, Währing <918>",Tulln <321>,64
"Wien 18.Bezirk, Währing <918>",Waidhofen an der Thaya <322>,3
"Wien 18.Bezirk, Währing <918>",Wiener Neustadt Land <323>,11
"Wien 18.Bezirk, Währing <918>",Wien Umgebung ^<324>,-
"Wien 18.Bezirk, Währing <918>",Zwettl <325>,4
"Wien 18.Bezirk, Währing <918>",Stadt Linz <401>,23
"Wien 18.Bezirk, Währing <918>",Stadt Steyr <402>,-
"Wien 18.Bezirk, Währing <918>",Stadt Wels <403>,3
"Wien 18.Bezirk, Währing <918>",Braunau <404>,5
"Wien 18.Bezirk, Währing <918>",Eferding <405>,-
"Wien 18.Bezirk, Währing <918>",Freistadt <406>,2
"Wien 18.Bezirk, Währing <918>",Gmunden <407>,11
"Wien 18.Bezirk, Währing <918>",Grieskirchen <408>,3
"Wien 18.Bezirk, Währing <918>",Kirchdorf <409>,2
"Wien 18.Bezirk, Währing <918>",Linz Land <410>,7
"Wien 18.Bezirk, Währing <918>",Perg <411>,3
"Wien 18.Bezirk, Währing <918>",Ried <412>,1
"Wien 18.Bezirk, Währing <918>",Rohrbach <413>,1
"Wien 18.Bezirk, Währing <918>",Schärding <414>,2
"Wien 18.Bezirk, Währing <918>",Steyr Land <415>,1
"Wien 18.Bezirk, Währing <918>",Urfahr Umgebung <416>,6
"Wien 18.Bezirk, Währing <918>",Vöcklabruck <417>,16
"Wien 18.Bezirk, Währing <918>",Wels Land <418>,3
"Wien 18.Bezirk, Währing <918>",Salzburg (Stadt) <501>,22
"Wien 18.Bezirk, Währing <918>",Hallein <502>,1
"Wien 18.Bezirk, Währing <918>",Salzburg Umgebung <503>,17
"Wien 18.Bezirk, Währing <918>",St. Johann im Pongau <504>,9
"Wien 18.Bezirk, Währing <918>",Tamsweg <505>,1
"Wien 18.Bezirk, Währing <918>",Zell am See <506>,2
"Wien 19.Bezirk, Döbling <919>",Eisenstadt (Stadt) <101>,7
"Wien 19.Bezirk, Döbling <919>",Rust (Stadt) <102>,1
"Wien 19.Bezirk, Döbling <919>",Eisenstadt Umgebung <103>,16
"Wien 19.Bezirk, Döbling <919>",Güssing <104>,3
"Wien 19.Bezirk, Döbling <919>",Jennersdorf <105>,1
"Wien 19.Bezirk, Döbling <919>",Mattersburg <106>,14
"Wien 19.Bezirk, Döbling <919>",Neusiedl am See <107>,10
"Wien 19.Bezirk, Döbling <919>",Oberpullendorf <108>,11
"Wien 19.Bezirk, Döbling <919>",Oberwart <109>,4
"Wien 19.Bezirk, Döbling <919>",Klagenfurt (Stadt) <201>,11
"Wien 19.Bezirk, Döbling <919>",Villach (Stadt) <202>,3
"Wien 19.Bezirk, Döbling <919>",Feldkirchen <210>,-
"Wien 19.Bezirk, Döbling <919>",Hermagor <203>,1
"Wien 19.Bezirk, Döbling <919>",Klagenfurt Land <204>,3
"Wien 19.Bezirk, Döbling <919>",Sankt Veit an der Glan <205>,3
"Wien 19.Bezirk, Döbling <919>",Spittal an der Drau <206>,2
"Wien 19.Bezirk, Döbling <919>",Villach Land <207>,5
"Wien 19.Bezirk, Döbling <919>",Völkermarkt <208>,-
"Wien 19.Bezirk, Döbling <919>",Wolfsberg <209>,5
"Wien 19.Bezirk, Döbling <919>",Krems an der Donau (Stadt) <301>,8
"Wien 19.Bezirk, Döbling <919>",Sankt Pölten (Stadt) <302>,20
"Wien 19.Bezirk, Döbling <919>",Waidhofen an der Ybbs (Stadt) <303>,1
"Wien 19.Bezirk, Döbling <919>",Wiener Neustadt (Stadt) <304>,12
"Wien 19.Bezirk, Döbling <919>",Amstetten <305>,13
"Wien 19.Bezirk, Döbling <919>",Baden <306>,32
"Wien 19.Bezirk, Döbling <919>",Bruck an der Leitha <307>,44
"Wien 19.Bezirk, Döbling <919>",Gänserndorf <308>,60
"Wien 19.Bezirk, Döbling <919>",Gmünd <309>,6
"Wien 19.Bezirk, Döbling <919>",Hollabrunn <310>,14
"Wien 19.Bezirk, Döbling <919>",Horn <311>,10
"Wien 19.Bezirk, Döbling <919>",Korneuburg <312>,105
"Wien 19.Bezirk, Döbling <919>",Krems Land <313>,14
"Wien 19.Bezirk, Döbling <919>",Lilienfeld <314>,7
"Wien 19.Bezirk, Döbling <919>",Melk <315>,27
"Wien 19.Bezirk, Döbling <919>",Mistelbach <316>,26
"Wien 19.Bezirk, Döbling <919>",Mödling <317>,62
"Wien 19.Bezirk, Döbling <919>",Neunkirchen <318>,20
"Wien 19.Bezirk, Döbling <919>",Sankt Pölten Land <319>,57
"Wien 19.Bezirk, Döbling <919>",Scheibbs <320>,1
"Wien 19.Bezirk, Döbling <919>",Tulln <321>,195
"Wien 19.Bezirk, Döbling <919>",Waidhofen an der Thaya <322>,8
"Wien 19.Bezirk, Döbling <919>",Wiener Neustadt Land <323>,10
"Wien 19.Bezirk, Döbling <919>",Wien Umgebung ^<324>,-
"Wien 19.Bezirk, Döbling <919>",Zwettl <325>,13
"Wien 19.Bezirk, Döbling <919>",Stadt Linz <401>,26
"Wien 19.Bezirk, Döbling <919>",Stadt Steyr <402>,5
"Wien 19.Bezirk, Döbling <919>",Stadt Wels <403>,6
"Wien 19.Bezirk, Döbling <919>",Braunau <404>,-
"Wien 19.Bezirk, Döbling <919>",Eferding <405>,1
"Wien 19.Bezirk, Döbling <919>",Freistadt <406>,1
"Wien 19.Bezirk, Döbling <919>",Gmunden <407>,14
"Wien 19.Bezirk, Döbling <919>",Grieskirchen <408>,1
"Wien 19.Bezirk, Döbling <919>",Kirchdorf <409>,-
"Wien 19.Bezirk, Döbling <919>",Linz Land <410>,5
"Wien 19.Bezirk, Döbling <919>",Perg <411>,5
"Wien 19.Bezirk, Döbling <919>",Ried <412>,2
"Wien 19.Bezirk, Döbling <919>",Rohrbach <413>,1
"Wien 19.Bezirk, Döbling <919>",Schärding <414>,2
"Wien 19.Bezirk, Döbling <919>",Steyr Land <415>,2
"Wien 19.Bezirk, Döbling <919>",Urfahr Umgebung <416>,3
"Wien 19.Bezirk, Döbling <919>",Vöcklabruck <417>,18
"Wien 19.Bezirk, Döbling <919>",Wels Land <418>,3
"Wien 19.Bezirk, Döbling <919>",Salzburg (Stadt) <501>,21
"Wien 19.Bezirk, Döbling <919>",Hallein <502>,3
"Wien 19.Bezirk, Döbling <919>",Salzburg Umgebung <503>,10
"Wien 19.Bezirk, Döbling <919>",St. Johann im Pongau <504>,2
"Wien 19.Bezirk, Döbling <919>",Tamsweg <505>,-
"Wien 19.Bezirk, Döbling <919>",Zell am See <506>,7
"Wien 20.Bezirk, Brigittenau <920>",Eisenstadt (Stadt) <101>,5
"Wien 20.Bezirk, Brigittenau <920>",Rust (Stadt) <102>,-
"Wien 20.Bezirk, Brigittenau <920>",Eisenstadt Umgebung <103>,19
"Wien 20.Bezirk, Brigittenau <920>",Güssing <104>,7
"Wien 20.Bezirk, Brigittenau <920>",Jennersdorf <105>,1
"Wien 20.Bezirk, Brigittenau <920>",Mattersburg <106>,8
"Wien 20.Bezirk, Brigittenau <920>",Neusiedl am See <107>,12
"Wien 20.Bezirk, Brigittenau <920>",Oberpullendorf <108>,17
"Wien 20.Bezirk, Brigittenau <920>",Oberwart <109>,11
"Wien 20.Bezirk, Brigittenau <920>",Klagenfurt (Stadt) <201>,5
"Wien 20.Bezirk, Brigittenau <920>",Villach (Stadt) <202>,6
"Wien 20.Bezirk, Brigittenau <920>",Feldkirchen <210>,1
"Wien 20.Bezirk, Brigittenau <920>",Hermagor <203>,1
"Wien 20.Bezirk, Brigittenau <920>",Klagenfurt Land <204>,5
"Wien 20.Bezirk, Brigittenau <920>",Sankt Veit an der Glan <205>,8
"Wien 20.Bezirk, Brigittenau <920>",Spittal an der Drau <206>,5
"Wien 20.Bezirk, Brigittenau <920>",Villach Land <207>,3
"Wien 20.Bezirk, Brigittenau <920>",Völkermarkt <208>,9
"Wien 20.Bezirk, Brigittenau <920>",Wolfsberg <209>,1
"Wien 20.Bezirk, Brigittenau <920>",Krems an der Donau (Stadt) <301>,15
"Wien 20.Bezirk, Brigittenau <920>",Sankt Pölten (Stadt) <302>,17
"Wien 20.Bezirk, Brigittenau <920>",Waidhofen an der Ybbs (Stadt) <303>,2
"Wien 20.Bezirk, Brigittenau <920>",Wiener Neustadt (Stadt) <304>,41
"Wien 20.Bezirk, Brigittenau <920>",Amstetten <305>,10
"Wien 20.Bezirk, Brigittenau <920>",Baden <306>,55
"Wien 20.Bezirk, Brigittenau <920>",Bruck an der Leitha <307>,107
"Wien 20.Bezirk, Brigittenau <920>",Gänserndorf <308>,158
"Wien 20.Bezirk, Brigittenau <920>",Gmünd <309>,20
"Wien 20.Bezirk, Brigittenau <920>",Hollabrunn <310>,37
"Wien 20.Bezirk, Brigittenau <920>",Horn <311>,15
"Wien 20.Bezirk, Brigittenau <920>",Korneuburg <312>,136
"Wien 20.Bezirk, Brigittenau <920>",Krems Land <313>,13
"Wien 20.Bezirk, Brigittenau <920>",Lilienfeld <314>,6
"Wien 20.Bezirk, Brigittenau <920>",Melk <315>,12
"Wien 20.Bezirk, Brigittenau <920>",Mistelbach <316>,34
"Wien 20.Bezirk, Brigittenau <920>",Mödling <317>,59
"Wien 20.Bezirk, Brigittenau <920>",Neunkirchen <318>,23
"Wien 20.Bezirk, Brigittenau <920>",Sankt Pölten Land <319>,56
"Wien 20.Bezirk, Brigittenau <920>",Scheibbs <320>,1
"Wien 20.Bezirk, Brigittenau <920>",Tulln <321>,98
"Wien 20.Bezirk, Brigittenau <920>",Waidhofen an der Thaya <322>,8
"Wien 20.Bezirk, Brigittenau <920>",Wiener Neustadt Land <323>,16
"Wien 20.Bezirk, Brigittenau <920>",Wien Umgebung ^<324>,-
"Wien 20.Bezirk, Brigittenau <920>",Zwettl <325>,6
"Wien 20.Bezirk, Brigittenau <920>",Stadt Linz <401>,52
"Wien 20.Bezirk, Brigittenau <920>",Stadt Steyr <402>,4
"Wien 20.Bezirk, Brigittenau <920>",Stadt Wels <403>,16
"Wien 20.Bezirk, Brigittenau <920>",Braunau <404>,18
"Wien 20.Bezirk, Brigittenau <920>",Eferding <405>,-
"Wien 20.Bezirk, Brigittenau <920>",Freistadt <406>,3
"Wien 20.Bezirk, Brigittenau <920>",Gmunden <407>,7
"Wien 20.Bezirk, Brigittenau <920>",Grieskirchen <408>,6
"Wien 20.Bezirk, Brigittenau <920>",Kirchdorf <409>,3
"Wien 20.Bezirk, Brigittenau <920>",Linz Land <410>,10
"Wien 20.Bezirk, Brigittenau <920>",Perg <411>,13
"Wien 20.Bezirk, Brigittenau <920>",Ried <412>,5
"Wien 20.Bezirk, Brigittenau <920>",Rohrbach <413>,3
"Wien 20.Bezirk, Brigittenau <920>",Schärding <414>,10
"Wien 20.Bezirk, Brigittenau <920>",Steyr Land <415>,2
"Wien 20.Bezirk, Brigittenau <920>",Urfahr Umgebung <416>,6
"Wien 20.Bezirk, Brigittenau <920>",Vöcklabruck <417>,11
"Wien 20.Bezirk, Brigittenau <920>",Wels Land <418>,3
"Wien 20.Bezirk, Brigittenau <920>",Salzburg (Stadt) <501>,32
"Wien 20.Bezirk, Brigittenau <920>",Hallein <502>,4
"Wien 20.Bezirk, Brigittenau <920>",Salzburg Umgebung <503>,7
"Wien 20.Bezirk, Brigittenau <920>",St. Johann im Pongau <504>,5
"Wien 20.Bezirk, Brigittenau <920>",Tamsweg <505>,-
"Wien 20.Bezirk, Brigittenau <920>",Zell am See <506>,7
"Wien 21.Bezirk, Floridsdorf <921>",Eisenstadt (Stadt) <101>,10
"Wien 21.Bezirk, Floridsdorf <921>",Rust (Stadt) <102>,-
"Wien 21.Bezirk, Floridsdorf <921>",Eisenstadt Umgebung <103>,36
"Wien 21.Bezirk, Floridsdorf <921>",Güssing <104>,9
"Wien 21.Bezirk, Floridsdorf <921>",Jennersdorf <105>,-
"Wien 21.Bezirk, Floridsdorf <921>",Mattersburg <106>,13
"Wien 21.Bezirk, Floridsdorf <921>",Neusiedl am See <107>,35
"Wien 21.Bezirk, Floridsdorf <921>",Oberpullendorf <108>,25
"Wien 21.Bezirk, Floridsdorf <921>",Oberwart <109>,27
"Wien 21.Bezirk, Floridsdorf <921>",Klagenfurt (Stadt) <201>,12
"Wien 21.Bezirk, Floridsdorf <921>",Villach (Stadt) <202>,10
"Wien 21.Bezirk, Floridsdorf <921>",Feldkirchen <210>,4
"Wien 21.Bezirk, Floridsdorf <921>",Hermagor <203>,5
"Wien 21.Bezirk, Floridsdorf <921>",Klagenfurt Land <204>,6
"Wien 21.Bezirk, Floridsdorf <921>",Sankt Veit an der Glan <205>,8
"Wien 21.Bezirk, Floridsdorf <921>",Spittal an der Drau <206>,10
"Wien 21.Bezirk, Floridsdorf <921>",Villach Land <207>,5
"Wien 21.Bezirk, Floridsdorf <921>",Völkermarkt <208>,-
"Wien 21.Bezirk, Floridsdorf <921>",Wolfsberg <209>,7
"Wien 21.Bezirk, Floridsdorf <921>",Krems an der Donau (Stadt) <301>,12
"Wien 21.Bezirk, Floridsdorf <921>",Sankt Pölten (Stadt) <302>,36
"Wien 21.Bezirk, Floridsdorf <921>",Waidhofen an der Ybbs (Stadt) <303>,5
"Wien 21.Bezirk, Floridsdorf <921>",Wiener Neustadt (Stadt) <304>,52
"Wien 21.Bezirk, Floridsdorf <921>",Amstetten <305>,23
"Wien 21.Bezirk, Floridsdorf <921>",Baden <306>,148
"Wien 21.Bezirk, Floridsdorf <921>",Bruck an der Leitha <307>,130
"Wien 21.Bezirk, Floridsdorf <921>",Gänserndorf <308>,579
"Wien 21.Bezirk, Floridsdorf <921>",Gmünd <309>,16
"Wien 21.Bezirk, Floridsdorf <921>",Hollabrunn <310>,112
"Wien 21.Bezirk, Floridsdorf <921>",Horn <311>,20
"Wien 21.Bezirk, Floridsdorf <921>",Korneuburg <312>,630
"Wien 21.Bezirk, Floridsdorf <921>",Krems Land <313>,22
"Wien 21.Bezirk, Floridsdorf <921>",Lilienfeld <314>,7
"Wien 21.Bezirk, Floridsdorf <921>",Melk <315>,19
"Wien 21.Bezirk, Floridsdorf <921>",Mistelbach <316>,187
"Wien 21.Bezirk, Floridsdorf <921>",Mödling <317>,139
"Wien 21.Bezirk, Floridsdorf <921>",Neunkirchen <318>,51
"Wien 21.Bezirk, Floridsdorf <921>",Sankt Pölten Land <319>,108
"Wien 21.Bezirk, Floridsdorf <921>",Scheibbs <320>,19
"Wien 21.Bezirk, Floridsdorf <921>",Tulln <321>,209
"Wien 21.Bezirk, Floridsdorf <921>",Waidhofen an der Thaya <322>,25
"Wien 21.Bezirk, Floridsdorf <921>",Wiener Neustadt Land <323>,33
"Wien 21.Bezirk, Floridsdorf <921>",Wien Umgebung ^<324>,-
"Wien 21.Bezirk, Floridsdorf <921>",Zwettl <325>,20
"Wien 21.Bezirk, Floridsdorf <921>",Stadt Linz <401>,60
"Wien 21.Bezirk, Floridsdorf <921>",Stadt Steyr <402>,12
"Wien 21.Bezirk, Floridsdorf <921>",Stadt Wels <403>,27
"Wien 21.Bezirk, Floridsdorf <921>",Braunau <404>,9
"Wien 21.Bezirk, Floridsdorf <921>",Eferding <405>,2
"Wien 21.Bezirk, Floridsdorf <921>",Freistadt <406>,6
"Wien 21.Bezirk, Floridsdorf <921>",Gmunden <407>,10
"Wien 21.Bezirk, Floridsdorf <921>",Grieskirchen <408>,-
"Wien 21.Bezirk, Floridsdorf <921>",Kirchdorf <409>,1
"Wien 21.Bezirk, Floridsdorf <921>",Linz Land <410>,29
"Wien 21.Bezirk, Floridsdorf <921>",Perg <411>,4
"Wien 21.Bezirk, Floridsdorf <921>",Ried <412>,3
"Wien 21.Bezirk, Floridsdorf <921>",Rohrbach <413>,4
"Wien 21.Bezirk, Floridsdorf <921>",Schärding <414>,-
"Wien 21.Bezirk, Floridsdorf <921>",Steyr Land <415>,9
"Wien 21.Bezirk, Floridsdorf <921>",Urfahr Umgebung <416>,6
"Wien 21.Bezirk, Floridsdorf <921>",Vöcklabruck <417>,20
"Wien 21.Bezirk, Floridsdorf <921>",Wels Land <418>,6
"Wien 21.Bezirk, Floridsdorf <921>",Salzburg (Stadt) <501>,32
"Wien 21.Bezirk, Floridsdorf <921>",Hallein <502>,3
"Wien 21.Bezirk, Floridsdorf <921>",Salzburg Umgebung <503>,16
"Wien 21.Bezirk, Floridsdorf <921>",St. Johann im Pongau <504>,12
"Wien 21.Bezirk, Floridsdorf <921>",Tamsweg <505>,2
"Wien 21.Bezirk, Floridsdorf <921>",Zell am See <506>,11
"Wien 22.Bezirk, Donaustadt <922>",Eisenstadt (Stadt) <101>,26
"Wien 22.Bezirk, Donaustadt <922>",Rust (Stadt) <102>,2
"Wien 22.Bezirk, Donaustadt <922>",Eisenstadt Umgebung <103>,37
"Wien 22.Bezirk, Donaustadt <922>",Güssing <104>,8
"Wien 22.Bezirk, Donaustadt <922>",Jennersdorf <105>,10
"Wien 22.Bezirk, Donaustadt <922>",Mattersburg <106>,40
"Wien 22.Bezirk, Donaustadt <922>",Neusiedl am See <107>,48
"Wien 22.Bezirk, Donaustadt <922>",Oberpullendorf <108>,21
"Wien 22.Bezirk, Donaustadt <922>",Oberwart <109>,22
"Wien 22.Bezirk, Donaustadt <922>",Klagenfurt (Stadt) <201>,16
"Wien 22.Bezirk, Donaustadt <922>",Villach (Stadt) <202>,12
"Wien 22.Bezirk, Donaustadt <922>",Feldkirchen <210>,2
"Wien 22.Bezirk, Donaustadt <922>",Hermagor <203>,-
"Wien 22.Bezirk, Donaustadt <922>",Klagenfurt Land <204>,4
"Wien 22.Bezirk, Donaustadt <922>",Sankt Veit an der Glan <205>,2
"Wien 22.Bezirk, Donaustadt <922>",Spittal an der Drau <206>,9
"Wien 22.Bezirk, Donaustadt <922>",Villach Land <207>,8
"Wien 22.Bezirk, Donaustadt <922>",Völkermarkt <208>,4
"Wien 22.Bezirk, Donaustadt <922>",Wolfsberg <209>,6
"Wien 22.Bezirk, Donaustadt <922>",Krems an der Donau (Stadt) <301>,40
"Wien 22.Bezirk, Donaustadt <922>",Sankt Pölten (Stadt) <302>,37
"Wien 22.Bezirk, Donaustadt <922>",Waidhofen an der Ybbs (Stadt) <303>,4
"Wien 22.Bezirk, Donaustadt <922>",Wiener Neustadt (Stadt) <304>,59
"Wien 22.Bezirk, Donaustadt <922>",Amstetten <305>,24
"Wien 22.Bezirk, Donaustadt <922>",Baden <306>,114
"Wien 22.Bezirk, Donaustadt <922>",Bruck an der Leitha <307>,197
"Wien 22.Bezirk, Donaustadt <922>",Gänserndorf <308>,860
"Wien 22.Bezirk, Donaustadt <922>",Gmünd <309>,17
"Wien 22.Bezirk, Donaustadt <922>",Hollabrunn <310>,90
"Wien 22.Bezirk, Donaustadt <922>",Horn <311>,19
"Wien 22.Bezirk, Donaustadt <922>",Korneuburg <312>,294
"Wien 22.Bezirk, Donaustadt <922>",Krems Land <313>,16
"Wien 22.Bezirk, Donaustadt <922>",Lilienfeld <314>,10
"Wien 22.Bezirk, Donaustadt <922>",Melk <315>,33
"Wien 22.Bezirk, Donaustadt <922>",Mistelbach <316>,177
"Wien 22.Bezirk, Donaustadt <922>",Mödling <317>,144
"Wien 22.Bezirk, Donaustadt <922>",Neunkirchen <318>,43
"Wien 22.Bezirk, Donaustadt <922>",Sankt Pölten Land <319>,84
"Wien 22.Bezirk, Donaustadt <922>",Scheibbs <320>,7
"Wien 22.Bezirk, Donaustadt <922>",Tulln <321>,128
"Wien 22.Bezirk, Donaustadt <922>",Waidhofen an der Thaya <322>,6
"Wien 22.Bezirk, Donaustadt <922>",Wiener Neustadt Land <323>,49
"Wien 22.Bezirk, Donaustadt <922>",Wien Umgebung ^<324>,-
"Wien 22.Bezirk, Donaustadt <922>",Zwettl <325>,11
"Wien 22.Bezirk, Donaustadt <922>",Stadt Linz <401>,69
"Wien 22.Bezirk, Donaustadt <922>",Stadt Steyr <402>,10
"Wien 22.Bezirk, Donaustadt <922>",Stadt Wels <403>,15
"Wien 22.Bezirk, Donaustadt <922>",Braunau <404>,9
"Wien 22.Bezirk, Donaustadt <922>",Eferding <405>,1
"Wien 22.Bezirk, Donaustadt <922>",Freistadt <406>,9
"Wien 22.Bezirk, Donaustadt <922>",Gmunden <407>,10
"Wien 22.Bezirk, Donaustadt <922>",Grieskirchen <408>,4
"Wien 22.Bezirk, Donaustadt <922>",Kirchdorf <409>,1
"Wien 22.Bezirk, Donaustadt <922>",Linz Land <410>,17
"Wien 22.Bezirk, Donaustadt <922>",Perg <411>,10
"Wien 22.Bezirk, Donaustadt <922>",Ried <412>,4
"Wien 22.Bezirk, Donaustadt <922>",Rohrbach <413>,3
"Wien 22.Bezirk, Donaustadt <922>",Schärding <414>,5
"Wien 22.Bezirk, Donaustadt <922>",Steyr Land <415>,7
"Wien 22.Bezirk, Donaustadt <922>",Urfahr Umgebung <416>,2
"Wien 22.Bezirk, Donaustadt <922>",Vöcklabruck <417>,16
"Wien 22.Bezirk, Donaustadt <922>",Wels Land <418>,11
"Wien 22.Bezirk, Donaustadt <922>",Salzburg (Stadt) <501>,25
"Wien 22.Bezirk, Donaustadt <922>",Hallein <502>,5
"Wien 22.Bezirk, Donaustadt <922>",Salzburg Umgebung <503>,21
"Wien 22.Bezirk, Donaustadt <922>",St. Johann im Pongau <504>,3
"Wien 22.Bezirk, Donaustadt <922>",Tamsweg <505>,1
"Wien 22.Bezirk, Donaustadt <922>",Zell am See <506>,7
"Wien 23.Bezirk, Liesing <923>",Eisenstadt (Stadt) <101>,26
"Wien 23.Bezirk, Liesing <923>",Rust (Stadt) <102>,-
"Wien 23.Bezirk, Liesing <923>",Eisenstadt Umgebung <103>,45
"Wien 23.Bezirk, Liesing <923>",Güssing <104>,10
"Wien 23.Bezirk, Liesing <923>",Jennersdorf <105>,3
"Wien 23.Bezirk, Liesing <923>",Mattersburg <106>,35
"Wien 23.Bezirk, Liesing <923>",Neusiedl am See <107>,29
"Wien 23.Bezirk, Liesing <923>",Oberpullendorf <108>,28
"Wien 23.Bezirk, Liesing <923>",Oberwart <109>,26
"Wien 23.Bezirk, Liesing <923>",Klagenfurt (Stadt) <201>,11
"Wien 23.Bezirk, Liesing <923>",Villach (Stadt) <202>,8
"Wien 23.Bezirk, Liesing <923>",Feldkirchen <210>,7
"Wien 23.Bezirk, Liesing <923>",Hermagor <203>,5
"Wien 23.Bezirk, Liesing <923>",Klagenfurt Land <204>,9
"Wien 23.Bezirk, Liesing <923>",Sankt Veit an der Glan <205>,4
"Wien 23.Bezirk, Liesing <923>",Spittal an der Drau <206>,-
"Wien 23.Bezirk, Liesing <923>",Villach Land <207>,3
"Wien 23.Bezirk, Liesing <923>",Völkermarkt <208>,1
"Wien 23.Bezirk, Liesing <923>",Wolfsberg <209>,6
"Wien 23.Bezirk, Liesing <923>",Krems an der Donau (Stadt) <301>,10
"Wien 23.Bezirk, Liesing <923>",Sankt Pölten (Stadt) <302>,23
"Wien 23.Bezirk, Liesing <923>",Waidhofen an der Ybbs (Stadt) <303>,1
"Wien 23.Bezirk, Liesing <923>",Wiener Neustadt (Stadt) <304>,67
"Wien 23.Bezirk, Liesing <923>",Amstetten <305>,14
"Wien 23.Bezirk, Liesing <923>",Baden <306>,339
"Wien 23.Bezirk, Liesing <923>",Bruck an der Leitha <307>,140
"Wien 23.Bezirk, Liesing <923>",Gänserndorf <308>,84
"Wien 23.Bezirk, Liesing <923>",Gmünd <309>,11
"Wien 23.Bezirk, Liesing <923>",Hollabrunn <310>,31
"Wien 23.Bezirk, Liesing <923>",Horn <311>,2
"Wien 23.Bezirk, Liesing <923>",Korneuburg <312>,51
"Wien 23.Bezirk, Liesing <923>",Krems Land <313>,12
"Wien 23.Bezirk, Liesing <923>",Lilienfeld <314>,9
"Wien 23.Bezirk, Liesing <923>",Melk <315>,18
"Wien 23.Bezirk, Liesing <923>",Mistelbach <316>,20
"Wien 23.Bezirk, Liesing <923>",Mödling <317>,601
"Wien 23.Bezirk, Liesing <923>",Neunkirchen <318>,56
"Wien 23.Bezirk, Liesing <923>",Sankt Pölten Land <319>,100
"Wien 23.Bezirk, Liesing <923>",Scheibbs <320>,8
"Wien 23.Bezirk, Liesing <923>",Tulln <321>,44
"Wien 23.Bezirk, Liesing <923>",Waidhofen an der Thaya <322>,4
"Wien 23.Bezirk, Liesing <923>",Wiener Neustadt Land <323>,82
"Wien 23.Bezirk, Liesing <923>",Wien Umgebung ^<324>,-
"Wien 23.Bezirk, Liesing <923>",Zwettl <325>,4
"Wien 23.Bezirk, Liesing <923>",Stadt Linz <401>,36
"Wien 23.Bezirk, Liesing <923>",Stadt Steyr <402>,5
"Wien 23.Bezirk, Liesing <923>",Stadt Wels <403>,4
"Wien 23.Bezirk, Liesing <923>",Braunau <404>,4
"Wien 23.Bezirk, Liesing <923>",Eferding <405>,3
"Wien 23.Bezirk, Liesing <923>",Freistadt <406>,1
"Wien 23.Bezirk, Liesing <923>",Gmunden <407>,6
"Wien 23.Bezirk, Liesing <923>",Grieskirchen <408>,-
"Wien 23.Bezirk, Liesing <923>",Kirchdorf <409>,4
"Wien 23.Bezirk, Liesing <923>",Linz Land <410>,10
"Wien 23.Bezirk, Liesing <923>",Perg <411>,9
"Wien 23.Bezirk, Liesing <923>",Ried <412>,-
"Wien 23.Bezirk, Liesing <923>",Rohrbach <413>,-
"Wien 23.Bezirk, Liesing <923>",Schärding <414>,2
"Wien 23.Bezirk, Liesing <923>",Steyr Land <415>,1
"Wien 23.Bezirk, Liesing <923>",Urfahr Umgebung <416>,1
"Wien 23.Bezirk, Liesing <923>",Vöcklabruck <417>,14
"Wien 23.Bezirk, Liesing <923>",Wels Land <418>,3
"Wien 23.Bezirk, Liesing <923>",Salzburg (Stadt) <501>,17
"Wien 23.Bezirk, Liesing <923>",Hallein <502>,1
"Wien 23.Bezirk, Liesing <923>",Salzburg Umgebung <503>,9
"Wien 23.Bezirk, Liesing <923>",St. Johann im Pongau <504>,5
"Wien 23.Bezirk, Liesing <923>",Tamsweg <505>,3
"Wien 23.Bezirk, Liesing <923>",Zell am See <506>,7
Nicht klassifizierbar <0>,Eisenstadt (Stadt) <101>,-
Nicht klassifizierbar <0>,Rust (Stadt) <102>,-
Nicht klassifizierbar <0>,Eisenstadt Umgebung <103>,-
Nicht klassifizierbar <0>,Güssing <104>,-
Nicht klassifizierbar <0>,Jennersdorf <105>,-
Nicht klassifizierbar <0>,Mattersburg <106>,-
Nicht klassifizierbar <0>,Neusiedl am See <107>,-
Nicht klassifizierbar <0>,Oberpullendorf <108>,-
Nicht klassifizierbar <0>,Oberwart <109>,-
Nicht klassifizierbar <0>,Klagenfurt (Stadt) <201>,-
Nicht klassifizierbar <0>,Villach (Stadt) <202>,-
Nicht klassifizierbar <0>,Feldkirchen <210>,-
Nicht klassifizierbar <0>,Hermagor <203>,-
Nicht klassifizierbar <0>,Klagenfurt Land <204>,-
Nicht klassifizierbar <0>,Sankt Veit an der Glan <205>,-
Nicht klassifizierbar <0>,Spittal an der Drau <206>,-
Nicht klassifizierbar <0>,Villach Land <207>,-
Nicht klassifizierbar <0>,Völkermarkt <208>,-
Nicht klassifizierbar <0>,Wolfsberg <209>,-
Nicht klassifizierbar <0>,Krems an der Donau (Stadt) <301>,-
Nicht klassifizierbar <0>,Sankt Pölten (Stadt) <302>,-
Nicht klassifizierbar <0>,Waidhofen an der Ybbs (Stadt) <303>,-
Nicht klassifizierbar <0>,Wiener Neustadt (Stadt) <304>,-
Nicht klassifizierbar <0>,Amstetten <305>,-
Nicht klassifizierbar <0>,Baden <306>,-
Nicht klassifizierbar <0>,Bruck an der Leitha <307>,-
Nicht klassifizierbar <0>,Gänserndorf <308>,-
Nicht klassifizierbar <0>,Gmünd <309>,-
Nicht klassifizierbar <0>,Hollabrunn <310>,-
Nicht klassifizierbar <0>,Horn <311>,-
Nicht klassifizierbar <0>,Korneuburg <312>,-
Nicht klassifizierbar <0>,Krems Land <313>,-
Nicht klassifizierbar <0>,Lilienfeld <314>,-
Nicht klassifizierbar <0>,Melk <315>,-
Nicht klassifizierbar <0>,Mistelbach <316>,-
Nicht klassifizierbar <0>,Mödling <317>,-
Nicht klassifizierbar <0>,Neunkirchen <318>,-
Nicht klassifizierbar <0>,Sankt Pölten Land <319>,-
Nicht klassifizierbar <0>,Scheibbs <320>,-
Nicht klassifizierbar <0>,Tulln <321>,-
Nicht klassifizierbar <0>,Waidhofen an der Thaya <322>,-
Nicht klassifizierbar <0>,Wiener Neustadt Land <323>,-
Nicht klassifizierbar <0>,Wien Umgebung ^<324>,-
Nicht klassifizierbar <0>,Zwettl <325>,-
Nicht klassifizierbar <0>,Stadt Linz <401>,-
Nicht klassifizierbar <0>,Stadt Steyr <402>,-
Nicht klassifizierbar <0>,Stadt Wels <403>,-
Nicht klassifizierbar <0>,Braunau <404>,-
Nicht klassifizierbar <0>,Eferding <405>,-
Nicht klassifizierbar <0>,Freistadt <406>,-
Nicht klassifizierbar <0>,Gmunden <407>,-
Nicht klassifizierbar <0>,Grieskirchen <408>,-
Nicht klassifizierbar <0>,Kirchdorf <409>,-
Nicht klassifizierbar <0>,Linz Land <410>,-
Nicht klassifizierbar <0>,Perg <411>,-
Nicht klassifizierbar <0>,Ried <412>,-
Nicht klassifizierbar <0>,Rohrbach <413>,-
Nicht klassifizierbar <0>,Schärding <414>,-
Nicht klassifizierbar <0>,Steyr Land <415>,-
Nicht klassifizierbar <0>,Urfahr Umgebung <416>,-
Nicht klassifizierbar <0>,Vöcklabruck <417>,-
Nicht klassifizierbar <0>,Wels Land <418>,-
Nicht klassifizierbar <0>,Salzburg (Stadt) <501>,-
Nicht klassifizierbar <0>,Hallein <502>,-
Nicht klassifizierbar <0>,Salzburg Umgebung <503>,-
Nicht klassifizierbar <0>,St. Johann im Pongau <504>,-
Nicht klassifizierbar <0>,Tamsweg <505>,-
Nicht klassifizierbar <0>,Zell am See <506>,-
