Alter in 5-Jahresgruppen <20>,Jahr,Politischer Bezirk / Wiener Gemeindebezirk - Herkunftsort,Politischer Bezirk / Wiener Gemeindebezirk - Zielort,Anzahl,Anmerkungen
bis 4 Jahre,2025,"Wien 1.Bezirk, Innere Stadt <901>","Wien 1.Bezirk, Innere Stadt <901>",13
bis 4 Jahre,2025,"Wien 1.Bezirk, Innere Stadt <901>","Wien 2.Bezirk, Leopoldstadt <902>",7
bis 4 Jahre,2025,"Wien 1.Bezirk, Innere Stadt <901>","Wien 3.Bezirk, Landstraße <903>",9
bis 4 Jahre,2025,"Wien 1.Bezirk, Innere Stadt <901>","Wien 4.Bezirk, Wieden <904>",2
bis 4 Jahre,2025,"Wien 1.Bezirk, Innere Stadt <901>","Wien 5.Bezirk, Margareten <905>",1
bis 4 Jahre,2025,"Wien 1.Bezirk, Innere Stadt <901>","Wien 6.Bezirk, Mariahilf <906>",2
bis 4 Jahre,2025,"Wien 1.Bezirk, Innere Stadt <901>","Wien 7.Bezirk, Neubau <907>",-
bis 4 Jahre,2025,"Wien 1.Bezirk, Innere Stadt <901>","Wien 8.Bezirk, Josefstadt <908>",-
bis 4 Jahre,2025,"Wien 1.Bezirk, Innere Stadt <901>","Wien 9.Bezirk, Alsergrund <909>",2
bis 4 Jahre,2025,"Wien 1.Bezirk, Innere Stadt <901>","Wien 10.Bezirk, Favoriten <910>",3
bis 4 Jahre,2025,"Wien 1.Bezirk, Innere Stadt <901>","Wien 11.Bezirk, Simmering <911>",-
bis 4 Jahre,2025,"Wien 1.Bezirk, Innere Stadt <901>","Wien 12.Bezirk, Meidling <912>",2
bis 4 Jahre,2025,"Wien 1.Bezirk, Innere Stadt <901>","Wien 13.Bezirk, Hietzing <913>",2
bis 4 Jahre,2025,"Wien 1.Bezirk, Innere Stadt <901>","Wien 14.Bezirk, Penzing <914>",2
bis 4 Jahre,2025,"Wien 1.Bezirk, Innere Stadt <901>","Wien 15.Bezirk, Rudolfsheim-Fünfhaus <915>",1
bis 4 Jahre,2025,"Wien 1.Bezirk, Innere Stadt <901>","Wien 16.Bezirk, Ottakring <916>",1
bis 4 Jahre,2025,"Wien 1.Bezirk, Innere Stadt <901>","Wien 17.Bezirk, Hernals <917>",-
bis 4 Jahre,2025,"Wien 1.Bezirk, Innere Stadt <901>","Wien 18.Bezirk, Währing <918>",3
bis 4 Jahre,2025,"Wien 1.Bezirk, Innere Stadt <901>","Wien 19.Bezirk, Döbling <919>",3
bis 4 Jahre,2025,"Wien 1.Bezirk, Innere Stadt <901>","Wien 20.Bezirk, Brigittenau <920>",-
bis 4 Jahre,2025,"Wien 1.Bezirk, Innere Stadt <901>","Wien 21.Bezirk, Floridsdorf <921>",-
bis 4 Jahre,2025,"Wien 1.Bezirk, Innere Stadt <901>","Wien 22.Bezirk, Donaustadt <922>",-
bis 4 Jahre,2025,"Wien 1.Bezirk, Innere Stadt <901>","Wien 23.Bezirk, Liesing <923>",2
bis 4 Jahre,2025,"Wien 2.Bezirk, Leopoldstadt <902>","Wien 1.Bezirk, Innere Stadt <901>",7
bis 4 Jahre,2025,"Wien 2.Bezirk, Leopoldstadt <902>","Wien 2.Bezirk, Leopoldstadt <902>",249
bis 4 Jahre,2025,"Wien 2.Bezirk, Leopoldstadt <902>","Wien 3.Bezirk, Landstraße <903>",25
bis 4 Jahre,2025,"Wien 2.Bezirk, Leopoldstadt <902>","Wien 4.Bezirk, Wieden <904>",6
bis 4 Jahre,2025,"Wien 2.Bezirk, Leopoldstadt <902>","Wien 5.Bezirk, Margareten <905>",3
bis 4 Jahre,2025,"Wien 2.Bezirk, Leopoldstadt <902>","Wien 6.Bezirk, Mariahilf <906>",12
bis 4 Jahre,2025,"Wien 2.Bezirk, Leopoldstadt <902>","Wien 7.Bezirk, Neubau <907>",3
bis 4 Jahre,2025,"Wien 2.Bezirk, Leopoldstadt <902>","Wien 8.Bezirk, Josefstadt <908>",2
bis 4 Jahre,2025,"Wien 2.Bezirk, Leopoldstadt <902>","Wien 9.Bezirk, Alsergrund <909>",7
bis 4 Jahre,2025,"Wien 2.Bezirk, Leopoldstadt <902>","Wien 10.Bezirk, Favoriten <910>",23
bis 4 Jahre,2025,"Wien 2.Bezirk, Leopoldstadt <902>","Wien 11.Bezirk, Simmering <911>",12
bis 4 Jahre,2025,"Wien 2.Bezirk, Leopoldstadt <902>","Wien 12.Bezirk, Meidling <912>",8
bis 4 Jahre,2025,"Wien 2.Bezirk, Leopoldstadt <902>","Wien 13.Bezirk, Hietzing <913>",3
bis 4 Jahre,2025,"Wien 2.Bezirk, Leopoldstadt <902>","Wien 14.Bezirk, Penzing <914>",13
bis 4 Jahre,2025,"Wien 2.Bezirk, Leopoldstadt <902>","Wien 15.Bezirk, Rudolfsheim-Fünfhaus <915>",2
bis 4 Jahre,2025,"Wien 2.Bezirk, Leopoldstadt <902>","Wien 16.Bezirk, Ottakring <916>",9
bis 4 Jahre,2025,"Wien 2.Bezirk, Leopoldstadt <902>","Wien 17.Bezirk, Hernals <917>",7
bis 4 Jahre,2025,"Wien 2.Bezirk, Leopoldstadt <902>","Wien 18.Bezirk, Währing <918>",7
bis 4 Jahre,2025,"Wien 2.Bezirk, Leopoldstadt <902>","Wien 19.Bezirk, Döbling <919>",8
bis 4 Jahre,2025,"Wien 2.Bezirk, Leopoldstadt <902>","Wien 20.Bezirk, Brigittenau <920>",43
bis 4 Jahre,2025,"Wien 2.Bezirk, Leopoldstadt <902>","Wien 21.Bezirk, Floridsdorf <921>",40
bis 4 Jahre,2025,"Wien 2.Bezirk, Leopoldstadt <902>","Wien 22.Bezirk, Donaustadt <922>",80
bis 4 Jahre,2025,"Wien 2.Bezirk, Leopoldstadt <902>","Wien 23.Bezirk, Liesing <923>",16
bis 4 Jahre,2025,"Wien 3.Bezirk, Landstraße <903>","Wien 1.Bezirk, Innere Stadt <901>",4
bis 4 Jahre,2025,"Wien 3.Bezirk, Landstraße <903>","Wien 2.Bezirk, Leopoldstadt <902>",42
bis 4 Jahre,2025,"Wien 3.Bezirk, Landstraße <903>","Wien 3.Bezirk, Landstraße <903>",162
bis 4 Jahre,2025,"Wien 3.Bezirk, Landstraße <903>","Wien 4.Bezirk, Wieden <904>",7
bis 4 Jahre,2025,"Wien 3.Bezirk, Landstraße <903>","Wien 5.Bezirk, Margareten <905>",3
bis 4 Jahre,2025,"Wien 3.Bezirk, Landstraße <903>","Wien 6.Bezirk, Mariahilf <906>",8
bis 4 Jahre,2025,"Wien 3.Bezirk, Landstraße <903>","Wien 7.Bezirk, Neubau <907>",1
bis 4 Jahre,2025,"Wien 3.Bezirk, Landstraße <903>","Wien 8.Bezirk, Josefstadt <908>",1
bis 4 Jahre,2025,"Wien 3.Bezirk, Landstraße <903>","Wien 9.Bezirk, Alsergrund <909>",11
bis 4 Jahre,2025,"Wien 3.Bezirk, Landstraße <903>","Wien 10.Bezirk, Favoriten <910>",40
bis 4 Jahre,2025,"Wien 3.Bezirk, Landstraße <903>","Wien 11.Bezirk, Simmering <911>",42
bis 4 Jahre,2025,"Wien 3.Bezirk, Landstraße <903>","Wien 12.Bezirk, Meidling <912>",11
bis 4 Jahre,2025,"Wien 3.Bezirk, Landstraße <903>","Wien 13.Bezirk, Hietzing <913>",10
bis 4 Jahre,2025,"Wien 3.Bezirk, Landstraße <903>","Wien 14.Bezirk, Penzing <914>",4
bis 4 Jahre,2025,"Wien 3.Bezirk, Landstraße <903>","Wien 15.Bezirk, Rudolfsheim-Fünfhaus <915>",11
bis 4 Jahre,2025,"Wien 3.Bezirk, Landstraße <903>","Wien 16.Bezirk, Ottakring <916>",7
bis 4 Jahre,2025,"Wien 3.Bezirk, Landstraße <903>","Wien 17.Bezirk, Hernals <917>",5
bis 4 Jahre,2025,"Wien 3.Bezirk, Landstraße <903>","Wien 18.Bezirk, Währing <918>",2
bis 4 Jahre,2025,"Wien 3.Bezirk, Landstraße <903>","Wien 19.Bezirk, Döbling <919>",12
bis 4 Jahre,2025,"Wien 3.Bezirk, Landstraße <903>","Wien 20.Bezirk, Brigittenau <920>",11
bis 4 Jahre,2025,"Wien 3.Bezirk, Landstraße <903>","Wien 21.Bezirk, Floridsdorf <921>",24
bis 4 Jahre,2025,"Wien 3.Bezirk, Landstraße <903>","Wien 22.Bezirk, Donaustadt <922>",61
bis 4 Jahre,2025,"Wien 3.Bezirk, Landstraße <903>","Wien 23.Bezirk, Liesing <923>",15
bis 4 Jahre,2025,"Wien 4.Bezirk, Wieden <904>","Wien 1.Bezirk, Innere Stadt <901>",-
bis 4 Jahre,2025,"Wien 4.Bezirk, Wieden <904>","Wien 2.Bezirk, Leopoldstadt <902>",5
bis 4 Jahre,2025,"Wien 4.Bezirk, Wieden <904>","Wien 3.Bezirk, Landstraße <903>",11
bis 4 Jahre,2025,"Wien 4.Bezirk, Wieden <904>","Wien 4.Bezirk, Wieden <904>",38
bis 4 Jahre,2025,"Wien 4.Bezirk, Wieden <904>","Wien 5.Bezirk, Margareten <905>",14
bis 4 Jahre,2025,"Wien 4.Bezirk, Wieden <904>","Wien 6.Bezirk, Mariahilf <906>",7
bis 4 Jahre,2025,"Wien 4.Bezirk, Wieden <904>","Wien 7.Bezirk, Neubau <907>",1
bis 4 Jahre,2025,"Wien 4.Bezirk, Wieden <904>","Wien 8.Bezirk, Josefstadt <908>",-
bis 4 Jahre,2025,"Wien 4.Bezirk, Wieden <904>","Wien 9.Bezirk, Alsergrund <909>",1
bis 4 Jahre,2025,"Wien 4.Bezirk, Wieden <904>","Wien 10.Bezirk, Favoriten <910>",13
bis 4 Jahre,2025,"Wien 4.Bezirk, Wieden <904>","Wien 11.Bezirk, Simmering <911>",3
bis 4 Jahre,2025,"Wien 4.Bezirk, Wieden <904>","Wien 12.Bezirk, Meidling <912>",5
bis 4 Jahre,2025,"Wien 4.Bezirk, Wieden <904>","Wien 13.Bezirk, Hietzing <913>",5
bis 4 Jahre,2025,"Wien 4.Bezirk, Wieden <904>","Wien 14.Bezirk, Penzing <914>",4
bis 4 Jahre,2025,"Wien 4.Bezirk, Wieden <904>","Wien 15.Bezirk, Rudolfsheim-Fünfhaus <915>",3
bis 4 Jahre,2025,"Wien 4.Bezirk, Wieden <904>","Wien 16.Bezirk, Ottakring <916>",4
bis 4 Jahre,2025,"Wien 4.Bezirk, Wieden <904>","Wien 17.Bezirk, Hernals <917>",-
bis 4 Jahre,2025,"Wien 4.Bezirk, Wieden <904>","Wien 18.Bezirk, Währing <918>",1
bis 4 Jahre,2025,"Wien 4.Bezirk, Wieden <904>","Wien 19.Bezirk, Döbling <919>",10
bis 4 Jahre,2025,"Wien 4.Bezirk, Wieden <904>","Wien 20.Bezirk, Brigittenau <920>",4
bis 4 Jahre,2025,"Wien 4.Bezirk, Wieden <904>","Wien 21.Bezirk, Floridsdorf <921>",5
bis 4 Jahre,2025,"Wien 4.Bezirk, Wieden <904>","Wien 22.Bezirk, Donaustadt <922>",10
bis 4 Jahre,2025,"Wien 4.Bezirk, Wieden <904>","Wien 23.Bezirk, Liesing <923>",6
bis 4 Jahre,2025,"Wien 5.Bezirk, Margareten <905>","Wien 1.Bezirk, Innere Stadt <901>",-
bis 4 Jahre,2025,"Wien 5.Bezirk, Margareten <905>","Wien 2.Bezirk, Leopoldstadt <902>",5
bis 4 Jahre,2025,"Wien 5.Bezirk, Margareten <905>","Wien 3.Bezirk, Landstraße <903>",16
bis 4 Jahre,2025,"Wien 5.Bezirk, Margareten <905>","Wien 4.Bezirk, Wieden <904>",13
bis 4 Jahre,2025,"Wien 5.Bezirk, Margareten <905>","Wien 5.Bezirk, Margareten <905>",38
bis 4 Jahre,2025,"Wien 5.Bezirk, Margareten <905>","Wien 6.Bezirk, Mariahilf <906>",16
bis 4 Jahre,2025,"Wien 5.Bezirk, Margareten <905>","Wien 7.Bezirk, Neubau <907>",4
bis 4 Jahre,2025,"Wien 5.Bezirk, Margareten <905>","Wien 8.Bezirk, Josefstadt <908>",1
bis 4 Jahre,2025,"Wien 5.Bezirk, Margareten <905>","Wien 9.Bezirk, Alsergrund <909>",3
bis 4 Jahre,2025,"Wien 5.Bezirk, Margareten <905>","Wien 10.Bezirk, Favoriten <910>",49
bis 4 Jahre,2025,"Wien 5.Bezirk, Margareten <905>","Wien 11.Bezirk, Simmering <911>",20
bis 4 Jahre,2025,"Wien 5.Bezirk, Margareten <905>","Wien 12.Bezirk, Meidling <912>",32
bis 4 Jahre,2025,"Wien 5.Bezirk, Margareten <905>","Wien 13.Bezirk, Hietzing <913>",11
bis 4 Jahre,2025,"Wien 5.Bezirk, Margareten <905>","Wien 14.Bezirk, Penzing <914>",16
bis 4 Jahre,2025,"Wien 5.Bezirk, Margareten <905>","Wien 15.Bezirk, Rudolfsheim-Fünfhaus <915>",15
bis 4 Jahre,2025,"Wien 5.Bezirk, Margareten <905>","Wien 16.Bezirk, Ottakring <916>",5
bis 4 Jahre,2025,"Wien 5.Bezirk, Margareten <905>","Wien 17.Bezirk, Hernals <917>",3
bis 4 Jahre,2025,"Wien 5.Bezirk, Margareten <905>","Wien 18.Bezirk, Währing <918>",3
bis 4 Jahre,2025,"Wien 5.Bezirk, Margareten <905>","Wien 19.Bezirk, Döbling <919>",4
bis 4 Jahre,2025,"Wien 5.Bezirk, Margareten <905>","Wien 20.Bezirk, Brigittenau <920>",9
bis 4 Jahre,2025,"Wien 5.Bezirk, Margareten <905>","Wien 21.Bezirk, Floridsdorf <921>",14
bis 4 Jahre,2025,"Wien 5.Bezirk, Margareten <905>","Wien 22.Bezirk, Donaustadt <922>",26
bis 4 Jahre,2025,"Wien 5.Bezirk, Margareten <905>","Wien 23.Bezirk, Liesing <923>",17
bis 4 Jahre,2025,"Wien 6.Bezirk, Mariahilf <906>","Wien 1.Bezirk, Innere Stadt <901>",-
bis 4 Jahre,2025,"Wien 6.Bezirk, Mariahilf <906>","Wien 2.Bezirk, Leopoldstadt <902>",4
bis 4 Jahre,2025,"Wien 6.Bezirk, Mariahilf <906>","Wien 3.Bezirk, Landstraße <903>",11
bis 4 Jahre,2025,"Wien 6.Bezirk, Mariahilf <906>","Wien 4.Bezirk, Wieden <904>",2
bis 4 Jahre,2025,"Wien 6.Bezirk, Mariahilf <906>","Wien 5.Bezirk, Margareten <905>",6
bis 4 Jahre,2025,"Wien 6.Bezirk, Mariahilf <906>","Wien 6.Bezirk, Mariahilf <906>",22
bis 4 Jahre,2025,"Wien 6.Bezirk, Mariahilf <906>","Wien 7.Bezirk, Neubau <907>",6
bis 4 Jahre,2025,"Wien 6.Bezirk, Mariahilf <906>","Wien 8.Bezirk, Josefstadt <908>",1
bis 4 Jahre,2025,"Wien 6.Bezirk, Mariahilf <906>","Wien 9.Bezirk, Alsergrund <909>",2
bis 4 Jahre,2025,"Wien 6.Bezirk, Mariahilf <906>","Wien 10.Bezirk, Favoriten <910>",7
bis 4 Jahre,2025,"Wien 6.Bezirk, Mariahilf <906>","Wien 11.Bezirk, Simmering <911>",1
bis 4 Jahre,2025,"Wien 6.Bezirk, Mariahilf <906>","Wien 12.Bezirk, Meidling <912>",13
bis 4 Jahre,2025,"Wien 6.Bezirk, Mariahilf <906>","Wien 13.Bezirk, Hietzing <913>",2
bis 4 Jahre,2025,"Wien 6.Bezirk, Mariahilf <906>","Wien 14.Bezirk, Penzing <914>",10
bis 4 Jahre,2025,"Wien 6.Bezirk, Mariahilf <906>","Wien 15.Bezirk, Rudolfsheim-Fünfhaus <915>",6
bis 4 Jahre,2025,"Wien 6.Bezirk, Mariahilf <906>","Wien 16.Bezirk, Ottakring <916>",4
bis 4 Jahre,2025,"Wien 6.Bezirk, Mariahilf <906>","Wien 17.Bezirk, Hernals <917>",5
bis 4 Jahre,2025,"Wien 6.Bezirk, Mariahilf <906>","Wien 18.Bezirk, Währing <918>",5
bis 4 Jahre,2025,"Wien 6.Bezirk, Mariahilf <906>","Wien 19.Bezirk, Döbling <919>",9
bis 4 Jahre,2025,"Wien 6.Bezirk, Mariahilf <906>","Wien 20.Bezirk, Brigittenau <920>",1
bis 4 Jahre,2025,"Wien 6.Bezirk, Mariahilf <906>","Wien 21.Bezirk, Floridsdorf <921>",9
bis 4 Jahre,2025,"Wien 6.Bezirk, Mariahilf <906>","Wien 22.Bezirk, Donaustadt <922>",10
bis 4 Jahre,2025,"Wien 6.Bezirk, Mariahilf <906>","Wien 23.Bezirk, Liesing <923>",7
bis 4 Jahre,2025,"Wien 7.Bezirk, Neubau <907>","Wien 1.Bezirk, Innere Stadt <901>",3
bis 4 Jahre,2025,"Wien 7.Bezirk, Neubau <907>","Wien 2.Bezirk, Leopoldstadt <902>",4
bis 4 Jahre,2025,"Wien 7.Bezirk, Neubau <907>","Wien 3.Bezirk, Landstraße <903>",5
bis 4 Jahre,2025,"Wien 7.Bezirk, Neubau <907>","Wien 4.Bezirk, Wieden <904>",5
bis 4 Jahre,2025,"Wien 7.Bezirk, Neubau <907>","Wien 5.Bezirk, Margareten <905>",6
bis 4 Jahre,2025,"Wien 7.Bezirk, Neubau <907>","Wien 6.Bezirk, Mariahilf <906>",4
bis 4 Jahre,2025,"Wien 7.Bezirk, Neubau <907>","Wien 7.Bezirk, Neubau <907>",24
bis 4 Jahre,2025,"Wien 7.Bezirk, Neubau <907>","Wien 8.Bezirk, Josefstadt <908>",2
bis 4 Jahre,2025,"Wien 7.Bezirk, Neubau <907>","Wien 9.Bezirk, Alsergrund <909>",4
bis 4 Jahre,2025,"Wien 7.Bezirk, Neubau <907>","Wien 10.Bezirk, Favoriten <910>",7
bis 4 Jahre,2025,"Wien 7.Bezirk, Neubau <907>","Wien 11.Bezirk, Simmering <911>",3
bis 4 Jahre,2025,"Wien 7.Bezirk, Neubau <907>","Wien 12.Bezirk, Meidling <912>",7
bis 4 Jahre,2025,"Wien 7.Bezirk, Neubau <907>","Wien 13.Bezirk, Hietzing <913>",7
bis 4 Jahre,2025,"Wien 7.Bezirk, Neubau <907>","Wien 14.Bezirk, Penzing <914>",8
bis 4 Jahre,2025,"Wien 7.Bezirk, Neubau <907>","Wien 15.Bezirk, Rudolfsheim-Fünfhaus <915>",9
bis 4 Jahre,2025,"Wien 7.Bezirk, Neubau <907>","Wien 16.Bezirk, Ottakring <916>",10
bis 4 Jahre,2025,"Wien 7.Bezirk, Neubau <907>","Wien 17.Bezirk, Hernals <917>",3
bis 4 Jahre,2025,"Wien 7.Bezirk, Neubau <907>","Wien 18.Bezirk, Währing <918>",1
bis 4 Jahre,2025,"Wien 7.Bezirk, Neubau <907>","Wien 19.Bezirk, Döbling <919>",3
bis 4 Jahre,2025,"Wien 7.Bezirk, Neubau <907>","Wien 20.Bezirk, Brigittenau <920>",1
bis 4 Jahre,2025,"Wien 7.Bezirk, Neubau <907>","Wien 21.Bezirk, Floridsdorf <921>",4
bis 4 Jahre,2025,"Wien 7.Bezirk, Neubau <907>","Wien 22.Bezirk, Donaustadt <922>",3
bis 4 Jahre,2025,"Wien 7.Bezirk, Neubau <907>","Wien 23.Bezirk, Liesing <923>",4
bis 4 Jahre,2025,"Wien 8.Bezirk, Josefstadt <908>","Wien 1.Bezirk, Innere Stadt <901>",-
bis 4 Jahre,2025,"Wien 8.Bezirk, Josefstadt <908>","Wien 2.Bezirk, Leopoldstadt <902>",1
bis 4 Jahre,2025,"Wien 8.Bezirk, Josefstadt <908>","Wien 3.Bezirk, Landstraße <903>",5
bis 4 Jahre,2025,"Wien 8.Bezirk, Josefstadt <908>","Wien 4.Bezirk, Wieden <904>",2
bis 4 Jahre,2025,"Wien 8.Bezirk, Josefstadt <908>","Wien 5.Bezirk, Margareten <905>",2
bis 4 Jahre,2025,"Wien 8.Bezirk, Josefstadt <908>","Wien 6.Bezirk, Mariahilf <906>",1
bis 4 Jahre,2025,"Wien 8.Bezirk, Josefstadt <908>","Wien 7.Bezirk, Neubau <907>",2
bis 4 Jahre,2025,"Wien 8.Bezirk, Josefstadt <908>","Wien 8.Bezirk, Josefstadt <908>",17
bis 4 Jahre,2025,"Wien 8.Bezirk, Josefstadt <908>","Wien 9.Bezirk, Alsergrund <909>",11
bis 4 Jahre,2025,"Wien 8.Bezirk, Josefstadt <908>","Wien 10.Bezirk, Favoriten <910>",-
bis 4 Jahre,2025,"Wien 8.Bezirk, Josefstadt <908>","Wien 11.Bezirk, Simmering <911>",2
bis 4 Jahre,2025,"Wien 8.Bezirk, Josefstadt <908>","Wien 12.Bezirk, Meidling <912>",2
bis 4 Jahre,2025,"Wien 8.Bezirk, Josefstadt <908>","Wien 13.Bezirk, Hietzing <913>",3
bis 4 Jahre,2025,"Wien 8.Bezirk, Josefstadt <908>","Wien 14.Bezirk, Penzing <914>",2
bis 4 Jahre,2025,"Wien 8.Bezirk, Josefstadt <908>","Wien 15.Bezirk, Rudolfsheim-Fünfhaus <915>",2
bis 4 Jahre,2025,"Wien 8.Bezirk, Josefstadt <908>","Wien 16.Bezirk, Ottakring <916>",6
bis 4 Jahre,2025,"Wien 8.Bezirk, Josefstadt <908>","Wien 17.Bezirk, Hernals <917>",2
bis 4 Jahre,2025,"Wien 8.Bezirk, Josefstadt <908>","Wien 18.Bezirk, Währing <918>",1
bis 4 Jahre,2025,"Wien 8.Bezirk, Josefstadt <908>","Wien 19.Bezirk, Döbling <919>",5
bis 4 Jahre,2025,"Wien 8.Bezirk, Josefstadt <908>","Wien 20.Bezirk, Brigittenau <920>",-
bis 4 Jahre,2025,"Wien 8.Bezirk, Josefstadt <908>","Wien 21.Bezirk, Floridsdorf <921>",-
bis 4 Jahre,2025,"Wien 8.Bezirk, Josefstadt <908>","Wien 22.Bezirk, Donaustadt <922>",6
bis 4 Jahre,2025,"Wien 8.Bezirk, Josefstadt <908>","Wien 23.Bezirk, Liesing <923>",7
bis 4 Jahre,2025,"Wien 9.Bezirk, Alsergrund <909>","Wien 1.Bezirk, Innere Stadt <901>",3
bis 4 Jahre,2025,"Wien 9.Bezirk, Alsergrund <909>","Wien 2.Bezirk, Leopoldstadt <902>",13
bis 4 Jahre,2025,"Wien 9.Bezirk, Alsergrund <909>","Wien 3.Bezirk, Landstraße <903>",10
bis 4 Jahre,2025,"Wien 9.Bezirk, Alsergrund <909>","Wien 4.Bezirk, Wieden <904>",1
bis 4 Jahre,2025,"Wien 9.Bezirk, Alsergrund <909>","Wien 5.Bezirk, Margareten <905>",2
bis 4 Jahre,2025,"Wien 9.Bezirk, Alsergrund <909>","Wien 6.Bezirk, Mariahilf <906>",4
bis 4 Jahre,2025,"Wien 9.Bezirk, Alsergrund <909>","Wien 7.Bezirk, Neubau <907>",6
bis 4 Jahre,2025,"Wien 9.Bezirk, Alsergrund <909>","Wien 8.Bezirk, Josefstadt <908>",4
bis 4 Jahre,2025,"Wien 9.Bezirk, Alsergrund <909>","Wien 9.Bezirk, Alsergrund <909>",44
bis 4 Jahre,2025,"Wien 9.Bezirk, Alsergrund <909>","Wien 10.Bezirk, Favoriten <910>",5
bis 4 Jahre,2025,"Wien 9.Bezirk, Alsergrund <909>","Wien 11.Bezirk, Simmering <911>",-
bis 4 Jahre,2025,"Wien 9.Bezirk, Alsergrund <909>","Wien 12.Bezirk, Meidling <912>",6
bis 4 Jahre,2025,"Wien 9.Bezirk, Alsergrund <909>","Wien 13.Bezirk, Hietzing <913>",4
bis 4 Jahre,2025,"Wien 9.Bezirk, Alsergrund <909>","Wien 14.Bezirk, Penzing <914>",2
bis 4 Jahre,2025,"Wien 9.Bezirk, Alsergrund <909>","Wien 15.Bezirk, Rudolfsheim-Fünfhaus <915>",4
bis 4 Jahre,2025,"Wien 9.Bezirk, Alsergrund <909>","Wien 16.Bezirk, Ottakring <916>",9
bis 4 Jahre,2025,"Wien 9.Bezirk, Alsergrund <909>","Wien 17.Bezirk, Hernals <917>",9
bis 4 Jahre,2025,"Wien 9.Bezirk, Alsergrund <909>","Wien 18.Bezirk, Währing <918>",6
bis 4 Jahre,2025,"Wien 9.Bezirk, Alsergrund <909>","Wien 19.Bezirk, Döbling <919>",23
bis 4 Jahre,2025,"Wien 9.Bezirk, Alsergrund <909>","Wien 20.Bezirk, Brigittenau <920>",16
bis 4 Jahre,2025,"Wien 9.Bezirk, Alsergrund <909>","Wien 21.Bezirk, Floridsdorf <921>",15
bis 4 Jahre,2025,"Wien 9.Bezirk, Alsergrund <909>","Wien 22.Bezirk, Donaustadt <922>",17
bis 4 Jahre,2025,"Wien 9.Bezirk, Alsergrund <909>","Wien 23.Bezirk, Liesing <923>",9
bis 4 Jahre,2025,"Wien 10.Bezirk, Favoriten <910>","Wien 1.Bezirk, Innere Stadt <901>",-
bis 4 Jahre,2025,"Wien 10.Bezirk, Favoriten <910>","Wien 2.Bezirk, Leopoldstadt <902>",24
bis 4 Jahre,2025,"Wien 10.Bezirk, Favoriten <910>","Wien 3.Bezirk, Landstraße <903>",72
bis 4 Jahre,2025,"Wien 10.Bezirk, Favoriten <910>","Wien 4.Bezirk, Wieden <904>",20
bis 4 Jahre,2025,"Wien 10.Bezirk, Favoriten <910>","Wien 5.Bezirk, Margareten <905>",21
bis 4 Jahre,2025,"Wien 10.Bezirk, Favoriten <910>","Wien 6.Bezirk, Mariahilf <906>",13
bis 4 Jahre,2025,"Wien 10.Bezirk, Favoriten <910>","Wien 7.Bezirk, Neubau <907>",5
bis 4 Jahre,2025,"Wien 10.Bezirk, Favoriten <910>","Wien 8.Bezirk, Josefstadt <908>",3
bis 4 Jahre,2025,"Wien 10.Bezirk, Favoriten <910>","Wien 9.Bezirk, Alsergrund <909>",11
bis 4 Jahre,2025,"Wien 10.Bezirk, Favoriten <910>","Wien 10.Bezirk, Favoriten <910>",773
bis 4 Jahre,2025,"Wien 10.Bezirk, Favoriten <910>","Wien 11.Bezirk, Simmering <911>",112
bis 4 Jahre,2025,"Wien 10.Bezirk, Favoriten <910>","Wien 12.Bezirk, Meidling <912>",42
bis 4 Jahre,2025,"Wien 10.Bezirk, Favoriten <910>","Wien 13.Bezirk, Hietzing <913>",13
bis 4 Jahre,2025,"Wien 10.Bezirk, Favoriten <910>","Wien 14.Bezirk, Penzing <914>",26
bis 4 Jahre,2025,"Wien 10.Bezirk, Favoriten <910>","Wien 15.Bezirk, Rudolfsheim-Fünfhaus <915>",17
bis 4 Jahre,2025,"Wien 10.Bezirk, Favoriten <910>","Wien 16.Bezirk, Ottakring <916>",14
bis 4 Jahre,2025,"Wien 10.Bezirk, Favoriten <910>","Wien 17.Bezirk, Hernals <917>",8
bis 4 Jahre,2025,"Wien 10.Bezirk, Favoriten <910>","Wien 18.Bezirk, Währing <918>",6
bis 4 Jahre,2025,"Wien 10.Bezirk, Favoriten <910>","Wien 19.Bezirk, Döbling <919>",9
bis 4 Jahre,2025,"Wien 10.Bezirk, Favoriten <910>","Wien 20.Bezirk, Brigittenau <920>",30
bis 4 Jahre,2025,"Wien 10.Bezirk, Favoriten <910>","Wien 21.Bezirk, Floridsdorf <921>",88
bis 4 Jahre,2025,"Wien 10.Bezirk, Favoriten <910>","Wien 22.Bezirk, Donaustadt <922>",180
bis 4 Jahre,2025,"Wien 10.Bezirk, Favoriten <910>","Wien 23.Bezirk, Liesing <923>",91
bis 4 Jahre,2025,"Wien 11.Bezirk, Simmering <911>","Wien 1.Bezirk, Innere Stadt <901>",-
bis 4 Jahre,2025,"Wien 11.Bezirk, Simmering <911>","Wien 2.Bezirk, Leopoldstadt <902>",15
bis 4 Jahre,2025,"Wien 11.Bezirk, Simmering <911>","Wien 3.Bezirk, Landstraße <903>",36
bis 4 Jahre,2025,"Wien 11.Bezirk, Simmering <911>","Wien 4.Bezirk, Wieden <904>",1
bis 4 Jahre,2025,"Wien 11.Bezirk, Simmering <911>","Wien 5.Bezirk, Margareten <905>",15
bis 4 Jahre,2025,"Wien 11.Bezirk, Simmering <911>","Wien 6.Bezirk, Mariahilf <906>",4
bis 4 Jahre,2025,"Wien 11.Bezirk, Simmering <911>","Wien 7.Bezirk, Neubau <907>",5
bis 4 Jahre,2025,"Wien 11.Bezirk, Simmering <911>","Wien 8.Bezirk, Josefstadt <908>",2
bis 4 Jahre,2025,"Wien 11.Bezirk, Simmering <911>","Wien 9.Bezirk, Alsergrund <909>",2
bis 4 Jahre,2025,"Wien 11.Bezirk, Simmering <911>","Wien 10.Bezirk, Favoriten <910>",75
bis 4 Jahre,2025,"Wien 11.Bezirk, Simmering <911>","Wien 11.Bezirk, Simmering <911>",284
bis 4 Jahre,2025,"Wien 11.Bezirk, Simmering <911>","Wien 12.Bezirk, Meidling <912>",19
bis 4 Jahre,2025,"Wien 11.Bezirk, Simmering <911>","Wien 13.Bezirk, Hietzing <913>",3
bis 4 Jahre,2025,"Wien 11.Bezirk, Simmering <911>","Wien 14.Bezirk, Penzing <914>",18
bis 4 Jahre,2025,"Wien 11.Bezirk, Simmering <911>","Wien 15.Bezirk, Rudolfsheim-Fünfhaus <915>",8
bis 4 Jahre,2025,"Wien 11.Bezirk, Simmering <911>","Wien 16.Bezirk, Ottakring <916>",7
bis 4 Jahre,2025,"Wien 11.Bezirk, Simmering <911>","Wien 17.Bezirk, Hernals <917>",2
bis 4 Jahre,2025,"Wien 11.Bezirk, Simmering <911>","Wien 18.Bezirk, Währing <918>",4
bis 4 Jahre,2025,"Wien 11.Bezirk, Simmering <911>","Wien 19.Bezirk, Döbling <919>",6
bis 4 Jahre,2025,"Wien 11.Bezirk, Simmering <911>","Wien 20.Bezirk, Brigittenau <920>",6
bis 4 Jahre,2025,"Wien 11.Bezirk, Simmering <911>","Wien 21.Bezirk, Floridsdorf <921>",47
bis 4 Jahre,2025,"Wien 11.Bezirk, Simmering <911>","Wien 22.Bezirk, Donaustadt <922>",86
bis 4 Jahre,2025,"Wien 11.Bezirk, Simmering <911>","Wien 23.Bezirk, Liesing <923>",14
bis 4 Jahre,2025,"Wien 12.Bezirk, Meidling <912>","Wien 1.Bezirk, Innere Stadt <901>",1
bis 4 Jahre,2025,"Wien 12.Bezirk, Meidling <912>","Wien 2.Bezirk, Leopoldstadt <902>",16
bis 4 Jahre,2025,"Wien 12.Bezirk, Meidling <912>","Wien 3.Bezirk, Landstraße <903>",14
bis 4 Jahre,2025,"Wien 12.Bezirk, Meidling <912>","Wien 4.Bezirk, Wieden <904>",6
bis 4 Jahre,2025,"Wien 12.Bezirk, Meidling <912>","Wien 5.Bezirk, Margareten <905>",18
bis 4 Jahre,2025,"Wien 12.Bezirk, Meidling <912>","Wien 6.Bezirk, Mariahilf <906>",8
bis 4 Jahre,2025,"Wien 12.Bezirk, Meidling <912>","Wien 7.Bezirk, Neubau <907>",4
bis 4 Jahre,2025,"Wien 12.Bezirk, Meidling <912>","Wien 8.Bezirk, Josefstadt <908>",4
bis 4 Jahre,2025,"Wien 12.Bezirk, Meidling <912>","Wien 9.Bezirk, Alsergrund <909>",1
bis 4 Jahre,2025,"Wien 12.Bezirk, Meidling <912>","Wien 10.Bezirk, Favoriten <910>",65
bis 4 Jahre,2025,"Wien 12.Bezirk, Meidling <912>","Wien 11.Bezirk, Simmering <911>",23
bis 4 Jahre,2025,"Wien 12.Bezirk, Meidling <912>","Wien 12.Bezirk, Meidling <912>",143
bis 4 Jahre,2025,"Wien 12.Bezirk, Meidling <912>","Wien 13.Bezirk, Hietzing <913>",38
bis 4 Jahre,2025,"Wien 12.Bezirk, Meidling <912>","Wien 14.Bezirk, Penzing <914>",16
bis 4 Jahre,2025,"Wien 12.Bezirk, Meidling <912>","Wien 15.Bezirk, Rudolfsheim-Fünfhaus <915>",18
bis 4 Jahre,2025,"Wien 12.Bezirk, Meidling <912>","Wien 16.Bezirk, Ottakring <916>",14
bis 4 Jahre,2025,"Wien 12.Bezirk, Meidling <912>","Wien 17.Bezirk, Hernals <917>",10
bis 4 Jahre,2025,"Wien 12.Bezirk, Meidling <912>","Wien 18.Bezirk, Währing <918>",7
bis 4 Jahre,2025,"Wien 12.Bezirk, Meidling <912>","Wien 19.Bezirk, Döbling <919>",5
bis 4 Jahre,2025,"Wien 12.Bezirk, Meidling <912>","Wien 20.Bezirk, Brigittenau <920>",14
bis 4 Jahre,2025,"Wien 12.Bezirk, Meidling <912>","Wien 21.Bezirk, Floridsdorf <921>",54
bis 4 Jahre,2025,"Wien 12.Bezirk, Meidling <912>","Wien 22.Bezirk, Donaustadt <922>",36
bis 4 Jahre,2025,"Wien 12.Bezirk, Meidling <912>","Wien 23.Bezirk, Liesing <923>",84
bis 4 Jahre,2025,"Wien 13.Bezirk, Hietzing <913>","Wien 1.Bezirk, Innere Stadt <901>",-
bis 4 Jahre,2025,"Wien 13.Bezirk, Hietzing <913>","Wien 2.Bezirk, Leopoldstadt <902>",1
bis 4 Jahre,2025,"Wien 13.Bezirk, Hietzing <913>","Wien 3.Bezirk, Landstraße <903>",5
bis 4 Jahre,2025,"Wien 13.Bezirk, Hietzing <913>","Wien 4.Bezirk, Wieden <904>",2
bis 4 Jahre,2025,"Wien 13.Bezirk, Hietzing <913>","Wien 5.Bezirk, Margareten <905>",2
bis 4 Jahre,2025,"Wien 13.Bezirk, Hietzing <913>","Wien 6.Bezirk, Mariahilf <906>",5
bis 4 Jahre,2025,"Wien 13.Bezirk, Hietzing <913>","Wien 7.Bezirk, Neubau <907>",4
bis 4 Jahre,2025,"Wien 13.Bezirk, Hietzing <913>","Wien 8.Bezirk, Josefstadt <908>",3
bis 4 Jahre,2025,"Wien 13.Bezirk, Hietzing <913>","Wien 9.Bezirk, Alsergrund <909>",2
bis 4 Jahre,2025,"Wien 13.Bezirk, Hietzing <913>","Wien 10.Bezirk, Favoriten <910>",14
bis 4 Jahre,2025,"Wien 13.Bezirk, Hietzing <913>","Wien 11.Bezirk, Simmering <911>",8
bis 4 Jahre,2025,"Wien 13.Bezirk, Hietzing <913>","Wien 12.Bezirk, Meidling <912>",12
bis 4 Jahre,2025,"Wien 13.Bezirk, Hietzing <913>","Wien 13.Bezirk, Hietzing <913>",83
bis 4 Jahre,2025,"Wien 13.Bezirk, Hietzing <913>","Wien 14.Bezirk, Penzing <914>",35
bis 4 Jahre,2025,"Wien 13.Bezirk, Hietzing <913>","Wien 15.Bezirk, Rudolfsheim-Fünfhaus <915>",-
bis 4 Jahre,2025,"Wien 13.Bezirk, Hietzing <913>","Wien 16.Bezirk, Ottakring <916>",3
bis 4 Jahre,2025,"Wien 13.Bezirk, Hietzing <913>","Wien 17.Bezirk, Hernals <917>",-
bis 4 Jahre,2025,"Wien 13.Bezirk, Hietzing <913>","Wien 18.Bezirk, Währing <918>",-
bis 4 Jahre,2025,"Wien 13.Bezirk, Hietzing <913>","Wien 19.Bezirk, Döbling <919>",3
bis 4 Jahre,2025,"Wien 13.Bezirk, Hietzing <913>","Wien 20.Bezirk, Brigittenau <920>",2
bis 4 Jahre,2025,"Wien 13.Bezirk, Hietzing <913>","Wien 21.Bezirk, Floridsdorf <921>",6
bis 4 Jahre,2025,"Wien 13.Bezirk, Hietzing <913>","Wien 22.Bezirk, Donaustadt <922>",9
bis 4 Jahre,2025,"Wien 13.Bezirk, Hietzing <913>","Wien 23.Bezirk, Liesing <923>",23
bis 4 Jahre,2025,"Wien 14.Bezirk, Penzing <914>","Wien 1.Bezirk, Innere Stadt <901>",-
bis 4 Jahre,2025,"Wien 14.Bezirk, Penzing <914>","Wien 2.Bezirk, Leopoldstadt <902>",19
bis 4 Jahre,2025,"Wien 14.Bezirk, Penzing <914>","Wien 3.Bezirk, Landstraße <903>",8
bis 4 Jahre,2025,"Wien 14.Bezirk, Penzing <914>","Wien 4.Bezirk, Wieden <904>",4
bis 4 Jahre,2025,"Wien 14.Bezirk, Penzing <914>","Wien 5.Bezirk, Margareten <905>",4
bis 4 Jahre,2025,"Wien 14.Bezirk, Penzing <914>","Wien 6.Bezirk, Mariahilf <906>",6
bis 4 Jahre,2025,"Wien 14.Bezirk, Penzing <914>","Wien 7.Bezirk, Neubau <907>",7
bis 4 Jahre,2025,"Wien 14.Bezirk, Penzing <914>","Wien 8.Bezirk, Josefstadt <908>",1
bis 4 Jahre,2025,"Wien 14.Bezirk, Penzing <914>","Wien 9.Bezirk, Alsergrund <909>",4
bis 4 Jahre,2025,"Wien 14.Bezirk, Penzing <914>","Wien 10.Bezirk, Favoriten <910>",24
bis 4 Jahre,2025,"Wien 14.Bezirk, Penzing <914>","Wien 11.Bezirk, Simmering <911>",6
bis 4 Jahre,2025,"Wien 14.Bezirk, Penzing <914>","Wien 12.Bezirk, Meidling <912>",19
bis 4 Jahre,2025,"Wien 14.Bezirk, Penzing <914>","Wien 13.Bezirk, Hietzing <913>",18
bis 4 Jahre,2025,"Wien 14.Bezirk, Penzing <914>","Wien 14.Bezirk, Penzing <914>",124
bis 4 Jahre,2025,"Wien 14.Bezirk, Penzing <914>","Wien 15.Bezirk, Rudolfsheim-Fünfhaus <915>",20
bis 4 Jahre,2025,"Wien 14.Bezirk, Penzing <914>","Wien 16.Bezirk, Ottakring <916>",31
bis 4 Jahre,2025,"Wien 14.Bezirk, Penzing <914>","Wien 17.Bezirk, Hernals <917>",7
bis 4 Jahre,2025,"Wien 14.Bezirk, Penzing <914>","Wien 18.Bezirk, Währing <918>",10
bis 4 Jahre,2025,"Wien 14.Bezirk, Penzing <914>","Wien 19.Bezirk, Döbling <919>",10
bis 4 Jahre,2025,"Wien 14.Bezirk, Penzing <914>","Wien 20.Bezirk, Brigittenau <920>",6
bis 4 Jahre,2025,"Wien 14.Bezirk, Penzing <914>","Wien 21.Bezirk, Floridsdorf <921>",21
bis 4 Jahre,2025,"Wien 14.Bezirk, Penzing <914>","Wien 22.Bezirk, Donaustadt <922>",40
bis 4 Jahre,2025,"Wien 14.Bezirk, Penzing <914>","Wien 23.Bezirk, Liesing <923>",24
bis 4 Jahre,2025,"Wien 15.Bezirk, Rudolfsheim-Fünfhaus <915>","Wien 1.Bezirk, Innere Stadt <901>",-
bis 4 Jahre,2025,"Wien 15.Bezirk, Rudolfsheim-Fünfhaus <915>","Wien 2.Bezirk, Leopoldstadt <902>",15
bis 4 Jahre,2025,"Wien 15.Bezirk, Rudolfsheim-Fünfhaus <915>","Wien 3.Bezirk, Landstraße <903>",10
bis 4 Jahre,2025,"Wien 15.Bezirk, Rudolfsheim-Fünfhaus <915>","Wien 4.Bezirk, Wieden <904>",1
bis 4 Jahre,2025,"Wien 15.Bezirk, Rudolfsheim-Fünfhaus <915>","Wien 5.Bezirk, Margareten <905>",9
bis 4 Jahre,2025,"Wien 15.Bezirk, Rudolfsheim-Fünfhaus <915>","Wien 6.Bezirk, Mariahilf <906>",6
bis 4 Jahre,2025,"Wien 15.Bezirk, Rudolfsheim-Fünfhaus <915>","Wien 7.Bezirk, Neubau <907>",14
bis 4 Jahre,2025,"Wien 15.Bezirk, Rudolfsheim-Fünfhaus <915>","Wien 8.Bezirk, Josefstadt <908>",3
bis 4 Jahre,2025,"Wien 15.Bezirk, Rudolfsheim-Fünfhaus <915>","Wien 9.Bezirk, Alsergrund <909>",1
bis 4 Jahre,2025,"Wien 15.Bezirk, Rudolfsheim-Fünfhaus <915>","Wien 10.Bezirk, Favoriten <910>",36
bis 4 Jahre,2025,"Wien 15.Bezirk, Rudolfsheim-Fünfhaus <915>","Wien 11.Bezirk, Simmering <911>",13
bis 4 Jahre,2025,"Wien 15.Bezirk, Rudolfsheim-Fünfhaus <915>","Wien 12.Bezirk, Meidling <912>",41
bis 4 Jahre,2025,"Wien 15.Bezirk, Rudolfsheim-Fünfhaus <915>","Wien 13.Bezirk, Hietzing <913>",12
bis 4 Jahre,2025,"Wien 15.Bezirk, Rudolfsheim-Fünfhaus <915>","Wien 14.Bezirk, Penzing <914>",40
bis 4 Jahre,2025,"Wien 15.Bezirk, Rudolfsheim-Fünfhaus <915>","Wien 15.Bezirk, Rudolfsheim-Fünfhaus <915>",70
bis 4 Jahre,2025,"Wien 15.Bezirk, Rudolfsheim-Fünfhaus <915>","Wien 16.Bezirk, Ottakring <916>",40
bis 4 Jahre,2025,"Wien 15.Bezirk, Rudolfsheim-Fünfhaus <915>","Wien 17.Bezirk, Hernals <917>",5
bis 4 Jahre,2025,"Wien 15.Bezirk, Rudolfsheim-Fünfhaus <915>","Wien 18.Bezirk, Währing <918>",6
bis 4 Jahre,2025,"Wien 15.Bezirk, Rudolfsheim-Fünfhaus <915>","Wien 19.Bezirk, Döbling <919>",9
bis 4 Jahre,2025,"Wien 15.Bezirk, Rudolfsheim-Fünfhaus <915>","Wien 20.Bezirk, Brigittenau <920>",8
bis 4 Jahre,2025,"Wien 15.Bezirk, Rudolfsheim-Fünfhaus <915>","Wien 21.Bezirk, Floridsdorf <921>",23
bis 4 Jahre,2025,"Wien 15.Bezirk, Rudolfsheim-Fünfhaus <915>","Wien 22.Bezirk, Donaustadt <922>",32
bis 4 Jahre,2025,"Wien 15.Bezirk, Rudolfsheim-Fünfhaus <915>","Wien 23.Bezirk, Liesing <923>",21
bis 4 Jahre,2025,"Wien 16.Bezirk, Ottakring <916>","Wien 1.Bezirk, Innere Stadt <901>",-
bis 4 Jahre,2025,"Wien 16.Bezirk, Ottakring <916>","Wien 2.Bezirk, Leopoldstadt <902>",16
bis 4 Jahre,2025,"Wien 16.Bezirk, Ottakring <916>","Wien 3.Bezirk, Landstraße <903>",23
bis 4 Jahre,2025,"Wien 16.Bezirk, Ottakring <916>","Wien 4.Bezirk, Wieden <904>",4
bis 4 Jahre,2025,"Wien 16.Bezirk, Ottakring <916>","Wien 5.Bezirk, Margareten <905>",7
bis 4 Jahre,2025,"Wien 16.Bezirk, Ottakring <916>","Wien 6.Bezirk, Mariahilf <906>",9
bis 4 Jahre,2025,"Wien 16.Bezirk, Ottakring <916>","Wien 7.Bezirk, Neubau <907>",11
bis 4 Jahre,2025,"Wien 16.Bezirk, Ottakring <916>","Wien 8.Bezirk, Josefstadt <908>",5
bis 4 Jahre,2025,"Wien 16.Bezirk, Ottakring <916>","Wien 9.Bezirk, Alsergrund <909>",7
bis 4 Jahre,2025,"Wien 16.Bezirk, Ottakring <916>","Wien 10.Bezirk, Favoriten <910>",61
bis 4 Jahre,2025,"Wien 16.Bezirk, Ottakring <916>","Wien 11.Bezirk, Simmering <911>",26
bis 4 Jahre,2025,"Wien 16.Bezirk, Ottakring <916>","Wien 12.Bezirk, Meidling <912>",24
bis 4 Jahre,2025,"Wien 16.Bezirk, Ottakring <916>","Wien 13.Bezirk, Hietzing <913>",18
bis 4 Jahre,2025,"Wien 16.Bezirk, Ottakring <916>","Wien 14.Bezirk, Penzing <914>",53
bis 4 Jahre,2025,"Wien 16.Bezirk, Ottakring <916>","Wien 15.Bezirk, Rudolfsheim-Fünfhaus <915>",24
bis 4 Jahre,2025,"Wien 16.Bezirk, Ottakring <916>","Wien 16.Bezirk, Ottakring <916>",162
bis 4 Jahre,2025,"Wien 16.Bezirk, Ottakring <916>","Wien 17.Bezirk, Hernals <917>",52
bis 4 Jahre,2025,"Wien 16.Bezirk, Ottakring <916>","Wien 18.Bezirk, Währing <918>",12
bis 4 Jahre,2025,"Wien 16.Bezirk, Ottakring <916>","Wien 19.Bezirk, Döbling <919>",25
bis 4 Jahre,2025,"Wien 16.Bezirk, Ottakring <916>","Wien 20.Bezirk, Brigittenau <920>",31
bis 4 Jahre,2025,"Wien 16.Bezirk, Ottakring <916>","Wien 21.Bezirk, Floridsdorf <921>",39
bis 4 Jahre,2025,"Wien 16.Bezirk, Ottakring <916>","Wien 22.Bezirk, Donaustadt <922>",52
bis 4 Jahre,2025,"Wien 16.Bezirk, Ottakring <916>","Wien 23.Bezirk, Liesing <923>",23
bis 4 Jahre,2025,"Wien 17.Bezirk, Hernals <917>","Wien 1.Bezirk, Innere Stadt <901>",1
bis 4 Jahre,2025,"Wien 17.Bezirk, Hernals <917>","Wien 2.Bezirk, Leopoldstadt <902>",8
bis 4 Jahre,2025,"Wien 17.Bezirk, Hernals <917>","Wien 3.Bezirk, Landstraße <903>",6
bis 4 Jahre,2025,"Wien 17.Bezirk, Hernals <917>","Wien 4.Bezirk, Wieden <904>",2
bis 4 Jahre,2025,"Wien 17.Bezirk, Hernals <917>","Wien 5.Bezirk, Margareten <905>",2
bis 4 Jahre,2025,"Wien 17.Bezirk, Hernals <917>","Wien 6.Bezirk, Mariahilf <906>",-
bis 4 Jahre,2025,"Wien 17.Bezirk, Hernals <917>","Wien 7.Bezirk, Neubau <907>",1
bis 4 Jahre,2025,"Wien 17.Bezirk, Hernals <917>","Wien 8.Bezirk, Josefstadt <908>",1
bis 4 Jahre,2025,"Wien 17.Bezirk, Hernals <917>","Wien 9.Bezirk, Alsergrund <909>",1
bis 4 Jahre,2025,"Wien 17.Bezirk, Hernals <917>","Wien 10.Bezirk, Favoriten <910>",27
bis 4 Jahre,2025,"Wien 17.Bezirk, Hernals <917>","Wien 11.Bezirk, Simmering <911>",13
bis 4 Jahre,2025,"Wien 17.Bezirk, Hernals <917>","Wien 12.Bezirk, Meidling <912>",17
bis 4 Jahre,2025,"Wien 17.Bezirk, Hernals <917>","Wien 13.Bezirk, Hietzing <913>",7
bis 4 Jahre,2025,"Wien 17.Bezirk, Hernals <917>","Wien 14.Bezirk, Penzing <914>",15
bis 4 Jahre,2025,"Wien 17.Bezirk, Hernals <917>","Wien 15.Bezirk, Rudolfsheim-Fünfhaus <915>",12
bis 4 Jahre,2025,"Wien 17.Bezirk, Hernals <917>","Wien 16.Bezirk, Ottakring <916>",38
bis 4 Jahre,2025,"Wien 17.Bezirk, Hernals <917>","Wien 17.Bezirk, Hernals <917>",91
bis 4 Jahre,2025,"Wien 17.Bezirk, Hernals <917>","Wien 18.Bezirk, Währing <918>",8
bis 4 Jahre,2025,"Wien 17.Bezirk, Hernals <917>","Wien 19.Bezirk, Döbling <919>",20
bis 4 Jahre,2025,"Wien 17.Bezirk, Hernals <917>","Wien 20.Bezirk, Brigittenau <920>",8
bis 4 Jahre,2025,"Wien 17.Bezirk, Hernals <917>","Wien 21.Bezirk, Floridsdorf <921>",31
bis 4 Jahre,2025,"Wien 17.Bezirk, Hernals <917>","Wien 22.Bezirk, Donaustadt <922>",30
bis 4 Jahre,2025,"Wien 17.Bezirk, Hernals <917>","Wien 23.Bezirk, Liesing <923>",14
bis 4 Jahre,2025,"Wien 18.Bezirk, Währing <918>","Wien 1.Bezirk, Innere Stadt <901>",1
bis 4 Jahre,2025,"Wien 18.Bezirk, Währing <918>","Wien 2.Bezirk, Leopoldstadt <902>",3
bis 4 Jahre,2025,"Wien 18.Bezirk, Währing <918>","Wien 3.Bezirk, Landstraße <903>",5
bis 4 Jahre,2025,"Wien 18.Bezirk, Währing <918>","Wien 4.Bezirk, Wieden <904>",1
bis 4 Jahre,2025,"Wien 18.Bezirk, Währing <918>","Wien 5.Bezirk, Margareten <905>",1
bis 4 Jahre,2025,"Wien 18.Bezirk, Währing <918>","Wien 6.Bezirk, Mariahilf <906>",3
bis 4 Jahre,2025,"Wien 18.Bezirk, Währing <918>","Wien 7.Bezirk, Neubau <907>",1
bis 4 Jahre,2025,"Wien 18.Bezirk, Währing <918>","Wien 8.Bezirk, Josefstadt <908>",3
bis 4 Jahre,2025,"Wien 18.Bezirk, Währing <918>","Wien 9.Bezirk, Alsergrund <909>",6
bis 4 Jahre,2025,"Wien 18.Bezirk, Währing <918>","Wien 10.Bezirk, Favoriten <910>",11
bis 4 Jahre,2025,"Wien 18.Bezirk, Währing <918>","Wien 11.Bezirk, Simmering <911>",5
bis 4 Jahre,2025,"Wien 18.Bezirk, Währing <918>","Wien 12.Bezirk, Meidling <912>",4
bis 4 Jahre,2025,"Wien 18.Bezirk, Währing <918>","Wien 13.Bezirk, Hietzing <913>",5
bis 4 Jahre,2025,"Wien 18.Bezirk, Währing <918>","Wien 14.Bezirk, Penzing <914>",10
bis 4 Jahre,2025,"Wien 18.Bezirk, Währing <918>","Wien 15.Bezirk, Rudolfsheim-Fünfhaus <915>",3
bis 4 Jahre,2025,"Wien 18.Bezirk, Währing <918>","Wien 16.Bezirk, Ottakring <916>",8
bis 4 Jahre,2025,"Wien 18.Bezirk, Währing <918>","Wien 17.Bezirk, Hernals <917>",24
bis 4 Jahre,2025,"Wien 18.Bezirk, Währing <918>","Wien 18.Bezirk, Währing <918>",68
bis 4 Jahre,2025,"Wien 18.Bezirk, Währing <918>","Wien 19.Bezirk, Döbling <919>",35
bis 4 Jahre,2025,"Wien 18.Bezirk, Währing <918>","Wien 20.Bezirk, Brigittenau <920>",3
bis 4 Jahre,2025,"Wien 18.Bezirk, Währing <918>","Wien 21.Bezirk, Floridsdorf <921>",16
bis 4 Jahre,2025,"Wien 18.Bezirk, Währing <918>","Wien 22.Bezirk, Donaustadt <922>",18
bis 4 Jahre,2025,"Wien 18.Bezirk, Währing <918>","Wien 23.Bezirk, Liesing <923>",7
bis 4 Jahre,2025,"Wien 19.Bezirk, Döbling <919>","Wien 1.Bezirk, Innere Stadt <901>",1
bis 4 Jahre,2025,"Wien 19.Bezirk, Döbling <919>","Wien 2.Bezirk, Leopoldstadt <902>",4
bis 4 Jahre,2025,"Wien 19.Bezirk, Döbling <919>","Wien 3.Bezirk, Landstraße <903>",12
bis 4 Jahre,2025,"Wien 19.Bezirk, Döbling <919>","Wien 4.Bezirk, Wieden <904>",4
bis 4 Jahre,2025,"Wien 19.Bezirk, Döbling <919>","Wien 5.Bezirk, Margareten <905>",4
bis 4 Jahre,2025,"Wien 19.Bezirk, Döbling <919>","Wien 6.Bezirk, Mariahilf <906>",1
bis 4 Jahre,2025,"Wien 19.Bezirk, Döbling <919>","Wien 7.Bezirk, Neubau <907>",-
bis 4 Jahre,2025,"Wien 19.Bezirk, Döbling <919>","Wien 8.Bezirk, Josefstadt <908>",3
bis 4 Jahre,2025,"Wien 19.Bezirk, Döbling <919>","Wien 9.Bezirk, Alsergrund <909>",6
bis 4 Jahre,2025,"Wien 19.Bezirk, Döbling <919>","Wien 10.Bezirk, Favoriten <910>",15
bis 4 Jahre,2025,"Wien 19.Bezirk, Döbling <919>","Wien 11.Bezirk, Simmering <911>",2
bis 4 Jahre,2025,"Wien 19.Bezirk, Döbling <919>","Wien 12.Bezirk, Meidling <912>",7
bis 4 Jahre,2025,"Wien 19.Bezirk, Döbling <919>","Wien 13.Bezirk, Hietzing <913>",4
bis 4 Jahre,2025,"Wien 19.Bezirk, Döbling <919>","Wien 14.Bezirk, Penzing <914>",2
bis 4 Jahre,2025,"Wien 19.Bezirk, Döbling <919>","Wien 15.Bezirk, Rudolfsheim-Fünfhaus <915>",3
bis 4 Jahre,2025,"Wien 19.Bezirk, Döbling <919>","Wien 16.Bezirk, Ottakring <916>",7
bis 4 Jahre,2025,"Wien 19.Bezirk, Döbling <919>","Wien 17.Bezirk, Hernals <917>",17
bis 4 Jahre,2025,"Wien 19.Bezirk, Döbling <919>","Wien 18.Bezirk, Währing <918>",25
bis 4 Jahre,2025,"Wien 19.Bezirk, Döbling <919>","Wien 19.Bezirk, Döbling <919>",138
bis 4 Jahre,2025,"Wien 19.Bezirk, Döbling <919>","Wien 20.Bezirk, Brigittenau <920>",12
bis 4 Jahre,2025,"Wien 19.Bezirk, Döbling <919>","Wien 21.Bezirk, Floridsdorf <921>",36
bis 4 Jahre,2025,"Wien 19.Bezirk, Döbling <919>","Wien 22.Bezirk, Donaustadt <922>",33
bis 4 Jahre,2025,"Wien 19.Bezirk, Döbling <919>","Wien 23.Bezirk, Liesing <923>",5
bis 4 Jahre,2025,"Wien 20.Bezirk, Brigittenau <920>","Wien 1.Bezirk, Innere Stadt <901>",-
bis 4 Jahre,2025,"Wien 20.Bezirk, Brigittenau <920>","Wien 2.Bezirk, Leopoldstadt <902>",66
bis 4 Jahre,2025,"Wien 20.Bezirk, Brigittenau <920>","Wien 3.Bezirk, Landstraße <903>",14
bis 4 Jahre,2025,"Wien 20.Bezirk, Brigittenau <920>","Wien 4.Bezirk, Wieden <904>",2
bis 4 Jahre,2025,"Wien 20.Bezirk, Brigittenau <920>","Wien 5.Bezirk, Margareten <905>",1
bis 4 Jahre,2025,"Wien 20.Bezirk, Brigittenau <920>","Wien 6.Bezirk, Mariahilf <906>",11
bis 4 Jahre,2025,"Wien 20.Bezirk, Brigittenau <920>","Wien 7.Bezirk, Neubau <907>",4
bis 4 Jahre,2025,"Wien 20.Bezirk, Brigittenau <920>","Wien 8.Bezirk, Josefstadt <908>",-
bis 4 Jahre,2025,"Wien 20.Bezirk, Brigittenau <920>","Wien 9.Bezirk, Alsergrund <909>",12
bis 4 Jahre,2025,"Wien 20.Bezirk, Brigittenau <920>","Wien 10.Bezirk, Favoriten <910>",33
bis 4 Jahre,2025,"Wien 20.Bezirk, Brigittenau <920>","Wien 11.Bezirk, Simmering <911>",18
bis 4 Jahre,2025,"Wien 20.Bezirk, Brigittenau <920>","Wien 12.Bezirk, Meidling <912>",9
bis 4 Jahre,2025,"Wien 20.Bezirk, Brigittenau <920>","Wien 13.Bezirk, Hietzing <913>",2
bis 4 Jahre,2025,"Wien 20.Bezirk, Brigittenau <920>","Wien 14.Bezirk, Penzing <914>",10
bis 4 Jahre,2025,"Wien 20.Bezirk, Brigittenau <920>","Wien 15.Bezirk, Rudolfsheim-Fünfhaus <915>",6
bis 4 Jahre,2025,"Wien 20.Bezirk, Brigittenau <920>","Wien 16.Bezirk, Ottakring <916>",3
bis 4 Jahre,2025,"Wien 20.Bezirk, Brigittenau <920>","Wien 17.Bezirk, Hernals <917>",9
bis 4 Jahre,2025,"Wien 20.Bezirk, Brigittenau <920>","Wien 18.Bezirk, Währing <918>",6
bis 4 Jahre,2025,"Wien 20.Bezirk, Brigittenau <920>","Wien 19.Bezirk, Döbling <919>",15
bis 4 Jahre,2025,"Wien 20.Bezirk, Brigittenau <920>","Wien 20.Bezirk, Brigittenau <920>",152
bis 4 Jahre,2025,"Wien 20.Bezirk, Brigittenau <920>","Wien 21.Bezirk, Floridsdorf <921>",83
bis 4 Jahre,2025,"Wien 20.Bezirk, Brigittenau <920>","Wien 22.Bezirk, Donaustadt <922>",84
bis 4 Jahre,2025,"Wien 20.Bezirk, Brigittenau <920>","Wien 23.Bezirk, Liesing <923>",11
bis 4 Jahre,2025,"Wien 21.Bezirk, Floridsdorf <921>","Wien 1.Bezirk, Innere Stadt <901>",2
bis 4 Jahre,2025,"Wien 21.Bezirk, Floridsdorf <921>","Wien 2.Bezirk, Leopoldstadt <902>",28
bis 4 Jahre,2025,"Wien 21.Bezirk, Floridsdorf <921>","Wien 3.Bezirk, Landstraße <903>",14
bis 4 Jahre,2025,"Wien 21.Bezirk, Floridsdorf <921>","Wien 4.Bezirk, Wieden <904>",4
bis 4 Jahre,2025,"Wien 21.Bezirk, Floridsdorf <921>","Wien 5.Bezirk, Margareten <905>",5
bis 4 Jahre,2025,"Wien 21.Bezirk, Floridsdorf <921>","Wien 6.Bezirk, Mariahilf <906>",4
bis 4 Jahre,2025,"Wien 21.Bezirk, Floridsdorf <921>","Wien 7.Bezirk, Neubau <907>",2
bis 4 Jahre,2025,"Wien 21.Bezirk, Floridsdorf <921>","Wien 8.Bezirk, Josefstadt <908>",-
bis 4 Jahre,2025,"Wien 21.Bezirk, Floridsdorf <921>","Wien 9.Bezirk, Alsergrund <909>",3
bis 4 Jahre,2025,"Wien 21.Bezirk, Floridsdorf <921>","Wien 10.Bezirk, Favoriten <910>",38
bis 4 Jahre,2025,"Wien 21.Bezirk, Floridsdorf <921>","Wien 11.Bezirk, Simmering <911>",27
bis 4 Jahre,2025,"Wien 21.Bezirk, Floridsdorf <921>","Wien 12.Bezirk, Meidling <912>",19
bis 4 Jahre,2025,"Wien 21.Bezirk, Floridsdorf <921>","Wien 13.Bezirk, Hietzing <913>",4
bis 4 Jahre,2025,"Wien 21.Bezirk, Floridsdorf <921>","Wien 14.Bezirk, Penzing <914>",7
bis 4 Jahre,2025,"Wien 21.Bezirk, Floridsdorf <921>","Wien 15.Bezirk, Rudolfsheim-Fünfhaus <915>",9
bis 4 Jahre,2025,"Wien 21.Bezirk, Floridsdorf <921>","Wien 16.Bezirk, Ottakring <916>",22
bis 4 Jahre,2025,"Wien 21.Bezirk, Floridsdorf <921>","Wien 17.Bezirk, Hernals <917>",9
bis 4 Jahre,2025,"Wien 21.Bezirk, Floridsdorf <921>","Wien 18.Bezirk, Währing <918>",3
bis 4 Jahre,2025,"Wien 21.Bezirk, Floridsdorf <921>","Wien 19.Bezirk, Döbling <919>",15
bis 4 Jahre,2025,"Wien 21.Bezirk, Floridsdorf <921>","Wien 20.Bezirk, Brigittenau <920>",33
bis 4 Jahre,2025,"Wien 21.Bezirk, Floridsdorf <921>","Wien 21.Bezirk, Floridsdorf <921>",462
bis 4 Jahre,2025,"Wien 21.Bezirk, Floridsdorf <921>","Wien 22.Bezirk, Donaustadt <922>",244
bis 4 Jahre,2025,"Wien 21.Bezirk, Floridsdorf <921>","Wien 23.Bezirk, Liesing <923>",24
bis 4 Jahre,2025,"Wien 22.Bezirk, Donaustadt <922>","Wien 1.Bezirk, Innere Stadt <901>",2
bis 4 Jahre,2025,"Wien 22.Bezirk, Donaustadt <922>","Wien 2.Bezirk, Leopoldstadt <902>",32
bis 4 Jahre,2025,"Wien 22.Bezirk, Donaustadt <922>","Wien 3.Bezirk, Landstraße <903>",10
bis 4 Jahre,2025,"Wien 22.Bezirk, Donaustadt <922>","Wien 4.Bezirk, Wieden <904>",3
bis 4 Jahre,2025,"Wien 22.Bezirk, Donaustadt <922>","Wien 5.Bezirk, Margareten <905>",3
bis 4 Jahre,2025,"Wien 22.Bezirk, Donaustadt <922>","Wien 6.Bezirk, Mariahilf <906>",9
bis 4 Jahre,2025,"Wien 22.Bezirk, Donaustadt <922>","Wien 7.Bezirk, Neubau <907>",5
bis 4 Jahre,2025,"Wien 22.Bezirk, Donaustadt <922>","Wien 8.Bezirk, Josefstadt <908>",3
bis 4 Jahre,2025,"Wien 22.Bezirk, Donaustadt <922>","Wien 9.Bezirk, Alsergrund <909>",4
bis 4 Jahre,2025,"Wien 22.Bezirk, Donaustadt <922>","Wien 10.Bezirk, Favoriten <910>",47
bis 4 Jahre,2025,"Wien 22.Bezirk, Donaustadt <922>","Wien 11.Bezirk, Simmering <911>",27
bis 4 Jahre,2025,"Wien 22.Bezirk, Donaustadt <922>","Wien 12.Bezirk, Meidling <912>",24
bis 4 Jahre,2025,"Wien 22.Bezirk, Donaustadt <922>","Wien 13.Bezirk, Hietzing <913>",8
bis 4 Jahre,2025,"Wien 22.Bezirk, Donaustadt <922>","Wien 14.Bezirk, Penzing <914>",8
bis 4 Jahre,2025,"Wien 22.Bezirk, Donaustadt <922>","Wien 15.Bezirk, Rudolfsheim-Fünfhaus <915>",11
bis 4 Jahre,2025,"Wien 22.Bezirk, Donaustadt <922>","Wien 16.Bezirk, Ottakring <916>",17
bis 4 Jahre,2025,"Wien 22.Bezirk, Donaustadt <922>","Wien 17.Bezirk, Hernals <917>",11
bis 4 Jahre,2025,"Wien 22.Bezirk, Donaustadt <922>","Wien 18.Bezirk, Währing <918>",6
bis 4 Jahre,2025,"Wien 22.Bezirk, Donaustadt <922>","Wien 19.Bezirk, Döbling <919>",15
bis 4 Jahre,2025,"Wien 22.Bezirk, Donaustadt <922>","Wien 20.Bezirk, Brigittenau <920>",19
bis 4 Jahre,2025,"Wien 22.Bezirk, Donaustadt <922>","Wien 21.Bezirk, Floridsdorf <921>",115
bis 4 Jahre,2025,"Wien 22.Bezirk, Donaustadt <922>","Wien 22.Bezirk, Donaustadt <922>",615
bis 4 Jahre,2025,"Wien 22.Bezirk, Donaustadt <922>","Wien 23.Bezirk, Liesing <923>",17
bis 4 Jahre,2025,"Wien 23.Bezirk, Liesing <923>","Wien 1.Bezirk, Innere Stadt <901>",1
bis 4 Jahre,2025,"Wien 23.Bezirk, Liesing <923>","Wien 2.Bezirk, Leopoldstadt <902>",6
bis 4 Jahre,2025,"Wien 23.Bezirk, Liesing <923>","Wien 3.Bezirk, Landstraße <903>",12
bis 4 Jahre,2025,"Wien 23.Bezirk, Liesing <923>","Wien 4.Bezirk, Wieden <904>",2
bis 4 Jahre,2025,"Wien 23.Bezirk, Liesing <923>","Wien 5.Bezirk, Margareten <905>",6
bis 4 Jahre,2025,"Wien 23.Bezirk, Liesing <923>","Wien 6.Bezirk, Mariahilf <906>",2
bis 4 Jahre,2025,"Wien 23.Bezirk, Liesing <923>","Wien 7.Bezirk, Neubau <907>",-
bis 4 Jahre,2025,"Wien 23.Bezirk, Liesing <923>","Wien 8.Bezirk, Josefstadt <908>",-
bis 4 Jahre,2025,"Wien 23.Bezirk, Liesing <923>","Wien 9.Bezirk, Alsergrund <909>",3
bis 4 Jahre,2025,"Wien 23.Bezirk, Liesing <923>","Wien 10.Bezirk, Favoriten <910>",39
bis 4 Jahre,2025,"Wien 23.Bezirk, Liesing <923>","Wien 11.Bezirk, Simmering <911>",9
bis 4 Jahre,2025,"Wien 23.Bezirk, Liesing <923>","Wien 12.Bezirk, Meidling <912>",26
bis 4 Jahre,2025,"Wien 23.Bezirk, Liesing <923>","Wien 13.Bezirk, Hietzing <913>",21
bis 4 Jahre,2025,"Wien 23.Bezirk, Liesing <923>","Wien 14.Bezirk, Penzing <914>",5
bis 4 Jahre,2025,"Wien 23.Bezirk, Liesing <923>","Wien 15.Bezirk, Rudolfsheim-Fünfhaus <915>",8
bis 4 Jahre,2025,"Wien 23.Bezirk, Liesing <923>","Wien 16.Bezirk, Ottakring <916>",4
bis 4 Jahre,2025,"Wien 23.Bezirk, Liesing <923>","Wien 17.Bezirk, Hernals <917>",-
bis 4 Jahre,2025,"Wien 23.Bezirk, Liesing <923>","Wien 18.Bezirk, Währing <918>",3
bis 4 Jahre,2025,"Wien 23.Bezirk, Liesing <923>","Wien 19.Bezirk, Döbling <919>",6
bis 4 Jahre,2025,"Wien 23.Bezirk, Liesing <923>","Wien 20.Bezirk, Brigittenau <920>",3
bis 4 Jahre,2025,"Wien 23.Bezirk, Liesing <923>","Wien 21.Bezirk, Floridsdorf <921>",15
bis 4 Jahre,2025,"Wien 23.Bezirk, Liesing <923>","Wien 22.Bezirk, Donaustadt <922>",38
bis 4 Jahre,2025,"Wien 23.Bezirk, Liesing <923>","Wien 23.Bezirk, Liesing <923>",226
5 bis 9 Jahre,2025,"Wien 1.Bezirk, Innere Stadt <901>","Wien 1.Bezirk, Innere Stadt <901>",25
5 bis 9 Jahre,2025,"Wien 1.Bezirk, Innere Stadt <901>","Wien 2.Bezirk, Leopoldstadt <902>",6
5 bis 9 Jahre,2025,"Wien 1.Bezirk, Innere Stadt <901>","Wien 3.Bezirk, Landstraße <903>",13
5 bis 9 Jahre,2025,"Wien 1.Bezirk, Innere Stadt <901>","Wien 4.Bezirk, Wieden <904>",2
5 bis 9 Jahre,2025,"Wien 1.Bezirk, Innere Stadt <901>","Wien 5.Bezirk, Margareten <905>",-
5 bis 9 Jahre,2025,"Wien 1.Bezirk, Innere Stadt <901>","Wien 6.Bezirk, Mariahilf <906>",1
5 bis 9 Jahre,2025,"Wien 1.Bezirk, Innere Stadt <901>","Wien 7.Bezirk, Neubau <907>",-
5 bis 9 Jahre,2025,"Wien 1.Bezirk, Innere Stadt <901>","Wien 8.Bezirk, Josefstadt <908>",-
5 bis 9 Jahre,2025,"Wien 1.Bezirk, Innere Stadt <901>","Wien 9.Bezirk, Alsergrund <909>",3
5 bis 9 Jahre,2025,"Wien 1.Bezirk, Innere Stadt <901>","Wien 10.Bezirk, Favoriten <910>",1
5 bis 9 Jahre,2025,"Wien 1.Bezirk, Innere Stadt <901>","Wien 11.Bezirk, Simmering <911>",3
5 bis 9 Jahre,2025,"Wien 1.Bezirk, Innere Stadt <901>","Wien 12.Bezirk, Meidling <912>",-
5 bis 9 Jahre,2025,"Wien 1.Bezirk, Innere Stadt <901>","Wien 13.Bezirk, Hietzing <913>",1
5 bis 9 Jahre,2025,"Wien 1.Bezirk, Innere Stadt <901>","Wien 14.Bezirk, Penzing <914>",1
5 bis 9 Jahre,2025,"Wien 1.Bezirk, Innere Stadt <901>","Wien 15.Bezirk, Rudolfsheim-Fünfhaus <915>",-
5 bis 9 Jahre,2025,"Wien 1.Bezirk, Innere Stadt <901>","Wien 16.Bezirk, Ottakring <916>",1
5 bis 9 Jahre,2025,"Wien 1.Bezirk, Innere Stadt <901>","Wien 17.Bezirk, Hernals <917>",1
5 bis 9 Jahre,2025,"Wien 1.Bezirk, Innere Stadt <901>","Wien 18.Bezirk, Währing <918>",4
5 bis 9 Jahre,2025,"Wien 1.Bezirk, Innere Stadt <901>","Wien 19.Bezirk, Döbling <919>",6
5 bis 9 Jahre,2025,"Wien 1.Bezirk, Innere Stadt <901>","Wien 20.Bezirk, Brigittenau <920>",-
5 bis 9 Jahre,2025,"Wien 1.Bezirk, Innere Stadt <901>","Wien 21.Bezirk, Floridsdorf <921>",1
5 bis 9 Jahre,2025,"Wien 1.Bezirk, Innere Stadt <901>","Wien 22.Bezirk, Donaustadt <922>",5
5 bis 9 Jahre,2025,"Wien 1.Bezirk, Innere Stadt <901>","Wien 23.Bezirk, Liesing <923>",1
5 bis 9 Jahre,2025,"Wien 2.Bezirk, Leopoldstadt <902>","Wien 1.Bezirk, Innere Stadt <901>",7
5 bis 9 Jahre,2025,"Wien 2.Bezirk, Leopoldstadt <902>","Wien 2.Bezirk, Leopoldstadt <902>",182
5 bis 9 Jahre,2025,"Wien 2.Bezirk, Leopoldstadt <902>","Wien 3.Bezirk, Landstraße <903>",16
5 bis 9 Jahre,2025,"Wien 2.Bezirk, Leopoldstadt <902>","Wien 4.Bezirk, Wieden <904>",5
5 bis 9 Jahre,2025,"Wien 2.Bezirk, Leopoldstadt <902>","Wien 5.Bezirk, Margareten <905>",3
5 bis 9 Jahre,2025,"Wien 2.Bezirk, Leopoldstadt <902>","Wien 6.Bezirk, Mariahilf <906>",5
5 bis 9 Jahre,2025,"Wien 2.Bezirk, Leopoldstadt <902>","Wien 7.Bezirk, Neubau <907>",6
5 bis 9 Jahre,2025,"Wien 2.Bezirk, Leopoldstadt <902>","Wien 8.Bezirk, Josefstadt <908>",2
5 bis 9 Jahre,2025,"Wien 2.Bezirk, Leopoldstadt <902>","Wien 9.Bezirk, Alsergrund <909>",6
5 bis 9 Jahre,2025,"Wien 2.Bezirk, Leopoldstadt <902>","Wien 10.Bezirk, Favoriten <910>",23
5 bis 9 Jahre,2025,"Wien 2.Bezirk, Leopoldstadt <902>","Wien 11.Bezirk, Simmering <911>",10
5 bis 9 Jahre,2025,"Wien 2.Bezirk, Leopoldstadt <902>","Wien 12.Bezirk, Meidling <912>",6
5 bis 9 Jahre,2025,"Wien 2.Bezirk, Leopoldstadt <902>","Wien 13.Bezirk, Hietzing <913>",6
5 bis 9 Jahre,2025,"Wien 2.Bezirk, Leopoldstadt <902>","Wien 14.Bezirk, Penzing <914>",21
5 bis 9 Jahre,2025,"Wien 2.Bezirk, Leopoldstadt <902>","Wien 15.Bezirk, Rudolfsheim-Fünfhaus <915>",1
5 bis 9 Jahre,2025,"Wien 2.Bezirk, Leopoldstadt <902>","Wien 16.Bezirk, Ottakring <916>",9
5 bis 9 Jahre,2025,"Wien 2.Bezirk, Leopoldstadt <902>","Wien 17.Bezirk, Hernals <917>",2
5 bis 9 Jahre,2025,"Wien 2.Bezirk, Leopoldstadt <902>","Wien 18.Bezirk, Währing <918>",5
5 bis 9 Jahre,2025,"Wien 2.Bezirk, Leopoldstadt <902>","Wien 19.Bezirk, Döbling <919>",8
5 bis 9 Jahre,2025,"Wien 2.Bezirk, Leopoldstadt <902>","Wien 20.Bezirk, Brigittenau <920>",42
5 bis 9 Jahre,2025,"Wien 2.Bezirk, Leopoldstadt <902>","Wien 21.Bezirk, Floridsdorf <921>",34
5 bis 9 Jahre,2025,"Wien 2.Bezirk, Leopoldstadt <902>","Wien 22.Bezirk, Donaustadt <922>",81
5 bis 9 Jahre,2025,"Wien 2.Bezirk, Leopoldstadt <902>","Wien 23.Bezirk, Liesing <923>",8
5 bis 9 Jahre,2025,"Wien 3.Bezirk, Landstraße <903>","Wien 1.Bezirk, Innere Stadt <901>",9
5 bis 9 Jahre,2025,"Wien 3.Bezirk, Landstraße <903>","Wien 2.Bezirk, Leopoldstadt <902>",23
5 bis 9 Jahre,2025,"Wien 3.Bezirk, Landstraße <903>","Wien 3.Bezirk, Landstraße <903>",136
5 bis 9 Jahre,2025,"Wien 3.Bezirk, Landstraße <903>","Wien 4.Bezirk, Wieden <904>",13
5 bis 9 Jahre,2025,"Wien 3.Bezirk, Landstraße <903>","Wien 5.Bezirk, Margareten <905>",3
5 bis 9 Jahre,2025,"Wien 3.Bezirk, Landstraße <903>","Wien 6.Bezirk, Mariahilf <906>",1
5 bis 9 Jahre,2025,"Wien 3.Bezirk, Landstraße <903>","Wien 7.Bezirk, Neubau <907>",2
5 bis 9 Jahre,2025,"Wien 3.Bezirk, Landstraße <903>","Wien 8.Bezirk, Josefstadt <908>",3
5 bis 9 Jahre,2025,"Wien 3.Bezirk, Landstraße <903>","Wien 9.Bezirk, Alsergrund <909>",3
5 bis 9 Jahre,2025,"Wien 3.Bezirk, Landstraße <903>","Wien 10.Bezirk, Favoriten <910>",25
5 bis 9 Jahre,2025,"Wien 3.Bezirk, Landstraße <903>","Wien 11.Bezirk, Simmering <911>",26
5 bis 9 Jahre,2025,"Wien 3.Bezirk, Landstraße <903>","Wien 12.Bezirk, Meidling <912>",8
5 bis 9 Jahre,2025,"Wien 3.Bezirk, Landstraße <903>","Wien 13.Bezirk, Hietzing <913>",2
5 bis 9 Jahre,2025,"Wien 3.Bezirk, Landstraße <903>","Wien 14.Bezirk, Penzing <914>",1
5 bis 9 Jahre,2025,"Wien 3.Bezirk, Landstraße <903>","Wien 15.Bezirk, Rudolfsheim-Fünfhaus <915>",12
5 bis 9 Jahre,2025,"Wien 3.Bezirk, Landstraße <903>","Wien 16.Bezirk, Ottakring <916>",7
5 bis 9 Jahre,2025,"Wien 3.Bezirk, Landstraße <903>","Wien 17.Bezirk, Hernals <917>",8
5 bis 9 Jahre,2025,"Wien 3.Bezirk, Landstraße <903>","Wien 18.Bezirk, Währing <918>",2
5 bis 9 Jahre,2025,"Wien 3.Bezirk, Landstraße <903>","Wien 19.Bezirk, Döbling <919>",8
5 bis 9 Jahre,2025,"Wien 3.Bezirk, Landstraße <903>","Wien 20.Bezirk, Brigittenau <920>",8
5 bis 9 Jahre,2025,"Wien 3.Bezirk, Landstraße <903>","Wien 21.Bezirk, Floridsdorf <921>",22
5 bis 9 Jahre,2025,"Wien 3.Bezirk, Landstraße <903>","Wien 22.Bezirk, Donaustadt <922>",28
5 bis 9 Jahre,2025,"Wien 3.Bezirk, Landstraße <903>","Wien 23.Bezirk, Liesing <923>",5
5 bis 9 Jahre,2025,"Wien 4.Bezirk, Wieden <904>","Wien 1.Bezirk, Innere Stadt <901>",1
5 bis 9 Jahre,2025,"Wien 4.Bezirk, Wieden <904>","Wien 2.Bezirk, Leopoldstadt <902>",2
5 bis 9 Jahre,2025,"Wien 4.Bezirk, Wieden <904>","Wien 3.Bezirk, Landstraße <903>",7
5 bis 9 Jahre,2025,"Wien 4.Bezirk, Wieden <904>","Wien 4.Bezirk, Wieden <904>",33
5 bis 9 Jahre,2025,"Wien 4.Bezirk, Wieden <904>","Wien 5.Bezirk, Margareten <905>",8
5 bis 9 Jahre,2025,"Wien 4.Bezirk, Wieden <904>","Wien 6.Bezirk, Mariahilf <906>",1
5 bis 9 Jahre,2025,"Wien 4.Bezirk, Wieden <904>","Wien 7.Bezirk, Neubau <907>",3
5 bis 9 Jahre,2025,"Wien 4.Bezirk, Wieden <904>","Wien 8.Bezirk, Josefstadt <908>",1
5 bis 9 Jahre,2025,"Wien 4.Bezirk, Wieden <904>","Wien 9.Bezirk, Alsergrund <909>",2
5 bis 9 Jahre,2025,"Wien 4.Bezirk, Wieden <904>","Wien 10.Bezirk, Favoriten <910>",11
5 bis 9 Jahre,2025,"Wien 4.Bezirk, Wieden <904>","Wien 11.Bezirk, Simmering <911>",2
5 bis 9 Jahre,2025,"Wien 4.Bezirk, Wieden <904>","Wien 12.Bezirk, Meidling <912>",5
5 bis 9 Jahre,2025,"Wien 4.Bezirk, Wieden <904>","Wien 13.Bezirk, Hietzing <913>",4
5 bis 9 Jahre,2025,"Wien 4.Bezirk, Wieden <904>","Wien 14.Bezirk, Penzing <914>",1
5 bis 9 Jahre,2025,"Wien 4.Bezirk, Wieden <904>","Wien 15.Bezirk, Rudolfsheim-Fünfhaus <915>",2
5 bis 9 Jahre,2025,"Wien 4.Bezirk, Wieden <904>","Wien 16.Bezirk, Ottakring <916>",5
5 bis 9 Jahre,2025,"Wien 4.Bezirk, Wieden <904>","Wien 17.Bezirk, Hernals <917>",2
5 bis 9 Jahre,2025,"Wien 4.Bezirk, Wieden <904>","Wien 18.Bezirk, Währing <918>",1
5 bis 9 Jahre,2025,"Wien 4.Bezirk, Wieden <904>","Wien 19.Bezirk, Döbling <919>",7
5 bis 9 Jahre,2025,"Wien 4.Bezirk, Wieden <904>","Wien 20.Bezirk, Brigittenau <920>",4
5 bis 9 Jahre,2025,"Wien 4.Bezirk, Wieden <904>","Wien 21.Bezirk, Floridsdorf <921>",4
5 bis 9 Jahre,2025,"Wien 4.Bezirk, Wieden <904>","Wien 22.Bezirk, Donaustadt <922>",8
5 bis 9 Jahre,2025,"Wien 4.Bezirk, Wieden <904>","Wien 23.Bezirk, Liesing <923>",6
5 bis 9 Jahre,2025,"Wien 5.Bezirk, Margareten <905>","Wien 1.Bezirk, Innere Stadt <901>",-
5 bis 9 Jahre,2025,"Wien 5.Bezirk, Margareten <905>","Wien 2.Bezirk, Leopoldstadt <902>",12
5 bis 9 Jahre,2025,"Wien 5.Bezirk, Margareten <905>","Wien 3.Bezirk, Landstraße <903>",11
5 bis 9 Jahre,2025,"Wien 5.Bezirk, Margareten <905>","Wien 4.Bezirk, Wieden <904>",11
5 bis 9 Jahre,2025,"Wien 5.Bezirk, Margareten <905>","Wien 5.Bezirk, Margareten <905>",33
5 bis 9 Jahre,2025,"Wien 5.Bezirk, Margareten <905>","Wien 6.Bezirk, Mariahilf <906>",6
5 bis 9 Jahre,2025,"Wien 5.Bezirk, Margareten <905>","Wien 7.Bezirk, Neubau <907>",5
5 bis 9 Jahre,2025,"Wien 5.Bezirk, Margareten <905>","Wien 8.Bezirk, Josefstadt <908>",3
5 bis 9 Jahre,2025,"Wien 5.Bezirk, Margareten <905>","Wien 9.Bezirk, Alsergrund <909>",1
5 bis 9 Jahre,2025,"Wien 5.Bezirk, Margareten <905>","Wien 10.Bezirk, Favoriten <910>",37
5 bis 9 Jahre,2025,"Wien 5.Bezirk, Margareten <905>","Wien 11.Bezirk, Simmering <911>",16
5 bis 9 Jahre,2025,"Wien 5.Bezirk, Margareten <905>","Wien 12.Bezirk, Meidling <912>",18
5 bis 9 Jahre,2025,"Wien 5.Bezirk, Margareten <905>","Wien 13.Bezirk, Hietzing <913>",5
5 bis 9 Jahre,2025,"Wien 5.Bezirk, Margareten <905>","Wien 14.Bezirk, Penzing <914>",7
5 bis 9 Jahre,2025,"Wien 5.Bezirk, Margareten <905>","Wien 15.Bezirk, Rudolfsheim-Fünfhaus <915>",7
5 bis 9 Jahre,2025,"Wien 5.Bezirk, Margareten <905>","Wien 16.Bezirk, Ottakring <916>",4
5 bis 9 Jahre,2025,"Wien 5.Bezirk, Margareten <905>","Wien 17.Bezirk, Hernals <917>",8
5 bis 9 Jahre,2025,"Wien 5.Bezirk, Margareten <905>","Wien 18.Bezirk, Währing <918>",2
5 bis 9 Jahre,2025,"Wien 5.Bezirk, Margareten <905>","Wien 19.Bezirk, Döbling <919>",4
5 bis 9 Jahre,2025,"Wien 5.Bezirk, Margareten <905>","Wien 20.Bezirk, Brigittenau <920>",4
5 bis 9 Jahre,2025,"Wien 5.Bezirk, Margareten <905>","Wien 21.Bezirk, Floridsdorf <921>",18
5 bis 9 Jahre,2025,"Wien 5.Bezirk, Margareten <905>","Wien 22.Bezirk, Donaustadt <922>",19
5 bis 9 Jahre,2025,"Wien 5.Bezirk, Margareten <905>","Wien 23.Bezirk, Liesing <923>",15
5 bis 9 Jahre,2025,"Wien 6.Bezirk, Mariahilf <906>","Wien 1.Bezirk, Innere Stadt <901>",-
5 bis 9 Jahre,2025,"Wien 6.Bezirk, Mariahilf <906>","Wien 2.Bezirk, Leopoldstadt <902>",-
5 bis 9 Jahre,2025,"Wien 6.Bezirk, Mariahilf <906>","Wien 3.Bezirk, Landstraße <903>",5
5 bis 9 Jahre,2025,"Wien 6.Bezirk, Mariahilf <906>","Wien 4.Bezirk, Wieden <904>",3
5 bis 9 Jahre,2025,"Wien 6.Bezirk, Mariahilf <906>","Wien 5.Bezirk, Margareten <905>",14
5 bis 9 Jahre,2025,"Wien 6.Bezirk, Mariahilf <906>","Wien 6.Bezirk, Mariahilf <906>",19
5 bis 9 Jahre,2025,"Wien 6.Bezirk, Mariahilf <906>","Wien 7.Bezirk, Neubau <907>",11
5 bis 9 Jahre,2025,"Wien 6.Bezirk, Mariahilf <906>","Wien 8.Bezirk, Josefstadt <908>",1
5 bis 9 Jahre,2025,"Wien 6.Bezirk, Mariahilf <906>","Wien 9.Bezirk, Alsergrund <909>",5
5 bis 9 Jahre,2025,"Wien 6.Bezirk, Mariahilf <906>","Wien 10.Bezirk, Favoriten <910>",13
5 bis 9 Jahre,2025,"Wien 6.Bezirk, Mariahilf <906>","Wien 11.Bezirk, Simmering <911>",1
5 bis 9 Jahre,2025,"Wien 6.Bezirk, Mariahilf <906>","Wien 12.Bezirk, Meidling <912>",8
5 bis 9 Jahre,2025,"Wien 6.Bezirk, Mariahilf <906>","Wien 13.Bezirk, Hietzing <913>",5
5 bis 9 Jahre,2025,"Wien 6.Bezirk, Mariahilf <906>","Wien 14.Bezirk, Penzing <914>",9
5 bis 9 Jahre,2025,"Wien 6.Bezirk, Mariahilf <906>","Wien 15.Bezirk, Rudolfsheim-Fünfhaus <915>",6
5 bis 9 Jahre,2025,"Wien 6.Bezirk, Mariahilf <906>","Wien 16.Bezirk, Ottakring <916>",8
5 bis 9 Jahre,2025,"Wien 6.Bezirk, Mariahilf <906>","Wien 17.Bezirk, Hernals <917>",-
5 bis 9 Jahre,2025,"Wien 6.Bezirk, Mariahilf <906>","Wien 18.Bezirk, Währing <918>",5
5 bis 9 Jahre,2025,"Wien 6.Bezirk, Mariahilf <906>","Wien 19.Bezirk, Döbling <919>",2
5 bis 9 Jahre,2025,"Wien 6.Bezirk, Mariahilf <906>","Wien 20.Bezirk, Brigittenau <920>",2
5 bis 9 Jahre,2025,"Wien 6.Bezirk, Mariahilf <906>","Wien 21.Bezirk, Floridsdorf <921>",7
5 bis 9 Jahre,2025,"Wien 6.Bezirk, Mariahilf <906>","Wien 22.Bezirk, Donaustadt <922>",4
5 bis 9 Jahre,2025,"Wien 6.Bezirk, Mariahilf <906>","Wien 23.Bezirk, Liesing <923>",7
5 bis 9 Jahre,2025,"Wien 7.Bezirk, Neubau <907>","Wien 1.Bezirk, Innere Stadt <901>",2
5 bis 9 Jahre,2025,"Wien 7.Bezirk, Neubau <907>","Wien 2.Bezirk, Leopoldstadt <902>",1
5 bis 9 Jahre,2025,"Wien 7.Bezirk, Neubau <907>","Wien 3.Bezirk, Landstraße <903>",-
5 bis 9 Jahre,2025,"Wien 7.Bezirk, Neubau <907>","Wien 4.Bezirk, Wieden <904>",4
5 bis 9 Jahre,2025,"Wien 7.Bezirk, Neubau <907>","Wien 5.Bezirk, Margareten <905>",1
5 bis 9 Jahre,2025,"Wien 7.Bezirk, Neubau <907>","Wien 6.Bezirk, Mariahilf <906>",13
5 bis 9 Jahre,2025,"Wien 7.Bezirk, Neubau <907>","Wien 7.Bezirk, Neubau <907>",13
5 bis 9 Jahre,2025,"Wien 7.Bezirk, Neubau <907>","Wien 8.Bezirk, Josefstadt <908>",5
5 bis 9 Jahre,2025,"Wien 7.Bezirk, Neubau <907>","Wien 9.Bezirk, Alsergrund <909>",5
5 bis 9 Jahre,2025,"Wien 7.Bezirk, Neubau <907>","Wien 10.Bezirk, Favoriten <910>",3
5 bis 9 Jahre,2025,"Wien 7.Bezirk, Neubau <907>","Wien 11.Bezirk, Simmering <911>",1
5 bis 9 Jahre,2025,"Wien 7.Bezirk, Neubau <907>","Wien 12.Bezirk, Meidling <912>",5
5 bis 9 Jahre,2025,"Wien 7.Bezirk, Neubau <907>","Wien 13.Bezirk, Hietzing <913>",6
5 bis 9 Jahre,2025,"Wien 7.Bezirk, Neubau <907>","Wien 14.Bezirk, Penzing <914>",3
5 bis 9 Jahre,2025,"Wien 7.Bezirk, Neubau <907>","Wien 15.Bezirk, Rudolfsheim-Fünfhaus <915>",5
5 bis 9 Jahre,2025,"Wien 7.Bezirk, Neubau <907>","Wien 16.Bezirk, Ottakring <916>",11
5 bis 9 Jahre,2025,"Wien 7.Bezirk, Neubau <907>","Wien 17.Bezirk, Hernals <917>",2
5 bis 9 Jahre,2025,"Wien 7.Bezirk, Neubau <907>","Wien 18.Bezirk, Währing <918>",1
5 bis 9 Jahre,2025,"Wien 7.Bezirk, Neubau <907>","Wien 19.Bezirk, Döbling <919>",1
5 bis 9 Jahre,2025,"Wien 7.Bezirk, Neubau <907>","Wien 20.Bezirk, Brigittenau <920>",1
5 bis 9 Jahre,2025,"Wien 7.Bezirk, Neubau <907>","Wien 21.Bezirk, Floridsdorf <921>",-
5 bis 9 Jahre,2025,"Wien 7.Bezirk, Neubau <907>","Wien 22.Bezirk, Donaustadt <922>",3
5 bis 9 Jahre,2025,"Wien 7.Bezirk, Neubau <907>","Wien 23.Bezirk, Liesing <923>",-
5 bis 9 Jahre,2025,"Wien 8.Bezirk, Josefstadt <908>","Wien 1.Bezirk, Innere Stadt <901>",1
5 bis 9 Jahre,2025,"Wien 8.Bezirk, Josefstadt <908>","Wien 2.Bezirk, Leopoldstadt <902>",4
5 bis 9 Jahre,2025,"Wien 8.Bezirk, Josefstadt <908>","Wien 3.Bezirk, Landstraße <903>",1
5 bis 9 Jahre,2025,"Wien 8.Bezirk, Josefstadt <908>","Wien 4.Bezirk, Wieden <904>",1
5 bis 9 Jahre,2025,"Wien 8.Bezirk, Josefstadt <908>","Wien 5.Bezirk, Margareten <905>",1
5 bis 9 Jahre,2025,"Wien 8.Bezirk, Josefstadt <908>","Wien 6.Bezirk, Mariahilf <906>",1
5 bis 9 Jahre,2025,"Wien 8.Bezirk, Josefstadt <908>","Wien 7.Bezirk, Neubau <907>",9
5 bis 9 Jahre,2025,"Wien 8.Bezirk, Josefstadt <908>","Wien 8.Bezirk, Josefstadt <908>",18
5 bis 9 Jahre,2025,"Wien 8.Bezirk, Josefstadt <908>","Wien 9.Bezirk, Alsergrund <909>",7
5 bis 9 Jahre,2025,"Wien 8.Bezirk, Josefstadt <908>","Wien 10.Bezirk, Favoriten <910>",2
5 bis 9 Jahre,2025,"Wien 8.Bezirk, Josefstadt <908>","Wien 11.Bezirk, Simmering <911>",-
5 bis 9 Jahre,2025,"Wien 8.Bezirk, Josefstadt <908>","Wien 12.Bezirk, Meidling <912>",1
5 bis 9 Jahre,2025,"Wien 8.Bezirk, Josefstadt <908>","Wien 13.Bezirk, Hietzing <913>",-
5 bis 9 Jahre,2025,"Wien 8.Bezirk, Josefstadt <908>","Wien 14.Bezirk, Penzing <914>",-
5 bis 9 Jahre,2025,"Wien 8.Bezirk, Josefstadt <908>","Wien 15.Bezirk, Rudolfsheim-Fünfhaus <915>",3
5 bis 9 Jahre,2025,"Wien 8.Bezirk, Josefstadt <908>","Wien 16.Bezirk, Ottakring <916>",6
5 bis 9 Jahre,2025,"Wien 8.Bezirk, Josefstadt <908>","Wien 17.Bezirk, Hernals <917>",1
5 bis 9 Jahre,2025,"Wien 8.Bezirk, Josefstadt <908>","Wien 18.Bezirk, Währing <918>",6
5 bis 9 Jahre,2025,"Wien 8.Bezirk, Josefstadt <908>","Wien 19.Bezirk, Döbling <919>",3
5 bis 9 Jahre,2025,"Wien 8.Bezirk, Josefstadt <908>","Wien 20.Bezirk, Brigittenau <920>",1
5 bis 9 Jahre,2025,"Wien 8.Bezirk, Josefstadt <908>","Wien 21.Bezirk, Floridsdorf <921>",3
5 bis 9 Jahre,2025,"Wien 8.Bezirk, Josefstadt <908>","Wien 22.Bezirk, Donaustadt <922>",3
5 bis 9 Jahre,2025,"Wien 8.Bezirk, Josefstadt <908>","Wien 23.Bezirk, Liesing <923>",3
5 bis 9 Jahre,2025,"Wien 9.Bezirk, Alsergrund <909>","Wien 1.Bezirk, Innere Stadt <901>",7
5 bis 9 Jahre,2025,"Wien 9.Bezirk, Alsergrund <909>","Wien 2.Bezirk, Leopoldstadt <902>",13
5 bis 9 Jahre,2025,"Wien 9.Bezirk, Alsergrund <909>","Wien 3.Bezirk, Landstraße <903>",6
5 bis 9 Jahre,2025,"Wien 9.Bezirk, Alsergrund <909>","Wien 4.Bezirk, Wieden <904>",3
5 bis 9 Jahre,2025,"Wien 9.Bezirk, Alsergrund <909>","Wien 5.Bezirk, Margareten <905>",1
5 bis 9 Jahre,2025,"Wien 9.Bezirk, Alsergrund <909>","Wien 6.Bezirk, Mariahilf <906>",6
5 bis 9 Jahre,2025,"Wien 9.Bezirk, Alsergrund <909>","Wien 7.Bezirk, Neubau <907>",3
5 bis 9 Jahre,2025,"Wien 9.Bezirk, Alsergrund <909>","Wien 8.Bezirk, Josefstadt <908>",1
5 bis 9 Jahre,2025,"Wien 9.Bezirk, Alsergrund <909>","Wien 9.Bezirk, Alsergrund <909>",42
5 bis 9 Jahre,2025,"Wien 9.Bezirk, Alsergrund <909>","Wien 10.Bezirk, Favoriten <910>",7
5 bis 9 Jahre,2025,"Wien 9.Bezirk, Alsergrund <909>","Wien 11.Bezirk, Simmering <911>",-
5 bis 9 Jahre,2025,"Wien 9.Bezirk, Alsergrund <909>","Wien 12.Bezirk, Meidling <912>",4
5 bis 9 Jahre,2025,"Wien 9.Bezirk, Alsergrund <909>","Wien 13.Bezirk, Hietzing <913>",-
5 bis 9 Jahre,2025,"Wien 9.Bezirk, Alsergrund <909>","Wien 14.Bezirk, Penzing <914>",4
5 bis 9 Jahre,2025,"Wien 9.Bezirk, Alsergrund <909>","Wien 15.Bezirk, Rudolfsheim-Fünfhaus <915>",1
5 bis 9 Jahre,2025,"Wien 9.Bezirk, Alsergrund <909>","Wien 16.Bezirk, Ottakring <916>",2
5 bis 9 Jahre,2025,"Wien 9.Bezirk, Alsergrund <909>","Wien 17.Bezirk, Hernals <917>",6
5 bis 9 Jahre,2025,"Wien 9.Bezirk, Alsergrund <909>","Wien 18.Bezirk, Währing <918>",11
5 bis 9 Jahre,2025,"Wien 9.Bezirk, Alsergrund <909>","Wien 19.Bezirk, Döbling <919>",17
5 bis 9 Jahre,2025,"Wien 9.Bezirk, Alsergrund <909>","Wien 20.Bezirk, Brigittenau <920>",11
5 bis 9 Jahre,2025,"Wien 9.Bezirk, Alsergrund <909>","Wien 21.Bezirk, Floridsdorf <921>",6
5 bis 9 Jahre,2025,"Wien 9.Bezirk, Alsergrund <909>","Wien 22.Bezirk, Donaustadt <922>",15
5 bis 9 Jahre,2025,"Wien 9.Bezirk, Alsergrund <909>","Wien 23.Bezirk, Liesing <923>",1
5 bis 9 Jahre,2025,"Wien 10.Bezirk, Favoriten <910>","Wien 1.Bezirk, Innere Stadt <901>",7
5 bis 9 Jahre,2025,"Wien 10.Bezirk, Favoriten <910>","Wien 2.Bezirk, Leopoldstadt <902>",12
5 bis 9 Jahre,2025,"Wien 10.Bezirk, Favoriten <910>","Wien 3.Bezirk, Landstraße <903>",39
5 bis 9 Jahre,2025,"Wien 10.Bezirk, Favoriten <910>","Wien 4.Bezirk, Wieden <904>",22
5 bis 9 Jahre,2025,"Wien 10.Bezirk, Favoriten <910>","Wien 5.Bezirk, Margareten <905>",16
5 bis 9 Jahre,2025,"Wien 10.Bezirk, Favoriten <910>","Wien 6.Bezirk, Mariahilf <906>",11
5 bis 9 Jahre,2025,"Wien 10.Bezirk, Favoriten <910>","Wien 7.Bezirk, Neubau <907>",7
5 bis 9 Jahre,2025,"Wien 10.Bezirk, Favoriten <910>","Wien 8.Bezirk, Josefstadt <908>",2
5 bis 9 Jahre,2025,"Wien 10.Bezirk, Favoriten <910>","Wien 9.Bezirk, Alsergrund <909>",5
5 bis 9 Jahre,2025,"Wien 10.Bezirk, Favoriten <910>","Wien 10.Bezirk, Favoriten <910>",646
5 bis 9 Jahre,2025,"Wien 10.Bezirk, Favoriten <910>","Wien 11.Bezirk, Simmering <911>",60
5 bis 9 Jahre,2025,"Wien 10.Bezirk, Favoriten <910>","Wien 12.Bezirk, Meidling <912>",52
5 bis 9 Jahre,2025,"Wien 10.Bezirk, Favoriten <910>","Wien 13.Bezirk, Hietzing <913>",8
5 bis 9 Jahre,2025,"Wien 10.Bezirk, Favoriten <910>","Wien 14.Bezirk, Penzing <914>",21
5 bis 9 Jahre,2025,"Wien 10.Bezirk, Favoriten <910>","Wien 15.Bezirk, Rudolfsheim-Fünfhaus <915>",22
5 bis 9 Jahre,2025,"Wien 10.Bezirk, Favoriten <910>","Wien 16.Bezirk, Ottakring <916>",14
5 bis 9 Jahre,2025,"Wien 10.Bezirk, Favoriten <910>","Wien 17.Bezirk, Hernals <917>",10
5 bis 9 Jahre,2025,"Wien 10.Bezirk, Favoriten <910>","Wien 18.Bezirk, Währing <918>",5
5 bis 9 Jahre,2025,"Wien 10.Bezirk, Favoriten <910>","Wien 19.Bezirk, Döbling <919>",21
5 bis 9 Jahre,2025,"Wien 10.Bezirk, Favoriten <910>","Wien 20.Bezirk, Brigittenau <920>",13
5 bis 9 Jahre,2025,"Wien 10.Bezirk, Favoriten <910>","Wien 21.Bezirk, Floridsdorf <921>",50
5 bis 9 Jahre,2025,"Wien 10.Bezirk, Favoriten <910>","Wien 22.Bezirk, Donaustadt <922>",95
5 bis 9 Jahre,2025,"Wien 10.Bezirk, Favoriten <910>","Wien 23.Bezirk, Liesing <923>",66
5 bis 9 Jahre,2025,"Wien 11.Bezirk, Simmering <911>","Wien 1.Bezirk, Innere Stadt <901>",2
5 bis 9 Jahre,2025,"Wien 11.Bezirk, Simmering <911>","Wien 2.Bezirk, Leopoldstadt <902>",15
5 bis 9 Jahre,2025,"Wien 11.Bezirk, Simmering <911>","Wien 3.Bezirk, Landstraße <903>",42
5 bis 9 Jahre,2025,"Wien 11.Bezirk, Simmering <911>","Wien 4.Bezirk, Wieden <904>",-
5 bis 9 Jahre,2025,"Wien 11.Bezirk, Simmering <911>","Wien 5.Bezirk, Margareten <905>",5
5 bis 9 Jahre,2025,"Wien 11.Bezirk, Simmering <911>","Wien 6.Bezirk, Mariahilf <906>",4
5 bis 9 Jahre,2025,"Wien 11.Bezirk, Simmering <911>","Wien 7.Bezirk, Neubau <907>",-
5 bis 9 Jahre,2025,"Wien 11.Bezirk, Simmering <911>","Wien 8.Bezirk, Josefstadt <908>",1
5 bis 9 Jahre,2025,"Wien 11.Bezirk, Simmering <911>","Wien 9.Bezirk, Alsergrund <909>",-
5 bis 9 Jahre,2025,"Wien 11.Bezirk, Simmering <911>","Wien 10.Bezirk, Favoriten <910>",65
5 bis 9 Jahre,2025,"Wien 11.Bezirk, Simmering <911>","Wien 11.Bezirk, Simmering <911>",201
5 bis 9 Jahre,2025,"Wien 11.Bezirk, Simmering <911>","Wien 12.Bezirk, Meidling <912>",9
5 bis 9 Jahre,2025,"Wien 11.Bezirk, Simmering <911>","Wien 13.Bezirk, Hietzing <913>",1
5 bis 9 Jahre,2025,"Wien 11.Bezirk, Simmering <911>","Wien 14.Bezirk, Penzing <914>",11
5 bis 9 Jahre,2025,"Wien 11.Bezirk, Simmering <911>","Wien 15.Bezirk, Rudolfsheim-Fünfhaus <915>",12
5 bis 9 Jahre,2025,"Wien 11.Bezirk, Simmering <911>","Wien 16.Bezirk, Ottakring <916>",9
5 bis 9 Jahre,2025,"Wien 11.Bezirk, Simmering <911>","Wien 17.Bezirk, Hernals <917>",4
5 bis 9 Jahre,2025,"Wien 11.Bezirk, Simmering <911>","Wien 18.Bezirk, Währing <918>",5
5 bis 9 Jahre,2025,"Wien 11.Bezirk, Simmering <911>","Wien 19.Bezirk, Döbling <919>",3
5 bis 9 Jahre,2025,"Wien 11.Bezirk, Simmering <911>","Wien 20.Bezirk, Brigittenau <920>",7
5 bis 9 Jahre,2025,"Wien 11.Bezirk, Simmering <911>","Wien 21.Bezirk, Floridsdorf <921>",24
5 bis 9 Jahre,2025,"Wien 11.Bezirk, Simmering <911>","Wien 22.Bezirk, Donaustadt <922>",35
5 bis 9 Jahre,2025,"Wien 11.Bezirk, Simmering <911>","Wien 23.Bezirk, Liesing <923>",11
5 bis 9 Jahre,2025,"Wien 12.Bezirk, Meidling <912>","Wien 1.Bezirk, Innere Stadt <901>",1
5 bis 9 Jahre,2025,"Wien 12.Bezirk, Meidling <912>","Wien 2.Bezirk, Leopoldstadt <902>",8
5 bis 9 Jahre,2025,"Wien 12.Bezirk, Meidling <912>","Wien 3.Bezirk, Landstraße <903>",8
5 bis 9 Jahre,2025,"Wien 12.Bezirk, Meidling <912>","Wien 4.Bezirk, Wieden <904>",6
5 bis 9 Jahre,2025,"Wien 12.Bezirk, Meidling <912>","Wien 5.Bezirk, Margareten <905>",13
5 bis 9 Jahre,2025,"Wien 12.Bezirk, Meidling <912>","Wien 6.Bezirk, Mariahilf <906>",5
5 bis 9 Jahre,2025,"Wien 12.Bezirk, Meidling <912>","Wien 7.Bezirk, Neubau <907>",6
5 bis 9 Jahre,2025,"Wien 12.Bezirk, Meidling <912>","Wien 8.Bezirk, Josefstadt <908>",3
5 bis 9 Jahre,2025,"Wien 12.Bezirk, Meidling <912>","Wien 9.Bezirk, Alsergrund <909>",3
5 bis 9 Jahre,2025,"Wien 12.Bezirk, Meidling <912>","Wien 10.Bezirk, Favoriten <910>",53
5 bis 9 Jahre,2025,"Wien 12.Bezirk, Meidling <912>","Wien 11.Bezirk, Simmering <911>",14
5 bis 9 Jahre,2025,"Wien 12.Bezirk, Meidling <912>","Wien 12.Bezirk, Meidling <912>",120
5 bis 9 Jahre,2025,"Wien 12.Bezirk, Meidling <912>","Wien 13.Bezirk, Hietzing <913>",16
5 bis 9 Jahre,2025,"Wien 12.Bezirk, Meidling <912>","Wien 14.Bezirk, Penzing <914>",17
5 bis 9 Jahre,2025,"Wien 12.Bezirk, Meidling <912>","Wien 15.Bezirk, Rudolfsheim-Fünfhaus <915>",23
5 bis 9 Jahre,2025,"Wien 12.Bezirk, Meidling <912>","Wien 16.Bezirk, Ottakring <916>",16
5 bis 9 Jahre,2025,"Wien 12.Bezirk, Meidling <912>","Wien 17.Bezirk, Hernals <917>",8
5 bis 9 Jahre,2025,"Wien 12.Bezirk, Meidling <912>","Wien 18.Bezirk, Währing <918>",7
5 bis 9 Jahre,2025,"Wien 12.Bezirk, Meidling <912>","Wien 19.Bezirk, Döbling <919>",5
5 bis 9 Jahre,2025,"Wien 12.Bezirk, Meidling <912>","Wien 20.Bezirk, Brigittenau <920>",8
5 bis 9 Jahre,2025,"Wien 12.Bezirk, Meidling <912>","Wien 21.Bezirk, Floridsdorf <921>",26
5 bis 9 Jahre,2025,"Wien 12.Bezirk, Meidling <912>","Wien 22.Bezirk, Donaustadt <922>",25
5 bis 9 Jahre,2025,"Wien 12.Bezirk, Meidling <912>","Wien 23.Bezirk, Liesing <923>",55
5 bis 9 Jahre,2025,"Wien 13.Bezirk, Hietzing <913>","Wien 1.Bezirk, Innere Stadt <901>",-
5 bis 9 Jahre,2025,"Wien 13.Bezirk, Hietzing <913>","Wien 2.Bezirk, Leopoldstadt <902>",2
5 bis 9 Jahre,2025,"Wien 13.Bezirk, Hietzing <913>","Wien 3.Bezirk, Landstraße <903>",1
5 bis 9 Jahre,2025,"Wien 13.Bezirk, Hietzing <913>","Wien 4.Bezirk, Wieden <904>",1
5 bis 9 Jahre,2025,"Wien 13.Bezirk, Hietzing <913>","Wien 5.Bezirk, Margareten <905>",2
5 bis 9 Jahre,2025,"Wien 13.Bezirk, Hietzing <913>","Wien 6.Bezirk, Mariahilf <906>",5
5 bis 9 Jahre,2025,"Wien 13.Bezirk, Hietzing <913>","Wien 7.Bezirk, Neubau <907>",1
5 bis 9 Jahre,2025,"Wien 13.Bezirk, Hietzing <913>","Wien 8.Bezirk, Josefstadt <908>",4
5 bis 9 Jahre,2025,"Wien 13.Bezirk, Hietzing <913>","Wien 9.Bezirk, Alsergrund <909>",4
5 bis 9 Jahre,2025,"Wien 13.Bezirk, Hietzing <913>","Wien 10.Bezirk, Favoriten <910>",7
5 bis 9 Jahre,2025,"Wien 13.Bezirk, Hietzing <913>","Wien 11.Bezirk, Simmering <911>",2
5 bis 9 Jahre,2025,"Wien 13.Bezirk, Hietzing <913>","Wien 12.Bezirk, Meidling <912>",14
5 bis 9 Jahre,2025,"Wien 13.Bezirk, Hietzing <913>","Wien 13.Bezirk, Hietzing <913>",93
5 bis 9 Jahre,2025,"Wien 13.Bezirk, Hietzing <913>","Wien 14.Bezirk, Penzing <914>",17
5 bis 9 Jahre,2025,"Wien 13.Bezirk, Hietzing <913>","Wien 15.Bezirk, Rudolfsheim-Fünfhaus <915>",4
5 bis 9 Jahre,2025,"Wien 13.Bezirk, Hietzing <913>","Wien 16.Bezirk, Ottakring <916>",4
5 bis 9 Jahre,2025,"Wien 13.Bezirk, Hietzing <913>","Wien 17.Bezirk, Hernals <917>",1
5 bis 9 Jahre,2025,"Wien 13.Bezirk, Hietzing <913>","Wien 18.Bezirk, Währing <918>",4
5 bis 9 Jahre,2025,"Wien 13.Bezirk, Hietzing <913>","Wien 19.Bezirk, Döbling <919>",10
5 bis 9 Jahre,2025,"Wien 13.Bezirk, Hietzing <913>","Wien 20.Bezirk, Brigittenau <920>",1
5 bis 9 Jahre,2025,"Wien 13.Bezirk, Hietzing <913>","Wien 21.Bezirk, Floridsdorf <921>",3
5 bis 9 Jahre,2025,"Wien 13.Bezirk, Hietzing <913>","Wien 22.Bezirk, Donaustadt <922>",4
5 bis 9 Jahre,2025,"Wien 13.Bezirk, Hietzing <913>","Wien 23.Bezirk, Liesing <923>",29
5 bis 9 Jahre,2025,"Wien 14.Bezirk, Penzing <914>","Wien 1.Bezirk, Innere Stadt <901>",-
5 bis 9 Jahre,2025,"Wien 14.Bezirk, Penzing <914>","Wien 2.Bezirk, Leopoldstadt <902>",4
5 bis 9 Jahre,2025,"Wien 14.Bezirk, Penzing <914>","Wien 3.Bezirk, Landstraße <903>",2
5 bis 9 Jahre,2025,"Wien 14.Bezirk, Penzing <914>","Wien 4.Bezirk, Wieden <904>",-
5 bis 9 Jahre,2025,"Wien 14.Bezirk, Penzing <914>","Wien 5.Bezirk, Margareten <905>",6
5 bis 9 Jahre,2025,"Wien 14.Bezirk, Penzing <914>","Wien 6.Bezirk, Mariahilf <906>",5
5 bis 9 Jahre,2025,"Wien 14.Bezirk, Penzing <914>","Wien 7.Bezirk, Neubau <907>",2
5 bis 9 Jahre,2025,"Wien 14.Bezirk, Penzing <914>","Wien 8.Bezirk, Josefstadt <908>",2
5 bis 9 Jahre,2025,"Wien 14.Bezirk, Penzing <914>","Wien 9.Bezirk, Alsergrund <909>",3
5 bis 9 Jahre,2025,"Wien 14.Bezirk, Penzing <914>","Wien 10.Bezirk, Favoriten <910>",17
5 bis 9 Jahre,2025,"Wien 14.Bezirk, Penzing <914>","Wien 11.Bezirk, Simmering <911>",7
5 bis 9 Jahre,2025,"Wien 14.Bezirk, Penzing <914>","Wien 12.Bezirk, Meidling <912>",9
5 bis 9 Jahre,2025,"Wien 14.Bezirk, Penzing <914>","Wien 13.Bezirk, Hietzing <913>",20
5 bis 9 Jahre,2025,"Wien 14.Bezirk, Penzing <914>","Wien 14.Bezirk, Penzing <914>",147
5 bis 9 Jahre,2025,"Wien 14.Bezirk, Penzing <914>","Wien 15.Bezirk, Rudolfsheim-Fünfhaus <915>",18
5 bis 9 Jahre,2025,"Wien 14.Bezirk, Penzing <914>","Wien 16.Bezirk, Ottakring <916>",24
5 bis 9 Jahre,2025,"Wien 14.Bezirk, Penzing <914>","Wien 17.Bezirk, Hernals <917>",8
5 bis 9 Jahre,2025,"Wien 14.Bezirk, Penzing <914>","Wien 18.Bezirk, Währing <918>",5
5 bis 9 Jahre,2025,"Wien 14.Bezirk, Penzing <914>","Wien 19.Bezirk, Döbling <919>",5
5 bis 9 Jahre,2025,"Wien 14.Bezirk, Penzing <914>","Wien 20.Bezirk, Brigittenau <920>",7
5 bis 9 Jahre,2025,"Wien 14.Bezirk, Penzing <914>","Wien 21.Bezirk, Floridsdorf <921>",11
5 bis 9 Jahre,2025,"Wien 14.Bezirk, Penzing <914>","Wien 22.Bezirk, Donaustadt <922>",13
5 bis 9 Jahre,2025,"Wien 14.Bezirk, Penzing <914>","Wien 23.Bezirk, Liesing <923>",20
5 bis 9 Jahre,2025,"Wien 15.Bezirk, Rudolfsheim-Fünfhaus <915>","Wien 1.Bezirk, Innere Stadt <901>",2
5 bis 9 Jahre,2025,"Wien 15.Bezirk, Rudolfsheim-Fünfhaus <915>","Wien 2.Bezirk, Leopoldstadt <902>",13
5 bis 9 Jahre,2025,"Wien 15.Bezirk, Rudolfsheim-Fünfhaus <915>","Wien 3.Bezirk, Landstraße <903>",10
5 bis 9 Jahre,2025,"Wien 15.Bezirk, Rudolfsheim-Fünfhaus <915>","Wien 4.Bezirk, Wieden <904>",-
5 bis 9 Jahre,2025,"Wien 15.Bezirk, Rudolfsheim-Fünfhaus <915>","Wien 5.Bezirk, Margareten <905>",5
5 bis 9 Jahre,2025,"Wien 15.Bezirk, Rudolfsheim-Fünfhaus <915>","Wien 6.Bezirk, Mariahilf <906>",12
5 bis 9 Jahre,2025,"Wien 15.Bezirk, Rudolfsheim-Fünfhaus <915>","Wien 7.Bezirk, Neubau <907>",7
5 bis 9 Jahre,2025,"Wien 15.Bezirk, Rudolfsheim-Fünfhaus <915>","Wien 8.Bezirk, Josefstadt <908>",3
5 bis 9 Jahre,2025,"Wien 15.Bezirk, Rudolfsheim-Fünfhaus <915>","Wien 9.Bezirk, Alsergrund <909>",4
5 bis 9 Jahre,2025,"Wien 15.Bezirk, Rudolfsheim-Fünfhaus <915>","Wien 10.Bezirk, Favoriten <910>",34
5 bis 9 Jahre,2025,"Wien 15.Bezirk, Rudolfsheim-Fünfhaus <915>","Wien 11.Bezirk, Simmering <911>",10
5 bis 9 Jahre,2025,"Wien 15.Bezirk, Rudolfsheim-Fünfhaus <915>","Wien 12.Bezirk, Meidling <912>",39
5 bis 9 Jahre,2025,"Wien 15.Bezirk, Rudolfsheim-Fünfhaus <915>","Wien 13.Bezirk, Hietzing <913>",13
5 bis 9 Jahre,2025,"Wien 15.Bezirk, Rudolfsheim-Fünfhaus <915>","Wien 14.Bezirk, Penzing <914>",47
5 bis 9 Jahre,2025,"Wien 15.Bezirk, Rudolfsheim-Fünfhaus <915>","Wien 15.Bezirk, Rudolfsheim-Fünfhaus <915>",74
5 bis 9 Jahre,2025,"Wien 15.Bezirk, Rudolfsheim-Fünfhaus <915>","Wien 16.Bezirk, Ottakring <916>",23
5 bis 9 Jahre,2025,"Wien 15.Bezirk, Rudolfsheim-Fünfhaus <915>","Wien 17.Bezirk, Hernals <917>",4
5 bis 9 Jahre,2025,"Wien 15.Bezirk, Rudolfsheim-Fünfhaus <915>","Wien 18.Bezirk, Währing <918>",5
5 bis 9 Jahre,2025,"Wien 15.Bezirk, Rudolfsheim-Fünfhaus <915>","Wien 19.Bezirk, Döbling <919>",3
5 bis 9 Jahre,2025,"Wien 15.Bezirk, Rudolfsheim-Fünfhaus <915>","Wien 20.Bezirk, Brigittenau <920>",7
5 bis 9 Jahre,2025,"Wien 15.Bezirk, Rudolfsheim-Fünfhaus <915>","Wien 21.Bezirk, Floridsdorf <921>",20
5 bis 9 Jahre,2025,"Wien 15.Bezirk, Rudolfsheim-Fünfhaus <915>","Wien 22.Bezirk, Donaustadt <922>",36
5 bis 9 Jahre,2025,"Wien 15.Bezirk, Rudolfsheim-Fünfhaus <915>","Wien 23.Bezirk, Liesing <923>",23
5 bis 9 Jahre,2025,"Wien 16.Bezirk, Ottakring <916>","Wien 1.Bezirk, Innere Stadt <901>",2
5 bis 9 Jahre,2025,"Wien 16.Bezirk, Ottakring <916>","Wien 2.Bezirk, Leopoldstadt <902>",15
5 bis 9 Jahre,2025,"Wien 16.Bezirk, Ottakring <916>","Wien 3.Bezirk, Landstraße <903>",11
5 bis 9 Jahre,2025,"Wien 16.Bezirk, Ottakring <916>","Wien 4.Bezirk, Wieden <904>",1
5 bis 9 Jahre,2025,"Wien 16.Bezirk, Ottakring <916>","Wien 5.Bezirk, Margareten <905>",8
5 bis 9 Jahre,2025,"Wien 16.Bezirk, Ottakring <916>","Wien 6.Bezirk, Mariahilf <906>",8
5 bis 9 Jahre,2025,"Wien 16.Bezirk, Ottakring <916>","Wien 7.Bezirk, Neubau <907>",15
5 bis 9 Jahre,2025,"Wien 16.Bezirk, Ottakring <916>","Wien 8.Bezirk, Josefstadt <908>",8
5 bis 9 Jahre,2025,"Wien 16.Bezirk, Ottakring <916>","Wien 9.Bezirk, Alsergrund <909>",3
5 bis 9 Jahre,2025,"Wien 16.Bezirk, Ottakring <916>","Wien 10.Bezirk, Favoriten <910>",42
5 bis 9 Jahre,2025,"Wien 16.Bezirk, Ottakring <916>","Wien 11.Bezirk, Simmering <911>",7
5 bis 9 Jahre,2025,"Wien 16.Bezirk, Ottakring <916>","Wien 12.Bezirk, Meidling <912>",17
5 bis 9 Jahre,2025,"Wien 16.Bezirk, Ottakring <916>","Wien 13.Bezirk, Hietzing <913>",7
5 bis 9 Jahre,2025,"Wien 16.Bezirk, Ottakring <916>","Wien 14.Bezirk, Penzing <914>",33
5 bis 9 Jahre,2025,"Wien 16.Bezirk, Ottakring <916>","Wien 15.Bezirk, Rudolfsheim-Fünfhaus <915>",25
5 bis 9 Jahre,2025,"Wien 16.Bezirk, Ottakring <916>","Wien 16.Bezirk, Ottakring <916>",152
5 bis 9 Jahre,2025,"Wien 16.Bezirk, Ottakring <916>","Wien 17.Bezirk, Hernals <917>",46
5 bis 9 Jahre,2025,"Wien 16.Bezirk, Ottakring <916>","Wien 18.Bezirk, Währing <918>",12
5 bis 9 Jahre,2025,"Wien 16.Bezirk, Ottakring <916>","Wien 19.Bezirk, Döbling <919>",26
5 bis 9 Jahre,2025,"Wien 16.Bezirk, Ottakring <916>","Wien 20.Bezirk, Brigittenau <920>",16
5 bis 9 Jahre,2025,"Wien 16.Bezirk, Ottakring <916>","Wien 21.Bezirk, Floridsdorf <921>",23
5 bis 9 Jahre,2025,"Wien 16.Bezirk, Ottakring <916>","Wien 22.Bezirk, Donaustadt <922>",18
5 bis 9 Jahre,2025,"Wien 16.Bezirk, Ottakring <916>","Wien 23.Bezirk, Liesing <923>",15
5 bis 9 Jahre,2025,"Wien 17.Bezirk, Hernals <917>","Wien 1.Bezirk, Innere Stadt <901>",1
5 bis 9 Jahre,2025,"Wien 17.Bezirk, Hernals <917>","Wien 2.Bezirk, Leopoldstadt <902>",6
5 bis 9 Jahre,2025,"Wien 17.Bezirk, Hernals <917>","Wien 3.Bezirk, Landstraße <903>",4
5 bis 9 Jahre,2025,"Wien 17.Bezirk, Hernals <917>","Wien 4.Bezirk, Wieden <904>",2
5 bis 9 Jahre,2025,"Wien 17.Bezirk, Hernals <917>","Wien 5.Bezirk, Margareten <905>",2
5 bis 9 Jahre,2025,"Wien 17.Bezirk, Hernals <917>","Wien 6.Bezirk, Mariahilf <906>",6
5 bis 9 Jahre,2025,"Wien 17.Bezirk, Hernals <917>","Wien 7.Bezirk, Neubau <907>",1
5 bis 9 Jahre,2025,"Wien 17.Bezirk, Hernals <917>","Wien 8.Bezirk, Josefstadt <908>",2
5 bis 9 Jahre,2025,"Wien 17.Bezirk, Hernals <917>","Wien 9.Bezirk, Alsergrund <909>",1
5 bis 9 Jahre,2025,"Wien 17.Bezirk, Hernals <917>","Wien 10.Bezirk, Favoriten <910>",21
5 bis 9 Jahre,2025,"Wien 17.Bezirk, Hernals <917>","Wien 11.Bezirk, Simmering <911>",15
5 bis 9 Jahre,2025,"Wien 17.Bezirk, Hernals <917>","Wien 12.Bezirk, Meidling <912>",15
5 bis 9 Jahre,2025,"Wien 17.Bezirk, Hernals <917>","Wien 13.Bezirk, Hietzing <913>",2
5 bis 9 Jahre,2025,"Wien 17.Bezirk, Hernals <917>","Wien 14.Bezirk, Penzing <914>",12
5 bis 9 Jahre,2025,"Wien 17.Bezirk, Hernals <917>","Wien 15.Bezirk, Rudolfsheim-Fünfhaus <915>",16
5 bis 9 Jahre,2025,"Wien 17.Bezirk, Hernals <917>","Wien 16.Bezirk, Ottakring <916>",45
5 bis 9 Jahre,2025,"Wien 17.Bezirk, Hernals <917>","Wien 17.Bezirk, Hernals <917>",79
5 bis 9 Jahre,2025,"Wien 17.Bezirk, Hernals <917>","Wien 18.Bezirk, Währing <918>",17
5 bis 9 Jahre,2025,"Wien 17.Bezirk, Hernals <917>","Wien 19.Bezirk, Döbling <919>",13
5 bis 9 Jahre,2025,"Wien 17.Bezirk, Hernals <917>","Wien 20.Bezirk, Brigittenau <920>",7
5 bis 9 Jahre,2025,"Wien 17.Bezirk, Hernals <917>","Wien 21.Bezirk, Floridsdorf <921>",17
5 bis 9 Jahre,2025,"Wien 17.Bezirk, Hernals <917>","Wien 22.Bezirk, Donaustadt <922>",13
5 bis 9 Jahre,2025,"Wien 17.Bezirk, Hernals <917>","Wien 23.Bezirk, Liesing <923>",3
5 bis 9 Jahre,2025,"Wien 18.Bezirk, Währing <918>","Wien 1.Bezirk, Innere Stadt <901>",-
5 bis 9 Jahre,2025,"Wien 18.Bezirk, Währing <918>","Wien 2.Bezirk, Leopoldstadt <902>",1
5 bis 9 Jahre,2025,"Wien 18.Bezirk, Währing <918>","Wien 3.Bezirk, Landstraße <903>",3
5 bis 9 Jahre,2025,"Wien 18.Bezirk, Währing <918>","Wien 4.Bezirk, Wieden <904>",-
5 bis 9 Jahre,2025,"Wien 18.Bezirk, Währing <918>","Wien 5.Bezirk, Margareten <905>",3
5 bis 9 Jahre,2025,"Wien 18.Bezirk, Währing <918>","Wien 6.Bezirk, Mariahilf <906>",3
5 bis 9 Jahre,2025,"Wien 18.Bezirk, Währing <918>","Wien 7.Bezirk, Neubau <907>",-
5 bis 9 Jahre,2025,"Wien 18.Bezirk, Währing <918>","Wien 8.Bezirk, Josefstadt <908>",-
5 bis 9 Jahre,2025,"Wien 18.Bezirk, Währing <918>","Wien 9.Bezirk, Alsergrund <909>",7
5 bis 9 Jahre,2025,"Wien 18.Bezirk, Währing <918>","Wien 10.Bezirk, Favoriten <910>",12
5 bis 9 Jahre,2025,"Wien 18.Bezirk, Währing <918>","Wien 11.Bezirk, Simmering <911>",7
5 bis 9 Jahre,2025,"Wien 18.Bezirk, Währing <918>","Wien 12.Bezirk, Meidling <912>",5
5 bis 9 Jahre,2025,"Wien 18.Bezirk, Währing <918>","Wien 13.Bezirk, Hietzing <913>",3
5 bis 9 Jahre,2025,"Wien 18.Bezirk, Währing <918>","Wien 14.Bezirk, Penzing <914>",8
5 bis 9 Jahre,2025,"Wien 18.Bezirk, Währing <918>","Wien 15.Bezirk, Rudolfsheim-Fünfhaus <915>",5
5 bis 9 Jahre,2025,"Wien 18.Bezirk, Währing <918>","Wien 16.Bezirk, Ottakring <916>",2
5 bis 9 Jahre,2025,"Wien 18.Bezirk, Währing <918>","Wien 17.Bezirk, Hernals <917>",27
5 bis 9 Jahre,2025,"Wien 18.Bezirk, Währing <918>","Wien 18.Bezirk, Währing <918>",78
5 bis 9 Jahre,2025,"Wien 18.Bezirk, Währing <918>","Wien 19.Bezirk, Döbling <919>",33
5 bis 9 Jahre,2025,"Wien 18.Bezirk, Währing <918>","Wien 20.Bezirk, Brigittenau <920>",4
5 bis 9 Jahre,2025,"Wien 18.Bezirk, Währing <918>","Wien 21.Bezirk, Floridsdorf <921>",17
5 bis 9 Jahre,2025,"Wien 18.Bezirk, Währing <918>","Wien 22.Bezirk, Donaustadt <922>",11
5 bis 9 Jahre,2025,"Wien 18.Bezirk, Währing <918>","Wien 23.Bezirk, Liesing <923>",7
5 bis 9 Jahre,2025,"Wien 19.Bezirk, Döbling <919>","Wien 1.Bezirk, Innere Stadt <901>",2
5 bis 9 Jahre,2025,"Wien 19.Bezirk, Döbling <919>","Wien 2.Bezirk, Leopoldstadt <902>",10
5 bis 9 Jahre,2025,"Wien 19.Bezirk, Döbling <919>","Wien 3.Bezirk, Landstraße <903>",8
5 bis 9 Jahre,2025,"Wien 19.Bezirk, Döbling <919>","Wien 4.Bezirk, Wieden <904>",1
5 bis 9 Jahre,2025,"Wien 19.Bezirk, Döbling <919>","Wien 5.Bezirk, Margareten <905>",1
5 bis 9 Jahre,2025,"Wien 19.Bezirk, Döbling <919>","Wien 6.Bezirk, Mariahilf <906>",1
5 bis 9 Jahre,2025,"Wien 19.Bezirk, Döbling <919>","Wien 7.Bezirk, Neubau <907>",2
5 bis 9 Jahre,2025,"Wien 19.Bezirk, Döbling <919>","Wien 8.Bezirk, Josefstadt <908>",2
5 bis 9 Jahre,2025,"Wien 19.Bezirk, Döbling <919>","Wien 9.Bezirk, Alsergrund <909>",8
5 bis 9 Jahre,2025,"Wien 19.Bezirk, Döbling <919>","Wien 10.Bezirk, Favoriten <910>",17
5 bis 9 Jahre,2025,"Wien 19.Bezirk, Döbling <919>","Wien 11.Bezirk, Simmering <911>",5
5 bis 9 Jahre,2025,"Wien 19.Bezirk, Döbling <919>","Wien 12.Bezirk, Meidling <912>",4
5 bis 9 Jahre,2025,"Wien 19.Bezirk, Döbling <919>","Wien 13.Bezirk, Hietzing <913>",1
5 bis 9 Jahre,2025,"Wien 19.Bezirk, Döbling <919>","Wien 14.Bezirk, Penzing <914>",6
5 bis 9 Jahre,2025,"Wien 19.Bezirk, Döbling <919>","Wien 15.Bezirk, Rudolfsheim-Fünfhaus <915>",4
5 bis 9 Jahre,2025,"Wien 19.Bezirk, Döbling <919>","Wien 16.Bezirk, Ottakring <916>",2
5 bis 9 Jahre,2025,"Wien 19.Bezirk, Döbling <919>","Wien 17.Bezirk, Hernals <917>",11
5 bis 9 Jahre,2025,"Wien 19.Bezirk, Döbling <919>","Wien 18.Bezirk, Währing <918>",13
5 bis 9 Jahre,2025,"Wien 19.Bezirk, Döbling <919>","Wien 19.Bezirk, Döbling <919>",159
5 bis 9 Jahre,2025,"Wien 19.Bezirk, Döbling <919>","Wien 20.Bezirk, Brigittenau <920>",13
5 bis 9 Jahre,2025,"Wien 19.Bezirk, Döbling <919>","Wien 21.Bezirk, Floridsdorf <921>",23
5 bis 9 Jahre,2025,"Wien 19.Bezirk, Döbling <919>","Wien 22.Bezirk, Donaustadt <922>",21
5 bis 9 Jahre,2025,"Wien 19.Bezirk, Döbling <919>","Wien 23.Bezirk, Liesing <923>",2
5 bis 9 Jahre,2025,"Wien 20.Bezirk, Brigittenau <920>","Wien 1.Bezirk, Innere Stadt <901>",2
5 bis 9 Jahre,2025,"Wien 20.Bezirk, Brigittenau <920>","Wien 2.Bezirk, Leopoldstadt <902>",46
5 bis 9 Jahre,2025,"Wien 20.Bezirk, Brigittenau <920>","Wien 3.Bezirk, Landstraße <903>",10
5 bis 9 Jahre,2025,"Wien 20.Bezirk, Brigittenau <920>","Wien 4.Bezirk, Wieden <904>",1
5 bis 9 Jahre,2025,"Wien 20.Bezirk, Brigittenau <920>","Wien 5.Bezirk, Margareten <905>",5
5 bis 9 Jahre,2025,"Wien 20.Bezirk, Brigittenau <920>","Wien 6.Bezirk, Mariahilf <906>",3
5 bis 9 Jahre,2025,"Wien 20.Bezirk, Brigittenau <920>","Wien 7.Bezirk, Neubau <907>",2
5 bis 9 Jahre,2025,"Wien 20.Bezirk, Brigittenau <920>","Wien 8.Bezirk, Josefstadt <908>",-
5 bis 9 Jahre,2025,"Wien 20.Bezirk, Brigittenau <920>","Wien 9.Bezirk, Alsergrund <909>",15
5 bis 9 Jahre,2025,"Wien 20.Bezirk, Brigittenau <920>","Wien 10.Bezirk, Favoriten <910>",24
5 bis 9 Jahre,2025,"Wien 20.Bezirk, Brigittenau <920>","Wien 11.Bezirk, Simmering <911>",9
5 bis 9 Jahre,2025,"Wien 20.Bezirk, Brigittenau <920>","Wien 12.Bezirk, Meidling <912>",8
5 bis 9 Jahre,2025,"Wien 20.Bezirk, Brigittenau <920>","Wien 13.Bezirk, Hietzing <913>",1
5 bis 9 Jahre,2025,"Wien 20.Bezirk, Brigittenau <920>","Wien 14.Bezirk, Penzing <914>",11
5 bis 9 Jahre,2025,"Wien 20.Bezirk, Brigittenau <920>","Wien 15.Bezirk, Rudolfsheim-Fünfhaus <915>",8
5 bis 9 Jahre,2025,"Wien 20.Bezirk, Brigittenau <920>","Wien 16.Bezirk, Ottakring <916>",5
5 bis 9 Jahre,2025,"Wien 20.Bezirk, Brigittenau <920>","Wien 17.Bezirk, Hernals <917>",7
5 bis 9 Jahre,2025,"Wien 20.Bezirk, Brigittenau <920>","Wien 18.Bezirk, Währing <918>",4
5 bis 9 Jahre,2025,"Wien 20.Bezirk, Brigittenau <920>","Wien 19.Bezirk, Döbling <919>",11
5 bis 9 Jahre,2025,"Wien 20.Bezirk, Brigittenau <920>","Wien 20.Bezirk, Brigittenau <920>",146
5 bis 9 Jahre,2025,"Wien 20.Bezirk, Brigittenau <920>","Wien 21.Bezirk, Floridsdorf <921>",72
5 bis 9 Jahre,2025,"Wien 20.Bezirk, Brigittenau <920>","Wien 22.Bezirk, Donaustadt <922>",55
5 bis 9 Jahre,2025,"Wien 20.Bezirk, Brigittenau <920>","Wien 23.Bezirk, Liesing <923>",7
5 bis 9 Jahre,2025,"Wien 21.Bezirk, Floridsdorf <921>","Wien 1.Bezirk, Innere Stadt <901>",-
5 bis 9 Jahre,2025,"Wien 21.Bezirk, Floridsdorf <921>","Wien 2.Bezirk, Leopoldstadt <902>",29
5 bis 9 Jahre,2025,"Wien 21.Bezirk, Floridsdorf <921>","Wien 3.Bezirk, Landstraße <903>",12
5 bis 9 Jahre,2025,"Wien 21.Bezirk, Floridsdorf <921>","Wien 4.Bezirk, Wieden <904>",2
5 bis 9 Jahre,2025,"Wien 21.Bezirk, Floridsdorf <921>","Wien 5.Bezirk, Margareten <905>",3
5 bis 9 Jahre,2025,"Wien 21.Bezirk, Floridsdorf <921>","Wien 6.Bezirk, Mariahilf <906>",3
5 bis 9 Jahre,2025,"Wien 21.Bezirk, Floridsdorf <921>","Wien 7.Bezirk, Neubau <907>",2
5 bis 9 Jahre,2025,"Wien 21.Bezirk, Floridsdorf <921>","Wien 8.Bezirk, Josefstadt <908>",-
5 bis 9 Jahre,2025,"Wien 21.Bezirk, Floridsdorf <921>","Wien 9.Bezirk, Alsergrund <909>",6
5 bis 9 Jahre,2025,"Wien 21.Bezirk, Floridsdorf <921>","Wien 10.Bezirk, Favoriten <910>",26
5 bis 9 Jahre,2025,"Wien 21.Bezirk, Floridsdorf <921>","Wien 11.Bezirk, Simmering <911>",10
5 bis 9 Jahre,2025,"Wien 21.Bezirk, Floridsdorf <921>","Wien 12.Bezirk, Meidling <912>",8
5 bis 9 Jahre,2025,"Wien 21.Bezirk, Floridsdorf <921>","Wien 13.Bezirk, Hietzing <913>",3
5 bis 9 Jahre,2025,"Wien 21.Bezirk, Floridsdorf <921>","Wien 14.Bezirk, Penzing <914>",5
5 bis 9 Jahre,2025,"Wien 21.Bezirk, Floridsdorf <921>","Wien 15.Bezirk, Rudolfsheim-Fünfhaus <915>",7
5 bis 9 Jahre,2025,"Wien 21.Bezirk, Floridsdorf <921>","Wien 16.Bezirk, Ottakring <916>",14
5 bis 9 Jahre,2025,"Wien 21.Bezirk, Floridsdorf <921>","Wien 17.Bezirk, Hernals <917>",7
5 bis 9 Jahre,2025,"Wien 21.Bezirk, Floridsdorf <921>","Wien 18.Bezirk, Währing <918>",6
5 bis 9 Jahre,2025,"Wien 21.Bezirk, Floridsdorf <921>","Wien 19.Bezirk, Döbling <919>",14
5 bis 9 Jahre,2025,"Wien 21.Bezirk, Floridsdorf <921>","Wien 20.Bezirk, Brigittenau <920>",25
5 bis 9 Jahre,2025,"Wien 21.Bezirk, Floridsdorf <921>","Wien 21.Bezirk, Floridsdorf <921>",417
5 bis 9 Jahre,2025,"Wien 21.Bezirk, Floridsdorf <921>","Wien 22.Bezirk, Donaustadt <922>",126
5 bis 9 Jahre,2025,"Wien 21.Bezirk, Floridsdorf <921>","Wien 23.Bezirk, Liesing <923>",11
5 bis 9 Jahre,2025,"Wien 22.Bezirk, Donaustadt <922>","Wien 1.Bezirk, Innere Stadt <901>",1
5 bis 9 Jahre,2025,"Wien 22.Bezirk, Donaustadt <922>","Wien 2.Bezirk, Leopoldstadt <902>",37
5 bis 9 Jahre,2025,"Wien 22.Bezirk, Donaustadt <922>","Wien 3.Bezirk, Landstraße <903>",21
5 bis 9 Jahre,2025,"Wien 22.Bezirk, Donaustadt <922>","Wien 4.Bezirk, Wieden <904>",4
5 bis 9 Jahre,2025,"Wien 22.Bezirk, Donaustadt <922>","Wien 5.Bezirk, Margareten <905>",2
5 bis 9 Jahre,2025,"Wien 22.Bezirk, Donaustadt <922>","Wien 6.Bezirk, Mariahilf <906>",7
5 bis 9 Jahre,2025,"Wien 22.Bezirk, Donaustadt <922>","Wien 7.Bezirk, Neubau <907>",-
5 bis 9 Jahre,2025,"Wien 22.Bezirk, Donaustadt <922>","Wien 8.Bezirk, Josefstadt <908>",-
5 bis 9 Jahre,2025,"Wien 22.Bezirk, Donaustadt <922>","Wien 9.Bezirk, Alsergrund <909>",4
5 bis 9 Jahre,2025,"Wien 22.Bezirk, Donaustadt <922>","Wien 10.Bezirk, Favoriten <910>",35
5 bis 9 Jahre,2025,"Wien 22.Bezirk, Donaustadt <922>","Wien 11.Bezirk, Simmering <911>",10
5 bis 9 Jahre,2025,"Wien 22.Bezirk, Donaustadt <922>","Wien 12.Bezirk, Meidling <912>",9
5 bis 9 Jahre,2025,"Wien 22.Bezirk, Donaustadt <922>","Wien 13.Bezirk, Hietzing <913>",1
5 bis 9 Jahre,2025,"Wien 22.Bezirk, Donaustadt <922>","Wien 14.Bezirk, Penzing <914>",9
5 bis 9 Jahre,2025,"Wien 22.Bezirk, Donaustadt <922>","Wien 15.Bezirk, Rudolfsheim-Fünfhaus <915>",5
5 bis 9 Jahre,2025,"Wien 22.Bezirk, Donaustadt <922>","Wien 16.Bezirk, Ottakring <916>",11
5 bis 9 Jahre,2025,"Wien 22.Bezirk, Donaustadt <922>","Wien 17.Bezirk, Hernals <917>",6
5 bis 9 Jahre,2025,"Wien 22.Bezirk, Donaustadt <922>","Wien 18.Bezirk, Währing <918>",5
5 bis 9 Jahre,2025,"Wien 22.Bezirk, Donaustadt <922>","Wien 19.Bezirk, Döbling <919>",8
5 bis 9 Jahre,2025,"Wien 22.Bezirk, Donaustadt <922>","Wien 20.Bezirk, Brigittenau <920>",17
5 bis 9 Jahre,2025,"Wien 22.Bezirk, Donaustadt <922>","Wien 21.Bezirk, Floridsdorf <921>",67
5 bis 9 Jahre,2025,"Wien 22.Bezirk, Donaustadt <922>","Wien 22.Bezirk, Donaustadt <922>",525
5 bis 9 Jahre,2025,"Wien 22.Bezirk, Donaustadt <922>","Wien 23.Bezirk, Liesing <923>",14
5 bis 9 Jahre,2025,"Wien 23.Bezirk, Liesing <923>","Wien 1.Bezirk, Innere Stadt <901>",-
5 bis 9 Jahre,2025,"Wien 23.Bezirk, Liesing <923>","Wien 2.Bezirk, Leopoldstadt <902>",8
5 bis 9 Jahre,2025,"Wien 23.Bezirk, Liesing <923>","Wien 3.Bezirk, Landstraße <903>",2
5 bis 9 Jahre,2025,"Wien 23.Bezirk, Liesing <923>","Wien 4.Bezirk, Wieden <904>",1
5 bis 9 Jahre,2025,"Wien 23.Bezirk, Liesing <923>","Wien 5.Bezirk, Margareten <905>",1
5 bis 9 Jahre,2025,"Wien 23.Bezirk, Liesing <923>","Wien 6.Bezirk, Mariahilf <906>",2
5 bis 9 Jahre,2025,"Wien 23.Bezirk, Liesing <923>","Wien 7.Bezirk, Neubau <907>",-
5 bis 9 Jahre,2025,"Wien 23.Bezirk, Liesing <923>","Wien 8.Bezirk, Josefstadt <908>",1
5 bis 9 Jahre,2025,"Wien 23.Bezirk, Liesing <923>","Wien 9.Bezirk, Alsergrund <909>",3
5 bis 9 Jahre,2025,"Wien 23.Bezirk, Liesing <923>","Wien 10.Bezirk, Favoriten <910>",32
5 bis 9 Jahre,2025,"Wien 23.Bezirk, Liesing <923>","Wien 11.Bezirk, Simmering <911>",6
5 bis 9 Jahre,2025,"Wien 23.Bezirk, Liesing <923>","Wien 12.Bezirk, Meidling <912>",24
5 bis 9 Jahre,2025,"Wien 23.Bezirk, Liesing <923>","Wien 13.Bezirk, Hietzing <913>",15
5 bis 9 Jahre,2025,"Wien 23.Bezirk, Liesing <923>","Wien 14.Bezirk, Penzing <914>",15
5 bis 9 Jahre,2025,"Wien 23.Bezirk, Liesing <923>","Wien 15.Bezirk, Rudolfsheim-Fünfhaus <915>",6
5 bis 9 Jahre,2025,"Wien 23.Bezirk, Liesing <923>","Wien 16.Bezirk, Ottakring <916>",5
5 bis 9 Jahre,2025,"Wien 23.Bezirk, Liesing <923>","Wien 17.Bezirk, Hernals <917>",3
5 bis 9 Jahre,2025,"Wien 23.Bezirk, Liesing <923>","Wien 18.Bezirk, Währing <918>",-
5 bis 9 Jahre,2025,"Wien 23.Bezirk, Liesing <923>","Wien 19.Bezirk, Döbling <919>",4
5 bis 9 Jahre,2025,"Wien 23.Bezirk, Liesing <923>","Wien 20.Bezirk, Brigittenau <920>",6
5 bis 9 Jahre,2025,"Wien 23.Bezirk, Liesing <923>","Wien 21.Bezirk, Floridsdorf <921>",18
5 bis 9 Jahre,2025,"Wien 23.Bezirk, Liesing <923>","Wien 22.Bezirk, Donaustadt <922>",19
5 bis 9 Jahre,2025,"Wien 23.Bezirk, Liesing <923>","Wien 23.Bezirk, Liesing <923>",206
10 bis 14 Jahre,2025,"Wien 1.Bezirk, Innere Stadt <901>","Wien 1.Bezirk, Innere Stadt <901>",18
10 bis 14 Jahre,2025,"Wien 1.Bezirk, Innere Stadt <901>","Wien 2.Bezirk, Leopoldstadt <902>",8
10 bis 14 Jahre,2025,"Wien 1.Bezirk, Innere Stadt <901>","Wien 3.Bezirk, Landstraße <903>",7
10 bis 14 Jahre,2025,"Wien 1.Bezirk, Innere Stadt <901>","Wien 4.Bezirk, Wieden <904>",2
10 bis 14 Jahre,2025,"Wien 1.Bezirk, Innere Stadt <901>","Wien 5.Bezirk, Margareten <905>",1
10 bis 14 Jahre,2025,"Wien 1.Bezirk, Innere Stadt <901>","Wien 6.Bezirk, Mariahilf <906>",1
10 bis 14 Jahre,2025,"Wien 1.Bezirk, Innere Stadt <901>","Wien 7.Bezirk, Neubau <907>",1
10 bis 14 Jahre,2025,"Wien 1.Bezirk, Innere Stadt <901>","Wien 8.Bezirk, Josefstadt <908>",-
10 bis 14 Jahre,2025,"Wien 1.Bezirk, Innere Stadt <901>","Wien 9.Bezirk, Alsergrund <909>",3
10 bis 14 Jahre,2025,"Wien 1.Bezirk, Innere Stadt <901>","Wien 10.Bezirk, Favoriten <910>",1
10 bis 14 Jahre,2025,"Wien 1.Bezirk, Innere Stadt <901>","Wien 11.Bezirk, Simmering <911>",1
10 bis 14 Jahre,2025,"Wien 1.Bezirk, Innere Stadt <901>","Wien 12.Bezirk, Meidling <912>",3
10 bis 14 Jahre,2025,"Wien 1.Bezirk, Innere Stadt <901>","Wien 13.Bezirk, Hietzing <913>",-
10 bis 14 Jahre,2025,"Wien 1.Bezirk, Innere Stadt <901>","Wien 14.Bezirk, Penzing <914>",-
10 bis 14 Jahre,2025,"Wien 1.Bezirk, Innere Stadt <901>","Wien 15.Bezirk, Rudolfsheim-Fünfhaus <915>",1
10 bis 14 Jahre,2025,"Wien 1.Bezirk, Innere Stadt <901>","Wien 16.Bezirk, Ottakring <916>",3
10 bis 14 Jahre,2025,"Wien 1.Bezirk, Innere Stadt <901>","Wien 17.Bezirk, Hernals <917>",1
10 bis 14 Jahre,2025,"Wien 1.Bezirk, Innere Stadt <901>","Wien 18.Bezirk, Währing <918>",2
10 bis 14 Jahre,2025,"Wien 1.Bezirk, Innere Stadt <901>","Wien 19.Bezirk, Döbling <919>",6
10 bis 14 Jahre,2025,"Wien 1.Bezirk, Innere Stadt <901>","Wien 20.Bezirk, Brigittenau <920>",1
10 bis 14 Jahre,2025,"Wien 1.Bezirk, Innere Stadt <901>","Wien 21.Bezirk, Floridsdorf <921>",1
10 bis 14 Jahre,2025,"Wien 1.Bezirk, Innere Stadt <901>","Wien 22.Bezirk, Donaustadt <922>",1
10 bis 14 Jahre,2025,"Wien 1.Bezirk, Innere Stadt <901>","Wien 23.Bezirk, Liesing <923>",1
10 bis 14 Jahre,2025,"Wien 2.Bezirk, Leopoldstadt <902>","Wien 1.Bezirk, Innere Stadt <901>",1
10 bis 14 Jahre,2025,"Wien 2.Bezirk, Leopoldstadt <902>","Wien 2.Bezirk, Leopoldstadt <902>",121
10 bis 14 Jahre,2025,"Wien 2.Bezirk, Leopoldstadt <902>","Wien 3.Bezirk, Landstraße <903>",19
10 bis 14 Jahre,2025,"Wien 2.Bezirk, Leopoldstadt <902>","Wien 4.Bezirk, Wieden <904>",9
10 bis 14 Jahre,2025,"Wien 2.Bezirk, Leopoldstadt <902>","Wien 5.Bezirk, Margareten <905>",7
10 bis 14 Jahre,2025,"Wien 2.Bezirk, Leopoldstadt <902>","Wien 6.Bezirk, Mariahilf <906>",3
10 bis 14 Jahre,2025,"Wien 2.Bezirk, Leopoldstadt <902>","Wien 7.Bezirk, Neubau <907>",4
10 bis 14 Jahre,2025,"Wien 2.Bezirk, Leopoldstadt <902>","Wien 8.Bezirk, Josefstadt <908>",1
10 bis 14 Jahre,2025,"Wien 2.Bezirk, Leopoldstadt <902>","Wien 9.Bezirk, Alsergrund <909>",5
10 bis 14 Jahre,2025,"Wien 2.Bezirk, Leopoldstadt <902>","Wien 10.Bezirk, Favoriten <910>",23
10 bis 14 Jahre,2025,"Wien 2.Bezirk, Leopoldstadt <902>","Wien 11.Bezirk, Simmering <911>",3
10 bis 14 Jahre,2025,"Wien 2.Bezirk, Leopoldstadt <902>","Wien 12.Bezirk, Meidling <912>",7
10 bis 14 Jahre,2025,"Wien 2.Bezirk, Leopoldstadt <902>","Wien 13.Bezirk, Hietzing <913>",1
10 bis 14 Jahre,2025,"Wien 2.Bezirk, Leopoldstadt <902>","Wien 14.Bezirk, Penzing <914>",20
10 bis 14 Jahre,2025,"Wien 2.Bezirk, Leopoldstadt <902>","Wien 15.Bezirk, Rudolfsheim-Fünfhaus <915>",1
10 bis 14 Jahre,2025,"Wien 2.Bezirk, Leopoldstadt <902>","Wien 16.Bezirk, Ottakring <916>",4
10 bis 14 Jahre,2025,"Wien 2.Bezirk, Leopoldstadt <902>","Wien 17.Bezirk, Hernals <917>",4
10 bis 14 Jahre,2025,"Wien 2.Bezirk, Leopoldstadt <902>","Wien 18.Bezirk, Währing <918>",3
10 bis 14 Jahre,2025,"Wien 2.Bezirk, Leopoldstadt <902>","Wien 19.Bezirk, Döbling <919>",5
10 bis 14 Jahre,2025,"Wien 2.Bezirk, Leopoldstadt <902>","Wien 20.Bezirk, Brigittenau <920>",36
10 bis 14 Jahre,2025,"Wien 2.Bezirk, Leopoldstadt <902>","Wien 21.Bezirk, Floridsdorf <921>",22
10 bis 14 Jahre,2025,"Wien 2.Bezirk, Leopoldstadt <902>","Wien 22.Bezirk, Donaustadt <922>",68
10 bis 14 Jahre,2025,"Wien 2.Bezirk, Leopoldstadt <902>","Wien 23.Bezirk, Liesing <923>",5
10 bis 14 Jahre,2025,"Wien 3.Bezirk, Landstraße <903>","Wien 1.Bezirk, Innere Stadt <901>",3
10 bis 14 Jahre,2025,"Wien 3.Bezirk, Landstraße <903>","Wien 2.Bezirk, Leopoldstadt <902>",22
10 bis 14 Jahre,2025,"Wien 3.Bezirk, Landstraße <903>","Wien 3.Bezirk, Landstraße <903>",94
10 bis 14 Jahre,2025,"Wien 3.Bezirk, Landstraße <903>","Wien 4.Bezirk, Wieden <904>",7
10 bis 14 Jahre,2025,"Wien 3.Bezirk, Landstraße <903>","Wien 5.Bezirk, Margareten <905>",4
10 bis 14 Jahre,2025,"Wien 3.Bezirk, Landstraße <903>","Wien 6.Bezirk, Mariahilf <906>",2
10 bis 14 Jahre,2025,"Wien 3.Bezirk, Landstraße <903>","Wien 7.Bezirk, Neubau <907>",4
10 bis 14 Jahre,2025,"Wien 3.Bezirk, Landstraße <903>","Wien 8.Bezirk, Josefstadt <908>",1
10 bis 14 Jahre,2025,"Wien 3.Bezirk, Landstraße <903>","Wien 9.Bezirk, Alsergrund <909>",6
10 bis 14 Jahre,2025,"Wien 3.Bezirk, Landstraße <903>","Wien 10.Bezirk, Favoriten <910>",18
10 bis 14 Jahre,2025,"Wien 3.Bezirk, Landstraße <903>","Wien 11.Bezirk, Simmering <911>",29
10 bis 14 Jahre,2025,"Wien 3.Bezirk, Landstraße <903>","Wien 12.Bezirk, Meidling <912>",8
10 bis 14 Jahre,2025,"Wien 3.Bezirk, Landstraße <903>","Wien 13.Bezirk, Hietzing <913>",3
10 bis 14 Jahre,2025,"Wien 3.Bezirk, Landstraße <903>","Wien 14.Bezirk, Penzing <914>",-
10 bis 14 Jahre,2025,"Wien 3.Bezirk, Landstraße <903>","Wien 15.Bezirk, Rudolfsheim-Fünfhaus <915>",11
10 bis 14 Jahre,2025,"Wien 3.Bezirk, Landstraße <903>","Wien 16.Bezirk, Ottakring <916>",5
10 bis 14 Jahre,2025,"Wien 3.Bezirk, Landstraße <903>","Wien 17.Bezirk, Hernals <917>",2
10 bis 14 Jahre,2025,"Wien 3.Bezirk, Landstraße <903>","Wien 18.Bezirk, Währing <918>",4
10 bis 14 Jahre,2025,"Wien 3.Bezirk, Landstraße <903>","Wien 19.Bezirk, Döbling <919>",5
10 bis 14 Jahre,2025,"Wien 3.Bezirk, Landstraße <903>","Wien 20.Bezirk, Brigittenau <920>",10
10 bis 14 Jahre,2025,"Wien 3.Bezirk, Landstraße <903>","Wien 21.Bezirk, Floridsdorf <921>",11
10 bis 14 Jahre,2025,"Wien 3.Bezirk, Landstraße <903>","Wien 22.Bezirk, Donaustadt <922>",26
10 bis 14 Jahre,2025,"Wien 3.Bezirk, Landstraße <903>","Wien 23.Bezirk, Liesing <923>",2
10 bis 14 Jahre,2025,"Wien 4.Bezirk, Wieden <904>","Wien 1.Bezirk, Innere Stadt <901>",-
10 bis 14 Jahre,2025,"Wien 4.Bezirk, Wieden <904>","Wien 2.Bezirk, Leopoldstadt <902>",4
10 bis 14 Jahre,2025,"Wien 4.Bezirk, Wieden <904>","Wien 3.Bezirk, Landstraße <903>",13
10 bis 14 Jahre,2025,"Wien 4.Bezirk, Wieden <904>","Wien 4.Bezirk, Wieden <904>",28
10 bis 14 Jahre,2025,"Wien 4.Bezirk, Wieden <904>","Wien 5.Bezirk, Margareten <905>",4
10 bis 14 Jahre,2025,"Wien 4.Bezirk, Wieden <904>","Wien 6.Bezirk, Mariahilf <906>",1
10 bis 14 Jahre,2025,"Wien 4.Bezirk, Wieden <904>","Wien 7.Bezirk, Neubau <907>",2
10 bis 14 Jahre,2025,"Wien 4.Bezirk, Wieden <904>","Wien 8.Bezirk, Josefstadt <908>",-
10 bis 14 Jahre,2025,"Wien 4.Bezirk, Wieden <904>","Wien 9.Bezirk, Alsergrund <909>",3
10 bis 14 Jahre,2025,"Wien 4.Bezirk, Wieden <904>","Wien 10.Bezirk, Favoriten <910>",11
10 bis 14 Jahre,2025,"Wien 4.Bezirk, Wieden <904>","Wien 11.Bezirk, Simmering <911>",3
10 bis 14 Jahre,2025,"Wien 4.Bezirk, Wieden <904>","Wien 12.Bezirk, Meidling <912>",4
10 bis 14 Jahre,2025,"Wien 4.Bezirk, Wieden <904>","Wien 13.Bezirk, Hietzing <913>",4
10 bis 14 Jahre,2025,"Wien 4.Bezirk, Wieden <904>","Wien 14.Bezirk, Penzing <914>",-
10 bis 14 Jahre,2025,"Wien 4.Bezirk, Wieden <904>","Wien 15.Bezirk, Rudolfsheim-Fünfhaus <915>",1
10 bis 14 Jahre,2025,"Wien 4.Bezirk, Wieden <904>","Wien 16.Bezirk, Ottakring <916>",2
10 bis 14 Jahre,2025,"Wien 4.Bezirk, Wieden <904>","Wien 17.Bezirk, Hernals <917>",2
10 bis 14 Jahre,2025,"Wien 4.Bezirk, Wieden <904>","Wien 18.Bezirk, Währing <918>",2
10 bis 14 Jahre,2025,"Wien 4.Bezirk, Wieden <904>","Wien 19.Bezirk, Döbling <919>",3
10 bis 14 Jahre,2025,"Wien 4.Bezirk, Wieden <904>","Wien 20.Bezirk, Brigittenau <920>",-
10 bis 14 Jahre,2025,"Wien 4.Bezirk, Wieden <904>","Wien 21.Bezirk, Floridsdorf <921>",-
10 bis 14 Jahre,2025,"Wien 4.Bezirk, Wieden <904>","Wien 22.Bezirk, Donaustadt <922>",7
10 bis 14 Jahre,2025,"Wien 4.Bezirk, Wieden <904>","Wien 23.Bezirk, Liesing <923>",2
10 bis 14 Jahre,2025,"Wien 5.Bezirk, Margareten <905>","Wien 1.Bezirk, Innere Stadt <901>",-
10 bis 14 Jahre,2025,"Wien 5.Bezirk, Margareten <905>","Wien 2.Bezirk, Leopoldstadt <902>",8
10 bis 14 Jahre,2025,"Wien 5.Bezirk, Margareten <905>","Wien 3.Bezirk, Landstraße <903>",5
10 bis 14 Jahre,2025,"Wien 5.Bezirk, Margareten <905>","Wien 4.Bezirk, Wieden <904>",7
10 bis 14 Jahre,2025,"Wien 5.Bezirk, Margareten <905>","Wien 5.Bezirk, Margareten <905>",22
10 bis 14 Jahre,2025,"Wien 5.Bezirk, Margareten <905>","Wien 6.Bezirk, Mariahilf <906>",1
10 bis 14 Jahre,2025,"Wien 5.Bezirk, Margareten <905>","Wien 7.Bezirk, Neubau <907>",-
10 bis 14 Jahre,2025,"Wien 5.Bezirk, Margareten <905>","Wien 8.Bezirk, Josefstadt <908>",-
10 bis 14 Jahre,2025,"Wien 5.Bezirk, Margareten <905>","Wien 9.Bezirk, Alsergrund <909>",-
10 bis 14 Jahre,2025,"Wien 5.Bezirk, Margareten <905>","Wien 10.Bezirk, Favoriten <910>",28
10 bis 14 Jahre,2025,"Wien 5.Bezirk, Margareten <905>","Wien 11.Bezirk, Simmering <911>",12
10 bis 14 Jahre,2025,"Wien 5.Bezirk, Margareten <905>","Wien 12.Bezirk, Meidling <912>",13
10 bis 14 Jahre,2025,"Wien 5.Bezirk, Margareten <905>","Wien 13.Bezirk, Hietzing <913>",2
10 bis 14 Jahre,2025,"Wien 5.Bezirk, Margareten <905>","Wien 14.Bezirk, Penzing <914>",5
10 bis 14 Jahre,2025,"Wien 5.Bezirk, Margareten <905>","Wien 15.Bezirk, Rudolfsheim-Fünfhaus <915>",8
10 bis 14 Jahre,2025,"Wien 5.Bezirk, Margareten <905>","Wien 16.Bezirk, Ottakring <916>",8
10 bis 14 Jahre,2025,"Wien 5.Bezirk, Margareten <905>","Wien 17.Bezirk, Hernals <917>",6
10 bis 14 Jahre,2025,"Wien 5.Bezirk, Margareten <905>","Wien 18.Bezirk, Währing <918>",-
10 bis 14 Jahre,2025,"Wien 5.Bezirk, Margareten <905>","Wien 19.Bezirk, Döbling <919>",2
10 bis 14 Jahre,2025,"Wien 5.Bezirk, Margareten <905>","Wien 20.Bezirk, Brigittenau <920>",5
10 bis 14 Jahre,2025,"Wien 5.Bezirk, Margareten <905>","Wien 21.Bezirk, Floridsdorf <921>",12
10 bis 14 Jahre,2025,"Wien 5.Bezirk, Margareten <905>","Wien 22.Bezirk, Donaustadt <922>",15
10 bis 14 Jahre,2025,"Wien 5.Bezirk, Margareten <905>","Wien 23.Bezirk, Liesing <923>",7
10 bis 14 Jahre,2025,"Wien 6.Bezirk, Mariahilf <906>","Wien 1.Bezirk, Innere Stadt <901>",-
10 bis 14 Jahre,2025,"Wien 6.Bezirk, Mariahilf <906>","Wien 2.Bezirk, Leopoldstadt <902>",5
10 bis 14 Jahre,2025,"Wien 6.Bezirk, Mariahilf <906>","Wien 3.Bezirk, Landstraße <903>",7
10 bis 14 Jahre,2025,"Wien 6.Bezirk, Mariahilf <906>","Wien 4.Bezirk, Wieden <904>",1
10 bis 14 Jahre,2025,"Wien 6.Bezirk, Mariahilf <906>","Wien 5.Bezirk, Margareten <905>",7
10 bis 14 Jahre,2025,"Wien 6.Bezirk, Mariahilf <906>","Wien 6.Bezirk, Mariahilf <906>",16
10 bis 14 Jahre,2025,"Wien 6.Bezirk, Mariahilf <906>","Wien 7.Bezirk, Neubau <907>",6
10 bis 14 Jahre,2025,"Wien 6.Bezirk, Mariahilf <906>","Wien 8.Bezirk, Josefstadt <908>",-
10 bis 14 Jahre,2025,"Wien 6.Bezirk, Mariahilf <906>","Wien 9.Bezirk, Alsergrund <909>",4
10 bis 14 Jahre,2025,"Wien 6.Bezirk, Mariahilf <906>","Wien 10.Bezirk, Favoriten <910>",7
10 bis 14 Jahre,2025,"Wien 6.Bezirk, Mariahilf <906>","Wien 11.Bezirk, Simmering <911>",2
10 bis 14 Jahre,2025,"Wien 6.Bezirk, Mariahilf <906>","Wien 12.Bezirk, Meidling <912>",5
10 bis 14 Jahre,2025,"Wien 6.Bezirk, Mariahilf <906>","Wien 13.Bezirk, Hietzing <913>",3
10 bis 14 Jahre,2025,"Wien 6.Bezirk, Mariahilf <906>","Wien 14.Bezirk, Penzing <914>",4
10 bis 14 Jahre,2025,"Wien 6.Bezirk, Mariahilf <906>","Wien 15.Bezirk, Rudolfsheim-Fünfhaus <915>",3
10 bis 14 Jahre,2025,"Wien 6.Bezirk, Mariahilf <906>","Wien 16.Bezirk, Ottakring <916>",7
10 bis 14 Jahre,2025,"Wien 6.Bezirk, Mariahilf <906>","Wien 17.Bezirk, Hernals <917>",2
10 bis 14 Jahre,2025,"Wien 6.Bezirk, Mariahilf <906>","Wien 18.Bezirk, Währing <918>",3
10 bis 14 Jahre,2025,"Wien 6.Bezirk, Mariahilf <906>","Wien 19.Bezirk, Döbling <919>",1
10 bis 14 Jahre,2025,"Wien 6.Bezirk, Mariahilf <906>","Wien 20.Bezirk, Brigittenau <920>",-
10 bis 14 Jahre,2025,"Wien 6.Bezirk, Mariahilf <906>","Wien 21.Bezirk, Floridsdorf <921>",6
10 bis 14 Jahre,2025,"Wien 6.Bezirk, Mariahilf <906>","Wien 22.Bezirk, Donaustadt <922>",4
10 bis 14 Jahre,2025,"Wien 6.Bezirk, Mariahilf <906>","Wien 23.Bezirk, Liesing <923>",4
10 bis 14 Jahre,2025,"Wien 7.Bezirk, Neubau <907>","Wien 1.Bezirk, Innere Stadt <901>",3
10 bis 14 Jahre,2025,"Wien 7.Bezirk, Neubau <907>","Wien 2.Bezirk, Leopoldstadt <902>",2
10 bis 14 Jahre,2025,"Wien 7.Bezirk, Neubau <907>","Wien 3.Bezirk, Landstraße <903>",-
10 bis 14 Jahre,2025,"Wien 7.Bezirk, Neubau <907>","Wien 4.Bezirk, Wieden <904>",2
10 bis 14 Jahre,2025,"Wien 7.Bezirk, Neubau <907>","Wien 5.Bezirk, Margareten <905>",1
10 bis 14 Jahre,2025,"Wien 7.Bezirk, Neubau <907>","Wien 6.Bezirk, Mariahilf <906>",4
10 bis 14 Jahre,2025,"Wien 7.Bezirk, Neubau <907>","Wien 7.Bezirk, Neubau <907>",11
10 bis 14 Jahre,2025,"Wien 7.Bezirk, Neubau <907>","Wien 8.Bezirk, Josefstadt <908>",4
10 bis 14 Jahre,2025,"Wien 7.Bezirk, Neubau <907>","Wien 9.Bezirk, Alsergrund <909>",3
10 bis 14 Jahre,2025,"Wien 7.Bezirk, Neubau <907>","Wien 10.Bezirk, Favoriten <910>",6
10 bis 14 Jahre,2025,"Wien 7.Bezirk, Neubau <907>","Wien 11.Bezirk, Simmering <911>",2
10 bis 14 Jahre,2025,"Wien 7.Bezirk, Neubau <907>","Wien 12.Bezirk, Meidling <912>",6
10 bis 14 Jahre,2025,"Wien 7.Bezirk, Neubau <907>","Wien 13.Bezirk, Hietzing <913>",-
10 bis 14 Jahre,2025,"Wien 7.Bezirk, Neubau <907>","Wien 14.Bezirk, Penzing <914>",4
10 bis 14 Jahre,2025,"Wien 7.Bezirk, Neubau <907>","Wien 15.Bezirk, Rudolfsheim-Fünfhaus <915>",5
10 bis 14 Jahre,2025,"Wien 7.Bezirk, Neubau <907>","Wien 16.Bezirk, Ottakring <916>",8
10 bis 14 Jahre,2025,"Wien 7.Bezirk, Neubau <907>","Wien 17.Bezirk, Hernals <917>",4
10 bis 14 Jahre,2025,"Wien 7.Bezirk, Neubau <907>","Wien 18.Bezirk, Währing <918>",-
10 bis 14 Jahre,2025,"Wien 7.Bezirk, Neubau <907>","Wien 19.Bezirk, Döbling <919>",1
10 bis 14 Jahre,2025,"Wien 7.Bezirk, Neubau <907>","Wien 20.Bezirk, Brigittenau <920>",1
10 bis 14 Jahre,2025,"Wien 7.Bezirk, Neubau <907>","Wien 21.Bezirk, Floridsdorf <921>",1
10 bis 14 Jahre,2025,"Wien 7.Bezirk, Neubau <907>","Wien 22.Bezirk, Donaustadt <922>",2
10 bis 14 Jahre,2025,"Wien 7.Bezirk, Neubau <907>","Wien 23.Bezirk, Liesing <923>",1
10 bis 14 Jahre,2025,"Wien 8.Bezirk, Josefstadt <908>","Wien 1.Bezirk, Innere Stadt <901>",2
10 bis 14 Jahre,2025,"Wien 8.Bezirk, Josefstadt <908>","Wien 2.Bezirk, Leopoldstadt <902>",1
10 bis 14 Jahre,2025,"Wien 8.Bezirk, Josefstadt <908>","Wien 3.Bezirk, Landstraße <903>",3
10 bis 14 Jahre,2025,"Wien 8.Bezirk, Josefstadt <908>","Wien 4.Bezirk, Wieden <904>",-
10 bis 14 Jahre,2025,"Wien 8.Bezirk, Josefstadt <908>","Wien 5.Bezirk, Margareten <905>",-
10 bis 14 Jahre,2025,"Wien 8.Bezirk, Josefstadt <908>","Wien 6.Bezirk, Mariahilf <906>",2
10 bis 14 Jahre,2025,"Wien 8.Bezirk, Josefstadt <908>","Wien 7.Bezirk, Neubau <907>",3
10 bis 14 Jahre,2025,"Wien 8.Bezirk, Josefstadt <908>","Wien 8.Bezirk, Josefstadt <908>",6
10 bis 14 Jahre,2025,"Wien 8.Bezirk, Josefstadt <908>","Wien 9.Bezirk, Alsergrund <909>",8
10 bis 14 Jahre,2025,"Wien 8.Bezirk, Josefstadt <908>","Wien 10.Bezirk, Favoriten <910>",1
10 bis 14 Jahre,2025,"Wien 8.Bezirk, Josefstadt <908>","Wien 11.Bezirk, Simmering <911>",-
10 bis 14 Jahre,2025,"Wien 8.Bezirk, Josefstadt <908>","Wien 12.Bezirk, Meidling <912>",-
10 bis 14 Jahre,2025,"Wien 8.Bezirk, Josefstadt <908>","Wien 13.Bezirk, Hietzing <913>",-
10 bis 14 Jahre,2025,"Wien 8.Bezirk, Josefstadt <908>","Wien 14.Bezirk, Penzing <914>",-
10 bis 14 Jahre,2025,"Wien 8.Bezirk, Josefstadt <908>","Wien 15.Bezirk, Rudolfsheim-Fünfhaus <915>",2
10 bis 14 Jahre,2025,"Wien 8.Bezirk, Josefstadt <908>","Wien 16.Bezirk, Ottakring <916>",5
10 bis 14 Jahre,2025,"Wien 8.Bezirk, Josefstadt <908>","Wien 17.Bezirk, Hernals <917>",1
10 bis 14 Jahre,2025,"Wien 8.Bezirk, Josefstadt <908>","Wien 18.Bezirk, Währing <918>",-
10 bis 14 Jahre,2025,"Wien 8.Bezirk, Josefstadt <908>","Wien 19.Bezirk, Döbling <919>",1
10 bis 14 Jahre,2025,"Wien 8.Bezirk, Josefstadt <908>","Wien 20.Bezirk, Brigittenau <920>",1
10 bis 14 Jahre,2025,"Wien 8.Bezirk, Josefstadt <908>","Wien 21.Bezirk, Floridsdorf <921>",4
10 bis 14 Jahre,2025,"Wien 8.Bezirk, Josefstadt <908>","Wien 22.Bezirk, Donaustadt <922>",3
10 bis 14 Jahre,2025,"Wien 8.Bezirk, Josefstadt <908>","Wien 23.Bezirk, Liesing <923>",1
10 bis 14 Jahre,2025,"Wien 9.Bezirk, Alsergrund <909>","Wien 1.Bezirk, Innere Stadt <901>",4
10 bis 14 Jahre,2025,"Wien 9.Bezirk, Alsergrund <909>","Wien 2.Bezirk, Leopoldstadt <902>",9
10 bis 14 Jahre,2025,"Wien 9.Bezirk, Alsergrund <909>","Wien 3.Bezirk, Landstraße <903>",3
10 bis 14 Jahre,2025,"Wien 9.Bezirk, Alsergrund <909>","Wien 4.Bezirk, Wieden <904>",1
10 bis 14 Jahre,2025,"Wien 9.Bezirk, Alsergrund <909>","Wien 5.Bezirk, Margareten <905>",3
10 bis 14 Jahre,2025,"Wien 9.Bezirk, Alsergrund <909>","Wien 6.Bezirk, Mariahilf <906>",3
10 bis 14 Jahre,2025,"Wien 9.Bezirk, Alsergrund <909>","Wien 7.Bezirk, Neubau <907>",1
10 bis 14 Jahre,2025,"Wien 9.Bezirk, Alsergrund <909>","Wien 8.Bezirk, Josefstadt <908>",2
10 bis 14 Jahre,2025,"Wien 9.Bezirk, Alsergrund <909>","Wien 9.Bezirk, Alsergrund <909>",22
10 bis 14 Jahre,2025,"Wien 9.Bezirk, Alsergrund <909>","Wien 10.Bezirk, Favoriten <910>",6
10 bis 14 Jahre,2025,"Wien 9.Bezirk, Alsergrund <909>","Wien 11.Bezirk, Simmering <911>",3
10 bis 14 Jahre,2025,"Wien 9.Bezirk, Alsergrund <909>","Wien 12.Bezirk, Meidling <912>",1
10 bis 14 Jahre,2025,"Wien 9.Bezirk, Alsergrund <909>","Wien 13.Bezirk, Hietzing <913>",5
10 bis 14 Jahre,2025,"Wien 9.Bezirk, Alsergrund <909>","Wien 14.Bezirk, Penzing <914>",-
10 bis 14 Jahre,2025,"Wien 9.Bezirk, Alsergrund <909>","Wien 15.Bezirk, Rudolfsheim-Fünfhaus <915>",2
10 bis 14 Jahre,2025,"Wien 9.Bezirk, Alsergrund <909>","Wien 16.Bezirk, Ottakring <916>",7
10 bis 14 Jahre,2025,"Wien 9.Bezirk, Alsergrund <909>","Wien 17.Bezirk, Hernals <917>",6
10 bis 14 Jahre,2025,"Wien 9.Bezirk, Alsergrund <909>","Wien 18.Bezirk, Währing <918>",10
10 bis 14 Jahre,2025,"Wien 9.Bezirk, Alsergrund <909>","Wien 19.Bezirk, Döbling <919>",16
10 bis 14 Jahre,2025,"Wien 9.Bezirk, Alsergrund <909>","Wien 20.Bezirk, Brigittenau <920>",7
10 bis 14 Jahre,2025,"Wien 9.Bezirk, Alsergrund <909>","Wien 21.Bezirk, Floridsdorf <921>",10
10 bis 14 Jahre,2025,"Wien 9.Bezirk, Alsergrund <909>","Wien 22.Bezirk, Donaustadt <922>",15
10 bis 14 Jahre,2025,"Wien 9.Bezirk, Alsergrund <909>","Wien 23.Bezirk, Liesing <923>",1
10 bis 14 Jahre,2025,"Wien 10.Bezirk, Favoriten <910>","Wien 1.Bezirk, Innere Stadt <901>",2
10 bis 14 Jahre,2025,"Wien 10.Bezirk, Favoriten <910>","Wien 2.Bezirk, Leopoldstadt <902>",19
10 bis 14 Jahre,2025,"Wien 10.Bezirk, Favoriten <910>","Wien 3.Bezirk, Landstraße <903>",32
10 bis 14 Jahre,2025,"Wien 10.Bezirk, Favoriten <910>","Wien 4.Bezirk, Wieden <904>",7
10 bis 14 Jahre,2025,"Wien 10.Bezirk, Favoriten <910>","Wien 5.Bezirk, Margareten <905>",18
10 bis 14 Jahre,2025,"Wien 10.Bezirk, Favoriten <910>","Wien 6.Bezirk, Mariahilf <906>",6
10 bis 14 Jahre,2025,"Wien 10.Bezirk, Favoriten <910>","Wien 7.Bezirk, Neubau <907>",1
10 bis 14 Jahre,2025,"Wien 10.Bezirk, Favoriten <910>","Wien 8.Bezirk, Josefstadt <908>",2
10 bis 14 Jahre,2025,"Wien 10.Bezirk, Favoriten <910>","Wien 9.Bezirk, Alsergrund <909>",3
10 bis 14 Jahre,2025,"Wien 10.Bezirk, Favoriten <910>","Wien 10.Bezirk, Favoriten <910>",476
10 bis 14 Jahre,2025,"Wien 10.Bezirk, Favoriten <910>","Wien 11.Bezirk, Simmering <911>",44
10 bis 14 Jahre,2025,"Wien 10.Bezirk, Favoriten <910>","Wien 12.Bezirk, Meidling <912>",47
10 bis 14 Jahre,2025,"Wien 10.Bezirk, Favoriten <910>","Wien 13.Bezirk, Hietzing <913>",14
10 bis 14 Jahre,2025,"Wien 10.Bezirk, Favoriten <910>","Wien 14.Bezirk, Penzing <914>",14
10 bis 14 Jahre,2025,"Wien 10.Bezirk, Favoriten <910>","Wien 15.Bezirk, Rudolfsheim-Fünfhaus <915>",14
10 bis 14 Jahre,2025,"Wien 10.Bezirk, Favoriten <910>","Wien 16.Bezirk, Ottakring <916>",12
10 bis 14 Jahre,2025,"Wien 10.Bezirk, Favoriten <910>","Wien 17.Bezirk, Hernals <917>",8
10 bis 14 Jahre,2025,"Wien 10.Bezirk, Favoriten <910>","Wien 18.Bezirk, Währing <918>",3
10 bis 14 Jahre,2025,"Wien 10.Bezirk, Favoriten <910>","Wien 19.Bezirk, Döbling <919>",13
10 bis 14 Jahre,2025,"Wien 10.Bezirk, Favoriten <910>","Wien 20.Bezirk, Brigittenau <920>",13
10 bis 14 Jahre,2025,"Wien 10.Bezirk, Favoriten <910>","Wien 21.Bezirk, Floridsdorf <921>",47
10 bis 14 Jahre,2025,"Wien 10.Bezirk, Favoriten <910>","Wien 22.Bezirk, Donaustadt <922>",81
10 bis 14 Jahre,2025,"Wien 10.Bezirk, Favoriten <910>","Wien 23.Bezirk, Liesing <923>",55
10 bis 14 Jahre,2025,"Wien 11.Bezirk, Simmering <911>","Wien 1.Bezirk, Innere Stadt <901>",2
10 bis 14 Jahre,2025,"Wien 11.Bezirk, Simmering <911>","Wien 2.Bezirk, Leopoldstadt <902>",15
10 bis 14 Jahre,2025,"Wien 11.Bezirk, Simmering <911>","Wien 3.Bezirk, Landstraße <903>",40
10 bis 14 Jahre,2025,"Wien 11.Bezirk, Simmering <911>","Wien 4.Bezirk, Wieden <904>",-
10 bis 14 Jahre,2025,"Wien 11.Bezirk, Simmering <911>","Wien 5.Bezirk, Margareten <905>",6
10 bis 14 Jahre,2025,"Wien 11.Bezirk, Simmering <911>","Wien 6.Bezirk, Mariahilf <906>",5
10 bis 14 Jahre,2025,"Wien 11.Bezirk, Simmering <911>","Wien 7.Bezirk, Neubau <907>",-
10 bis 14 Jahre,2025,"Wien 11.Bezirk, Simmering <911>","Wien 8.Bezirk, Josefstadt <908>",1
10 bis 14 Jahre,2025,"Wien 11.Bezirk, Simmering <911>","Wien 9.Bezirk, Alsergrund <909>",1
10 bis 14 Jahre,2025,"Wien 11.Bezirk, Simmering <911>","Wien 10.Bezirk, Favoriten <910>",36
10 bis 14 Jahre,2025,"Wien 11.Bezirk, Simmering <911>","Wien 11.Bezirk, Simmering <911>",147
10 bis 14 Jahre,2025,"Wien 11.Bezirk, Simmering <911>","Wien 12.Bezirk, Meidling <912>",7
10 bis 14 Jahre,2025,"Wien 11.Bezirk, Simmering <911>","Wien 13.Bezirk, Hietzing <913>",1
10 bis 14 Jahre,2025,"Wien 11.Bezirk, Simmering <911>","Wien 14.Bezirk, Penzing <914>",4
10 bis 14 Jahre,2025,"Wien 11.Bezirk, Simmering <911>","Wien 15.Bezirk, Rudolfsheim-Fünfhaus <915>",6
10 bis 14 Jahre,2025,"Wien 11.Bezirk, Simmering <911>","Wien 16.Bezirk, Ottakring <916>",9
10 bis 14 Jahre,2025,"Wien 11.Bezirk, Simmering <911>","Wien 17.Bezirk, Hernals <917>",1
10 bis 14 Jahre,2025,"Wien 11.Bezirk, Simmering <911>","Wien 18.Bezirk, Währing <918>",1
10 bis 14 Jahre,2025,"Wien 11.Bezirk, Simmering <911>","Wien 19.Bezirk, Döbling <919>",5
10 bis 14 Jahre,2025,"Wien 11.Bezirk, Simmering <911>","Wien 20.Bezirk, Brigittenau <920>",5
10 bis 14 Jahre,2025,"Wien 11.Bezirk, Simmering <911>","Wien 21.Bezirk, Floridsdorf <921>",11
10 bis 14 Jahre,2025,"Wien 11.Bezirk, Simmering <911>","Wien 22.Bezirk, Donaustadt <922>",25
10 bis 14 Jahre,2025,"Wien 11.Bezirk, Simmering <911>","Wien 23.Bezirk, Liesing <923>",9
10 bis 14 Jahre,2025,"Wien 12.Bezirk, Meidling <912>","Wien 1.Bezirk, Innere Stadt <901>",2
10 bis 14 Jahre,2025,"Wien 12.Bezirk, Meidling <912>","Wien 2.Bezirk, Leopoldstadt <902>",8
10 bis 14 Jahre,2025,"Wien 12.Bezirk, Meidling <912>","Wien 3.Bezirk, Landstraße <903>",5
10 bis 14 Jahre,2025,"Wien 12.Bezirk, Meidling <912>","Wien 4.Bezirk, Wieden <904>",1
10 bis 14 Jahre,2025,"Wien 12.Bezirk, Meidling <912>","Wien 5.Bezirk, Margareten <905>",15
10 bis 14 Jahre,2025,"Wien 12.Bezirk, Meidling <912>","Wien 6.Bezirk, Mariahilf <906>",5
10 bis 14 Jahre,2025,"Wien 12.Bezirk, Meidling <912>","Wien 7.Bezirk, Neubau <907>",3
10 bis 14 Jahre,2025,"Wien 12.Bezirk, Meidling <912>","Wien 8.Bezirk, Josefstadt <908>",4
10 bis 14 Jahre,2025,"Wien 12.Bezirk, Meidling <912>","Wien 9.Bezirk, Alsergrund <909>",4
10 bis 14 Jahre,2025,"Wien 12.Bezirk, Meidling <912>","Wien 10.Bezirk, Favoriten <910>",46
10 bis 14 Jahre,2025,"Wien 12.Bezirk, Meidling <912>","Wien 11.Bezirk, Simmering <911>",3
10 bis 14 Jahre,2025,"Wien 12.Bezirk, Meidling <912>","Wien 12.Bezirk, Meidling <912>",105
10 bis 14 Jahre,2025,"Wien 12.Bezirk, Meidling <912>","Wien 13.Bezirk, Hietzing <913>",11
10 bis 14 Jahre,2025,"Wien 12.Bezirk, Meidling <912>","Wien 14.Bezirk, Penzing <914>",5
10 bis 14 Jahre,2025,"Wien 12.Bezirk, Meidling <912>","Wien 15.Bezirk, Rudolfsheim-Fünfhaus <915>",16
10 bis 14 Jahre,2025,"Wien 12.Bezirk, Meidling <912>","Wien 16.Bezirk, Ottakring <916>",14
10 bis 14 Jahre,2025,"Wien 12.Bezirk, Meidling <912>","Wien 17.Bezirk, Hernals <917>",4
10 bis 14 Jahre,2025,"Wien 12.Bezirk, Meidling <912>","Wien 18.Bezirk, Währing <918>",1
10 bis 14 Jahre,2025,"Wien 12.Bezirk, Meidling <912>","Wien 19.Bezirk, Döbling <919>",3
10 bis 14 Jahre,2025,"Wien 12.Bezirk, Meidling <912>","Wien 20.Bezirk, Brigittenau <920>",12
10 bis 14 Jahre,2025,"Wien 12.Bezirk, Meidling <912>","Wien 21.Bezirk, Floridsdorf <921>",21
10 bis 14 Jahre,2025,"Wien 12.Bezirk, Meidling <912>","Wien 22.Bezirk, Donaustadt <922>",28
10 bis 14 Jahre,2025,"Wien 12.Bezirk, Meidling <912>","Wien 23.Bezirk, Liesing <923>",50
10 bis 14 Jahre,2025,"Wien 13.Bezirk, Hietzing <913>","Wien 1.Bezirk, Innere Stadt <901>",1
10 bis 14 Jahre,2025,"Wien 13.Bezirk, Hietzing <913>","Wien 2.Bezirk, Leopoldstadt <902>",6
10 bis 14 Jahre,2025,"Wien 13.Bezirk, Hietzing <913>","Wien 3.Bezirk, Landstraße <903>",4
10 bis 14 Jahre,2025,"Wien 13.Bezirk, Hietzing <913>","Wien 4.Bezirk, Wieden <904>",1
10 bis 14 Jahre,2025,"Wien 13.Bezirk, Hietzing <913>","Wien 5.Bezirk, Margareten <905>",3
10 bis 14 Jahre,2025,"Wien 13.Bezirk, Hietzing <913>","Wien 6.Bezirk, Mariahilf <906>",4
10 bis 14 Jahre,2025,"Wien 13.Bezirk, Hietzing <913>","Wien 7.Bezirk, Neubau <907>",1
10 bis 14 Jahre,2025,"Wien 13.Bezirk, Hietzing <913>","Wien 8.Bezirk, Josefstadt <908>",3
10 bis 14 Jahre,2025,"Wien 13.Bezirk, Hietzing <913>","Wien 9.Bezirk, Alsergrund <909>",-
10 bis 14 Jahre,2025,"Wien 13.Bezirk, Hietzing <913>","Wien 10.Bezirk, Favoriten <910>",10
10 bis 14 Jahre,2025,"Wien 13.Bezirk, Hietzing <913>","Wien 11.Bezirk, Simmering <911>",3
10 bis 14 Jahre,2025,"Wien 13.Bezirk, Hietzing <913>","Wien 12.Bezirk, Meidling <912>",8
10 bis 14 Jahre,2025,"Wien 13.Bezirk, Hietzing <913>","Wien 13.Bezirk, Hietzing <913>",54
10 bis 14 Jahre,2025,"Wien 13.Bezirk, Hietzing <913>","Wien 14.Bezirk, Penzing <914>",18
10 bis 14 Jahre,2025,"Wien 13.Bezirk, Hietzing <913>","Wien 15.Bezirk, Rudolfsheim-Fünfhaus <915>",5
10 bis 14 Jahre,2025,"Wien 13.Bezirk, Hietzing <913>","Wien 16.Bezirk, Ottakring <916>",7
10 bis 14 Jahre,2025,"Wien 13.Bezirk, Hietzing <913>","Wien 17.Bezirk, Hernals <917>",-
10 bis 14 Jahre,2025,"Wien 13.Bezirk, Hietzing <913>","Wien 18.Bezirk, Währing <918>",4
10 bis 14 Jahre,2025,"Wien 13.Bezirk, Hietzing <913>","Wien 19.Bezirk, Döbling <919>",4
10 bis 14 Jahre,2025,"Wien 13.Bezirk, Hietzing <913>","Wien 20.Bezirk, Brigittenau <920>",-
10 bis 14 Jahre,2025,"Wien 13.Bezirk, Hietzing <913>","Wien 21.Bezirk, Floridsdorf <921>",7
10 bis 14 Jahre,2025,"Wien 13.Bezirk, Hietzing <913>","Wien 22.Bezirk, Donaustadt <922>",3
10 bis 14 Jahre,2025,"Wien 13.Bezirk, Hietzing <913>","Wien 23.Bezirk, Liesing <923>",23
10 bis 14 Jahre,2025,"Wien 14.Bezirk, Penzing <914>","Wien 1.Bezirk, Innere Stadt <901>",-
10 bis 14 Jahre,2025,"Wien 14.Bezirk, Penzing <914>","Wien 2.Bezirk, Leopoldstadt <902>",5
10 bis 14 Jahre,2025,"Wien 14.Bezirk, Penzing <914>","Wien 3.Bezirk, Landstraße <903>",6
10 bis 14 Jahre,2025,"Wien 14.Bezirk, Penzing <914>","Wien 4.Bezirk, Wieden <904>",-
10 bis 14 Jahre,2025,"Wien 14.Bezirk, Penzing <914>","Wien 5.Bezirk, Margareten <905>",4
10 bis 14 Jahre,2025,"Wien 14.Bezirk, Penzing <914>","Wien 6.Bezirk, Mariahilf <906>",7
10 bis 14 Jahre,2025,"Wien 14.Bezirk, Penzing <914>","Wien 7.Bezirk, Neubau <907>",-
10 bis 14 Jahre,2025,"Wien 14.Bezirk, Penzing <914>","Wien 8.Bezirk, Josefstadt <908>",1
10 bis 14 Jahre,2025,"Wien 14.Bezirk, Penzing <914>","Wien 9.Bezirk, Alsergrund <909>",2
10 bis 14 Jahre,2025,"Wien 14.Bezirk, Penzing <914>","Wien 10.Bezirk, Favoriten <910>",16
10 bis 14 Jahre,2025,"Wien 14.Bezirk, Penzing <914>","Wien 11.Bezirk, Simmering <911>",5
10 bis 14 Jahre,2025,"Wien 14.Bezirk, Penzing <914>","Wien 12.Bezirk, Meidling <912>",13
10 bis 14 Jahre,2025,"Wien 14.Bezirk, Penzing <914>","Wien 13.Bezirk, Hietzing <913>",16
10 bis 14 Jahre,2025,"Wien 14.Bezirk, Penzing <914>","Wien 14.Bezirk, Penzing <914>",102
10 bis 14 Jahre,2025,"Wien 14.Bezirk, Penzing <914>","Wien 15.Bezirk, Rudolfsheim-Fünfhaus <915>",18
10 bis 14 Jahre,2025,"Wien 14.Bezirk, Penzing <914>","Wien 16.Bezirk, Ottakring <916>",27
10 bis 14 Jahre,2025,"Wien 14.Bezirk, Penzing <914>","Wien 17.Bezirk, Hernals <917>",5
10 bis 14 Jahre,2025,"Wien 14.Bezirk, Penzing <914>","Wien 18.Bezirk, Währing <918>",6
10 bis 14 Jahre,2025,"Wien 14.Bezirk, Penzing <914>","Wien 19.Bezirk, Döbling <919>",5
10 bis 14 Jahre,2025,"Wien 14.Bezirk, Penzing <914>","Wien 20.Bezirk, Brigittenau <920>",5
10 bis 14 Jahre,2025,"Wien 14.Bezirk, Penzing <914>","Wien 21.Bezirk, Floridsdorf <921>",10
10 bis 14 Jahre,2025,"Wien 14.Bezirk, Penzing <914>","Wien 22.Bezirk, Donaustadt <922>",16
10 bis 14 Jahre,2025,"Wien 14.Bezirk, Penzing <914>","Wien 23.Bezirk, Liesing <923>",9
10 bis 14 Jahre,2025,"Wien 15.Bezirk, Rudolfsheim-Fünfhaus <915>","Wien 1.Bezirk, Innere Stadt <901>",-
10 bis 14 Jahre,2025,"Wien 15.Bezirk, Rudolfsheim-Fünfhaus <915>","Wien 2.Bezirk, Leopoldstadt <902>",6
10 bis 14 Jahre,2025,"Wien 15.Bezirk, Rudolfsheim-Fünfhaus <915>","Wien 3.Bezirk, Landstraße <903>",10
10 bis 14 Jahre,2025,"Wien 15.Bezirk, Rudolfsheim-Fünfhaus <915>","Wien 4.Bezirk, Wieden <904>",-
10 bis 14 Jahre,2025,"Wien 15.Bezirk, Rudolfsheim-Fünfhaus <915>","Wien 5.Bezirk, Margareten <905>",1
10 bis 14 Jahre,2025,"Wien 15.Bezirk, Rudolfsheim-Fünfhaus <915>","Wien 6.Bezirk, Mariahilf <906>",6
10 bis 14 Jahre,2025,"Wien 15.Bezirk, Rudolfsheim-Fünfhaus <915>","Wien 7.Bezirk, Neubau <907>",11
10 bis 14 Jahre,2025,"Wien 15.Bezirk, Rudolfsheim-Fünfhaus <915>","Wien 8.Bezirk, Josefstadt <908>",-
10 bis 14 Jahre,2025,"Wien 15.Bezirk, Rudolfsheim-Fünfhaus <915>","Wien 9.Bezirk, Alsergrund <909>",6
10 bis 14 Jahre,2025,"Wien 15.Bezirk, Rudolfsheim-Fünfhaus <915>","Wien 10.Bezirk, Favoriten <910>",25
10 bis 14 Jahre,2025,"Wien 15.Bezirk, Rudolfsheim-Fünfhaus <915>","Wien 11.Bezirk, Simmering <911>",6
10 bis 14 Jahre,2025,"Wien 15.Bezirk, Rudolfsheim-Fünfhaus <915>","Wien 12.Bezirk, Meidling <912>",16
10 bis 14 Jahre,2025,"Wien 15.Bezirk, Rudolfsheim-Fünfhaus <915>","Wien 13.Bezirk, Hietzing <913>",9
10 bis 14 Jahre,2025,"Wien 15.Bezirk, Rudolfsheim-Fünfhaus <915>","Wien 14.Bezirk, Penzing <914>",38
10 bis 14 Jahre,2025,"Wien 15.Bezirk, Rudolfsheim-Fünfhaus <915>","Wien 15.Bezirk, Rudolfsheim-Fünfhaus <915>",36
10 bis 14 Jahre,2025,"Wien 15.Bezirk, Rudolfsheim-Fünfhaus <915>","Wien 16.Bezirk, Ottakring <916>",16
10 bis 14 Jahre,2025,"Wien 15.Bezirk, Rudolfsheim-Fünfhaus <915>","Wien 17.Bezirk, Hernals <917>",4
10 bis 14 Jahre,2025,"Wien 15.Bezirk, Rudolfsheim-Fünfhaus <915>","Wien 18.Bezirk, Währing <918>",3
10 bis 14 Jahre,2025,"Wien 15.Bezirk, Rudolfsheim-Fünfhaus <915>","Wien 19.Bezirk, Döbling <919>",6
10 bis 14 Jahre,2025,"Wien 15.Bezirk, Rudolfsheim-Fünfhaus <915>","Wien 20.Bezirk, Brigittenau <920>",5
10 bis 14 Jahre,2025,"Wien 15.Bezirk, Rudolfsheim-Fünfhaus <915>","Wien 21.Bezirk, Floridsdorf <921>",14
10 bis 14 Jahre,2025,"Wien 15.Bezirk, Rudolfsheim-Fünfhaus <915>","Wien 22.Bezirk, Donaustadt <922>",29
10 bis 14 Jahre,2025,"Wien 15.Bezirk, Rudolfsheim-Fünfhaus <915>","Wien 23.Bezirk, Liesing <923>",15
10 bis 14 Jahre,2025,"Wien 16.Bezirk, Ottakring <916>","Wien 1.Bezirk, Innere Stadt <901>",-
10 bis 14 Jahre,2025,"Wien 16.Bezirk, Ottakring <916>","Wien 2.Bezirk, Leopoldstadt <902>",11
10 bis 14 Jahre,2025,"Wien 16.Bezirk, Ottakring <916>","Wien 3.Bezirk, Landstraße <903>",6
10 bis 14 Jahre,2025,"Wien 16.Bezirk, Ottakring <916>","Wien 4.Bezirk, Wieden <904>",1
10 bis 14 Jahre,2025,"Wien 16.Bezirk, Ottakring <916>","Wien 5.Bezirk, Margareten <905>",11
10 bis 14 Jahre,2025,"Wien 16.Bezirk, Ottakring <916>","Wien 6.Bezirk, Mariahilf <906>",3
10 bis 14 Jahre,2025,"Wien 16.Bezirk, Ottakring <916>","Wien 7.Bezirk, Neubau <907>",8
10 bis 14 Jahre,2025,"Wien 16.Bezirk, Ottakring <916>","Wien 8.Bezirk, Josefstadt <908>",-
10 bis 14 Jahre,2025,"Wien 16.Bezirk, Ottakring <916>","Wien 9.Bezirk, Alsergrund <909>",7
10 bis 14 Jahre,2025,"Wien 16.Bezirk, Ottakring <916>","Wien 10.Bezirk, Favoriten <910>",37
10 bis 14 Jahre,2025,"Wien 16.Bezirk, Ottakring <916>","Wien 11.Bezirk, Simmering <911>",9
10 bis 14 Jahre,2025,"Wien 16.Bezirk, Ottakring <916>","Wien 12.Bezirk, Meidling <912>",10
10 bis 14 Jahre,2025,"Wien 16.Bezirk, Ottakring <916>","Wien 13.Bezirk, Hietzing <913>",5
10 bis 14 Jahre,2025,"Wien 16.Bezirk, Ottakring <916>","Wien 14.Bezirk, Penzing <914>",29
10 bis 14 Jahre,2025,"Wien 16.Bezirk, Ottakring <916>","Wien 15.Bezirk, Rudolfsheim-Fünfhaus <915>",16
10 bis 14 Jahre,2025,"Wien 16.Bezirk, Ottakring <916>","Wien 16.Bezirk, Ottakring <916>",110
10 bis 14 Jahre,2025,"Wien 16.Bezirk, Ottakring <916>","Wien 17.Bezirk, Hernals <917>",35
10 bis 14 Jahre,2025,"Wien 16.Bezirk, Ottakring <916>","Wien 18.Bezirk, Währing <918>",11
10 bis 14 Jahre,2025,"Wien 16.Bezirk, Ottakring <916>","Wien 19.Bezirk, Döbling <919>",12
10 bis 14 Jahre,2025,"Wien 16.Bezirk, Ottakring <916>","Wien 20.Bezirk, Brigittenau <920>",21
10 bis 14 Jahre,2025,"Wien 16.Bezirk, Ottakring <916>","Wien 21.Bezirk, Floridsdorf <921>",29
10 bis 14 Jahre,2025,"Wien 16.Bezirk, Ottakring <916>","Wien 22.Bezirk, Donaustadt <922>",24
10 bis 14 Jahre,2025,"Wien 16.Bezirk, Ottakring <916>","Wien 23.Bezirk, Liesing <923>",6
10 bis 14 Jahre,2025,"Wien 17.Bezirk, Hernals <917>","Wien 1.Bezirk, Innere Stadt <901>",1
10 bis 14 Jahre,2025,"Wien 17.Bezirk, Hernals <917>","Wien 2.Bezirk, Leopoldstadt <902>",3
10 bis 14 Jahre,2025,"Wien 17.Bezirk, Hernals <917>","Wien 3.Bezirk, Landstraße <903>",1
10 bis 14 Jahre,2025,"Wien 17.Bezirk, Hernals <917>","Wien 4.Bezirk, Wieden <904>",5
10 bis 14 Jahre,2025,"Wien 17.Bezirk, Hernals <917>","Wien 5.Bezirk, Margareten <905>",4
10 bis 14 Jahre,2025,"Wien 17.Bezirk, Hernals <917>","Wien 6.Bezirk, Mariahilf <906>",1
10 bis 14 Jahre,2025,"Wien 17.Bezirk, Hernals <917>","Wien 7.Bezirk, Neubau <907>",3
10 bis 14 Jahre,2025,"Wien 17.Bezirk, Hernals <917>","Wien 8.Bezirk, Josefstadt <908>",1
10 bis 14 Jahre,2025,"Wien 17.Bezirk, Hernals <917>","Wien 9.Bezirk, Alsergrund <909>",5
10 bis 14 Jahre,2025,"Wien 17.Bezirk, Hernals <917>","Wien 10.Bezirk, Favoriten <910>",10
10 bis 14 Jahre,2025,"Wien 17.Bezirk, Hernals <917>","Wien 11.Bezirk, Simmering <911>",7
10 bis 14 Jahre,2025,"Wien 17.Bezirk, Hernals <917>","Wien 12.Bezirk, Meidling <912>",13
10 bis 14 Jahre,2025,"Wien 17.Bezirk, Hernals <917>","Wien 13.Bezirk, Hietzing <913>",2
10 bis 14 Jahre,2025,"Wien 17.Bezirk, Hernals <917>","Wien 14.Bezirk, Penzing <914>",10
10 bis 14 Jahre,2025,"Wien 17.Bezirk, Hernals <917>","Wien 15.Bezirk, Rudolfsheim-Fünfhaus <915>",8
10 bis 14 Jahre,2025,"Wien 17.Bezirk, Hernals <917>","Wien 16.Bezirk, Ottakring <916>",32
10 bis 14 Jahre,2025,"Wien 17.Bezirk, Hernals <917>","Wien 17.Bezirk, Hernals <917>",55
10 bis 14 Jahre,2025,"Wien 17.Bezirk, Hernals <917>","Wien 18.Bezirk, Währing <918>",5
10 bis 14 Jahre,2025,"Wien 17.Bezirk, Hernals <917>","Wien 19.Bezirk, Döbling <919>",8
10 bis 14 Jahre,2025,"Wien 17.Bezirk, Hernals <917>","Wien 20.Bezirk, Brigittenau <920>",1
10 bis 14 Jahre,2025,"Wien 17.Bezirk, Hernals <917>","Wien 21.Bezirk, Floridsdorf <921>",12
10 bis 14 Jahre,2025,"Wien 17.Bezirk, Hernals <917>","Wien 22.Bezirk, Donaustadt <922>",9
10 bis 14 Jahre,2025,"Wien 17.Bezirk, Hernals <917>","Wien 23.Bezirk, Liesing <923>",3
10 bis 14 Jahre,2025,"Wien 18.Bezirk, Währing <918>","Wien 1.Bezirk, Innere Stadt <901>",2
10 bis 14 Jahre,2025,"Wien 18.Bezirk, Währing <918>","Wien 2.Bezirk, Leopoldstadt <902>",2
10 bis 14 Jahre,2025,"Wien 18.Bezirk, Währing <918>","Wien 3.Bezirk, Landstraße <903>",3
10 bis 14 Jahre,2025,"Wien 18.Bezirk, Währing <918>","Wien 4.Bezirk, Wieden <904>",1
10 bis 14 Jahre,2025,"Wien 18.Bezirk, Währing <918>","Wien 5.Bezirk, Margareten <905>",1
10 bis 14 Jahre,2025,"Wien 18.Bezirk, Währing <918>","Wien 6.Bezirk, Mariahilf <906>",2
10 bis 14 Jahre,2025,"Wien 18.Bezirk, Währing <918>","Wien 7.Bezirk, Neubau <907>",-
10 bis 14 Jahre,2025,"Wien 18.Bezirk, Währing <918>","Wien 8.Bezirk, Josefstadt <908>",1
10 bis 14 Jahre,2025,"Wien 18.Bezirk, Währing <918>","Wien 9.Bezirk, Alsergrund <909>",2
10 bis 14 Jahre,2025,"Wien 18.Bezirk, Währing <918>","Wien 10.Bezirk, Favoriten <910>",3
10 bis 14 Jahre,2025,"Wien 18.Bezirk, Währing <918>","Wien 11.Bezirk, Simmering <911>",-
10 bis 14 Jahre,2025,"Wien 18.Bezirk, Währing <918>","Wien 12.Bezirk, Meidling <912>",3
10 bis 14 Jahre,2025,"Wien 18.Bezirk, Währing <918>","Wien 13.Bezirk, Hietzing <913>",3
10 bis 14 Jahre,2025,"Wien 18.Bezirk, Währing <918>","Wien 14.Bezirk, Penzing <914>",5
10 bis 14 Jahre,2025,"Wien 18.Bezirk, Währing <918>","Wien 15.Bezirk, Rudolfsheim-Fünfhaus <915>",2
10 bis 14 Jahre,2025,"Wien 18.Bezirk, Währing <918>","Wien 16.Bezirk, Ottakring <916>",6
10 bis 14 Jahre,2025,"Wien 18.Bezirk, Währing <918>","Wien 17.Bezirk, Hernals <917>",21
10 bis 14 Jahre,2025,"Wien 18.Bezirk, Währing <918>","Wien 18.Bezirk, Währing <918>",59
10 bis 14 Jahre,2025,"Wien 18.Bezirk, Währing <918>","Wien 19.Bezirk, Döbling <919>",30
10 bis 14 Jahre,2025,"Wien 18.Bezirk, Währing <918>","Wien 20.Bezirk, Brigittenau <920>",7
10 bis 14 Jahre,2025,"Wien 18.Bezirk, Währing <918>","Wien 21.Bezirk, Floridsdorf <921>",11
10 bis 14 Jahre,2025,"Wien 18.Bezirk, Währing <918>","Wien 22.Bezirk, Donaustadt <922>",4
10 bis 14 Jahre,2025,"Wien 18.Bezirk, Währing <918>","Wien 23.Bezirk, Liesing <923>",8
10 bis 14 Jahre,2025,"Wien 19.Bezirk, Döbling <919>","Wien 1.Bezirk, Innere Stadt <901>",3
10 bis 14 Jahre,2025,"Wien 19.Bezirk, Döbling <919>","Wien 2.Bezirk, Leopoldstadt <902>",2
10 bis 14 Jahre,2025,"Wien 19.Bezirk, Döbling <919>","Wien 3.Bezirk, Landstraße <903>",10
10 bis 14 Jahre,2025,"Wien 19.Bezirk, Döbling <919>","Wien 4.Bezirk, Wieden <904>",2
10 bis 14 Jahre,2025,"Wien 19.Bezirk, Döbling <919>","Wien 5.Bezirk, Margareten <905>",3
10 bis 14 Jahre,2025,"Wien 19.Bezirk, Döbling <919>","Wien 6.Bezirk, Mariahilf <906>",1
10 bis 14 Jahre,2025,"Wien 19.Bezirk, Döbling <919>","Wien 7.Bezirk, Neubau <907>",3
10 bis 14 Jahre,2025,"Wien 19.Bezirk, Döbling <919>","Wien 8.Bezirk, Josefstadt <908>",-
10 bis 14 Jahre,2025,"Wien 19.Bezirk, Döbling <919>","Wien 9.Bezirk, Alsergrund <909>",9
10 bis 14 Jahre,2025,"Wien 19.Bezirk, Döbling <919>","Wien 10.Bezirk, Favoriten <910>",18
10 bis 14 Jahre,2025,"Wien 19.Bezirk, Döbling <919>","Wien 11.Bezirk, Simmering <911>",6
10 bis 14 Jahre,2025,"Wien 19.Bezirk, Döbling <919>","Wien 12.Bezirk, Meidling <912>",5
10 bis 14 Jahre,2025,"Wien 19.Bezirk, Döbling <919>","Wien 13.Bezirk, Hietzing <913>",4
10 bis 14 Jahre,2025,"Wien 19.Bezirk, Döbling <919>","Wien 14.Bezirk, Penzing <914>",9
10 bis 14 Jahre,2025,"Wien 19.Bezirk, Döbling <919>","Wien 15.Bezirk, Rudolfsheim-Fünfhaus <915>",9
10 bis 14 Jahre,2025,"Wien 19.Bezirk, Döbling <919>","Wien 16.Bezirk, Ottakring <916>",12
10 bis 14 Jahre,2025,"Wien 19.Bezirk, Döbling <919>","Wien 17.Bezirk, Hernals <917>",10
10 bis 14 Jahre,2025,"Wien 19.Bezirk, Döbling <919>","Wien 18.Bezirk, Währing <918>",13
10 bis 14 Jahre,2025,"Wien 19.Bezirk, Döbling <919>","Wien 19.Bezirk, Döbling <919>",120
10 bis 14 Jahre,2025,"Wien 19.Bezirk, Döbling <919>","Wien 20.Bezirk, Brigittenau <920>",13
10 bis 14 Jahre,2025,"Wien 19.Bezirk, Döbling <919>","Wien 21.Bezirk, Floridsdorf <921>",16
10 bis 14 Jahre,2025,"Wien 19.Bezirk, Döbling <919>","Wien 22.Bezirk, Donaustadt <922>",15
10 bis 14 Jahre,2025,"Wien 19.Bezirk, Döbling <919>","Wien 23.Bezirk, Liesing <923>",2
10 bis 14 Jahre,2025,"Wien 20.Bezirk, Brigittenau <920>","Wien 1.Bezirk, Innere Stadt <901>",1
10 bis 14 Jahre,2025,"Wien 20.Bezirk, Brigittenau <920>","Wien 2.Bezirk, Leopoldstadt <902>",33
10 bis 14 Jahre,2025,"Wien 20.Bezirk, Brigittenau <920>","Wien 3.Bezirk, Landstraße <903>",8
10 bis 14 Jahre,2025,"Wien 20.Bezirk, Brigittenau <920>","Wien 4.Bezirk, Wieden <904>",3
10 bis 14 Jahre,2025,"Wien 20.Bezirk, Brigittenau <920>","Wien 5.Bezirk, Margareten <905>",1
10 bis 14 Jahre,2025,"Wien 20.Bezirk, Brigittenau <920>","Wien 6.Bezirk, Mariahilf <906>",3
10 bis 14 Jahre,2025,"Wien 20.Bezirk, Brigittenau <920>","Wien 7.Bezirk, Neubau <907>",2
10 bis 14 Jahre,2025,"Wien 20.Bezirk, Brigittenau <920>","Wien 8.Bezirk, Josefstadt <908>",2
10 bis 14 Jahre,2025,"Wien 20.Bezirk, Brigittenau <920>","Wien 9.Bezirk, Alsergrund <909>",5
10 bis 14 Jahre,2025,"Wien 20.Bezirk, Brigittenau <920>","Wien 10.Bezirk, Favoriten <910>",14
10 bis 14 Jahre,2025,"Wien 20.Bezirk, Brigittenau <920>","Wien 11.Bezirk, Simmering <911>",6
10 bis 14 Jahre,2025,"Wien 20.Bezirk, Brigittenau <920>","Wien 12.Bezirk, Meidling <912>",10
10 bis 14 Jahre,2025,"Wien 20.Bezirk, Brigittenau <920>","Wien 13.Bezirk, Hietzing <913>",3
10 bis 14 Jahre,2025,"Wien 20.Bezirk, Brigittenau <920>","Wien 14.Bezirk, Penzing <914>",11
10 bis 14 Jahre,2025,"Wien 20.Bezirk, Brigittenau <920>","Wien 15.Bezirk, Rudolfsheim-Fünfhaus <915>",7
10 bis 14 Jahre,2025,"Wien 20.Bezirk, Brigittenau <920>","Wien 16.Bezirk, Ottakring <916>",4
10 bis 14 Jahre,2025,"Wien 20.Bezirk, Brigittenau <920>","Wien 17.Bezirk, Hernals <917>",4
10 bis 14 Jahre,2025,"Wien 20.Bezirk, Brigittenau <920>","Wien 18.Bezirk, Währing <918>",4
10 bis 14 Jahre,2025,"Wien 20.Bezirk, Brigittenau <920>","Wien 19.Bezirk, Döbling <919>",16
10 bis 14 Jahre,2025,"Wien 20.Bezirk, Brigittenau <920>","Wien 20.Bezirk, Brigittenau <920>",121
10 bis 14 Jahre,2025,"Wien 20.Bezirk, Brigittenau <920>","Wien 21.Bezirk, Floridsdorf <921>",60
10 bis 14 Jahre,2025,"Wien 20.Bezirk, Brigittenau <920>","Wien 22.Bezirk, Donaustadt <922>",47
10 bis 14 Jahre,2025,"Wien 20.Bezirk, Brigittenau <920>","Wien 23.Bezirk, Liesing <923>",6
10 bis 14 Jahre,2025,"Wien 21.Bezirk, Floridsdorf <921>","Wien 1.Bezirk, Innere Stadt <901>",2
10 bis 14 Jahre,2025,"Wien 21.Bezirk, Floridsdorf <921>","Wien 2.Bezirk, Leopoldstadt <902>",23
10 bis 14 Jahre,2025,"Wien 21.Bezirk, Floridsdorf <921>","Wien 3.Bezirk, Landstraße <903>",4
10 bis 14 Jahre,2025,"Wien 21.Bezirk, Floridsdorf <921>","Wien 4.Bezirk, Wieden <904>",1
10 bis 14 Jahre,2025,"Wien 21.Bezirk, Floridsdorf <921>","Wien 5.Bezirk, Margareten <905>",3
10 bis 14 Jahre,2025,"Wien 21.Bezirk, Floridsdorf <921>","Wien 6.Bezirk, Mariahilf <906>",2
10 bis 14 Jahre,2025,"Wien 21.Bezirk, Floridsdorf <921>","Wien 7.Bezirk, Neubau <907>",3
10 bis 14 Jahre,2025,"Wien 21.Bezirk, Floridsdorf <921>","Wien 8.Bezirk, Josefstadt <908>",-
10 bis 14 Jahre,2025,"Wien 21.Bezirk, Floridsdorf <921>","Wien 9.Bezirk, Alsergrund <909>",5
10 bis 14 Jahre,2025,"Wien 21.Bezirk, Floridsdorf <921>","Wien 10.Bezirk, Favoriten <910>",21
10 bis 14 Jahre,2025,"Wien 21.Bezirk, Floridsdorf <921>","Wien 11.Bezirk, Simmering <911>",5
10 bis 14 Jahre,2025,"Wien 21.Bezirk, Floridsdorf <921>","Wien 12.Bezirk, Meidling <912>",8
10 bis 14 Jahre,2025,"Wien 21.Bezirk, Floridsdorf <921>","Wien 13.Bezirk, Hietzing <913>",5
10 bis 14 Jahre,2025,"Wien 21.Bezirk, Floridsdorf <921>","Wien 14.Bezirk, Penzing <914>",10
10 bis 14 Jahre,2025,"Wien 21.Bezirk, Floridsdorf <921>","Wien 15.Bezirk, Rudolfsheim-Fünfhaus <915>",6
10 bis 14 Jahre,2025,"Wien 21.Bezirk, Floridsdorf <921>","Wien 16.Bezirk, Ottakring <916>",10
10 bis 14 Jahre,2025,"Wien 21.Bezirk, Floridsdorf <921>","Wien 17.Bezirk, Hernals <917>",6
10 bis 14 Jahre,2025,"Wien 21.Bezirk, Floridsdorf <921>","Wien 18.Bezirk, Währing <918>",3
10 bis 14 Jahre,2025,"Wien 21.Bezirk, Floridsdorf <921>","Wien 19.Bezirk, Döbling <919>",18
10 bis 14 Jahre,2025,"Wien 21.Bezirk, Floridsdorf <921>","Wien 20.Bezirk, Brigittenau <920>",37
10 bis 14 Jahre,2025,"Wien 21.Bezirk, Floridsdorf <921>","Wien 21.Bezirk, Floridsdorf <921>",322
10 bis 14 Jahre,2025,"Wien 21.Bezirk, Floridsdorf <921>","Wien 22.Bezirk, Donaustadt <922>",98
10 bis 14 Jahre,2025,"Wien 21.Bezirk, Floridsdorf <921>","Wien 23.Bezirk, Liesing <923>",19
10 bis 14 Jahre,2025,"Wien 22.Bezirk, Donaustadt <922>","Wien 1.Bezirk, Innere Stadt <901>",-
10 bis 14 Jahre,2025,"Wien 22.Bezirk, Donaustadt <922>","Wien 2.Bezirk, Leopoldstadt <902>",22
10 bis 14 Jahre,2025,"Wien 22.Bezirk, Donaustadt <922>","Wien 3.Bezirk, Landstraße <903>",17
10 bis 14 Jahre,2025,"Wien 22.Bezirk, Donaustadt <922>","Wien 4.Bezirk, Wieden <904>",4
10 bis 14 Jahre,2025,"Wien 22.Bezirk, Donaustadt <922>","Wien 5.Bezirk, Margareten <905>",3
10 bis 14 Jahre,2025,"Wien 22.Bezirk, Donaustadt <922>","Wien 6.Bezirk, Mariahilf <906>",2
10 bis 14 Jahre,2025,"Wien 22.Bezirk, Donaustadt <922>","Wien 7.Bezirk, Neubau <907>",-
10 bis 14 Jahre,2025,"Wien 22.Bezirk, Donaustadt <922>","Wien 8.Bezirk, Josefstadt <908>",4
10 bis 14 Jahre,2025,"Wien 22.Bezirk, Donaustadt <922>","Wien 9.Bezirk, Alsergrund <909>",3
10 bis 14 Jahre,2025,"Wien 22.Bezirk, Donaustadt <922>","Wien 10.Bezirk, Favoriten <910>",29
10 bis 14 Jahre,2025,"Wien 22.Bezirk, Donaustadt <922>","Wien 11.Bezirk, Simmering <911>",13
10 bis 14 Jahre,2025,"Wien 22.Bezirk, Donaustadt <922>","Wien 12.Bezirk, Meidling <912>",6
10 bis 14 Jahre,2025,"Wien 22.Bezirk, Donaustadt <922>","Wien 13.Bezirk, Hietzing <913>",1
10 bis 14 Jahre,2025,"Wien 22.Bezirk, Donaustadt <922>","Wien 14.Bezirk, Penzing <914>",2
10 bis 14 Jahre,2025,"Wien 22.Bezirk, Donaustadt <922>","Wien 15.Bezirk, Rudolfsheim-Fünfhaus <915>",4
10 bis 14 Jahre,2025,"Wien 22.Bezirk, Donaustadt <922>","Wien 16.Bezirk, Ottakring <916>",8
10 bis 14 Jahre,2025,"Wien 22.Bezirk, Donaustadt <922>","Wien 17.Bezirk, Hernals <917>",2
10 bis 14 Jahre,2025,"Wien 22.Bezirk, Donaustadt <922>","Wien 18.Bezirk, Währing <918>",6
10 bis 14 Jahre,2025,"Wien 22.Bezirk, Donaustadt <922>","Wien 19.Bezirk, Döbling <919>",7
10 bis 14 Jahre,2025,"Wien 22.Bezirk, Donaustadt <922>","Wien 20.Bezirk, Brigittenau <920>",15
10 bis 14 Jahre,2025,"Wien 22.Bezirk, Donaustadt <922>","Wien 21.Bezirk, Floridsdorf <921>",57
10 bis 14 Jahre,2025,"Wien 22.Bezirk, Donaustadt <922>","Wien 22.Bezirk, Donaustadt <922>",409
10 bis 14 Jahre,2025,"Wien 22.Bezirk, Donaustadt <922>","Wien 23.Bezirk, Liesing <923>",7
10 bis 14 Jahre,2025,"Wien 23.Bezirk, Liesing <923>","Wien 1.Bezirk, Innere Stadt <901>",-
10 bis 14 Jahre,2025,"Wien 23.Bezirk, Liesing <923>","Wien 2.Bezirk, Leopoldstadt <902>",3
10 bis 14 Jahre,2025,"Wien 23.Bezirk, Liesing <923>","Wien 3.Bezirk, Landstraße <903>",2
10 bis 14 Jahre,2025,"Wien 23.Bezirk, Liesing <923>","Wien 4.Bezirk, Wieden <904>",-
10 bis 14 Jahre,2025,"Wien 23.Bezirk, Liesing <923>","Wien 5.Bezirk, Margareten <905>",3
10 bis 14 Jahre,2025,"Wien 23.Bezirk, Liesing <923>","Wien 6.Bezirk, Mariahilf <906>",1
10 bis 14 Jahre,2025,"Wien 23.Bezirk, Liesing <923>","Wien 7.Bezirk, Neubau <907>",1
10 bis 14 Jahre,2025,"Wien 23.Bezirk, Liesing <923>","Wien 8.Bezirk, Josefstadt <908>",-
10 bis 14 Jahre,2025,"Wien 23.Bezirk, Liesing <923>","Wien 9.Bezirk, Alsergrund <909>",1
10 bis 14 Jahre,2025,"Wien 23.Bezirk, Liesing <923>","Wien 10.Bezirk, Favoriten <910>",27
10 bis 14 Jahre,2025,"Wien 23.Bezirk, Liesing <923>","Wien 11.Bezirk, Simmering <911>",2
10 bis 14 Jahre,2025,"Wien 23.Bezirk, Liesing <923>","Wien 12.Bezirk, Meidling <912>",18
10 bis 14 Jahre,2025,"Wien 23.Bezirk, Liesing <923>","Wien 13.Bezirk, Hietzing <913>",13
10 bis 14 Jahre,2025,"Wien 23.Bezirk, Liesing <923>","Wien 14.Bezirk, Penzing <914>",7
10 bis 14 Jahre,2025,"Wien 23.Bezirk, Liesing <923>","Wien 15.Bezirk, Rudolfsheim-Fünfhaus <915>",3
10 bis 14 Jahre,2025,"Wien 23.Bezirk, Liesing <923>","Wien 16.Bezirk, Ottakring <916>",3
10 bis 14 Jahre,2025,"Wien 23.Bezirk, Liesing <923>","Wien 17.Bezirk, Hernals <917>",3
10 bis 14 Jahre,2025,"Wien 23.Bezirk, Liesing <923>","Wien 18.Bezirk, Währing <918>",-
10 bis 14 Jahre,2025,"Wien 23.Bezirk, Liesing <923>","Wien 19.Bezirk, Döbling <919>",2
10 bis 14 Jahre,2025,"Wien 23.Bezirk, Liesing <923>","Wien 20.Bezirk, Brigittenau <920>",6
10 bis 14 Jahre,2025,"Wien 23.Bezirk, Liesing <923>","Wien 21.Bezirk, Floridsdorf <921>",11
10 bis 14 Jahre,2025,"Wien 23.Bezirk, Liesing <923>","Wien 22.Bezirk, Donaustadt <922>",19
10 bis 14 Jahre,2025,"Wien 23.Bezirk, Liesing <923>","Wien 23.Bezirk, Liesing <923>",165
15 bis 19 Jahre,2025,"Wien 1.Bezirk, Innere Stadt <901>","Wien 1.Bezirk, Innere Stadt <901>",25
15 bis 19 Jahre,2025,"Wien 1.Bezirk, Innere Stadt <901>","Wien 2.Bezirk, Leopoldstadt <902>",11
15 bis 19 Jahre,2025,"Wien 1.Bezirk, Innere Stadt <901>","Wien 3.Bezirk, Landstraße <903>",6
15 bis 19 Jahre,2025,"Wien 1.Bezirk, Innere Stadt <901>","Wien 4.Bezirk, Wieden <904>",1
15 bis 19 Jahre,2025,"Wien 1.Bezirk, Innere Stadt <901>","Wien 5.Bezirk, Margareten <905>",1
15 bis 19 Jahre,2025,"Wien 1.Bezirk, Innere Stadt <901>","Wien 6.Bezirk, Mariahilf <906>",1
15 bis 19 Jahre,2025,"Wien 1.Bezirk, Innere Stadt <901>","Wien 7.Bezirk, Neubau <907>",1
15 bis 19 Jahre,2025,"Wien 1.Bezirk, Innere Stadt <901>","Wien 8.Bezirk, Josefstadt <908>",2
15 bis 19 Jahre,2025,"Wien 1.Bezirk, Innere Stadt <901>","Wien 9.Bezirk, Alsergrund <909>",2
15 bis 19 Jahre,2025,"Wien 1.Bezirk, Innere Stadt <901>","Wien 10.Bezirk, Favoriten <910>",6
15 bis 19 Jahre,2025,"Wien 1.Bezirk, Innere Stadt <901>","Wien 11.Bezirk, Simmering <911>",1
15 bis 19 Jahre,2025,"Wien 1.Bezirk, Innere Stadt <901>","Wien 12.Bezirk, Meidling <912>",1
15 bis 19 Jahre,2025,"Wien 1.Bezirk, Innere Stadt <901>","Wien 13.Bezirk, Hietzing <913>",4
15 bis 19 Jahre,2025,"Wien 1.Bezirk, Innere Stadt <901>","Wien 14.Bezirk, Penzing <914>",9
15 bis 19 Jahre,2025,"Wien 1.Bezirk, Innere Stadt <901>","Wien 15.Bezirk, Rudolfsheim-Fünfhaus <915>",3
15 bis 19 Jahre,2025,"Wien 1.Bezirk, Innere Stadt <901>","Wien 16.Bezirk, Ottakring <916>",11
15 bis 19 Jahre,2025,"Wien 1.Bezirk, Innere Stadt <901>","Wien 17.Bezirk, Hernals <917>",4
15 bis 19 Jahre,2025,"Wien 1.Bezirk, Innere Stadt <901>","Wien 18.Bezirk, Währing <918>",2
15 bis 19 Jahre,2025,"Wien 1.Bezirk, Innere Stadt <901>","Wien 19.Bezirk, Döbling <919>",5
15 bis 19 Jahre,2025,"Wien 1.Bezirk, Innere Stadt <901>","Wien 20.Bezirk, Brigittenau <920>",-
15 bis 19 Jahre,2025,"Wien 1.Bezirk, Innere Stadt <901>","Wien 21.Bezirk, Floridsdorf <921>",-
15 bis 19 Jahre,2025,"Wien 1.Bezirk, Innere Stadt <901>","Wien 22.Bezirk, Donaustadt <922>",3
15 bis 19 Jahre,2025,"Wien 1.Bezirk, Innere Stadt <901>","Wien 23.Bezirk, Liesing <923>",2
15 bis 19 Jahre,2025,"Wien 2.Bezirk, Leopoldstadt <902>","Wien 1.Bezirk, Innere Stadt <901>",3
15 bis 19 Jahre,2025,"Wien 2.Bezirk, Leopoldstadt <902>","Wien 2.Bezirk, Leopoldstadt <902>",132
15 bis 19 Jahre,2025,"Wien 2.Bezirk, Leopoldstadt <902>","Wien 3.Bezirk, Landstraße <903>",42
15 bis 19 Jahre,2025,"Wien 2.Bezirk, Leopoldstadt <902>","Wien 4.Bezirk, Wieden <904>",7
15 bis 19 Jahre,2025,"Wien 2.Bezirk, Leopoldstadt <902>","Wien 5.Bezirk, Margareten <905>",10
15 bis 19 Jahre,2025,"Wien 2.Bezirk, Leopoldstadt <902>","Wien 6.Bezirk, Mariahilf <906>",9
15 bis 19 Jahre,2025,"Wien 2.Bezirk, Leopoldstadt <902>","Wien 7.Bezirk, Neubau <907>",6
15 bis 19 Jahre,2025,"Wien 2.Bezirk, Leopoldstadt <902>","Wien 8.Bezirk, Josefstadt <908>",11
15 bis 19 Jahre,2025,"Wien 2.Bezirk, Leopoldstadt <902>","Wien 9.Bezirk, Alsergrund <909>",15
15 bis 19 Jahre,2025,"Wien 2.Bezirk, Leopoldstadt <902>","Wien 10.Bezirk, Favoriten <910>",39
15 bis 19 Jahre,2025,"Wien 2.Bezirk, Leopoldstadt <902>","Wien 11.Bezirk, Simmering <911>",18
15 bis 19 Jahre,2025,"Wien 2.Bezirk, Leopoldstadt <902>","Wien 12.Bezirk, Meidling <912>",18
15 bis 19 Jahre,2025,"Wien 2.Bezirk, Leopoldstadt <902>","Wien 13.Bezirk, Hietzing <913>",6
15 bis 19 Jahre,2025,"Wien 2.Bezirk, Leopoldstadt <902>","Wien 14.Bezirk, Penzing <914>",15
15 bis 19 Jahre,2025,"Wien 2.Bezirk, Leopoldstadt <902>","Wien 15.Bezirk, Rudolfsheim-Fünfhaus <915>",16
15 bis 19 Jahre,2025,"Wien 2.Bezirk, Leopoldstadt <902>","Wien 16.Bezirk, Ottakring <916>",16
15 bis 19 Jahre,2025,"Wien 2.Bezirk, Leopoldstadt <902>","Wien 17.Bezirk, Hernals <917>",4
15 bis 19 Jahre,2025,"Wien 2.Bezirk, Leopoldstadt <902>","Wien 18.Bezirk, Währing <918>",12
15 bis 19 Jahre,2025,"Wien 2.Bezirk, Leopoldstadt <902>","Wien 19.Bezirk, Döbling <919>",19
15 bis 19 Jahre,2025,"Wien 2.Bezirk, Leopoldstadt <902>","Wien 20.Bezirk, Brigittenau <920>",58
15 bis 19 Jahre,2025,"Wien 2.Bezirk, Leopoldstadt <902>","Wien 21.Bezirk, Floridsdorf <921>",42
15 bis 19 Jahre,2025,"Wien 2.Bezirk, Leopoldstadt <902>","Wien 22.Bezirk, Donaustadt <922>",82
15 bis 19 Jahre,2025,"Wien 2.Bezirk, Leopoldstadt <902>","Wien 23.Bezirk, Liesing <923>",4
15 bis 19 Jahre,2025,"Wien 3.Bezirk, Landstraße <903>","Wien 1.Bezirk, Innere Stadt <901>",5
15 bis 19 Jahre,2025,"Wien 3.Bezirk, Landstraße <903>","Wien 2.Bezirk, Leopoldstadt <902>",35
15 bis 19 Jahre,2025,"Wien 3.Bezirk, Landstraße <903>","Wien 3.Bezirk, Landstraße <903>",109
15 bis 19 Jahre,2025,"Wien 3.Bezirk, Landstraße <903>","Wien 4.Bezirk, Wieden <904>",4
15 bis 19 Jahre,2025,"Wien 3.Bezirk, Landstraße <903>","Wien 5.Bezirk, Margareten <905>",22
15 bis 19 Jahre,2025,"Wien 3.Bezirk, Landstraße <903>","Wien 6.Bezirk, Mariahilf <906>",8
15 bis 19 Jahre,2025,"Wien 3.Bezirk, Landstraße <903>","Wien 7.Bezirk, Neubau <907>",5
15 bis 19 Jahre,2025,"Wien 3.Bezirk, Landstraße <903>","Wien 8.Bezirk, Josefstadt <908>",4
15 bis 19 Jahre,2025,"Wien 3.Bezirk, Landstraße <903>","Wien 9.Bezirk, Alsergrund <909>",6
15 bis 19 Jahre,2025,"Wien 3.Bezirk, Landstraße <903>","Wien 10.Bezirk, Favoriten <910>",93
15 bis 19 Jahre,2025,"Wien 3.Bezirk, Landstraße <903>","Wien 11.Bezirk, Simmering <911>",45
15 bis 19 Jahre,2025,"Wien 3.Bezirk, Landstraße <903>","Wien 12.Bezirk, Meidling <912>",14
15 bis 19 Jahre,2025,"Wien 3.Bezirk, Landstraße <903>","Wien 13.Bezirk, Hietzing <913>",9
15 bis 19 Jahre,2025,"Wien 3.Bezirk, Landstraße <903>","Wien 14.Bezirk, Penzing <914>",16
15 bis 19 Jahre,2025,"Wien 3.Bezirk, Landstraße <903>","Wien 15.Bezirk, Rudolfsheim-Fünfhaus <915>",19
15 bis 19 Jahre,2025,"Wien 3.Bezirk, Landstraße <903>","Wien 16.Bezirk, Ottakring <916>",21
15 bis 19 Jahre,2025,"Wien 3.Bezirk, Landstraße <903>","Wien 17.Bezirk, Hernals <917>",9
15 bis 19 Jahre,2025,"Wien 3.Bezirk, Landstraße <903>","Wien 18.Bezirk, Währing <918>",8
15 bis 19 Jahre,2025,"Wien 3.Bezirk, Landstraße <903>","Wien 19.Bezirk, Döbling <919>",9
15 bis 19 Jahre,2025,"Wien 3.Bezirk, Landstraße <903>","Wien 20.Bezirk, Brigittenau <920>",21
15 bis 19 Jahre,2025,"Wien 3.Bezirk, Landstraße <903>","Wien 21.Bezirk, Floridsdorf <921>",28
15 bis 19 Jahre,2025,"Wien 3.Bezirk, Landstraße <903>","Wien 22.Bezirk, Donaustadt <922>",42
15 bis 19 Jahre,2025,"Wien 3.Bezirk, Landstraße <903>","Wien 23.Bezirk, Liesing <923>",14
15 bis 19 Jahre,2025,"Wien 4.Bezirk, Wieden <904>","Wien 1.Bezirk, Innere Stadt <901>",-
15 bis 19 Jahre,2025,"Wien 4.Bezirk, Wieden <904>","Wien 2.Bezirk, Leopoldstadt <902>",6
15 bis 19 Jahre,2025,"Wien 4.Bezirk, Wieden <904>","Wien 3.Bezirk, Landstraße <903>",12
15 bis 19 Jahre,2025,"Wien 4.Bezirk, Wieden <904>","Wien 4.Bezirk, Wieden <904>",22
15 bis 19 Jahre,2025,"Wien 4.Bezirk, Wieden <904>","Wien 5.Bezirk, Margareten <905>",10
15 bis 19 Jahre,2025,"Wien 4.Bezirk, Wieden <904>","Wien 6.Bezirk, Mariahilf <906>",6
15 bis 19 Jahre,2025,"Wien 4.Bezirk, Wieden <904>","Wien 7.Bezirk, Neubau <907>",3
15 bis 19 Jahre,2025,"Wien 4.Bezirk, Wieden <904>","Wien 8.Bezirk, Josefstadt <908>",5
15 bis 19 Jahre,2025,"Wien 4.Bezirk, Wieden <904>","Wien 9.Bezirk, Alsergrund <909>",3
15 bis 19 Jahre,2025,"Wien 4.Bezirk, Wieden <904>","Wien 10.Bezirk, Favoriten <910>",18
15 bis 19 Jahre,2025,"Wien 4.Bezirk, Wieden <904>","Wien 11.Bezirk, Simmering <911>",4
15 bis 19 Jahre,2025,"Wien 4.Bezirk, Wieden <904>","Wien 12.Bezirk, Meidling <912>",6
15 bis 19 Jahre,2025,"Wien 4.Bezirk, Wieden <904>","Wien 13.Bezirk, Hietzing <913>",1
15 bis 19 Jahre,2025,"Wien 4.Bezirk, Wieden <904>","Wien 14.Bezirk, Penzing <914>",4
15 bis 19 Jahre,2025,"Wien 4.Bezirk, Wieden <904>","Wien 15.Bezirk, Rudolfsheim-Fünfhaus <915>",8
15 bis 19 Jahre,2025,"Wien 4.Bezirk, Wieden <904>","Wien 16.Bezirk, Ottakring <916>",9
15 bis 19 Jahre,2025,"Wien 4.Bezirk, Wieden <904>","Wien 17.Bezirk, Hernals <917>",1
15 bis 19 Jahre,2025,"Wien 4.Bezirk, Wieden <904>","Wien 18.Bezirk, Währing <918>",3
15 bis 19 Jahre,2025,"Wien 4.Bezirk, Wieden <904>","Wien 19.Bezirk, Döbling <919>",4
15 bis 19 Jahre,2025,"Wien 4.Bezirk, Wieden <904>","Wien 20.Bezirk, Brigittenau <920>",2
15 bis 19 Jahre,2025,"Wien 4.Bezirk, Wieden <904>","Wien 21.Bezirk, Floridsdorf <921>",12
15 bis 19 Jahre,2025,"Wien 4.Bezirk, Wieden <904>","Wien 22.Bezirk, Donaustadt <922>",7
15 bis 19 Jahre,2025,"Wien 4.Bezirk, Wieden <904>","Wien 23.Bezirk, Liesing <923>",5
15 bis 19 Jahre,2025,"Wien 5.Bezirk, Margareten <905>","Wien 1.Bezirk, Innere Stadt <901>",1
15 bis 19 Jahre,2025,"Wien 5.Bezirk, Margareten <905>","Wien 2.Bezirk, Leopoldstadt <902>",18
15 bis 19 Jahre,2025,"Wien 5.Bezirk, Margareten <905>","Wien 3.Bezirk, Landstraße <903>",16
15 bis 19 Jahre,2025,"Wien 5.Bezirk, Margareten <905>","Wien 4.Bezirk, Wieden <904>",7
15 bis 19 Jahre,2025,"Wien 5.Bezirk, Margareten <905>","Wien 5.Bezirk, Margareten <905>",33
15 bis 19 Jahre,2025,"Wien 5.Bezirk, Margareten <905>","Wien 6.Bezirk, Mariahilf <906>",12
15 bis 19 Jahre,2025,"Wien 5.Bezirk, Margareten <905>","Wien 7.Bezirk, Neubau <907>",5
15 bis 19 Jahre,2025,"Wien 5.Bezirk, Margareten <905>","Wien 8.Bezirk, Josefstadt <908>",1
15 bis 19 Jahre,2025,"Wien 5.Bezirk, Margareten <905>","Wien 9.Bezirk, Alsergrund <909>",4
15 bis 19 Jahre,2025,"Wien 5.Bezirk, Margareten <905>","Wien 10.Bezirk, Favoriten <910>",54
15 bis 19 Jahre,2025,"Wien 5.Bezirk, Margareten <905>","Wien 11.Bezirk, Simmering <911>",16
15 bis 19 Jahre,2025,"Wien 5.Bezirk, Margareten <905>","Wien 12.Bezirk, Meidling <912>",21
15 bis 19 Jahre,2025,"Wien 5.Bezirk, Margareten <905>","Wien 13.Bezirk, Hietzing <913>",7
15 bis 19 Jahre,2025,"Wien 5.Bezirk, Margareten <905>","Wien 14.Bezirk, Penzing <914>",8
15 bis 19 Jahre,2025,"Wien 5.Bezirk, Margareten <905>","Wien 15.Bezirk, Rudolfsheim-Fünfhaus <915>",14
15 bis 19 Jahre,2025,"Wien 5.Bezirk, Margareten <905>","Wien 16.Bezirk, Ottakring <916>",18
15 bis 19 Jahre,2025,"Wien 5.Bezirk, Margareten <905>","Wien 17.Bezirk, Hernals <917>",11
15 bis 19 Jahre,2025,"Wien 5.Bezirk, Margareten <905>","Wien 18.Bezirk, Währing <918>",2
15 bis 19 Jahre,2025,"Wien 5.Bezirk, Margareten <905>","Wien 19.Bezirk, Döbling <919>",6
15 bis 19 Jahre,2025,"Wien 5.Bezirk, Margareten <905>","Wien 20.Bezirk, Brigittenau <920>",8
15 bis 19 Jahre,2025,"Wien 5.Bezirk, Margareten <905>","Wien 21.Bezirk, Floridsdorf <921>",19
15 bis 19 Jahre,2025,"Wien 5.Bezirk, Margareten <905>","Wien 22.Bezirk, Donaustadt <922>",20
15 bis 19 Jahre,2025,"Wien 5.Bezirk, Margareten <905>","Wien 23.Bezirk, Liesing <923>",11
15 bis 19 Jahre,2025,"Wien 6.Bezirk, Mariahilf <906>","Wien 1.Bezirk, Innere Stadt <901>",1
15 bis 19 Jahre,2025,"Wien 6.Bezirk, Mariahilf <906>","Wien 2.Bezirk, Leopoldstadt <902>",6
15 bis 19 Jahre,2025,"Wien 6.Bezirk, Mariahilf <906>","Wien 3.Bezirk, Landstraße <903>",5
15 bis 19 Jahre,2025,"Wien 6.Bezirk, Mariahilf <906>","Wien 4.Bezirk, Wieden <904>",5
15 bis 19 Jahre,2025,"Wien 6.Bezirk, Mariahilf <906>","Wien 5.Bezirk, Margareten <905>",8
15 bis 19 Jahre,2025,"Wien 6.Bezirk, Mariahilf <906>","Wien 6.Bezirk, Mariahilf <906>",7
15 bis 19 Jahre,2025,"Wien 6.Bezirk, Mariahilf <906>","Wien 7.Bezirk, Neubau <907>",9
15 bis 19 Jahre,2025,"Wien 6.Bezirk, Mariahilf <906>","Wien 8.Bezirk, Josefstadt <908>",2
15 bis 19 Jahre,2025,"Wien 6.Bezirk, Mariahilf <906>","Wien 9.Bezirk, Alsergrund <909>",-
15 bis 19 Jahre,2025,"Wien 6.Bezirk, Mariahilf <906>","Wien 10.Bezirk, Favoriten <910>",14
15 bis 19 Jahre,2025,"Wien 6.Bezirk, Mariahilf <906>","Wien 11.Bezirk, Simmering <911>",6
15 bis 19 Jahre,2025,"Wien 6.Bezirk, Mariahilf <906>","Wien 12.Bezirk, Meidling <912>",6
15 bis 19 Jahre,2025,"Wien 6.Bezirk, Mariahilf <906>","Wien 13.Bezirk, Hietzing <913>",2
15 bis 19 Jahre,2025,"Wien 6.Bezirk, Mariahilf <906>","Wien 14.Bezirk, Penzing <914>",6
15 bis 19 Jahre,2025,"Wien 6.Bezirk, Mariahilf <906>","Wien 15.Bezirk, Rudolfsheim-Fünfhaus <915>",6
15 bis 19 Jahre,2025,"Wien 6.Bezirk, Mariahilf <906>","Wien 16.Bezirk, Ottakring <916>",8
15 bis 19 Jahre,2025,"Wien 6.Bezirk, Mariahilf <906>","Wien 17.Bezirk, Hernals <917>",3
15 bis 19 Jahre,2025,"Wien 6.Bezirk, Mariahilf <906>","Wien 18.Bezirk, Währing <918>",3
15 bis 19 Jahre,2025,"Wien 6.Bezirk, Mariahilf <906>","Wien 19.Bezirk, Döbling <919>",9
15 bis 19 Jahre,2025,"Wien 6.Bezirk, Mariahilf <906>","Wien 20.Bezirk, Brigittenau <920>",1
15 bis 19 Jahre,2025,"Wien 6.Bezirk, Mariahilf <906>","Wien 21.Bezirk, Floridsdorf <921>",6
15 bis 19 Jahre,2025,"Wien 6.Bezirk, Mariahilf <906>","Wien 22.Bezirk, Donaustadt <922>",4
15 bis 19 Jahre,2025,"Wien 6.Bezirk, Mariahilf <906>","Wien 23.Bezirk, Liesing <923>",4
15 bis 19 Jahre,2025,"Wien 7.Bezirk, Neubau <907>","Wien 1.Bezirk, Innere Stadt <901>",2
15 bis 19 Jahre,2025,"Wien 7.Bezirk, Neubau <907>","Wien 2.Bezirk, Leopoldstadt <902>",7
15 bis 19 Jahre,2025,"Wien 7.Bezirk, Neubau <907>","Wien 3.Bezirk, Landstraße <903>",5
15 bis 19 Jahre,2025,"Wien 7.Bezirk, Neubau <907>","Wien 4.Bezirk, Wieden <904>",6
15 bis 19 Jahre,2025,"Wien 7.Bezirk, Neubau <907>","Wien 5.Bezirk, Margareten <905>",9
15 bis 19 Jahre,2025,"Wien 7.Bezirk, Neubau <907>","Wien 6.Bezirk, Mariahilf <906>",2
15 bis 19 Jahre,2025,"Wien 7.Bezirk, Neubau <907>","Wien 7.Bezirk, Neubau <907>",11
15 bis 19 Jahre,2025,"Wien 7.Bezirk, Neubau <907>","Wien 8.Bezirk, Josefstadt <908>",3
15 bis 19 Jahre,2025,"Wien 7.Bezirk, Neubau <907>","Wien 9.Bezirk, Alsergrund <909>",7
15 bis 19 Jahre,2025,"Wien 7.Bezirk, Neubau <907>","Wien 10.Bezirk, Favoriten <910>",8
15 bis 19 Jahre,2025,"Wien 7.Bezirk, Neubau <907>","Wien 11.Bezirk, Simmering <911>",6
15 bis 19 Jahre,2025,"Wien 7.Bezirk, Neubau <907>","Wien 12.Bezirk, Meidling <912>",6
15 bis 19 Jahre,2025,"Wien 7.Bezirk, Neubau <907>","Wien 13.Bezirk, Hietzing <913>",-
15 bis 19 Jahre,2025,"Wien 7.Bezirk, Neubau <907>","Wien 14.Bezirk, Penzing <914>",11
15 bis 19 Jahre,2025,"Wien 7.Bezirk, Neubau <907>","Wien 15.Bezirk, Rudolfsheim-Fünfhaus <915>",17
15 bis 19 Jahre,2025,"Wien 7.Bezirk, Neubau <907>","Wien 16.Bezirk, Ottakring <916>",8
15 bis 19 Jahre,2025,"Wien 7.Bezirk, Neubau <907>","Wien 17.Bezirk, Hernals <917>",4
15 bis 19 Jahre,2025,"Wien 7.Bezirk, Neubau <907>","Wien 18.Bezirk, Währing <918>",1
15 bis 19 Jahre,2025,"Wien 7.Bezirk, Neubau <907>","Wien 19.Bezirk, Döbling <919>",4
15 bis 19 Jahre,2025,"Wien 7.Bezirk, Neubau <907>","Wien 20.Bezirk, Brigittenau <920>",3
15 bis 19 Jahre,2025,"Wien 7.Bezirk, Neubau <907>","Wien 21.Bezirk, Floridsdorf <921>",4
15 bis 19 Jahre,2025,"Wien 7.Bezirk, Neubau <907>","Wien 22.Bezirk, Donaustadt <922>",2
15 bis 19 Jahre,2025,"Wien 7.Bezirk, Neubau <907>","Wien 23.Bezirk, Liesing <923>",2
15 bis 19 Jahre,2025,"Wien 8.Bezirk, Josefstadt <908>","Wien 1.Bezirk, Innere Stadt <901>",1
15 bis 19 Jahre,2025,"Wien 8.Bezirk, Josefstadt <908>","Wien 2.Bezirk, Leopoldstadt <902>",2
15 bis 19 Jahre,2025,"Wien 8.Bezirk, Josefstadt <908>","Wien 3.Bezirk, Landstraße <903>",8
15 bis 19 Jahre,2025,"Wien 8.Bezirk, Josefstadt <908>","Wien 4.Bezirk, Wieden <904>",5
15 bis 19 Jahre,2025,"Wien 8.Bezirk, Josefstadt <908>","Wien 5.Bezirk, Margareten <905>",5
15 bis 19 Jahre,2025,"Wien 8.Bezirk, Josefstadt <908>","Wien 6.Bezirk, Mariahilf <906>",6
15 bis 19 Jahre,2025,"Wien 8.Bezirk, Josefstadt <908>","Wien 7.Bezirk, Neubau <907>",2
15 bis 19 Jahre,2025,"Wien 8.Bezirk, Josefstadt <908>","Wien 8.Bezirk, Josefstadt <908>",22
15 bis 19 Jahre,2025,"Wien 8.Bezirk, Josefstadt <908>","Wien 9.Bezirk, Alsergrund <909>",7
15 bis 19 Jahre,2025,"Wien 8.Bezirk, Josefstadt <908>","Wien 10.Bezirk, Favoriten <910>",5
15 bis 19 Jahre,2025,"Wien 8.Bezirk, Josefstadt <908>","Wien 11.Bezirk, Simmering <911>",4
15 bis 19 Jahre,2025,"Wien 8.Bezirk, Josefstadt <908>","Wien 12.Bezirk, Meidling <912>",1
15 bis 19 Jahre,2025,"Wien 8.Bezirk, Josefstadt <908>","Wien 13.Bezirk, Hietzing <913>",1
15 bis 19 Jahre,2025,"Wien 8.Bezirk, Josefstadt <908>","Wien 14.Bezirk, Penzing <914>",1
15 bis 19 Jahre,2025,"Wien 8.Bezirk, Josefstadt <908>","Wien 15.Bezirk, Rudolfsheim-Fünfhaus <915>",6
15 bis 19 Jahre,2025,"Wien 8.Bezirk, Josefstadt <908>","Wien 16.Bezirk, Ottakring <916>",6
15 bis 19 Jahre,2025,"Wien 8.Bezirk, Josefstadt <908>","Wien 17.Bezirk, Hernals <917>",5
15 bis 19 Jahre,2025,"Wien 8.Bezirk, Josefstadt <908>","Wien 18.Bezirk, Währing <918>",1
15 bis 19 Jahre,2025,"Wien 8.Bezirk, Josefstadt <908>","Wien 19.Bezirk, Döbling <919>",3
15 bis 19 Jahre,2025,"Wien 8.Bezirk, Josefstadt <908>","Wien 20.Bezirk, Brigittenau <920>",7
15 bis 19 Jahre,2025,"Wien 8.Bezirk, Josefstadt <908>","Wien 21.Bezirk, Floridsdorf <921>",6
15 bis 19 Jahre,2025,"Wien 8.Bezirk, Josefstadt <908>","Wien 22.Bezirk, Donaustadt <922>",11
15 bis 19 Jahre,2025,"Wien 8.Bezirk, Josefstadt <908>","Wien 23.Bezirk, Liesing <923>",-
15 bis 19 Jahre,2025,"Wien 9.Bezirk, Alsergrund <909>","Wien 1.Bezirk, Innere Stadt <901>",1
15 bis 19 Jahre,2025,"Wien 9.Bezirk, Alsergrund <909>","Wien 2.Bezirk, Leopoldstadt <902>",13
15 bis 19 Jahre,2025,"Wien 9.Bezirk, Alsergrund <909>","Wien 3.Bezirk, Landstraße <903>",17
15 bis 19 Jahre,2025,"Wien 9.Bezirk, Alsergrund <909>","Wien 4.Bezirk, Wieden <904>",6
15 bis 19 Jahre,2025,"Wien 9.Bezirk, Alsergrund <909>","Wien 5.Bezirk, Margareten <905>",1
15 bis 19 Jahre,2025,"Wien 9.Bezirk, Alsergrund <909>","Wien 6.Bezirk, Mariahilf <906>",3
15 bis 19 Jahre,2025,"Wien 9.Bezirk, Alsergrund <909>","Wien 7.Bezirk, Neubau <907>",3
15 bis 19 Jahre,2025,"Wien 9.Bezirk, Alsergrund <909>","Wien 8.Bezirk, Josefstadt <908>",3
15 bis 19 Jahre,2025,"Wien 9.Bezirk, Alsergrund <909>","Wien 9.Bezirk, Alsergrund <909>",22
15 bis 19 Jahre,2025,"Wien 9.Bezirk, Alsergrund <909>","Wien 10.Bezirk, Favoriten <910>",15
15 bis 19 Jahre,2025,"Wien 9.Bezirk, Alsergrund <909>","Wien 11.Bezirk, Simmering <911>",7
15 bis 19 Jahre,2025,"Wien 9.Bezirk, Alsergrund <909>","Wien 12.Bezirk, Meidling <912>",4
15 bis 19 Jahre,2025,"Wien 9.Bezirk, Alsergrund <909>","Wien 13.Bezirk, Hietzing <913>",4
15 bis 19 Jahre,2025,"Wien 9.Bezirk, Alsergrund <909>","Wien 14.Bezirk, Penzing <914>",7
15 bis 19 Jahre,2025,"Wien 9.Bezirk, Alsergrund <909>","Wien 15.Bezirk, Rudolfsheim-Fünfhaus <915>",3
15 bis 19 Jahre,2025,"Wien 9.Bezirk, Alsergrund <909>","Wien 16.Bezirk, Ottakring <916>",12
15 bis 19 Jahre,2025,"Wien 9.Bezirk, Alsergrund <909>","Wien 17.Bezirk, Hernals <917>",8
15 bis 19 Jahre,2025,"Wien 9.Bezirk, Alsergrund <909>","Wien 18.Bezirk, Währing <918>",8
15 bis 19 Jahre,2025,"Wien 9.Bezirk, Alsergrund <909>","Wien 19.Bezirk, Döbling <919>",16
15 bis 19 Jahre,2025,"Wien 9.Bezirk, Alsergrund <909>","Wien 20.Bezirk, Brigittenau <920>",13
15 bis 19 Jahre,2025,"Wien 9.Bezirk, Alsergrund <909>","Wien 21.Bezirk, Floridsdorf <921>",13
15 bis 19 Jahre,2025,"Wien 9.Bezirk, Alsergrund <909>","Wien 22.Bezirk, Donaustadt <922>",12
15 bis 19 Jahre,2025,"Wien 9.Bezirk, Alsergrund <909>","Wien 23.Bezirk, Liesing <923>",-
15 bis 19 Jahre,2025,"Wien 10.Bezirk, Favoriten <910>","Wien 1.Bezirk, Innere Stadt <901>",1
15 bis 19 Jahre,2025,"Wien 10.Bezirk, Favoriten <910>","Wien 2.Bezirk, Leopoldstadt <902>",49
15 bis 19 Jahre,2025,"Wien 10.Bezirk, Favoriten <910>","Wien 3.Bezirk, Landstraße <903>",65
15 bis 19 Jahre,2025,"Wien 10.Bezirk, Favoriten <910>","Wien 4.Bezirk, Wieden <904>",16
15 bis 19 Jahre,2025,"Wien 10.Bezirk, Favoriten <910>","Wien 5.Bezirk, Margareten <905>",41
15 bis 19 Jahre,2025,"Wien 10.Bezirk, Favoriten <910>","Wien 6.Bezirk, Mariahilf <906>",12
15 bis 19 Jahre,2025,"Wien 10.Bezirk, Favoriten <910>","Wien 7.Bezirk, Neubau <907>",10
15 bis 19 Jahre,2025,"Wien 10.Bezirk, Favoriten <910>","Wien 8.Bezirk, Josefstadt <908>",10
15 bis 19 Jahre,2025,"Wien 10.Bezirk, Favoriten <910>","Wien 9.Bezirk, Alsergrund <909>",16
15 bis 19 Jahre,2025,"Wien 10.Bezirk, Favoriten <910>","Wien 10.Bezirk, Favoriten <910>",689
15 bis 19 Jahre,2025,"Wien 10.Bezirk, Favoriten <910>","Wien 11.Bezirk, Simmering <911>",83
15 bis 19 Jahre,2025,"Wien 10.Bezirk, Favoriten <910>","Wien 12.Bezirk, Meidling <912>",82
15 bis 19 Jahre,2025,"Wien 10.Bezirk, Favoriten <910>","Wien 13.Bezirk, Hietzing <913>",20
15 bis 19 Jahre,2025,"Wien 10.Bezirk, Favoriten <910>","Wien 14.Bezirk, Penzing <914>",35
15 bis 19 Jahre,2025,"Wien 10.Bezirk, Favoriten <910>","Wien 15.Bezirk, Rudolfsheim-Fünfhaus <915>",39
15 bis 19 Jahre,2025,"Wien 10.Bezirk, Favoriten <910>","Wien 16.Bezirk, Ottakring <916>",49
15 bis 19 Jahre,2025,"Wien 10.Bezirk, Favoriten <910>","Wien 17.Bezirk, Hernals <917>",32
15 bis 19 Jahre,2025,"Wien 10.Bezirk, Favoriten <910>","Wien 18.Bezirk, Währing <918>",19
15 bis 19 Jahre,2025,"Wien 10.Bezirk, Favoriten <910>","Wien 19.Bezirk, Döbling <919>",24
15 bis 19 Jahre,2025,"Wien 10.Bezirk, Favoriten <910>","Wien 20.Bezirk, Brigittenau <920>",58
15 bis 19 Jahre,2025,"Wien 10.Bezirk, Favoriten <910>","Wien 21.Bezirk, Floridsdorf <921>",76
15 bis 19 Jahre,2025,"Wien 10.Bezirk, Favoriten <910>","Wien 22.Bezirk, Donaustadt <922>",116
15 bis 19 Jahre,2025,"Wien 10.Bezirk, Favoriten <910>","Wien 23.Bezirk, Liesing <923>",74
15 bis 19 Jahre,2025,"Wien 11.Bezirk, Simmering <911>","Wien 1.Bezirk, Innere Stadt <901>",-
15 bis 19 Jahre,2025,"Wien 11.Bezirk, Simmering <911>","Wien 2.Bezirk, Leopoldstadt <902>",21
15 bis 19 Jahre,2025,"Wien 11.Bezirk, Simmering <911>","Wien 3.Bezirk, Landstraße <903>",26
15 bis 19 Jahre,2025,"Wien 11.Bezirk, Simmering <911>","Wien 4.Bezirk, Wieden <904>",5
15 bis 19 Jahre,2025,"Wien 11.Bezirk, Simmering <911>","Wien 5.Bezirk, Margareten <905>",12
15 bis 19 Jahre,2025,"Wien 11.Bezirk, Simmering <911>","Wien 6.Bezirk, Mariahilf <906>",5
15 bis 19 Jahre,2025,"Wien 11.Bezirk, Simmering <911>","Wien 7.Bezirk, Neubau <907>",2
15 bis 19 Jahre,2025,"Wien 11.Bezirk, Simmering <911>","Wien 8.Bezirk, Josefstadt <908>",6
15 bis 19 Jahre,2025,"Wien 11.Bezirk, Simmering <911>","Wien 9.Bezirk, Alsergrund <909>",7
15 bis 19 Jahre,2025,"Wien 11.Bezirk, Simmering <911>","Wien 10.Bezirk, Favoriten <910>",72
15 bis 19 Jahre,2025,"Wien 11.Bezirk, Simmering <911>","Wien 11.Bezirk, Simmering <911>",171
15 bis 19 Jahre,2025,"Wien 11.Bezirk, Simmering <911>","Wien 12.Bezirk, Meidling <912>",17
15 bis 19 Jahre,2025,"Wien 11.Bezirk, Simmering <911>","Wien 13.Bezirk, Hietzing <913>",9
15 bis 19 Jahre,2025,"Wien 11.Bezirk, Simmering <911>","Wien 14.Bezirk, Penzing <914>",11
15 bis 19 Jahre,2025,"Wien 11.Bezirk, Simmering <911>","Wien 15.Bezirk, Rudolfsheim-Fünfhaus <915>",11
15 bis 19 Jahre,2025,"Wien 11.Bezirk, Simmering <911>","Wien 16.Bezirk, Ottakring <916>",17
15 bis 19 Jahre,2025,"Wien 11.Bezirk, Simmering <911>","Wien 17.Bezirk, Hernals <917>",9
15 bis 19 Jahre,2025,"Wien 11.Bezirk, Simmering <911>","Wien 18.Bezirk, Währing <918>",8
15 bis 19 Jahre,2025,"Wien 11.Bezirk, Simmering <911>","Wien 19.Bezirk, Döbling <919>",6
15 bis 19 Jahre,2025,"Wien 11.Bezirk, Simmering <911>","Wien 20.Bezirk, Brigittenau <920>",19
15 bis 19 Jahre,2025,"Wien 11.Bezirk, Simmering <911>","Wien 21.Bezirk, Floridsdorf <921>",33
15 bis 19 Jahre,2025,"Wien 11.Bezirk, Simmering <911>","Wien 22.Bezirk, Donaustadt <922>",42
15 bis 19 Jahre,2025,"Wien 11.Bezirk, Simmering <911>","Wien 23.Bezirk, Liesing <923>",14
15 bis 19 Jahre,2025,"Wien 12.Bezirk, Meidling <912>","Wien 1.Bezirk, Innere Stadt <901>",2
15 bis 19 Jahre,2025,"Wien 12.Bezirk, Meidling <912>","Wien 2.Bezirk, Leopoldstadt <902>",26
15 bis 19 Jahre,2025,"Wien 12.Bezirk, Meidling <912>","Wien 3.Bezirk, Landstraße <903>",15
15 bis 19 Jahre,2025,"Wien 12.Bezirk, Meidling <912>","Wien 4.Bezirk, Wieden <904>",12
15 bis 19 Jahre,2025,"Wien 12.Bezirk, Meidling <912>","Wien 5.Bezirk, Margareten <905>",21
15 bis 19 Jahre,2025,"Wien 12.Bezirk, Meidling <912>","Wien 6.Bezirk, Mariahilf <906>",10
15 bis 19 Jahre,2025,"Wien 12.Bezirk, Meidling <912>","Wien 7.Bezirk, Neubau <907>",2
15 bis 19 Jahre,2025,"Wien 12.Bezirk, Meidling <912>","Wien 8.Bezirk, Josefstadt <908>",2
15 bis 19 Jahre,2025,"Wien 12.Bezirk, Meidling <912>","Wien 9.Bezirk, Alsergrund <909>",7
15 bis 19 Jahre,2025,"Wien 12.Bezirk, Meidling <912>","Wien 10.Bezirk, Favoriten <910>",96
15 bis 19 Jahre,2025,"Wien 12.Bezirk, Meidling <912>","Wien 11.Bezirk, Simmering <911>",27
15 bis 19 Jahre,2025,"Wien 12.Bezirk, Meidling <912>","Wien 12.Bezirk, Meidling <912>",129
15 bis 19 Jahre,2025,"Wien 12.Bezirk, Meidling <912>","Wien 13.Bezirk, Hietzing <913>",23
15 bis 19 Jahre,2025,"Wien 12.Bezirk, Meidling <912>","Wien 14.Bezirk, Penzing <914>",27
15 bis 19 Jahre,2025,"Wien 12.Bezirk, Meidling <912>","Wien 15.Bezirk, Rudolfsheim-Fünfhaus <915>",32
15 bis 19 Jahre,2025,"Wien 12.Bezirk, Meidling <912>","Wien 16.Bezirk, Ottakring <916>",22
15 bis 19 Jahre,2025,"Wien 12.Bezirk, Meidling <912>","Wien 17.Bezirk, Hernals <917>",18
15 bis 19 Jahre,2025,"Wien 12.Bezirk, Meidling <912>","Wien 18.Bezirk, Währing <918>",11
15 bis 19 Jahre,2025,"Wien 12.Bezirk, Meidling <912>","Wien 19.Bezirk, Döbling <919>",14
15 bis 19 Jahre,2025,"Wien 12.Bezirk, Meidling <912>","Wien 20.Bezirk, Brigittenau <920>",14
15 bis 19 Jahre,2025,"Wien 12.Bezirk, Meidling <912>","Wien 21.Bezirk, Floridsdorf <921>",48
15 bis 19 Jahre,2025,"Wien 12.Bezirk, Meidling <912>","Wien 22.Bezirk, Donaustadt <922>",27
15 bis 19 Jahre,2025,"Wien 12.Bezirk, Meidling <912>","Wien 23.Bezirk, Liesing <923>",66
15 bis 19 Jahre,2025,"Wien 13.Bezirk, Hietzing <913>","Wien 1.Bezirk, Innere Stadt <901>",2
15 bis 19 Jahre,2025,"Wien 13.Bezirk, Hietzing <913>","Wien 2.Bezirk, Leopoldstadt <902>",10
15 bis 19 Jahre,2025,"Wien 13.Bezirk, Hietzing <913>","Wien 3.Bezirk, Landstraße <903>",11
15 bis 19 Jahre,2025,"Wien 13.Bezirk, Hietzing <913>","Wien 4.Bezirk, Wieden <904>",3
15 bis 19 Jahre,2025,"Wien 13.Bezirk, Hietzing <913>","Wien 5.Bezirk, Margareten <905>",2
15 bis 19 Jahre,2025,"Wien 13.Bezirk, Hietzing <913>","Wien 6.Bezirk, Mariahilf <906>",3
15 bis 19 Jahre,2025,"Wien 13.Bezirk, Hietzing <913>","Wien 7.Bezirk, Neubau <907>",1
15 bis 19 Jahre,2025,"Wien 13.Bezirk, Hietzing <913>","Wien 8.Bezirk, Josefstadt <908>",2
15 bis 19 Jahre,2025,"Wien 13.Bezirk, Hietzing <913>","Wien 9.Bezirk, Alsergrund <909>",6
15 bis 19 Jahre,2025,"Wien 13.Bezirk, Hietzing <913>","Wien 10.Bezirk, Favoriten <910>",21
15 bis 19 Jahre,2025,"Wien 13.Bezirk, Hietzing <913>","Wien 11.Bezirk, Simmering <911>",5
15 bis 19 Jahre,2025,"Wien 13.Bezirk, Hietzing <913>","Wien 12.Bezirk, Meidling <912>",20
15 bis 19 Jahre,2025,"Wien 13.Bezirk, Hietzing <913>","Wien 13.Bezirk, Hietzing <913>",35
15 bis 19 Jahre,2025,"Wien 13.Bezirk, Hietzing <913>","Wien 14.Bezirk, Penzing <914>",24
15 bis 19 Jahre,2025,"Wien 13.Bezirk, Hietzing <913>","Wien 15.Bezirk, Rudolfsheim-Fünfhaus <915>",7
15 bis 19 Jahre,2025,"Wien 13.Bezirk, Hietzing <913>","Wien 16.Bezirk, Ottakring <916>",7
15 bis 19 Jahre,2025,"Wien 13.Bezirk, Hietzing <913>","Wien 17.Bezirk, Hernals <917>",4
15 bis 19 Jahre,2025,"Wien 13.Bezirk, Hietzing <913>","Wien 18.Bezirk, Währing <918>",2
15 bis 19 Jahre,2025,"Wien 13.Bezirk, Hietzing <913>","Wien 19.Bezirk, Döbling <919>",7
15 bis 19 Jahre,2025,"Wien 13.Bezirk, Hietzing <913>","Wien 20.Bezirk, Brigittenau <920>",4
15 bis 19 Jahre,2025,"Wien 13.Bezirk, Hietzing <913>","Wien 21.Bezirk, Floridsdorf <921>",4
15 bis 19 Jahre,2025,"Wien 13.Bezirk, Hietzing <913>","Wien 22.Bezirk, Donaustadt <922>",8
15 bis 19 Jahre,2025,"Wien 13.Bezirk, Hietzing <913>","Wien 23.Bezirk, Liesing <923>",10
15 bis 19 Jahre,2025,"Wien 14.Bezirk, Penzing <914>","Wien 1.Bezirk, Innere Stadt <901>",-
15 bis 19 Jahre,2025,"Wien 14.Bezirk, Penzing <914>","Wien 2.Bezirk, Leopoldstadt <902>",12
15 bis 19 Jahre,2025,"Wien 14.Bezirk, Penzing <914>","Wien 3.Bezirk, Landstraße <903>",14
15 bis 19 Jahre,2025,"Wien 14.Bezirk, Penzing <914>","Wien 4.Bezirk, Wieden <904>",4
15 bis 19 Jahre,2025,"Wien 14.Bezirk, Penzing <914>","Wien 5.Bezirk, Margareten <905>",17
15 bis 19 Jahre,2025,"Wien 14.Bezirk, Penzing <914>","Wien 6.Bezirk, Mariahilf <906>",6
15 bis 19 Jahre,2025,"Wien 14.Bezirk, Penzing <914>","Wien 7.Bezirk, Neubau <907>",4
15 bis 19 Jahre,2025,"Wien 14.Bezirk, Penzing <914>","Wien 8.Bezirk, Josefstadt <908>",4
15 bis 19 Jahre,2025,"Wien 14.Bezirk, Penzing <914>","Wien 9.Bezirk, Alsergrund <909>",9
15 bis 19 Jahre,2025,"Wien 14.Bezirk, Penzing <914>","Wien 10.Bezirk, Favoriten <910>",58
15 bis 19 Jahre,2025,"Wien 14.Bezirk, Penzing <914>","Wien 11.Bezirk, Simmering <911>",17
15 bis 19 Jahre,2025,"Wien 14.Bezirk, Penzing <914>","Wien 12.Bezirk, Meidling <912>",23
15 bis 19 Jahre,2025,"Wien 14.Bezirk, Penzing <914>","Wien 13.Bezirk, Hietzing <913>",22
15 bis 19 Jahre,2025,"Wien 14.Bezirk, Penzing <914>","Wien 14.Bezirk, Penzing <914>",101
15 bis 19 Jahre,2025,"Wien 14.Bezirk, Penzing <914>","Wien 15.Bezirk, Rudolfsheim-Fünfhaus <915>",33
15 bis 19 Jahre,2025,"Wien 14.Bezirk, Penzing <914>","Wien 16.Bezirk, Ottakring <916>",29
15 bis 19 Jahre,2025,"Wien 14.Bezirk, Penzing <914>","Wien 17.Bezirk, Hernals <917>",6
15 bis 19 Jahre,2025,"Wien 14.Bezirk, Penzing <914>","Wien 18.Bezirk, Währing <918>",11
15 bis 19 Jahre,2025,"Wien 14.Bezirk, Penzing <914>","Wien 19.Bezirk, Döbling <919>",18
15 bis 19 Jahre,2025,"Wien 14.Bezirk, Penzing <914>","Wien 20.Bezirk, Brigittenau <920>",12
15 bis 19 Jahre,2025,"Wien 14.Bezirk, Penzing <914>","Wien 21.Bezirk, Floridsdorf <921>",23
15 bis 19 Jahre,2025,"Wien 14.Bezirk, Penzing <914>","Wien 22.Bezirk, Donaustadt <922>",23
15 bis 19 Jahre,2025,"Wien 14.Bezirk, Penzing <914>","Wien 23.Bezirk, Liesing <923>",24
15 bis 19 Jahre,2025,"Wien 15.Bezirk, Rudolfsheim-Fünfhaus <915>","Wien 1.Bezirk, Innere Stadt <901>",-
15 bis 19 Jahre,2025,"Wien 15.Bezirk, Rudolfsheim-Fünfhaus <915>","Wien 2.Bezirk, Leopoldstadt <902>",28
15 bis 19 Jahre,2025,"Wien 15.Bezirk, Rudolfsheim-Fünfhaus <915>","Wien 3.Bezirk, Landstraße <903>",23
15 bis 19 Jahre,2025,"Wien 15.Bezirk, Rudolfsheim-Fünfhaus <915>","Wien 4.Bezirk, Wieden <904>",5
15 bis 19 Jahre,2025,"Wien 15.Bezirk, Rudolfsheim-Fünfhaus <915>","Wien 5.Bezirk, Margareten <905>",12
15 bis 19 Jahre,2025,"Wien 15.Bezirk, Rudolfsheim-Fünfhaus <915>","Wien 6.Bezirk, Mariahilf <906>",10
15 bis 19 Jahre,2025,"Wien 15.Bezirk, Rudolfsheim-Fünfhaus <915>","Wien 7.Bezirk, Neubau <907>",7
15 bis 19 Jahre,2025,"Wien 15.Bezirk, Rudolfsheim-Fünfhaus <915>","Wien 8.Bezirk, Josefstadt <908>",9
15 bis 19 Jahre,2025,"Wien 15.Bezirk, Rudolfsheim-Fünfhaus <915>","Wien 9.Bezirk, Alsergrund <909>",15
15 bis 19 Jahre,2025,"Wien 15.Bezirk, Rudolfsheim-Fünfhaus <915>","Wien 10.Bezirk, Favoriten <910>",73
15 bis 19 Jahre,2025,"Wien 15.Bezirk, Rudolfsheim-Fünfhaus <915>","Wien 11.Bezirk, Simmering <911>",21
15 bis 19 Jahre,2025,"Wien 15.Bezirk, Rudolfsheim-Fünfhaus <915>","Wien 12.Bezirk, Meidling <912>",43
15 bis 19 Jahre,2025,"Wien 15.Bezirk, Rudolfsheim-Fünfhaus <915>","Wien 13.Bezirk, Hietzing <913>",10
15 bis 19 Jahre,2025,"Wien 15.Bezirk, Rudolfsheim-Fünfhaus <915>","Wien 14.Bezirk, Penzing <914>",38
15 bis 19 Jahre,2025,"Wien 15.Bezirk, Rudolfsheim-Fünfhaus <915>","Wien 15.Bezirk, Rudolfsheim-Fünfhaus <915>",68
15 bis 19 Jahre,2025,"Wien 15.Bezirk, Rudolfsheim-Fünfhaus <915>","Wien 16.Bezirk, Ottakring <916>",45
15 bis 19 Jahre,2025,"Wien 15.Bezirk, Rudolfsheim-Fünfhaus <915>","Wien 17.Bezirk, Hernals <917>",16
15 bis 19 Jahre,2025,"Wien 15.Bezirk, Rudolfsheim-Fünfhaus <915>","Wien 18.Bezirk, Währing <918>",8
15 bis 19 Jahre,2025,"Wien 15.Bezirk, Rudolfsheim-Fünfhaus <915>","Wien 19.Bezirk, Döbling <919>",9
15 bis 19 Jahre,2025,"Wien 15.Bezirk, Rudolfsheim-Fünfhaus <915>","Wien 20.Bezirk, Brigittenau <920>",18
15 bis 19 Jahre,2025,"Wien 15.Bezirk, Rudolfsheim-Fünfhaus <915>","Wien 21.Bezirk, Floridsdorf <921>",31
15 bis 19 Jahre,2025,"Wien 15.Bezirk, Rudolfsheim-Fünfhaus <915>","Wien 22.Bezirk, Donaustadt <922>",34
15 bis 19 Jahre,2025,"Wien 15.Bezirk, Rudolfsheim-Fünfhaus <915>","Wien 23.Bezirk, Liesing <923>",17
15 bis 19 Jahre,2025,"Wien 16.Bezirk, Ottakring <916>","Wien 1.Bezirk, Innere Stadt <901>",1
15 bis 19 Jahre,2025,"Wien 16.Bezirk, Ottakring <916>","Wien 2.Bezirk, Leopoldstadt <902>",23
15 bis 19 Jahre,2025,"Wien 16.Bezirk, Ottakring <916>","Wien 3.Bezirk, Landstraße <903>",22
15 bis 19 Jahre,2025,"Wien 16.Bezirk, Ottakring <916>","Wien 4.Bezirk, Wieden <904>",5
15 bis 19 Jahre,2025,"Wien 16.Bezirk, Ottakring <916>","Wien 5.Bezirk, Margareten <905>",20
15 bis 19 Jahre,2025,"Wien 16.Bezirk, Ottakring <916>","Wien 6.Bezirk, Mariahilf <906>",2
15 bis 19 Jahre,2025,"Wien 16.Bezirk, Ottakring <916>","Wien 7.Bezirk, Neubau <907>",7
15 bis 19 Jahre,2025,"Wien 16.Bezirk, Ottakring <916>","Wien 8.Bezirk, Josefstadt <908>",2
15 bis 19 Jahre,2025,"Wien 16.Bezirk, Ottakring <916>","Wien 9.Bezirk, Alsergrund <909>",6
15 bis 19 Jahre,2025,"Wien 16.Bezirk, Ottakring <916>","Wien 10.Bezirk, Favoriten <910>",67
15 bis 19 Jahre,2025,"Wien 16.Bezirk, Ottakring <916>","Wien 11.Bezirk, Simmering <911>",27
15 bis 19 Jahre,2025,"Wien 16.Bezirk, Ottakring <916>","Wien 12.Bezirk, Meidling <912>",37
15 bis 19 Jahre,2025,"Wien 16.Bezirk, Ottakring <916>","Wien 13.Bezirk, Hietzing <913>",6
15 bis 19 Jahre,2025,"Wien 16.Bezirk, Ottakring <916>","Wien 14.Bezirk, Penzing <914>",33
15 bis 19 Jahre,2025,"Wien 16.Bezirk, Ottakring <916>","Wien 15.Bezirk, Rudolfsheim-Fünfhaus <915>",44
15 bis 19 Jahre,2025,"Wien 16.Bezirk, Ottakring <916>","Wien 16.Bezirk, Ottakring <916>",129
15 bis 19 Jahre,2025,"Wien 16.Bezirk, Ottakring <916>","Wien 17.Bezirk, Hernals <917>",32
15 bis 19 Jahre,2025,"Wien 16.Bezirk, Ottakring <916>","Wien 18.Bezirk, Währing <918>",11
15 bis 19 Jahre,2025,"Wien 16.Bezirk, Ottakring <916>","Wien 19.Bezirk, Döbling <919>",15
15 bis 19 Jahre,2025,"Wien 16.Bezirk, Ottakring <916>","Wien 20.Bezirk, Brigittenau <920>",40
15 bis 19 Jahre,2025,"Wien 16.Bezirk, Ottakring <916>","Wien 21.Bezirk, Floridsdorf <921>",49
15 bis 19 Jahre,2025,"Wien 16.Bezirk, Ottakring <916>","Wien 22.Bezirk, Donaustadt <922>",35
15 bis 19 Jahre,2025,"Wien 16.Bezirk, Ottakring <916>","Wien 23.Bezirk, Liesing <923>",17
15 bis 19 Jahre,2025,"Wien 17.Bezirk, Hernals <917>","Wien 1.Bezirk, Innere Stadt <901>",1
15 bis 19 Jahre,2025,"Wien 17.Bezirk, Hernals <917>","Wien 2.Bezirk, Leopoldstadt <902>",14
15 bis 19 Jahre,2025,"Wien 17.Bezirk, Hernals <917>","Wien 3.Bezirk, Landstraße <903>",9
15 bis 19 Jahre,2025,"Wien 17.Bezirk, Hernals <917>","Wien 4.Bezirk, Wieden <904>",6
15 bis 19 Jahre,2025,"Wien 17.Bezirk, Hernals <917>","Wien 5.Bezirk, Margareten <905>",6
15 bis 19 Jahre,2025,"Wien 17.Bezirk, Hernals <917>","Wien 6.Bezirk, Mariahilf <906>",1
15 bis 19 Jahre,2025,"Wien 17.Bezirk, Hernals <917>","Wien 7.Bezirk, Neubau <907>",5
15 bis 19 Jahre,2025,"Wien 17.Bezirk, Hernals <917>","Wien 8.Bezirk, Josefstadt <908>",2
15 bis 19 Jahre,2025,"Wien 17.Bezirk, Hernals <917>","Wien 9.Bezirk, Alsergrund <909>",4
15 bis 19 Jahre,2025,"Wien 17.Bezirk, Hernals <917>","Wien 10.Bezirk, Favoriten <910>",39
15 bis 19 Jahre,2025,"Wien 17.Bezirk, Hernals <917>","Wien 11.Bezirk, Simmering <911>",11
15 bis 19 Jahre,2025,"Wien 17.Bezirk, Hernals <917>","Wien 12.Bezirk, Meidling <912>",15
15 bis 19 Jahre,2025,"Wien 17.Bezirk, Hernals <917>","Wien 13.Bezirk, Hietzing <913>",1
15 bis 19 Jahre,2025,"Wien 17.Bezirk, Hernals <917>","Wien 14.Bezirk, Penzing <914>",8
15 bis 19 Jahre,2025,"Wien 17.Bezirk, Hernals <917>","Wien 15.Bezirk, Rudolfsheim-Fünfhaus <915>",20
15 bis 19 Jahre,2025,"Wien 17.Bezirk, Hernals <917>","Wien 16.Bezirk, Ottakring <916>",49
15 bis 19 Jahre,2025,"Wien 17.Bezirk, Hernals <917>","Wien 17.Bezirk, Hernals <917>",40
15 bis 19 Jahre,2025,"Wien 17.Bezirk, Hernals <917>","Wien 18.Bezirk, Währing <918>",9
15 bis 19 Jahre,2025,"Wien 17.Bezirk, Hernals <917>","Wien 19.Bezirk, Döbling <919>",16
15 bis 19 Jahre,2025,"Wien 17.Bezirk, Hernals <917>","Wien 20.Bezirk, Brigittenau <920>",15
15 bis 19 Jahre,2025,"Wien 17.Bezirk, Hernals <917>","Wien 21.Bezirk, Floridsdorf <921>",16
15 bis 19 Jahre,2025,"Wien 17.Bezirk, Hernals <917>","Wien 22.Bezirk, Donaustadt <922>",12
15 bis 19 Jahre,2025,"Wien 17.Bezirk, Hernals <917>","Wien 23.Bezirk, Liesing <923>",13
15 bis 19 Jahre,2025,"Wien 18.Bezirk, Währing <918>","Wien 1.Bezirk, Innere Stadt <901>",3
15 bis 19 Jahre,2025,"Wien 18.Bezirk, Währing <918>","Wien 2.Bezirk, Leopoldstadt <902>",4
15 bis 19 Jahre,2025,"Wien 18.Bezirk, Währing <918>","Wien 3.Bezirk, Landstraße <903>",9
15 bis 19 Jahre,2025,"Wien 18.Bezirk, Währing <918>","Wien 4.Bezirk, Wieden <904>",5
15 bis 19 Jahre,2025,"Wien 18.Bezirk, Währing <918>","Wien 5.Bezirk, Margareten <905>",5
15 bis 19 Jahre,2025,"Wien 18.Bezirk, Währing <918>","Wien 6.Bezirk, Mariahilf <906>",-
15 bis 19 Jahre,2025,"Wien 18.Bezirk, Währing <918>","Wien 7.Bezirk, Neubau <907>",4
15 bis 19 Jahre,2025,"Wien 18.Bezirk, Währing <918>","Wien 8.Bezirk, Josefstadt <908>",3
15 bis 19 Jahre,2025,"Wien 18.Bezirk, Währing <918>","Wien 9.Bezirk, Alsergrund <909>",8
15 bis 19 Jahre,2025,"Wien 18.Bezirk, Währing <918>","Wien 10.Bezirk, Favoriten <910>",28
15 bis 19 Jahre,2025,"Wien 18.Bezirk, Währing <918>","Wien 11.Bezirk, Simmering <911>",9
15 bis 19 Jahre,2025,"Wien 18.Bezirk, Währing <918>","Wien 12.Bezirk, Meidling <912>",9
15 bis 19 Jahre,2025,"Wien 18.Bezirk, Währing <918>","Wien 13.Bezirk, Hietzing <913>",5
15 bis 19 Jahre,2025,"Wien 18.Bezirk, Währing <918>","Wien 14.Bezirk, Penzing <914>",7
15 bis 19 Jahre,2025,"Wien 18.Bezirk, Währing <918>","Wien 15.Bezirk, Rudolfsheim-Fünfhaus <915>",12
15 bis 19 Jahre,2025,"Wien 18.Bezirk, Währing <918>","Wien 16.Bezirk, Ottakring <916>",17
15 bis 19 Jahre,2025,"Wien 18.Bezirk, Währing <918>","Wien 17.Bezirk, Hernals <917>",22
15 bis 19 Jahre,2025,"Wien 18.Bezirk, Währing <918>","Wien 18.Bezirk, Währing <918>",42
15 bis 19 Jahre,2025,"Wien 18.Bezirk, Währing <918>","Wien 19.Bezirk, Döbling <919>",29
15 bis 19 Jahre,2025,"Wien 18.Bezirk, Währing <918>","Wien 20.Bezirk, Brigittenau <920>",10
15 bis 19 Jahre,2025,"Wien 18.Bezirk, Währing <918>","Wien 21.Bezirk, Floridsdorf <921>",17
15 bis 19 Jahre,2025,"Wien 18.Bezirk, Währing <918>","Wien 22.Bezirk, Donaustadt <922>",20
15 bis 19 Jahre,2025,"Wien 18.Bezirk, Währing <918>","Wien 23.Bezirk, Liesing <923>",8
15 bis 19 Jahre,2025,"Wien 19.Bezirk, Döbling <919>","Wien 1.Bezirk, Innere Stadt <901>",2
15 bis 19 Jahre,2025,"Wien 19.Bezirk, Döbling <919>","Wien 2.Bezirk, Leopoldstadt <902>",13
15 bis 19 Jahre,2025,"Wien 19.Bezirk, Döbling <919>","Wien 3.Bezirk, Landstraße <903>",13
15 bis 19 Jahre,2025,"Wien 19.Bezirk, Döbling <919>","Wien 4.Bezirk, Wieden <904>",4
15 bis 19 Jahre,2025,"Wien 19.Bezirk, Döbling <919>","Wien 5.Bezirk, Margareten <905>",5
15 bis 19 Jahre,2025,"Wien 19.Bezirk, Döbling <919>","Wien 6.Bezirk, Mariahilf <906>",4
15 bis 19 Jahre,2025,"Wien 19.Bezirk, Döbling <919>","Wien 7.Bezirk, Neubau <907>",4
15 bis 19 Jahre,2025,"Wien 19.Bezirk, Döbling <919>","Wien 8.Bezirk, Josefstadt <908>",2
15 bis 19 Jahre,2025,"Wien 19.Bezirk, Döbling <919>","Wien 9.Bezirk, Alsergrund <909>",9
15 bis 19 Jahre,2025,"Wien 19.Bezirk, Döbling <919>","Wien 10.Bezirk, Favoriten <910>",19
15 bis 19 Jahre,2025,"Wien 19.Bezirk, Döbling <919>","Wien 11.Bezirk, Simmering <911>",16
15 bis 19 Jahre,2025,"Wien 19.Bezirk, Döbling <919>","Wien 12.Bezirk, Meidling <912>",10
15 bis 19 Jahre,2025,"Wien 19.Bezirk, Döbling <919>","Wien 13.Bezirk, Hietzing <913>",6
15 bis 19 Jahre,2025,"Wien 19.Bezirk, Döbling <919>","Wien 14.Bezirk, Penzing <914>",17
15 bis 19 Jahre,2025,"Wien 19.Bezirk, Döbling <919>","Wien 15.Bezirk, Rudolfsheim-Fünfhaus <915>",8
15 bis 19 Jahre,2025,"Wien 19.Bezirk, Döbling <919>","Wien 16.Bezirk, Ottakring <916>",12
15 bis 19 Jahre,2025,"Wien 19.Bezirk, Döbling <919>","Wien 17.Bezirk, Hernals <917>",19
15 bis 19 Jahre,2025,"Wien 19.Bezirk, Döbling <919>","Wien 18.Bezirk, Währing <918>",17
15 bis 19 Jahre,2025,"Wien 19.Bezirk, Döbling <919>","Wien 19.Bezirk, Döbling <919>",116
15 bis 19 Jahre,2025,"Wien 19.Bezirk, Döbling <919>","Wien 20.Bezirk, Brigittenau <920>",13
15 bis 19 Jahre,2025,"Wien 19.Bezirk, Döbling <919>","Wien 21.Bezirk, Floridsdorf <921>",31
15 bis 19 Jahre,2025,"Wien 19.Bezirk, Döbling <919>","Wien 22.Bezirk, Donaustadt <922>",26
15 bis 19 Jahre,2025,"Wien 19.Bezirk, Döbling <919>","Wien 23.Bezirk, Liesing <923>",2
15 bis 19 Jahre,2025,"Wien 20.Bezirk, Brigittenau <920>","Wien 1.Bezirk, Innere Stadt <901>",1
15 bis 19 Jahre,2025,"Wien 20.Bezirk, Brigittenau <920>","Wien 2.Bezirk, Leopoldstadt <902>",57
15 bis 19 Jahre,2025,"Wien 20.Bezirk, Brigittenau <920>","Wien 3.Bezirk, Landstraße <903>",23
15 bis 19 Jahre,2025,"Wien 20.Bezirk, Brigittenau <920>","Wien 4.Bezirk, Wieden <904>",4
15 bis 19 Jahre,2025,"Wien 20.Bezirk, Brigittenau <920>","Wien 5.Bezirk, Margareten <905>",8
15 bis 19 Jahre,2025,"Wien 20.Bezirk, Brigittenau <920>","Wien 6.Bezirk, Mariahilf <906>",4
15 bis 19 Jahre,2025,"Wien 20.Bezirk, Brigittenau <920>","Wien 7.Bezirk, Neubau <907>",7
15 bis 19 Jahre,2025,"Wien 20.Bezirk, Brigittenau <920>","Wien 8.Bezirk, Josefstadt <908>",4
15 bis 19 Jahre,2025,"Wien 20.Bezirk, Brigittenau <920>","Wien 9.Bezirk, Alsergrund <909>",10
15 bis 19 Jahre,2025,"Wien 20.Bezirk, Brigittenau <920>","Wien 10.Bezirk, Favoriten <910>",51
15 bis 19 Jahre,2025,"Wien 20.Bezirk, Brigittenau <920>","Wien 11.Bezirk, Simmering <911>",16
15 bis 19 Jahre,2025,"Wien 20.Bezirk, Brigittenau <920>","Wien 12.Bezirk, Meidling <912>",18
15 bis 19 Jahre,2025,"Wien 20.Bezirk, Brigittenau <920>","Wien 13.Bezirk, Hietzing <913>",4
15 bis 19 Jahre,2025,"Wien 20.Bezirk, Brigittenau <920>","Wien 14.Bezirk, Penzing <914>",11
15 bis 19 Jahre,2025,"Wien 20.Bezirk, Brigittenau <920>","Wien 15.Bezirk, Rudolfsheim-Fünfhaus <915>",23
15 bis 19 Jahre,2025,"Wien 20.Bezirk, Brigittenau <920>","Wien 16.Bezirk, Ottakring <916>",27
15 bis 19 Jahre,2025,"Wien 20.Bezirk, Brigittenau <920>","Wien 17.Bezirk, Hernals <917>",11
15 bis 19 Jahre,2025,"Wien 20.Bezirk, Brigittenau <920>","Wien 18.Bezirk, Währing <918>",5
15 bis 19 Jahre,2025,"Wien 20.Bezirk, Brigittenau <920>","Wien 19.Bezirk, Döbling <919>",34
15 bis 19 Jahre,2025,"Wien 20.Bezirk, Brigittenau <920>","Wien 20.Bezirk, Brigittenau <920>",159
15 bis 19 Jahre,2025,"Wien 20.Bezirk, Brigittenau <920>","Wien 21.Bezirk, Floridsdorf <921>",76
15 bis 19 Jahre,2025,"Wien 20.Bezirk, Brigittenau <920>","Wien 22.Bezirk, Donaustadt <922>",41
15 bis 19 Jahre,2025,"Wien 20.Bezirk, Brigittenau <920>","Wien 23.Bezirk, Liesing <923>",14
15 bis 19 Jahre,2025,"Wien 21.Bezirk, Floridsdorf <921>","Wien 1.Bezirk, Innere Stadt <901>",2
15 bis 19 Jahre,2025,"Wien 21.Bezirk, Floridsdorf <921>","Wien 2.Bezirk, Leopoldstadt <902>",28
15 bis 19 Jahre,2025,"Wien 21.Bezirk, Floridsdorf <921>","Wien 3.Bezirk, Landstraße <903>",21
15 bis 19 Jahre,2025,"Wien 21.Bezirk, Floridsdorf <921>","Wien 4.Bezirk, Wieden <904>",8
15 bis 19 Jahre,2025,"Wien 21.Bezirk, Floridsdorf <921>","Wien 5.Bezirk, Margareten <905>",19
15 bis 19 Jahre,2025,"Wien 21.Bezirk, Floridsdorf <921>","Wien 6.Bezirk, Mariahilf <906>",4
15 bis 19 Jahre,2025,"Wien 21.Bezirk, Floridsdorf <921>","Wien 7.Bezirk, Neubau <907>",2
15 bis 19 Jahre,2025,"Wien 21.Bezirk, Floridsdorf <921>","Wien 8.Bezirk, Josefstadt <908>",1
15 bis 19 Jahre,2025,"Wien 21.Bezirk, Floridsdorf <921>","Wien 9.Bezirk, Alsergrund <909>",10
15 bis 19 Jahre,2025,"Wien 21.Bezirk, Floridsdorf <921>","Wien 10.Bezirk, Favoriten <910>",62
15 bis 19 Jahre,2025,"Wien 21.Bezirk, Floridsdorf <921>","Wien 11.Bezirk, Simmering <911>",22
15 bis 19 Jahre,2025,"Wien 21.Bezirk, Floridsdorf <921>","Wien 12.Bezirk, Meidling <912>",32
15 bis 19 Jahre,2025,"Wien 21.Bezirk, Floridsdorf <921>","Wien 13.Bezirk, Hietzing <913>",10
15 bis 19 Jahre,2025,"Wien 21.Bezirk, Floridsdorf <921>","Wien 14.Bezirk, Penzing <914>",15
15 bis 19 Jahre,2025,"Wien 21.Bezirk, Floridsdorf <921>","Wien 15.Bezirk, Rudolfsheim-Fünfhaus <915>",21
15 bis 19 Jahre,2025,"Wien 21.Bezirk, Floridsdorf <921>","Wien 16.Bezirk, Ottakring <916>",27
15 bis 19 Jahre,2025,"Wien 21.Bezirk, Floridsdorf <921>","Wien 17.Bezirk, Hernals <917>",14
15 bis 19 Jahre,2025,"Wien 21.Bezirk, Floridsdorf <921>","Wien 18.Bezirk, Währing <918>",15
15 bis 19 Jahre,2025,"Wien 21.Bezirk, Floridsdorf <921>","Wien 19.Bezirk, Döbling <919>",21
15 bis 19 Jahre,2025,"Wien 21.Bezirk, Floridsdorf <921>","Wien 20.Bezirk, Brigittenau <920>",47
15 bis 19 Jahre,2025,"Wien 21.Bezirk, Floridsdorf <921>","Wien 21.Bezirk, Floridsdorf <921>",368
15 bis 19 Jahre,2025,"Wien 21.Bezirk, Floridsdorf <921>","Wien 22.Bezirk, Donaustadt <922>",151
15 bis 19 Jahre,2025,"Wien 21.Bezirk, Floridsdorf <921>","Wien 23.Bezirk, Liesing <923>",20
15 bis 19 Jahre,2025,"Wien 22.Bezirk, Donaustadt <922>","Wien 1.Bezirk, Innere Stadt <901>",-
15 bis 19 Jahre,2025,"Wien 22.Bezirk, Donaustadt <922>","Wien 2.Bezirk, Leopoldstadt <902>",54
15 bis 19 Jahre,2025,"Wien 22.Bezirk, Donaustadt <922>","Wien 3.Bezirk, Landstraße <903>",44
15 bis 19 Jahre,2025,"Wien 22.Bezirk, Donaustadt <922>","Wien 4.Bezirk, Wieden <904>",8
15 bis 19 Jahre,2025,"Wien 22.Bezirk, Donaustadt <922>","Wien 5.Bezirk, Margareten <905>",9
15 bis 19 Jahre,2025,"Wien 22.Bezirk, Donaustadt <922>","Wien 6.Bezirk, Mariahilf <906>",4
15 bis 19 Jahre,2025,"Wien 22.Bezirk, Donaustadt <922>","Wien 7.Bezirk, Neubau <907>",8
15 bis 19 Jahre,2025,"Wien 22.Bezirk, Donaustadt <922>","Wien 8.Bezirk, Josefstadt <908>",6
15 bis 19 Jahre,2025,"Wien 22.Bezirk, Donaustadt <922>","Wien 9.Bezirk, Alsergrund <909>",10
15 bis 19 Jahre,2025,"Wien 22.Bezirk, Donaustadt <922>","Wien 10.Bezirk, Favoriten <910>",71
15 bis 19 Jahre,2025,"Wien 22.Bezirk, Donaustadt <922>","Wien 11.Bezirk, Simmering <911>",30
15 bis 19 Jahre,2025,"Wien 22.Bezirk, Donaustadt <922>","Wien 12.Bezirk, Meidling <912>",18
15 bis 19 Jahre,2025,"Wien 22.Bezirk, Donaustadt <922>","Wien 13.Bezirk, Hietzing <913>",8
15 bis 19 Jahre,2025,"Wien 22.Bezirk, Donaustadt <922>","Wien 14.Bezirk, Penzing <914>",19
15 bis 19 Jahre,2025,"Wien 22.Bezirk, Donaustadt <922>","Wien 15.Bezirk, Rudolfsheim-Fünfhaus <915>",29
15 bis 19 Jahre,2025,"Wien 22.Bezirk, Donaustadt <922>","Wien 16.Bezirk, Ottakring <916>",27
15 bis 19 Jahre,2025,"Wien 22.Bezirk, Donaustadt <922>","Wien 17.Bezirk, Hernals <917>",10
15 bis 19 Jahre,2025,"Wien 22.Bezirk, Donaustadt <922>","Wien 18.Bezirk, Währing <918>",13
15 bis 19 Jahre,2025,"Wien 22.Bezirk, Donaustadt <922>","Wien 19.Bezirk, Döbling <919>",16
15 bis 19 Jahre,2025,"Wien 22.Bezirk, Donaustadt <922>","Wien 20.Bezirk, Brigittenau <920>",37
15 bis 19 Jahre,2025,"Wien 22.Bezirk, Donaustadt <922>","Wien 21.Bezirk, Floridsdorf <921>",113
15 bis 19 Jahre,2025,"Wien 22.Bezirk, Donaustadt <922>","Wien 22.Bezirk, Donaustadt <922>",449
15 bis 19 Jahre,2025,"Wien 22.Bezirk, Donaustadt <922>","Wien 23.Bezirk, Liesing <923>",15
15 bis 19 Jahre,2025,"Wien 23.Bezirk, Liesing <923>","Wien 1.Bezirk, Innere Stadt <901>",2
15 bis 19 Jahre,2025,"Wien 23.Bezirk, Liesing <923>","Wien 2.Bezirk, Leopoldstadt <902>",16
15 bis 19 Jahre,2025,"Wien 23.Bezirk, Liesing <923>","Wien 3.Bezirk, Landstraße <903>",13
15 bis 19 Jahre,2025,"Wien 23.Bezirk, Liesing <923>","Wien 4.Bezirk, Wieden <904>",4
15 bis 19 Jahre,2025,"Wien 23.Bezirk, Liesing <923>","Wien 5.Bezirk, Margareten <905>",3
15 bis 19 Jahre,2025,"Wien 23.Bezirk, Liesing <923>","Wien 6.Bezirk, Mariahilf <906>",4
15 bis 19 Jahre,2025,"Wien 23.Bezirk, Liesing <923>","Wien 7.Bezirk, Neubau <907>",3
15 bis 19 Jahre,2025,"Wien 23.Bezirk, Liesing <923>","Wien 8.Bezirk, Josefstadt <908>",3
15 bis 19 Jahre,2025,"Wien 23.Bezirk, Liesing <923>","Wien 9.Bezirk, Alsergrund <909>",3
15 bis 19 Jahre,2025,"Wien 23.Bezirk, Liesing <923>","Wien 10.Bezirk, Favoriten <910>",47
15 bis 19 Jahre,2025,"Wien 23.Bezirk, Liesing <923>","Wien 11.Bezirk, Simmering <911>",7
15 bis 19 Jahre,2025,"Wien 23.Bezirk, Liesing <923>","Wien 12.Bezirk, Meidling <912>",47
15 bis 19 Jahre,2025,"Wien 23.Bezirk, Liesing <923>","Wien 13.Bezirk, Hietzing <913>",20
15 bis 19 Jahre,2025,"Wien 23.Bezirk, Liesing <923>","Wien 14.Bezirk, Penzing <914>",14
15 bis 19 Jahre,2025,"Wien 23.Bezirk, Liesing <923>","Wien 15.Bezirk, Rudolfsheim-Fünfhaus <915>",12
15 bis 19 Jahre,2025,"Wien 23.Bezirk, Liesing <923>","Wien 16.Bezirk, Ottakring <916>",14
15 bis 19 Jahre,2025,"Wien 23.Bezirk, Liesing <923>","Wien 17.Bezirk, Hernals <917>",7
15 bis 19 Jahre,2025,"Wien 23.Bezirk, Liesing <923>","Wien 18.Bezirk, Währing <918>",6
15 bis 19 Jahre,2025,"Wien 23.Bezirk, Liesing <923>","Wien 19.Bezirk, Döbling <919>",5
15 bis 19 Jahre,2025,"Wien 23.Bezirk, Liesing <923>","Wien 20.Bezirk, Brigittenau <920>",14
15 bis 19 Jahre,2025,"Wien 23.Bezirk, Liesing <923>","Wien 21.Bezirk, Floridsdorf <921>",34
15 bis 19 Jahre,2025,"Wien 23.Bezirk, Liesing <923>","Wien 22.Bezirk, Donaustadt <922>",22
15 bis 19 Jahre,2025,"Wien 23.Bezirk, Liesing <923>","Wien 23.Bezirk, Liesing <923>",148
20 bis 24 Jahre,2025,"Wien 1.Bezirk, Innere Stadt <901>","Wien 1.Bezirk, Innere Stadt <901>",15
20 bis 24 Jahre,2025,"Wien 1.Bezirk, Innere Stadt <901>","Wien 2.Bezirk, Leopoldstadt <902>",12
20 bis 24 Jahre,2025,"Wien 1.Bezirk, Innere Stadt <901>","Wien 3.Bezirk, Landstraße <903>",17
20 bis 24 Jahre,2025,"Wien 1.Bezirk, Innere Stadt <901>","Wien 4.Bezirk, Wieden <904>",3
20 bis 24 Jahre,2025,"Wien 1.Bezirk, Innere Stadt <901>","Wien 5.Bezirk, Margareten <905>",4
20 bis 24 Jahre,2025,"Wien 1.Bezirk, Innere Stadt <901>","Wien 6.Bezirk, Mariahilf <906>",9
20 bis 24 Jahre,2025,"Wien 1.Bezirk, Innere Stadt <901>","Wien 7.Bezirk, Neubau <907>",5
20 bis 24 Jahre,2025,"Wien 1.Bezirk, Innere Stadt <901>","Wien 8.Bezirk, Josefstadt <908>",2
20 bis 24 Jahre,2025,"Wien 1.Bezirk, Innere Stadt <901>","Wien 9.Bezirk, Alsergrund <909>",18
20 bis 24 Jahre,2025,"Wien 1.Bezirk, Innere Stadt <901>","Wien 10.Bezirk, Favoriten <910>",7
20 bis 24 Jahre,2025,"Wien 1.Bezirk, Innere Stadt <901>","Wien 11.Bezirk, Simmering <911>",5
20 bis 24 Jahre,2025,"Wien 1.Bezirk, Innere Stadt <901>","Wien 12.Bezirk, Meidling <912>",10
20 bis 24 Jahre,2025,"Wien 1.Bezirk, Innere Stadt <901>","Wien 13.Bezirk, Hietzing <913>",4
20 bis 24 Jahre,2025,"Wien 1.Bezirk, Innere Stadt <901>","Wien 14.Bezirk, Penzing <914>",3
20 bis 24 Jahre,2025,"Wien 1.Bezirk, Innere Stadt <901>","Wien 15.Bezirk, Rudolfsheim-Fünfhaus <915>",4
20 bis 24 Jahre,2025,"Wien 1.Bezirk, Innere Stadt <901>","Wien 16.Bezirk, Ottakring <916>",7
20 bis 24 Jahre,2025,"Wien 1.Bezirk, Innere Stadt <901>","Wien 17.Bezirk, Hernals <917>",3
20 bis 24 Jahre,2025,"Wien 1.Bezirk, Innere Stadt <901>","Wien 18.Bezirk, Währing <918>",3
20 bis 24 Jahre,2025,"Wien 1.Bezirk, Innere Stadt <901>","Wien 19.Bezirk, Döbling <919>",7
20 bis 24 Jahre,2025,"Wien 1.Bezirk, Innere Stadt <901>","Wien 20.Bezirk, Brigittenau <920>",4
20 bis 24 Jahre,2025,"Wien 1.Bezirk, Innere Stadt <901>","Wien 21.Bezirk, Floridsdorf <921>",5
20 bis 24 Jahre,2025,"Wien 1.Bezirk, Innere Stadt <901>","Wien 22.Bezirk, Donaustadt <922>",6
20 bis 24 Jahre,2025,"Wien 1.Bezirk, Innere Stadt <901>","Wien 23.Bezirk, Liesing <923>",1
20 bis 24 Jahre,2025,"Wien 2.Bezirk, Leopoldstadt <902>","Wien 1.Bezirk, Innere Stadt <901>",10
20 bis 24 Jahre,2025,"Wien 2.Bezirk, Leopoldstadt <902>","Wien 2.Bezirk, Leopoldstadt <902>",305
20 bis 24 Jahre,2025,"Wien 2.Bezirk, Leopoldstadt <902>","Wien 3.Bezirk, Landstraße <903>",102
20 bis 24 Jahre,2025,"Wien 2.Bezirk, Leopoldstadt <902>","Wien 4.Bezirk, Wieden <904>",31
20 bis 24 Jahre,2025,"Wien 2.Bezirk, Leopoldstadt <902>","Wien 5.Bezirk, Margareten <905>",40
20 bis 24 Jahre,2025,"Wien 2.Bezirk, Leopoldstadt <902>","Wien 6.Bezirk, Mariahilf <906>",32
20 bis 24 Jahre,2025,"Wien 2.Bezirk, Leopoldstadt <902>","Wien 7.Bezirk, Neubau <907>",26
20 bis 24 Jahre,2025,"Wien 2.Bezirk, Leopoldstadt <902>","Wien 8.Bezirk, Josefstadt <908>",36
20 bis 24 Jahre,2025,"Wien 2.Bezirk, Leopoldstadt <902>","Wien 9.Bezirk, Alsergrund <909>",42
20 bis 24 Jahre,2025,"Wien 2.Bezirk, Leopoldstadt <902>","Wien 10.Bezirk, Favoriten <910>",126
20 bis 24 Jahre,2025,"Wien 2.Bezirk, Leopoldstadt <902>","Wien 11.Bezirk, Simmering <911>",56
20 bis 24 Jahre,2025,"Wien 2.Bezirk, Leopoldstadt <902>","Wien 12.Bezirk, Meidling <912>",53
20 bis 24 Jahre,2025,"Wien 2.Bezirk, Leopoldstadt <902>","Wien 13.Bezirk, Hietzing <913>",10
20 bis 24 Jahre,2025,"Wien 2.Bezirk, Leopoldstadt <902>","Wien 14.Bezirk, Penzing <914>",43
20 bis 24 Jahre,2025,"Wien 2.Bezirk, Leopoldstadt <902>","Wien 15.Bezirk, Rudolfsheim-Fünfhaus <915>",54
20 bis 24 Jahre,2025,"Wien 2.Bezirk, Leopoldstadt <902>","Wien 16.Bezirk, Ottakring <916>",46
20 bis 24 Jahre,2025,"Wien 2.Bezirk, Leopoldstadt <902>","Wien 17.Bezirk, Hernals <917>",20
20 bis 24 Jahre,2025,"Wien 2.Bezirk, Leopoldstadt <902>","Wien 18.Bezirk, Währing <918>",31
20 bis 24 Jahre,2025,"Wien 2.Bezirk, Leopoldstadt <902>","Wien 19.Bezirk, Döbling <919>",40
20 bis 24 Jahre,2025,"Wien 2.Bezirk, Leopoldstadt <902>","Wien 20.Bezirk, Brigittenau <920>",149
20 bis 24 Jahre,2025,"Wien 2.Bezirk, Leopoldstadt <902>","Wien 21.Bezirk, Floridsdorf <921>",90
20 bis 24 Jahre,2025,"Wien 2.Bezirk, Leopoldstadt <902>","Wien 22.Bezirk, Donaustadt <922>",146
20 bis 24 Jahre,2025,"Wien 2.Bezirk, Leopoldstadt <902>","Wien 23.Bezirk, Liesing <923>",11
20 bis 24 Jahre,2025,"Wien 3.Bezirk, Landstraße <903>","Wien 1.Bezirk, Innere Stadt <901>",13
20 bis 24 Jahre,2025,"Wien 3.Bezirk, Landstraße <903>","Wien 2.Bezirk, Leopoldstadt <902>",91
20 bis 24 Jahre,2025,"Wien 3.Bezirk, Landstraße <903>","Wien 3.Bezirk, Landstraße <903>",250
20 bis 24 Jahre,2025,"Wien 3.Bezirk, Landstraße <903>","Wien 4.Bezirk, Wieden <904>",32
20 bis 24 Jahre,2025,"Wien 3.Bezirk, Landstraße <903>","Wien 5.Bezirk, Margareten <905>",51
20 bis 24 Jahre,2025,"Wien 3.Bezirk, Landstraße <903>","Wien 6.Bezirk, Mariahilf <906>",32
20 bis 24 Jahre,2025,"Wien 3.Bezirk, Landstraße <903>","Wien 7.Bezirk, Neubau <907>",23
20 bis 24 Jahre,2025,"Wien 3.Bezirk, Landstraße <903>","Wien 8.Bezirk, Josefstadt <908>",22
20 bis 24 Jahre,2025,"Wien 3.Bezirk, Landstraße <903>","Wien 9.Bezirk, Alsergrund <909>",40
20 bis 24 Jahre,2025,"Wien 3.Bezirk, Landstraße <903>","Wien 10.Bezirk, Favoriten <910>",124
20 bis 24 Jahre,2025,"Wien 3.Bezirk, Landstraße <903>","Wien 11.Bezirk, Simmering <911>",84
20 bis 24 Jahre,2025,"Wien 3.Bezirk, Landstraße <903>","Wien 12.Bezirk, Meidling <912>",44
20 bis 24 Jahre,2025,"Wien 3.Bezirk, Landstraße <903>","Wien 13.Bezirk, Hietzing <913>",18
20 bis 24 Jahre,2025,"Wien 3.Bezirk, Landstraße <903>","Wien 14.Bezirk, Penzing <914>",33
20 bis 24 Jahre,2025,"Wien 3.Bezirk, Landstraße <903>","Wien 15.Bezirk, Rudolfsheim-Fünfhaus <915>",61
20 bis 24 Jahre,2025,"Wien 3.Bezirk, Landstraße <903>","Wien 16.Bezirk, Ottakring <916>",29
20 bis 24 Jahre,2025,"Wien 3.Bezirk, Landstraße <903>","Wien 17.Bezirk, Hernals <917>",23
20 bis 24 Jahre,2025,"Wien 3.Bezirk, Landstraße <903>","Wien 18.Bezirk, Währing <918>",17
20 bis 24 Jahre,2025,"Wien 3.Bezirk, Landstraße <903>","Wien 19.Bezirk, Döbling <919>",26
20 bis 24 Jahre,2025,"Wien 3.Bezirk, Landstraße <903>","Wien 20.Bezirk, Brigittenau <920>",52
20 bis 24 Jahre,2025,"Wien 3.Bezirk, Landstraße <903>","Wien 21.Bezirk, Floridsdorf <921>",59
20 bis 24 Jahre,2025,"Wien 3.Bezirk, Landstraße <903>","Wien 22.Bezirk, Donaustadt <922>",77
20 bis 24 Jahre,2025,"Wien 3.Bezirk, Landstraße <903>","Wien 23.Bezirk, Liesing <923>",32
20 bis 24 Jahre,2025,"Wien 4.Bezirk, Wieden <904>","Wien 1.Bezirk, Innere Stadt <901>",6
20 bis 24 Jahre,2025,"Wien 4.Bezirk, Wieden <904>","Wien 2.Bezirk, Leopoldstadt <902>",22
20 bis 24 Jahre,2025,"Wien 4.Bezirk, Wieden <904>","Wien 3.Bezirk, Landstraße <903>",41
20 bis 24 Jahre,2025,"Wien 4.Bezirk, Wieden <904>","Wien 4.Bezirk, Wieden <904>",25
20 bis 24 Jahre,2025,"Wien 4.Bezirk, Wieden <904>","Wien 5.Bezirk, Margareten <905>",40
20 bis 24 Jahre,2025,"Wien 4.Bezirk, Wieden <904>","Wien 6.Bezirk, Mariahilf <906>",9
20 bis 24 Jahre,2025,"Wien 4.Bezirk, Wieden <904>","Wien 7.Bezirk, Neubau <907>",9
20 bis 24 Jahre,2025,"Wien 4.Bezirk, Wieden <904>","Wien 8.Bezirk, Josefstadt <908>",15
20 bis 24 Jahre,2025,"Wien 4.Bezirk, Wieden <904>","Wien 9.Bezirk, Alsergrund <909>",18
20 bis 24 Jahre,2025,"Wien 4.Bezirk, Wieden <904>","Wien 10.Bezirk, Favoriten <910>",61
20 bis 24 Jahre,2025,"Wien 4.Bezirk, Wieden <904>","Wien 11.Bezirk, Simmering <911>",20
20 bis 24 Jahre,2025,"Wien 4.Bezirk, Wieden <904>","Wien 12.Bezirk, Meidling <912>",23
20 bis 24 Jahre,2025,"Wien 4.Bezirk, Wieden <904>","Wien 13.Bezirk, Hietzing <913>",7
20 bis 24 Jahre,2025,"Wien 4.Bezirk, Wieden <904>","Wien 14.Bezirk, Penzing <914>",14
20 bis 24 Jahre,2025,"Wien 4.Bezirk, Wieden <904>","Wien 15.Bezirk, Rudolfsheim-Fünfhaus <915>",26
20 bis 24 Jahre,2025,"Wien 4.Bezirk, Wieden <904>","Wien 16.Bezirk, Ottakring <916>",26
20 bis 24 Jahre,2025,"Wien 4.Bezirk, Wieden <904>","Wien 17.Bezirk, Hernals <917>",15
20 bis 24 Jahre,2025,"Wien 4.Bezirk, Wieden <904>","Wien 18.Bezirk, Währing <918>",5
20 bis 24 Jahre,2025,"Wien 4.Bezirk, Wieden <904>","Wien 19.Bezirk, Döbling <919>",15
20 bis 24 Jahre,2025,"Wien 4.Bezirk, Wieden <904>","Wien 20.Bezirk, Brigittenau <920>",16
20 bis 24 Jahre,2025,"Wien 4.Bezirk, Wieden <904>","Wien 21.Bezirk, Floridsdorf <921>",23
20 bis 24 Jahre,2025,"Wien 4.Bezirk, Wieden <904>","Wien 22.Bezirk, Donaustadt <922>",31
20 bis 24 Jahre,2025,"Wien 4.Bezirk, Wieden <904>","Wien 23.Bezirk, Liesing <923>",17
20 bis 24 Jahre,2025,"Wien 5.Bezirk, Margareten <905>","Wien 1.Bezirk, Innere Stadt <901>",3
20 bis 24 Jahre,2025,"Wien 5.Bezirk, Margareten <905>","Wien 2.Bezirk, Leopoldstadt <902>",39
20 bis 24 Jahre,2025,"Wien 5.Bezirk, Margareten <905>","Wien 3.Bezirk, Landstraße <903>",48
20 bis 24 Jahre,2025,"Wien 5.Bezirk, Margareten <905>","Wien 4.Bezirk, Wieden <904>",30
20 bis 24 Jahre,2025,"Wien 5.Bezirk, Margareten <905>","Wien 5.Bezirk, Margareten <905>",99
20 bis 24 Jahre,2025,"Wien 5.Bezirk, Margareten <905>","Wien 6.Bezirk, Mariahilf <906>",28
20 bis 24 Jahre,2025,"Wien 5.Bezirk, Margareten <905>","Wien 7.Bezirk, Neubau <907>",25
20 bis 24 Jahre,2025,"Wien 5.Bezirk, Margareten <905>","Wien 8.Bezirk, Josefstadt <908>",14
20 bis 24 Jahre,2025,"Wien 5.Bezirk, Margareten <905>","Wien 9.Bezirk, Alsergrund <909>",28
20 bis 24 Jahre,2025,"Wien 5.Bezirk, Margareten <905>","Wien 10.Bezirk, Favoriten <910>",135
20 bis 24 Jahre,2025,"Wien 5.Bezirk, Margareten <905>","Wien 11.Bezirk, Simmering <911>",27
20 bis 24 Jahre,2025,"Wien 5.Bezirk, Margareten <905>","Wien 12.Bezirk, Meidling <912>",65
20 bis 24 Jahre,2025,"Wien 5.Bezirk, Margareten <905>","Wien 13.Bezirk, Hietzing <913>",11
20 bis 24 Jahre,2025,"Wien 5.Bezirk, Margareten <905>","Wien 14.Bezirk, Penzing <914>",27
20 bis 24 Jahre,2025,"Wien 5.Bezirk, Margareten <905>","Wien 15.Bezirk, Rudolfsheim-Fünfhaus <915>",53
20 bis 24 Jahre,2025,"Wien 5.Bezirk, Margareten <905>","Wien 16.Bezirk, Ottakring <916>",42
20 bis 24 Jahre,2025,"Wien 5.Bezirk, Margareten <905>","Wien 17.Bezirk, Hernals <917>",31
20 bis 24 Jahre,2025,"Wien 5.Bezirk, Margareten <905>","Wien 18.Bezirk, Währing <918>",12
20 bis 24 Jahre,2025,"Wien 5.Bezirk, Margareten <905>","Wien 19.Bezirk, Döbling <919>",15
20 bis 24 Jahre,2025,"Wien 5.Bezirk, Margareten <905>","Wien 20.Bezirk, Brigittenau <920>",36
20 bis 24 Jahre,2025,"Wien 5.Bezirk, Margareten <905>","Wien 21.Bezirk, Floridsdorf <921>",36
20 bis 24 Jahre,2025,"Wien 5.Bezirk, Margareten <905>","Wien 22.Bezirk, Donaustadt <922>",45
20 bis 24 Jahre,2025,"Wien 5.Bezirk, Margareten <905>","Wien 23.Bezirk, Liesing <923>",21
20 bis 24 Jahre,2025,"Wien 6.Bezirk, Mariahilf <906>","Wien 1.Bezirk, Innere Stadt <901>",10
20 bis 24 Jahre,2025,"Wien 6.Bezirk, Mariahilf <906>","Wien 2.Bezirk, Leopoldstadt <902>",35
20 bis 24 Jahre,2025,"Wien 6.Bezirk, Mariahilf <906>","Wien 3.Bezirk, Landstraße <903>",40
20 bis 24 Jahre,2025,"Wien 6.Bezirk, Mariahilf <906>","Wien 4.Bezirk, Wieden <904>",21
20 bis 24 Jahre,2025,"Wien 6.Bezirk, Mariahilf <906>","Wien 5.Bezirk, Margareten <905>",28
20 bis 24 Jahre,2025,"Wien 6.Bezirk, Mariahilf <906>","Wien 6.Bezirk, Mariahilf <906>",46
20 bis 24 Jahre,2025,"Wien 6.Bezirk, Mariahilf <906>","Wien 7.Bezirk, Neubau <907>",16
20 bis 24 Jahre,2025,"Wien 6.Bezirk, Mariahilf <906>","Wien 8.Bezirk, Josefstadt <908>",15
20 bis 24 Jahre,2025,"Wien 6.Bezirk, Mariahilf <906>","Wien 9.Bezirk, Alsergrund <909>",22
20 bis 24 Jahre,2025,"Wien 6.Bezirk, Mariahilf <906>","Wien 10.Bezirk, Favoriten <910>",43
20 bis 24 Jahre,2025,"Wien 6.Bezirk, Mariahilf <906>","Wien 11.Bezirk, Simmering <911>",11
20 bis 24 Jahre,2025,"Wien 6.Bezirk, Mariahilf <906>","Wien 12.Bezirk, Meidling <912>",17
20 bis 24 Jahre,2025,"Wien 6.Bezirk, Mariahilf <906>","Wien 13.Bezirk, Hietzing <913>",12
20 bis 24 Jahre,2025,"Wien 6.Bezirk, Mariahilf <906>","Wien 14.Bezirk, Penzing <914>",14
20 bis 24 Jahre,2025,"Wien 6.Bezirk, Mariahilf <906>","Wien 15.Bezirk, Rudolfsheim-Fünfhaus <915>",35
20 bis 24 Jahre,2025,"Wien 6.Bezirk, Mariahilf <906>","Wien 16.Bezirk, Ottakring <916>",37
20 bis 24 Jahre,2025,"Wien 6.Bezirk, Mariahilf <906>","Wien 17.Bezirk, Hernals <917>",16
20 bis 24 Jahre,2025,"Wien 6.Bezirk, Mariahilf <906>","Wien 18.Bezirk, Währing <918>",9
20 bis 24 Jahre,2025,"Wien 6.Bezirk, Mariahilf <906>","Wien 19.Bezirk, Döbling <919>",13
20 bis 24 Jahre,2025,"Wien 6.Bezirk, Mariahilf <906>","Wien 20.Bezirk, Brigittenau <920>",17
20 bis 24 Jahre,2025,"Wien 6.Bezirk, Mariahilf <906>","Wien 21.Bezirk, Floridsdorf <921>",14
20 bis 24 Jahre,2025,"Wien 6.Bezirk, Mariahilf <906>","Wien 22.Bezirk, Donaustadt <922>",15
20 bis 24 Jahre,2025,"Wien 6.Bezirk, Mariahilf <906>","Wien 23.Bezirk, Liesing <923>",6
20 bis 24 Jahre,2025,"Wien 7.Bezirk, Neubau <907>","Wien 1.Bezirk, Innere Stadt <901>",2
20 bis 24 Jahre,2025,"Wien 7.Bezirk, Neubau <907>","Wien 2.Bezirk, Leopoldstadt <902>",18
20 bis 24 Jahre,2025,"Wien 7.Bezirk, Neubau <907>","Wien 3.Bezirk, Landstraße <903>",20
20 bis 24 Jahre,2025,"Wien 7.Bezirk, Neubau <907>","Wien 4.Bezirk, Wieden <904>",10
20 bis 24 Jahre,2025,"Wien 7.Bezirk, Neubau <907>","Wien 5.Bezirk, Margareten <905>",16
20 bis 24 Jahre,2025,"Wien 7.Bezirk, Neubau <907>","Wien 6.Bezirk, Mariahilf <906>",20
20 bis 24 Jahre,2025,"Wien 7.Bezirk, Neubau <907>","Wien 7.Bezirk, Neubau <907>",45
20 bis 24 Jahre,2025,"Wien 7.Bezirk, Neubau <907>","Wien 8.Bezirk, Josefstadt <908>",17
20 bis 24 Jahre,2025,"Wien 7.Bezirk, Neubau <907>","Wien 9.Bezirk, Alsergrund <909>",20
20 bis 24 Jahre,2025,"Wien 7.Bezirk, Neubau <907>","Wien 10.Bezirk, Favoriten <910>",21
20 bis 24 Jahre,2025,"Wien 7.Bezirk, Neubau <907>","Wien 11.Bezirk, Simmering <911>",13
20 bis 24 Jahre,2025,"Wien 7.Bezirk, Neubau <907>","Wien 12.Bezirk, Meidling <912>",24
20 bis 24 Jahre,2025,"Wien 7.Bezirk, Neubau <907>","Wien 13.Bezirk, Hietzing <913>",3
20 bis 24 Jahre,2025,"Wien 7.Bezirk, Neubau <907>","Wien 14.Bezirk, Penzing <914>",13
20 bis 24 Jahre,2025,"Wien 7.Bezirk, Neubau <907>","Wien 15.Bezirk, Rudolfsheim-Fünfhaus <915>",33
20 bis 24 Jahre,2025,"Wien 7.Bezirk, Neubau <907>","Wien 16.Bezirk, Ottakring <916>",30
20 bis 24 Jahre,2025,"Wien 7.Bezirk, Neubau <907>","Wien 17.Bezirk, Hernals <917>",16
20 bis 24 Jahre,2025,"Wien 7.Bezirk, Neubau <907>","Wien 18.Bezirk, Währing <918>",12
20 bis 24 Jahre,2025,"Wien 7.Bezirk, Neubau <907>","Wien 19.Bezirk, Döbling <919>",9
20 bis 24 Jahre,2025,"Wien 7.Bezirk, Neubau <907>","Wien 20.Bezirk, Brigittenau <920>",26
20 bis 24 Jahre,2025,"Wien 7.Bezirk, Neubau <907>","Wien 21.Bezirk, Floridsdorf <921>",6
20 bis 24 Jahre,2025,"Wien 7.Bezirk, Neubau <907>","Wien 22.Bezirk, Donaustadt <922>",10
20 bis 24 Jahre,2025,"Wien 7.Bezirk, Neubau <907>","Wien 23.Bezirk, Liesing <923>",4
20 bis 24 Jahre,2025,"Wien 8.Bezirk, Josefstadt <908>","Wien 1.Bezirk, Innere Stadt <901>",4
20 bis 24 Jahre,2025,"Wien 8.Bezirk, Josefstadt <908>","Wien 2.Bezirk, Leopoldstadt <902>",27
20 bis 24 Jahre,2025,"Wien 8.Bezirk, Josefstadt <908>","Wien 3.Bezirk, Landstraße <903>",20
20 bis 24 Jahre,2025,"Wien 8.Bezirk, Josefstadt <908>","Wien 4.Bezirk, Wieden <904>",9
20 bis 24 Jahre,2025,"Wien 8.Bezirk, Josefstadt <908>","Wien 5.Bezirk, Margareten <905>",23
20 bis 24 Jahre,2025,"Wien 8.Bezirk, Josefstadt <908>","Wien 6.Bezirk, Mariahilf <906>",17
20 bis 24 Jahre,2025,"Wien 8.Bezirk, Josefstadt <908>","Wien 7.Bezirk, Neubau <907>",22
20 bis 24 Jahre,2025,"Wien 8.Bezirk, Josefstadt <908>","Wien 8.Bezirk, Josefstadt <908>",64
20 bis 24 Jahre,2025,"Wien 8.Bezirk, Josefstadt <908>","Wien 9.Bezirk, Alsergrund <909>",46
20 bis 24 Jahre,2025,"Wien 8.Bezirk, Josefstadt <908>","Wien 10.Bezirk, Favoriten <910>",28
20 bis 24 Jahre,2025,"Wien 8.Bezirk, Josefstadt <908>","Wien 11.Bezirk, Simmering <911>",14
20 bis 24 Jahre,2025,"Wien 8.Bezirk, Josefstadt <908>","Wien 12.Bezirk, Meidling <912>",14
20 bis 24 Jahre,2025,"Wien 8.Bezirk, Josefstadt <908>","Wien 13.Bezirk, Hietzing <913>",5
20 bis 24 Jahre,2025,"Wien 8.Bezirk, Josefstadt <908>","Wien 14.Bezirk, Penzing <914>",8
20 bis 24 Jahre,2025,"Wien 8.Bezirk, Josefstadt <908>","Wien 15.Bezirk, Rudolfsheim-Fünfhaus <915>",17
20 bis 24 Jahre,2025,"Wien 8.Bezirk, Josefstadt <908>","Wien 16.Bezirk, Ottakring <916>",43
20 bis 24 Jahre,2025,"Wien 8.Bezirk, Josefstadt <908>","Wien 17.Bezirk, Hernals <917>",14
20 bis 24 Jahre,2025,"Wien 8.Bezirk, Josefstadt <908>","Wien 18.Bezirk, Währing <918>",12
20 bis 24 Jahre,2025,"Wien 8.Bezirk, Josefstadt <908>","Wien 19.Bezirk, Döbling <919>",4
20 bis 24 Jahre,2025,"Wien 8.Bezirk, Josefstadt <908>","Wien 20.Bezirk, Brigittenau <920>",16
20 bis 24 Jahre,2025,"Wien 8.Bezirk, Josefstadt <908>","Wien 21.Bezirk, Floridsdorf <921>",18
20 bis 24 Jahre,2025,"Wien 8.Bezirk, Josefstadt <908>","Wien 22.Bezirk, Donaustadt <922>",14
20 bis 24 Jahre,2025,"Wien 8.Bezirk, Josefstadt <908>","Wien 23.Bezirk, Liesing <923>",8
20 bis 24 Jahre,2025,"Wien 9.Bezirk, Alsergrund <909>","Wien 1.Bezirk, Innere Stadt <901>",12
20 bis 24 Jahre,2025,"Wien 9.Bezirk, Alsergrund <909>","Wien 2.Bezirk, Leopoldstadt <902>",55
20 bis 24 Jahre,2025,"Wien 9.Bezirk, Alsergrund <909>","Wien 3.Bezirk, Landstraße <903>",47
20 bis 24 Jahre,2025,"Wien 9.Bezirk, Alsergrund <909>","Wien 4.Bezirk, Wieden <904>",15
20 bis 24 Jahre,2025,"Wien 9.Bezirk, Alsergrund <909>","Wien 5.Bezirk, Margareten <905>",23
20 bis 24 Jahre,2025,"Wien 9.Bezirk, Alsergrund <909>","Wien 6.Bezirk, Mariahilf <906>",22
20 bis 24 Jahre,2025,"Wien 9.Bezirk, Alsergrund <909>","Wien 7.Bezirk, Neubau <907>",23
20 bis 24 Jahre,2025,"Wien 9.Bezirk, Alsergrund <909>","Wien 8.Bezirk, Josefstadt <908>",37
20 bis 24 Jahre,2025,"Wien 9.Bezirk, Alsergrund <909>","Wien 9.Bezirk, Alsergrund <909>",77
20 bis 24 Jahre,2025,"Wien 9.Bezirk, Alsergrund <909>","Wien 10.Bezirk, Favoriten <910>",46
20 bis 24 Jahre,2025,"Wien 9.Bezirk, Alsergrund <909>","Wien 11.Bezirk, Simmering <911>",14
20 bis 24 Jahre,2025,"Wien 9.Bezirk, Alsergrund <909>","Wien 12.Bezirk, Meidling <912>",20
20 bis 24 Jahre,2025,"Wien 9.Bezirk, Alsergrund <909>","Wien 13.Bezirk, Hietzing <913>",7
20 bis 24 Jahre,2025,"Wien 9.Bezirk, Alsergrund <909>","Wien 14.Bezirk, Penzing <914>",19
20 bis 24 Jahre,2025,"Wien 9.Bezirk, Alsergrund <909>","Wien 15.Bezirk, Rudolfsheim-Fünfhaus <915>",26
20 bis 24 Jahre,2025,"Wien 9.Bezirk, Alsergrund <909>","Wien 16.Bezirk, Ottakring <916>",32
20 bis 24 Jahre,2025,"Wien 9.Bezirk, Alsergrund <909>","Wien 17.Bezirk, Hernals <917>",34
20 bis 24 Jahre,2025,"Wien 9.Bezirk, Alsergrund <909>","Wien 18.Bezirk, Währing <918>",35
20 bis 24 Jahre,2025,"Wien 9.Bezirk, Alsergrund <909>","Wien 19.Bezirk, Döbling <919>",28
20 bis 24 Jahre,2025,"Wien 9.Bezirk, Alsergrund <909>","Wien 20.Bezirk, Brigittenau <920>",46
20 bis 24 Jahre,2025,"Wien 9.Bezirk, Alsergrund <909>","Wien 21.Bezirk, Floridsdorf <921>",31
20 bis 24 Jahre,2025,"Wien 9.Bezirk, Alsergrund <909>","Wien 22.Bezirk, Donaustadt <922>",27
20 bis 24 Jahre,2025,"Wien 9.Bezirk, Alsergrund <909>","Wien 23.Bezirk, Liesing <923>",5
20 bis 24 Jahre,2025,"Wien 10.Bezirk, Favoriten <910>","Wien 1.Bezirk, Innere Stadt <901>",6
20 bis 24 Jahre,2025,"Wien 10.Bezirk, Favoriten <910>","Wien 2.Bezirk, Leopoldstadt <902>",126
20 bis 24 Jahre,2025,"Wien 10.Bezirk, Favoriten <910>","Wien 3.Bezirk, Landstraße <903>",145
20 bis 24 Jahre,2025,"Wien 10.Bezirk, Favoriten <910>","Wien 4.Bezirk, Wieden <904>",62
20 bis 24 Jahre,2025,"Wien 10.Bezirk, Favoriten <910>","Wien 5.Bezirk, Margareten <905>",129
20 bis 24 Jahre,2025,"Wien 10.Bezirk, Favoriten <910>","Wien 6.Bezirk, Mariahilf <906>",43
20 bis 24 Jahre,2025,"Wien 10.Bezirk, Favoriten <910>","Wien 7.Bezirk, Neubau <907>",27
20 bis 24 Jahre,2025,"Wien 10.Bezirk, Favoriten <910>","Wien 8.Bezirk, Josefstadt <908>",29
20 bis 24 Jahre,2025,"Wien 10.Bezirk, Favoriten <910>","Wien 9.Bezirk, Alsergrund <909>",48
20 bis 24 Jahre,2025,"Wien 10.Bezirk, Favoriten <910>","Wien 10.Bezirk, Favoriten <910>",1449
20 bis 24 Jahre,2025,"Wien 10.Bezirk, Favoriten <910>","Wien 11.Bezirk, Simmering <911>",257
20 bis 24 Jahre,2025,"Wien 10.Bezirk, Favoriten <910>","Wien 12.Bezirk, Meidling <912>",193
20 bis 24 Jahre,2025,"Wien 10.Bezirk, Favoriten <910>","Wien 13.Bezirk, Hietzing <913>",35
20 bis 24 Jahre,2025,"Wien 10.Bezirk, Favoriten <910>","Wien 14.Bezirk, Penzing <914>",86
20 bis 24 Jahre,2025,"Wien 10.Bezirk, Favoriten <910>","Wien 15.Bezirk, Rudolfsheim-Fünfhaus <915>",129
20 bis 24 Jahre,2025,"Wien 10.Bezirk, Favoriten <910>","Wien 16.Bezirk, Ottakring <916>",139
20 bis 24 Jahre,2025,"Wien 10.Bezirk, Favoriten <910>","Wien 17.Bezirk, Hernals <917>",62
20 bis 24 Jahre,2025,"Wien 10.Bezirk, Favoriten <910>","Wien 18.Bezirk, Währing <918>",34
20 bis 24 Jahre,2025,"Wien 10.Bezirk, Favoriten <910>","Wien 19.Bezirk, Döbling <919>",34
20 bis 24 Jahre,2025,"Wien 10.Bezirk, Favoriten <910>","Wien 20.Bezirk, Brigittenau <920>",149
20 bis 24 Jahre,2025,"Wien 10.Bezirk, Favoriten <910>","Wien 21.Bezirk, Floridsdorf <921>",195
20 bis 24 Jahre,2025,"Wien 10.Bezirk, Favoriten <910>","Wien 22.Bezirk, Donaustadt <922>",231
20 bis 24 Jahre,2025,"Wien 10.Bezirk, Favoriten <910>","Wien 23.Bezirk, Liesing <923>",138
20 bis 24 Jahre,2025,"Wien 11.Bezirk, Simmering <911>","Wien 1.Bezirk, Innere Stadt <901>",3
20 bis 24 Jahre,2025,"Wien 11.Bezirk, Simmering <911>","Wien 2.Bezirk, Leopoldstadt <902>",53
20 bis 24 Jahre,2025,"Wien 11.Bezirk, Simmering <911>","Wien 3.Bezirk, Landstraße <903>",90
20 bis 24 Jahre,2025,"Wien 11.Bezirk, Simmering <911>","Wien 4.Bezirk, Wieden <904>",12
20 bis 24 Jahre,2025,"Wien 11.Bezirk, Simmering <911>","Wien 5.Bezirk, Margareten <905>",20
20 bis 24 Jahre,2025,"Wien 11.Bezirk, Simmering <911>","Wien 6.Bezirk, Mariahilf <906>",22
20 bis 24 Jahre,2025,"Wien 11.Bezirk, Simmering <911>","Wien 7.Bezirk, Neubau <907>",11
20 bis 24 Jahre,2025,"Wien 11.Bezirk, Simmering <911>","Wien 8.Bezirk, Josefstadt <908>",11
20 bis 24 Jahre,2025,"Wien 11.Bezirk, Simmering <911>","Wien 9.Bezirk, Alsergrund <909>",19
20 bis 24 Jahre,2025,"Wien 11.Bezirk, Simmering <911>","Wien 10.Bezirk, Favoriten <910>",237
20 bis 24 Jahre,2025,"Wien 11.Bezirk, Simmering <911>","Wien 11.Bezirk, Simmering <911>",404
20 bis 24 Jahre,2025,"Wien 11.Bezirk, Simmering <911>","Wien 12.Bezirk, Meidling <912>",54
20 bis 24 Jahre,2025,"Wien 11.Bezirk, Simmering <911>","Wien 13.Bezirk, Hietzing <913>",10
20 bis 24 Jahre,2025,"Wien 11.Bezirk, Simmering <911>","Wien 14.Bezirk, Penzing <914>",28
20 bis 24 Jahre,2025,"Wien 11.Bezirk, Simmering <911>","Wien 15.Bezirk, Rudolfsheim-Fünfhaus <915>",44
20 bis 24 Jahre,2025,"Wien 11.Bezirk, Simmering <911>","Wien 16.Bezirk, Ottakring <916>",50
20 bis 24 Jahre,2025,"Wien 11.Bezirk, Simmering <911>","Wien 17.Bezirk, Hernals <917>",16
20 bis 24 Jahre,2025,"Wien 11.Bezirk, Simmering <911>","Wien 18.Bezirk, Währing <918>",5
20 bis 24 Jahre,2025,"Wien 11.Bezirk, Simmering <911>","Wien 19.Bezirk, Döbling <919>",21
20 bis 24 Jahre,2025,"Wien 11.Bezirk, Simmering <911>","Wien 20.Bezirk, Brigittenau <920>",38
20 bis 24 Jahre,2025,"Wien 11.Bezirk, Simmering <911>","Wien 21.Bezirk, Floridsdorf <921>",66
20 bis 24 Jahre,2025,"Wien 11.Bezirk, Simmering <911>","Wien 22.Bezirk, Donaustadt <922>",98
20 bis 24 Jahre,2025,"Wien 11.Bezirk, Simmering <911>","Wien 23.Bezirk, Liesing <923>",39
20 bis 24 Jahre,2025,"Wien 12.Bezirk, Meidling <912>","Wien 1.Bezirk, Innere Stadt <901>",5
20 bis 24 Jahre,2025,"Wien 12.Bezirk, Meidling <912>","Wien 2.Bezirk, Leopoldstadt <902>",59
20 bis 24 Jahre,2025,"Wien 12.Bezirk, Meidling <912>","Wien 3.Bezirk, Landstraße <903>",64
20 bis 24 Jahre,2025,"Wien 12.Bezirk, Meidling <912>","Wien 4.Bezirk, Wieden <904>",31
20 bis 24 Jahre,2025,"Wien 12.Bezirk, Meidling <912>","Wien 5.Bezirk, Margareten <905>",73
20 bis 24 Jahre,2025,"Wien 12.Bezirk, Meidling <912>","Wien 6.Bezirk, Mariahilf <906>",29
20 bis 24 Jahre,2025,"Wien 12.Bezirk, Meidling <912>","Wien 7.Bezirk, Neubau <907>",17
20 bis 24 Jahre,2025,"Wien 12.Bezirk, Meidling <912>","Wien 8.Bezirk, Josefstadt <908>",13
20 bis 24 Jahre,2025,"Wien 12.Bezirk, Meidling <912>","Wien 9.Bezirk, Alsergrund <909>",16
20 bis 24 Jahre,2025,"Wien 12.Bezirk, Meidling <912>","Wien 10.Bezirk, Favoriten <910>",223
20 bis 24 Jahre,2025,"Wien 12.Bezirk, Meidling <912>","Wien 11.Bezirk, Simmering <911>",51
20 bis 24 Jahre,2025,"Wien 12.Bezirk, Meidling <912>","Wien 12.Bezirk, Meidling <912>",270
20 bis 24 Jahre,2025,"Wien 12.Bezirk, Meidling <912>","Wien 13.Bezirk, Hietzing <913>",35
20 bis 24 Jahre,2025,"Wien 12.Bezirk, Meidling <912>","Wien 14.Bezirk, Penzing <914>",68
20 bis 24 Jahre,2025,"Wien 12.Bezirk, Meidling <912>","Wien 15.Bezirk, Rudolfsheim-Fünfhaus <915>",83
20 bis 24 Jahre,2025,"Wien 12.Bezirk, Meidling <912>","Wien 16.Bezirk, Ottakring <916>",64
20 bis 24 Jahre,2025,"Wien 12.Bezirk, Meidling <912>","Wien 17.Bezirk, Hernals <917>",38
20 bis 24 Jahre,2025,"Wien 12.Bezirk, Meidling <912>","Wien 18.Bezirk, Währing <918>",18
20 bis 24 Jahre,2025,"Wien 12.Bezirk, Meidling <912>","Wien 19.Bezirk, Döbling <919>",25
20 bis 24 Jahre,2025,"Wien 12.Bezirk, Meidling <912>","Wien 20.Bezirk, Brigittenau <920>",45
20 bis 24 Jahre,2025,"Wien 12.Bezirk, Meidling <912>","Wien 21.Bezirk, Floridsdorf <921>",67
20 bis 24 Jahre,2025,"Wien 12.Bezirk, Meidling <912>","Wien 22.Bezirk, Donaustadt <922>",61
20 bis 24 Jahre,2025,"Wien 12.Bezirk, Meidling <912>","Wien 23.Bezirk, Liesing <923>",100
20 bis 24 Jahre,2025,"Wien 13.Bezirk, Hietzing <913>","Wien 1.Bezirk, Innere Stadt <901>",5
20 bis 24 Jahre,2025,"Wien 13.Bezirk, Hietzing <913>","Wien 2.Bezirk, Leopoldstadt <902>",16
20 bis 24 Jahre,2025,"Wien 13.Bezirk, Hietzing <913>","Wien 3.Bezirk, Landstraße <903>",13
20 bis 24 Jahre,2025,"Wien 13.Bezirk, Hietzing <913>","Wien 4.Bezirk, Wieden <904>",12
20 bis 24 Jahre,2025,"Wien 13.Bezirk, Hietzing <913>","Wien 5.Bezirk, Margareten <905>",16
20 bis 24 Jahre,2025,"Wien 13.Bezirk, Hietzing <913>","Wien 6.Bezirk, Mariahilf <906>",15
20 bis 24 Jahre,2025,"Wien 13.Bezirk, Hietzing <913>","Wien 7.Bezirk, Neubau <907>",3
20 bis 24 Jahre,2025,"Wien 13.Bezirk, Hietzing <913>","Wien 8.Bezirk, Josefstadt <908>",4
20 bis 24 Jahre,2025,"Wien 13.Bezirk, Hietzing <913>","Wien 9.Bezirk, Alsergrund <909>",11
20 bis 24 Jahre,2025,"Wien 13.Bezirk, Hietzing <913>","Wien 10.Bezirk, Favoriten <910>",26
20 bis 24 Jahre,2025,"Wien 13.Bezirk, Hietzing <913>","Wien 11.Bezirk, Simmering <911>",10
20 bis 24 Jahre,2025,"Wien 13.Bezirk, Hietzing <913>","Wien 12.Bezirk, Meidling <912>",34
20 bis 24 Jahre,2025,"Wien 13.Bezirk, Hietzing <913>","Wien 13.Bezirk, Hietzing <913>",96
20 bis 24 Jahre,2025,"Wien 13.Bezirk, Hietzing <913>","Wien 14.Bezirk, Penzing <914>",44
20 bis 24 Jahre,2025,"Wien 13.Bezirk, Hietzing <913>","Wien 15.Bezirk, Rudolfsheim-Fünfhaus <915>",14
20 bis 24 Jahre,2025,"Wien 13.Bezirk, Hietzing <913>","Wien 16.Bezirk, Ottakring <916>",19
20 bis 24 Jahre,2025,"Wien 13.Bezirk, Hietzing <913>","Wien 17.Bezirk, Hernals <917>",4
20 bis 24 Jahre,2025,"Wien 13.Bezirk, Hietzing <913>","Wien 18.Bezirk, Währing <918>",5
20 bis 24 Jahre,2025,"Wien 13.Bezirk, Hietzing <913>","Wien 19.Bezirk, Döbling <919>",8
20 bis 24 Jahre,2025,"Wien 13.Bezirk, Hietzing <913>","Wien 20.Bezirk, Brigittenau <920>",12
20 bis 24 Jahre,2025,"Wien 13.Bezirk, Hietzing <913>","Wien 21.Bezirk, Floridsdorf <921>",17
20 bis 24 Jahre,2025,"Wien 13.Bezirk, Hietzing <913>","Wien 22.Bezirk, Donaustadt <922>",28
20 bis 24 Jahre,2025,"Wien 13.Bezirk, Hietzing <913>","Wien 23.Bezirk, Liesing <923>",25
20 bis 24 Jahre,2025,"Wien 14.Bezirk, Penzing <914>","Wien 1.Bezirk, Innere Stadt <901>",2
20 bis 24 Jahre,2025,"Wien 14.Bezirk, Penzing <914>","Wien 2.Bezirk, Leopoldstadt <902>",36
20 bis 24 Jahre,2025,"Wien 14.Bezirk, Penzing <914>","Wien 3.Bezirk, Landstraße <903>",33
20 bis 24 Jahre,2025,"Wien 14.Bezirk, Penzing <914>","Wien 4.Bezirk, Wieden <904>",10
20 bis 24 Jahre,2025,"Wien 14.Bezirk, Penzing <914>","Wien 5.Bezirk, Margareten <905>",32
20 bis 24 Jahre,2025,"Wien 14.Bezirk, Penzing <914>","Wien 6.Bezirk, Mariahilf <906>",21
20 bis 24 Jahre,2025,"Wien 14.Bezirk, Penzing <914>","Wien 7.Bezirk, Neubau <907>",15
20 bis 24 Jahre,2025,"Wien 14.Bezirk, Penzing <914>","Wien 8.Bezirk, Josefstadt <908>",10
20 bis 24 Jahre,2025,"Wien 14.Bezirk, Penzing <914>","Wien 9.Bezirk, Alsergrund <909>",19
20 bis 24 Jahre,2025,"Wien 14.Bezirk, Penzing <914>","Wien 10.Bezirk, Favoriten <910>",93
20 bis 24 Jahre,2025,"Wien 14.Bezirk, Penzing <914>","Wien 11.Bezirk, Simmering <911>",28
20 bis 24 Jahre,2025,"Wien 14.Bezirk, Penzing <914>","Wien 12.Bezirk, Meidling <912>",65
20 bis 24 Jahre,2025,"Wien 14.Bezirk, Penzing <914>","Wien 13.Bezirk, Hietzing <913>",37
20 bis 24 Jahre,2025,"Wien 14.Bezirk, Penzing <914>","Wien 14.Bezirk, Penzing <914>",189
20 bis 24 Jahre,2025,"Wien 14.Bezirk, Penzing <914>","Wien 15.Bezirk, Rudolfsheim-Fünfhaus <915>",85
20 bis 24 Jahre,2025,"Wien 14.Bezirk, Penzing <914>","Wien 16.Bezirk, Ottakring <916>",82
20 bis 24 Jahre,2025,"Wien 14.Bezirk, Penzing <914>","Wien 17.Bezirk, Hernals <917>",37
20 bis 24 Jahre,2025,"Wien 14.Bezirk, Penzing <914>","Wien 18.Bezirk, Währing <918>",20
20 bis 24 Jahre,2025,"Wien 14.Bezirk, Penzing <914>","Wien 19.Bezirk, Döbling <919>",22
20 bis 24 Jahre,2025,"Wien 14.Bezirk, Penzing <914>","Wien 20.Bezirk, Brigittenau <920>",36
20 bis 24 Jahre,2025,"Wien 14.Bezirk, Penzing <914>","Wien 21.Bezirk, Floridsdorf <921>",50
20 bis 24 Jahre,2025,"Wien 14.Bezirk, Penzing <914>","Wien 22.Bezirk, Donaustadt <922>",61
20 bis 24 Jahre,2025,"Wien 14.Bezirk, Penzing <914>","Wien 23.Bezirk, Liesing <923>",33
20 bis 24 Jahre,2025,"Wien 15.Bezirk, Rudolfsheim-Fünfhaus <915>","Wien 1.Bezirk, Innere Stadt <901>",4
20 bis 24 Jahre,2025,"Wien 15.Bezirk, Rudolfsheim-Fünfhaus <915>","Wien 2.Bezirk, Leopoldstadt <902>",58
20 bis 24 Jahre,2025,"Wien 15.Bezirk, Rudolfsheim-Fünfhaus <915>","Wien 3.Bezirk, Landstraße <903>",55
20 bis 24 Jahre,2025,"Wien 15.Bezirk, Rudolfsheim-Fünfhaus <915>","Wien 4.Bezirk, Wieden <904>",23
20 bis 24 Jahre,2025,"Wien 15.Bezirk, Rudolfsheim-Fünfhaus <915>","Wien 5.Bezirk, Margareten <905>",53
20 bis 24 Jahre,2025,"Wien 15.Bezirk, Rudolfsheim-Fünfhaus <915>","Wien 6.Bezirk, Mariahilf <906>",27
20 bis 24 Jahre,2025,"Wien 15.Bezirk, Rudolfsheim-Fünfhaus <915>","Wien 7.Bezirk, Neubau <907>",32
20 bis 24 Jahre,2025,"Wien 15.Bezirk, Rudolfsheim-Fünfhaus <915>","Wien 8.Bezirk, Josefstadt <908>",18
20 bis 24 Jahre,2025,"Wien 15.Bezirk, Rudolfsheim-Fünfhaus <915>","Wien 9.Bezirk, Alsergrund <909>",35
20 bis 24 Jahre,2025,"Wien 15.Bezirk, Rudolfsheim-Fünfhaus <915>","Wien 10.Bezirk, Favoriten <910>",177
20 bis 24 Jahre,2025,"Wien 15.Bezirk, Rudolfsheim-Fünfhaus <915>","Wien 11.Bezirk, Simmering <911>",33
20 bis 24 Jahre,2025,"Wien 15.Bezirk, Rudolfsheim-Fünfhaus <915>","Wien 12.Bezirk, Meidling <912>",114
20 bis 24 Jahre,2025,"Wien 15.Bezirk, Rudolfsheim-Fünfhaus <915>","Wien 13.Bezirk, Hietzing <913>",23
20 bis 24 Jahre,2025,"Wien 15.Bezirk, Rudolfsheim-Fünfhaus <915>","Wien 14.Bezirk, Penzing <914>",90
20 bis 24 Jahre,2025,"Wien 15.Bezirk, Rudolfsheim-Fünfhaus <915>","Wien 15.Bezirk, Rudolfsheim-Fünfhaus <915>",173
20 bis 24 Jahre,2025,"Wien 15.Bezirk, Rudolfsheim-Fünfhaus <915>","Wien 16.Bezirk, Ottakring <916>",99
20 bis 24 Jahre,2025,"Wien 15.Bezirk, Rudolfsheim-Fünfhaus <915>","Wien 17.Bezirk, Hernals <917>",31
20 bis 24 Jahre,2025,"Wien 15.Bezirk, Rudolfsheim-Fünfhaus <915>","Wien 18.Bezirk, Währing <918>",20
20 bis 24 Jahre,2025,"Wien 15.Bezirk, Rudolfsheim-Fünfhaus <915>","Wien 19.Bezirk, Döbling <919>",24
20 bis 24 Jahre,2025,"Wien 15.Bezirk, Rudolfsheim-Fünfhaus <915>","Wien 20.Bezirk, Brigittenau <920>",55
20 bis 24 Jahre,2025,"Wien 15.Bezirk, Rudolfsheim-Fünfhaus <915>","Wien 21.Bezirk, Floridsdorf <921>",63
20 bis 24 Jahre,2025,"Wien 15.Bezirk, Rudolfsheim-Fünfhaus <915>","Wien 22.Bezirk, Donaustadt <922>",69
20 bis 24 Jahre,2025,"Wien 15.Bezirk, Rudolfsheim-Fünfhaus <915>","Wien 23.Bezirk, Liesing <923>",37
20 bis 24 Jahre,2025,"Wien 16.Bezirk, Ottakring <916>","Wien 1.Bezirk, Innere Stadt <901>",2
20 bis 24 Jahre,2025,"Wien 16.Bezirk, Ottakring <916>","Wien 2.Bezirk, Leopoldstadt <902>",59
20 bis 24 Jahre,2025,"Wien 16.Bezirk, Ottakring <916>","Wien 3.Bezirk, Landstraße <903>",52
20 bis 24 Jahre,2025,"Wien 16.Bezirk, Ottakring <916>","Wien 4.Bezirk, Wieden <904>",25
20 bis 24 Jahre,2025,"Wien 16.Bezirk, Ottakring <916>","Wien 5.Bezirk, Margareten <905>",58
20 bis 24 Jahre,2025,"Wien 16.Bezirk, Ottakring <916>","Wien 6.Bezirk, Mariahilf <906>",19
20 bis 24 Jahre,2025,"Wien 16.Bezirk, Ottakring <916>","Wien 7.Bezirk, Neubau <907>",22
20 bis 24 Jahre,2025,"Wien 16.Bezirk, Ottakring <916>","Wien 8.Bezirk, Josefstadt <908>",17
20 bis 24 Jahre,2025,"Wien 16.Bezirk, Ottakring <916>","Wien 9.Bezirk, Alsergrund <909>",33
20 bis 24 Jahre,2025,"Wien 16.Bezirk, Ottakring <916>","Wien 10.Bezirk, Favoriten <910>",162
20 bis 24 Jahre,2025,"Wien 16.Bezirk, Ottakring <916>","Wien 11.Bezirk, Simmering <911>",54
20 bis 24 Jahre,2025,"Wien 16.Bezirk, Ottakring <916>","Wien 12.Bezirk, Meidling <912>",86
20 bis 24 Jahre,2025,"Wien 16.Bezirk, Ottakring <916>","Wien 13.Bezirk, Hietzing <913>",29
20 bis 24 Jahre,2025,"Wien 16.Bezirk, Ottakring <916>","Wien 14.Bezirk, Penzing <914>",107
20 bis 24 Jahre,2025,"Wien 16.Bezirk, Ottakring <916>","Wien 15.Bezirk, Rudolfsheim-Fünfhaus <915>",108
20 bis 24 Jahre,2025,"Wien 16.Bezirk, Ottakring <916>","Wien 16.Bezirk, Ottakring <916>",319
20 bis 24 Jahre,2025,"Wien 16.Bezirk, Ottakring <916>","Wien 17.Bezirk, Hernals <917>",115
20 bis 24 Jahre,2025,"Wien 16.Bezirk, Ottakring <916>","Wien 18.Bezirk, Währing <918>",38
20 bis 24 Jahre,2025,"Wien 16.Bezirk, Ottakring <916>","Wien 19.Bezirk, Döbling <919>",40
20 bis 24 Jahre,2025,"Wien 16.Bezirk, Ottakring <916>","Wien 20.Bezirk, Brigittenau <920>",69
20 bis 24 Jahre,2025,"Wien 16.Bezirk, Ottakring <916>","Wien 21.Bezirk, Floridsdorf <921>",106
20 bis 24 Jahre,2025,"Wien 16.Bezirk, Ottakring <916>","Wien 22.Bezirk, Donaustadt <922>",90
20 bis 24 Jahre,2025,"Wien 16.Bezirk, Ottakring <916>","Wien 23.Bezirk, Liesing <923>",26
20 bis 24 Jahre,2025,"Wien 17.Bezirk, Hernals <917>","Wien 1.Bezirk, Innere Stadt <901>",1
20 bis 24 Jahre,2025,"Wien 17.Bezirk, Hernals <917>","Wien 2.Bezirk, Leopoldstadt <902>",38
20 bis 24 Jahre,2025,"Wien 17.Bezirk, Hernals <917>","Wien 3.Bezirk, Landstraße <903>",25
20 bis 24 Jahre,2025,"Wien 17.Bezirk, Hernals <917>","Wien 4.Bezirk, Wieden <904>",10
20 bis 24 Jahre,2025,"Wien 17.Bezirk, Hernals <917>","Wien 5.Bezirk, Margareten <905>",13
20 bis 24 Jahre,2025,"Wien 17.Bezirk, Hernals <917>","Wien 6.Bezirk, Mariahilf <906>",10
20 bis 24 Jahre,2025,"Wien 17.Bezirk, Hernals <917>","Wien 7.Bezirk, Neubau <907>",11
20 bis 24 Jahre,2025,"Wien 17.Bezirk, Hernals <917>","Wien 8.Bezirk, Josefstadt <908>",15
20 bis 24 Jahre,2025,"Wien 17.Bezirk, Hernals <917>","Wien 9.Bezirk, Alsergrund <909>",14
20 bis 24 Jahre,2025,"Wien 17.Bezirk, Hernals <917>","Wien 10.Bezirk, Favoriten <910>",75
20 bis 24 Jahre,2025,"Wien 17.Bezirk, Hernals <917>","Wien 11.Bezirk, Simmering <911>",37
20 bis 24 Jahre,2025,"Wien 17.Bezirk, Hernals <917>","Wien 12.Bezirk, Meidling <912>",58
20 bis 24 Jahre,2025,"Wien 17.Bezirk, Hernals <917>","Wien 13.Bezirk, Hietzing <913>",9
20 bis 24 Jahre,2025,"Wien 17.Bezirk, Hernals <917>","Wien 14.Bezirk, Penzing <914>",39
20 bis 24 Jahre,2025,"Wien 17.Bezirk, Hernals <917>","Wien 15.Bezirk, Rudolfsheim-Fünfhaus <915>",65
20 bis 24 Jahre,2025,"Wien 17.Bezirk, Hernals <917>","Wien 16.Bezirk, Ottakring <916>",99
20 bis 24 Jahre,2025,"Wien 17.Bezirk, Hernals <917>","Wien 17.Bezirk, Hernals <917>",89
20 bis 24 Jahre,2025,"Wien 17.Bezirk, Hernals <917>","Wien 18.Bezirk, Währing <918>",33
20 bis 24 Jahre,2025,"Wien 17.Bezirk, Hernals <917>","Wien 19.Bezirk, Döbling <919>",40
20 bis 24 Jahre,2025,"Wien 17.Bezirk, Hernals <917>","Wien 20.Bezirk, Brigittenau <920>",30
20 bis 24 Jahre,2025,"Wien 17.Bezirk, Hernals <917>","Wien 21.Bezirk, Floridsdorf <921>",47
20 bis 24 Jahre,2025,"Wien 17.Bezirk, Hernals <917>","Wien 22.Bezirk, Donaustadt <922>",45
20 bis 24 Jahre,2025,"Wien 17.Bezirk, Hernals <917>","Wien 23.Bezirk, Liesing <923>",25
20 bis 24 Jahre,2025,"Wien 18.Bezirk, Währing <918>","Wien 1.Bezirk, Innere Stadt <901>",7
20 bis 24 Jahre,2025,"Wien 18.Bezirk, Währing <918>","Wien 2.Bezirk, Leopoldstadt <902>",24
20 bis 24 Jahre,2025,"Wien 18.Bezirk, Währing <918>","Wien 3.Bezirk, Landstraße <903>",19
20 bis 24 Jahre,2025,"Wien 18.Bezirk, Währing <918>","Wien 4.Bezirk, Wieden <904>",11
20 bis 24 Jahre,2025,"Wien 18.Bezirk, Währing <918>","Wien 5.Bezirk, Margareten <905>",20
20 bis 24 Jahre,2025,"Wien 18.Bezirk, Währing <918>","Wien 6.Bezirk, Mariahilf <906>",13
20 bis 24 Jahre,2025,"Wien 18.Bezirk, Währing <918>","Wien 7.Bezirk, Neubau <907>",10
20 bis 24 Jahre,2025,"Wien 18.Bezirk, Währing <918>","Wien 8.Bezirk, Josefstadt <908>",27
20 bis 24 Jahre,2025,"Wien 18.Bezirk, Währing <918>","Wien 9.Bezirk, Alsergrund <909>",38
20 bis 24 Jahre,2025,"Wien 18.Bezirk, Währing <918>","Wien 10.Bezirk, Favoriten <910>",27
20 bis 24 Jahre,2025,"Wien 18.Bezirk, Währing <918>","Wien 11.Bezirk, Simmering <911>",15
20 bis 24 Jahre,2025,"Wien 18.Bezirk, Währing <918>","Wien 12.Bezirk, Meidling <912>",21
20 bis 24 Jahre,2025,"Wien 18.Bezirk, Währing <918>","Wien 13.Bezirk, Hietzing <913>",7
20 bis 24 Jahre,2025,"Wien 18.Bezirk, Währing <918>","Wien 14.Bezirk, Penzing <914>",20
20 bis 24 Jahre,2025,"Wien 18.Bezirk, Währing <918>","Wien 15.Bezirk, Rudolfsheim-Fünfhaus <915>",39
20 bis 24 Jahre,2025,"Wien 18.Bezirk, Währing <918>","Wien 16.Bezirk, Ottakring <916>",26
20 bis 24 Jahre,2025,"Wien 18.Bezirk, Währing <918>","Wien 17.Bezirk, Hernals <917>",33
20 bis 24 Jahre,2025,"Wien 18.Bezirk, Währing <918>","Wien 18.Bezirk, Währing <918>",75
20 bis 24 Jahre,2025,"Wien 18.Bezirk, Währing <918>","Wien 19.Bezirk, Döbling <919>",33
20 bis 24 Jahre,2025,"Wien 18.Bezirk, Währing <918>","Wien 20.Bezirk, Brigittenau <920>",25
20 bis 24 Jahre,2025,"Wien 18.Bezirk, Währing <918>","Wien 21.Bezirk, Floridsdorf <921>",23
20 bis 24 Jahre,2025,"Wien 18.Bezirk, Währing <918>","Wien 22.Bezirk, Donaustadt <922>",29
20 bis 24 Jahre,2025,"Wien 18.Bezirk, Währing <918>","Wien 23.Bezirk, Liesing <923>",8
20 bis 24 Jahre,2025,"Wien 19.Bezirk, Döbling <919>","Wien 1.Bezirk, Innere Stadt <901>",9
20 bis 24 Jahre,2025,"Wien 19.Bezirk, Döbling <919>","Wien 2.Bezirk, Leopoldstadt <902>",40
20 bis 24 Jahre,2025,"Wien 19.Bezirk, Döbling <919>","Wien 3.Bezirk, Landstraße <903>",43
20 bis 24 Jahre,2025,"Wien 19.Bezirk, Döbling <919>","Wien 4.Bezirk, Wieden <904>",12
20 bis 24 Jahre,2025,"Wien 19.Bezirk, Döbling <919>","Wien 5.Bezirk, Margareten <905>",20
20 bis 24 Jahre,2025,"Wien 19.Bezirk, Döbling <919>","Wien 6.Bezirk, Mariahilf <906>",8
20 bis 24 Jahre,2025,"Wien 19.Bezirk, Döbling <919>","Wien 7.Bezirk, Neubau <907>",10
20 bis 24 Jahre,2025,"Wien 19.Bezirk, Döbling <919>","Wien 8.Bezirk, Josefstadt <908>",17
20 bis 24 Jahre,2025,"Wien 19.Bezirk, Döbling <919>","Wien 9.Bezirk, Alsergrund <909>",32
20 bis 24 Jahre,2025,"Wien 19.Bezirk, Döbling <919>","Wien 10.Bezirk, Favoriten <910>",52
20 bis 24 Jahre,2025,"Wien 19.Bezirk, Döbling <919>","Wien 11.Bezirk, Simmering <911>",19
20 bis 24 Jahre,2025,"Wien 19.Bezirk, Döbling <919>","Wien 12.Bezirk, Meidling <912>",27
20 bis 24 Jahre,2025,"Wien 19.Bezirk, Döbling <919>","Wien 13.Bezirk, Hietzing <913>",11
20 bis 24 Jahre,2025,"Wien 19.Bezirk, Döbling <919>","Wien 14.Bezirk, Penzing <914>",18
20 bis 24 Jahre,2025,"Wien 19.Bezirk, Döbling <919>","Wien 15.Bezirk, Rudolfsheim-Fünfhaus <915>",38
20 bis 24 Jahre,2025,"Wien 19.Bezirk, Döbling <919>","Wien 16.Bezirk, Ottakring <916>",48
20 bis 24 Jahre,2025,"Wien 19.Bezirk, Döbling <919>","Wien 17.Bezirk, Hernals <917>",33
20 bis 24 Jahre,2025,"Wien 19.Bezirk, Döbling <919>","Wien 18.Bezirk, Währing <918>",44
20 bis 24 Jahre,2025,"Wien 19.Bezirk, Döbling <919>","Wien 19.Bezirk, Döbling <919>",174
20 bis 24 Jahre,2025,"Wien 19.Bezirk, Döbling <919>","Wien 20.Bezirk, Brigittenau <920>",51
20 bis 24 Jahre,2025,"Wien 19.Bezirk, Döbling <919>","Wien 21.Bezirk, Floridsdorf <921>",56
20 bis 24 Jahre,2025,"Wien 19.Bezirk, Döbling <919>","Wien 22.Bezirk, Donaustadt <922>",57
20 bis 24 Jahre,2025,"Wien 19.Bezirk, Döbling <919>","Wien 23.Bezirk, Liesing <923>",12
20 bis 24 Jahre,2025,"Wien 20.Bezirk, Brigittenau <920>","Wien 1.Bezirk, Innere Stadt <901>",4
20 bis 24 Jahre,2025,"Wien 20.Bezirk, Brigittenau <920>","Wien 2.Bezirk, Leopoldstadt <902>",126
20 bis 24 Jahre,2025,"Wien 20.Bezirk, Brigittenau <920>","Wien 3.Bezirk, Landstraße <903>",64
20 bis 24 Jahre,2025,"Wien 20.Bezirk, Brigittenau <920>","Wien 4.Bezirk, Wieden <904>",16
20 bis 24 Jahre,2025,"Wien 20.Bezirk, Brigittenau <920>","Wien 5.Bezirk, Margareten <905>",46
20 bis 24 Jahre,2025,"Wien 20.Bezirk, Brigittenau <920>","Wien 6.Bezirk, Mariahilf <906>",25
20 bis 24 Jahre,2025,"Wien 20.Bezirk, Brigittenau <920>","Wien 7.Bezirk, Neubau <907>",25
20 bis 24 Jahre,2025,"Wien 20.Bezirk, Brigittenau <920>","Wien 8.Bezirk, Josefstadt <908>",21
20 bis 24 Jahre,2025,"Wien 20.Bezirk, Brigittenau <920>","Wien 9.Bezirk, Alsergrund <909>",45
20 bis 24 Jahre,2025,"Wien 20.Bezirk, Brigittenau <920>","Wien 10.Bezirk, Favoriten <910>",157
20 bis 24 Jahre,2025,"Wien 20.Bezirk, Brigittenau <920>","Wien 11.Bezirk, Simmering <911>",51
20 bis 24 Jahre,2025,"Wien 20.Bezirk, Brigittenau <920>","Wien 12.Bezirk, Meidling <912>",50
20 bis 24 Jahre,2025,"Wien 20.Bezirk, Brigittenau <920>","Wien 13.Bezirk, Hietzing <913>",16
20 bis 24 Jahre,2025,"Wien 20.Bezirk, Brigittenau <920>","Wien 14.Bezirk, Penzing <914>",32
20 bis 24 Jahre,2025,"Wien 20.Bezirk, Brigittenau <920>","Wien 15.Bezirk, Rudolfsheim-Fünfhaus <915>",63
20 bis 24 Jahre,2025,"Wien 20.Bezirk, Brigittenau <920>","Wien 16.Bezirk, Ottakring <916>",81
20 bis 24 Jahre,2025,"Wien 20.Bezirk, Brigittenau <920>","Wien 17.Bezirk, Hernals <917>",39
20 bis 24 Jahre,2025,"Wien 20.Bezirk, Brigittenau <920>","Wien 18.Bezirk, Währing <918>",23
20 bis 24 Jahre,2025,"Wien 20.Bezirk, Brigittenau <920>","Wien 19.Bezirk, Döbling <919>",65
20 bis 24 Jahre,2025,"Wien 20.Bezirk, Brigittenau <920>","Wien 20.Bezirk, Brigittenau <920>",322
20 bis 24 Jahre,2025,"Wien 20.Bezirk, Brigittenau <920>","Wien 21.Bezirk, Floridsdorf <921>",191
20 bis 24 Jahre,2025,"Wien 20.Bezirk, Brigittenau <920>","Wien 22.Bezirk, Donaustadt <922>",129
20 bis 24 Jahre,2025,"Wien 20.Bezirk, Brigittenau <920>","Wien 23.Bezirk, Liesing <923>",34
20 bis 24 Jahre,2025,"Wien 21.Bezirk, Floridsdorf <921>","Wien 1.Bezirk, Innere Stadt <901>",4
20 bis 24 Jahre,2025,"Wien 21.Bezirk, Floridsdorf <921>","Wien 2.Bezirk, Leopoldstadt <902>",74
20 bis 24 Jahre,2025,"Wien 21.Bezirk, Floridsdorf <921>","Wien 3.Bezirk, Landstraße <903>",50
20 bis 24 Jahre,2025,"Wien 21.Bezirk, Floridsdorf <921>","Wien 4.Bezirk, Wieden <904>",37
20 bis 24 Jahre,2025,"Wien 21.Bezirk, Floridsdorf <921>","Wien 5.Bezirk, Margareten <905>",41
20 bis 24 Jahre,2025,"Wien 21.Bezirk, Floridsdorf <921>","Wien 6.Bezirk, Mariahilf <906>",8
20 bis 24 Jahre,2025,"Wien 21.Bezirk, Floridsdorf <921>","Wien 7.Bezirk, Neubau <907>",9
20 bis 24 Jahre,2025,"Wien 21.Bezirk, Floridsdorf <921>","Wien 8.Bezirk, Josefstadt <908>",8
20 bis 24 Jahre,2025,"Wien 21.Bezirk, Floridsdorf <921>","Wien 9.Bezirk, Alsergrund <909>",29
20 bis 24 Jahre,2025,"Wien 21.Bezirk, Floridsdorf <921>","Wien 10.Bezirk, Favoriten <910>",180
20 bis 24 Jahre,2025,"Wien 21.Bezirk, Floridsdorf <921>","Wien 11.Bezirk, Simmering <911>",67
20 bis 24 Jahre,2025,"Wien 21.Bezirk, Floridsdorf <921>","Wien 12.Bezirk, Meidling <912>",57
20 bis 24 Jahre,2025,"Wien 21.Bezirk, Floridsdorf <921>","Wien 13.Bezirk, Hietzing <913>",17
20 bis 24 Jahre,2025,"Wien 21.Bezirk, Floridsdorf <921>","Wien 14.Bezirk, Penzing <914>",17
20 bis 24 Jahre,2025,"Wien 21.Bezirk, Floridsdorf <921>","Wien 15.Bezirk, Rudolfsheim-Fünfhaus <915>",45
20 bis 24 Jahre,2025,"Wien 21.Bezirk, Floridsdorf <921>","Wien 16.Bezirk, Ottakring <916>",63
20 bis 24 Jahre,2025,"Wien 21.Bezirk, Floridsdorf <921>","Wien 17.Bezirk, Hernals <917>",29
20 bis 24 Jahre,2025,"Wien 21.Bezirk, Floridsdorf <921>","Wien 18.Bezirk, Währing <918>",25
20 bis 24 Jahre,2025,"Wien 21.Bezirk, Floridsdorf <921>","Wien 19.Bezirk, Döbling <919>",53
20 bis 24 Jahre,2025,"Wien 21.Bezirk, Floridsdorf <921>","Wien 20.Bezirk, Brigittenau <920>",120
20 bis 24 Jahre,2025,"Wien 21.Bezirk, Floridsdorf <921>","Wien 21.Bezirk, Floridsdorf <921>",711
20 bis 24 Jahre,2025,"Wien 21.Bezirk, Floridsdorf <921>","Wien 22.Bezirk, Donaustadt <922>",299
20 bis 24 Jahre,2025,"Wien 21.Bezirk, Floridsdorf <921>","Wien 23.Bezirk, Liesing <923>",52
20 bis 24 Jahre,2025,"Wien 22.Bezirk, Donaustadt <922>","Wien 1.Bezirk, Innere Stadt <901>",8
20 bis 24 Jahre,2025,"Wien 22.Bezirk, Donaustadt <922>","Wien 2.Bezirk, Leopoldstadt <902>",147
20 bis 24 Jahre,2025,"Wien 22.Bezirk, Donaustadt <922>","Wien 3.Bezirk, Landstraße <903>",87
20 bis 24 Jahre,2025,"Wien 22.Bezirk, Donaustadt <922>","Wien 4.Bezirk, Wieden <904>",36
20 bis 24 Jahre,2025,"Wien 22.Bezirk, Donaustadt <922>","Wien 5.Bezirk, Margareten <905>",38
20 bis 24 Jahre,2025,"Wien 22.Bezirk, Donaustadt <922>","Wien 6.Bezirk, Mariahilf <906>",30
20 bis 24 Jahre,2025,"Wien 22.Bezirk, Donaustadt <922>","Wien 7.Bezirk, Neubau <907>",21
20 bis 24 Jahre,2025,"Wien 22.Bezirk, Donaustadt <922>","Wien 8.Bezirk, Josefstadt <908>",22
20 bis 24 Jahre,2025,"Wien 22.Bezirk, Donaustadt <922>","Wien 9.Bezirk, Alsergrund <909>",33
20 bis 24 Jahre,2025,"Wien 22.Bezirk, Donaustadt <922>","Wien 10.Bezirk, Favoriten <910>",165
20 bis 24 Jahre,2025,"Wien 22.Bezirk, Donaustadt <922>","Wien 11.Bezirk, Simmering <911>",57
20 bis 24 Jahre,2025,"Wien 22.Bezirk, Donaustadt <922>","Wien 12.Bezirk, Meidling <912>",50
20 bis 24 Jahre,2025,"Wien 22.Bezirk, Donaustadt <922>","Wien 13.Bezirk, Hietzing <913>",16
20 bis 24 Jahre,2025,"Wien 22.Bezirk, Donaustadt <922>","Wien 14.Bezirk, Penzing <914>",42
20 bis 24 Jahre,2025,"Wien 22.Bezirk, Donaustadt <922>","Wien 15.Bezirk, Rudolfsheim-Fünfhaus <915>",45
20 bis 24 Jahre,2025,"Wien 22.Bezirk, Donaustadt <922>","Wien 16.Bezirk, Ottakring <916>",54
20 bis 24 Jahre,2025,"Wien 22.Bezirk, Donaustadt <922>","Wien 17.Bezirk, Hernals <917>",30
20 bis 24 Jahre,2025,"Wien 22.Bezirk, Donaustadt <922>","Wien 18.Bezirk, Währing <918>",22
20 bis 24 Jahre,2025,"Wien 22.Bezirk, Donaustadt <922>","Wien 19.Bezirk, Döbling <919>",41
20 bis 24 Jahre,2025,"Wien 22.Bezirk, Donaustadt <922>","Wien 20.Bezirk, Brigittenau <920>",71
20 bis 24 Jahre,2025,"Wien 22.Bezirk, Donaustadt <922>","Wien 21.Bezirk, Floridsdorf <921>",243
20 bis 24 Jahre,2025,"Wien 22.Bezirk, Donaustadt <922>","Wien 22.Bezirk, Donaustadt <922>",1009
20 bis 24 Jahre,2025,"Wien 22.Bezirk, Donaustadt <922>","Wien 23.Bezirk, Liesing <923>",38
20 bis 24 Jahre,2025,"Wien 23.Bezirk, Liesing <923>","Wien 1.Bezirk, Innere Stadt <901>",4
20 bis 24 Jahre,2025,"Wien 23.Bezirk, Liesing <923>","Wien 2.Bezirk, Leopoldstadt <902>",30
20 bis 24 Jahre,2025,"Wien 23.Bezirk, Liesing <923>","Wien 3.Bezirk, Landstraße <903>",31
20 bis 24 Jahre,2025,"Wien 23.Bezirk, Liesing <923>","Wien 4.Bezirk, Wieden <904>",9
20 bis 24 Jahre,2025,"Wien 23.Bezirk, Liesing <923>","Wien 5.Bezirk, Margareten <905>",28
20 bis 24 Jahre,2025,"Wien 23.Bezirk, Liesing <923>","Wien 6.Bezirk, Mariahilf <906>",14
20 bis 24 Jahre,2025,"Wien 23.Bezirk, Liesing <923>","Wien 7.Bezirk, Neubau <907>",6
20 bis 24 Jahre,2025,"Wien 23.Bezirk, Liesing <923>","Wien 8.Bezirk, Josefstadt <908>",6
20 bis 24 Jahre,2025,"Wien 23.Bezirk, Liesing <923>","Wien 9.Bezirk, Alsergrund <909>",19
20 bis 24 Jahre,2025,"Wien 23.Bezirk, Liesing <923>","Wien 10.Bezirk, Favoriten <910>",105
20 bis 24 Jahre,2025,"Wien 23.Bezirk, Liesing <923>","Wien 11.Bezirk, Simmering <911>",24
20 bis 24 Jahre,2025,"Wien 23.Bezirk, Liesing <923>","Wien 12.Bezirk, Meidling <912>",68
20 bis 24 Jahre,2025,"Wien 23.Bezirk, Liesing <923>","Wien 13.Bezirk, Hietzing <913>",34
20 bis 24 Jahre,2025,"Wien 23.Bezirk, Liesing <923>","Wien 14.Bezirk, Penzing <914>",30
20 bis 24 Jahre,2025,"Wien 23.Bezirk, Liesing <923>","Wien 15.Bezirk, Rudolfsheim-Fünfhaus <915>",31
20 bis 24 Jahre,2025,"Wien 23.Bezirk, Liesing <923>","Wien 16.Bezirk, Ottakring <916>",37
20 bis 24 Jahre,2025,"Wien 23.Bezirk, Liesing <923>","Wien 17.Bezirk, Hernals <917>",12
20 bis 24 Jahre,2025,"Wien 23.Bezirk, Liesing <923>","Wien 18.Bezirk, Währing <918>",18
20 bis 24 Jahre,2025,"Wien 23.Bezirk, Liesing <923>","Wien 19.Bezirk, Döbling <919>",18
20 bis 24 Jahre,2025,"Wien 23.Bezirk, Liesing <923>","Wien 20.Bezirk, Brigittenau <920>",25
20 bis 24 Jahre,2025,"Wien 23.Bezirk, Liesing <923>","Wien 21.Bezirk, Floridsdorf <921>",43
20 bis 24 Jahre,2025,"Wien 23.Bezirk, Liesing <923>","Wien 22.Bezirk, Donaustadt <922>",56
20 bis 24 Jahre,2025,"Wien 23.Bezirk, Liesing <923>","Wien 23.Bezirk, Liesing <923>",283
25 bis 29 Jahre,2025,"Wien 1.Bezirk, Innere Stadt <901>","Wien 1.Bezirk, Innere Stadt <901>",22
25 bis 29 Jahre,2025,"Wien 1.Bezirk, Innere Stadt <901>","Wien 2.Bezirk, Leopoldstadt <902>",28
25 bis 29 Jahre,2025,"Wien 1.Bezirk, Innere Stadt <901>","Wien 3.Bezirk, Landstraße <903>",21
25 bis 29 Jahre,2025,"Wien 1.Bezirk, Innere Stadt <901>","Wien 4.Bezirk, Wieden <904>",7
25 bis 29 Jahre,2025,"Wien 1.Bezirk, Innere Stadt <901>","Wien 5.Bezirk, Margareten <905>",6
25 bis 29 Jahre,2025,"Wien 1.Bezirk, Innere Stadt <901>","Wien 6.Bezirk, Mariahilf <906>",10
25 bis 29 Jahre,2025,"Wien 1.Bezirk, Innere Stadt <901>","Wien 7.Bezirk, Neubau <907>",5
25 bis 29 Jahre,2025,"Wien 1.Bezirk, Innere Stadt <901>","Wien 8.Bezirk, Josefstadt <908>",9
25 bis 29 Jahre,2025,"Wien 1.Bezirk, Innere Stadt <901>","Wien 9.Bezirk, Alsergrund <909>",12
25 bis 29 Jahre,2025,"Wien 1.Bezirk, Innere Stadt <901>","Wien 10.Bezirk, Favoriten <910>",7
25 bis 29 Jahre,2025,"Wien 1.Bezirk, Innere Stadt <901>","Wien 11.Bezirk, Simmering <911>",3
25 bis 29 Jahre,2025,"Wien 1.Bezirk, Innere Stadt <901>","Wien 12.Bezirk, Meidling <912>",11
25 bis 29 Jahre,2025,"Wien 1.Bezirk, Innere Stadt <901>","Wien 13.Bezirk, Hietzing <913>",2
25 bis 29 Jahre,2025,"Wien 1.Bezirk, Innere Stadt <901>","Wien 14.Bezirk, Penzing <914>",7
25 bis 29 Jahre,2025,"Wien 1.Bezirk, Innere Stadt <901>","Wien 15.Bezirk, Rudolfsheim-Fünfhaus <915>",7
25 bis 29 Jahre,2025,"Wien 1.Bezirk, Innere Stadt <901>","Wien 16.Bezirk, Ottakring <916>",6
25 bis 29 Jahre,2025,"Wien 1.Bezirk, Innere Stadt <901>","Wien 17.Bezirk, Hernals <917>",-
25 bis 29 Jahre,2025,"Wien 1.Bezirk, Innere Stadt <901>","Wien 18.Bezirk, Währing <918>",7
25 bis 29 Jahre,2025,"Wien 1.Bezirk, Innere Stadt <901>","Wien 19.Bezirk, Döbling <919>",8
25 bis 29 Jahre,2025,"Wien 1.Bezirk, Innere Stadt <901>","Wien 20.Bezirk, Brigittenau <920>",2
25 bis 29 Jahre,2025,"Wien 1.Bezirk, Innere Stadt <901>","Wien 21.Bezirk, Floridsdorf <921>",1
25 bis 29 Jahre,2025,"Wien 1.Bezirk, Innere Stadt <901>","Wien 22.Bezirk, Donaustadt <922>",5
25 bis 29 Jahre,2025,"Wien 1.Bezirk, Innere Stadt <901>","Wien 23.Bezirk, Liesing <923>",2
25 bis 29 Jahre,2025,"Wien 2.Bezirk, Leopoldstadt <902>","Wien 1.Bezirk, Innere Stadt <901>",23
25 bis 29 Jahre,2025,"Wien 2.Bezirk, Leopoldstadt <902>","Wien 2.Bezirk, Leopoldstadt <902>",431
25 bis 29 Jahre,2025,"Wien 2.Bezirk, Leopoldstadt <902>","Wien 3.Bezirk, Landstraße <903>",133
25 bis 29 Jahre,2025,"Wien 2.Bezirk, Leopoldstadt <902>","Wien 4.Bezirk, Wieden <904>",47
25 bis 29 Jahre,2025,"Wien 2.Bezirk, Leopoldstadt <902>","Wien 5.Bezirk, Margareten <905>",76
25 bis 29 Jahre,2025,"Wien 2.Bezirk, Leopoldstadt <902>","Wien 6.Bezirk, Mariahilf <906>",38
25 bis 29 Jahre,2025,"Wien 2.Bezirk, Leopoldstadt <902>","Wien 7.Bezirk, Neubau <907>",52
25 bis 29 Jahre,2025,"Wien 2.Bezirk, Leopoldstadt <902>","Wien 8.Bezirk, Josefstadt <908>",37
25 bis 29 Jahre,2025,"Wien 2.Bezirk, Leopoldstadt <902>","Wien 9.Bezirk, Alsergrund <909>",72
25 bis 29 Jahre,2025,"Wien 2.Bezirk, Leopoldstadt <902>","Wien 10.Bezirk, Favoriten <910>",154
25 bis 29 Jahre,2025,"Wien 2.Bezirk, Leopoldstadt <902>","Wien 11.Bezirk, Simmering <911>",49
25 bis 29 Jahre,2025,"Wien 2.Bezirk, Leopoldstadt <902>","Wien 12.Bezirk, Meidling <912>",58
25 bis 29 Jahre,2025,"Wien 2.Bezirk, Leopoldstadt <902>","Wien 13.Bezirk, Hietzing <913>",18
25 bis 29 Jahre,2025,"Wien 2.Bezirk, Leopoldstadt <902>","Wien 14.Bezirk, Penzing <914>",38
25 bis 29 Jahre,2025,"Wien 2.Bezirk, Leopoldstadt <902>","Wien 15.Bezirk, Rudolfsheim-Fünfhaus <915>",63
25 bis 29 Jahre,2025,"Wien 2.Bezirk, Leopoldstadt <902>","Wien 16.Bezirk, Ottakring <916>",62
25 bis 29 Jahre,2025,"Wien 2.Bezirk, Leopoldstadt <902>","Wien 17.Bezirk, Hernals <917>",44
25 bis 29 Jahre,2025,"Wien 2.Bezirk, Leopoldstadt <902>","Wien 18.Bezirk, Währing <918>",38
25 bis 29 Jahre,2025,"Wien 2.Bezirk, Leopoldstadt <902>","Wien 19.Bezirk, Döbling <919>",44
25 bis 29 Jahre,2025,"Wien 2.Bezirk, Leopoldstadt <902>","Wien 20.Bezirk, Brigittenau <920>",146
25 bis 29 Jahre,2025,"Wien 2.Bezirk, Leopoldstadt <902>","Wien 21.Bezirk, Floridsdorf <921>",80
25 bis 29 Jahre,2025,"Wien 2.Bezirk, Leopoldstadt <902>","Wien 22.Bezirk, Donaustadt <922>",194
25 bis 29 Jahre,2025,"Wien 2.Bezirk, Leopoldstadt <902>","Wien 23.Bezirk, Liesing <923>",24
25 bis 29 Jahre,2025,"Wien 3.Bezirk, Landstraße <903>","Wien 1.Bezirk, Innere Stadt <901>",19
25 bis 29 Jahre,2025,"Wien 3.Bezirk, Landstraße <903>","Wien 2.Bezirk, Leopoldstadt <902>",145
25 bis 29 Jahre,2025,"Wien 3.Bezirk, Landstraße <903>","Wien 3.Bezirk, Landstraße <903>",395
25 bis 29 Jahre,2025,"Wien 3.Bezirk, Landstraße <903>","Wien 4.Bezirk, Wieden <904>",70
25 bis 29 Jahre,2025,"Wien 3.Bezirk, Landstraße <903>","Wien 5.Bezirk, Margareten <905>",70
25 bis 29 Jahre,2025,"Wien 3.Bezirk, Landstraße <903>","Wien 6.Bezirk, Mariahilf <906>",53
25 bis 29 Jahre,2025,"Wien 3.Bezirk, Landstraße <903>","Wien 7.Bezirk, Neubau <907>",52
25 bis 29 Jahre,2025,"Wien 3.Bezirk, Landstraße <903>","Wien 8.Bezirk, Josefstadt <908>",31
25 bis 29 Jahre,2025,"Wien 3.Bezirk, Landstraße <903>","Wien 9.Bezirk, Alsergrund <909>",54
25 bis 29 Jahre,2025,"Wien 3.Bezirk, Landstraße <903>","Wien 10.Bezirk, Favoriten <910>",186
25 bis 29 Jahre,2025,"Wien 3.Bezirk, Landstraße <903>","Wien 11.Bezirk, Simmering <911>",92
25 bis 29 Jahre,2025,"Wien 3.Bezirk, Landstraße <903>","Wien 12.Bezirk, Meidling <912>",80
25 bis 29 Jahre,2025,"Wien 3.Bezirk, Landstraße <903>","Wien 13.Bezirk, Hietzing <913>",19
25 bis 29 Jahre,2025,"Wien 3.Bezirk, Landstraße <903>","Wien 14.Bezirk, Penzing <914>",44
25 bis 29 Jahre,2025,"Wien 3.Bezirk, Landstraße <903>","Wien 15.Bezirk, Rudolfsheim-Fünfhaus <915>",78
25 bis 29 Jahre,2025,"Wien 3.Bezirk, Landstraße <903>","Wien 16.Bezirk, Ottakring <916>",56
25 bis 29 Jahre,2025,"Wien 3.Bezirk, Landstraße <903>","Wien 17.Bezirk, Hernals <917>",41
25 bis 29 Jahre,2025,"Wien 3.Bezirk, Landstraße <903>","Wien 18.Bezirk, Währing <918>",37
25 bis 29 Jahre,2025,"Wien 3.Bezirk, Landstraße <903>","Wien 19.Bezirk, Döbling <919>",30
25 bis 29 Jahre,2025,"Wien 3.Bezirk, Landstraße <903>","Wien 20.Bezirk, Brigittenau <920>",72
25 bis 29 Jahre,2025,"Wien 3.Bezirk, Landstraße <903>","Wien 21.Bezirk, Floridsdorf <921>",74
25 bis 29 Jahre,2025,"Wien 3.Bezirk, Landstraße <903>","Wien 22.Bezirk, Donaustadt <922>",123
25 bis 29 Jahre,2025,"Wien 3.Bezirk, Landstraße <903>","Wien 23.Bezirk, Liesing <923>",44
25 bis 29 Jahre,2025,"Wien 4.Bezirk, Wieden <904>","Wien 1.Bezirk, Innere Stadt <901>",8
25 bis 29 Jahre,2025,"Wien 4.Bezirk, Wieden <904>","Wien 2.Bezirk, Leopoldstadt <902>",52
25 bis 29 Jahre,2025,"Wien 4.Bezirk, Wieden <904>","Wien 3.Bezirk, Landstraße <903>",67
25 bis 29 Jahre,2025,"Wien 4.Bezirk, Wieden <904>","Wien 4.Bezirk, Wieden <904>",67
25 bis 29 Jahre,2025,"Wien 4.Bezirk, Wieden <904>","Wien 5.Bezirk, Margareten <905>",66
25 bis 29 Jahre,2025,"Wien 4.Bezirk, Wieden <904>","Wien 6.Bezirk, Mariahilf <906>",26
25 bis 29 Jahre,2025,"Wien 4.Bezirk, Wieden <904>","Wien 7.Bezirk, Neubau <907>",11
25 bis 29 Jahre,2025,"Wien 4.Bezirk, Wieden <904>","Wien 8.Bezirk, Josefstadt <908>",23
25 bis 29 Jahre,2025,"Wien 4.Bezirk, Wieden <904>","Wien 9.Bezirk, Alsergrund <909>",28
25 bis 29 Jahre,2025,"Wien 4.Bezirk, Wieden <904>","Wien 10.Bezirk, Favoriten <910>",82
25 bis 29 Jahre,2025,"Wien 4.Bezirk, Wieden <904>","Wien 11.Bezirk, Simmering <911>",26
25 bis 29 Jahre,2025,"Wien 4.Bezirk, Wieden <904>","Wien 12.Bezirk, Meidling <912>",38
25 bis 29 Jahre,2025,"Wien 4.Bezirk, Wieden <904>","Wien 13.Bezirk, Hietzing <913>",11
25 bis 29 Jahre,2025,"Wien 4.Bezirk, Wieden <904>","Wien 14.Bezirk, Penzing <914>",19
25 bis 29 Jahre,2025,"Wien 4.Bezirk, Wieden <904>","Wien 15.Bezirk, Rudolfsheim-Fünfhaus <915>",34
25 bis 29 Jahre,2025,"Wien 4.Bezirk, Wieden <904>","Wien 16.Bezirk, Ottakring <916>",33
25 bis 29 Jahre,2025,"Wien 4.Bezirk, Wieden <904>","Wien 17.Bezirk, Hernals <917>",16
25 bis 29 Jahre,2025,"Wien 4.Bezirk, Wieden <904>","Wien 18.Bezirk, Währing <918>",9
25 bis 29 Jahre,2025,"Wien 4.Bezirk, Wieden <904>","Wien 19.Bezirk, Döbling <919>",13
25 bis 29 Jahre,2025,"Wien 4.Bezirk, Wieden <904>","Wien 20.Bezirk, Brigittenau <920>",27
25 bis 29 Jahre,2025,"Wien 4.Bezirk, Wieden <904>","Wien 21.Bezirk, Floridsdorf <921>",27
25 bis 29 Jahre,2025,"Wien 4.Bezirk, Wieden <904>","Wien 22.Bezirk, Donaustadt <922>",26
25 bis 29 Jahre,2025,"Wien 4.Bezirk, Wieden <904>","Wien 23.Bezirk, Liesing <923>",10
25 bis 29 Jahre,2025,"Wien 5.Bezirk, Margareten <905>","Wien 1.Bezirk, Innere Stadt <901>",7
25 bis 29 Jahre,2025,"Wien 5.Bezirk, Margareten <905>","Wien 2.Bezirk, Leopoldstadt <902>",84
25 bis 29 Jahre,2025,"Wien 5.Bezirk, Margareten <905>","Wien 3.Bezirk, Landstraße <903>",81
25 bis 29 Jahre,2025,"Wien 5.Bezirk, Margareten <905>","Wien 4.Bezirk, Wieden <904>",42
25 bis 29 Jahre,2025,"Wien 5.Bezirk, Margareten <905>","Wien 5.Bezirk, Margareten <905>",118
25 bis 29 Jahre,2025,"Wien 5.Bezirk, Margareten <905>","Wien 6.Bezirk, Mariahilf <906>",54
25 bis 29 Jahre,2025,"Wien 5.Bezirk, Margareten <905>","Wien 7.Bezirk, Neubau <907>",37
25 bis 29 Jahre,2025,"Wien 5.Bezirk, Margareten <905>","Wien 8.Bezirk, Josefstadt <908>",18
25 bis 29 Jahre,2025,"Wien 5.Bezirk, Margareten <905>","Wien 9.Bezirk, Alsergrund <909>",40
25 bis 29 Jahre,2025,"Wien 5.Bezirk, Margareten <905>","Wien 10.Bezirk, Favoriten <910>",143
25 bis 29 Jahre,2025,"Wien 5.Bezirk, Margareten <905>","Wien 11.Bezirk, Simmering <911>",38
25 bis 29 Jahre,2025,"Wien 5.Bezirk, Margareten <905>","Wien 12.Bezirk, Meidling <912>",84
25 bis 29 Jahre,2025,"Wien 5.Bezirk, Margareten <905>","Wien 13.Bezirk, Hietzing <913>",19
25 bis 29 Jahre,2025,"Wien 5.Bezirk, Margareten <905>","Wien 14.Bezirk, Penzing <914>",58
25 bis 29 Jahre,2025,"Wien 5.Bezirk, Margareten <905>","Wien 15.Bezirk, Rudolfsheim-Fünfhaus <915>",79
25 bis 29 Jahre,2025,"Wien 5.Bezirk, Margareten <905>","Wien 16.Bezirk, Ottakring <916>",60
25 bis 29 Jahre,2025,"Wien 5.Bezirk, Margareten <905>","Wien 17.Bezirk, Hernals <917>",41
25 bis 29 Jahre,2025,"Wien 5.Bezirk, Margareten <905>","Wien 18.Bezirk, Währing <918>",39
25 bis 29 Jahre,2025,"Wien 5.Bezirk, Margareten <905>","Wien 19.Bezirk, Döbling <919>",25
25 bis 29 Jahre,2025,"Wien 5.Bezirk, Margareten <905>","Wien 20.Bezirk, Brigittenau <920>",48
25 bis 29 Jahre,2025,"Wien 5.Bezirk, Margareten <905>","Wien 21.Bezirk, Floridsdorf <921>",30
25 bis 29 Jahre,2025,"Wien 5.Bezirk, Margareten <905>","Wien 22.Bezirk, Donaustadt <922>",69
25 bis 29 Jahre,2025,"Wien 5.Bezirk, Margareten <905>","Wien 23.Bezirk, Liesing <923>",30
25 bis 29 Jahre,2025,"Wien 6.Bezirk, Mariahilf <906>","Wien 1.Bezirk, Innere Stadt <901>",2
25 bis 29 Jahre,2025,"Wien 6.Bezirk, Mariahilf <906>","Wien 2.Bezirk, Leopoldstadt <902>",58
25 bis 29 Jahre,2025,"Wien 6.Bezirk, Mariahilf <906>","Wien 3.Bezirk, Landstraße <903>",58
25 bis 29 Jahre,2025,"Wien 6.Bezirk, Mariahilf <906>","Wien 4.Bezirk, Wieden <904>",22
25 bis 29 Jahre,2025,"Wien 6.Bezirk, Mariahilf <906>","Wien 5.Bezirk, Margareten <905>",55
25 bis 29 Jahre,2025,"Wien 6.Bezirk, Mariahilf <906>","Wien 6.Bezirk, Mariahilf <906>",52
25 bis 29 Jahre,2025,"Wien 6.Bezirk, Mariahilf <906>","Wien 7.Bezirk, Neubau <907>",36
25 bis 29 Jahre,2025,"Wien 6.Bezirk, Mariahilf <906>","Wien 8.Bezirk, Josefstadt <908>",30
25 bis 29 Jahre,2025,"Wien 6.Bezirk, Mariahilf <906>","Wien 9.Bezirk, Alsergrund <909>",33
25 bis 29 Jahre,2025,"Wien 6.Bezirk, Mariahilf <906>","Wien 10.Bezirk, Favoriten <910>",48
25 bis 29 Jahre,2025,"Wien 6.Bezirk, Mariahilf <906>","Wien 11.Bezirk, Simmering <911>",14
25 bis 29 Jahre,2025,"Wien 6.Bezirk, Mariahilf <906>","Wien 12.Bezirk, Meidling <912>",41
25 bis 29 Jahre,2025,"Wien 6.Bezirk, Mariahilf <906>","Wien 13.Bezirk, Hietzing <913>",10
25 bis 29 Jahre,2025,"Wien 6.Bezirk, Mariahilf <906>","Wien 14.Bezirk, Penzing <914>",29
25 bis 29 Jahre,2025,"Wien 6.Bezirk, Mariahilf <906>","Wien 15.Bezirk, Rudolfsheim-Fünfhaus <915>",35
25 bis 29 Jahre,2025,"Wien 6.Bezirk, Mariahilf <906>","Wien 16.Bezirk, Ottakring <916>",47
25 bis 29 Jahre,2025,"Wien 6.Bezirk, Mariahilf <906>","Wien 17.Bezirk, Hernals <917>",21
25 bis 29 Jahre,2025,"Wien 6.Bezirk, Mariahilf <906>","Wien 18.Bezirk, Währing <918>",18
25 bis 29 Jahre,2025,"Wien 6.Bezirk, Mariahilf <906>","Wien 19.Bezirk, Döbling <919>",13
25 bis 29 Jahre,2025,"Wien 6.Bezirk, Mariahilf <906>","Wien 20.Bezirk, Brigittenau <920>",27
25 bis 29 Jahre,2025,"Wien 6.Bezirk, Mariahilf <906>","Wien 21.Bezirk, Floridsdorf <921>",25
25 bis 29 Jahre,2025,"Wien 6.Bezirk, Mariahilf <906>","Wien 22.Bezirk, Donaustadt <922>",22
25 bis 29 Jahre,2025,"Wien 6.Bezirk, Mariahilf <906>","Wien 23.Bezirk, Liesing <923>",9
25 bis 29 Jahre,2025,"Wien 7.Bezirk, Neubau <907>","Wien 1.Bezirk, Innere Stadt <901>",4
25 bis 29 Jahre,2025,"Wien 7.Bezirk, Neubau <907>","Wien 2.Bezirk, Leopoldstadt <902>",32
25 bis 29 Jahre,2025,"Wien 7.Bezirk, Neubau <907>","Wien 3.Bezirk, Landstraße <903>",52
25 bis 29 Jahre,2025,"Wien 7.Bezirk, Neubau <907>","Wien 4.Bezirk, Wieden <904>",16
25 bis 29 Jahre,2025,"Wien 7.Bezirk, Neubau <907>","Wien 5.Bezirk, Margareten <905>",35
25 bis 29 Jahre,2025,"Wien 7.Bezirk, Neubau <907>","Wien 6.Bezirk, Mariahilf <906>",38
25 bis 29 Jahre,2025,"Wien 7.Bezirk, Neubau <907>","Wien 7.Bezirk, Neubau <907>",77
25 bis 29 Jahre,2025,"Wien 7.Bezirk, Neubau <907>","Wien 8.Bezirk, Josefstadt <908>",26
25 bis 29 Jahre,2025,"Wien 7.Bezirk, Neubau <907>","Wien 9.Bezirk, Alsergrund <909>",42
25 bis 29 Jahre,2025,"Wien 7.Bezirk, Neubau <907>","Wien 10.Bezirk, Favoriten <910>",34
25 bis 29 Jahre,2025,"Wien 7.Bezirk, Neubau <907>","Wien 11.Bezirk, Simmering <911>",11
25 bis 29 Jahre,2025,"Wien 7.Bezirk, Neubau <907>","Wien 12.Bezirk, Meidling <912>",35
25 bis 29 Jahre,2025,"Wien 7.Bezirk, Neubau <907>","Wien 13.Bezirk, Hietzing <913>",16
25 bis 29 Jahre,2025,"Wien 7.Bezirk, Neubau <907>","Wien 14.Bezirk, Penzing <914>",24
25 bis 29 Jahre,2025,"Wien 7.Bezirk, Neubau <907>","Wien 15.Bezirk, Rudolfsheim-Fünfhaus <915>",53
25 bis 29 Jahre,2025,"Wien 7.Bezirk, Neubau <907>","Wien 16.Bezirk, Ottakring <916>",52
25 bis 29 Jahre,2025,"Wien 7.Bezirk, Neubau <907>","Wien 17.Bezirk, Hernals <917>",21
25 bis 29 Jahre,2025,"Wien 7.Bezirk, Neubau <907>","Wien 18.Bezirk, Währing <918>",25
25 bis 29 Jahre,2025,"Wien 7.Bezirk, Neubau <907>","Wien 19.Bezirk, Döbling <919>",11
25 bis 29 Jahre,2025,"Wien 7.Bezirk, Neubau <907>","Wien 20.Bezirk, Brigittenau <920>",35
25 bis 29 Jahre,2025,"Wien 7.Bezirk, Neubau <907>","Wien 21.Bezirk, Floridsdorf <921>",18
25 bis 29 Jahre,2025,"Wien 7.Bezirk, Neubau <907>","Wien 22.Bezirk, Donaustadt <922>",16
25 bis 29 Jahre,2025,"Wien 7.Bezirk, Neubau <907>","Wien 23.Bezirk, Liesing <923>",9
25 bis 29 Jahre,2025,"Wien 8.Bezirk, Josefstadt <908>","Wien 1.Bezirk, Innere Stadt <901>",8
25 bis 29 Jahre,2025,"Wien 8.Bezirk, Josefstadt <908>","Wien 2.Bezirk, Leopoldstadt <902>",52
25 bis 29 Jahre,2025,"Wien 8.Bezirk, Josefstadt <908>","Wien 3.Bezirk, Landstraße <903>",33
25 bis 29 Jahre,2025,"Wien 8.Bezirk, Josefstadt <908>","Wien 4.Bezirk, Wieden <904>",21
25 bis 29 Jahre,2025,"Wien 8.Bezirk, Josefstadt <908>","Wien 5.Bezirk, Margareten <905>",33
25 bis 29 Jahre,2025,"Wien 8.Bezirk, Josefstadt <908>","Wien 6.Bezirk, Mariahilf <906>",30
25 bis 29 Jahre,2025,"Wien 8.Bezirk, Josefstadt <908>","Wien 7.Bezirk, Neubau <907>",47
25 bis 29 Jahre,2025,"Wien 8.Bezirk, Josefstadt <908>","Wien 8.Bezirk, Josefstadt <908>",88
25 bis 29 Jahre,2025,"Wien 8.Bezirk, Josefstadt <908>","Wien 9.Bezirk, Alsergrund <909>",56
25 bis 29 Jahre,2025,"Wien 8.Bezirk, Josefstadt <908>","Wien 10.Bezirk, Favoriten <910>",30
25 bis 29 Jahre,2025,"Wien 8.Bezirk, Josefstadt <908>","Wien 11.Bezirk, Simmering <911>",14
25 bis 29 Jahre,2025,"Wien 8.Bezirk, Josefstadt <908>","Wien 12.Bezirk, Meidling <912>",19
25 bis 29 Jahre,2025,"Wien 8.Bezirk, Josefstadt <908>","Wien 13.Bezirk, Hietzing <913>",10
25 bis 29 Jahre,2025,"Wien 8.Bezirk, Josefstadt <908>","Wien 14.Bezirk, Penzing <914>",19
25 bis 29 Jahre,2025,"Wien 8.Bezirk, Josefstadt <908>","Wien 15.Bezirk, Rudolfsheim-Fünfhaus <915>",25
25 bis 29 Jahre,2025,"Wien 8.Bezirk, Josefstadt <908>","Wien 16.Bezirk, Ottakring <916>",46
25 bis 29 Jahre,2025,"Wien 8.Bezirk, Josefstadt <908>","Wien 17.Bezirk, Hernals <917>",30
25 bis 29 Jahre,2025,"Wien 8.Bezirk, Josefstadt <908>","Wien 18.Bezirk, Währing <918>",22
25 bis 29 Jahre,2025,"Wien 8.Bezirk, Josefstadt <908>","Wien 19.Bezirk, Döbling <919>",17
25 bis 29 Jahre,2025,"Wien 8.Bezirk, Josefstadt <908>","Wien 20.Bezirk, Brigittenau <920>",13
25 bis 29 Jahre,2025,"Wien 8.Bezirk, Josefstadt <908>","Wien 21.Bezirk, Floridsdorf <921>",7
25 bis 29 Jahre,2025,"Wien 8.Bezirk, Josefstadt <908>","Wien 22.Bezirk, Donaustadt <922>",16
25 bis 29 Jahre,2025,"Wien 8.Bezirk, Josefstadt <908>","Wien 23.Bezirk, Liesing <923>",6
25 bis 29 Jahre,2025,"Wien 9.Bezirk, Alsergrund <909>","Wien 1.Bezirk, Innere Stadt <901>",9
25 bis 29 Jahre,2025,"Wien 9.Bezirk, Alsergrund <909>","Wien 2.Bezirk, Leopoldstadt <902>",98
25 bis 29 Jahre,2025,"Wien 9.Bezirk, Alsergrund <909>","Wien 3.Bezirk, Landstraße <903>",60
25 bis 29 Jahre,2025,"Wien 9.Bezirk, Alsergrund <909>","Wien 4.Bezirk, Wieden <904>",27
25 bis 29 Jahre,2025,"Wien 9.Bezirk, Alsergrund <909>","Wien 5.Bezirk, Margareten <905>",41
25 bis 29 Jahre,2025,"Wien 9.Bezirk, Alsergrund <909>","Wien 6.Bezirk, Mariahilf <906>",35
25 bis 29 Jahre,2025,"Wien 9.Bezirk, Alsergrund <909>","Wien 7.Bezirk, Neubau <907>",38
25 bis 29 Jahre,2025,"Wien 9.Bezirk, Alsergrund <909>","Wien 8.Bezirk, Josefstadt <908>",48
25 bis 29 Jahre,2025,"Wien 9.Bezirk, Alsergrund <909>","Wien 9.Bezirk, Alsergrund <909>",135
25 bis 29 Jahre,2025,"Wien 9.Bezirk, Alsergrund <909>","Wien 10.Bezirk, Favoriten <910>",43
25 bis 29 Jahre,2025,"Wien 9.Bezirk, Alsergrund <909>","Wien 11.Bezirk, Simmering <911>",11
25 bis 29 Jahre,2025,"Wien 9.Bezirk, Alsergrund <909>","Wien 12.Bezirk, Meidling <912>",38
25 bis 29 Jahre,2025,"Wien 9.Bezirk, Alsergrund <909>","Wien 13.Bezirk, Hietzing <913>",14
25 bis 29 Jahre,2025,"Wien 9.Bezirk, Alsergrund <909>","Wien 14.Bezirk, Penzing <914>",26
25 bis 29 Jahre,2025,"Wien 9.Bezirk, Alsergrund <909>","Wien 15.Bezirk, Rudolfsheim-Fünfhaus <915>",54
25 bis 29 Jahre,2025,"Wien 9.Bezirk, Alsergrund <909>","Wien 16.Bezirk, Ottakring <916>",65
25 bis 29 Jahre,2025,"Wien 9.Bezirk, Alsergrund <909>","Wien 17.Bezirk, Hernals <917>",48
25 bis 29 Jahre,2025,"Wien 9.Bezirk, Alsergrund <909>","Wien 18.Bezirk, Währing <918>",62
25 bis 29 Jahre,2025,"Wien 9.Bezirk, Alsergrund <909>","Wien 19.Bezirk, Döbling <919>",45
25 bis 29 Jahre,2025,"Wien 9.Bezirk, Alsergrund <909>","Wien 20.Bezirk, Brigittenau <920>",62
25 bis 29 Jahre,2025,"Wien 9.Bezirk, Alsergrund <909>","Wien 21.Bezirk, Floridsdorf <921>",43
25 bis 29 Jahre,2025,"Wien 9.Bezirk, Alsergrund <909>","Wien 22.Bezirk, Donaustadt <922>",41
25 bis 29 Jahre,2025,"Wien 9.Bezirk, Alsergrund <909>","Wien 23.Bezirk, Liesing <923>",10
25 bis 29 Jahre,2025,"Wien 10.Bezirk, Favoriten <910>","Wien 1.Bezirk, Innere Stadt <901>",7
25 bis 29 Jahre,2025,"Wien 10.Bezirk, Favoriten <910>","Wien 2.Bezirk, Leopoldstadt <902>",163
25 bis 29 Jahre,2025,"Wien 10.Bezirk, Favoriten <910>","Wien 3.Bezirk, Landstraße <903>",176
25 bis 29 Jahre,2025,"Wien 10.Bezirk, Favoriten <910>","Wien 4.Bezirk, Wieden <904>",74
25 bis 29 Jahre,2025,"Wien 10.Bezirk, Favoriten <910>","Wien 5.Bezirk, Margareten <905>",110
25 bis 29 Jahre,2025,"Wien 10.Bezirk, Favoriten <910>","Wien 6.Bezirk, Mariahilf <906>",46
25 bis 29 Jahre,2025,"Wien 10.Bezirk, Favoriten <910>","Wien 7.Bezirk, Neubau <907>",24
25 bis 29 Jahre,2025,"Wien 10.Bezirk, Favoriten <910>","Wien 8.Bezirk, Josefstadt <908>",26
25 bis 29 Jahre,2025,"Wien 10.Bezirk, Favoriten <910>","Wien 9.Bezirk, Alsergrund <909>",52
25 bis 29 Jahre,2025,"Wien 10.Bezirk, Favoriten <910>","Wien 10.Bezirk, Favoriten <910>",1598
25 bis 29 Jahre,2025,"Wien 10.Bezirk, Favoriten <910>","Wien 11.Bezirk, Simmering <911>",232
25 bis 29 Jahre,2025,"Wien 10.Bezirk, Favoriten <910>","Wien 12.Bezirk, Meidling <912>",208
25 bis 29 Jahre,2025,"Wien 10.Bezirk, Favoriten <910>","Wien 13.Bezirk, Hietzing <913>",34
25 bis 29 Jahre,2025,"Wien 10.Bezirk, Favoriten <910>","Wien 14.Bezirk, Penzing <914>",93
25 bis 29 Jahre,2025,"Wien 10.Bezirk, Favoriten <910>","Wien 15.Bezirk, Rudolfsheim-Fünfhaus <915>",151
25 bis 29 Jahre,2025,"Wien 10.Bezirk, Favoriten <910>","Wien 16.Bezirk, Ottakring <916>",125
25 bis 29 Jahre,2025,"Wien 10.Bezirk, Favoriten <910>","Wien 17.Bezirk, Hernals <917>",61
25 bis 29 Jahre,2025,"Wien 10.Bezirk, Favoriten <910>","Wien 18.Bezirk, Währing <918>",33
25 bis 29 Jahre,2025,"Wien 10.Bezirk, Favoriten <910>","Wien 19.Bezirk, Döbling <919>",38
25 bis 29 Jahre,2025,"Wien 10.Bezirk, Favoriten <910>","Wien 20.Bezirk, Brigittenau <920>",129
25 bis 29 Jahre,2025,"Wien 10.Bezirk, Favoriten <910>","Wien 21.Bezirk, Floridsdorf <921>",221
25 bis 29 Jahre,2025,"Wien 10.Bezirk, Favoriten <910>","Wien 22.Bezirk, Donaustadt <922>",306
25 bis 29 Jahre,2025,"Wien 10.Bezirk, Favoriten <910>","Wien 23.Bezirk, Liesing <923>",153
25 bis 29 Jahre,2025,"Wien 11.Bezirk, Simmering <911>","Wien 1.Bezirk, Innere Stadt <901>",2
25 bis 29 Jahre,2025,"Wien 11.Bezirk, Simmering <911>","Wien 2.Bezirk, Leopoldstadt <902>",53
25 bis 29 Jahre,2025,"Wien 11.Bezirk, Simmering <911>","Wien 3.Bezirk, Landstraße <903>",90
25 bis 29 Jahre,2025,"Wien 11.Bezirk, Simmering <911>","Wien 4.Bezirk, Wieden <904>",20
25 bis 29 Jahre,2025,"Wien 11.Bezirk, Simmering <911>","Wien 5.Bezirk, Margareten <905>",24
25 bis 29 Jahre,2025,"Wien 11.Bezirk, Simmering <911>","Wien 6.Bezirk, Mariahilf <906>",20
25 bis 29 Jahre,2025,"Wien 11.Bezirk, Simmering <911>","Wien 7.Bezirk, Neubau <907>",8
25 bis 29 Jahre,2025,"Wien 11.Bezirk, Simmering <911>","Wien 8.Bezirk, Josefstadt <908>",8
25 bis 29 Jahre,2025,"Wien 11.Bezirk, Simmering <911>","Wien 9.Bezirk, Alsergrund <909>",18
25 bis 29 Jahre,2025,"Wien 11.Bezirk, Simmering <911>","Wien 10.Bezirk, Favoriten <910>",237
25 bis 29 Jahre,2025,"Wien 11.Bezirk, Simmering <911>","Wien 11.Bezirk, Simmering <911>",442
25 bis 29 Jahre,2025,"Wien 11.Bezirk, Simmering <911>","Wien 12.Bezirk, Meidling <912>",55
25 bis 29 Jahre,2025,"Wien 11.Bezirk, Simmering <911>","Wien 13.Bezirk, Hietzing <913>",11
25 bis 29 Jahre,2025,"Wien 11.Bezirk, Simmering <911>","Wien 14.Bezirk, Penzing <914>",31
25 bis 29 Jahre,2025,"Wien 11.Bezirk, Simmering <911>","Wien 15.Bezirk, Rudolfsheim-Fünfhaus <915>",36
25 bis 29 Jahre,2025,"Wien 11.Bezirk, Simmering <911>","Wien 16.Bezirk, Ottakring <916>",44
25 bis 29 Jahre,2025,"Wien 11.Bezirk, Simmering <911>","Wien 17.Bezirk, Hernals <917>",18
25 bis 29 Jahre,2025,"Wien 11.Bezirk, Simmering <911>","Wien 18.Bezirk, Währing <918>",21
25 bis 29 Jahre,2025,"Wien 11.Bezirk, Simmering <911>","Wien 19.Bezirk, Döbling <919>",16
25 bis 29 Jahre,2025,"Wien 11.Bezirk, Simmering <911>","Wien 20.Bezirk, Brigittenau <920>",42
25 bis 29 Jahre,2025,"Wien 11.Bezirk, Simmering <911>","Wien 21.Bezirk, Floridsdorf <921>",88
25 bis 29 Jahre,2025,"Wien 11.Bezirk, Simmering <911>","Wien 22.Bezirk, Donaustadt <922>",146
25 bis 29 Jahre,2025,"Wien 11.Bezirk, Simmering <911>","Wien 23.Bezirk, Liesing <923>",34
25 bis 29 Jahre,2025,"Wien 12.Bezirk, Meidling <912>","Wien 1.Bezirk, Innere Stadt <901>",1
25 bis 29 Jahre,2025,"Wien 12.Bezirk, Meidling <912>","Wien 2.Bezirk, Leopoldstadt <902>",58
25 bis 29 Jahre,2025,"Wien 12.Bezirk, Meidling <912>","Wien 3.Bezirk, Landstraße <903>",63
25 bis 29 Jahre,2025,"Wien 12.Bezirk, Meidling <912>","Wien 4.Bezirk, Wieden <904>",41
25 bis 29 Jahre,2025,"Wien 12.Bezirk, Meidling <912>","Wien 5.Bezirk, Margareten <905>",64
25 bis 29 Jahre,2025,"Wien 12.Bezirk, Meidling <912>","Wien 6.Bezirk, Mariahilf <906>",34
25 bis 29 Jahre,2025,"Wien 12.Bezirk, Meidling <912>","Wien 7.Bezirk, Neubau <907>",33
25 bis 29 Jahre,2025,"Wien 12.Bezirk, Meidling <912>","Wien 8.Bezirk, Josefstadt <908>",18
25 bis 29 Jahre,2025,"Wien 12.Bezirk, Meidling <912>","Wien 9.Bezirk, Alsergrund <909>",37
25 bis 29 Jahre,2025,"Wien 12.Bezirk, Meidling <912>","Wien 10.Bezirk, Favoriten <910>",206
25 bis 29 Jahre,2025,"Wien 12.Bezirk, Meidling <912>","Wien 11.Bezirk, Simmering <911>",71
25 bis 29 Jahre,2025,"Wien 12.Bezirk, Meidling <912>","Wien 12.Bezirk, Meidling <912>",324
25 bis 29 Jahre,2025,"Wien 12.Bezirk, Meidling <912>","Wien 13.Bezirk, Hietzing <913>",36
25 bis 29 Jahre,2025,"Wien 12.Bezirk, Meidling <912>","Wien 14.Bezirk, Penzing <914>",80
25 bis 29 Jahre,2025,"Wien 12.Bezirk, Meidling <912>","Wien 15.Bezirk, Rudolfsheim-Fünfhaus <915>",99
25 bis 29 Jahre,2025,"Wien 12.Bezirk, Meidling <912>","Wien 16.Bezirk, Ottakring <916>",83
25 bis 29 Jahre,2025,"Wien 12.Bezirk, Meidling <912>","Wien 17.Bezirk, Hernals <917>",58
25 bis 29 Jahre,2025,"Wien 12.Bezirk, Meidling <912>","Wien 18.Bezirk, Währing <918>",29
25 bis 29 Jahre,2025,"Wien 12.Bezirk, Meidling <912>","Wien 19.Bezirk, Döbling <919>",28
25 bis 29 Jahre,2025,"Wien 12.Bezirk, Meidling <912>","Wien 20.Bezirk, Brigittenau <920>",61
25 bis 29 Jahre,2025,"Wien 12.Bezirk, Meidling <912>","Wien 21.Bezirk, Floridsdorf <921>",89
25 bis 29 Jahre,2025,"Wien 12.Bezirk, Meidling <912>","Wien 22.Bezirk, Donaustadt <922>",105
25 bis 29 Jahre,2025,"Wien 12.Bezirk, Meidling <912>","Wien 23.Bezirk, Liesing <923>",128
25 bis 29 Jahre,2025,"Wien 13.Bezirk, Hietzing <913>","Wien 1.Bezirk, Innere Stadt <901>",8
25 bis 29 Jahre,2025,"Wien 13.Bezirk, Hietzing <913>","Wien 2.Bezirk, Leopoldstadt <902>",15
25 bis 29 Jahre,2025,"Wien 13.Bezirk, Hietzing <913>","Wien 3.Bezirk, Landstraße <903>",19
25 bis 29 Jahre,2025,"Wien 13.Bezirk, Hietzing <913>","Wien 4.Bezirk, Wieden <904>",15
25 bis 29 Jahre,2025,"Wien 13.Bezirk, Hietzing <913>","Wien 5.Bezirk, Margareten <905>",20
25 bis 29 Jahre,2025,"Wien 13.Bezirk, Hietzing <913>","Wien 6.Bezirk, Mariahilf <906>",13
25 bis 29 Jahre,2025,"Wien 13.Bezirk, Hietzing <913>","Wien 7.Bezirk, Neubau <907>",13
25 bis 29 Jahre,2025,"Wien 13.Bezirk, Hietzing <913>","Wien 8.Bezirk, Josefstadt <908>",13
25 bis 29 Jahre,2025,"Wien 13.Bezirk, Hietzing <913>","Wien 9.Bezirk, Alsergrund <909>",11
25 bis 29 Jahre,2025,"Wien 13.Bezirk, Hietzing <913>","Wien 10.Bezirk, Favoriten <910>",26
25 bis 29 Jahre,2025,"Wien 13.Bezirk, Hietzing <913>","Wien 11.Bezirk, Simmering <911>",14
25 bis 29 Jahre,2025,"Wien 13.Bezirk, Hietzing <913>","Wien 12.Bezirk, Meidling <912>",38
25 bis 29 Jahre,2025,"Wien 13.Bezirk, Hietzing <913>","Wien 13.Bezirk, Hietzing <913>",79
25 bis 29 Jahre,2025,"Wien 13.Bezirk, Hietzing <913>","Wien 14.Bezirk, Penzing <914>",49
25 bis 29 Jahre,2025,"Wien 13.Bezirk, Hietzing <913>","Wien 15.Bezirk, Rudolfsheim-Fünfhaus <915>",23
25 bis 29 Jahre,2025,"Wien 13.Bezirk, Hietzing <913>","Wien 16.Bezirk, Ottakring <916>",15
25 bis 29 Jahre,2025,"Wien 13.Bezirk, Hietzing <913>","Wien 17.Bezirk, Hernals <917>",5
25 bis 29 Jahre,2025,"Wien 13.Bezirk, Hietzing <913>","Wien 18.Bezirk, Währing <918>",18
25 bis 29 Jahre,2025,"Wien 13.Bezirk, Hietzing <913>","Wien 19.Bezirk, Döbling <919>",11
25 bis 29 Jahre,2025,"Wien 13.Bezirk, Hietzing <913>","Wien 20.Bezirk, Brigittenau <920>",11
25 bis 29 Jahre,2025,"Wien 13.Bezirk, Hietzing <913>","Wien 21.Bezirk, Floridsdorf <921>",28
25 bis 29 Jahre,2025,"Wien 13.Bezirk, Hietzing <913>","Wien 22.Bezirk, Donaustadt <922>",25
25 bis 29 Jahre,2025,"Wien 13.Bezirk, Hietzing <913>","Wien 23.Bezirk, Liesing <923>",30
25 bis 29 Jahre,2025,"Wien 14.Bezirk, Penzing <914>","Wien 1.Bezirk, Innere Stadt <901>",3
25 bis 29 Jahre,2025,"Wien 14.Bezirk, Penzing <914>","Wien 2.Bezirk, Leopoldstadt <902>",50
25 bis 29 Jahre,2025,"Wien 14.Bezirk, Penzing <914>","Wien 3.Bezirk, Landstraße <903>",46
25 bis 29 Jahre,2025,"Wien 14.Bezirk, Penzing <914>","Wien 4.Bezirk, Wieden <904>",14
25 bis 29 Jahre,2025,"Wien 14.Bezirk, Penzing <914>","Wien 5.Bezirk, Margareten <905>",33
25 bis 29 Jahre,2025,"Wien 14.Bezirk, Penzing <914>","Wien 6.Bezirk, Mariahilf <906>",23
25 bis 29 Jahre,2025,"Wien 14.Bezirk, Penzing <914>","Wien 7.Bezirk, Neubau <907>",21
25 bis 29 Jahre,2025,"Wien 14.Bezirk, Penzing <914>","Wien 8.Bezirk, Josefstadt <908>",16
25 bis 29 Jahre,2025,"Wien 14.Bezirk, Penzing <914>","Wien 9.Bezirk, Alsergrund <909>",22
25 bis 29 Jahre,2025,"Wien 14.Bezirk, Penzing <914>","Wien 10.Bezirk, Favoriten <910>",84
25 bis 29 Jahre,2025,"Wien 14.Bezirk, Penzing <914>","Wien 11.Bezirk, Simmering <911>",29
25 bis 29 Jahre,2025,"Wien 14.Bezirk, Penzing <914>","Wien 12.Bezirk, Meidling <912>",80
25 bis 29 Jahre,2025,"Wien 14.Bezirk, Penzing <914>","Wien 13.Bezirk, Hietzing <913>",59
25 bis 29 Jahre,2025,"Wien 14.Bezirk, Penzing <914>","Wien 14.Bezirk, Penzing <914>",219
25 bis 29 Jahre,2025,"Wien 14.Bezirk, Penzing <914>","Wien 15.Bezirk, Rudolfsheim-Fünfhaus <915>",90
25 bis 29 Jahre,2025,"Wien 14.Bezirk, Penzing <914>","Wien 16.Bezirk, Ottakring <916>",91
25 bis 29 Jahre,2025,"Wien 14.Bezirk, Penzing <914>","Wien 17.Bezirk, Hernals <917>",42
25 bis 29 Jahre,2025,"Wien 14.Bezirk, Penzing <914>","Wien 18.Bezirk, Währing <918>",21
25 bis 29 Jahre,2025,"Wien 14.Bezirk, Penzing <914>","Wien 19.Bezirk, Döbling <919>",27
25 bis 29 Jahre,2025,"Wien 14.Bezirk, Penzing <914>","Wien 20.Bezirk, Brigittenau <920>",36
25 bis 29 Jahre,2025,"Wien 14.Bezirk, Penzing <914>","Wien 21.Bezirk, Floridsdorf <921>",64
25 bis 29 Jahre,2025,"Wien 14.Bezirk, Penzing <914>","Wien 22.Bezirk, Donaustadt <922>",69
25 bis 29 Jahre,2025,"Wien 14.Bezirk, Penzing <914>","Wien 23.Bezirk, Liesing <923>",49
25 bis 29 Jahre,2025,"Wien 15.Bezirk, Rudolfsheim-Fünfhaus <915>","Wien 1.Bezirk, Innere Stadt <901>",4
25 bis 29 Jahre,2025,"Wien 15.Bezirk, Rudolfsheim-Fünfhaus <915>","Wien 2.Bezirk, Leopoldstadt <902>",66
25 bis 29 Jahre,2025,"Wien 15.Bezirk, Rudolfsheim-Fünfhaus <915>","Wien 3.Bezirk, Landstraße <903>",70
25 bis 29 Jahre,2025,"Wien 15.Bezirk, Rudolfsheim-Fünfhaus <915>","Wien 4.Bezirk, Wieden <904>",38
25 bis 29 Jahre,2025,"Wien 15.Bezirk, Rudolfsheim-Fünfhaus <915>","Wien 5.Bezirk, Margareten <905>",67
25 bis 29 Jahre,2025,"Wien 15.Bezirk, Rudolfsheim-Fünfhaus <915>","Wien 6.Bezirk, Mariahilf <906>",40
25 bis 29 Jahre,2025,"Wien 15.Bezirk, Rudolfsheim-Fünfhaus <915>","Wien 7.Bezirk, Neubau <907>",41
25 bis 29 Jahre,2025,"Wien 15.Bezirk, Rudolfsheim-Fünfhaus <915>","Wien 8.Bezirk, Josefstadt <908>",26
25 bis 29 Jahre,2025,"Wien 15.Bezirk, Rudolfsheim-Fünfhaus <915>","Wien 9.Bezirk, Alsergrund <909>",43
25 bis 29 Jahre,2025,"Wien 15.Bezirk, Rudolfsheim-Fünfhaus <915>","Wien 10.Bezirk, Favoriten <910>",175
25 bis 29 Jahre,2025,"Wien 15.Bezirk, Rudolfsheim-Fünfhaus <915>","Wien 11.Bezirk, Simmering <911>",50
25 bis 29 Jahre,2025,"Wien 15.Bezirk, Rudolfsheim-Fünfhaus <915>","Wien 12.Bezirk, Meidling <912>",147
25 bis 29 Jahre,2025,"Wien 15.Bezirk, Rudolfsheim-Fünfhaus <915>","Wien 13.Bezirk, Hietzing <913>",43
25 bis 29 Jahre,2025,"Wien 15.Bezirk, Rudolfsheim-Fünfhaus <915>","Wien 14.Bezirk, Penzing <914>",92
25 bis 29 Jahre,2025,"Wien 15.Bezirk, Rudolfsheim-Fünfhaus <915>","Wien 15.Bezirk, Rudolfsheim-Fünfhaus <915>",239
25 bis 29 Jahre,2025,"Wien 15.Bezirk, Rudolfsheim-Fünfhaus <915>","Wien 16.Bezirk, Ottakring <916>",135
25 bis 29 Jahre,2025,"Wien 15.Bezirk, Rudolfsheim-Fünfhaus <915>","Wien 17.Bezirk, Hernals <917>",66
25 bis 29 Jahre,2025,"Wien 15.Bezirk, Rudolfsheim-Fünfhaus <915>","Wien 18.Bezirk, Währing <918>",34
25 bis 29 Jahre,2025,"Wien 15.Bezirk, Rudolfsheim-Fünfhaus <915>","Wien 19.Bezirk, Döbling <919>",27
25 bis 29 Jahre,2025,"Wien 15.Bezirk, Rudolfsheim-Fünfhaus <915>","Wien 20.Bezirk, Brigittenau <920>",74
25 bis 29 Jahre,2025,"Wien 15.Bezirk, Rudolfsheim-Fünfhaus <915>","Wien 21.Bezirk, Floridsdorf <921>",79
25 bis 29 Jahre,2025,"Wien 15.Bezirk, Rudolfsheim-Fünfhaus <915>","Wien 22.Bezirk, Donaustadt <922>",80
25 bis 29 Jahre,2025,"Wien 15.Bezirk, Rudolfsheim-Fünfhaus <915>","Wien 23.Bezirk, Liesing <923>",52
25 bis 29 Jahre,2025,"Wien 16.Bezirk, Ottakring <916>","Wien 1.Bezirk, Innere Stadt <901>",9
25 bis 29 Jahre,2025,"Wien 16.Bezirk, Ottakring <916>","Wien 2.Bezirk, Leopoldstadt <902>",72
25 bis 29 Jahre,2025,"Wien 16.Bezirk, Ottakring <916>","Wien 3.Bezirk, Landstraße <903>",78
25 bis 29 Jahre,2025,"Wien 16.Bezirk, Ottakring <916>","Wien 4.Bezirk, Wieden <904>",22
25 bis 29 Jahre,2025,"Wien 16.Bezirk, Ottakring <916>","Wien 5.Bezirk, Margareten <905>",81
25 bis 29 Jahre,2025,"Wien 16.Bezirk, Ottakring <916>","Wien 6.Bezirk, Mariahilf <906>",28
25 bis 29 Jahre,2025,"Wien 16.Bezirk, Ottakring <916>","Wien 7.Bezirk, Neubau <907>",38
25 bis 29 Jahre,2025,"Wien 16.Bezirk, Ottakring <916>","Wien 8.Bezirk, Josefstadt <908>",29
25 bis 29 Jahre,2025,"Wien 16.Bezirk, Ottakring <916>","Wien 9.Bezirk, Alsergrund <909>",51
25 bis 29 Jahre,2025,"Wien 16.Bezirk, Ottakring <916>","Wien 10.Bezirk, Favoriten <910>",175
25 bis 29 Jahre,2025,"Wien 16.Bezirk, Ottakring <916>","Wien 11.Bezirk, Simmering <911>",62
25 bis 29 Jahre,2025,"Wien 16.Bezirk, Ottakring <916>","Wien 12.Bezirk, Meidling <912>",105
25 bis 29 Jahre,2025,"Wien 16.Bezirk, Ottakring <916>","Wien 13.Bezirk, Hietzing <913>",26
25 bis 29 Jahre,2025,"Wien 16.Bezirk, Ottakring <916>","Wien 14.Bezirk, Penzing <914>",113
25 bis 29 Jahre,2025,"Wien 16.Bezirk, Ottakring <916>","Wien 15.Bezirk, Rudolfsheim-Fünfhaus <915>",147
25 bis 29 Jahre,2025,"Wien 16.Bezirk, Ottakring <916>","Wien 16.Bezirk, Ottakring <916>",357
25 bis 29 Jahre,2025,"Wien 16.Bezirk, Ottakring <916>","Wien 17.Bezirk, Hernals <917>",131
25 bis 29 Jahre,2025,"Wien 16.Bezirk, Ottakring <916>","Wien 18.Bezirk, Währing <918>",43
25 bis 29 Jahre,2025,"Wien 16.Bezirk, Ottakring <916>","Wien 19.Bezirk, Döbling <919>",62
25 bis 29 Jahre,2025,"Wien 16.Bezirk, Ottakring <916>","Wien 20.Bezirk, Brigittenau <920>",81
25 bis 29 Jahre,2025,"Wien 16.Bezirk, Ottakring <916>","Wien 21.Bezirk, Floridsdorf <921>",103
25 bis 29 Jahre,2025,"Wien 16.Bezirk, Ottakring <916>","Wien 22.Bezirk, Donaustadt <922>",115
25 bis 29 Jahre,2025,"Wien 16.Bezirk, Ottakring <916>","Wien 23.Bezirk, Liesing <923>",60
25 bis 29 Jahre,2025,"Wien 17.Bezirk, Hernals <917>","Wien 1.Bezirk, Innere Stadt <901>",5
25 bis 29 Jahre,2025,"Wien 17.Bezirk, Hernals <917>","Wien 2.Bezirk, Leopoldstadt <902>",47
25 bis 29 Jahre,2025,"Wien 17.Bezirk, Hernals <917>","Wien 3.Bezirk, Landstraße <903>",43
25 bis 29 Jahre,2025,"Wien 17.Bezirk, Hernals <917>","Wien 4.Bezirk, Wieden <904>",17
25 bis 29 Jahre,2025,"Wien 17.Bezirk, Hernals <917>","Wien 5.Bezirk, Margareten <905>",37
25 bis 29 Jahre,2025,"Wien 17.Bezirk, Hernals <917>","Wien 6.Bezirk, Mariahilf <906>",13
25 bis 29 Jahre,2025,"Wien 17.Bezirk, Hernals <917>","Wien 7.Bezirk, Neubau <907>",16
25 bis 29 Jahre,2025,"Wien 17.Bezirk, Hernals <917>","Wien 8.Bezirk, Josefstadt <908>",23
25 bis 29 Jahre,2025,"Wien 17.Bezirk, Hernals <917>","Wien 9.Bezirk, Alsergrund <909>",25
25 bis 29 Jahre,2025,"Wien 17.Bezirk, Hernals <917>","Wien 10.Bezirk, Favoriten <910>",82
25 bis 29 Jahre,2025,"Wien 17.Bezirk, Hernals <917>","Wien 11.Bezirk, Simmering <911>",25
25 bis 29 Jahre,2025,"Wien 17.Bezirk, Hernals <917>","Wien 12.Bezirk, Meidling <912>",50
25 bis 29 Jahre,2025,"Wien 17.Bezirk, Hernals <917>","Wien 13.Bezirk, Hietzing <913>",19
25 bis 29 Jahre,2025,"Wien 17.Bezirk, Hernals <917>","Wien 14.Bezirk, Penzing <914>",42
25 bis 29 Jahre,2025,"Wien 17.Bezirk, Hernals <917>","Wien 15.Bezirk, Rudolfsheim-Fünfhaus <915>",79
25 bis 29 Jahre,2025,"Wien 17.Bezirk, Hernals <917>","Wien 16.Bezirk, Ottakring <916>",143
25 bis 29 Jahre,2025,"Wien 17.Bezirk, Hernals <917>","Wien 17.Bezirk, Hernals <917>",139
25 bis 29 Jahre,2025,"Wien 17.Bezirk, Hernals <917>","Wien 18.Bezirk, Währing <918>",44
25 bis 29 Jahre,2025,"Wien 17.Bezirk, Hernals <917>","Wien 19.Bezirk, Döbling <919>",45
25 bis 29 Jahre,2025,"Wien 17.Bezirk, Hernals <917>","Wien 20.Bezirk, Brigittenau <920>",40
25 bis 29 Jahre,2025,"Wien 17.Bezirk, Hernals <917>","Wien 21.Bezirk, Floridsdorf <921>",54
25 bis 29 Jahre,2025,"Wien 17.Bezirk, Hernals <917>","Wien 22.Bezirk, Donaustadt <922>",57
25 bis 29 Jahre,2025,"Wien 17.Bezirk, Hernals <917>","Wien 23.Bezirk, Liesing <923>",29
25 bis 29 Jahre,2025,"Wien 18.Bezirk, Währing <918>","Wien 1.Bezirk, Innere Stadt <901>",2
25 bis 29 Jahre,2025,"Wien 18.Bezirk, Währing <918>","Wien 2.Bezirk, Leopoldstadt <902>",43
25 bis 29 Jahre,2025,"Wien 18.Bezirk, Währing <918>","Wien 3.Bezirk, Landstraße <903>",49
25 bis 29 Jahre,2025,"Wien 18.Bezirk, Währing <918>","Wien 4.Bezirk, Wieden <904>",19
25 bis 29 Jahre,2025,"Wien 18.Bezirk, Währing <918>","Wien 5.Bezirk, Margareten <905>",26
25 bis 29 Jahre,2025,"Wien 18.Bezirk, Währing <918>","Wien 6.Bezirk, Mariahilf <906>",24
25 bis 29 Jahre,2025,"Wien 18.Bezirk, Währing <918>","Wien 7.Bezirk, Neubau <907>",16
25 bis 29 Jahre,2025,"Wien 18.Bezirk, Währing <918>","Wien 8.Bezirk, Josefstadt <908>",21
25 bis 29 Jahre,2025,"Wien 18.Bezirk, Währing <918>","Wien 9.Bezirk, Alsergrund <909>",52
25 bis 29 Jahre,2025,"Wien 18.Bezirk, Währing <918>","Wien 10.Bezirk, Favoriten <910>",44
25 bis 29 Jahre,2025,"Wien 18.Bezirk, Währing <918>","Wien 11.Bezirk, Simmering <911>",20
25 bis 29 Jahre,2025,"Wien 18.Bezirk, Währing <918>","Wien 12.Bezirk, Meidling <912>",44
25 bis 29 Jahre,2025,"Wien 18.Bezirk, Währing <918>","Wien 13.Bezirk, Hietzing <913>",8
25 bis 29 Jahre,2025,"Wien 18.Bezirk, Währing <918>","Wien 14.Bezirk, Penzing <914>",37
25 bis 29 Jahre,2025,"Wien 18.Bezirk, Währing <918>","Wien 15.Bezirk, Rudolfsheim-Fünfhaus <915>",42
25 bis 29 Jahre,2025,"Wien 18.Bezirk, Währing <918>","Wien 16.Bezirk, Ottakring <916>",55
25 bis 29 Jahre,2025,"Wien 18.Bezirk, Währing <918>","Wien 17.Bezirk, Hernals <917>",58
25 bis 29 Jahre,2025,"Wien 18.Bezirk, Währing <918>","Wien 18.Bezirk, Währing <918>",129
25 bis 29 Jahre,2025,"Wien 18.Bezirk, Währing <918>","Wien 19.Bezirk, Döbling <919>",53
25 bis 29 Jahre,2025,"Wien 18.Bezirk, Währing <918>","Wien 20.Bezirk, Brigittenau <920>",49
25 bis 29 Jahre,2025,"Wien 18.Bezirk, Währing <918>","Wien 21.Bezirk, Floridsdorf <921>",42
25 bis 29 Jahre,2025,"Wien 18.Bezirk, Währing <918>","Wien 22.Bezirk, Donaustadt <922>",29
25 bis 29 Jahre,2025,"Wien 18.Bezirk, Währing <918>","Wien 23.Bezirk, Liesing <923>",8
25 bis 29 Jahre,2025,"Wien 19.Bezirk, Döbling <919>","Wien 1.Bezirk, Innere Stadt <901>",6
25 bis 29 Jahre,2025,"Wien 19.Bezirk, Döbling <919>","Wien 2.Bezirk, Leopoldstadt <902>",46
25 bis 29 Jahre,2025,"Wien 19.Bezirk, Döbling <919>","Wien 3.Bezirk, Landstraße <903>",45
25 bis 29 Jahre,2025,"Wien 19.Bezirk, Döbling <919>","Wien 4.Bezirk, Wieden <904>",20
25 bis 29 Jahre,2025,"Wien 19.Bezirk, Döbling <919>","Wien 5.Bezirk, Margareten <905>",22
25 bis 29 Jahre,2025,"Wien 19.Bezirk, Döbling <919>","Wien 6.Bezirk, Mariahilf <906>",18
25 bis 29 Jahre,2025,"Wien 19.Bezirk, Döbling <919>","Wien 7.Bezirk, Neubau <907>",30
25 bis 29 Jahre,2025,"Wien 19.Bezirk, Döbling <919>","Wien 8.Bezirk, Josefstadt <908>",22
25 bis 29 Jahre,2025,"Wien 19.Bezirk, Döbling <919>","Wien 9.Bezirk, Alsergrund <909>",42
25 bis 29 Jahre,2025,"Wien 19.Bezirk, Döbling <919>","Wien 10.Bezirk, Favoriten <910>",53
25 bis 29 Jahre,2025,"Wien 19.Bezirk, Döbling <919>","Wien 11.Bezirk, Simmering <911>",20
25 bis 29 Jahre,2025,"Wien 19.Bezirk, Döbling <919>","Wien 12.Bezirk, Meidling <912>",30
25 bis 29 Jahre,2025,"Wien 19.Bezirk, Döbling <919>","Wien 13.Bezirk, Hietzing <913>",7
25 bis 29 Jahre,2025,"Wien 19.Bezirk, Döbling <919>","Wien 14.Bezirk, Penzing <914>",35
25 bis 29 Jahre,2025,"Wien 19.Bezirk, Döbling <919>","Wien 15.Bezirk, Rudolfsheim-Fünfhaus <915>",34
25 bis 29 Jahre,2025,"Wien 19.Bezirk, Döbling <919>","Wien 16.Bezirk, Ottakring <916>",45
25 bis 29 Jahre,2025,"Wien 19.Bezirk, Döbling <919>","Wien 17.Bezirk, Hernals <917>",42
25 bis 29 Jahre,2025,"Wien 19.Bezirk, Döbling <919>","Wien 18.Bezirk, Währing <918>",49
25 bis 29 Jahre,2025,"Wien 19.Bezirk, Döbling <919>","Wien 19.Bezirk, Döbling <919>",185
25 bis 29 Jahre,2025,"Wien 19.Bezirk, Döbling <919>","Wien 20.Bezirk, Brigittenau <920>",57
25 bis 29 Jahre,2025,"Wien 19.Bezirk, Döbling <919>","Wien 21.Bezirk, Floridsdorf <921>",71
25 bis 29 Jahre,2025,"Wien 19.Bezirk, Döbling <919>","Wien 22.Bezirk, Donaustadt <922>",55
25 bis 29 Jahre,2025,"Wien 19.Bezirk, Döbling <919>","Wien 23.Bezirk, Liesing <923>",24
25 bis 29 Jahre,2025,"Wien 20.Bezirk, Brigittenau <920>","Wien 1.Bezirk, Innere Stadt <901>",7
25 bis 29 Jahre,2025,"Wien 20.Bezirk, Brigittenau <920>","Wien 2.Bezirk, Leopoldstadt <902>",161
25 bis 29 Jahre,2025,"Wien 20.Bezirk, Brigittenau <920>","Wien 3.Bezirk, Landstraße <903>",65
25 bis 29 Jahre,2025,"Wien 20.Bezirk, Brigittenau <920>","Wien 4.Bezirk, Wieden <904>",27
25 bis 29 Jahre,2025,"Wien 20.Bezirk, Brigittenau <920>","Wien 5.Bezirk, Margareten <905>",43
25 bis 29 Jahre,2025,"Wien 20.Bezirk, Brigittenau <920>","Wien 6.Bezirk, Mariahilf <906>",32
25 bis 29 Jahre,2025,"Wien 20.Bezirk, Brigittenau <920>","Wien 7.Bezirk, Neubau <907>",24
25 bis 29 Jahre,2025,"Wien 20.Bezirk, Brigittenau <920>","Wien 8.Bezirk, Josefstadt <908>",19
25 bis 29 Jahre,2025,"Wien 20.Bezirk, Brigittenau <920>","Wien 9.Bezirk, Alsergrund <909>",61
25 bis 29 Jahre,2025,"Wien 20.Bezirk, Brigittenau <920>","Wien 10.Bezirk, Favoriten <910>",160
25 bis 29 Jahre,2025,"Wien 20.Bezirk, Brigittenau <920>","Wien 11.Bezirk, Simmering <911>",77
25 bis 29 Jahre,2025,"Wien 20.Bezirk, Brigittenau <920>","Wien 12.Bezirk, Meidling <912>",45
25 bis 29 Jahre,2025,"Wien 20.Bezirk, Brigittenau <920>","Wien 13.Bezirk, Hietzing <913>",15
25 bis 29 Jahre,2025,"Wien 20.Bezirk, Brigittenau <920>","Wien 14.Bezirk, Penzing <914>",54
25 bis 29 Jahre,2025,"Wien 20.Bezirk, Brigittenau <920>","Wien 15.Bezirk, Rudolfsheim-Fünfhaus <915>",68
25 bis 29 Jahre,2025,"Wien 20.Bezirk, Brigittenau <920>","Wien 16.Bezirk, Ottakring <916>",75
25 bis 29 Jahre,2025,"Wien 20.Bezirk, Brigittenau <920>","Wien 17.Bezirk, Hernals <917>",45
25 bis 29 Jahre,2025,"Wien 20.Bezirk, Brigittenau <920>","Wien 18.Bezirk, Währing <918>",30
25 bis 29 Jahre,2025,"Wien 20.Bezirk, Brigittenau <920>","Wien 19.Bezirk, Döbling <919>",55
25 bis 29 Jahre,2025,"Wien 20.Bezirk, Brigittenau <920>","Wien 20.Bezirk, Brigittenau <920>",377
25 bis 29 Jahre,2025,"Wien 20.Bezirk, Brigittenau <920>","Wien 21.Bezirk, Floridsdorf <921>",204
25 bis 29 Jahre,2025,"Wien 20.Bezirk, Brigittenau <920>","Wien 22.Bezirk, Donaustadt <922>",185
25 bis 29 Jahre,2025,"Wien 20.Bezirk, Brigittenau <920>","Wien 23.Bezirk, Liesing <923>",30
25 bis 29 Jahre,2025,"Wien 21.Bezirk, Floridsdorf <921>","Wien 1.Bezirk, Innere Stadt <901>",5
25 bis 29 Jahre,2025,"Wien 21.Bezirk, Floridsdorf <921>","Wien 2.Bezirk, Leopoldstadt <902>",83
25 bis 29 Jahre,2025,"Wien 21.Bezirk, Floridsdorf <921>","Wien 3.Bezirk, Landstraße <903>",62
25 bis 29 Jahre,2025,"Wien 21.Bezirk, Floridsdorf <921>","Wien 4.Bezirk, Wieden <904>",26
25 bis 29 Jahre,2025,"Wien 21.Bezirk, Floridsdorf <921>","Wien 5.Bezirk, Margareten <905>",34
25 bis 29 Jahre,2025,"Wien 21.Bezirk, Floridsdorf <921>","Wien 6.Bezirk, Mariahilf <906>",19
25 bis 29 Jahre,2025,"Wien 21.Bezirk, Floridsdorf <921>","Wien 7.Bezirk, Neubau <907>",19
25 bis 29 Jahre,2025,"Wien 21.Bezirk, Floridsdorf <921>","Wien 8.Bezirk, Josefstadt <908>",15
25 bis 29 Jahre,2025,"Wien 21.Bezirk, Floridsdorf <921>","Wien 9.Bezirk, Alsergrund <909>",28
25 bis 29 Jahre,2025,"Wien 21.Bezirk, Floridsdorf <921>","Wien 10.Bezirk, Favoriten <910>",147
25 bis 29 Jahre,2025,"Wien 21.Bezirk, Floridsdorf <921>","Wien 11.Bezirk, Simmering <911>",61
25 bis 29 Jahre,2025,"Wien 21.Bezirk, Floridsdorf <921>","Wien 12.Bezirk, Meidling <912>",54
25 bis 29 Jahre,2025,"Wien 21.Bezirk, Floridsdorf <921>","Wien 13.Bezirk, Hietzing <913>",15
25 bis 29 Jahre,2025,"Wien 21.Bezirk, Floridsdorf <921>","Wien 14.Bezirk, Penzing <914>",30
25 bis 29 Jahre,2025,"Wien 21.Bezirk, Floridsdorf <921>","Wien 15.Bezirk, Rudolfsheim-Fünfhaus <915>",45
25 bis 29 Jahre,2025,"Wien 21.Bezirk, Floridsdorf <921>","Wien 16.Bezirk, Ottakring <916>",53
25 bis 29 Jahre,2025,"Wien 21.Bezirk, Floridsdorf <921>","Wien 17.Bezirk, Hernals <917>",28
25 bis 29 Jahre,2025,"Wien 21.Bezirk, Floridsdorf <921>","Wien 18.Bezirk, Währing <918>",25
25 bis 29 Jahre,2025,"Wien 21.Bezirk, Floridsdorf <921>","Wien 19.Bezirk, Döbling <919>",40
25 bis 29 Jahre,2025,"Wien 21.Bezirk, Floridsdorf <921>","Wien 20.Bezirk, Brigittenau <920>",115
25 bis 29 Jahre,2025,"Wien 21.Bezirk, Floridsdorf <921>","Wien 21.Bezirk, Floridsdorf <921>",733
25 bis 29 Jahre,2025,"Wien 21.Bezirk, Floridsdorf <921>","Wien 22.Bezirk, Donaustadt <922>",422
25 bis 29 Jahre,2025,"Wien 21.Bezirk, Floridsdorf <921>","Wien 23.Bezirk, Liesing <923>",51
25 bis 29 Jahre,2025,"Wien 22.Bezirk, Donaustadt <922>","Wien 1.Bezirk, Innere Stadt <901>",4
25 bis 29 Jahre,2025,"Wien 22.Bezirk, Donaustadt <922>","Wien 2.Bezirk, Leopoldstadt <902>",112
25 bis 29 Jahre,2025,"Wien 22.Bezirk, Donaustadt <922>","Wien 3.Bezirk, Landstraße <903>",99
25 bis 29 Jahre,2025,"Wien 22.Bezirk, Donaustadt <922>","Wien 4.Bezirk, Wieden <904>",30
25 bis 29 Jahre,2025,"Wien 22.Bezirk, Donaustadt <922>","Wien 5.Bezirk, Margareten <905>",38
25 bis 29 Jahre,2025,"Wien 22.Bezirk, Donaustadt <922>","Wien 6.Bezirk, Mariahilf <906>",24
25 bis 29 Jahre,2025,"Wien 22.Bezirk, Donaustadt <922>","Wien 7.Bezirk, Neubau <907>",18
25 bis 29 Jahre,2025,"Wien 22.Bezirk, Donaustadt <922>","Wien 8.Bezirk, Josefstadt <908>",8
25 bis 29 Jahre,2025,"Wien 22.Bezirk, Donaustadt <922>","Wien 9.Bezirk, Alsergrund <909>",36
25 bis 29 Jahre,2025,"Wien 22.Bezirk, Donaustadt <922>","Wien 10.Bezirk, Favoriten <910>",173
25 bis 29 Jahre,2025,"Wien 22.Bezirk, Donaustadt <922>","Wien 11.Bezirk, Simmering <911>",79
25 bis 29 Jahre,2025,"Wien 22.Bezirk, Donaustadt <922>","Wien 12.Bezirk, Meidling <912>",69
25 bis 29 Jahre,2025,"Wien 22.Bezirk, Donaustadt <922>","Wien 13.Bezirk, Hietzing <913>",17
25 bis 29 Jahre,2025,"Wien 22.Bezirk, Donaustadt <922>","Wien 14.Bezirk, Penzing <914>",37
25 bis 29 Jahre,2025,"Wien 22.Bezirk, Donaustadt <922>","Wien 15.Bezirk, Rudolfsheim-Fünfhaus <915>",47
25 bis 29 Jahre,2025,"Wien 22.Bezirk, Donaustadt <922>","Wien 16.Bezirk, Ottakring <916>",59
25 bis 29 Jahre,2025,"Wien 22.Bezirk, Donaustadt <922>","Wien 17.Bezirk, Hernals <917>",28
25 bis 29 Jahre,2025,"Wien 22.Bezirk, Donaustadt <922>","Wien 18.Bezirk, Währing <918>",19
25 bis 29 Jahre,2025,"Wien 22.Bezirk, Donaustadt <922>","Wien 19.Bezirk, Döbling <919>",34
25 bis 29 Jahre,2025,"Wien 22.Bezirk, Donaustadt <922>","Wien 20.Bezirk, Brigittenau <920>",86
25 bis 29 Jahre,2025,"Wien 22.Bezirk, Donaustadt <922>","Wien 21.Bezirk, Floridsdorf <921>",253
25 bis 29 Jahre,2025,"Wien 22.Bezirk, Donaustadt <922>","Wien 22.Bezirk, Donaustadt <922>",1102
25 bis 29 Jahre,2025,"Wien 22.Bezirk, Donaustadt <922>","Wien 23.Bezirk, Liesing <923>",39
25 bis 29 Jahre,2025,"Wien 23.Bezirk, Liesing <923>","Wien 1.Bezirk, Innere Stadt <901>",2
25 bis 29 Jahre,2025,"Wien 23.Bezirk, Liesing <923>","Wien 2.Bezirk, Leopoldstadt <902>",35
25 bis 29 Jahre,2025,"Wien 23.Bezirk, Liesing <923>","Wien 3.Bezirk, Landstraße <903>",31
25 bis 29 Jahre,2025,"Wien 23.Bezirk, Liesing <923>","Wien 4.Bezirk, Wieden <904>",13
25 bis 29 Jahre,2025,"Wien 23.Bezirk, Liesing <923>","Wien 5.Bezirk, Margareten <905>",29
25 bis 29 Jahre,2025,"Wien 23.Bezirk, Liesing <923>","Wien 6.Bezirk, Mariahilf <906>",5
25 bis 29 Jahre,2025,"Wien 23.Bezirk, Liesing <923>","Wien 7.Bezirk, Neubau <907>",11
25 bis 29 Jahre,2025,"Wien 23.Bezirk, Liesing <923>","Wien 8.Bezirk, Josefstadt <908>",7
25 bis 29 Jahre,2025,"Wien 23.Bezirk, Liesing <923>","Wien 9.Bezirk, Alsergrund <909>",11
25 bis 29 Jahre,2025,"Wien 23.Bezirk, Liesing <923>","Wien 10.Bezirk, Favoriten <910>",101
25 bis 29 Jahre,2025,"Wien 23.Bezirk, Liesing <923>","Wien 11.Bezirk, Simmering <911>",38
25 bis 29 Jahre,2025,"Wien 23.Bezirk, Liesing <923>","Wien 12.Bezirk, Meidling <912>",51
25 bis 29 Jahre,2025,"Wien 23.Bezirk, Liesing <923>","Wien 13.Bezirk, Hietzing <913>",35
25 bis 29 Jahre,2025,"Wien 23.Bezirk, Liesing <923>","Wien 14.Bezirk, Penzing <914>",28
25 bis 29 Jahre,2025,"Wien 23.Bezirk, Liesing <923>","Wien 15.Bezirk, Rudolfsheim-Fünfhaus <915>",35
25 bis 29 Jahre,2025,"Wien 23.Bezirk, Liesing <923>","Wien 16.Bezirk, Ottakring <916>",34
25 bis 29 Jahre,2025,"Wien 23.Bezirk, Liesing <923>","Wien 17.Bezirk, Hernals <917>",17
25 bis 29 Jahre,2025,"Wien 23.Bezirk, Liesing <923>","Wien 18.Bezirk, Währing <918>",13
25 bis 29 Jahre,2025,"Wien 23.Bezirk, Liesing <923>","Wien 19.Bezirk, Döbling <919>",15
25 bis 29 Jahre,2025,"Wien 23.Bezirk, Liesing <923>","Wien 20.Bezirk, Brigittenau <920>",28
25 bis 29 Jahre,2025,"Wien 23.Bezirk, Liesing <923>","Wien 21.Bezirk, Floridsdorf <921>",44
25 bis 29 Jahre,2025,"Wien 23.Bezirk, Liesing <923>","Wien 22.Bezirk, Donaustadt <922>",61
25 bis 29 Jahre,2025,"Wien 23.Bezirk, Liesing <923>","Wien 23.Bezirk, Liesing <923>",325
30 bis 34 Jahre,2025,"Wien 1.Bezirk, Innere Stadt <901>","Wien 1.Bezirk, Innere Stadt <901>",34
30 bis 34 Jahre,2025,"Wien 1.Bezirk, Innere Stadt <901>","Wien 2.Bezirk, Leopoldstadt <902>",20
30 bis 34 Jahre,2025,"Wien 1.Bezirk, Innere Stadt <901>","Wien 3.Bezirk, Landstraße <903>",20
30 bis 34 Jahre,2025,"Wien 1.Bezirk, Innere Stadt <901>","Wien 4.Bezirk, Wieden <904>",12
30 bis 34 Jahre,2025,"Wien 1.Bezirk, Innere Stadt <901>","Wien 5.Bezirk, Margareten <905>",4
30 bis 34 Jahre,2025,"Wien 1.Bezirk, Innere Stadt <901>","Wien 6.Bezirk, Mariahilf <906>",8
30 bis 34 Jahre,2025,"Wien 1.Bezirk, Innere Stadt <901>","Wien 7.Bezirk, Neubau <907>",5
30 bis 34 Jahre,2025,"Wien 1.Bezirk, Innere Stadt <901>","Wien 8.Bezirk, Josefstadt <908>",3
30 bis 34 Jahre,2025,"Wien 1.Bezirk, Innere Stadt <901>","Wien 9.Bezirk, Alsergrund <909>",13
30 bis 34 Jahre,2025,"Wien 1.Bezirk, Innere Stadt <901>","Wien 10.Bezirk, Favoriten <910>",8
30 bis 34 Jahre,2025,"Wien 1.Bezirk, Innere Stadt <901>","Wien 11.Bezirk, Simmering <911>",5
30 bis 34 Jahre,2025,"Wien 1.Bezirk, Innere Stadt <901>","Wien 12.Bezirk, Meidling <912>",3
30 bis 34 Jahre,2025,"Wien 1.Bezirk, Innere Stadt <901>","Wien 13.Bezirk, Hietzing <913>",4
30 bis 34 Jahre,2025,"Wien 1.Bezirk, Innere Stadt <901>","Wien 14.Bezirk, Penzing <914>",5
30 bis 34 Jahre,2025,"Wien 1.Bezirk, Innere Stadt <901>","Wien 15.Bezirk, Rudolfsheim-Fünfhaus <915>",1
30 bis 34 Jahre,2025,"Wien 1.Bezirk, Innere Stadt <901>","Wien 16.Bezirk, Ottakring <916>",3
30 bis 34 Jahre,2025,"Wien 1.Bezirk, Innere Stadt <901>","Wien 17.Bezirk, Hernals <917>",2
30 bis 34 Jahre,2025,"Wien 1.Bezirk, Innere Stadt <901>","Wien 18.Bezirk, Währing <918>",3
30 bis 34 Jahre,2025,"Wien 1.Bezirk, Innere Stadt <901>","Wien 19.Bezirk, Döbling <919>",9
30 bis 34 Jahre,2025,"Wien 1.Bezirk, Innere Stadt <901>","Wien 20.Bezirk, Brigittenau <920>",3
30 bis 34 Jahre,2025,"Wien 1.Bezirk, Innere Stadt <901>","Wien 21.Bezirk, Floridsdorf <921>",-
30 bis 34 Jahre,2025,"Wien 1.Bezirk, Innere Stadt <901>","Wien 22.Bezirk, Donaustadt <922>",6
30 bis 34 Jahre,2025,"Wien 1.Bezirk, Innere Stadt <901>","Wien 23.Bezirk, Liesing <923>",2
30 bis 34 Jahre,2025,"Wien 2.Bezirk, Leopoldstadt <902>","Wien 1.Bezirk, Innere Stadt <901>",14
30 bis 34 Jahre,2025,"Wien 2.Bezirk, Leopoldstadt <902>","Wien 2.Bezirk, Leopoldstadt <902>",435
30 bis 34 Jahre,2025,"Wien 2.Bezirk, Leopoldstadt <902>","Wien 3.Bezirk, Landstraße <903>",108
30 bis 34 Jahre,2025,"Wien 2.Bezirk, Leopoldstadt <902>","Wien 4.Bezirk, Wieden <904>",31
30 bis 34 Jahre,2025,"Wien 2.Bezirk, Leopoldstadt <902>","Wien 5.Bezirk, Margareten <905>",38
30 bis 34 Jahre,2025,"Wien 2.Bezirk, Leopoldstadt <902>","Wien 6.Bezirk, Mariahilf <906>",28
30 bis 34 Jahre,2025,"Wien 2.Bezirk, Leopoldstadt <902>","Wien 7.Bezirk, Neubau <907>",15
30 bis 34 Jahre,2025,"Wien 2.Bezirk, Leopoldstadt <902>","Wien 8.Bezirk, Josefstadt <908>",24
30 bis 34 Jahre,2025,"Wien 2.Bezirk, Leopoldstadt <902>","Wien 9.Bezirk, Alsergrund <909>",40
30 bis 34 Jahre,2025,"Wien 2.Bezirk, Leopoldstadt <902>","Wien 10.Bezirk, Favoriten <910>",97
30 bis 34 Jahre,2025,"Wien 2.Bezirk, Leopoldstadt <902>","Wien 11.Bezirk, Simmering <911>",32
30 bis 34 Jahre,2025,"Wien 2.Bezirk, Leopoldstadt <902>","Wien 12.Bezirk, Meidling <912>",48
30 bis 34 Jahre,2025,"Wien 2.Bezirk, Leopoldstadt <902>","Wien 13.Bezirk, Hietzing <913>",20
30 bis 34 Jahre,2025,"Wien 2.Bezirk, Leopoldstadt <902>","Wien 14.Bezirk, Penzing <914>",30
30 bis 34 Jahre,2025,"Wien 2.Bezirk, Leopoldstadt <902>","Wien 15.Bezirk, Rudolfsheim-Fünfhaus <915>",47
30 bis 34 Jahre,2025,"Wien 2.Bezirk, Leopoldstadt <902>","Wien 16.Bezirk, Ottakring <916>",42
30 bis 34 Jahre,2025,"Wien 2.Bezirk, Leopoldstadt <902>","Wien 17.Bezirk, Hernals <917>",20
30 bis 34 Jahre,2025,"Wien 2.Bezirk, Leopoldstadt <902>","Wien 18.Bezirk, Währing <918>",26
30 bis 34 Jahre,2025,"Wien 2.Bezirk, Leopoldstadt <902>","Wien 19.Bezirk, Döbling <919>",33
30 bis 34 Jahre,2025,"Wien 2.Bezirk, Leopoldstadt <902>","Wien 20.Bezirk, Brigittenau <920>",109
30 bis 34 Jahre,2025,"Wien 2.Bezirk, Leopoldstadt <902>","Wien 21.Bezirk, Floridsdorf <921>",77
30 bis 34 Jahre,2025,"Wien 2.Bezirk, Leopoldstadt <902>","Wien 22.Bezirk, Donaustadt <922>",155
30 bis 34 Jahre,2025,"Wien 2.Bezirk, Leopoldstadt <902>","Wien 23.Bezirk, Liesing <923>",29
30 bis 34 Jahre,2025,"Wien 3.Bezirk, Landstraße <903>","Wien 1.Bezirk, Innere Stadt <901>",8
30 bis 34 Jahre,2025,"Wien 3.Bezirk, Landstraße <903>","Wien 2.Bezirk, Leopoldstadt <902>",120
30 bis 34 Jahre,2025,"Wien 3.Bezirk, Landstraße <903>","Wien 3.Bezirk, Landstraße <903>",355
30 bis 34 Jahre,2025,"Wien 3.Bezirk, Landstraße <903>","Wien 4.Bezirk, Wieden <904>",50
30 bis 34 Jahre,2025,"Wien 3.Bezirk, Landstraße <903>","Wien 5.Bezirk, Margareten <905>",45
30 bis 34 Jahre,2025,"Wien 3.Bezirk, Landstraße <903>","Wien 6.Bezirk, Mariahilf <906>",44
30 bis 34 Jahre,2025,"Wien 3.Bezirk, Landstraße <903>","Wien 7.Bezirk, Neubau <907>",30
30 bis 34 Jahre,2025,"Wien 3.Bezirk, Landstraße <903>","Wien 8.Bezirk, Josefstadt <908>",17
30 bis 34 Jahre,2025,"Wien 3.Bezirk, Landstraße <903>","Wien 9.Bezirk, Alsergrund <909>",42
30 bis 34 Jahre,2025,"Wien 3.Bezirk, Landstraße <903>","Wien 10.Bezirk, Favoriten <910>",142
30 bis 34 Jahre,2025,"Wien 3.Bezirk, Landstraße <903>","Wien 11.Bezirk, Simmering <911>",68
30 bis 34 Jahre,2025,"Wien 3.Bezirk, Landstraße <903>","Wien 12.Bezirk, Meidling <912>",49
30 bis 34 Jahre,2025,"Wien 3.Bezirk, Landstraße <903>","Wien 13.Bezirk, Hietzing <913>",18
30 bis 34 Jahre,2025,"Wien 3.Bezirk, Landstraße <903>","Wien 14.Bezirk, Penzing <914>",44
30 bis 34 Jahre,2025,"Wien 3.Bezirk, Landstraße <903>","Wien 15.Bezirk, Rudolfsheim-Fünfhaus <915>",55
30 bis 34 Jahre,2025,"Wien 3.Bezirk, Landstraße <903>","Wien 16.Bezirk, Ottakring <916>",42
30 bis 34 Jahre,2025,"Wien 3.Bezirk, Landstraße <903>","Wien 17.Bezirk, Hernals <917>",33
30 bis 34 Jahre,2025,"Wien 3.Bezirk, Landstraße <903>","Wien 18.Bezirk, Währing <918>",24
30 bis 34 Jahre,2025,"Wien 3.Bezirk, Landstraße <903>","Wien 19.Bezirk, Döbling <919>",30
30 bis 34 Jahre,2025,"Wien 3.Bezirk, Landstraße <903>","Wien 20.Bezirk, Brigittenau <920>",53
30 bis 34 Jahre,2025,"Wien 3.Bezirk, Landstraße <903>","Wien 21.Bezirk, Floridsdorf <921>",57
30 bis 34 Jahre,2025,"Wien 3.Bezirk, Landstraße <903>","Wien 22.Bezirk, Donaustadt <922>",112
30 bis 34 Jahre,2025,"Wien 3.Bezirk, Landstraße <903>","Wien 23.Bezirk, Liesing <923>",41
30 bis 34 Jahre,2025,"Wien 4.Bezirk, Wieden <904>","Wien 1.Bezirk, Innere Stadt <901>",6
30 bis 34 Jahre,2025,"Wien 4.Bezirk, Wieden <904>","Wien 2.Bezirk, Leopoldstadt <902>",42
30 bis 34 Jahre,2025,"Wien 4.Bezirk, Wieden <904>","Wien 3.Bezirk, Landstraße <903>",63
30 bis 34 Jahre,2025,"Wien 4.Bezirk, Wieden <904>","Wien 4.Bezirk, Wieden <904>",50
30 bis 34 Jahre,2025,"Wien 4.Bezirk, Wieden <904>","Wien 5.Bezirk, Margareten <905>",64
30 bis 34 Jahre,2025,"Wien 4.Bezirk, Wieden <904>","Wien 6.Bezirk, Mariahilf <906>",19
30 bis 34 Jahre,2025,"Wien 4.Bezirk, Wieden <904>","Wien 7.Bezirk, Neubau <907>",14
30 bis 34 Jahre,2025,"Wien 4.Bezirk, Wieden <904>","Wien 8.Bezirk, Josefstadt <908>",22
30 bis 34 Jahre,2025,"Wien 4.Bezirk, Wieden <904>","Wien 9.Bezirk, Alsergrund <909>",18
30 bis 34 Jahre,2025,"Wien 4.Bezirk, Wieden <904>","Wien 10.Bezirk, Favoriten <910>",52
30 bis 34 Jahre,2025,"Wien 4.Bezirk, Wieden <904>","Wien 11.Bezirk, Simmering <911>",15
30 bis 34 Jahre,2025,"Wien 4.Bezirk, Wieden <904>","Wien 12.Bezirk, Meidling <912>",39
30 bis 34 Jahre,2025,"Wien 4.Bezirk, Wieden <904>","Wien 13.Bezirk, Hietzing <913>",6
30 bis 34 Jahre,2025,"Wien 4.Bezirk, Wieden <904>","Wien 14.Bezirk, Penzing <914>",16
30 bis 34 Jahre,2025,"Wien 4.Bezirk, Wieden <904>","Wien 15.Bezirk, Rudolfsheim-Fünfhaus <915>",22
30 bis 34 Jahre,2025,"Wien 4.Bezirk, Wieden <904>","Wien 16.Bezirk, Ottakring <916>",26
30 bis 34 Jahre,2025,"Wien 4.Bezirk, Wieden <904>","Wien 17.Bezirk, Hernals <917>",9
30 bis 34 Jahre,2025,"Wien 4.Bezirk, Wieden <904>","Wien 18.Bezirk, Währing <918>",7
30 bis 34 Jahre,2025,"Wien 4.Bezirk, Wieden <904>","Wien 19.Bezirk, Döbling <919>",20
30 bis 34 Jahre,2025,"Wien 4.Bezirk, Wieden <904>","Wien 20.Bezirk, Brigittenau <920>",21
30 bis 34 Jahre,2025,"Wien 4.Bezirk, Wieden <904>","Wien 21.Bezirk, Floridsdorf <921>",19
30 bis 34 Jahre,2025,"Wien 4.Bezirk, Wieden <904>","Wien 22.Bezirk, Donaustadt <922>",38
30 bis 34 Jahre,2025,"Wien 4.Bezirk, Wieden <904>","Wien 23.Bezirk, Liesing <923>",15
30 bis 34 Jahre,2025,"Wien 5.Bezirk, Margareten <905>","Wien 1.Bezirk, Innere Stadt <901>",5
30 bis 34 Jahre,2025,"Wien 5.Bezirk, Margareten <905>","Wien 2.Bezirk, Leopoldstadt <902>",72
30 bis 34 Jahre,2025,"Wien 5.Bezirk, Margareten <905>","Wien 3.Bezirk, Landstraße <903>",68
30 bis 34 Jahre,2025,"Wien 5.Bezirk, Margareten <905>","Wien 4.Bezirk, Wieden <904>",45
30 bis 34 Jahre,2025,"Wien 5.Bezirk, Margareten <905>","Wien 5.Bezirk, Margareten <905>",123
30 bis 34 Jahre,2025,"Wien 5.Bezirk, Margareten <905>","Wien 6.Bezirk, Mariahilf <906>",34
30 bis 34 Jahre,2025,"Wien 5.Bezirk, Margareten <905>","Wien 7.Bezirk, Neubau <907>",16
30 bis 34 Jahre,2025,"Wien 5.Bezirk, Margareten <905>","Wien 8.Bezirk, Josefstadt <908>",11
30 bis 34 Jahre,2025,"Wien 5.Bezirk, Margareten <905>","Wien 9.Bezirk, Alsergrund <909>",26
30 bis 34 Jahre,2025,"Wien 5.Bezirk, Margareten <905>","Wien 10.Bezirk, Favoriten <910>",127
30 bis 34 Jahre,2025,"Wien 5.Bezirk, Margareten <905>","Wien 11.Bezirk, Simmering <911>",39
30 bis 34 Jahre,2025,"Wien 5.Bezirk, Margareten <905>","Wien 12.Bezirk, Meidling <912>",88
30 bis 34 Jahre,2025,"Wien 5.Bezirk, Margareten <905>","Wien 13.Bezirk, Hietzing <913>",34
30 bis 34 Jahre,2025,"Wien 5.Bezirk, Margareten <905>","Wien 14.Bezirk, Penzing <914>",36
30 bis 34 Jahre,2025,"Wien 5.Bezirk, Margareten <905>","Wien 15.Bezirk, Rudolfsheim-Fünfhaus <915>",55
30 bis 34 Jahre,2025,"Wien 5.Bezirk, Margareten <905>","Wien 16.Bezirk, Ottakring <916>",42
30 bis 34 Jahre,2025,"Wien 5.Bezirk, Margareten <905>","Wien 17.Bezirk, Hernals <917>",18
30 bis 34 Jahre,2025,"Wien 5.Bezirk, Margareten <905>","Wien 18.Bezirk, Währing <918>",17
30 bis 34 Jahre,2025,"Wien 5.Bezirk, Margareten <905>","Wien 19.Bezirk, Döbling <919>",20
30 bis 34 Jahre,2025,"Wien 5.Bezirk, Margareten <905>","Wien 20.Bezirk, Brigittenau <920>",39
30 bis 34 Jahre,2025,"Wien 5.Bezirk, Margareten <905>","Wien 21.Bezirk, Floridsdorf <921>",34
30 bis 34 Jahre,2025,"Wien 5.Bezirk, Margareten <905>","Wien 22.Bezirk, Donaustadt <922>",37
30 bis 34 Jahre,2025,"Wien 5.Bezirk, Margareten <905>","Wien 23.Bezirk, Liesing <923>",40
30 bis 34 Jahre,2025,"Wien 6.Bezirk, Mariahilf <906>","Wien 1.Bezirk, Innere Stadt <901>",2
30 bis 34 Jahre,2025,"Wien 6.Bezirk, Mariahilf <906>","Wien 2.Bezirk, Leopoldstadt <902>",36
30 bis 34 Jahre,2025,"Wien 6.Bezirk, Mariahilf <906>","Wien 3.Bezirk, Landstraße <903>",40
30 bis 34 Jahre,2025,"Wien 6.Bezirk, Mariahilf <906>","Wien 4.Bezirk, Wieden <904>",20
30 bis 34 Jahre,2025,"Wien 6.Bezirk, Mariahilf <906>","Wien 5.Bezirk, Margareten <905>",36
30 bis 34 Jahre,2025,"Wien 6.Bezirk, Mariahilf <906>","Wien 6.Bezirk, Mariahilf <906>",49
30 bis 34 Jahre,2025,"Wien 6.Bezirk, Mariahilf <906>","Wien 7.Bezirk, Neubau <907>",34
30 bis 34 Jahre,2025,"Wien 6.Bezirk, Mariahilf <906>","Wien 8.Bezirk, Josefstadt <908>",16
30 bis 34 Jahre,2025,"Wien 6.Bezirk, Mariahilf <906>","Wien 9.Bezirk, Alsergrund <909>",27
30 bis 34 Jahre,2025,"Wien 6.Bezirk, Mariahilf <906>","Wien 10.Bezirk, Favoriten <910>",48
30 bis 34 Jahre,2025,"Wien 6.Bezirk, Mariahilf <906>","Wien 11.Bezirk, Simmering <911>",15
30 bis 34 Jahre,2025,"Wien 6.Bezirk, Mariahilf <906>","Wien 12.Bezirk, Meidling <912>",35
30 bis 34 Jahre,2025,"Wien 6.Bezirk, Mariahilf <906>","Wien 13.Bezirk, Hietzing <913>",10
30 bis 34 Jahre,2025,"Wien 6.Bezirk, Mariahilf <906>","Wien 14.Bezirk, Penzing <914>",21
30 bis 34 Jahre,2025,"Wien 6.Bezirk, Mariahilf <906>","Wien 15.Bezirk, Rudolfsheim-Fünfhaus <915>",31
30 bis 34 Jahre,2025,"Wien 6.Bezirk, Mariahilf <906>","Wien 16.Bezirk, Ottakring <916>",33
30 bis 34 Jahre,2025,"Wien 6.Bezirk, Mariahilf <906>","Wien 17.Bezirk, Hernals <917>",12
30 bis 34 Jahre,2025,"Wien 6.Bezirk, Mariahilf <906>","Wien 18.Bezirk, Währing <918>",14
30 bis 34 Jahre,2025,"Wien 6.Bezirk, Mariahilf <906>","Wien 19.Bezirk, Döbling <919>",14
30 bis 34 Jahre,2025,"Wien 6.Bezirk, Mariahilf <906>","Wien 20.Bezirk, Brigittenau <920>",26
30 bis 34 Jahre,2025,"Wien 6.Bezirk, Mariahilf <906>","Wien 21.Bezirk, Floridsdorf <921>",13
30 bis 34 Jahre,2025,"Wien 6.Bezirk, Mariahilf <906>","Wien 22.Bezirk, Donaustadt <922>",26
30 bis 34 Jahre,2025,"Wien 6.Bezirk, Mariahilf <906>","Wien 23.Bezirk, Liesing <923>",8
30 bis 34 Jahre,2025,"Wien 7.Bezirk, Neubau <907>","Wien 1.Bezirk, Innere Stadt <901>",7
30 bis 34 Jahre,2025,"Wien 7.Bezirk, Neubau <907>","Wien 2.Bezirk, Leopoldstadt <902>",26
30 bis 34 Jahre,2025,"Wien 7.Bezirk, Neubau <907>","Wien 3.Bezirk, Landstraße <903>",41
30 bis 34 Jahre,2025,"Wien 7.Bezirk, Neubau <907>","Wien 4.Bezirk, Wieden <904>",15
30 bis 34 Jahre,2025,"Wien 7.Bezirk, Neubau <907>","Wien 5.Bezirk, Margareten <905>",30
30 bis 34 Jahre,2025,"Wien 7.Bezirk, Neubau <907>","Wien 6.Bezirk, Mariahilf <906>",33
30 bis 34 Jahre,2025,"Wien 7.Bezirk, Neubau <907>","Wien 7.Bezirk, Neubau <907>",66
30 bis 34 Jahre,2025,"Wien 7.Bezirk, Neubau <907>","Wien 8.Bezirk, Josefstadt <908>",24
30 bis 34 Jahre,2025,"Wien 7.Bezirk, Neubau <907>","Wien 9.Bezirk, Alsergrund <909>",26
30 bis 34 Jahre,2025,"Wien 7.Bezirk, Neubau <907>","Wien 10.Bezirk, Favoriten <910>",32
30 bis 34 Jahre,2025,"Wien 7.Bezirk, Neubau <907>","Wien 11.Bezirk, Simmering <911>",5
30 bis 34 Jahre,2025,"Wien 7.Bezirk, Neubau <907>","Wien 12.Bezirk, Meidling <912>",29
30 bis 34 Jahre,2025,"Wien 7.Bezirk, Neubau <907>","Wien 13.Bezirk, Hietzing <913>",19
30 bis 34 Jahre,2025,"Wien 7.Bezirk, Neubau <907>","Wien 14.Bezirk, Penzing <914>",29
30 bis 34 Jahre,2025,"Wien 7.Bezirk, Neubau <907>","Wien 15.Bezirk, Rudolfsheim-Fünfhaus <915>",37
30 bis 34 Jahre,2025,"Wien 7.Bezirk, Neubau <907>","Wien 16.Bezirk, Ottakring <916>",46
30 bis 34 Jahre,2025,"Wien 7.Bezirk, Neubau <907>","Wien 17.Bezirk, Hernals <917>",27
30 bis 34 Jahre,2025,"Wien 7.Bezirk, Neubau <907>","Wien 18.Bezirk, Währing <918>",21
30 bis 34 Jahre,2025,"Wien 7.Bezirk, Neubau <907>","Wien 19.Bezirk, Döbling <919>",19
30 bis 34 Jahre,2025,"Wien 7.Bezirk, Neubau <907>","Wien 20.Bezirk, Brigittenau <920>",21
30 bis 34 Jahre,2025,"Wien 7.Bezirk, Neubau <907>","Wien 21.Bezirk, Floridsdorf <921>",17
30 bis 34 Jahre,2025,"Wien 7.Bezirk, Neubau <907>","Wien 22.Bezirk, Donaustadt <922>",19
30 bis 34 Jahre,2025,"Wien 7.Bezirk, Neubau <907>","Wien 23.Bezirk, Liesing <923>",10
30 bis 34 Jahre,2025,"Wien 8.Bezirk, Josefstadt <908>","Wien 1.Bezirk, Innere Stadt <901>",5
30 bis 34 Jahre,2025,"Wien 8.Bezirk, Josefstadt <908>","Wien 2.Bezirk, Leopoldstadt <902>",29
30 bis 34 Jahre,2025,"Wien 8.Bezirk, Josefstadt <908>","Wien 3.Bezirk, Landstraße <903>",29
30 bis 34 Jahre,2025,"Wien 8.Bezirk, Josefstadt <908>","Wien 4.Bezirk, Wieden <904>",17
30 bis 34 Jahre,2025,"Wien 8.Bezirk, Josefstadt <908>","Wien 5.Bezirk, Margareten <905>",14
30 bis 34 Jahre,2025,"Wien 8.Bezirk, Josefstadt <908>","Wien 6.Bezirk, Mariahilf <906>",24
30 bis 34 Jahre,2025,"Wien 8.Bezirk, Josefstadt <908>","Wien 7.Bezirk, Neubau <907>",14
30 bis 34 Jahre,2025,"Wien 8.Bezirk, Josefstadt <908>","Wien 8.Bezirk, Josefstadt <908>",79
30 bis 34 Jahre,2025,"Wien 8.Bezirk, Josefstadt <908>","Wien 9.Bezirk, Alsergrund <909>",48
30 bis 34 Jahre,2025,"Wien 8.Bezirk, Josefstadt <908>","Wien 10.Bezirk, Favoriten <910>",22
30 bis 34 Jahre,2025,"Wien 8.Bezirk, Josefstadt <908>","Wien 11.Bezirk, Simmering <911>",16
30 bis 34 Jahre,2025,"Wien 8.Bezirk, Josefstadt <908>","Wien 12.Bezirk, Meidling <912>",12
30 bis 34 Jahre,2025,"Wien 8.Bezirk, Josefstadt <908>","Wien 13.Bezirk, Hietzing <913>",11
30 bis 34 Jahre,2025,"Wien 8.Bezirk, Josefstadt <908>","Wien 14.Bezirk, Penzing <914>",18
30 bis 34 Jahre,2025,"Wien 8.Bezirk, Josefstadt <908>","Wien 15.Bezirk, Rudolfsheim-Fünfhaus <915>",25
30 bis 34 Jahre,2025,"Wien 8.Bezirk, Josefstadt <908>","Wien 16.Bezirk, Ottakring <916>",26
30 bis 34 Jahre,2025,"Wien 8.Bezirk, Josefstadt <908>","Wien 17.Bezirk, Hernals <917>",24
30 bis 34 Jahre,2025,"Wien 8.Bezirk, Josefstadt <908>","Wien 18.Bezirk, Währing <918>",7
30 bis 34 Jahre,2025,"Wien 8.Bezirk, Josefstadt <908>","Wien 19.Bezirk, Döbling <919>",12
30 bis 34 Jahre,2025,"Wien 8.Bezirk, Josefstadt <908>","Wien 20.Bezirk, Brigittenau <920>",16
30 bis 34 Jahre,2025,"Wien 8.Bezirk, Josefstadt <908>","Wien 21.Bezirk, Floridsdorf <921>",9
30 bis 34 Jahre,2025,"Wien 8.Bezirk, Josefstadt <908>","Wien 22.Bezirk, Donaustadt <922>",19
30 bis 34 Jahre,2025,"Wien 8.Bezirk, Josefstadt <908>","Wien 23.Bezirk, Liesing <923>",4
30 bis 34 Jahre,2025,"Wien 9.Bezirk, Alsergrund <909>","Wien 1.Bezirk, Innere Stadt <901>",11
30 bis 34 Jahre,2025,"Wien 9.Bezirk, Alsergrund <909>","Wien 2.Bezirk, Leopoldstadt <902>",56
30 bis 34 Jahre,2025,"Wien 9.Bezirk, Alsergrund <909>","Wien 3.Bezirk, Landstraße <903>",51
30 bis 34 Jahre,2025,"Wien 9.Bezirk, Alsergrund <909>","Wien 4.Bezirk, Wieden <904>",23
30 bis 34 Jahre,2025,"Wien 9.Bezirk, Alsergrund <909>","Wien 5.Bezirk, Margareten <905>",25
30 bis 34 Jahre,2025,"Wien 9.Bezirk, Alsergrund <909>","Wien 6.Bezirk, Mariahilf <906>",18
30 bis 34 Jahre,2025,"Wien 9.Bezirk, Alsergrund <909>","Wien 7.Bezirk, Neubau <907>",26
30 bis 34 Jahre,2025,"Wien 9.Bezirk, Alsergrund <909>","Wien 8.Bezirk, Josefstadt <908>",33
30 bis 34 Jahre,2025,"Wien 9.Bezirk, Alsergrund <909>","Wien 9.Bezirk, Alsergrund <909>",117
30 bis 34 Jahre,2025,"Wien 9.Bezirk, Alsergrund <909>","Wien 10.Bezirk, Favoriten <910>",33
30 bis 34 Jahre,2025,"Wien 9.Bezirk, Alsergrund <909>","Wien 11.Bezirk, Simmering <911>",13
30 bis 34 Jahre,2025,"Wien 9.Bezirk, Alsergrund <909>","Wien 12.Bezirk, Meidling <912>",28
30 bis 34 Jahre,2025,"Wien 9.Bezirk, Alsergrund <909>","Wien 13.Bezirk, Hietzing <913>",10
30 bis 34 Jahre,2025,"Wien 9.Bezirk, Alsergrund <909>","Wien 14.Bezirk, Penzing <914>",23
30 bis 34 Jahre,2025,"Wien 9.Bezirk, Alsergrund <909>","Wien 15.Bezirk, Rudolfsheim-Fünfhaus <915>",32
30 bis 34 Jahre,2025,"Wien 9.Bezirk, Alsergrund <909>","Wien 16.Bezirk, Ottakring <916>",37
30 bis 34 Jahre,2025,"Wien 9.Bezirk, Alsergrund <909>","Wien 17.Bezirk, Hernals <917>",33
30 bis 34 Jahre,2025,"Wien 9.Bezirk, Alsergrund <909>","Wien 18.Bezirk, Währing <918>",45
30 bis 34 Jahre,2025,"Wien 9.Bezirk, Alsergrund <909>","Wien 19.Bezirk, Döbling <919>",46
30 bis 34 Jahre,2025,"Wien 9.Bezirk, Alsergrund <909>","Wien 20.Bezirk, Brigittenau <920>",43
30 bis 34 Jahre,2025,"Wien 9.Bezirk, Alsergrund <909>","Wien 21.Bezirk, Floridsdorf <921>",32
30 bis 34 Jahre,2025,"Wien 9.Bezirk, Alsergrund <909>","Wien 22.Bezirk, Donaustadt <922>",52
30 bis 34 Jahre,2025,"Wien 9.Bezirk, Alsergrund <909>","Wien 23.Bezirk, Liesing <923>",9
30 bis 34 Jahre,2025,"Wien 10.Bezirk, Favoriten <910>","Wien 1.Bezirk, Innere Stadt <901>",5
30 bis 34 Jahre,2025,"Wien 10.Bezirk, Favoriten <910>","Wien 2.Bezirk, Leopoldstadt <902>",91
30 bis 34 Jahre,2025,"Wien 10.Bezirk, Favoriten <910>","Wien 3.Bezirk, Landstraße <903>",146
30 bis 34 Jahre,2025,"Wien 10.Bezirk, Favoriten <910>","Wien 4.Bezirk, Wieden <904>",61
30 bis 34 Jahre,2025,"Wien 10.Bezirk, Favoriten <910>","Wien 5.Bezirk, Margareten <905>",97
30 bis 34 Jahre,2025,"Wien 10.Bezirk, Favoriten <910>","Wien 6.Bezirk, Mariahilf <906>",31
30 bis 34 Jahre,2025,"Wien 10.Bezirk, Favoriten <910>","Wien 7.Bezirk, Neubau <907>",36
30 bis 34 Jahre,2025,"Wien 10.Bezirk, Favoriten <910>","Wien 8.Bezirk, Josefstadt <908>",23
30 bis 34 Jahre,2025,"Wien 10.Bezirk, Favoriten <910>","Wien 9.Bezirk, Alsergrund <909>",24
30 bis 34 Jahre,2025,"Wien 10.Bezirk, Favoriten <910>","Wien 10.Bezirk, Favoriten <910>",1264
30 bis 34 Jahre,2025,"Wien 10.Bezirk, Favoriten <910>","Wien 11.Bezirk, Simmering <911>",181
30 bis 34 Jahre,2025,"Wien 10.Bezirk, Favoriten <910>","Wien 12.Bezirk, Meidling <912>",142
30 bis 34 Jahre,2025,"Wien 10.Bezirk, Favoriten <910>","Wien 13.Bezirk, Hietzing <913>",26
30 bis 34 Jahre,2025,"Wien 10.Bezirk, Favoriten <910>","Wien 14.Bezirk, Penzing <914>",71
30 bis 34 Jahre,2025,"Wien 10.Bezirk, Favoriten <910>","Wien 15.Bezirk, Rudolfsheim-Fünfhaus <915>",93
30 bis 34 Jahre,2025,"Wien 10.Bezirk, Favoriten <910>","Wien 16.Bezirk, Ottakring <916>",88
30 bis 34 Jahre,2025,"Wien 10.Bezirk, Favoriten <910>","Wien 17.Bezirk, Hernals <917>",54
30 bis 34 Jahre,2025,"Wien 10.Bezirk, Favoriten <910>","Wien 18.Bezirk, Währing <918>",23
30 bis 34 Jahre,2025,"Wien 10.Bezirk, Favoriten <910>","Wien 19.Bezirk, Döbling <919>",23
30 bis 34 Jahre,2025,"Wien 10.Bezirk, Favoriten <910>","Wien 20.Bezirk, Brigittenau <920>",85
30 bis 34 Jahre,2025,"Wien 10.Bezirk, Favoriten <910>","Wien 21.Bezirk, Floridsdorf <921>",143
30 bis 34 Jahre,2025,"Wien 10.Bezirk, Favoriten <910>","Wien 22.Bezirk, Donaustadt <922>",235
30 bis 34 Jahre,2025,"Wien 10.Bezirk, Favoriten <910>","Wien 23.Bezirk, Liesing <923>",134
30 bis 34 Jahre,2025,"Wien 11.Bezirk, Simmering <911>","Wien 1.Bezirk, Innere Stadt <901>",3
30 bis 34 Jahre,2025,"Wien 11.Bezirk, Simmering <911>","Wien 2.Bezirk, Leopoldstadt <902>",36
30 bis 34 Jahre,2025,"Wien 11.Bezirk, Simmering <911>","Wien 3.Bezirk, Landstraße <903>",61
30 bis 34 Jahre,2025,"Wien 11.Bezirk, Simmering <911>","Wien 4.Bezirk, Wieden <904>",11
30 bis 34 Jahre,2025,"Wien 11.Bezirk, Simmering <911>","Wien 5.Bezirk, Margareten <905>",17
30 bis 34 Jahre,2025,"Wien 11.Bezirk, Simmering <911>","Wien 6.Bezirk, Mariahilf <906>",11
30 bis 34 Jahre,2025,"Wien 11.Bezirk, Simmering <911>","Wien 7.Bezirk, Neubau <907>",6
30 bis 34 Jahre,2025,"Wien 11.Bezirk, Simmering <911>","Wien 8.Bezirk, Josefstadt <908>",5
30 bis 34 Jahre,2025,"Wien 11.Bezirk, Simmering <911>","Wien 9.Bezirk, Alsergrund <909>",9
30 bis 34 Jahre,2025,"Wien 11.Bezirk, Simmering <911>","Wien 10.Bezirk, Favoriten <910>",174
30 bis 34 Jahre,2025,"Wien 11.Bezirk, Simmering <911>","Wien 11.Bezirk, Simmering <911>",351
30 bis 34 Jahre,2025,"Wien 11.Bezirk, Simmering <911>","Wien 12.Bezirk, Meidling <912>",31
30 bis 34 Jahre,2025,"Wien 11.Bezirk, Simmering <911>","Wien 13.Bezirk, Hietzing <913>",17
30 bis 34 Jahre,2025,"Wien 11.Bezirk, Simmering <911>","Wien 14.Bezirk, Penzing <914>",31
30 bis 34 Jahre,2025,"Wien 11.Bezirk, Simmering <911>","Wien 15.Bezirk, Rudolfsheim-Fünfhaus <915>",33
30 bis 34 Jahre,2025,"Wien 11.Bezirk, Simmering <911>","Wien 16.Bezirk, Ottakring <916>",30
30 bis 34 Jahre,2025,"Wien 11.Bezirk, Simmering <911>","Wien 17.Bezirk, Hernals <917>",13
30 bis 34 Jahre,2025,"Wien 11.Bezirk, Simmering <911>","Wien 18.Bezirk, Währing <918>",10
30 bis 34 Jahre,2025,"Wien 11.Bezirk, Simmering <911>","Wien 19.Bezirk, Döbling <919>",11
30 bis 34 Jahre,2025,"Wien 11.Bezirk, Simmering <911>","Wien 20.Bezirk, Brigittenau <920>",43
30 bis 34 Jahre,2025,"Wien 11.Bezirk, Simmering <911>","Wien 21.Bezirk, Floridsdorf <921>",59
30 bis 34 Jahre,2025,"Wien 11.Bezirk, Simmering <911>","Wien 22.Bezirk, Donaustadt <922>",107
30 bis 34 Jahre,2025,"Wien 11.Bezirk, Simmering <911>","Wien 23.Bezirk, Liesing <923>",42
30 bis 34 Jahre,2025,"Wien 12.Bezirk, Meidling <912>","Wien 1.Bezirk, Innere Stadt <901>",2
30 bis 34 Jahre,2025,"Wien 12.Bezirk, Meidling <912>","Wien 2.Bezirk, Leopoldstadt <902>",40
30 bis 34 Jahre,2025,"Wien 12.Bezirk, Meidling <912>","Wien 3.Bezirk, Landstraße <903>",56
30 bis 34 Jahre,2025,"Wien 12.Bezirk, Meidling <912>","Wien 4.Bezirk, Wieden <904>",28
30 bis 34 Jahre,2025,"Wien 12.Bezirk, Meidling <912>","Wien 5.Bezirk, Margareten <905>",43
30 bis 34 Jahre,2025,"Wien 12.Bezirk, Meidling <912>","Wien 6.Bezirk, Mariahilf <906>",24
30 bis 34 Jahre,2025,"Wien 12.Bezirk, Meidling <912>","Wien 7.Bezirk, Neubau <907>",23
30 bis 34 Jahre,2025,"Wien 12.Bezirk, Meidling <912>","Wien 8.Bezirk, Josefstadt <908>",9
30 bis 34 Jahre,2025,"Wien 12.Bezirk, Meidling <912>","Wien 9.Bezirk, Alsergrund <909>",29
30 bis 34 Jahre,2025,"Wien 12.Bezirk, Meidling <912>","Wien 10.Bezirk, Favoriten <910>",165
30 bis 34 Jahre,2025,"Wien 12.Bezirk, Meidling <912>","Wien 11.Bezirk, Simmering <911>",44
30 bis 34 Jahre,2025,"Wien 12.Bezirk, Meidling <912>","Wien 12.Bezirk, Meidling <912>",283
30 bis 34 Jahre,2025,"Wien 12.Bezirk, Meidling <912>","Wien 13.Bezirk, Hietzing <913>",49
30 bis 34 Jahre,2025,"Wien 12.Bezirk, Meidling <912>","Wien 14.Bezirk, Penzing <914>",62
30 bis 34 Jahre,2025,"Wien 12.Bezirk, Meidling <912>","Wien 15.Bezirk, Rudolfsheim-Fünfhaus <915>",63
30 bis 34 Jahre,2025,"Wien 12.Bezirk, Meidling <912>","Wien 16.Bezirk, Ottakring <916>",54
30 bis 34 Jahre,2025,"Wien 12.Bezirk, Meidling <912>","Wien 17.Bezirk, Hernals <917>",23
30 bis 34 Jahre,2025,"Wien 12.Bezirk, Meidling <912>","Wien 18.Bezirk, Währing <918>",23
30 bis 34 Jahre,2025,"Wien 12.Bezirk, Meidling <912>","Wien 19.Bezirk, Döbling <919>",17
30 bis 34 Jahre,2025,"Wien 12.Bezirk, Meidling <912>","Wien 20.Bezirk, Brigittenau <920>",35
30 bis 34 Jahre,2025,"Wien 12.Bezirk, Meidling <912>","Wien 21.Bezirk, Floridsdorf <921>",57
30 bis 34 Jahre,2025,"Wien 12.Bezirk, Meidling <912>","Wien 22.Bezirk, Donaustadt <922>",78
30 bis 34 Jahre,2025,"Wien 12.Bezirk, Meidling <912>","Wien 23.Bezirk, Liesing <923>",122
30 bis 34 Jahre,2025,"Wien 13.Bezirk, Hietzing <913>","Wien 1.Bezirk, Innere Stadt <901>",-
30 bis 34 Jahre,2025,"Wien 13.Bezirk, Hietzing <913>","Wien 2.Bezirk, Leopoldstadt <902>",12
30 bis 34 Jahre,2025,"Wien 13.Bezirk, Hietzing <913>","Wien 3.Bezirk, Landstraße <903>",19
30 bis 34 Jahre,2025,"Wien 13.Bezirk, Hietzing <913>","Wien 4.Bezirk, Wieden <904>",8
30 bis 34 Jahre,2025,"Wien 13.Bezirk, Hietzing <913>","Wien 5.Bezirk, Margareten <905>",11
30 bis 34 Jahre,2025,"Wien 13.Bezirk, Hietzing <913>","Wien 6.Bezirk, Mariahilf <906>",6
30 bis 34 Jahre,2025,"Wien 13.Bezirk, Hietzing <913>","Wien 7.Bezirk, Neubau <907>",5
30 bis 34 Jahre,2025,"Wien 13.Bezirk, Hietzing <913>","Wien 8.Bezirk, Josefstadt <908>",4
30 bis 34 Jahre,2025,"Wien 13.Bezirk, Hietzing <913>","Wien 9.Bezirk, Alsergrund <909>",8
30 bis 34 Jahre,2025,"Wien 13.Bezirk, Hietzing <913>","Wien 10.Bezirk, Favoriten <910>",26
30 bis 34 Jahre,2025,"Wien 13.Bezirk, Hietzing <913>","Wien 11.Bezirk, Simmering <911>",14
30 bis 34 Jahre,2025,"Wien 13.Bezirk, Hietzing <913>","Wien 12.Bezirk, Meidling <912>",33
30 bis 34 Jahre,2025,"Wien 13.Bezirk, Hietzing <913>","Wien 13.Bezirk, Hietzing <913>",112
30 bis 34 Jahre,2025,"Wien 13.Bezirk, Hietzing <913>","Wien 14.Bezirk, Penzing <914>",45
30 bis 34 Jahre,2025,"Wien 13.Bezirk, Hietzing <913>","Wien 15.Bezirk, Rudolfsheim-Fünfhaus <915>",21
30 bis 34 Jahre,2025,"Wien 13.Bezirk, Hietzing <913>","Wien 16.Bezirk, Ottakring <916>",16
30 bis 34 Jahre,2025,"Wien 13.Bezirk, Hietzing <913>","Wien 17.Bezirk, Hernals <917>",7
30 bis 34 Jahre,2025,"Wien 13.Bezirk, Hietzing <913>","Wien 18.Bezirk, Währing <918>",6
30 bis 34 Jahre,2025,"Wien 13.Bezirk, Hietzing <913>","Wien 19.Bezirk, Döbling <919>",10
30 bis 34 Jahre,2025,"Wien 13.Bezirk, Hietzing <913>","Wien 20.Bezirk, Brigittenau <920>",9
30 bis 34 Jahre,2025,"Wien 13.Bezirk, Hietzing <913>","Wien 21.Bezirk, Floridsdorf <921>",14
30 bis 34 Jahre,2025,"Wien 13.Bezirk, Hietzing <913>","Wien 22.Bezirk, Donaustadt <922>",26
30 bis 34 Jahre,2025,"Wien 13.Bezirk, Hietzing <913>","Wien 23.Bezirk, Liesing <923>",32
30 bis 34 Jahre,2025,"Wien 14.Bezirk, Penzing <914>","Wien 1.Bezirk, Innere Stadt <901>",2
30 bis 34 Jahre,2025,"Wien 14.Bezirk, Penzing <914>","Wien 2.Bezirk, Leopoldstadt <902>",44
30 bis 34 Jahre,2025,"Wien 14.Bezirk, Penzing <914>","Wien 3.Bezirk, Landstraße <903>",30
30 bis 34 Jahre,2025,"Wien 14.Bezirk, Penzing <914>","Wien 4.Bezirk, Wieden <904>",16
30 bis 34 Jahre,2025,"Wien 14.Bezirk, Penzing <914>","Wien 5.Bezirk, Margareten <905>",21
30 bis 34 Jahre,2025,"Wien 14.Bezirk, Penzing <914>","Wien 6.Bezirk, Mariahilf <906>",19
30 bis 34 Jahre,2025,"Wien 14.Bezirk, Penzing <914>","Wien 7.Bezirk, Neubau <907>",19
30 bis 34 Jahre,2025,"Wien 14.Bezirk, Penzing <914>","Wien 8.Bezirk, Josefstadt <908>",15
30 bis 34 Jahre,2025,"Wien 14.Bezirk, Penzing <914>","Wien 9.Bezirk, Alsergrund <909>",20
30 bis 34 Jahre,2025,"Wien 14.Bezirk, Penzing <914>","Wien 10.Bezirk, Favoriten <910>",66
30 bis 34 Jahre,2025,"Wien 14.Bezirk, Penzing <914>","Wien 11.Bezirk, Simmering <911>",23
30 bis 34 Jahre,2025,"Wien 14.Bezirk, Penzing <914>","Wien 12.Bezirk, Meidling <912>",54
30 bis 34 Jahre,2025,"Wien 14.Bezirk, Penzing <914>","Wien 13.Bezirk, Hietzing <913>",45
30 bis 34 Jahre,2025,"Wien 14.Bezirk, Penzing <914>","Wien 14.Bezirk, Penzing <914>",211
30 bis 34 Jahre,2025,"Wien 14.Bezirk, Penzing <914>","Wien 15.Bezirk, Rudolfsheim-Fünfhaus <915>",67
30 bis 34 Jahre,2025,"Wien 14.Bezirk, Penzing <914>","Wien 16.Bezirk, Ottakring <916>",81
30 bis 34 Jahre,2025,"Wien 14.Bezirk, Penzing <914>","Wien 17.Bezirk, Hernals <917>",36
30 bis 34 Jahre,2025,"Wien 14.Bezirk, Penzing <914>","Wien 18.Bezirk, Währing <918>",19
30 bis 34 Jahre,2025,"Wien 14.Bezirk, Penzing <914>","Wien 19.Bezirk, Döbling <919>",20
30 bis 34 Jahre,2025,"Wien 14.Bezirk, Penzing <914>","Wien 20.Bezirk, Brigittenau <920>",26
30 bis 34 Jahre,2025,"Wien 14.Bezirk, Penzing <914>","Wien 21.Bezirk, Floridsdorf <921>",46
30 bis 34 Jahre,2025,"Wien 14.Bezirk, Penzing <914>","Wien 22.Bezirk, Donaustadt <922>",55
30 bis 34 Jahre,2025,"Wien 14.Bezirk, Penzing <914>","Wien 23.Bezirk, Liesing <923>",41
30 bis 34 Jahre,2025,"Wien 15.Bezirk, Rudolfsheim-Fünfhaus <915>","Wien 1.Bezirk, Innere Stadt <901>",1
30 bis 34 Jahre,2025,"Wien 15.Bezirk, Rudolfsheim-Fünfhaus <915>","Wien 2.Bezirk, Leopoldstadt <902>",69
30 bis 34 Jahre,2025,"Wien 15.Bezirk, Rudolfsheim-Fünfhaus <915>","Wien 3.Bezirk, Landstraße <903>",53
30 bis 34 Jahre,2025,"Wien 15.Bezirk, Rudolfsheim-Fünfhaus <915>","Wien 4.Bezirk, Wieden <904>",32
30 bis 34 Jahre,2025,"Wien 15.Bezirk, Rudolfsheim-Fünfhaus <915>","Wien 5.Bezirk, Margareten <905>",46
30 bis 34 Jahre,2025,"Wien 15.Bezirk, Rudolfsheim-Fünfhaus <915>","Wien 6.Bezirk, Mariahilf <906>",39
30 bis 34 Jahre,2025,"Wien 15.Bezirk, Rudolfsheim-Fünfhaus <915>","Wien 7.Bezirk, Neubau <907>",40
30 bis 34 Jahre,2025,"Wien 15.Bezirk, Rudolfsheim-Fünfhaus <915>","Wien 8.Bezirk, Josefstadt <908>",15
30 bis 34 Jahre,2025,"Wien 15.Bezirk, Rudolfsheim-Fünfhaus <915>","Wien 9.Bezirk, Alsergrund <909>",22
30 bis 34 Jahre,2025,"Wien 15.Bezirk, Rudolfsheim-Fünfhaus <915>","Wien 10.Bezirk, Favoriten <910>",140
30 bis 34 Jahre,2025,"Wien 15.Bezirk, Rudolfsheim-Fünfhaus <915>","Wien 11.Bezirk, Simmering <911>",51
30 bis 34 Jahre,2025,"Wien 15.Bezirk, Rudolfsheim-Fünfhaus <915>","Wien 12.Bezirk, Meidling <912>",103
30 bis 34 Jahre,2025,"Wien 15.Bezirk, Rudolfsheim-Fünfhaus <915>","Wien 13.Bezirk, Hietzing <913>",36
30 bis 34 Jahre,2025,"Wien 15.Bezirk, Rudolfsheim-Fünfhaus <915>","Wien 14.Bezirk, Penzing <914>",124
30 bis 34 Jahre,2025,"Wien 15.Bezirk, Rudolfsheim-Fünfhaus <915>","Wien 15.Bezirk, Rudolfsheim-Fünfhaus <915>",198
30 bis 34 Jahre,2025,"Wien 15.Bezirk, Rudolfsheim-Fünfhaus <915>","Wien 16.Bezirk, Ottakring <916>",94
30 bis 34 Jahre,2025,"Wien 15.Bezirk, Rudolfsheim-Fünfhaus <915>","Wien 17.Bezirk, Hernals <917>",46
30 bis 34 Jahre,2025,"Wien 15.Bezirk, Rudolfsheim-Fünfhaus <915>","Wien 18.Bezirk, Währing <918>",28
30 bis 34 Jahre,2025,"Wien 15.Bezirk, Rudolfsheim-Fünfhaus <915>","Wien 19.Bezirk, Döbling <919>",24
30 bis 34 Jahre,2025,"Wien 15.Bezirk, Rudolfsheim-Fünfhaus <915>","Wien 20.Bezirk, Brigittenau <920>",46
30 bis 34 Jahre,2025,"Wien 15.Bezirk, Rudolfsheim-Fünfhaus <915>","Wien 21.Bezirk, Floridsdorf <921>",45
30 bis 34 Jahre,2025,"Wien 15.Bezirk, Rudolfsheim-Fünfhaus <915>","Wien 22.Bezirk, Donaustadt <922>",61
30 bis 34 Jahre,2025,"Wien 15.Bezirk, Rudolfsheim-Fünfhaus <915>","Wien 23.Bezirk, Liesing <923>",38
30 bis 34 Jahre,2025,"Wien 16.Bezirk, Ottakring <916>","Wien 1.Bezirk, Innere Stadt <901>",2
30 bis 34 Jahre,2025,"Wien 16.Bezirk, Ottakring <916>","Wien 2.Bezirk, Leopoldstadt <902>",81
30 bis 34 Jahre,2025,"Wien 16.Bezirk, Ottakring <916>","Wien 3.Bezirk, Landstraße <903>",51
30 bis 34 Jahre,2025,"Wien 16.Bezirk, Ottakring <916>","Wien 4.Bezirk, Wieden <904>",19
30 bis 34 Jahre,2025,"Wien 16.Bezirk, Ottakring <916>","Wien 5.Bezirk, Margareten <905>",24
30 bis 34 Jahre,2025,"Wien 16.Bezirk, Ottakring <916>","Wien 6.Bezirk, Mariahilf <906>",21
30 bis 34 Jahre,2025,"Wien 16.Bezirk, Ottakring <916>","Wien 7.Bezirk, Neubau <907>",26
30 bis 34 Jahre,2025,"Wien 16.Bezirk, Ottakring <916>","Wien 8.Bezirk, Josefstadt <908>",20
30 bis 34 Jahre,2025,"Wien 16.Bezirk, Ottakring <916>","Wien 9.Bezirk, Alsergrund <909>",32
30 bis 34 Jahre,2025,"Wien 16.Bezirk, Ottakring <916>","Wien 10.Bezirk, Favoriten <910>",131
30 bis 34 Jahre,2025,"Wien 16.Bezirk, Ottakring <916>","Wien 11.Bezirk, Simmering <911>",39
30 bis 34 Jahre,2025,"Wien 16.Bezirk, Ottakring <916>","Wien 12.Bezirk, Meidling <912>",71
30 bis 34 Jahre,2025,"Wien 16.Bezirk, Ottakring <916>","Wien 13.Bezirk, Hietzing <913>",35
30 bis 34 Jahre,2025,"Wien 16.Bezirk, Ottakring <916>","Wien 14.Bezirk, Penzing <914>",115
30 bis 34 Jahre,2025,"Wien 16.Bezirk, Ottakring <916>","Wien 15.Bezirk, Rudolfsheim-Fünfhaus <915>",108
30 bis 34 Jahre,2025,"Wien 16.Bezirk, Ottakring <916>","Wien 16.Bezirk, Ottakring <916>",302
30 bis 34 Jahre,2025,"Wien 16.Bezirk, Ottakring <916>","Wien 17.Bezirk, Hernals <917>",113
30 bis 34 Jahre,2025,"Wien 16.Bezirk, Ottakring <916>","Wien 18.Bezirk, Währing <918>",31
30 bis 34 Jahre,2025,"Wien 16.Bezirk, Ottakring <916>","Wien 19.Bezirk, Döbling <919>",47
30 bis 34 Jahre,2025,"Wien 16.Bezirk, Ottakring <916>","Wien 20.Bezirk, Brigittenau <920>",55
30 bis 34 Jahre,2025,"Wien 16.Bezirk, Ottakring <916>","Wien 21.Bezirk, Floridsdorf <921>",72
30 bis 34 Jahre,2025,"Wien 16.Bezirk, Ottakring <916>","Wien 22.Bezirk, Donaustadt <922>",79
30 bis 34 Jahre,2025,"Wien 16.Bezirk, Ottakring <916>","Wien 23.Bezirk, Liesing <923>",44
30 bis 34 Jahre,2025,"Wien 17.Bezirk, Hernals <917>","Wien 1.Bezirk, Innere Stadt <901>",1
30 bis 34 Jahre,2025,"Wien 17.Bezirk, Hernals <917>","Wien 2.Bezirk, Leopoldstadt <902>",36
30 bis 34 Jahre,2025,"Wien 17.Bezirk, Hernals <917>","Wien 3.Bezirk, Landstraße <903>",20
30 bis 34 Jahre,2025,"Wien 17.Bezirk, Hernals <917>","Wien 4.Bezirk, Wieden <904>",9
30 bis 34 Jahre,2025,"Wien 17.Bezirk, Hernals <917>","Wien 5.Bezirk, Margareten <905>",17
30 bis 34 Jahre,2025,"Wien 17.Bezirk, Hernals <917>","Wien 6.Bezirk, Mariahilf <906>",10
30 bis 34 Jahre,2025,"Wien 17.Bezirk, Hernals <917>","Wien 7.Bezirk, Neubau <907>",9
30 bis 34 Jahre,2025,"Wien 17.Bezirk, Hernals <917>","Wien 8.Bezirk, Josefstadt <908>",15
30 bis 34 Jahre,2025,"Wien 17.Bezirk, Hernals <917>","Wien 9.Bezirk, Alsergrund <909>",20
30 bis 34 Jahre,2025,"Wien 17.Bezirk, Hernals <917>","Wien 10.Bezirk, Favoriten <910>",61
30 bis 34 Jahre,2025,"Wien 17.Bezirk, Hernals <917>","Wien 11.Bezirk, Simmering <911>",20
30 bis 34 Jahre,2025,"Wien 17.Bezirk, Hernals <917>","Wien 12.Bezirk, Meidling <912>",41
30 bis 34 Jahre,2025,"Wien 17.Bezirk, Hernals <917>","Wien 13.Bezirk, Hietzing <913>",13
30 bis 34 Jahre,2025,"Wien 17.Bezirk, Hernals <917>","Wien 14.Bezirk, Penzing <914>",38
30 bis 34 Jahre,2025,"Wien 17.Bezirk, Hernals <917>","Wien 15.Bezirk, Rudolfsheim-Fünfhaus <915>",58
30 bis 34 Jahre,2025,"Wien 17.Bezirk, Hernals <917>","Wien 16.Bezirk, Ottakring <916>",111
30 bis 34 Jahre,2025,"Wien 17.Bezirk, Hernals <917>","Wien 17.Bezirk, Hernals <917>",122
30 bis 34 Jahre,2025,"Wien 17.Bezirk, Hernals <917>","Wien 18.Bezirk, Währing <918>",40
30 bis 34 Jahre,2025,"Wien 17.Bezirk, Hernals <917>","Wien 19.Bezirk, Döbling <919>",23
30 bis 34 Jahre,2025,"Wien 17.Bezirk, Hernals <917>","Wien 20.Bezirk, Brigittenau <920>",27
30 bis 34 Jahre,2025,"Wien 17.Bezirk, Hernals <917>","Wien 21.Bezirk, Floridsdorf <921>",53
30 bis 34 Jahre,2025,"Wien 17.Bezirk, Hernals <917>","Wien 22.Bezirk, Donaustadt <922>",47
30 bis 34 Jahre,2025,"Wien 17.Bezirk, Hernals <917>","Wien 23.Bezirk, Liesing <923>",21
30 bis 34 Jahre,2025,"Wien 18.Bezirk, Währing <918>","Wien 1.Bezirk, Innere Stadt <901>",2
30 bis 34 Jahre,2025,"Wien 18.Bezirk, Währing <918>","Wien 2.Bezirk, Leopoldstadt <902>",32
30 bis 34 Jahre,2025,"Wien 18.Bezirk, Währing <918>","Wien 3.Bezirk, Landstraße <903>",18
30 bis 34 Jahre,2025,"Wien 18.Bezirk, Währing <918>","Wien 4.Bezirk, Wieden <904>",4
30 bis 34 Jahre,2025,"Wien 18.Bezirk, Währing <918>","Wien 5.Bezirk, Margareten <905>",12
30 bis 34 Jahre,2025,"Wien 18.Bezirk, Währing <918>","Wien 6.Bezirk, Mariahilf <906>",8
30 bis 34 Jahre,2025,"Wien 18.Bezirk, Währing <918>","Wien 7.Bezirk, Neubau <907>",12
30 bis 34 Jahre,2025,"Wien 18.Bezirk, Währing <918>","Wien 8.Bezirk, Josefstadt <908>",8
30 bis 34 Jahre,2025,"Wien 18.Bezirk, Währing <918>","Wien 9.Bezirk, Alsergrund <909>",27
30 bis 34 Jahre,2025,"Wien 18.Bezirk, Währing <918>","Wien 10.Bezirk, Favoriten <910>",32
30 bis 34 Jahre,2025,"Wien 18.Bezirk, Währing <918>","Wien 11.Bezirk, Simmering <911>",8
30 bis 34 Jahre,2025,"Wien 18.Bezirk, Währing <918>","Wien 12.Bezirk, Meidling <912>",21
30 bis 34 Jahre,2025,"Wien 18.Bezirk, Währing <918>","Wien 13.Bezirk, Hietzing <913>",18
30 bis 34 Jahre,2025,"Wien 18.Bezirk, Währing <918>","Wien 14.Bezirk, Penzing <914>",37
30 bis 34 Jahre,2025,"Wien 18.Bezirk, Währing <918>","Wien 15.Bezirk, Rudolfsheim-Fünfhaus <915>",25
30 bis 34 Jahre,2025,"Wien 18.Bezirk, Währing <918>","Wien 16.Bezirk, Ottakring <916>",52
30 bis 34 Jahre,2025,"Wien 18.Bezirk, Währing <918>","Wien 17.Bezirk, Hernals <917>",53
30 bis 34 Jahre,2025,"Wien 18.Bezirk, Währing <918>","Wien 18.Bezirk, Währing <918>",104
30 bis 34 Jahre,2025,"Wien 18.Bezirk, Währing <918>","Wien 19.Bezirk, Döbling <919>",52
30 bis 34 Jahre,2025,"Wien 18.Bezirk, Währing <918>","Wien 20.Bezirk, Brigittenau <920>",18
30 bis 34 Jahre,2025,"Wien 18.Bezirk, Währing <918>","Wien 21.Bezirk, Floridsdorf <921>",28
30 bis 34 Jahre,2025,"Wien 18.Bezirk, Währing <918>","Wien 22.Bezirk, Donaustadt <922>",47
30 bis 34 Jahre,2025,"Wien 18.Bezirk, Währing <918>","Wien 23.Bezirk, Liesing <923>",17
30 bis 34 Jahre,2025,"Wien 19.Bezirk, Döbling <919>","Wien 1.Bezirk, Innere Stadt <901>",4
30 bis 34 Jahre,2025,"Wien 19.Bezirk, Döbling <919>","Wien 2.Bezirk, Leopoldstadt <902>",31
30 bis 34 Jahre,2025,"Wien 19.Bezirk, Döbling <919>","Wien 3.Bezirk, Landstraße <903>",30
30 bis 34 Jahre,2025,"Wien 19.Bezirk, Döbling <919>","Wien 4.Bezirk, Wieden <904>",10
30 bis 34 Jahre,2025,"Wien 19.Bezirk, Döbling <919>","Wien 5.Bezirk, Margareten <905>",15
30 bis 34 Jahre,2025,"Wien 19.Bezirk, Döbling <919>","Wien 6.Bezirk, Mariahilf <906>",11
30 bis 34 Jahre,2025,"Wien 19.Bezirk, Döbling <919>","Wien 7.Bezirk, Neubau <907>",10
30 bis 34 Jahre,2025,"Wien 19.Bezirk, Döbling <919>","Wien 8.Bezirk, Josefstadt <908>",12
30 bis 34 Jahre,2025,"Wien 19.Bezirk, Döbling <919>","Wien 9.Bezirk, Alsergrund <909>",23
30 bis 34 Jahre,2025,"Wien 19.Bezirk, Döbling <919>","Wien 10.Bezirk, Favoriten <910>",41
30 bis 34 Jahre,2025,"Wien 19.Bezirk, Döbling <919>","Wien 11.Bezirk, Simmering <911>",20
30 bis 34 Jahre,2025,"Wien 19.Bezirk, Döbling <919>","Wien 12.Bezirk, Meidling <912>",19
30 bis 34 Jahre,2025,"Wien 19.Bezirk, Döbling <919>","Wien 13.Bezirk, Hietzing <913>",8
30 bis 34 Jahre,2025,"Wien 19.Bezirk, Döbling <919>","Wien 14.Bezirk, Penzing <914>",28
30 bis 34 Jahre,2025,"Wien 19.Bezirk, Döbling <919>","Wien 15.Bezirk, Rudolfsheim-Fünfhaus <915>",16
30 bis 34 Jahre,2025,"Wien 19.Bezirk, Döbling <919>","Wien 16.Bezirk, Ottakring <916>",28
30 bis 34 Jahre,2025,"Wien 19.Bezirk, Döbling <919>","Wien 17.Bezirk, Hernals <917>",24
30 bis 34 Jahre,2025,"Wien 19.Bezirk, Döbling <919>","Wien 18.Bezirk, Währing <918>",37
30 bis 34 Jahre,2025,"Wien 19.Bezirk, Döbling <919>","Wien 19.Bezirk, Döbling <919>",178
30 bis 34 Jahre,2025,"Wien 19.Bezirk, Döbling <919>","Wien 20.Bezirk, Brigittenau <920>",38
30 bis 34 Jahre,2025,"Wien 19.Bezirk, Döbling <919>","Wien 21.Bezirk, Floridsdorf <921>",67
30 bis 34 Jahre,2025,"Wien 19.Bezirk, Döbling <919>","Wien 22.Bezirk, Donaustadt <922>",61
30 bis 34 Jahre,2025,"Wien 19.Bezirk, Döbling <919>","Wien 23.Bezirk, Liesing <923>",16
30 bis 34 Jahre,2025,"Wien 20.Bezirk, Brigittenau <920>","Wien 1.Bezirk, Innere Stadt <901>",4
30 bis 34 Jahre,2025,"Wien 20.Bezirk, Brigittenau <920>","Wien 2.Bezirk, Leopoldstadt <902>",130
30 bis 34 Jahre,2025,"Wien 20.Bezirk, Brigittenau <920>","Wien 3.Bezirk, Landstraße <903>",41
30 bis 34 Jahre,2025,"Wien 20.Bezirk, Brigittenau <920>","Wien 4.Bezirk, Wieden <904>",17
30 bis 34 Jahre,2025,"Wien 20.Bezirk, Brigittenau <920>","Wien 5.Bezirk, Margareten <905>",18
30 bis 34 Jahre,2025,"Wien 20.Bezirk, Brigittenau <920>","Wien 6.Bezirk, Mariahilf <906>",18
30 bis 34 Jahre,2025,"Wien 20.Bezirk, Brigittenau <920>","Wien 7.Bezirk, Neubau <907>",10
30 bis 34 Jahre,2025,"Wien 20.Bezirk, Brigittenau <920>","Wien 8.Bezirk, Josefstadt <908>",10
30 bis 34 Jahre,2025,"Wien 20.Bezirk, Brigittenau <920>","Wien 9.Bezirk, Alsergrund <909>",30
30 bis 34 Jahre,2025,"Wien 20.Bezirk, Brigittenau <920>","Wien 10.Bezirk, Favoriten <910>",113
30 bis 34 Jahre,2025,"Wien 20.Bezirk, Brigittenau <920>","Wien 11.Bezirk, Simmering <911>",38
30 bis 34 Jahre,2025,"Wien 20.Bezirk, Brigittenau <920>","Wien 12.Bezirk, Meidling <912>",34
30 bis 34 Jahre,2025,"Wien 20.Bezirk, Brigittenau <920>","Wien 13.Bezirk, Hietzing <913>",9
30 bis 34 Jahre,2025,"Wien 20.Bezirk, Brigittenau <920>","Wien 14.Bezirk, Penzing <914>",31
30 bis 34 Jahre,2025,"Wien 20.Bezirk, Brigittenau <920>","Wien 15.Bezirk, Rudolfsheim-Fünfhaus <915>",42
30 bis 34 Jahre,2025,"Wien 20.Bezirk, Brigittenau <920>","Wien 16.Bezirk, Ottakring <916>",52
30 bis 34 Jahre,2025,"Wien 20.Bezirk, Brigittenau <920>","Wien 17.Bezirk, Hernals <917>",31
30 bis 34 Jahre,2025,"Wien 20.Bezirk, Brigittenau <920>","Wien 18.Bezirk, Währing <918>",28
30 bis 34 Jahre,2025,"Wien 20.Bezirk, Brigittenau <920>","Wien 19.Bezirk, Döbling <919>",41
30 bis 34 Jahre,2025,"Wien 20.Bezirk, Brigittenau <920>","Wien 20.Bezirk, Brigittenau <920>",280
30 bis 34 Jahre,2025,"Wien 20.Bezirk, Brigittenau <920>","Wien 21.Bezirk, Floridsdorf <921>",144
30 bis 34 Jahre,2025,"Wien 20.Bezirk, Brigittenau <920>","Wien 22.Bezirk, Donaustadt <922>",146
30 bis 34 Jahre,2025,"Wien 20.Bezirk, Brigittenau <920>","Wien 23.Bezirk, Liesing <923>",12
30 bis 34 Jahre,2025,"Wien 21.Bezirk, Floridsdorf <921>","Wien 1.Bezirk, Innere Stadt <901>",1
30 bis 34 Jahre,2025,"Wien 21.Bezirk, Floridsdorf <921>","Wien 2.Bezirk, Leopoldstadt <902>",67
30 bis 34 Jahre,2025,"Wien 21.Bezirk, Floridsdorf <921>","Wien 3.Bezirk, Landstraße <903>",58
30 bis 34 Jahre,2025,"Wien 21.Bezirk, Floridsdorf <921>","Wien 4.Bezirk, Wieden <904>",30
30 bis 34 Jahre,2025,"Wien 21.Bezirk, Floridsdorf <921>","Wien 5.Bezirk, Margareten <905>",31
30 bis 34 Jahre,2025,"Wien 21.Bezirk, Floridsdorf <921>","Wien 6.Bezirk, Mariahilf <906>",15
30 bis 34 Jahre,2025,"Wien 21.Bezirk, Floridsdorf <921>","Wien 7.Bezirk, Neubau <907>",8
30 bis 34 Jahre,2025,"Wien 21.Bezirk, Floridsdorf <921>","Wien 8.Bezirk, Josefstadt <908>",10
30 bis 34 Jahre,2025,"Wien 21.Bezirk, Floridsdorf <921>","Wien 9.Bezirk, Alsergrund <909>",12
30 bis 34 Jahre,2025,"Wien 21.Bezirk, Floridsdorf <921>","Wien 10.Bezirk, Favoriten <910>",100
30 bis 34 Jahre,2025,"Wien 21.Bezirk, Floridsdorf <921>","Wien 11.Bezirk, Simmering <911>",40
30 bis 34 Jahre,2025,"Wien 21.Bezirk, Floridsdorf <921>","Wien 12.Bezirk, Meidling <912>",40
30 bis 34 Jahre,2025,"Wien 21.Bezirk, Floridsdorf <921>","Wien 13.Bezirk, Hietzing <913>",17
30 bis 34 Jahre,2025,"Wien 21.Bezirk, Floridsdorf <921>","Wien 14.Bezirk, Penzing <914>",28
30 bis 34 Jahre,2025,"Wien 21.Bezirk, Floridsdorf <921>","Wien 15.Bezirk, Rudolfsheim-Fünfhaus <915>",50
30 bis 34 Jahre,2025,"Wien 21.Bezirk, Floridsdorf <921>","Wien 16.Bezirk, Ottakring <916>",53
30 bis 34 Jahre,2025,"Wien 21.Bezirk, Floridsdorf <921>","Wien 17.Bezirk, Hernals <917>",27
30 bis 34 Jahre,2025,"Wien 21.Bezirk, Floridsdorf <921>","Wien 18.Bezirk, Währing <918>",15
30 bis 34 Jahre,2025,"Wien 21.Bezirk, Floridsdorf <921>","Wien 19.Bezirk, Döbling <919>",36
30 bis 34 Jahre,2025,"Wien 21.Bezirk, Floridsdorf <921>","Wien 20.Bezirk, Brigittenau <920>",52
30 bis 34 Jahre,2025,"Wien 21.Bezirk, Floridsdorf <921>","Wien 21.Bezirk, Floridsdorf <921>",760
30 bis 34 Jahre,2025,"Wien 21.Bezirk, Floridsdorf <921>","Wien 22.Bezirk, Donaustadt <922>",364
30 bis 34 Jahre,2025,"Wien 21.Bezirk, Floridsdorf <921>","Wien 23.Bezirk, Liesing <923>",41
30 bis 34 Jahre,2025,"Wien 22.Bezirk, Donaustadt <922>","Wien 1.Bezirk, Innere Stadt <901>",6
30 bis 34 Jahre,2025,"Wien 22.Bezirk, Donaustadt <922>","Wien 2.Bezirk, Leopoldstadt <902>",91
30 bis 34 Jahre,2025,"Wien 22.Bezirk, Donaustadt <922>","Wien 3.Bezirk, Landstraße <903>",47
30 bis 34 Jahre,2025,"Wien 22.Bezirk, Donaustadt <922>","Wien 4.Bezirk, Wieden <904>",23
30 bis 34 Jahre,2025,"Wien 22.Bezirk, Donaustadt <922>","Wien 5.Bezirk, Margareten <905>",20
30 bis 34 Jahre,2025,"Wien 22.Bezirk, Donaustadt <922>","Wien 6.Bezirk, Mariahilf <906>",7
30 bis 34 Jahre,2025,"Wien 22.Bezirk, Donaustadt <922>","Wien 7.Bezirk, Neubau <907>",16
30 bis 34 Jahre,2025,"Wien 22.Bezirk, Donaustadt <922>","Wien 8.Bezirk, Josefstadt <908>",12
30 bis 34 Jahre,2025,"Wien 22.Bezirk, Donaustadt <922>","Wien 9.Bezirk, Alsergrund <909>",31
30 bis 34 Jahre,2025,"Wien 22.Bezirk, Donaustadt <922>","Wien 10.Bezirk, Favoriten <910>",120
30 bis 34 Jahre,2025,"Wien 22.Bezirk, Donaustadt <922>","Wien 11.Bezirk, Simmering <911>",42
30 bis 34 Jahre,2025,"Wien 22.Bezirk, Donaustadt <922>","Wien 12.Bezirk, Meidling <912>",39
30 bis 34 Jahre,2025,"Wien 22.Bezirk, Donaustadt <922>","Wien 13.Bezirk, Hietzing <913>",11
30 bis 34 Jahre,2025,"Wien 22.Bezirk, Donaustadt <922>","Wien 14.Bezirk, Penzing <914>",24
30 bis 34 Jahre,2025,"Wien 22.Bezirk, Donaustadt <922>","Wien 15.Bezirk, Rudolfsheim-Fünfhaus <915>",29
30 bis 34 Jahre,2025,"Wien 22.Bezirk, Donaustadt <922>","Wien 16.Bezirk, Ottakring <916>",32
30 bis 34 Jahre,2025,"Wien 22.Bezirk, Donaustadt <922>","Wien 17.Bezirk, Hernals <917>",21
30 bis 34 Jahre,2025,"Wien 22.Bezirk, Donaustadt <922>","Wien 18.Bezirk, Währing <918>",17
30 bis 34 Jahre,2025,"Wien 22.Bezirk, Donaustadt <922>","Wien 19.Bezirk, Döbling <919>",31
30 bis 34 Jahre,2025,"Wien 22.Bezirk, Donaustadt <922>","Wien 20.Bezirk, Brigittenau <920>",59
30 bis 34 Jahre,2025,"Wien 22.Bezirk, Donaustadt <922>","Wien 21.Bezirk, Floridsdorf <921>",191
30 bis 34 Jahre,2025,"Wien 22.Bezirk, Donaustadt <922>","Wien 22.Bezirk, Donaustadt <922>",984
30 bis 34 Jahre,2025,"Wien 22.Bezirk, Donaustadt <922>","Wien 23.Bezirk, Liesing <923>",38
30 bis 34 Jahre,2025,"Wien 23.Bezirk, Liesing <923>","Wien 1.Bezirk, Innere Stadt <901>",4
30 bis 34 Jahre,2025,"Wien 23.Bezirk, Liesing <923>","Wien 2.Bezirk, Leopoldstadt <902>",16
30 bis 34 Jahre,2025,"Wien 23.Bezirk, Liesing <923>","Wien 3.Bezirk, Landstraße <903>",25
30 bis 34 Jahre,2025,"Wien 23.Bezirk, Liesing <923>","Wien 4.Bezirk, Wieden <904>",16
30 bis 34 Jahre,2025,"Wien 23.Bezirk, Liesing <923>","Wien 5.Bezirk, Margareten <905>",20
30 bis 34 Jahre,2025,"Wien 23.Bezirk, Liesing <923>","Wien 6.Bezirk, Mariahilf <906>",7
30 bis 34 Jahre,2025,"Wien 23.Bezirk, Liesing <923>","Wien 7.Bezirk, Neubau <907>",9
30 bis 34 Jahre,2025,"Wien 23.Bezirk, Liesing <923>","Wien 8.Bezirk, Josefstadt <908>",7
30 bis 34 Jahre,2025,"Wien 23.Bezirk, Liesing <923>","Wien 9.Bezirk, Alsergrund <909>",4
30 bis 34 Jahre,2025,"Wien 23.Bezirk, Liesing <923>","Wien 10.Bezirk, Favoriten <910>",86
30 bis 34 Jahre,2025,"Wien 23.Bezirk, Liesing <923>","Wien 11.Bezirk, Simmering <911>",27
30 bis 34 Jahre,2025,"Wien 23.Bezirk, Liesing <923>","Wien 12.Bezirk, Meidling <912>",61
30 bis 34 Jahre,2025,"Wien 23.Bezirk, Liesing <923>","Wien 13.Bezirk, Hietzing <913>",26
30 bis 34 Jahre,2025,"Wien 23.Bezirk, Liesing <923>","Wien 14.Bezirk, Penzing <914>",24
30 bis 34 Jahre,2025,"Wien 23.Bezirk, Liesing <923>","Wien 15.Bezirk, Rudolfsheim-Fünfhaus <915>",25
30 bis 34 Jahre,2025,"Wien 23.Bezirk, Liesing <923>","Wien 16.Bezirk, Ottakring <916>",20
30 bis 34 Jahre,2025,"Wien 23.Bezirk, Liesing <923>","Wien 17.Bezirk, Hernals <917>",13
30 bis 34 Jahre,2025,"Wien 23.Bezirk, Liesing <923>","Wien 18.Bezirk, Währing <918>",5
30 bis 34 Jahre,2025,"Wien 23.Bezirk, Liesing <923>","Wien 19.Bezirk, Döbling <919>",2
30 bis 34 Jahre,2025,"Wien 23.Bezirk, Liesing <923>","Wien 20.Bezirk, Brigittenau <920>",15
30 bis 34 Jahre,2025,"Wien 23.Bezirk, Liesing <923>","Wien 21.Bezirk, Floridsdorf <921>",41
30 bis 34 Jahre,2025,"Wien 23.Bezirk, Liesing <923>","Wien 22.Bezirk, Donaustadt <922>",59
30 bis 34 Jahre,2025,"Wien 23.Bezirk, Liesing <923>","Wien 23.Bezirk, Liesing <923>",368
35 bis 39 Jahre,2025,"Wien 1.Bezirk, Innere Stadt <901>","Wien 1.Bezirk, Innere Stadt <901>",28
35 bis 39 Jahre,2025,"Wien 1.Bezirk, Innere Stadt <901>","Wien 2.Bezirk, Leopoldstadt <902>",14
35 bis 39 Jahre,2025,"Wien 1.Bezirk, Innere Stadt <901>","Wien 3.Bezirk, Landstraße <903>",20
35 bis 39 Jahre,2025,"Wien 1.Bezirk, Innere Stadt <901>","Wien 4.Bezirk, Wieden <904>",7
35 bis 39 Jahre,2025,"Wien 1.Bezirk, Innere Stadt <901>","Wien 5.Bezirk, Margareten <905>",3
35 bis 39 Jahre,2025,"Wien 1.Bezirk, Innere Stadt <901>","Wien 6.Bezirk, Mariahilf <906>",3
35 bis 39 Jahre,2025,"Wien 1.Bezirk, Innere Stadt <901>","Wien 7.Bezirk, Neubau <907>",1
35 bis 39 Jahre,2025,"Wien 1.Bezirk, Innere Stadt <901>","Wien 8.Bezirk, Josefstadt <908>",1
35 bis 39 Jahre,2025,"Wien 1.Bezirk, Innere Stadt <901>","Wien 9.Bezirk, Alsergrund <909>",6
35 bis 39 Jahre,2025,"Wien 1.Bezirk, Innere Stadt <901>","Wien 10.Bezirk, Favoriten <910>",2
35 bis 39 Jahre,2025,"Wien 1.Bezirk, Innere Stadt <901>","Wien 11.Bezirk, Simmering <911>",3
35 bis 39 Jahre,2025,"Wien 1.Bezirk, Innere Stadt <901>","Wien 12.Bezirk, Meidling <912>",5
35 bis 39 Jahre,2025,"Wien 1.Bezirk, Innere Stadt <901>","Wien 13.Bezirk, Hietzing <913>",4
35 bis 39 Jahre,2025,"Wien 1.Bezirk, Innere Stadt <901>","Wien 14.Bezirk, Penzing <914>",3
35 bis 39 Jahre,2025,"Wien 1.Bezirk, Innere Stadt <901>","Wien 15.Bezirk, Rudolfsheim-Fünfhaus <915>",3
35 bis 39 Jahre,2025,"Wien 1.Bezirk, Innere Stadt <901>","Wien 16.Bezirk, Ottakring <916>",5
35 bis 39 Jahre,2025,"Wien 1.Bezirk, Innere Stadt <901>","Wien 17.Bezirk, Hernals <917>",-
35 bis 39 Jahre,2025,"Wien 1.Bezirk, Innere Stadt <901>","Wien 18.Bezirk, Währing <918>",6
35 bis 39 Jahre,2025,"Wien 1.Bezirk, Innere Stadt <901>","Wien 19.Bezirk, Döbling <919>",17
35 bis 39 Jahre,2025,"Wien 1.Bezirk, Innere Stadt <901>","Wien 20.Bezirk, Brigittenau <920>",3
35 bis 39 Jahre,2025,"Wien 1.Bezirk, Innere Stadt <901>","Wien 21.Bezirk, Floridsdorf <921>",1
35 bis 39 Jahre,2025,"Wien 1.Bezirk, Innere Stadt <901>","Wien 22.Bezirk, Donaustadt <922>",6
35 bis 39 Jahre,2025,"Wien 1.Bezirk, Innere Stadt <901>","Wien 23.Bezirk, Liesing <923>",3
35 bis 39 Jahre,2025,"Wien 2.Bezirk, Leopoldstadt <902>","Wien 1.Bezirk, Innere Stadt <901>",8
35 bis 39 Jahre,2025,"Wien 2.Bezirk, Leopoldstadt <902>","Wien 2.Bezirk, Leopoldstadt <902>",328
35 bis 39 Jahre,2025,"Wien 2.Bezirk, Leopoldstadt <902>","Wien 3.Bezirk, Landstraße <903>",79
35 bis 39 Jahre,2025,"Wien 2.Bezirk, Leopoldstadt <902>","Wien 4.Bezirk, Wieden <904>",23
35 bis 39 Jahre,2025,"Wien 2.Bezirk, Leopoldstadt <902>","Wien 5.Bezirk, Margareten <905>",29
35 bis 39 Jahre,2025,"Wien 2.Bezirk, Leopoldstadt <902>","Wien 6.Bezirk, Mariahilf <906>",16
35 bis 39 Jahre,2025,"Wien 2.Bezirk, Leopoldstadt <902>","Wien 7.Bezirk, Neubau <907>",11
35 bis 39 Jahre,2025,"Wien 2.Bezirk, Leopoldstadt <902>","Wien 8.Bezirk, Josefstadt <908>",19
35 bis 39 Jahre,2025,"Wien 2.Bezirk, Leopoldstadt <902>","Wien 9.Bezirk, Alsergrund <909>",27
35 bis 39 Jahre,2025,"Wien 2.Bezirk, Leopoldstadt <902>","Wien 10.Bezirk, Favoriten <910>",55
35 bis 39 Jahre,2025,"Wien 2.Bezirk, Leopoldstadt <902>","Wien 11.Bezirk, Simmering <911>",26
35 bis 39 Jahre,2025,"Wien 2.Bezirk, Leopoldstadt <902>","Wien 12.Bezirk, Meidling <912>",32
35 bis 39 Jahre,2025,"Wien 2.Bezirk, Leopoldstadt <902>","Wien 13.Bezirk, Hietzing <913>",11
35 bis 39 Jahre,2025,"Wien 2.Bezirk, Leopoldstadt <902>","Wien 14.Bezirk, Penzing <914>",27
35 bis 39 Jahre,2025,"Wien 2.Bezirk, Leopoldstadt <902>","Wien 15.Bezirk, Rudolfsheim-Fünfhaus <915>",29
35 bis 39 Jahre,2025,"Wien 2.Bezirk, Leopoldstadt <902>","Wien 16.Bezirk, Ottakring <916>",29
35 bis 39 Jahre,2025,"Wien 2.Bezirk, Leopoldstadt <902>","Wien 17.Bezirk, Hernals <917>",13
35 bis 39 Jahre,2025,"Wien 2.Bezirk, Leopoldstadt <902>","Wien 18.Bezirk, Währing <918>",16
35 bis 39 Jahre,2025,"Wien 2.Bezirk, Leopoldstadt <902>","Wien 19.Bezirk, Döbling <919>",26
35 bis 39 Jahre,2025,"Wien 2.Bezirk, Leopoldstadt <902>","Wien 20.Bezirk, Brigittenau <920>",105
35 bis 39 Jahre,2025,"Wien 2.Bezirk, Leopoldstadt <902>","Wien 21.Bezirk, Floridsdorf <921>",50
35 bis 39 Jahre,2025,"Wien 2.Bezirk, Leopoldstadt <902>","Wien 22.Bezirk, Donaustadt <922>",123
35 bis 39 Jahre,2025,"Wien 2.Bezirk, Leopoldstadt <902>","Wien 23.Bezirk, Liesing <923>",12
35 bis 39 Jahre,2025,"Wien 3.Bezirk, Landstraße <903>","Wien 1.Bezirk, Innere Stadt <901>",15
35 bis 39 Jahre,2025,"Wien 3.Bezirk, Landstraße <903>","Wien 2.Bezirk, Leopoldstadt <902>",90
35 bis 39 Jahre,2025,"Wien 3.Bezirk, Landstraße <903>","Wien 3.Bezirk, Landstraße <903>",284
35 bis 39 Jahre,2025,"Wien 3.Bezirk, Landstraße <903>","Wien 4.Bezirk, Wieden <904>",29
35 bis 39 Jahre,2025,"Wien 3.Bezirk, Landstraße <903>","Wien 5.Bezirk, Margareten <905>",16
35 bis 39 Jahre,2025,"Wien 3.Bezirk, Landstraße <903>","Wien 6.Bezirk, Mariahilf <906>",25
35 bis 39 Jahre,2025,"Wien 3.Bezirk, Landstraße <903>","Wien 7.Bezirk, Neubau <907>",10
35 bis 39 Jahre,2025,"Wien 3.Bezirk, Landstraße <903>","Wien 8.Bezirk, Josefstadt <908>",10
35 bis 39 Jahre,2025,"Wien 3.Bezirk, Landstraße <903>","Wien 9.Bezirk, Alsergrund <909>",29
35 bis 39 Jahre,2025,"Wien 3.Bezirk, Landstraße <903>","Wien 10.Bezirk, Favoriten <910>",81
35 bis 39 Jahre,2025,"Wien 3.Bezirk, Landstraße <903>","Wien 11.Bezirk, Simmering <911>",60
35 bis 39 Jahre,2025,"Wien 3.Bezirk, Landstraße <903>","Wien 12.Bezirk, Meidling <912>",34
35 bis 39 Jahre,2025,"Wien 3.Bezirk, Landstraße <903>","Wien 13.Bezirk, Hietzing <913>",24
35 bis 39 Jahre,2025,"Wien 3.Bezirk, Landstraße <903>","Wien 14.Bezirk, Penzing <914>",28
35 bis 39 Jahre,2025,"Wien 3.Bezirk, Landstraße <903>","Wien 15.Bezirk, Rudolfsheim-Fünfhaus <915>",36
35 bis 39 Jahre,2025,"Wien 3.Bezirk, Landstraße <903>","Wien 16.Bezirk, Ottakring <916>",27
35 bis 39 Jahre,2025,"Wien 3.Bezirk, Landstraße <903>","Wien 17.Bezirk, Hernals <917>",18
35 bis 39 Jahre,2025,"Wien 3.Bezirk, Landstraße <903>","Wien 18.Bezirk, Währing <918>",13
35 bis 39 Jahre,2025,"Wien 3.Bezirk, Landstraße <903>","Wien 19.Bezirk, Döbling <919>",21
35 bis 39 Jahre,2025,"Wien 3.Bezirk, Landstraße <903>","Wien 20.Bezirk, Brigittenau <920>",28
35 bis 39 Jahre,2025,"Wien 3.Bezirk, Landstraße <903>","Wien 21.Bezirk, Floridsdorf <921>",42
35 bis 39 Jahre,2025,"Wien 3.Bezirk, Landstraße <903>","Wien 22.Bezirk, Donaustadt <922>",83
35 bis 39 Jahre,2025,"Wien 3.Bezirk, Landstraße <903>","Wien 23.Bezirk, Liesing <923>",28
35 bis 39 Jahre,2025,"Wien 4.Bezirk, Wieden <904>","Wien 1.Bezirk, Innere Stadt <901>",3
35 bis 39 Jahre,2025,"Wien 4.Bezirk, Wieden <904>","Wien 2.Bezirk, Leopoldstadt <902>",27
35 bis 39 Jahre,2025,"Wien 4.Bezirk, Wieden <904>","Wien 3.Bezirk, Landstraße <903>",30
35 bis 39 Jahre,2025,"Wien 4.Bezirk, Wieden <904>","Wien 4.Bezirk, Wieden <904>",63
35 bis 39 Jahre,2025,"Wien 4.Bezirk, Wieden <904>","Wien 5.Bezirk, Margareten <905>",34
35 bis 39 Jahre,2025,"Wien 4.Bezirk, Wieden <904>","Wien 6.Bezirk, Mariahilf <906>",15
35 bis 39 Jahre,2025,"Wien 4.Bezirk, Wieden <904>","Wien 7.Bezirk, Neubau <907>",8
35 bis 39 Jahre,2025,"Wien 4.Bezirk, Wieden <904>","Wien 8.Bezirk, Josefstadt <908>",11
35 bis 39 Jahre,2025,"Wien 4.Bezirk, Wieden <904>","Wien 9.Bezirk, Alsergrund <909>",17
35 bis 39 Jahre,2025,"Wien 4.Bezirk, Wieden <904>","Wien 10.Bezirk, Favoriten <910>",53
35 bis 39 Jahre,2025,"Wien 4.Bezirk, Wieden <904>","Wien 11.Bezirk, Simmering <911>",12
35 bis 39 Jahre,2025,"Wien 4.Bezirk, Wieden <904>","Wien 12.Bezirk, Meidling <912>",18
35 bis 39 Jahre,2025,"Wien 4.Bezirk, Wieden <904>","Wien 13.Bezirk, Hietzing <913>",10
35 bis 39 Jahre,2025,"Wien 4.Bezirk, Wieden <904>","Wien 14.Bezirk, Penzing <914>",13
35 bis 39 Jahre,2025,"Wien 4.Bezirk, Wieden <904>","Wien 15.Bezirk, Rudolfsheim-Fünfhaus <915>",20
35 bis 39 Jahre,2025,"Wien 4.Bezirk, Wieden <904>","Wien 16.Bezirk, Ottakring <916>",23
35 bis 39 Jahre,2025,"Wien 4.Bezirk, Wieden <904>","Wien 17.Bezirk, Hernals <917>",8
35 bis 39 Jahre,2025,"Wien 4.Bezirk, Wieden <904>","Wien 18.Bezirk, Währing <918>",5
35 bis 39 Jahre,2025,"Wien 4.Bezirk, Wieden <904>","Wien 19.Bezirk, Döbling <919>",13
35 bis 39 Jahre,2025,"Wien 4.Bezirk, Wieden <904>","Wien 20.Bezirk, Brigittenau <920>",12
35 bis 39 Jahre,2025,"Wien 4.Bezirk, Wieden <904>","Wien 21.Bezirk, Floridsdorf <921>",22
35 bis 39 Jahre,2025,"Wien 4.Bezirk, Wieden <904>","Wien 22.Bezirk, Donaustadt <922>",40
35 bis 39 Jahre,2025,"Wien 4.Bezirk, Wieden <904>","Wien 23.Bezirk, Liesing <923>",10
35 bis 39 Jahre,2025,"Wien 5.Bezirk, Margareten <905>","Wien 1.Bezirk, Innere Stadt <901>",3
35 bis 39 Jahre,2025,"Wien 5.Bezirk, Margareten <905>","Wien 2.Bezirk, Leopoldstadt <902>",35
35 bis 39 Jahre,2025,"Wien 5.Bezirk, Margareten <905>","Wien 3.Bezirk, Landstraße <903>",34
35 bis 39 Jahre,2025,"Wien 5.Bezirk, Margareten <905>","Wien 4.Bezirk, Wieden <904>",21
35 bis 39 Jahre,2025,"Wien 5.Bezirk, Margareten <905>","Wien 5.Bezirk, Margareten <905>",90
35 bis 39 Jahre,2025,"Wien 5.Bezirk, Margareten <905>","Wien 6.Bezirk, Mariahilf <906>",18
35 bis 39 Jahre,2025,"Wien 5.Bezirk, Margareten <905>","Wien 7.Bezirk, Neubau <907>",14
35 bis 39 Jahre,2025,"Wien 5.Bezirk, Margareten <905>","Wien 8.Bezirk, Josefstadt <908>",12
35 bis 39 Jahre,2025,"Wien 5.Bezirk, Margareten <905>","Wien 9.Bezirk, Alsergrund <909>",9
35 bis 39 Jahre,2025,"Wien 5.Bezirk, Margareten <905>","Wien 10.Bezirk, Favoriten <910>",70
35 bis 39 Jahre,2025,"Wien 5.Bezirk, Margareten <905>","Wien 11.Bezirk, Simmering <911>",26
35 bis 39 Jahre,2025,"Wien 5.Bezirk, Margareten <905>","Wien 12.Bezirk, Meidling <912>",40
35 bis 39 Jahre,2025,"Wien 5.Bezirk, Margareten <905>","Wien 13.Bezirk, Hietzing <913>",15
35 bis 39 Jahre,2025,"Wien 5.Bezirk, Margareten <905>","Wien 14.Bezirk, Penzing <914>",28
35 bis 39 Jahre,2025,"Wien 5.Bezirk, Margareten <905>","Wien 15.Bezirk, Rudolfsheim-Fünfhaus <915>",36
35 bis 39 Jahre,2025,"Wien 5.Bezirk, Margareten <905>","Wien 16.Bezirk, Ottakring <916>",24
35 bis 39 Jahre,2025,"Wien 5.Bezirk, Margareten <905>","Wien 17.Bezirk, Hernals <917>",13
35 bis 39 Jahre,2025,"Wien 5.Bezirk, Margareten <905>","Wien 18.Bezirk, Währing <918>",11
35 bis 39 Jahre,2025,"Wien 5.Bezirk, Margareten <905>","Wien 19.Bezirk, Döbling <919>",11
35 bis 39 Jahre,2025,"Wien 5.Bezirk, Margareten <905>","Wien 20.Bezirk, Brigittenau <920>",19
35 bis 39 Jahre,2025,"Wien 5.Bezirk, Margareten <905>","Wien 21.Bezirk, Floridsdorf <921>",34
35 bis 39 Jahre,2025,"Wien 5.Bezirk, Margareten <905>","Wien 22.Bezirk, Donaustadt <922>",34
35 bis 39 Jahre,2025,"Wien 5.Bezirk, Margareten <905>","Wien 23.Bezirk, Liesing <923>",34
35 bis 39 Jahre,2025,"Wien 6.Bezirk, Mariahilf <906>","Wien 1.Bezirk, Innere Stadt <901>",5
35 bis 39 Jahre,2025,"Wien 6.Bezirk, Mariahilf <906>","Wien 2.Bezirk, Leopoldstadt <902>",15
35 bis 39 Jahre,2025,"Wien 6.Bezirk, Mariahilf <906>","Wien 3.Bezirk, Landstraße <903>",32
35 bis 39 Jahre,2025,"Wien 6.Bezirk, Mariahilf <906>","Wien 4.Bezirk, Wieden <904>",15
35 bis 39 Jahre,2025,"Wien 6.Bezirk, Mariahilf <906>","Wien 5.Bezirk, Margareten <905>",19
35 bis 39 Jahre,2025,"Wien 6.Bezirk, Mariahilf <906>","Wien 6.Bezirk, Mariahilf <906>",33
35 bis 39 Jahre,2025,"Wien 6.Bezirk, Mariahilf <906>","Wien 7.Bezirk, Neubau <907>",18
35 bis 39 Jahre,2025,"Wien 6.Bezirk, Mariahilf <906>","Wien 8.Bezirk, Josefstadt <908>",21
35 bis 39 Jahre,2025,"Wien 6.Bezirk, Mariahilf <906>","Wien 9.Bezirk, Alsergrund <909>",20
35 bis 39 Jahre,2025,"Wien 6.Bezirk, Mariahilf <906>","Wien 10.Bezirk, Favoriten <910>",26
35 bis 39 Jahre,2025,"Wien 6.Bezirk, Mariahilf <906>","Wien 11.Bezirk, Simmering <911>",10
35 bis 39 Jahre,2025,"Wien 6.Bezirk, Mariahilf <906>","Wien 12.Bezirk, Meidling <912>",21
35 bis 39 Jahre,2025,"Wien 6.Bezirk, Mariahilf <906>","Wien 13.Bezirk, Hietzing <913>",6
35 bis 39 Jahre,2025,"Wien 6.Bezirk, Mariahilf <906>","Wien 14.Bezirk, Penzing <914>",24
35 bis 39 Jahre,2025,"Wien 6.Bezirk, Mariahilf <906>","Wien 15.Bezirk, Rudolfsheim-Fünfhaus <915>",23
35 bis 39 Jahre,2025,"Wien 6.Bezirk, Mariahilf <906>","Wien 16.Bezirk, Ottakring <916>",17
35 bis 39 Jahre,2025,"Wien 6.Bezirk, Mariahilf <906>","Wien 17.Bezirk, Hernals <917>",10
35 bis 39 Jahre,2025,"Wien 6.Bezirk, Mariahilf <906>","Wien 18.Bezirk, Währing <918>",5
35 bis 39 Jahre,2025,"Wien 6.Bezirk, Mariahilf <906>","Wien 19.Bezirk, Döbling <919>",7
35 bis 39 Jahre,2025,"Wien 6.Bezirk, Mariahilf <906>","Wien 20.Bezirk, Brigittenau <920>",11
35 bis 39 Jahre,2025,"Wien 6.Bezirk, Mariahilf <906>","Wien 21.Bezirk, Floridsdorf <921>",10
35 bis 39 Jahre,2025,"Wien 6.Bezirk, Mariahilf <906>","Wien 22.Bezirk, Donaustadt <922>",16
35 bis 39 Jahre,2025,"Wien 6.Bezirk, Mariahilf <906>","Wien 23.Bezirk, Liesing <923>",12
35 bis 39 Jahre,2025,"Wien 7.Bezirk, Neubau <907>","Wien 1.Bezirk, Innere Stadt <901>",7
35 bis 39 Jahre,2025,"Wien 7.Bezirk, Neubau <907>","Wien 2.Bezirk, Leopoldstadt <902>",19
35 bis 39 Jahre,2025,"Wien 7.Bezirk, Neubau <907>","Wien 3.Bezirk, Landstraße <903>",20
35 bis 39 Jahre,2025,"Wien 7.Bezirk, Neubau <907>","Wien 4.Bezirk, Wieden <904>",7
35 bis 39 Jahre,2025,"Wien 7.Bezirk, Neubau <907>","Wien 5.Bezirk, Margareten <905>",14
35 bis 39 Jahre,2025,"Wien 7.Bezirk, Neubau <907>","Wien 6.Bezirk, Mariahilf <906>",17
35 bis 39 Jahre,2025,"Wien 7.Bezirk, Neubau <907>","Wien 7.Bezirk, Neubau <907>",41
35 bis 39 Jahre,2025,"Wien 7.Bezirk, Neubau <907>","Wien 8.Bezirk, Josefstadt <908>",11
35 bis 39 Jahre,2025,"Wien 7.Bezirk, Neubau <907>","Wien 9.Bezirk, Alsergrund <909>",18
35 bis 39 Jahre,2025,"Wien 7.Bezirk, Neubau <907>","Wien 10.Bezirk, Favoriten <910>",12
35 bis 39 Jahre,2025,"Wien 7.Bezirk, Neubau <907>","Wien 11.Bezirk, Simmering <911>",7
35 bis 39 Jahre,2025,"Wien 7.Bezirk, Neubau <907>","Wien 12.Bezirk, Meidling <912>",11
35 bis 39 Jahre,2025,"Wien 7.Bezirk, Neubau <907>","Wien 13.Bezirk, Hietzing <913>",11
35 bis 39 Jahre,2025,"Wien 7.Bezirk, Neubau <907>","Wien 14.Bezirk, Penzing <914>",12
35 bis 39 Jahre,2025,"Wien 7.Bezirk, Neubau <907>","Wien 15.Bezirk, Rudolfsheim-Fünfhaus <915>",24
35 bis 39 Jahre,2025,"Wien 7.Bezirk, Neubau <907>","Wien 16.Bezirk, Ottakring <916>",20
35 bis 39 Jahre,2025,"Wien 7.Bezirk, Neubau <907>","Wien 17.Bezirk, Hernals <917>",6
35 bis 39 Jahre,2025,"Wien 7.Bezirk, Neubau <907>","Wien 18.Bezirk, Währing <918>",5
35 bis 39 Jahre,2025,"Wien 7.Bezirk, Neubau <907>","Wien 19.Bezirk, Döbling <919>",10
35 bis 39 Jahre,2025,"Wien 7.Bezirk, Neubau <907>","Wien 20.Bezirk, Brigittenau <920>",14
35 bis 39 Jahre,2025,"Wien 7.Bezirk, Neubau <907>","Wien 21.Bezirk, Floridsdorf <921>",12
35 bis 39 Jahre,2025,"Wien 7.Bezirk, Neubau <907>","Wien 22.Bezirk, Donaustadt <922>",11
35 bis 39 Jahre,2025,"Wien 7.Bezirk, Neubau <907>","Wien 23.Bezirk, Liesing <923>",6
35 bis 39 Jahre,2025,"Wien 8.Bezirk, Josefstadt <908>","Wien 1.Bezirk, Innere Stadt <901>",2
35 bis 39 Jahre,2025,"Wien 8.Bezirk, Josefstadt <908>","Wien 2.Bezirk, Leopoldstadt <902>",20
35 bis 39 Jahre,2025,"Wien 8.Bezirk, Josefstadt <908>","Wien 3.Bezirk, Landstraße <903>",11
35 bis 39 Jahre,2025,"Wien 8.Bezirk, Josefstadt <908>","Wien 4.Bezirk, Wieden <904>",7
35 bis 39 Jahre,2025,"Wien 8.Bezirk, Josefstadt <908>","Wien 5.Bezirk, Margareten <905>",8
35 bis 39 Jahre,2025,"Wien 8.Bezirk, Josefstadt <908>","Wien 6.Bezirk, Mariahilf <906>",5
35 bis 39 Jahre,2025,"Wien 8.Bezirk, Josefstadt <908>","Wien 7.Bezirk, Neubau <907>",8
35 bis 39 Jahre,2025,"Wien 8.Bezirk, Josefstadt <908>","Wien 8.Bezirk, Josefstadt <908>",63
35 bis 39 Jahre,2025,"Wien 8.Bezirk, Josefstadt <908>","Wien 9.Bezirk, Alsergrund <909>",40
35 bis 39 Jahre,2025,"Wien 8.Bezirk, Josefstadt <908>","Wien 10.Bezirk, Favoriten <910>",12
35 bis 39 Jahre,2025,"Wien 8.Bezirk, Josefstadt <908>","Wien 11.Bezirk, Simmering <911>",11
35 bis 39 Jahre,2025,"Wien 8.Bezirk, Josefstadt <908>","Wien 12.Bezirk, Meidling <912>",10
35 bis 39 Jahre,2025,"Wien 8.Bezirk, Josefstadt <908>","Wien 13.Bezirk, Hietzing <913>",5
35 bis 39 Jahre,2025,"Wien 8.Bezirk, Josefstadt <908>","Wien 14.Bezirk, Penzing <914>",12
35 bis 39 Jahre,2025,"Wien 8.Bezirk, Josefstadt <908>","Wien 15.Bezirk, Rudolfsheim-Fünfhaus <915>",8
35 bis 39 Jahre,2025,"Wien 8.Bezirk, Josefstadt <908>","Wien 16.Bezirk, Ottakring <916>",14
35 bis 39 Jahre,2025,"Wien 8.Bezirk, Josefstadt <908>","Wien 17.Bezirk, Hernals <917>",6
35 bis 39 Jahre,2025,"Wien 8.Bezirk, Josefstadt <908>","Wien 18.Bezirk, Währing <918>",11
35 bis 39 Jahre,2025,"Wien 8.Bezirk, Josefstadt <908>","Wien 19.Bezirk, Döbling <919>",6
35 bis 39 Jahre,2025,"Wien 8.Bezirk, Josefstadt <908>","Wien 20.Bezirk, Brigittenau <920>",4
35 bis 39 Jahre,2025,"Wien 8.Bezirk, Josefstadt <908>","Wien 21.Bezirk, Floridsdorf <921>",12
35 bis 39 Jahre,2025,"Wien 8.Bezirk, Josefstadt <908>","Wien 22.Bezirk, Donaustadt <922>",4
35 bis 39 Jahre,2025,"Wien 8.Bezirk, Josefstadt <908>","Wien 23.Bezirk, Liesing <923>",7
35 bis 39 Jahre,2025,"Wien 9.Bezirk, Alsergrund <909>","Wien 1.Bezirk, Innere Stadt <901>",7
35 bis 39 Jahre,2025,"Wien 9.Bezirk, Alsergrund <909>","Wien 2.Bezirk, Leopoldstadt <902>",39
35 bis 39 Jahre,2025,"Wien 9.Bezirk, Alsergrund <909>","Wien 3.Bezirk, Landstraße <903>",22
35 bis 39 Jahre,2025,"Wien 9.Bezirk, Alsergrund <909>","Wien 4.Bezirk, Wieden <904>",12
35 bis 39 Jahre,2025,"Wien 9.Bezirk, Alsergrund <909>","Wien 5.Bezirk, Margareten <905>",15
35 bis 39 Jahre,2025,"Wien 9.Bezirk, Alsergrund <909>","Wien 6.Bezirk, Mariahilf <906>",16
35 bis 39 Jahre,2025,"Wien 9.Bezirk, Alsergrund <909>","Wien 7.Bezirk, Neubau <907>",13
35 bis 39 Jahre,2025,"Wien 9.Bezirk, Alsergrund <909>","Wien 8.Bezirk, Josefstadt <908>",26
35 bis 39 Jahre,2025,"Wien 9.Bezirk, Alsergrund <909>","Wien 9.Bezirk, Alsergrund <909>",85
35 bis 39 Jahre,2025,"Wien 9.Bezirk, Alsergrund <909>","Wien 10.Bezirk, Favoriten <910>",14
35 bis 39 Jahre,2025,"Wien 9.Bezirk, Alsergrund <909>","Wien 11.Bezirk, Simmering <911>",7
35 bis 39 Jahre,2025,"Wien 9.Bezirk, Alsergrund <909>","Wien 12.Bezirk, Meidling <912>",17
35 bis 39 Jahre,2025,"Wien 9.Bezirk, Alsergrund <909>","Wien 13.Bezirk, Hietzing <913>",9
35 bis 39 Jahre,2025,"Wien 9.Bezirk, Alsergrund <909>","Wien 14.Bezirk, Penzing <914>",19
35 bis 39 Jahre,2025,"Wien 9.Bezirk, Alsergrund <909>","Wien 15.Bezirk, Rudolfsheim-Fünfhaus <915>",17
35 bis 39 Jahre,2025,"Wien 9.Bezirk, Alsergrund <909>","Wien 16.Bezirk, Ottakring <916>",24
35 bis 39 Jahre,2025,"Wien 9.Bezirk, Alsergrund <909>","Wien 17.Bezirk, Hernals <917>",30
35 bis 39 Jahre,2025,"Wien 9.Bezirk, Alsergrund <909>","Wien 18.Bezirk, Währing <918>",29
35 bis 39 Jahre,2025,"Wien 9.Bezirk, Alsergrund <909>","Wien 19.Bezirk, Döbling <919>",47
35 bis 39 Jahre,2025,"Wien 9.Bezirk, Alsergrund <909>","Wien 20.Bezirk, Brigittenau <920>",25
35 bis 39 Jahre,2025,"Wien 9.Bezirk, Alsergrund <909>","Wien 21.Bezirk, Floridsdorf <921>",13
35 bis 39 Jahre,2025,"Wien 9.Bezirk, Alsergrund <909>","Wien 22.Bezirk, Donaustadt <922>",25
35 bis 39 Jahre,2025,"Wien 9.Bezirk, Alsergrund <909>","Wien 23.Bezirk, Liesing <923>",8
35 bis 39 Jahre,2025,"Wien 10.Bezirk, Favoriten <910>","Wien 1.Bezirk, Innere Stadt <901>",7
35 bis 39 Jahre,2025,"Wien 10.Bezirk, Favoriten <910>","Wien 2.Bezirk, Leopoldstadt <902>",87
35 bis 39 Jahre,2025,"Wien 10.Bezirk, Favoriten <910>","Wien 3.Bezirk, Landstraße <903>",100
35 bis 39 Jahre,2025,"Wien 10.Bezirk, Favoriten <910>","Wien 4.Bezirk, Wieden <904>",55
35 bis 39 Jahre,2025,"Wien 10.Bezirk, Favoriten <910>","Wien 5.Bezirk, Margareten <905>",47
35 bis 39 Jahre,2025,"Wien 10.Bezirk, Favoriten <910>","Wien 6.Bezirk, Mariahilf <906>",27
35 bis 39 Jahre,2025,"Wien 10.Bezirk, Favoriten <910>","Wien 7.Bezirk, Neubau <907>",14
35 bis 39 Jahre,2025,"Wien 10.Bezirk, Favoriten <910>","Wien 8.Bezirk, Josefstadt <908>",15
35 bis 39 Jahre,2025,"Wien 10.Bezirk, Favoriten <910>","Wien 9.Bezirk, Alsergrund <909>",17
35 bis 39 Jahre,2025,"Wien 10.Bezirk, Favoriten <910>","Wien 10.Bezirk, Favoriten <910>",942
35 bis 39 Jahre,2025,"Wien 10.Bezirk, Favoriten <910>","Wien 11.Bezirk, Simmering <911>",119
35 bis 39 Jahre,2025,"Wien 10.Bezirk, Favoriten <910>","Wien 12.Bezirk, Meidling <912>",79
35 bis 39 Jahre,2025,"Wien 10.Bezirk, Favoriten <910>","Wien 13.Bezirk, Hietzing <913>",18
35 bis 39 Jahre,2025,"Wien 10.Bezirk, Favoriten <910>","Wien 14.Bezirk, Penzing <914>",43
35 bis 39 Jahre,2025,"Wien 10.Bezirk, Favoriten <910>","Wien 15.Bezirk, Rudolfsheim-Fünfhaus <915>",56
35 bis 39 Jahre,2025,"Wien 10.Bezirk, Favoriten <910>","Wien 16.Bezirk, Ottakring <916>",72
35 bis 39 Jahre,2025,"Wien 10.Bezirk, Favoriten <910>","Wien 17.Bezirk, Hernals <917>",32
35 bis 39 Jahre,2025,"Wien 10.Bezirk, Favoriten <910>","Wien 18.Bezirk, Währing <918>",18
35 bis 39 Jahre,2025,"Wien 10.Bezirk, Favoriten <910>","Wien 19.Bezirk, Döbling <919>",20
35 bis 39 Jahre,2025,"Wien 10.Bezirk, Favoriten <910>","Wien 20.Bezirk, Brigittenau <920>",47
35 bis 39 Jahre,2025,"Wien 10.Bezirk, Favoriten <910>","Wien 21.Bezirk, Floridsdorf <921>",79
35 bis 39 Jahre,2025,"Wien 10.Bezirk, Favoriten <910>","Wien 22.Bezirk, Donaustadt <922>",181
35 bis 39 Jahre,2025,"Wien 10.Bezirk, Favoriten <910>","Wien 23.Bezirk, Liesing <923>",93
35 bis 39 Jahre,2025,"Wien 11.Bezirk, Simmering <911>","Wien 1.Bezirk, Innere Stadt <901>",-
35 bis 39 Jahre,2025,"Wien 11.Bezirk, Simmering <911>","Wien 2.Bezirk, Leopoldstadt <902>",24
35 bis 39 Jahre,2025,"Wien 11.Bezirk, Simmering <911>","Wien 3.Bezirk, Landstraße <903>",66
35 bis 39 Jahre,2025,"Wien 11.Bezirk, Simmering <911>","Wien 4.Bezirk, Wieden <904>",17
35 bis 39 Jahre,2025,"Wien 11.Bezirk, Simmering <911>","Wien 5.Bezirk, Margareten <905>",12
35 bis 39 Jahre,2025,"Wien 11.Bezirk, Simmering <911>","Wien 6.Bezirk, Mariahilf <906>",10
35 bis 39 Jahre,2025,"Wien 11.Bezirk, Simmering <911>","Wien 7.Bezirk, Neubau <907>",5
35 bis 39 Jahre,2025,"Wien 11.Bezirk, Simmering <911>","Wien 8.Bezirk, Josefstadt <908>",4
35 bis 39 Jahre,2025,"Wien 11.Bezirk, Simmering <911>","Wien 9.Bezirk, Alsergrund <909>",13
35 bis 39 Jahre,2025,"Wien 11.Bezirk, Simmering <911>","Wien 10.Bezirk, Favoriten <910>",115
35 bis 39 Jahre,2025,"Wien 11.Bezirk, Simmering <911>","Wien 11.Bezirk, Simmering <911>",270
35 bis 39 Jahre,2025,"Wien 11.Bezirk, Simmering <911>","Wien 12.Bezirk, Meidling <912>",23
35 bis 39 Jahre,2025,"Wien 11.Bezirk, Simmering <911>","Wien 13.Bezirk, Hietzing <913>",9
35 bis 39 Jahre,2025,"Wien 11.Bezirk, Simmering <911>","Wien 14.Bezirk, Penzing <914>",18
35 bis 39 Jahre,2025,"Wien 11.Bezirk, Simmering <911>","Wien 15.Bezirk, Rudolfsheim-Fünfhaus <915>",19
35 bis 39 Jahre,2025,"Wien 11.Bezirk, Simmering <911>","Wien 16.Bezirk, Ottakring <916>",21
35 bis 39 Jahre,2025,"Wien 11.Bezirk, Simmering <911>","Wien 17.Bezirk, Hernals <917>",11
35 bis 39 Jahre,2025,"Wien 11.Bezirk, Simmering <911>","Wien 18.Bezirk, Währing <918>",4
35 bis 39 Jahre,2025,"Wien 11.Bezirk, Simmering <911>","Wien 19.Bezirk, Döbling <919>",10
35 bis 39 Jahre,2025,"Wien 11.Bezirk, Simmering <911>","Wien 20.Bezirk, Brigittenau <920>",19
35 bis 39 Jahre,2025,"Wien 11.Bezirk, Simmering <911>","Wien 21.Bezirk, Floridsdorf <921>",44
35 bis 39 Jahre,2025,"Wien 11.Bezirk, Simmering <911>","Wien 22.Bezirk, Donaustadt <922>",80
35 bis 39 Jahre,2025,"Wien 11.Bezirk, Simmering <911>","Wien 23.Bezirk, Liesing <923>",19
35 bis 39 Jahre,2025,"Wien 12.Bezirk, Meidling <912>","Wien 1.Bezirk, Innere Stadt <901>",1
35 bis 39 Jahre,2025,"Wien 12.Bezirk, Meidling <912>","Wien 2.Bezirk, Leopoldstadt <902>",34
35 bis 39 Jahre,2025,"Wien 12.Bezirk, Meidling <912>","Wien 3.Bezirk, Landstraße <903>",24
35 bis 39 Jahre,2025,"Wien 12.Bezirk, Meidling <912>","Wien 4.Bezirk, Wieden <904>",20
35 bis 39 Jahre,2025,"Wien 12.Bezirk, Meidling <912>","Wien 5.Bezirk, Margareten <905>",27
35 bis 39 Jahre,2025,"Wien 12.Bezirk, Meidling <912>","Wien 6.Bezirk, Mariahilf <906>",17
35 bis 39 Jahre,2025,"Wien 12.Bezirk, Meidling <912>","Wien 7.Bezirk, Neubau <907>",10
35 bis 39 Jahre,2025,"Wien 12.Bezirk, Meidling <912>","Wien 8.Bezirk, Josefstadt <908>",7
35 bis 39 Jahre,2025,"Wien 12.Bezirk, Meidling <912>","Wien 9.Bezirk, Alsergrund <909>",10
35 bis 39 Jahre,2025,"Wien 12.Bezirk, Meidling <912>","Wien 10.Bezirk, Favoriten <910>",122
35 bis 39 Jahre,2025,"Wien 12.Bezirk, Meidling <912>","Wien 11.Bezirk, Simmering <911>",28
35 bis 39 Jahre,2025,"Wien 12.Bezirk, Meidling <912>","Wien 12.Bezirk, Meidling <912>",185
35 bis 39 Jahre,2025,"Wien 12.Bezirk, Meidling <912>","Wien 13.Bezirk, Hietzing <913>",46
35 bis 39 Jahre,2025,"Wien 12.Bezirk, Meidling <912>","Wien 14.Bezirk, Penzing <914>",32
35 bis 39 Jahre,2025,"Wien 12.Bezirk, Meidling <912>","Wien 15.Bezirk, Rudolfsheim-Fünfhaus <915>",48
35 bis 39 Jahre,2025,"Wien 12.Bezirk, Meidling <912>","Wien 16.Bezirk, Ottakring <916>",38
35 bis 39 Jahre,2025,"Wien 12.Bezirk, Meidling <912>","Wien 17.Bezirk, Hernals <917>",21
35 bis 39 Jahre,2025,"Wien 12.Bezirk, Meidling <912>","Wien 18.Bezirk, Währing <918>",13
35 bis 39 Jahre,2025,"Wien 12.Bezirk, Meidling <912>","Wien 19.Bezirk, Döbling <919>",24
35 bis 39 Jahre,2025,"Wien 12.Bezirk, Meidling <912>","Wien 20.Bezirk, Brigittenau <920>",22
35 bis 39 Jahre,2025,"Wien 12.Bezirk, Meidling <912>","Wien 21.Bezirk, Floridsdorf <921>",52
35 bis 39 Jahre,2025,"Wien 12.Bezirk, Meidling <912>","Wien 22.Bezirk, Donaustadt <922>",63
35 bis 39 Jahre,2025,"Wien 12.Bezirk, Meidling <912>","Wien 23.Bezirk, Liesing <923>",83
35 bis 39 Jahre,2025,"Wien 13.Bezirk, Hietzing <913>","Wien 1.Bezirk, Innere Stadt <901>",-
35 bis 39 Jahre,2025,"Wien 13.Bezirk, Hietzing <913>","Wien 2.Bezirk, Leopoldstadt <902>",12
35 bis 39 Jahre,2025,"Wien 13.Bezirk, Hietzing <913>","Wien 3.Bezirk, Landstraße <903>",10
35 bis 39 Jahre,2025,"Wien 13.Bezirk, Hietzing <913>","Wien 4.Bezirk, Wieden <904>",3
35 bis 39 Jahre,2025,"Wien 13.Bezirk, Hietzing <913>","Wien 5.Bezirk, Margareten <905>",9
35 bis 39 Jahre,2025,"Wien 13.Bezirk, Hietzing <913>","Wien 6.Bezirk, Mariahilf <906>",5
35 bis 39 Jahre,2025,"Wien 13.Bezirk, Hietzing <913>","Wien 7.Bezirk, Neubau <907>",7
35 bis 39 Jahre,2025,"Wien 13.Bezirk, Hietzing <913>","Wien 8.Bezirk, Josefstadt <908>",2
35 bis 39 Jahre,2025,"Wien 13.Bezirk, Hietzing <913>","Wien 9.Bezirk, Alsergrund <909>",9
35 bis 39 Jahre,2025,"Wien 13.Bezirk, Hietzing <913>","Wien 10.Bezirk, Favoriten <910>",23
35 bis 39 Jahre,2025,"Wien 13.Bezirk, Hietzing <913>","Wien 11.Bezirk, Simmering <911>",10
35 bis 39 Jahre,2025,"Wien 13.Bezirk, Hietzing <913>","Wien 12.Bezirk, Meidling <912>",30
35 bis 39 Jahre,2025,"Wien 13.Bezirk, Hietzing <913>","Wien 13.Bezirk, Hietzing <913>",126
35 bis 39 Jahre,2025,"Wien 13.Bezirk, Hietzing <913>","Wien 14.Bezirk, Penzing <914>",45
35 bis 39 Jahre,2025,"Wien 13.Bezirk, Hietzing <913>","Wien 15.Bezirk, Rudolfsheim-Fünfhaus <915>",10
35 bis 39 Jahre,2025,"Wien 13.Bezirk, Hietzing <913>","Wien 16.Bezirk, Ottakring <916>",8
35 bis 39 Jahre,2025,"Wien 13.Bezirk, Hietzing <913>","Wien 17.Bezirk, Hernals <917>",2
35 bis 39 Jahre,2025,"Wien 13.Bezirk, Hietzing <913>","Wien 18.Bezirk, Währing <918>",3
35 bis 39 Jahre,2025,"Wien 13.Bezirk, Hietzing <913>","Wien 19.Bezirk, Döbling <919>",5
35 bis 39 Jahre,2025,"Wien 13.Bezirk, Hietzing <913>","Wien 20.Bezirk, Brigittenau <920>",5
35 bis 39 Jahre,2025,"Wien 13.Bezirk, Hietzing <913>","Wien 21.Bezirk, Floridsdorf <921>",12
35 bis 39 Jahre,2025,"Wien 13.Bezirk, Hietzing <913>","Wien 22.Bezirk, Donaustadt <922>",22
35 bis 39 Jahre,2025,"Wien 13.Bezirk, Hietzing <913>","Wien 23.Bezirk, Liesing <923>",18
35 bis 39 Jahre,2025,"Wien 14.Bezirk, Penzing <914>","Wien 1.Bezirk, Innere Stadt <901>",3
35 bis 39 Jahre,2025,"Wien 14.Bezirk, Penzing <914>","Wien 2.Bezirk, Leopoldstadt <902>",32
35 bis 39 Jahre,2025,"Wien 14.Bezirk, Penzing <914>","Wien 3.Bezirk, Landstraße <903>",23
35 bis 39 Jahre,2025,"Wien 14.Bezirk, Penzing <914>","Wien 4.Bezirk, Wieden <904>",13
35 bis 39 Jahre,2025,"Wien 14.Bezirk, Penzing <914>","Wien 5.Bezirk, Margareten <905>",19
35 bis 39 Jahre,2025,"Wien 14.Bezirk, Penzing <914>","Wien 6.Bezirk, Mariahilf <906>",13
35 bis 39 Jahre,2025,"Wien 14.Bezirk, Penzing <914>","Wien 7.Bezirk, Neubau <907>",11
35 bis 39 Jahre,2025,"Wien 14.Bezirk, Penzing <914>","Wien 8.Bezirk, Josefstadt <908>",12
35 bis 39 Jahre,2025,"Wien 14.Bezirk, Penzing <914>","Wien 9.Bezirk, Alsergrund <909>",11
35 bis 39 Jahre,2025,"Wien 14.Bezirk, Penzing <914>","Wien 10.Bezirk, Favoriten <910>",41
35 bis 39 Jahre,2025,"Wien 14.Bezirk, Penzing <914>","Wien 11.Bezirk, Simmering <911>",18
35 bis 39 Jahre,2025,"Wien 14.Bezirk, Penzing <914>","Wien 12.Bezirk, Meidling <912>",38
35 bis 39 Jahre,2025,"Wien 14.Bezirk, Penzing <914>","Wien 13.Bezirk, Hietzing <913>",42
35 bis 39 Jahre,2025,"Wien 14.Bezirk, Penzing <914>","Wien 14.Bezirk, Penzing <914>",190
35 bis 39 Jahre,2025,"Wien 14.Bezirk, Penzing <914>","Wien 15.Bezirk, Rudolfsheim-Fünfhaus <915>",58
35 bis 39 Jahre,2025,"Wien 14.Bezirk, Penzing <914>","Wien 16.Bezirk, Ottakring <916>",43
35 bis 39 Jahre,2025,"Wien 14.Bezirk, Penzing <914>","Wien 17.Bezirk, Hernals <917>",30
35 bis 39 Jahre,2025,"Wien 14.Bezirk, Penzing <914>","Wien 18.Bezirk, Währing <918>",10
35 bis 39 Jahre,2025,"Wien 14.Bezirk, Penzing <914>","Wien 19.Bezirk, Döbling <919>",19
35 bis 39 Jahre,2025,"Wien 14.Bezirk, Penzing <914>","Wien 20.Bezirk, Brigittenau <920>",16
35 bis 39 Jahre,2025,"Wien 14.Bezirk, Penzing <914>","Wien 21.Bezirk, Floridsdorf <921>",27
35 bis 39 Jahre,2025,"Wien 14.Bezirk, Penzing <914>","Wien 22.Bezirk, Donaustadt <922>",43
35 bis 39 Jahre,2025,"Wien 14.Bezirk, Penzing <914>","Wien 23.Bezirk, Liesing <923>",24
35 bis 39 Jahre,2025,"Wien 15.Bezirk, Rudolfsheim-Fünfhaus <915>","Wien 1.Bezirk, Innere Stadt <901>",2
35 bis 39 Jahre,2025,"Wien 15.Bezirk, Rudolfsheim-Fünfhaus <915>","Wien 2.Bezirk, Leopoldstadt <902>",37
35 bis 39 Jahre,2025,"Wien 15.Bezirk, Rudolfsheim-Fünfhaus <915>","Wien 3.Bezirk, Landstraße <903>",39
35 bis 39 Jahre,2025,"Wien 15.Bezirk, Rudolfsheim-Fünfhaus <915>","Wien 4.Bezirk, Wieden <904>",16
35 bis 39 Jahre,2025,"Wien 15.Bezirk, Rudolfsheim-Fünfhaus <915>","Wien 5.Bezirk, Margareten <905>",28
35 bis 39 Jahre,2025,"Wien 15.Bezirk, Rudolfsheim-Fünfhaus <915>","Wien 6.Bezirk, Mariahilf <906>",23
35 bis 39 Jahre,2025,"Wien 15.Bezirk, Rudolfsheim-Fünfhaus <915>","Wien 7.Bezirk, Neubau <907>",15
35 bis 39 Jahre,2025,"Wien 15.Bezirk, Rudolfsheim-Fünfhaus <915>","Wien 8.Bezirk, Josefstadt <908>",19
35 bis 39 Jahre,2025,"Wien 15.Bezirk, Rudolfsheim-Fünfhaus <915>","Wien 9.Bezirk, Alsergrund <909>",15
35 bis 39 Jahre,2025,"Wien 15.Bezirk, Rudolfsheim-Fünfhaus <915>","Wien 10.Bezirk, Favoriten <910>",92
35 bis 39 Jahre,2025,"Wien 15.Bezirk, Rudolfsheim-Fünfhaus <915>","Wien 11.Bezirk, Simmering <911>",26
35 bis 39 Jahre,2025,"Wien 15.Bezirk, Rudolfsheim-Fünfhaus <915>","Wien 12.Bezirk, Meidling <912>",72
35 bis 39 Jahre,2025,"Wien 15.Bezirk, Rudolfsheim-Fünfhaus <915>","Wien 13.Bezirk, Hietzing <913>",14
35 bis 39 Jahre,2025,"Wien 15.Bezirk, Rudolfsheim-Fünfhaus <915>","Wien 14.Bezirk, Penzing <914>",91
35 bis 39 Jahre,2025,"Wien 15.Bezirk, Rudolfsheim-Fünfhaus <915>","Wien 15.Bezirk, Rudolfsheim-Fünfhaus <915>",150
35 bis 39 Jahre,2025,"Wien 15.Bezirk, Rudolfsheim-Fünfhaus <915>","Wien 16.Bezirk, Ottakring <916>",78
35 bis 39 Jahre,2025,"Wien 15.Bezirk, Rudolfsheim-Fünfhaus <915>","Wien 17.Bezirk, Hernals <917>",38
35 bis 39 Jahre,2025,"Wien 15.Bezirk, Rudolfsheim-Fünfhaus <915>","Wien 18.Bezirk, Währing <918>",14
35 bis 39 Jahre,2025,"Wien 15.Bezirk, Rudolfsheim-Fünfhaus <915>","Wien 19.Bezirk, Döbling <919>",16
35 bis 39 Jahre,2025,"Wien 15.Bezirk, Rudolfsheim-Fünfhaus <915>","Wien 20.Bezirk, Brigittenau <920>",34
35 bis 39 Jahre,2025,"Wien 15.Bezirk, Rudolfsheim-Fünfhaus <915>","Wien 21.Bezirk, Floridsdorf <921>",44
35 bis 39 Jahre,2025,"Wien 15.Bezirk, Rudolfsheim-Fünfhaus <915>","Wien 22.Bezirk, Donaustadt <922>",57
35 bis 39 Jahre,2025,"Wien 15.Bezirk, Rudolfsheim-Fünfhaus <915>","Wien 23.Bezirk, Liesing <923>",38
35 bis 39 Jahre,2025,"Wien 16.Bezirk, Ottakring <916>","Wien 1.Bezirk, Innere Stadt <901>",5
35 bis 39 Jahre,2025,"Wien 16.Bezirk, Ottakring <916>","Wien 2.Bezirk, Leopoldstadt <902>",26
35 bis 39 Jahre,2025,"Wien 16.Bezirk, Ottakring <916>","Wien 3.Bezirk, Landstraße <903>",49
35 bis 39 Jahre,2025,"Wien 16.Bezirk, Ottakring <916>","Wien 4.Bezirk, Wieden <904>",14
35 bis 39 Jahre,2025,"Wien 16.Bezirk, Ottakring <916>","Wien 5.Bezirk, Margareten <905>",18
35 bis 39 Jahre,2025,"Wien 16.Bezirk, Ottakring <916>","Wien 6.Bezirk, Mariahilf <906>",17
35 bis 39 Jahre,2025,"Wien 16.Bezirk, Ottakring <916>","Wien 7.Bezirk, Neubau <907>",24
35 bis 39 Jahre,2025,"Wien 16.Bezirk, Ottakring <916>","Wien 8.Bezirk, Josefstadt <908>",15
35 bis 39 Jahre,2025,"Wien 16.Bezirk, Ottakring <916>","Wien 9.Bezirk, Alsergrund <909>",15
35 bis 39 Jahre,2025,"Wien 16.Bezirk, Ottakring <916>","Wien 10.Bezirk, Favoriten <910>",84
35 bis 39 Jahre,2025,"Wien 16.Bezirk, Ottakring <916>","Wien 11.Bezirk, Simmering <911>",23
35 bis 39 Jahre,2025,"Wien 16.Bezirk, Ottakring <916>","Wien 12.Bezirk, Meidling <912>",50
35 bis 39 Jahre,2025,"Wien 16.Bezirk, Ottakring <916>","Wien 13.Bezirk, Hietzing <913>",24
35 bis 39 Jahre,2025,"Wien 16.Bezirk, Ottakring <916>","Wien 14.Bezirk, Penzing <914>",65
35 bis 39 Jahre,2025,"Wien 16.Bezirk, Ottakring <916>","Wien 15.Bezirk, Rudolfsheim-Fünfhaus <915>",78
35 bis 39 Jahre,2025,"Wien 16.Bezirk, Ottakring <916>","Wien 16.Bezirk, Ottakring <916>",219
35 bis 39 Jahre,2025,"Wien 16.Bezirk, Ottakring <916>","Wien 17.Bezirk, Hernals <917>",74
35 bis 39 Jahre,2025,"Wien 16.Bezirk, Ottakring <916>","Wien 18.Bezirk, Währing <918>",26
35 bis 39 Jahre,2025,"Wien 16.Bezirk, Ottakring <916>","Wien 19.Bezirk, Döbling <919>",30
35 bis 39 Jahre,2025,"Wien 16.Bezirk, Ottakring <916>","Wien 20.Bezirk, Brigittenau <920>",39
35 bis 39 Jahre,2025,"Wien 16.Bezirk, Ottakring <916>","Wien 21.Bezirk, Floridsdorf <921>",61
35 bis 39 Jahre,2025,"Wien 16.Bezirk, Ottakring <916>","Wien 22.Bezirk, Donaustadt <922>",59
35 bis 39 Jahre,2025,"Wien 16.Bezirk, Ottakring <916>","Wien 23.Bezirk, Liesing <923>",34
35 bis 39 Jahre,2025,"Wien 17.Bezirk, Hernals <917>","Wien 1.Bezirk, Innere Stadt <901>",3
35 bis 39 Jahre,2025,"Wien 17.Bezirk, Hernals <917>","Wien 2.Bezirk, Leopoldstadt <902>",22
35 bis 39 Jahre,2025,"Wien 17.Bezirk, Hernals <917>","Wien 3.Bezirk, Landstraße <903>",28
35 bis 39 Jahre,2025,"Wien 17.Bezirk, Hernals <917>","Wien 4.Bezirk, Wieden <904>",12
35 bis 39 Jahre,2025,"Wien 17.Bezirk, Hernals <917>","Wien 5.Bezirk, Margareten <905>",6
35 bis 39 Jahre,2025,"Wien 17.Bezirk, Hernals <917>","Wien 6.Bezirk, Mariahilf <906>",13
35 bis 39 Jahre,2025,"Wien 17.Bezirk, Hernals <917>","Wien 7.Bezirk, Neubau <907>",3
35 bis 39 Jahre,2025,"Wien 17.Bezirk, Hernals <917>","Wien 8.Bezirk, Josefstadt <908>",9
35 bis 39 Jahre,2025,"Wien 17.Bezirk, Hernals <917>","Wien 9.Bezirk, Alsergrund <909>",7
35 bis 39 Jahre,2025,"Wien 17.Bezirk, Hernals <917>","Wien 10.Bezirk, Favoriten <910>",44
35 bis 39 Jahre,2025,"Wien 17.Bezirk, Hernals <917>","Wien 11.Bezirk, Simmering <911>",20
35 bis 39 Jahre,2025,"Wien 17.Bezirk, Hernals <917>","Wien 12.Bezirk, Meidling <912>",16
35 bis 39 Jahre,2025,"Wien 17.Bezirk, Hernals <917>","Wien 13.Bezirk, Hietzing <913>",11
35 bis 39 Jahre,2025,"Wien 17.Bezirk, Hernals <917>","Wien 14.Bezirk, Penzing <914>",28
35 bis 39 Jahre,2025,"Wien 17.Bezirk, Hernals <917>","Wien 15.Bezirk, Rudolfsheim-Fünfhaus <915>",32
35 bis 39 Jahre,2025,"Wien 17.Bezirk, Hernals <917>","Wien 16.Bezirk, Ottakring <916>",71
35 bis 39 Jahre,2025,"Wien 17.Bezirk, Hernals <917>","Wien 17.Bezirk, Hernals <917>",115
35 bis 39 Jahre,2025,"Wien 17.Bezirk, Hernals <917>","Wien 18.Bezirk, Währing <918>",17
35 bis 39 Jahre,2025,"Wien 17.Bezirk, Hernals <917>","Wien 19.Bezirk, Döbling <919>",25
35 bis 39 Jahre,2025,"Wien 17.Bezirk, Hernals <917>","Wien 20.Bezirk, Brigittenau <920>",22
35 bis 39 Jahre,2025,"Wien 17.Bezirk, Hernals <917>","Wien 21.Bezirk, Floridsdorf <921>",26
35 bis 39 Jahre,2025,"Wien 17.Bezirk, Hernals <917>","Wien 22.Bezirk, Donaustadt <922>",36
35 bis 39 Jahre,2025,"Wien 17.Bezirk, Hernals <917>","Wien 23.Bezirk, Liesing <923>",14
35 bis 39 Jahre,2025,"Wien 18.Bezirk, Währing <918>","Wien 1.Bezirk, Innere Stadt <901>",4
35 bis 39 Jahre,2025,"Wien 18.Bezirk, Währing <918>","Wien 2.Bezirk, Leopoldstadt <902>",14
35 bis 39 Jahre,2025,"Wien 18.Bezirk, Währing <918>","Wien 3.Bezirk, Landstraße <903>",21
35 bis 39 Jahre,2025,"Wien 18.Bezirk, Währing <918>","Wien 4.Bezirk, Wieden <904>",10
35 bis 39 Jahre,2025,"Wien 18.Bezirk, Währing <918>","Wien 5.Bezirk, Margareten <905>",7
35 bis 39 Jahre,2025,"Wien 18.Bezirk, Währing <918>","Wien 6.Bezirk, Mariahilf <906>",8
35 bis 39 Jahre,2025,"Wien 18.Bezirk, Währing <918>","Wien 7.Bezirk, Neubau <907>",6
35 bis 39 Jahre,2025,"Wien 18.Bezirk, Währing <918>","Wien 8.Bezirk, Josefstadt <908>",10
35 bis 39 Jahre,2025,"Wien 18.Bezirk, Währing <918>","Wien 9.Bezirk, Alsergrund <909>",19
35 bis 39 Jahre,2025,"Wien 18.Bezirk, Währing <918>","Wien 10.Bezirk, Favoriten <910>",24
35 bis 39 Jahre,2025,"Wien 18.Bezirk, Währing <918>","Wien 11.Bezirk, Simmering <911>",9
35 bis 39 Jahre,2025,"Wien 18.Bezirk, Währing <918>","Wien 12.Bezirk, Meidling <912>",8
35 bis 39 Jahre,2025,"Wien 18.Bezirk, Währing <918>","Wien 13.Bezirk, Hietzing <913>",10
35 bis 39 Jahre,2025,"Wien 18.Bezirk, Währing <918>","Wien 14.Bezirk, Penzing <914>",25
35 bis 39 Jahre,2025,"Wien 18.Bezirk, Währing <918>","Wien 15.Bezirk, Rudolfsheim-Fünfhaus <915>",8
35 bis 39 Jahre,2025,"Wien 18.Bezirk, Währing <918>","Wien 16.Bezirk, Ottakring <916>",24
35 bis 39 Jahre,2025,"Wien 18.Bezirk, Währing <918>","Wien 17.Bezirk, Hernals <917>",44
35 bis 39 Jahre,2025,"Wien 18.Bezirk, Währing <918>","Wien 18.Bezirk, Währing <918>",127
35 bis 39 Jahre,2025,"Wien 18.Bezirk, Währing <918>","Wien 19.Bezirk, Döbling <919>",43
35 bis 39 Jahre,2025,"Wien 18.Bezirk, Währing <918>","Wien 20.Bezirk, Brigittenau <920>",14
35 bis 39 Jahre,2025,"Wien 18.Bezirk, Währing <918>","Wien 21.Bezirk, Floridsdorf <921>",19
35 bis 39 Jahre,2025,"Wien 18.Bezirk, Währing <918>","Wien 22.Bezirk, Donaustadt <922>",31
35 bis 39 Jahre,2025,"Wien 18.Bezirk, Währing <918>","Wien 23.Bezirk, Liesing <923>",14
35 bis 39 Jahre,2025,"Wien 19.Bezirk, Döbling <919>","Wien 1.Bezirk, Innere Stadt <901>",2
35 bis 39 Jahre,2025,"Wien 19.Bezirk, Döbling <919>","Wien 2.Bezirk, Leopoldstadt <902>",18
35 bis 39 Jahre,2025,"Wien 19.Bezirk, Döbling <919>","Wien 3.Bezirk, Landstraße <903>",26
35 bis 39 Jahre,2025,"Wien 19.Bezirk, Döbling <919>","Wien 4.Bezirk, Wieden <904>",13
35 bis 39 Jahre,2025,"Wien 19.Bezirk, Döbling <919>","Wien 5.Bezirk, Margareten <905>",7
35 bis 39 Jahre,2025,"Wien 19.Bezirk, Döbling <919>","Wien 6.Bezirk, Mariahilf <906>",5
35 bis 39 Jahre,2025,"Wien 19.Bezirk, Döbling <919>","Wien 7.Bezirk, Neubau <907>",7
35 bis 39 Jahre,2025,"Wien 19.Bezirk, Döbling <919>","Wien 8.Bezirk, Josefstadt <908>",6
35 bis 39 Jahre,2025,"Wien 19.Bezirk, Döbling <919>","Wien 9.Bezirk, Alsergrund <909>",16
35 bis 39 Jahre,2025,"Wien 19.Bezirk, Döbling <919>","Wien 10.Bezirk, Favoriten <910>",27
35 bis 39 Jahre,2025,"Wien 19.Bezirk, Döbling <919>","Wien 11.Bezirk, Simmering <911>",8
35 bis 39 Jahre,2025,"Wien 19.Bezirk, Döbling <919>","Wien 12.Bezirk, Meidling <912>",12
35 bis 39 Jahre,2025,"Wien 19.Bezirk, Döbling <919>","Wien 13.Bezirk, Hietzing <913>",4
35 bis 39 Jahre,2025,"Wien 19.Bezirk, Döbling <919>","Wien 14.Bezirk, Penzing <914>",21
35 bis 39 Jahre,2025,"Wien 19.Bezirk, Döbling <919>","Wien 15.Bezirk, Rudolfsheim-Fünfhaus <915>",17
35 bis 39 Jahre,2025,"Wien 19.Bezirk, Döbling <919>","Wien 16.Bezirk, Ottakring <916>",24
35 bis 39 Jahre,2025,"Wien 19.Bezirk, Döbling <919>","Wien 17.Bezirk, Hernals <917>",23
35 bis 39 Jahre,2025,"Wien 19.Bezirk, Döbling <919>","Wien 18.Bezirk, Währing <918>",31
35 bis 39 Jahre,2025,"Wien 19.Bezirk, Döbling <919>","Wien 19.Bezirk, Döbling <919>",191
35 bis 39 Jahre,2025,"Wien 19.Bezirk, Döbling <919>","Wien 20.Bezirk, Brigittenau <920>",24
35 bis 39 Jahre,2025,"Wien 19.Bezirk, Döbling <919>","Wien 21.Bezirk, Floridsdorf <921>",37
35 bis 39 Jahre,2025,"Wien 19.Bezirk, Döbling <919>","Wien 22.Bezirk, Donaustadt <922>",56
35 bis 39 Jahre,2025,"Wien 19.Bezirk, Döbling <919>","Wien 23.Bezirk, Liesing <923>",9
35 bis 39 Jahre,2025,"Wien 20.Bezirk, Brigittenau <920>","Wien 1.Bezirk, Innere Stadt <901>",5
35 bis 39 Jahre,2025,"Wien 20.Bezirk, Brigittenau <920>","Wien 2.Bezirk, Leopoldstadt <902>",85
35 bis 39 Jahre,2025,"Wien 20.Bezirk, Brigittenau <920>","Wien 3.Bezirk, Landstraße <903>",40
35 bis 39 Jahre,2025,"Wien 20.Bezirk, Brigittenau <920>","Wien 4.Bezirk, Wieden <904>",21
35 bis 39 Jahre,2025,"Wien 20.Bezirk, Brigittenau <920>","Wien 5.Bezirk, Margareten <905>",10
35 bis 39 Jahre,2025,"Wien 20.Bezirk, Brigittenau <920>","Wien 6.Bezirk, Mariahilf <906>",7
35 bis 39 Jahre,2025,"Wien 20.Bezirk, Brigittenau <920>","Wien 7.Bezirk, Neubau <907>",9
35 bis 39 Jahre,2025,"Wien 20.Bezirk, Brigittenau <920>","Wien 8.Bezirk, Josefstadt <908>",5
35 bis 39 Jahre,2025,"Wien 20.Bezirk, Brigittenau <920>","Wien 9.Bezirk, Alsergrund <909>",21
35 bis 39 Jahre,2025,"Wien 20.Bezirk, Brigittenau <920>","Wien 10.Bezirk, Favoriten <910>",76
35 bis 39 Jahre,2025,"Wien 20.Bezirk, Brigittenau <920>","Wien 11.Bezirk, Simmering <911>",25
35 bis 39 Jahre,2025,"Wien 20.Bezirk, Brigittenau <920>","Wien 12.Bezirk, Meidling <912>",32
35 bis 39 Jahre,2025,"Wien 20.Bezirk, Brigittenau <920>","Wien 13.Bezirk, Hietzing <913>",5
35 bis 39 Jahre,2025,"Wien 20.Bezirk, Brigittenau <920>","Wien 14.Bezirk, Penzing <914>",22
35 bis 39 Jahre,2025,"Wien 20.Bezirk, Brigittenau <920>","Wien 15.Bezirk, Rudolfsheim-Fünfhaus <915>",29
35 bis 39 Jahre,2025,"Wien 20.Bezirk, Brigittenau <920>","Wien 16.Bezirk, Ottakring <916>",30
35 bis 39 Jahre,2025,"Wien 20.Bezirk, Brigittenau <920>","Wien 17.Bezirk, Hernals <917>",18
35 bis 39 Jahre,2025,"Wien 20.Bezirk, Brigittenau <920>","Wien 18.Bezirk, Währing <918>",17
35 bis 39 Jahre,2025,"Wien 20.Bezirk, Brigittenau <920>","Wien 19.Bezirk, Döbling <919>",34
35 bis 39 Jahre,2025,"Wien 20.Bezirk, Brigittenau <920>","Wien 20.Bezirk, Brigittenau <920>",214
35 bis 39 Jahre,2025,"Wien 20.Bezirk, Brigittenau <920>","Wien 21.Bezirk, Floridsdorf <921>",99
35 bis 39 Jahre,2025,"Wien 20.Bezirk, Brigittenau <920>","Wien 22.Bezirk, Donaustadt <922>",108
35 bis 39 Jahre,2025,"Wien 20.Bezirk, Brigittenau <920>","Wien 23.Bezirk, Liesing <923>",18
35 bis 39 Jahre,2025,"Wien 21.Bezirk, Floridsdorf <921>","Wien 1.Bezirk, Innere Stadt <901>",1
35 bis 39 Jahre,2025,"Wien 21.Bezirk, Floridsdorf <921>","Wien 2.Bezirk, Leopoldstadt <902>",55
35 bis 39 Jahre,2025,"Wien 21.Bezirk, Floridsdorf <921>","Wien 3.Bezirk, Landstraße <903>",26
35 bis 39 Jahre,2025,"Wien 21.Bezirk, Floridsdorf <921>","Wien 4.Bezirk, Wieden <904>",18
35 bis 39 Jahre,2025,"Wien 21.Bezirk, Floridsdorf <921>","Wien 5.Bezirk, Margareten <905>",16
35 bis 39 Jahre,2025,"Wien 21.Bezirk, Floridsdorf <921>","Wien 6.Bezirk, Mariahilf <906>",9
35 bis 39 Jahre,2025,"Wien 21.Bezirk, Floridsdorf <921>","Wien 7.Bezirk, Neubau <907>",4
35 bis 39 Jahre,2025,"Wien 21.Bezirk, Floridsdorf <921>","Wien 8.Bezirk, Josefstadt <908>",3
35 bis 39 Jahre,2025,"Wien 21.Bezirk, Floridsdorf <921>","Wien 9.Bezirk, Alsergrund <909>",9
35 bis 39 Jahre,2025,"Wien 21.Bezirk, Floridsdorf <921>","Wien 10.Bezirk, Favoriten <910>",67
35 bis 39 Jahre,2025,"Wien 21.Bezirk, Floridsdorf <921>","Wien 11.Bezirk, Simmering <911>",38
35 bis 39 Jahre,2025,"Wien 21.Bezirk, Floridsdorf <921>","Wien 12.Bezirk, Meidling <912>",29
35 bis 39 Jahre,2025,"Wien 21.Bezirk, Floridsdorf <921>","Wien 13.Bezirk, Hietzing <913>",9
35 bis 39 Jahre,2025,"Wien 21.Bezirk, Floridsdorf <921>","Wien 14.Bezirk, Penzing <914>",30
35 bis 39 Jahre,2025,"Wien 21.Bezirk, Floridsdorf <921>","Wien 15.Bezirk, Rudolfsheim-Fünfhaus <915>",23
35 bis 39 Jahre,2025,"Wien 21.Bezirk, Floridsdorf <921>","Wien 16.Bezirk, Ottakring <916>",25
35 bis 39 Jahre,2025,"Wien 21.Bezirk, Floridsdorf <921>","Wien 17.Bezirk, Hernals <917>",29
35 bis 39 Jahre,2025,"Wien 21.Bezirk, Floridsdorf <921>","Wien 18.Bezirk, Währing <918>",7
35 bis 39 Jahre,2025,"Wien 21.Bezirk, Floridsdorf <921>","Wien 19.Bezirk, Döbling <919>",31
35 bis 39 Jahre,2025,"Wien 21.Bezirk, Floridsdorf <921>","Wien 20.Bezirk, Brigittenau <920>",54
35 bis 39 Jahre,2025,"Wien 21.Bezirk, Floridsdorf <921>","Wien 21.Bezirk, Floridsdorf <921>",582
35 bis 39 Jahre,2025,"Wien 21.Bezirk, Floridsdorf <921>","Wien 22.Bezirk, Donaustadt <922>",234
35 bis 39 Jahre,2025,"Wien 21.Bezirk, Floridsdorf <921>","Wien 23.Bezirk, Liesing <923>",30
35 bis 39 Jahre,2025,"Wien 22.Bezirk, Donaustadt <922>","Wien 1.Bezirk, Innere Stadt <901>",6
35 bis 39 Jahre,2025,"Wien 22.Bezirk, Donaustadt <922>","Wien 2.Bezirk, Leopoldstadt <902>",58
35 bis 39 Jahre,2025,"Wien 22.Bezirk, Donaustadt <922>","Wien 3.Bezirk, Landstraße <903>",45
35 bis 39 Jahre,2025,"Wien 22.Bezirk, Donaustadt <922>","Wien 4.Bezirk, Wieden <904>",19
35 bis 39 Jahre,2025,"Wien 22.Bezirk, Donaustadt <922>","Wien 5.Bezirk, Margareten <905>",12
35 bis 39 Jahre,2025,"Wien 22.Bezirk, Donaustadt <922>","Wien 6.Bezirk, Mariahilf <906>",12
35 bis 39 Jahre,2025,"Wien 22.Bezirk, Donaustadt <922>","Wien 7.Bezirk, Neubau <907>",6
35 bis 39 Jahre,2025,"Wien 22.Bezirk, Donaustadt <922>","Wien 8.Bezirk, Josefstadt <908>",6
35 bis 39 Jahre,2025,"Wien 22.Bezirk, Donaustadt <922>","Wien 9.Bezirk, Alsergrund <909>",17
35 bis 39 Jahre,2025,"Wien 22.Bezirk, Donaustadt <922>","Wien 10.Bezirk, Favoriten <910>",64
35 bis 39 Jahre,2025,"Wien 22.Bezirk, Donaustadt <922>","Wien 11.Bezirk, Simmering <911>",31
35 bis 39 Jahre,2025,"Wien 22.Bezirk, Donaustadt <922>","Wien 12.Bezirk, Meidling <912>",34
35 bis 39 Jahre,2025,"Wien 22.Bezirk, Donaustadt <922>","Wien 13.Bezirk, Hietzing <913>",13
35 bis 39 Jahre,2025,"Wien 22.Bezirk, Donaustadt <922>","Wien 14.Bezirk, Penzing <914>",16
35 bis 39 Jahre,2025,"Wien 22.Bezirk, Donaustadt <922>","Wien 15.Bezirk, Rudolfsheim-Fünfhaus <915>",24
35 bis 39 Jahre,2025,"Wien 22.Bezirk, Donaustadt <922>","Wien 16.Bezirk, Ottakring <916>",23
35 bis 39 Jahre,2025,"Wien 22.Bezirk, Donaustadt <922>","Wien 17.Bezirk, Hernals <917>",18
35 bis 39 Jahre,2025,"Wien 22.Bezirk, Donaustadt <922>","Wien 18.Bezirk, Währing <918>",12
35 bis 39 Jahre,2025,"Wien 22.Bezirk, Donaustadt <922>","Wien 19.Bezirk, Döbling <919>",23
35 bis 39 Jahre,2025,"Wien 22.Bezirk, Donaustadt <922>","Wien 20.Bezirk, Brigittenau <920>",44
35 bis 39 Jahre,2025,"Wien 22.Bezirk, Donaustadt <922>","Wien 21.Bezirk, Floridsdorf <921>",144
35 bis 39 Jahre,2025,"Wien 22.Bezirk, Donaustadt <922>","Wien 22.Bezirk, Donaustadt <922>",837
35 bis 39 Jahre,2025,"Wien 22.Bezirk, Donaustadt <922>","Wien 23.Bezirk, Liesing <923>",21
35 bis 39 Jahre,2025,"Wien 23.Bezirk, Liesing <923>","Wien 1.Bezirk, Innere Stadt <901>",2
35 bis 39 Jahre,2025,"Wien 23.Bezirk, Liesing <923>","Wien 2.Bezirk, Leopoldstadt <902>",17
35 bis 39 Jahre,2025,"Wien 23.Bezirk, Liesing <923>","Wien 3.Bezirk, Landstraße <903>",16
35 bis 39 Jahre,2025,"Wien 23.Bezirk, Liesing <923>","Wien 4.Bezirk, Wieden <904>",11
35 bis 39 Jahre,2025,"Wien 23.Bezirk, Liesing <923>","Wien 5.Bezirk, Margareten <905>",5
35 bis 39 Jahre,2025,"Wien 23.Bezirk, Liesing <923>","Wien 6.Bezirk, Mariahilf <906>",9
35 bis 39 Jahre,2025,"Wien 23.Bezirk, Liesing <923>","Wien 7.Bezirk, Neubau <907>",4
35 bis 39 Jahre,2025,"Wien 23.Bezirk, Liesing <923>","Wien 8.Bezirk, Josefstadt <908>",3
35 bis 39 Jahre,2025,"Wien 23.Bezirk, Liesing <923>","Wien 9.Bezirk, Alsergrund <909>",7
35 bis 39 Jahre,2025,"Wien 23.Bezirk, Liesing <923>","Wien 10.Bezirk, Favoriten <910>",45
35 bis 39 Jahre,2025,"Wien 23.Bezirk, Liesing <923>","Wien 11.Bezirk, Simmering <911>",12
35 bis 39 Jahre,2025,"Wien 23.Bezirk, Liesing <923>","Wien 12.Bezirk, Meidling <912>",43
35 bis 39 Jahre,2025,"Wien 23.Bezirk, Liesing <923>","Wien 13.Bezirk, Hietzing <913>",25
35 bis 39 Jahre,2025,"Wien 23.Bezirk, Liesing <923>","Wien 14.Bezirk, Penzing <914>",22
35 bis 39 Jahre,2025,"Wien 23.Bezirk, Liesing <923>","Wien 15.Bezirk, Rudolfsheim-Fünfhaus <915>",14
35 bis 39 Jahre,2025,"Wien 23.Bezirk, Liesing <923>","Wien 16.Bezirk, Ottakring <916>",16
35 bis 39 Jahre,2025,"Wien 23.Bezirk, Liesing <923>","Wien 17.Bezirk, Hernals <917>",2
35 bis 39 Jahre,2025,"Wien 23.Bezirk, Liesing <923>","Wien 18.Bezirk, Währing <918>",5
35 bis 39 Jahre,2025,"Wien 23.Bezirk, Liesing <923>","Wien 19.Bezirk, Döbling <919>",14
35 bis 39 Jahre,2025,"Wien 23.Bezirk, Liesing <923>","Wien 20.Bezirk, Brigittenau <920>",13
35 bis 39 Jahre,2025,"Wien 23.Bezirk, Liesing <923>","Wien 21.Bezirk, Floridsdorf <921>",31
35 bis 39 Jahre,2025,"Wien 23.Bezirk, Liesing <923>","Wien 22.Bezirk, Donaustadt <922>",36
35 bis 39 Jahre,2025,"Wien 23.Bezirk, Liesing <923>","Wien 23.Bezirk, Liesing <923>",262
40 bis 44 Jahre,2025,"Wien 1.Bezirk, Innere Stadt <901>","Wien 1.Bezirk, Innere Stadt <901>",36
40 bis 44 Jahre,2025,"Wien 1.Bezirk, Innere Stadt <901>","Wien 2.Bezirk, Leopoldstadt <902>",6
40 bis 44 Jahre,2025,"Wien 1.Bezirk, Innere Stadt <901>","Wien 3.Bezirk, Landstraße <903>",15
40 bis 44 Jahre,2025,"Wien 1.Bezirk, Innere Stadt <901>","Wien 4.Bezirk, Wieden <904>",4
40 bis 44 Jahre,2025,"Wien 1.Bezirk, Innere Stadt <901>","Wien 5.Bezirk, Margareten <905>",3
40 bis 44 Jahre,2025,"Wien 1.Bezirk, Innere Stadt <901>","Wien 6.Bezirk, Mariahilf <906>",1
40 bis 44 Jahre,2025,"Wien 1.Bezirk, Innere Stadt <901>","Wien 7.Bezirk, Neubau <907>",4
40 bis 44 Jahre,2025,"Wien 1.Bezirk, Innere Stadt <901>","Wien 8.Bezirk, Josefstadt <908>",2
40 bis 44 Jahre,2025,"Wien 1.Bezirk, Innere Stadt <901>","Wien 9.Bezirk, Alsergrund <909>",3
40 bis 44 Jahre,2025,"Wien 1.Bezirk, Innere Stadt <901>","Wien 10.Bezirk, Favoriten <910>",4
40 bis 44 Jahre,2025,"Wien 1.Bezirk, Innere Stadt <901>","Wien 11.Bezirk, Simmering <911>",1
40 bis 44 Jahre,2025,"Wien 1.Bezirk, Innere Stadt <901>","Wien 12.Bezirk, Meidling <912>",-
40 bis 44 Jahre,2025,"Wien 1.Bezirk, Innere Stadt <901>","Wien 13.Bezirk, Hietzing <913>",2
40 bis 44 Jahre,2025,"Wien 1.Bezirk, Innere Stadt <901>","Wien 14.Bezirk, Penzing <914>",4
40 bis 44 Jahre,2025,"Wien 1.Bezirk, Innere Stadt <901>","Wien 15.Bezirk, Rudolfsheim-Fünfhaus <915>",4
40 bis 44 Jahre,2025,"Wien 1.Bezirk, Innere Stadt <901>","Wien 16.Bezirk, Ottakring <916>",6
40 bis 44 Jahre,2025,"Wien 1.Bezirk, Innere Stadt <901>","Wien 17.Bezirk, Hernals <917>",3
40 bis 44 Jahre,2025,"Wien 1.Bezirk, Innere Stadt <901>","Wien 18.Bezirk, Währing <918>",4
40 bis 44 Jahre,2025,"Wien 1.Bezirk, Innere Stadt <901>","Wien 19.Bezirk, Döbling <919>",10
40 bis 44 Jahre,2025,"Wien 1.Bezirk, Innere Stadt <901>","Wien 20.Bezirk, Brigittenau <920>",3
40 bis 44 Jahre,2025,"Wien 1.Bezirk, Innere Stadt <901>","Wien 21.Bezirk, Floridsdorf <921>",3
40 bis 44 Jahre,2025,"Wien 1.Bezirk, Innere Stadt <901>","Wien 22.Bezirk, Donaustadt <922>",7
40 bis 44 Jahre,2025,"Wien 1.Bezirk, Innere Stadt <901>","Wien 23.Bezirk, Liesing <923>",2
40 bis 44 Jahre,2025,"Wien 2.Bezirk, Leopoldstadt <902>","Wien 1.Bezirk, Innere Stadt <901>",5
40 bis 44 Jahre,2025,"Wien 2.Bezirk, Leopoldstadt <902>","Wien 2.Bezirk, Leopoldstadt <902>",205
40 bis 44 Jahre,2025,"Wien 2.Bezirk, Leopoldstadt <902>","Wien 3.Bezirk, Landstraße <903>",43
40 bis 44 Jahre,2025,"Wien 2.Bezirk, Leopoldstadt <902>","Wien 4.Bezirk, Wieden <904>",21
40 bis 44 Jahre,2025,"Wien 2.Bezirk, Leopoldstadt <902>","Wien 5.Bezirk, Margareten <905>",12
40 bis 44 Jahre,2025,"Wien 2.Bezirk, Leopoldstadt <902>","Wien 6.Bezirk, Mariahilf <906>",12
40 bis 44 Jahre,2025,"Wien 2.Bezirk, Leopoldstadt <902>","Wien 7.Bezirk, Neubau <907>",12
40 bis 44 Jahre,2025,"Wien 2.Bezirk, Leopoldstadt <902>","Wien 8.Bezirk, Josefstadt <908>",8
40 bis 44 Jahre,2025,"Wien 2.Bezirk, Leopoldstadt <902>","Wien 9.Bezirk, Alsergrund <909>",21
40 bis 44 Jahre,2025,"Wien 2.Bezirk, Leopoldstadt <902>","Wien 10.Bezirk, Favoriten <910>",46
40 bis 44 Jahre,2025,"Wien 2.Bezirk, Leopoldstadt <902>","Wien 11.Bezirk, Simmering <911>",14
40 bis 44 Jahre,2025,"Wien 2.Bezirk, Leopoldstadt <902>","Wien 12.Bezirk, Meidling <912>",21
40 bis 44 Jahre,2025,"Wien 2.Bezirk, Leopoldstadt <902>","Wien 13.Bezirk, Hietzing <913>",7
40 bis 44 Jahre,2025,"Wien 2.Bezirk, Leopoldstadt <902>","Wien 14.Bezirk, Penzing <914>",15
40 bis 44 Jahre,2025,"Wien 2.Bezirk, Leopoldstadt <902>","Wien 15.Bezirk, Rudolfsheim-Fünfhaus <915>",14
40 bis 44 Jahre,2025,"Wien 2.Bezirk, Leopoldstadt <902>","Wien 16.Bezirk, Ottakring <916>",30
40 bis 44 Jahre,2025,"Wien 2.Bezirk, Leopoldstadt <902>","Wien 17.Bezirk, Hernals <917>",12
40 bis 44 Jahre,2025,"Wien 2.Bezirk, Leopoldstadt <902>","Wien 18.Bezirk, Währing <918>",6
40 bis 44 Jahre,2025,"Wien 2.Bezirk, Leopoldstadt <902>","Wien 19.Bezirk, Döbling <919>",17
40 bis 44 Jahre,2025,"Wien 2.Bezirk, Leopoldstadt <902>","Wien 20.Bezirk, Brigittenau <920>",55
40 bis 44 Jahre,2025,"Wien 2.Bezirk, Leopoldstadt <902>","Wien 21.Bezirk, Floridsdorf <921>",32
40 bis 44 Jahre,2025,"Wien 2.Bezirk, Leopoldstadt <902>","Wien 22.Bezirk, Donaustadt <922>",104
40 bis 44 Jahre,2025,"Wien 2.Bezirk, Leopoldstadt <902>","Wien 23.Bezirk, Liesing <923>",9
40 bis 44 Jahre,2025,"Wien 3.Bezirk, Landstraße <903>","Wien 1.Bezirk, Innere Stadt <901>",12
40 bis 44 Jahre,2025,"Wien 3.Bezirk, Landstraße <903>","Wien 2.Bezirk, Leopoldstadt <902>",50
40 bis 44 Jahre,2025,"Wien 3.Bezirk, Landstraße <903>","Wien 3.Bezirk, Landstraße <903>",220
40 bis 44 Jahre,2025,"Wien 3.Bezirk, Landstraße <903>","Wien 4.Bezirk, Wieden <904>",38
40 bis 44 Jahre,2025,"Wien 3.Bezirk, Landstraße <903>","Wien 5.Bezirk, Margareten <905>",15
40 bis 44 Jahre,2025,"Wien 3.Bezirk, Landstraße <903>","Wien 6.Bezirk, Mariahilf <906>",16
40 bis 44 Jahre,2025,"Wien 3.Bezirk, Landstraße <903>","Wien 7.Bezirk, Neubau <907>",4
40 bis 44 Jahre,2025,"Wien 3.Bezirk, Landstraße <903>","Wien 8.Bezirk, Josefstadt <908>",4
40 bis 44 Jahre,2025,"Wien 3.Bezirk, Landstraße <903>","Wien 9.Bezirk, Alsergrund <909>",10
40 bis 44 Jahre,2025,"Wien 3.Bezirk, Landstraße <903>","Wien 10.Bezirk, Favoriten <910>",58
40 bis 44 Jahre,2025,"Wien 3.Bezirk, Landstraße <903>","Wien 11.Bezirk, Simmering <911>",32
40 bis 44 Jahre,2025,"Wien 3.Bezirk, Landstraße <903>","Wien 12.Bezirk, Meidling <912>",22
40 bis 44 Jahre,2025,"Wien 3.Bezirk, Landstraße <903>","Wien 13.Bezirk, Hietzing <913>",9
40 bis 44 Jahre,2025,"Wien 3.Bezirk, Landstraße <903>","Wien 14.Bezirk, Penzing <914>",15
40 bis 44 Jahre,2025,"Wien 3.Bezirk, Landstraße <903>","Wien 15.Bezirk, Rudolfsheim-Fünfhaus <915>",24
40 bis 44 Jahre,2025,"Wien 3.Bezirk, Landstraße <903>","Wien 16.Bezirk, Ottakring <916>",16
40 bis 44 Jahre,2025,"Wien 3.Bezirk, Landstraße <903>","Wien 17.Bezirk, Hernals <917>",6
40 bis 44 Jahre,2025,"Wien 3.Bezirk, Landstraße <903>","Wien 18.Bezirk, Währing <918>",6
40 bis 44 Jahre,2025,"Wien 3.Bezirk, Landstraße <903>","Wien 19.Bezirk, Döbling <919>",17
40 bis 44 Jahre,2025,"Wien 3.Bezirk, Landstraße <903>","Wien 20.Bezirk, Brigittenau <920>",17
40 bis 44 Jahre,2025,"Wien 3.Bezirk, Landstraße <903>","Wien 21.Bezirk, Floridsdorf <921>",29
40 bis 44 Jahre,2025,"Wien 3.Bezirk, Landstraße <903>","Wien 22.Bezirk, Donaustadt <922>",70
40 bis 44 Jahre,2025,"Wien 3.Bezirk, Landstraße <903>","Wien 23.Bezirk, Liesing <923>",20
40 bis 44 Jahre,2025,"Wien 4.Bezirk, Wieden <904>","Wien 1.Bezirk, Innere Stadt <901>",1
40 bis 44 Jahre,2025,"Wien 4.Bezirk, Wieden <904>","Wien 2.Bezirk, Leopoldstadt <902>",16
40 bis 44 Jahre,2025,"Wien 4.Bezirk, Wieden <904>","Wien 3.Bezirk, Landstraße <903>",47
40 bis 44 Jahre,2025,"Wien 4.Bezirk, Wieden <904>","Wien 4.Bezirk, Wieden <904>",35
40 bis 44 Jahre,2025,"Wien 4.Bezirk, Wieden <904>","Wien 5.Bezirk, Margareten <905>",17
40 bis 44 Jahre,2025,"Wien 4.Bezirk, Wieden <904>","Wien 6.Bezirk, Mariahilf <906>",11
40 bis 44 Jahre,2025,"Wien 4.Bezirk, Wieden <904>","Wien 7.Bezirk, Neubau <907>",8
40 bis 44 Jahre,2025,"Wien 4.Bezirk, Wieden <904>","Wien 8.Bezirk, Josefstadt <908>",8
40 bis 44 Jahre,2025,"Wien 4.Bezirk, Wieden <904>","Wien 9.Bezirk, Alsergrund <909>",12
40 bis 44 Jahre,2025,"Wien 4.Bezirk, Wieden <904>","Wien 10.Bezirk, Favoriten <910>",38
40 bis 44 Jahre,2025,"Wien 4.Bezirk, Wieden <904>","Wien 11.Bezirk, Simmering <911>",5
40 bis 44 Jahre,2025,"Wien 4.Bezirk, Wieden <904>","Wien 12.Bezirk, Meidling <912>",25
40 bis 44 Jahre,2025,"Wien 4.Bezirk, Wieden <904>","Wien 13.Bezirk, Hietzing <913>",3
40 bis 44 Jahre,2025,"Wien 4.Bezirk, Wieden <904>","Wien 14.Bezirk, Penzing <914>",16
40 bis 44 Jahre,2025,"Wien 4.Bezirk, Wieden <904>","Wien 15.Bezirk, Rudolfsheim-Fünfhaus <915>",9
40 bis 44 Jahre,2025,"Wien 4.Bezirk, Wieden <904>","Wien 16.Bezirk, Ottakring <916>",10
40 bis 44 Jahre,2025,"Wien 4.Bezirk, Wieden <904>","Wien 17.Bezirk, Hernals <917>",7
40 bis 44 Jahre,2025,"Wien 4.Bezirk, Wieden <904>","Wien 18.Bezirk, Währing <918>",3
40 bis 44 Jahre,2025,"Wien 4.Bezirk, Wieden <904>","Wien 19.Bezirk, Döbling <919>",16
40 bis 44 Jahre,2025,"Wien 4.Bezirk, Wieden <904>","Wien 20.Bezirk, Brigittenau <920>",10
40 bis 44 Jahre,2025,"Wien 4.Bezirk, Wieden <904>","Wien 21.Bezirk, Floridsdorf <921>",16
40 bis 44 Jahre,2025,"Wien 4.Bezirk, Wieden <904>","Wien 22.Bezirk, Donaustadt <922>",15
40 bis 44 Jahre,2025,"Wien 4.Bezirk, Wieden <904>","Wien 23.Bezirk, Liesing <923>",13
40 bis 44 Jahre,2025,"Wien 5.Bezirk, Margareten <905>","Wien 1.Bezirk, Innere Stadt <901>",3
40 bis 44 Jahre,2025,"Wien 5.Bezirk, Margareten <905>","Wien 2.Bezirk, Leopoldstadt <902>",24
40 bis 44 Jahre,2025,"Wien 5.Bezirk, Margareten <905>","Wien 3.Bezirk, Landstraße <903>",18
40 bis 44 Jahre,2025,"Wien 5.Bezirk, Margareten <905>","Wien 4.Bezirk, Wieden <904>",22
40 bis 44 Jahre,2025,"Wien 5.Bezirk, Margareten <905>","Wien 5.Bezirk, Margareten <905>",66
40 bis 44 Jahre,2025,"Wien 5.Bezirk, Margareten <905>","Wien 6.Bezirk, Mariahilf <906>",19
40 bis 44 Jahre,2025,"Wien 5.Bezirk, Margareten <905>","Wien 7.Bezirk, Neubau <907>",10
40 bis 44 Jahre,2025,"Wien 5.Bezirk, Margareten <905>","Wien 8.Bezirk, Josefstadt <908>",2
40 bis 44 Jahre,2025,"Wien 5.Bezirk, Margareten <905>","Wien 9.Bezirk, Alsergrund <909>",7
40 bis 44 Jahre,2025,"Wien 5.Bezirk, Margareten <905>","Wien 10.Bezirk, Favoriten <910>",60
40 bis 44 Jahre,2025,"Wien 5.Bezirk, Margareten <905>","Wien 11.Bezirk, Simmering <911>",8
40 bis 44 Jahre,2025,"Wien 5.Bezirk, Margareten <905>","Wien 12.Bezirk, Meidling <912>",26
40 bis 44 Jahre,2025,"Wien 5.Bezirk, Margareten <905>","Wien 13.Bezirk, Hietzing <913>",9
40 bis 44 Jahre,2025,"Wien 5.Bezirk, Margareten <905>","Wien 14.Bezirk, Penzing <914>",17
40 bis 44 Jahre,2025,"Wien 5.Bezirk, Margareten <905>","Wien 15.Bezirk, Rudolfsheim-Fünfhaus <915>",28
40 bis 44 Jahre,2025,"Wien 5.Bezirk, Margareten <905>","Wien 16.Bezirk, Ottakring <916>",15
40 bis 44 Jahre,2025,"Wien 5.Bezirk, Margareten <905>","Wien 17.Bezirk, Hernals <917>",8
40 bis 44 Jahre,2025,"Wien 5.Bezirk, Margareten <905>","Wien 18.Bezirk, Währing <918>",6
40 bis 44 Jahre,2025,"Wien 5.Bezirk, Margareten <905>","Wien 19.Bezirk, Döbling <919>",3
40 bis 44 Jahre,2025,"Wien 5.Bezirk, Margareten <905>","Wien 20.Bezirk, Brigittenau <920>",8
40 bis 44 Jahre,2025,"Wien 5.Bezirk, Margareten <905>","Wien 21.Bezirk, Floridsdorf <921>",17
40 bis 44 Jahre,2025,"Wien 5.Bezirk, Margareten <905>","Wien 22.Bezirk, Donaustadt <922>",21
40 bis 44 Jahre,2025,"Wien 5.Bezirk, Margareten <905>","Wien 23.Bezirk, Liesing <923>",16
40 bis 44 Jahre,2025,"Wien 6.Bezirk, Mariahilf <906>","Wien 1.Bezirk, Innere Stadt <901>",2
40 bis 44 Jahre,2025,"Wien 6.Bezirk, Mariahilf <906>","Wien 2.Bezirk, Leopoldstadt <902>",21
40 bis 44 Jahre,2025,"Wien 6.Bezirk, Mariahilf <906>","Wien 3.Bezirk, Landstraße <903>",18
40 bis 44 Jahre,2025,"Wien 6.Bezirk, Mariahilf <906>","Wien 4.Bezirk, Wieden <904>",9
40 bis 44 Jahre,2025,"Wien 6.Bezirk, Mariahilf <906>","Wien 5.Bezirk, Margareten <905>",23
40 bis 44 Jahre,2025,"Wien 6.Bezirk, Mariahilf <906>","Wien 6.Bezirk, Mariahilf <906>",29
40 bis 44 Jahre,2025,"Wien 6.Bezirk, Mariahilf <906>","Wien 7.Bezirk, Neubau <907>",22
40 bis 44 Jahre,2025,"Wien 6.Bezirk, Mariahilf <906>","Wien 8.Bezirk, Josefstadt <908>",13
40 bis 44 Jahre,2025,"Wien 6.Bezirk, Mariahilf <906>","Wien 9.Bezirk, Alsergrund <909>",18
40 bis 44 Jahre,2025,"Wien 6.Bezirk, Mariahilf <906>","Wien 10.Bezirk, Favoriten <910>",22
40 bis 44 Jahre,2025,"Wien 6.Bezirk, Mariahilf <906>","Wien 11.Bezirk, Simmering <911>",3
40 bis 44 Jahre,2025,"Wien 6.Bezirk, Mariahilf <906>","Wien 12.Bezirk, Meidling <912>",17
40 bis 44 Jahre,2025,"Wien 6.Bezirk, Mariahilf <906>","Wien 13.Bezirk, Hietzing <913>",5
40 bis 44 Jahre,2025,"Wien 6.Bezirk, Mariahilf <906>","Wien 14.Bezirk, Penzing <914>",15
40 bis 44 Jahre,2025,"Wien 6.Bezirk, Mariahilf <906>","Wien 15.Bezirk, Rudolfsheim-Fünfhaus <915>",13
40 bis 44 Jahre,2025,"Wien 6.Bezirk, Mariahilf <906>","Wien 16.Bezirk, Ottakring <916>",9
40 bis 44 Jahre,2025,"Wien 6.Bezirk, Mariahilf <906>","Wien 17.Bezirk, Hernals <917>",15
40 bis 44 Jahre,2025,"Wien 6.Bezirk, Mariahilf <906>","Wien 18.Bezirk, Währing <918>",5
40 bis 44 Jahre,2025,"Wien 6.Bezirk, Mariahilf <906>","Wien 19.Bezirk, Döbling <919>",5
40 bis 44 Jahre,2025,"Wien 6.Bezirk, Mariahilf <906>","Wien 20.Bezirk, Brigittenau <920>",5
40 bis 44 Jahre,2025,"Wien 6.Bezirk, Mariahilf <906>","Wien 21.Bezirk, Floridsdorf <921>",17
40 bis 44 Jahre,2025,"Wien 6.Bezirk, Mariahilf <906>","Wien 22.Bezirk, Donaustadt <922>",21
40 bis 44 Jahre,2025,"Wien 6.Bezirk, Mariahilf <906>","Wien 23.Bezirk, Liesing <923>",7
40 bis 44 Jahre,2025,"Wien 7.Bezirk, Neubau <907>","Wien 1.Bezirk, Innere Stadt <901>",5
40 bis 44 Jahre,2025,"Wien 7.Bezirk, Neubau <907>","Wien 2.Bezirk, Leopoldstadt <902>",11
40 bis 44 Jahre,2025,"Wien 7.Bezirk, Neubau <907>","Wien 3.Bezirk, Landstraße <903>",9
40 bis 44 Jahre,2025,"Wien 7.Bezirk, Neubau <907>","Wien 4.Bezirk, Wieden <904>",8
40 bis 44 Jahre,2025,"Wien 7.Bezirk, Neubau <907>","Wien 5.Bezirk, Margareten <905>",6
40 bis 44 Jahre,2025,"Wien 7.Bezirk, Neubau <907>","Wien 6.Bezirk, Mariahilf <906>",8
40 bis 44 Jahre,2025,"Wien 7.Bezirk, Neubau <907>","Wien 7.Bezirk, Neubau <907>",32
40 bis 44 Jahre,2025,"Wien 7.Bezirk, Neubau <907>","Wien 8.Bezirk, Josefstadt <908>",12
40 bis 44 Jahre,2025,"Wien 7.Bezirk, Neubau <907>","Wien 9.Bezirk, Alsergrund <909>",5
40 bis 44 Jahre,2025,"Wien 7.Bezirk, Neubau <907>","Wien 10.Bezirk, Favoriten <910>",11
40 bis 44 Jahre,2025,"Wien 7.Bezirk, Neubau <907>","Wien 11.Bezirk, Simmering <911>",4
40 bis 44 Jahre,2025,"Wien 7.Bezirk, Neubau <907>","Wien 12.Bezirk, Meidling <912>",7
40 bis 44 Jahre,2025,"Wien 7.Bezirk, Neubau <907>","Wien 13.Bezirk, Hietzing <913>",9
40 bis 44 Jahre,2025,"Wien 7.Bezirk, Neubau <907>","Wien 14.Bezirk, Penzing <914>",18
40 bis 44 Jahre,2025,"Wien 7.Bezirk, Neubau <907>","Wien 15.Bezirk, Rudolfsheim-Fünfhaus <915>",14
40 bis 44 Jahre,2025,"Wien 7.Bezirk, Neubau <907>","Wien 16.Bezirk, Ottakring <916>",13
40 bis 44 Jahre,2025,"Wien 7.Bezirk, Neubau <907>","Wien 17.Bezirk, Hernals <917>",9
40 bis 44 Jahre,2025,"Wien 7.Bezirk, Neubau <907>","Wien 18.Bezirk, Währing <918>",6
40 bis 44 Jahre,2025,"Wien 7.Bezirk, Neubau <907>","Wien 19.Bezirk, Döbling <919>",7
40 bis 44 Jahre,2025,"Wien 7.Bezirk, Neubau <907>","Wien 20.Bezirk, Brigittenau <920>",5
40 bis 44 Jahre,2025,"Wien 7.Bezirk, Neubau <907>","Wien 21.Bezirk, Floridsdorf <921>",6
40 bis 44 Jahre,2025,"Wien 7.Bezirk, Neubau <907>","Wien 22.Bezirk, Donaustadt <922>",9
40 bis 44 Jahre,2025,"Wien 7.Bezirk, Neubau <907>","Wien 23.Bezirk, Liesing <923>",4
40 bis 44 Jahre,2025,"Wien 8.Bezirk, Josefstadt <908>","Wien 1.Bezirk, Innere Stadt <901>",1
40 bis 44 Jahre,2025,"Wien 8.Bezirk, Josefstadt <908>","Wien 2.Bezirk, Leopoldstadt <902>",6
40 bis 44 Jahre,2025,"Wien 8.Bezirk, Josefstadt <908>","Wien 3.Bezirk, Landstraße <903>",4
40 bis 44 Jahre,2025,"Wien 8.Bezirk, Josefstadt <908>","Wien 4.Bezirk, Wieden <904>",7
40 bis 44 Jahre,2025,"Wien 8.Bezirk, Josefstadt <908>","Wien 5.Bezirk, Margareten <905>",5
40 bis 44 Jahre,2025,"Wien 8.Bezirk, Josefstadt <908>","Wien 6.Bezirk, Mariahilf <906>",7
40 bis 44 Jahre,2025,"Wien 8.Bezirk, Josefstadt <908>","Wien 7.Bezirk, Neubau <907>",4
40 bis 44 Jahre,2025,"Wien 8.Bezirk, Josefstadt <908>","Wien 8.Bezirk, Josefstadt <908>",37
40 bis 44 Jahre,2025,"Wien 8.Bezirk, Josefstadt <908>","Wien 9.Bezirk, Alsergrund <909>",22
40 bis 44 Jahre,2025,"Wien 8.Bezirk, Josefstadt <908>","Wien 10.Bezirk, Favoriten <910>",11
40 bis 44 Jahre,2025,"Wien 8.Bezirk, Josefstadt <908>","Wien 11.Bezirk, Simmering <911>",9
40 bis 44 Jahre,2025,"Wien 8.Bezirk, Josefstadt <908>","Wien 12.Bezirk, Meidling <912>",2
40 bis 44 Jahre,2025,"Wien 8.Bezirk, Josefstadt <908>","Wien 13.Bezirk, Hietzing <913>",3
40 bis 44 Jahre,2025,"Wien 8.Bezirk, Josefstadt <908>","Wien 14.Bezirk, Penzing <914>",12
40 bis 44 Jahre,2025,"Wien 8.Bezirk, Josefstadt <908>","Wien 15.Bezirk, Rudolfsheim-Fünfhaus <915>",7
40 bis 44 Jahre,2025,"Wien 8.Bezirk, Josefstadt <908>","Wien 16.Bezirk, Ottakring <916>",9
40 bis 44 Jahre,2025,"Wien 8.Bezirk, Josefstadt <908>","Wien 17.Bezirk, Hernals <917>",6
40 bis 44 Jahre,2025,"Wien 8.Bezirk, Josefstadt <908>","Wien 18.Bezirk, Währing <918>",7
40 bis 44 Jahre,2025,"Wien 8.Bezirk, Josefstadt <908>","Wien 19.Bezirk, Döbling <919>",3
40 bis 44 Jahre,2025,"Wien 8.Bezirk, Josefstadt <908>","Wien 20.Bezirk, Brigittenau <920>",5
40 bis 44 Jahre,2025,"Wien 8.Bezirk, Josefstadt <908>","Wien 21.Bezirk, Floridsdorf <921>",2
40 bis 44 Jahre,2025,"Wien 8.Bezirk, Josefstadt <908>","Wien 22.Bezirk, Donaustadt <922>",5
40 bis 44 Jahre,2025,"Wien 8.Bezirk, Josefstadt <908>","Wien 23.Bezirk, Liesing <923>",6
40 bis 44 Jahre,2025,"Wien 9.Bezirk, Alsergrund <909>","Wien 1.Bezirk, Innere Stadt <901>",6
40 bis 44 Jahre,2025,"Wien 9.Bezirk, Alsergrund <909>","Wien 2.Bezirk, Leopoldstadt <902>",23
40 bis 44 Jahre,2025,"Wien 9.Bezirk, Alsergrund <909>","Wien 3.Bezirk, Landstraße <903>",17
40 bis 44 Jahre,2025,"Wien 9.Bezirk, Alsergrund <909>","Wien 4.Bezirk, Wieden <904>",13
40 bis 44 Jahre,2025,"Wien 9.Bezirk, Alsergrund <909>","Wien 5.Bezirk, Margareten <905>",4
40 bis 44 Jahre,2025,"Wien 9.Bezirk, Alsergrund <909>","Wien 6.Bezirk, Mariahilf <906>",15
40 bis 44 Jahre,2025,"Wien 9.Bezirk, Alsergrund <909>","Wien 7.Bezirk, Neubau <907>",6
40 bis 44 Jahre,2025,"Wien 9.Bezirk, Alsergrund <909>","Wien 8.Bezirk, Josefstadt <908>",20
40 bis 44 Jahre,2025,"Wien 9.Bezirk, Alsergrund <909>","Wien 9.Bezirk, Alsergrund <909>",53
40 bis 44 Jahre,2025,"Wien 9.Bezirk, Alsergrund <909>","Wien 10.Bezirk, Favoriten <910>",13
40 bis 44 Jahre,2025,"Wien 9.Bezirk, Alsergrund <909>","Wien 11.Bezirk, Simmering <911>",7
40 bis 44 Jahre,2025,"Wien 9.Bezirk, Alsergrund <909>","Wien 12.Bezirk, Meidling <912>",5
40 bis 44 Jahre,2025,"Wien 9.Bezirk, Alsergrund <909>","Wien 13.Bezirk, Hietzing <913>",10
40 bis 44 Jahre,2025,"Wien 9.Bezirk, Alsergrund <909>","Wien 14.Bezirk, Penzing <914>",5
40 bis 44 Jahre,2025,"Wien 9.Bezirk, Alsergrund <909>","Wien 15.Bezirk, Rudolfsheim-Fünfhaus <915>",12
40 bis 44 Jahre,2025,"Wien 9.Bezirk, Alsergrund <909>","Wien 16.Bezirk, Ottakring <916>",21
40 bis 44 Jahre,2025,"Wien 9.Bezirk, Alsergrund <909>","Wien 17.Bezirk, Hernals <917>",14
40 bis 44 Jahre,2025,"Wien 9.Bezirk, Alsergrund <909>","Wien 18.Bezirk, Währing <918>",21
40 bis 44 Jahre,2025,"Wien 9.Bezirk, Alsergrund <909>","Wien 19.Bezirk, Döbling <919>",25
40 bis 44 Jahre,2025,"Wien 9.Bezirk, Alsergrund <909>","Wien 20.Bezirk, Brigittenau <920>",27
40 bis 44 Jahre,2025,"Wien 9.Bezirk, Alsergrund <909>","Wien 21.Bezirk, Floridsdorf <921>",21
40 bis 44 Jahre,2025,"Wien 9.Bezirk, Alsergrund <909>","Wien 22.Bezirk, Donaustadt <922>",20
40 bis 44 Jahre,2025,"Wien 9.Bezirk, Alsergrund <909>","Wien 23.Bezirk, Liesing <923>",3
40 bis 44 Jahre,2025,"Wien 10.Bezirk, Favoriten <910>","Wien 1.Bezirk, Innere Stadt <901>",6
40 bis 44 Jahre,2025,"Wien 10.Bezirk, Favoriten <910>","Wien 2.Bezirk, Leopoldstadt <902>",46
40 bis 44 Jahre,2025,"Wien 10.Bezirk, Favoriten <910>","Wien 3.Bezirk, Landstraße <903>",74
40 bis 44 Jahre,2025,"Wien 10.Bezirk, Favoriten <910>","Wien 4.Bezirk, Wieden <904>",38
40 bis 44 Jahre,2025,"Wien 10.Bezirk, Favoriten <910>","Wien 5.Bezirk, Margareten <905>",46
40 bis 44 Jahre,2025,"Wien 10.Bezirk, Favoriten <910>","Wien 6.Bezirk, Mariahilf <906>",18
40 bis 44 Jahre,2025,"Wien 10.Bezirk, Favoriten <910>","Wien 7.Bezirk, Neubau <907>",10
40 bis 44 Jahre,2025,"Wien 10.Bezirk, Favoriten <910>","Wien 8.Bezirk, Josefstadt <908>",17
40 bis 44 Jahre,2025,"Wien 10.Bezirk, Favoriten <910>","Wien 9.Bezirk, Alsergrund <909>",16
40 bis 44 Jahre,2025,"Wien 10.Bezirk, Favoriten <910>","Wien 10.Bezirk, Favoriten <910>",655
40 bis 44 Jahre,2025,"Wien 10.Bezirk, Favoriten <910>","Wien 11.Bezirk, Simmering <911>",80
40 bis 44 Jahre,2025,"Wien 10.Bezirk, Favoriten <910>","Wien 12.Bezirk, Meidling <912>",71
40 bis 44 Jahre,2025,"Wien 10.Bezirk, Favoriten <910>","Wien 13.Bezirk, Hietzing <913>",22
40 bis 44 Jahre,2025,"Wien 10.Bezirk, Favoriten <910>","Wien 14.Bezirk, Penzing <914>",37
40 bis 44 Jahre,2025,"Wien 10.Bezirk, Favoriten <910>","Wien 15.Bezirk, Rudolfsheim-Fünfhaus <915>",48
40 bis 44 Jahre,2025,"Wien 10.Bezirk, Favoriten <910>","Wien 16.Bezirk, Ottakring <916>",51
40 bis 44 Jahre,2025,"Wien 10.Bezirk, Favoriten <910>","Wien 17.Bezirk, Hernals <917>",24
40 bis 44 Jahre,2025,"Wien 10.Bezirk, Favoriten <910>","Wien 18.Bezirk, Währing <918>",13
40 bis 44 Jahre,2025,"Wien 10.Bezirk, Favoriten <910>","Wien 19.Bezirk, Döbling <919>",19
40 bis 44 Jahre,2025,"Wien 10.Bezirk, Favoriten <910>","Wien 20.Bezirk, Brigittenau <920>",31
40 bis 44 Jahre,2025,"Wien 10.Bezirk, Favoriten <910>","Wien 21.Bezirk, Floridsdorf <921>",66
40 bis 44 Jahre,2025,"Wien 10.Bezirk, Favoriten <910>","Wien 22.Bezirk, Donaustadt <922>",127
40 bis 44 Jahre,2025,"Wien 10.Bezirk, Favoriten <910>","Wien 23.Bezirk, Liesing <923>",63
40 bis 44 Jahre,2025,"Wien 11.Bezirk, Simmering <911>","Wien 1.Bezirk, Innere Stadt <901>",4
40 bis 44 Jahre,2025,"Wien 11.Bezirk, Simmering <911>","Wien 2.Bezirk, Leopoldstadt <902>",16
40 bis 44 Jahre,2025,"Wien 11.Bezirk, Simmering <911>","Wien 3.Bezirk, Landstraße <903>",42
40 bis 44 Jahre,2025,"Wien 11.Bezirk, Simmering <911>","Wien 4.Bezirk, Wieden <904>",9
40 bis 44 Jahre,2025,"Wien 11.Bezirk, Simmering <911>","Wien 5.Bezirk, Margareten <905>",6
40 bis 44 Jahre,2025,"Wien 11.Bezirk, Simmering <911>","Wien 6.Bezirk, Mariahilf <906>",3
40 bis 44 Jahre,2025,"Wien 11.Bezirk, Simmering <911>","Wien 7.Bezirk, Neubau <907>",4
40 bis 44 Jahre,2025,"Wien 11.Bezirk, Simmering <911>","Wien 8.Bezirk, Josefstadt <908>",4
40 bis 44 Jahre,2025,"Wien 11.Bezirk, Simmering <911>","Wien 9.Bezirk, Alsergrund <909>",6
40 bis 44 Jahre,2025,"Wien 11.Bezirk, Simmering <911>","Wien 10.Bezirk, Favoriten <910>",72
40 bis 44 Jahre,2025,"Wien 11.Bezirk, Simmering <911>","Wien 11.Bezirk, Simmering <911>",193
40 bis 44 Jahre,2025,"Wien 11.Bezirk, Simmering <911>","Wien 12.Bezirk, Meidling <912>",15
40 bis 44 Jahre,2025,"Wien 11.Bezirk, Simmering <911>","Wien 13.Bezirk, Hietzing <913>",5
40 bis 44 Jahre,2025,"Wien 11.Bezirk, Simmering <911>","Wien 14.Bezirk, Penzing <914>",10
40 bis 44 Jahre,2025,"Wien 11.Bezirk, Simmering <911>","Wien 15.Bezirk, Rudolfsheim-Fünfhaus <915>",8
40 bis 44 Jahre,2025,"Wien 11.Bezirk, Simmering <911>","Wien 16.Bezirk, Ottakring <916>",18
40 bis 44 Jahre,2025,"Wien 11.Bezirk, Simmering <911>","Wien 17.Bezirk, Hernals <917>",3
40 bis 44 Jahre,2025,"Wien 11.Bezirk, Simmering <911>","Wien 18.Bezirk, Währing <918>",4
40 bis 44 Jahre,2025,"Wien 11.Bezirk, Simmering <911>","Wien 19.Bezirk, Döbling <919>",4
40 bis 44 Jahre,2025,"Wien 11.Bezirk, Simmering <911>","Wien 20.Bezirk, Brigittenau <920>",10
40 bis 44 Jahre,2025,"Wien 11.Bezirk, Simmering <911>","Wien 21.Bezirk, Floridsdorf <921>",40
40 bis 44 Jahre,2025,"Wien 11.Bezirk, Simmering <911>","Wien 22.Bezirk, Donaustadt <922>",49
40 bis 44 Jahre,2025,"Wien 11.Bezirk, Simmering <911>","Wien 23.Bezirk, Liesing <923>",14
40 bis 44 Jahre,2025,"Wien 12.Bezirk, Meidling <912>","Wien 1.Bezirk, Innere Stadt <901>",3
40 bis 44 Jahre,2025,"Wien 12.Bezirk, Meidling <912>","Wien 2.Bezirk, Leopoldstadt <902>",18
40 bis 44 Jahre,2025,"Wien 12.Bezirk, Meidling <912>","Wien 3.Bezirk, Landstraße <903>",25
40 bis 44 Jahre,2025,"Wien 12.Bezirk, Meidling <912>","Wien 4.Bezirk, Wieden <904>",17
40 bis 44 Jahre,2025,"Wien 12.Bezirk, Meidling <912>","Wien 5.Bezirk, Margareten <905>",22
40 bis 44 Jahre,2025,"Wien 12.Bezirk, Meidling <912>","Wien 6.Bezirk, Mariahilf <906>",19
40 bis 44 Jahre,2025,"Wien 12.Bezirk, Meidling <912>","Wien 7.Bezirk, Neubau <907>",7
40 bis 44 Jahre,2025,"Wien 12.Bezirk, Meidling <912>","Wien 8.Bezirk, Josefstadt <908>",2
40 bis 44 Jahre,2025,"Wien 12.Bezirk, Meidling <912>","Wien 9.Bezirk, Alsergrund <909>",9
40 bis 44 Jahre,2025,"Wien 12.Bezirk, Meidling <912>","Wien 10.Bezirk, Favoriten <910>",62
40 bis 44 Jahre,2025,"Wien 12.Bezirk, Meidling <912>","Wien 11.Bezirk, Simmering <911>",17
40 bis 44 Jahre,2025,"Wien 12.Bezirk, Meidling <912>","Wien 12.Bezirk, Meidling <912>",150
40 bis 44 Jahre,2025,"Wien 12.Bezirk, Meidling <912>","Wien 13.Bezirk, Hietzing <913>",23
40 bis 44 Jahre,2025,"Wien 12.Bezirk, Meidling <912>","Wien 14.Bezirk, Penzing <914>",28
40 bis 44 Jahre,2025,"Wien 12.Bezirk, Meidling <912>","Wien 15.Bezirk, Rudolfsheim-Fünfhaus <915>",36
40 bis 44 Jahre,2025,"Wien 12.Bezirk, Meidling <912>","Wien 16.Bezirk, Ottakring <916>",28
40 bis 44 Jahre,2025,"Wien 12.Bezirk, Meidling <912>","Wien 17.Bezirk, Hernals <917>",19
40 bis 44 Jahre,2025,"Wien 12.Bezirk, Meidling <912>","Wien 18.Bezirk, Währing <918>",7
40 bis 44 Jahre,2025,"Wien 12.Bezirk, Meidling <912>","Wien 19.Bezirk, Döbling <919>",14
40 bis 44 Jahre,2025,"Wien 12.Bezirk, Meidling <912>","Wien 20.Bezirk, Brigittenau <920>",19
40 bis 44 Jahre,2025,"Wien 12.Bezirk, Meidling <912>","Wien 21.Bezirk, Floridsdorf <921>",36
40 bis 44 Jahre,2025,"Wien 12.Bezirk, Meidling <912>","Wien 22.Bezirk, Donaustadt <922>",34
40 bis 44 Jahre,2025,"Wien 12.Bezirk, Meidling <912>","Wien 23.Bezirk, Liesing <923>",62
40 bis 44 Jahre,2025,"Wien 13.Bezirk, Hietzing <913>","Wien 1.Bezirk, Innere Stadt <901>",1
40 bis 44 Jahre,2025,"Wien 13.Bezirk, Hietzing <913>","Wien 2.Bezirk, Leopoldstadt <902>",7
40 bis 44 Jahre,2025,"Wien 13.Bezirk, Hietzing <913>","Wien 3.Bezirk, Landstraße <903>",13
40 bis 44 Jahre,2025,"Wien 13.Bezirk, Hietzing <913>","Wien 4.Bezirk, Wieden <904>",6
40 bis 44 Jahre,2025,"Wien 13.Bezirk, Hietzing <913>","Wien 5.Bezirk, Margareten <905>",4
40 bis 44 Jahre,2025,"Wien 13.Bezirk, Hietzing <913>","Wien 6.Bezirk, Mariahilf <906>",5
40 bis 44 Jahre,2025,"Wien 13.Bezirk, Hietzing <913>","Wien 7.Bezirk, Neubau <907>",5
40 bis 44 Jahre,2025,"Wien 13.Bezirk, Hietzing <913>","Wien 8.Bezirk, Josefstadt <908>",4
40 bis 44 Jahre,2025,"Wien 13.Bezirk, Hietzing <913>","Wien 9.Bezirk, Alsergrund <909>",3
40 bis 44 Jahre,2025,"Wien 13.Bezirk, Hietzing <913>","Wien 10.Bezirk, Favoriten <910>",19
40 bis 44 Jahre,2025,"Wien 13.Bezirk, Hietzing <913>","Wien 11.Bezirk, Simmering <911>",8
40 bis 44 Jahre,2025,"Wien 13.Bezirk, Hietzing <913>","Wien 12.Bezirk, Meidling <912>",14
40 bis 44 Jahre,2025,"Wien 13.Bezirk, Hietzing <913>","Wien 13.Bezirk, Hietzing <913>",109
40 bis 44 Jahre,2025,"Wien 13.Bezirk, Hietzing <913>","Wien 14.Bezirk, Penzing <914>",24
40 bis 44 Jahre,2025,"Wien 13.Bezirk, Hietzing <913>","Wien 15.Bezirk, Rudolfsheim-Fünfhaus <915>",12
40 bis 44 Jahre,2025,"Wien 13.Bezirk, Hietzing <913>","Wien 16.Bezirk, Ottakring <916>",9
40 bis 44 Jahre,2025,"Wien 13.Bezirk, Hietzing <913>","Wien 17.Bezirk, Hernals <917>",1
40 bis 44 Jahre,2025,"Wien 13.Bezirk, Hietzing <913>","Wien 18.Bezirk, Währing <918>",3
40 bis 44 Jahre,2025,"Wien 13.Bezirk, Hietzing <913>","Wien 19.Bezirk, Döbling <919>",8
40 bis 44 Jahre,2025,"Wien 13.Bezirk, Hietzing <913>","Wien 20.Bezirk, Brigittenau <920>",5
40 bis 44 Jahre,2025,"Wien 13.Bezirk, Hietzing <913>","Wien 21.Bezirk, Floridsdorf <921>",6
40 bis 44 Jahre,2025,"Wien 13.Bezirk, Hietzing <913>","Wien 22.Bezirk, Donaustadt <922>",8
40 bis 44 Jahre,2025,"Wien 13.Bezirk, Hietzing <913>","Wien 23.Bezirk, Liesing <923>",32
40 bis 44 Jahre,2025,"Wien 14.Bezirk, Penzing <914>","Wien 1.Bezirk, Innere Stadt <901>",2
40 bis 44 Jahre,2025,"Wien 14.Bezirk, Penzing <914>","Wien 2.Bezirk, Leopoldstadt <902>",14
40 bis 44 Jahre,2025,"Wien 14.Bezirk, Penzing <914>","Wien 3.Bezirk, Landstraße <903>",11
40 bis 44 Jahre,2025,"Wien 14.Bezirk, Penzing <914>","Wien 4.Bezirk, Wieden <904>",10
40 bis 44 Jahre,2025,"Wien 14.Bezirk, Penzing <914>","Wien 5.Bezirk, Margareten <905>",13
40 bis 44 Jahre,2025,"Wien 14.Bezirk, Penzing <914>","Wien 6.Bezirk, Mariahilf <906>",13
40 bis 44 Jahre,2025,"Wien 14.Bezirk, Penzing <914>","Wien 7.Bezirk, Neubau <907>",7
40 bis 44 Jahre,2025,"Wien 14.Bezirk, Penzing <914>","Wien 8.Bezirk, Josefstadt <908>",9
40 bis 44 Jahre,2025,"Wien 14.Bezirk, Penzing <914>","Wien 9.Bezirk, Alsergrund <909>",4
40 bis 44 Jahre,2025,"Wien 14.Bezirk, Penzing <914>","Wien 10.Bezirk, Favoriten <910>",40
40 bis 44 Jahre,2025,"Wien 14.Bezirk, Penzing <914>","Wien 11.Bezirk, Simmering <911>",12
40 bis 44 Jahre,2025,"Wien 14.Bezirk, Penzing <914>","Wien 12.Bezirk, Meidling <912>",37
40 bis 44 Jahre,2025,"Wien 14.Bezirk, Penzing <914>","Wien 13.Bezirk, Hietzing <913>",24
40 bis 44 Jahre,2025,"Wien 14.Bezirk, Penzing <914>","Wien 14.Bezirk, Penzing <914>",167
40 bis 44 Jahre,2025,"Wien 14.Bezirk, Penzing <914>","Wien 15.Bezirk, Rudolfsheim-Fünfhaus <915>",29
40 bis 44 Jahre,2025,"Wien 14.Bezirk, Penzing <914>","Wien 16.Bezirk, Ottakring <916>",49
40 bis 44 Jahre,2025,"Wien 14.Bezirk, Penzing <914>","Wien 17.Bezirk, Hernals <917>",17
40 bis 44 Jahre,2025,"Wien 14.Bezirk, Penzing <914>","Wien 18.Bezirk, Währing <918>",10
40 bis 44 Jahre,2025,"Wien 14.Bezirk, Penzing <914>","Wien 19.Bezirk, Döbling <919>",14
40 bis 44 Jahre,2025,"Wien 14.Bezirk, Penzing <914>","Wien 20.Bezirk, Brigittenau <920>",15
40 bis 44 Jahre,2025,"Wien 14.Bezirk, Penzing <914>","Wien 21.Bezirk, Floridsdorf <921>",20
40 bis 44 Jahre,2025,"Wien 14.Bezirk, Penzing <914>","Wien 22.Bezirk, Donaustadt <922>",21
40 bis 44 Jahre,2025,"Wien 14.Bezirk, Penzing <914>","Wien 23.Bezirk, Liesing <923>",31
40 bis 44 Jahre,2025,"Wien 15.Bezirk, Rudolfsheim-Fünfhaus <915>","Wien 1.Bezirk, Innere Stadt <901>",4
40 bis 44 Jahre,2025,"Wien 15.Bezirk, Rudolfsheim-Fünfhaus <915>","Wien 2.Bezirk, Leopoldstadt <902>",24
40 bis 44 Jahre,2025,"Wien 15.Bezirk, Rudolfsheim-Fünfhaus <915>","Wien 3.Bezirk, Landstraße <903>",19
40 bis 44 Jahre,2025,"Wien 15.Bezirk, Rudolfsheim-Fünfhaus <915>","Wien 4.Bezirk, Wieden <904>",15
40 bis 44 Jahre,2025,"Wien 15.Bezirk, Rudolfsheim-Fünfhaus <915>","Wien 5.Bezirk, Margareten <905>",15
40 bis 44 Jahre,2025,"Wien 15.Bezirk, Rudolfsheim-Fünfhaus <915>","Wien 6.Bezirk, Mariahilf <906>",16
40 bis 44 Jahre,2025,"Wien 15.Bezirk, Rudolfsheim-Fünfhaus <915>","Wien 7.Bezirk, Neubau <907>",22
40 bis 44 Jahre,2025,"Wien 15.Bezirk, Rudolfsheim-Fünfhaus <915>","Wien 8.Bezirk, Josefstadt <908>",5
40 bis 44 Jahre,2025,"Wien 15.Bezirk, Rudolfsheim-Fünfhaus <915>","Wien 9.Bezirk, Alsergrund <909>",9
40 bis 44 Jahre,2025,"Wien 15.Bezirk, Rudolfsheim-Fünfhaus <915>","Wien 10.Bezirk, Favoriten <910>",53
40 bis 44 Jahre,2025,"Wien 15.Bezirk, Rudolfsheim-Fünfhaus <915>","Wien 11.Bezirk, Simmering <911>",21
40 bis 44 Jahre,2025,"Wien 15.Bezirk, Rudolfsheim-Fünfhaus <915>","Wien 12.Bezirk, Meidling <912>",48
40 bis 44 Jahre,2025,"Wien 15.Bezirk, Rudolfsheim-Fünfhaus <915>","Wien 13.Bezirk, Hietzing <913>",18
40 bis 44 Jahre,2025,"Wien 15.Bezirk, Rudolfsheim-Fünfhaus <915>","Wien 14.Bezirk, Penzing <914>",58
40 bis 44 Jahre,2025,"Wien 15.Bezirk, Rudolfsheim-Fünfhaus <915>","Wien 15.Bezirk, Rudolfsheim-Fünfhaus <915>",106
40 bis 44 Jahre,2025,"Wien 15.Bezirk, Rudolfsheim-Fünfhaus <915>","Wien 16.Bezirk, Ottakring <916>",49
40 bis 44 Jahre,2025,"Wien 15.Bezirk, Rudolfsheim-Fünfhaus <915>","Wien 17.Bezirk, Hernals <917>",18
40 bis 44 Jahre,2025,"Wien 15.Bezirk, Rudolfsheim-Fünfhaus <915>","Wien 18.Bezirk, Währing <918>",13
40 bis 44 Jahre,2025,"Wien 15.Bezirk, Rudolfsheim-Fünfhaus <915>","Wien 19.Bezirk, Döbling <919>",11
40 bis 44 Jahre,2025,"Wien 15.Bezirk, Rudolfsheim-Fünfhaus <915>","Wien 20.Bezirk, Brigittenau <920>",18
40 bis 44 Jahre,2025,"Wien 15.Bezirk, Rudolfsheim-Fünfhaus <915>","Wien 21.Bezirk, Floridsdorf <921>",27
40 bis 44 Jahre,2025,"Wien 15.Bezirk, Rudolfsheim-Fünfhaus <915>","Wien 22.Bezirk, Donaustadt <922>",26
40 bis 44 Jahre,2025,"Wien 15.Bezirk, Rudolfsheim-Fünfhaus <915>","Wien 23.Bezirk, Liesing <923>",22
40 bis 44 Jahre,2025,"Wien 16.Bezirk, Ottakring <916>","Wien 1.Bezirk, Innere Stadt <901>",1
40 bis 44 Jahre,2025,"Wien 16.Bezirk, Ottakring <916>","Wien 2.Bezirk, Leopoldstadt <902>",23
40 bis 44 Jahre,2025,"Wien 16.Bezirk, Ottakring <916>","Wien 3.Bezirk, Landstraße <903>",24
40 bis 44 Jahre,2025,"Wien 16.Bezirk, Ottakring <916>","Wien 4.Bezirk, Wieden <904>",14
40 bis 44 Jahre,2025,"Wien 16.Bezirk, Ottakring <916>","Wien 5.Bezirk, Margareten <905>",18
40 bis 44 Jahre,2025,"Wien 16.Bezirk, Ottakring <916>","Wien 6.Bezirk, Mariahilf <906>",9
40 bis 44 Jahre,2025,"Wien 16.Bezirk, Ottakring <916>","Wien 7.Bezirk, Neubau <907>",16
40 bis 44 Jahre,2025,"Wien 16.Bezirk, Ottakring <916>","Wien 8.Bezirk, Josefstadt <908>",11
40 bis 44 Jahre,2025,"Wien 16.Bezirk, Ottakring <916>","Wien 9.Bezirk, Alsergrund <909>",6
40 bis 44 Jahre,2025,"Wien 16.Bezirk, Ottakring <916>","Wien 10.Bezirk, Favoriten <910>",73
40 bis 44 Jahre,2025,"Wien 16.Bezirk, Ottakring <916>","Wien 11.Bezirk, Simmering <911>",17
40 bis 44 Jahre,2025,"Wien 16.Bezirk, Ottakring <916>","Wien 12.Bezirk, Meidling <912>",37
40 bis 44 Jahre,2025,"Wien 16.Bezirk, Ottakring <916>","Wien 13.Bezirk, Hietzing <913>",25
40 bis 44 Jahre,2025,"Wien 16.Bezirk, Ottakring <916>","Wien 14.Bezirk, Penzing <914>",63
40 bis 44 Jahre,2025,"Wien 16.Bezirk, Ottakring <916>","Wien 15.Bezirk, Rudolfsheim-Fünfhaus <915>",57
40 bis 44 Jahre,2025,"Wien 16.Bezirk, Ottakring <916>","Wien 16.Bezirk, Ottakring <916>",194
40 bis 44 Jahre,2025,"Wien 16.Bezirk, Ottakring <916>","Wien 17.Bezirk, Hernals <917>",48
40 bis 44 Jahre,2025,"Wien 16.Bezirk, Ottakring <916>","Wien 18.Bezirk, Währing <918>",23
40 bis 44 Jahre,2025,"Wien 16.Bezirk, Ottakring <916>","Wien 19.Bezirk, Döbling <919>",19
40 bis 44 Jahre,2025,"Wien 16.Bezirk, Ottakring <916>","Wien 20.Bezirk, Brigittenau <920>",23
40 bis 44 Jahre,2025,"Wien 16.Bezirk, Ottakring <916>","Wien 21.Bezirk, Floridsdorf <921>",40
40 bis 44 Jahre,2025,"Wien 16.Bezirk, Ottakring <916>","Wien 22.Bezirk, Donaustadt <922>",30
40 bis 44 Jahre,2025,"Wien 16.Bezirk, Ottakring <916>","Wien 23.Bezirk, Liesing <923>",24
40 bis 44 Jahre,2025,"Wien 17.Bezirk, Hernals <917>","Wien 1.Bezirk, Innere Stadt <901>",5
40 bis 44 Jahre,2025,"Wien 17.Bezirk, Hernals <917>","Wien 2.Bezirk, Leopoldstadt <902>",13
40 bis 44 Jahre,2025,"Wien 17.Bezirk, Hernals <917>","Wien 3.Bezirk, Landstraße <903>",18
40 bis 44 Jahre,2025,"Wien 17.Bezirk, Hernals <917>","Wien 4.Bezirk, Wieden <904>",13
40 bis 44 Jahre,2025,"Wien 17.Bezirk, Hernals <917>","Wien 5.Bezirk, Margareten <905>",5
40 bis 44 Jahre,2025,"Wien 17.Bezirk, Hernals <917>","Wien 6.Bezirk, Mariahilf <906>",5
40 bis 44 Jahre,2025,"Wien 17.Bezirk, Hernals <917>","Wien 7.Bezirk, Neubau <907>",2
40 bis 44 Jahre,2025,"Wien 17.Bezirk, Hernals <917>","Wien 8.Bezirk, Josefstadt <908>",10
40 bis 44 Jahre,2025,"Wien 17.Bezirk, Hernals <917>","Wien 9.Bezirk, Alsergrund <909>",14
40 bis 44 Jahre,2025,"Wien 17.Bezirk, Hernals <917>","Wien 10.Bezirk, Favoriten <910>",23
40 bis 44 Jahre,2025,"Wien 17.Bezirk, Hernals <917>","Wien 11.Bezirk, Simmering <911>",13
40 bis 44 Jahre,2025,"Wien 17.Bezirk, Hernals <917>","Wien 12.Bezirk, Meidling <912>",29
40 bis 44 Jahre,2025,"Wien 17.Bezirk, Hernals <917>","Wien 13.Bezirk, Hietzing <913>",7
40 bis 44 Jahre,2025,"Wien 17.Bezirk, Hernals <917>","Wien 14.Bezirk, Penzing <914>",23
40 bis 44 Jahre,2025,"Wien 17.Bezirk, Hernals <917>","Wien 15.Bezirk, Rudolfsheim-Fünfhaus <915>",15
40 bis 44 Jahre,2025,"Wien 17.Bezirk, Hernals <917>","Wien 16.Bezirk, Ottakring <916>",54
40 bis 44 Jahre,2025,"Wien 17.Bezirk, Hernals <917>","Wien 17.Bezirk, Hernals <917>",75
40 bis 44 Jahre,2025,"Wien 17.Bezirk, Hernals <917>","Wien 18.Bezirk, Währing <918>",24
40 bis 44 Jahre,2025,"Wien 17.Bezirk, Hernals <917>","Wien 19.Bezirk, Döbling <919>",16
40 bis 44 Jahre,2025,"Wien 17.Bezirk, Hernals <917>","Wien 20.Bezirk, Brigittenau <920>",15
40 bis 44 Jahre,2025,"Wien 17.Bezirk, Hernals <917>","Wien 21.Bezirk, Floridsdorf <921>",20
40 bis 44 Jahre,2025,"Wien 17.Bezirk, Hernals <917>","Wien 22.Bezirk, Donaustadt <922>",28
40 bis 44 Jahre,2025,"Wien 17.Bezirk, Hernals <917>","Wien 23.Bezirk, Liesing <923>",12
40 bis 44 Jahre,2025,"Wien 18.Bezirk, Währing <918>","Wien 1.Bezirk, Innere Stadt <901>",-
40 bis 44 Jahre,2025,"Wien 18.Bezirk, Währing <918>","Wien 2.Bezirk, Leopoldstadt <902>",9
40 bis 44 Jahre,2025,"Wien 18.Bezirk, Währing <918>","Wien 3.Bezirk, Landstraße <903>",6
40 bis 44 Jahre,2025,"Wien 18.Bezirk, Währing <918>","Wien 4.Bezirk, Wieden <904>",2
40 bis 44 Jahre,2025,"Wien 18.Bezirk, Währing <918>","Wien 5.Bezirk, Margareten <905>",6
40 bis 44 Jahre,2025,"Wien 18.Bezirk, Währing <918>","Wien 6.Bezirk, Mariahilf <906>",4
40 bis 44 Jahre,2025,"Wien 18.Bezirk, Währing <918>","Wien 7.Bezirk, Neubau <907>",5
40 bis 44 Jahre,2025,"Wien 18.Bezirk, Währing <918>","Wien 8.Bezirk, Josefstadt <908>",3
40 bis 44 Jahre,2025,"Wien 18.Bezirk, Währing <918>","Wien 9.Bezirk, Alsergrund <909>",5
40 bis 44 Jahre,2025,"Wien 18.Bezirk, Währing <918>","Wien 10.Bezirk, Favoriten <910>",18
40 bis 44 Jahre,2025,"Wien 18.Bezirk, Währing <918>","Wien 11.Bezirk, Simmering <911>",5
40 bis 44 Jahre,2025,"Wien 18.Bezirk, Währing <918>","Wien 12.Bezirk, Meidling <912>",7
40 bis 44 Jahre,2025,"Wien 18.Bezirk, Währing <918>","Wien 13.Bezirk, Hietzing <913>",4
40 bis 44 Jahre,2025,"Wien 18.Bezirk, Währing <918>","Wien 14.Bezirk, Penzing <914>",15
40 bis 44 Jahre,2025,"Wien 18.Bezirk, Währing <918>","Wien 15.Bezirk, Rudolfsheim-Fünfhaus <915>",12
40 bis 44 Jahre,2025,"Wien 18.Bezirk, Währing <918>","Wien 16.Bezirk, Ottakring <916>",25
40 bis 44 Jahre,2025,"Wien 18.Bezirk, Währing <918>","Wien 17.Bezirk, Hernals <917>",37
40 bis 44 Jahre,2025,"Wien 18.Bezirk, Währing <918>","Wien 18.Bezirk, Währing <918>",100
40 bis 44 Jahre,2025,"Wien 18.Bezirk, Währing <918>","Wien 19.Bezirk, Döbling <919>",36
40 bis 44 Jahre,2025,"Wien 18.Bezirk, Währing <918>","Wien 20.Bezirk, Brigittenau <920>",10
40 bis 44 Jahre,2025,"Wien 18.Bezirk, Währing <918>","Wien 21.Bezirk, Floridsdorf <921>",18
40 bis 44 Jahre,2025,"Wien 18.Bezirk, Währing <918>","Wien 22.Bezirk, Donaustadt <922>",11
40 bis 44 Jahre,2025,"Wien 18.Bezirk, Währing <918>","Wien 23.Bezirk, Liesing <923>",8
40 bis 44 Jahre,2025,"Wien 19.Bezirk, Döbling <919>","Wien 1.Bezirk, Innere Stadt <901>",6
40 bis 44 Jahre,2025,"Wien 19.Bezirk, Döbling <919>","Wien 2.Bezirk, Leopoldstadt <902>",14
40 bis 44 Jahre,2025,"Wien 19.Bezirk, Döbling <919>","Wien 3.Bezirk, Landstraße <903>",14
40 bis 44 Jahre,2025,"Wien 19.Bezirk, Döbling <919>","Wien 4.Bezirk, Wieden <904>",7
40 bis 44 Jahre,2025,"Wien 19.Bezirk, Döbling <919>","Wien 5.Bezirk, Margareten <905>",3
40 bis 44 Jahre,2025,"Wien 19.Bezirk, Döbling <919>","Wien 6.Bezirk, Mariahilf <906>",2
40 bis 44 Jahre,2025,"Wien 19.Bezirk, Döbling <919>","Wien 7.Bezirk, Neubau <907>",-
40 bis 44 Jahre,2025,"Wien 19.Bezirk, Döbling <919>","Wien 8.Bezirk, Josefstadt <908>",2
40 bis 44 Jahre,2025,"Wien 19.Bezirk, Döbling <919>","Wien 9.Bezirk, Alsergrund <909>",9
40 bis 44 Jahre,2025,"Wien 19.Bezirk, Döbling <919>","Wien 10.Bezirk, Favoriten <910>",11
40 bis 44 Jahre,2025,"Wien 19.Bezirk, Döbling <919>","Wien 11.Bezirk, Simmering <911>",3
40 bis 44 Jahre,2025,"Wien 19.Bezirk, Döbling <919>","Wien 12.Bezirk, Meidling <912>",6
40 bis 44 Jahre,2025,"Wien 19.Bezirk, Döbling <919>","Wien 13.Bezirk, Hietzing <913>",8
40 bis 44 Jahre,2025,"Wien 19.Bezirk, Döbling <919>","Wien 14.Bezirk, Penzing <914>",11
40 bis 44 Jahre,2025,"Wien 19.Bezirk, Döbling <919>","Wien 15.Bezirk, Rudolfsheim-Fünfhaus <915>",10
40 bis 44 Jahre,2025,"Wien 19.Bezirk, Döbling <919>","Wien 16.Bezirk, Ottakring <916>",10
40 bis 44 Jahre,2025,"Wien 19.Bezirk, Döbling <919>","Wien 17.Bezirk, Hernals <917>",16
40 bis 44 Jahre,2025,"Wien 19.Bezirk, Döbling <919>","Wien 18.Bezirk, Währing <918>",26
40 bis 44 Jahre,2025,"Wien 19.Bezirk, Döbling <919>","Wien 19.Bezirk, Döbling <919>",169
40 bis 44 Jahre,2025,"Wien 19.Bezirk, Döbling <919>","Wien 20.Bezirk, Brigittenau <920>",17
40 bis 44 Jahre,2025,"Wien 19.Bezirk, Döbling <919>","Wien 21.Bezirk, Floridsdorf <921>",31
40 bis 44 Jahre,2025,"Wien 19.Bezirk, Döbling <919>","Wien 22.Bezirk, Donaustadt <922>",36
40 bis 44 Jahre,2025,"Wien 19.Bezirk, Döbling <919>","Wien 23.Bezirk, Liesing <923>",4
40 bis 44 Jahre,2025,"Wien 20.Bezirk, Brigittenau <920>","Wien 1.Bezirk, Innere Stadt <901>",2
40 bis 44 Jahre,2025,"Wien 20.Bezirk, Brigittenau <920>","Wien 2.Bezirk, Leopoldstadt <902>",60
40 bis 44 Jahre,2025,"Wien 20.Bezirk, Brigittenau <920>","Wien 3.Bezirk, Landstraße <903>",26
40 bis 44 Jahre,2025,"Wien 20.Bezirk, Brigittenau <920>","Wien 4.Bezirk, Wieden <904>",11
40 bis 44 Jahre,2025,"Wien 20.Bezirk, Brigittenau <920>","Wien 5.Bezirk, Margareten <905>",6
40 bis 44 Jahre,2025,"Wien 20.Bezirk, Brigittenau <920>","Wien 6.Bezirk, Mariahilf <906>",3
40 bis 44 Jahre,2025,"Wien 20.Bezirk, Brigittenau <920>","Wien 7.Bezirk, Neubau <907>",4
40 bis 44 Jahre,2025,"Wien 20.Bezirk, Brigittenau <920>","Wien 8.Bezirk, Josefstadt <908>",1
40 bis 44 Jahre,2025,"Wien 20.Bezirk, Brigittenau <920>","Wien 9.Bezirk, Alsergrund <909>",15
40 bis 44 Jahre,2025,"Wien 20.Bezirk, Brigittenau <920>","Wien 10.Bezirk, Favoriten <910>",41
40 bis 44 Jahre,2025,"Wien 20.Bezirk, Brigittenau <920>","Wien 11.Bezirk, Simmering <911>",28
40 bis 44 Jahre,2025,"Wien 20.Bezirk, Brigittenau <920>","Wien 12.Bezirk, Meidling <912>",18
40 bis 44 Jahre,2025,"Wien 20.Bezirk, Brigittenau <920>","Wien 13.Bezirk, Hietzing <913>",2
40 bis 44 Jahre,2025,"Wien 20.Bezirk, Brigittenau <920>","Wien 14.Bezirk, Penzing <914>",16
40 bis 44 Jahre,2025,"Wien 20.Bezirk, Brigittenau <920>","Wien 15.Bezirk, Rudolfsheim-Fünfhaus <915>",13
40 bis 44 Jahre,2025,"Wien 20.Bezirk, Brigittenau <920>","Wien 16.Bezirk, Ottakring <916>",20
40 bis 44 Jahre,2025,"Wien 20.Bezirk, Brigittenau <920>","Wien 17.Bezirk, Hernals <917>",5
40 bis 44 Jahre,2025,"Wien 20.Bezirk, Brigittenau <920>","Wien 18.Bezirk, Währing <918>",11
40 bis 44 Jahre,2025,"Wien 20.Bezirk, Brigittenau <920>","Wien 19.Bezirk, Döbling <919>",30
40 bis 44 Jahre,2025,"Wien 20.Bezirk, Brigittenau <920>","Wien 20.Bezirk, Brigittenau <920>",147
40 bis 44 Jahre,2025,"Wien 20.Bezirk, Brigittenau <920>","Wien 21.Bezirk, Floridsdorf <921>",90
40 bis 44 Jahre,2025,"Wien 20.Bezirk, Brigittenau <920>","Wien 22.Bezirk, Donaustadt <922>",60
40 bis 44 Jahre,2025,"Wien 20.Bezirk, Brigittenau <920>","Wien 23.Bezirk, Liesing <923>",14
40 bis 44 Jahre,2025,"Wien 21.Bezirk, Floridsdorf <921>","Wien 1.Bezirk, Innere Stadt <901>",3
40 bis 44 Jahre,2025,"Wien 21.Bezirk, Floridsdorf <921>","Wien 2.Bezirk, Leopoldstadt <902>",29
40 bis 44 Jahre,2025,"Wien 21.Bezirk, Floridsdorf <921>","Wien 3.Bezirk, Landstraße <903>",21
40 bis 44 Jahre,2025,"Wien 21.Bezirk, Floridsdorf <921>","Wien 4.Bezirk, Wieden <904>",18
40 bis 44 Jahre,2025,"Wien 21.Bezirk, Floridsdorf <921>","Wien 5.Bezirk, Margareten <905>",8
40 bis 44 Jahre,2025,"Wien 21.Bezirk, Floridsdorf <921>","Wien 6.Bezirk, Mariahilf <906>",12
40 bis 44 Jahre,2025,"Wien 21.Bezirk, Floridsdorf <921>","Wien 7.Bezirk, Neubau <907>",7
40 bis 44 Jahre,2025,"Wien 21.Bezirk, Floridsdorf <921>","Wien 8.Bezirk, Josefstadt <908>",5
40 bis 44 Jahre,2025,"Wien 21.Bezirk, Floridsdorf <921>","Wien 9.Bezirk, Alsergrund <909>",6
40 bis 44 Jahre,2025,"Wien 21.Bezirk, Floridsdorf <921>","Wien 10.Bezirk, Favoriten <910>",47
40 bis 44 Jahre,2025,"Wien 21.Bezirk, Floridsdorf <921>","Wien 11.Bezirk, Simmering <911>",26
40 bis 44 Jahre,2025,"Wien 21.Bezirk, Floridsdorf <921>","Wien 12.Bezirk, Meidling <912>",19
40 bis 44 Jahre,2025,"Wien 21.Bezirk, Floridsdorf <921>","Wien 13.Bezirk, Hietzing <913>",3
40 bis 44 Jahre,2025,"Wien 21.Bezirk, Floridsdorf <921>","Wien 14.Bezirk, Penzing <914>",14
40 bis 44 Jahre,2025,"Wien 21.Bezirk, Floridsdorf <921>","Wien 15.Bezirk, Rudolfsheim-Fünfhaus <915>",14
40 bis 44 Jahre,2025,"Wien 21.Bezirk, Floridsdorf <921>","Wien 16.Bezirk, Ottakring <916>",25
40 bis 44 Jahre,2025,"Wien 21.Bezirk, Floridsdorf <921>","Wien 17.Bezirk, Hernals <917>",12
40 bis 44 Jahre,2025,"Wien 21.Bezirk, Floridsdorf <921>","Wien 18.Bezirk, Währing <918>",11
40 bis 44 Jahre,2025,"Wien 21.Bezirk, Floridsdorf <921>","Wien 19.Bezirk, Döbling <919>",24
40 bis 44 Jahre,2025,"Wien 21.Bezirk, Floridsdorf <921>","Wien 20.Bezirk, Brigittenau <920>",35
40 bis 44 Jahre,2025,"Wien 21.Bezirk, Floridsdorf <921>","Wien 21.Bezirk, Floridsdorf <921>",402
40 bis 44 Jahre,2025,"Wien 21.Bezirk, Floridsdorf <921>","Wien 22.Bezirk, Donaustadt <922>",155
40 bis 44 Jahre,2025,"Wien 21.Bezirk, Floridsdorf <921>","Wien 23.Bezirk, Liesing <923>",24
40 bis 44 Jahre,2025,"Wien 22.Bezirk, Donaustadt <922>","Wien 1.Bezirk, Innere Stadt <901>",3
40 bis 44 Jahre,2025,"Wien 22.Bezirk, Donaustadt <922>","Wien 2.Bezirk, Leopoldstadt <902>",48
40 bis 44 Jahre,2025,"Wien 22.Bezirk, Donaustadt <922>","Wien 3.Bezirk, Landstraße <903>",26
40 bis 44 Jahre,2025,"Wien 22.Bezirk, Donaustadt <922>","Wien 4.Bezirk, Wieden <904>",23
40 bis 44 Jahre,2025,"Wien 22.Bezirk, Donaustadt <922>","Wien 5.Bezirk, Margareten <905>",12
40 bis 44 Jahre,2025,"Wien 22.Bezirk, Donaustadt <922>","Wien 6.Bezirk, Mariahilf <906>",8
40 bis 44 Jahre,2025,"Wien 22.Bezirk, Donaustadt <922>","Wien 7.Bezirk, Neubau <907>",4
40 bis 44 Jahre,2025,"Wien 22.Bezirk, Donaustadt <922>","Wien 8.Bezirk, Josefstadt <908>",3
40 bis 44 Jahre,2025,"Wien 22.Bezirk, Donaustadt <922>","Wien 9.Bezirk, Alsergrund <909>",8
40 bis 44 Jahre,2025,"Wien 22.Bezirk, Donaustadt <922>","Wien 10.Bezirk, Favoriten <910>",57
40 bis 44 Jahre,2025,"Wien 22.Bezirk, Donaustadt <922>","Wien 11.Bezirk, Simmering <911>",24
40 bis 44 Jahre,2025,"Wien 22.Bezirk, Donaustadt <922>","Wien 12.Bezirk, Meidling <912>",22
40 bis 44 Jahre,2025,"Wien 22.Bezirk, Donaustadt <922>","Wien 13.Bezirk, Hietzing <913>",5
40 bis 44 Jahre,2025,"Wien 22.Bezirk, Donaustadt <922>","Wien 14.Bezirk, Penzing <914>",18
40 bis 44 Jahre,2025,"Wien 22.Bezirk, Donaustadt <922>","Wien 15.Bezirk, Rudolfsheim-Fünfhaus <915>",15
40 bis 44 Jahre,2025,"Wien 22.Bezirk, Donaustadt <922>","Wien 16.Bezirk, Ottakring <916>",19
40 bis 44 Jahre,2025,"Wien 22.Bezirk, Donaustadt <922>","Wien 17.Bezirk, Hernals <917>",11
40 bis 44 Jahre,2025,"Wien 22.Bezirk, Donaustadt <922>","Wien 18.Bezirk, Währing <918>",12
40 bis 44 Jahre,2025,"Wien 22.Bezirk, Donaustadt <922>","Wien 19.Bezirk, Döbling <919>",16
40 bis 44 Jahre,2025,"Wien 22.Bezirk, Donaustadt <922>","Wien 20.Bezirk, Brigittenau <920>",27
40 bis 44 Jahre,2025,"Wien 22.Bezirk, Donaustadt <922>","Wien 21.Bezirk, Floridsdorf <921>",121
40 bis 44 Jahre,2025,"Wien 22.Bezirk, Donaustadt <922>","Wien 22.Bezirk, Donaustadt <922>",550
40 bis 44 Jahre,2025,"Wien 22.Bezirk, Donaustadt <922>","Wien 23.Bezirk, Liesing <923>",21
40 bis 44 Jahre,2025,"Wien 23.Bezirk, Liesing <923>","Wien 1.Bezirk, Innere Stadt <901>",-
40 bis 44 Jahre,2025,"Wien 23.Bezirk, Liesing <923>","Wien 2.Bezirk, Leopoldstadt <902>",11
40 bis 44 Jahre,2025,"Wien 23.Bezirk, Liesing <923>","Wien 3.Bezirk, Landstraße <903>",17
40 bis 44 Jahre,2025,"Wien 23.Bezirk, Liesing <923>","Wien 4.Bezirk, Wieden <904>",6
40 bis 44 Jahre,2025,"Wien 23.Bezirk, Liesing <923>","Wien 5.Bezirk, Margareten <905>",6
40 bis 44 Jahre,2025,"Wien 23.Bezirk, Liesing <923>","Wien 6.Bezirk, Mariahilf <906>",6
40 bis 44 Jahre,2025,"Wien 23.Bezirk, Liesing <923>","Wien 7.Bezirk, Neubau <907>",1
40 bis 44 Jahre,2025,"Wien 23.Bezirk, Liesing <923>","Wien 8.Bezirk, Josefstadt <908>",1
40 bis 44 Jahre,2025,"Wien 23.Bezirk, Liesing <923>","Wien 9.Bezirk, Alsergrund <909>",5
40 bis 44 Jahre,2025,"Wien 23.Bezirk, Liesing <923>","Wien 10.Bezirk, Favoriten <910>",43
40 bis 44 Jahre,2025,"Wien 23.Bezirk, Liesing <923>","Wien 11.Bezirk, Simmering <911>",11
40 bis 44 Jahre,2025,"Wien 23.Bezirk, Liesing <923>","Wien 12.Bezirk, Meidling <912>",29
40 bis 44 Jahre,2025,"Wien 23.Bezirk, Liesing <923>","Wien 13.Bezirk, Hietzing <913>",22
40 bis 44 Jahre,2025,"Wien 23.Bezirk, Liesing <923>","Wien 14.Bezirk, Penzing <914>",9
40 bis 44 Jahre,2025,"Wien 23.Bezirk, Liesing <923>","Wien 15.Bezirk, Rudolfsheim-Fünfhaus <915>",5
40 bis 44 Jahre,2025,"Wien 23.Bezirk, Liesing <923>","Wien 16.Bezirk, Ottakring <916>",10
40 bis 44 Jahre,2025,"Wien 23.Bezirk, Liesing <923>","Wien 17.Bezirk, Hernals <917>",3
40 bis 44 Jahre,2025,"Wien 23.Bezirk, Liesing <923>","Wien 18.Bezirk, Währing <918>",2
40 bis 44 Jahre,2025,"Wien 23.Bezirk, Liesing <923>","Wien 19.Bezirk, Döbling <919>",7
40 bis 44 Jahre,2025,"Wien 23.Bezirk, Liesing <923>","Wien 20.Bezirk, Brigittenau <920>",12
40 bis 44 Jahre,2025,"Wien 23.Bezirk, Liesing <923>","Wien 21.Bezirk, Floridsdorf <921>",20
40 bis 44 Jahre,2025,"Wien 23.Bezirk, Liesing <923>","Wien 22.Bezirk, Donaustadt <922>",30
40 bis 44 Jahre,2025,"Wien 23.Bezirk, Liesing <923>","Wien 23.Bezirk, Liesing <923>",203
45 bis 49 Jahre,2025,"Wien 1.Bezirk, Innere Stadt <901>","Wien 1.Bezirk, Innere Stadt <901>",26
45 bis 49 Jahre,2025,"Wien 1.Bezirk, Innere Stadt <901>","Wien 2.Bezirk, Leopoldstadt <902>",6
45 bis 49 Jahre,2025,"Wien 1.Bezirk, Innere Stadt <901>","Wien 3.Bezirk, Landstraße <903>",6
45 bis 49 Jahre,2025,"Wien 1.Bezirk, Innere Stadt <901>","Wien 4.Bezirk, Wieden <904>",4
45 bis 49 Jahre,2025,"Wien 1.Bezirk, Innere Stadt <901>","Wien 5.Bezirk, Margareten <905>",2
45 bis 49 Jahre,2025,"Wien 1.Bezirk, Innere Stadt <901>","Wien 6.Bezirk, Mariahilf <906>",3
45 bis 49 Jahre,2025,"Wien 1.Bezirk, Innere Stadt <901>","Wien 7.Bezirk, Neubau <907>",2
45 bis 49 Jahre,2025,"Wien 1.Bezirk, Innere Stadt <901>","Wien 8.Bezirk, Josefstadt <908>",1
45 bis 49 Jahre,2025,"Wien 1.Bezirk, Innere Stadt <901>","Wien 9.Bezirk, Alsergrund <909>",9
45 bis 49 Jahre,2025,"Wien 1.Bezirk, Innere Stadt <901>","Wien 10.Bezirk, Favoriten <910>",8
45 bis 49 Jahre,2025,"Wien 1.Bezirk, Innere Stadt <901>","Wien 11.Bezirk, Simmering <911>",3
45 bis 49 Jahre,2025,"Wien 1.Bezirk, Innere Stadt <901>","Wien 12.Bezirk, Meidling <912>",2
45 bis 49 Jahre,2025,"Wien 1.Bezirk, Innere Stadt <901>","Wien 13.Bezirk, Hietzing <913>",7
45 bis 49 Jahre,2025,"Wien 1.Bezirk, Innere Stadt <901>","Wien 14.Bezirk, Penzing <914>",4
45 bis 49 Jahre,2025,"Wien 1.Bezirk, Innere Stadt <901>","Wien 15.Bezirk, Rudolfsheim-Fünfhaus <915>",2
45 bis 49 Jahre,2025,"Wien 1.Bezirk, Innere Stadt <901>","Wien 16.Bezirk, Ottakring <916>",6
45 bis 49 Jahre,2025,"Wien 1.Bezirk, Innere Stadt <901>","Wien 17.Bezirk, Hernals <917>",6
45 bis 49 Jahre,2025,"Wien 1.Bezirk, Innere Stadt <901>","Wien 18.Bezirk, Währing <918>",2
45 bis 49 Jahre,2025,"Wien 1.Bezirk, Innere Stadt <901>","Wien 19.Bezirk, Döbling <919>",10
45 bis 49 Jahre,2025,"Wien 1.Bezirk, Innere Stadt <901>","Wien 20.Bezirk, Brigittenau <920>",3
45 bis 49 Jahre,2025,"Wien 1.Bezirk, Innere Stadt <901>","Wien 21.Bezirk, Floridsdorf <921>",1
45 bis 49 Jahre,2025,"Wien 1.Bezirk, Innere Stadt <901>","Wien 22.Bezirk, Donaustadt <922>",2
45 bis 49 Jahre,2025,"Wien 1.Bezirk, Innere Stadt <901>","Wien 23.Bezirk, Liesing <923>",1
45 bis 49 Jahre,2025,"Wien 2.Bezirk, Leopoldstadt <902>","Wien 1.Bezirk, Innere Stadt <901>",6
45 bis 49 Jahre,2025,"Wien 2.Bezirk, Leopoldstadt <902>","Wien 2.Bezirk, Leopoldstadt <902>",126
45 bis 49 Jahre,2025,"Wien 2.Bezirk, Leopoldstadt <902>","Wien 3.Bezirk, Landstraße <903>",40
45 bis 49 Jahre,2025,"Wien 2.Bezirk, Leopoldstadt <902>","Wien 4.Bezirk, Wieden <904>",11
45 bis 49 Jahre,2025,"Wien 2.Bezirk, Leopoldstadt <902>","Wien 5.Bezirk, Margareten <905>",10
45 bis 49 Jahre,2025,"Wien 2.Bezirk, Leopoldstadt <902>","Wien 6.Bezirk, Mariahilf <906>",12
45 bis 49 Jahre,2025,"Wien 2.Bezirk, Leopoldstadt <902>","Wien 7.Bezirk, Neubau <907>",2
45 bis 49 Jahre,2025,"Wien 2.Bezirk, Leopoldstadt <902>","Wien 8.Bezirk, Josefstadt <908>",7
45 bis 49 Jahre,2025,"Wien 2.Bezirk, Leopoldstadt <902>","Wien 9.Bezirk, Alsergrund <909>",12
45 bis 49 Jahre,2025,"Wien 2.Bezirk, Leopoldstadt <902>","Wien 10.Bezirk, Favoriten <910>",39
45 bis 49 Jahre,2025,"Wien 2.Bezirk, Leopoldstadt <902>","Wien 11.Bezirk, Simmering <911>",12
45 bis 49 Jahre,2025,"Wien 2.Bezirk, Leopoldstadt <902>","Wien 12.Bezirk, Meidling <912>",13
45 bis 49 Jahre,2025,"Wien 2.Bezirk, Leopoldstadt <902>","Wien 13.Bezirk, Hietzing <913>",9
45 bis 49 Jahre,2025,"Wien 2.Bezirk, Leopoldstadt <902>","Wien 14.Bezirk, Penzing <914>",19
45 bis 49 Jahre,2025,"Wien 2.Bezirk, Leopoldstadt <902>","Wien 15.Bezirk, Rudolfsheim-Fünfhaus <915>",10
45 bis 49 Jahre,2025,"Wien 2.Bezirk, Leopoldstadt <902>","Wien 16.Bezirk, Ottakring <916>",26
45 bis 49 Jahre,2025,"Wien 2.Bezirk, Leopoldstadt <902>","Wien 17.Bezirk, Hernals <917>",9
45 bis 49 Jahre,2025,"Wien 2.Bezirk, Leopoldstadt <902>","Wien 18.Bezirk, Währing <918>",3
45 bis 49 Jahre,2025,"Wien 2.Bezirk, Leopoldstadt <902>","Wien 19.Bezirk, Döbling <919>",13
45 bis 49 Jahre,2025,"Wien 2.Bezirk, Leopoldstadt <902>","Wien 20.Bezirk, Brigittenau <920>",38
45 bis 49 Jahre,2025,"Wien 2.Bezirk, Leopoldstadt <902>","Wien 21.Bezirk, Floridsdorf <921>",31
45 bis 49 Jahre,2025,"Wien 2.Bezirk, Leopoldstadt <902>","Wien 22.Bezirk, Donaustadt <922>",55
45 bis 49 Jahre,2025,"Wien 2.Bezirk, Leopoldstadt <902>","Wien 23.Bezirk, Liesing <923>",11
45 bis 49 Jahre,2025,"Wien 3.Bezirk, Landstraße <903>","Wien 1.Bezirk, Innere Stadt <901>",6
45 bis 49 Jahre,2025,"Wien 3.Bezirk, Landstraße <903>","Wien 2.Bezirk, Leopoldstadt <902>",36
45 bis 49 Jahre,2025,"Wien 3.Bezirk, Landstraße <903>","Wien 3.Bezirk, Landstraße <903>",120
45 bis 49 Jahre,2025,"Wien 3.Bezirk, Landstraße <903>","Wien 4.Bezirk, Wieden <904>",24
45 bis 49 Jahre,2025,"Wien 3.Bezirk, Landstraße <903>","Wien 5.Bezirk, Margareten <905>",9
45 bis 49 Jahre,2025,"Wien 3.Bezirk, Landstraße <903>","Wien 6.Bezirk, Mariahilf <906>",12
45 bis 49 Jahre,2025,"Wien 3.Bezirk, Landstraße <903>","Wien 7.Bezirk, Neubau <907>",10
45 bis 49 Jahre,2025,"Wien 3.Bezirk, Landstraße <903>","Wien 8.Bezirk, Josefstadt <908>",6
45 bis 49 Jahre,2025,"Wien 3.Bezirk, Landstraße <903>","Wien 9.Bezirk, Alsergrund <909>",10
45 bis 49 Jahre,2025,"Wien 3.Bezirk, Landstraße <903>","Wien 10.Bezirk, Favoriten <910>",42
45 bis 49 Jahre,2025,"Wien 3.Bezirk, Landstraße <903>","Wien 11.Bezirk, Simmering <911>",22
45 bis 49 Jahre,2025,"Wien 3.Bezirk, Landstraße <903>","Wien 12.Bezirk, Meidling <912>",19
45 bis 49 Jahre,2025,"Wien 3.Bezirk, Landstraße <903>","Wien 13.Bezirk, Hietzing <913>",5
45 bis 49 Jahre,2025,"Wien 3.Bezirk, Landstraße <903>","Wien 14.Bezirk, Penzing <914>",10
45 bis 49 Jahre,2025,"Wien 3.Bezirk, Landstraße <903>","Wien 15.Bezirk, Rudolfsheim-Fünfhaus <915>",13
45 bis 49 Jahre,2025,"Wien 3.Bezirk, Landstraße <903>","Wien 16.Bezirk, Ottakring <916>",22
45 bis 49 Jahre,2025,"Wien 3.Bezirk, Landstraße <903>","Wien 17.Bezirk, Hernals <917>",4
45 bis 49 Jahre,2025,"Wien 3.Bezirk, Landstraße <903>","Wien 18.Bezirk, Währing <918>",4
45 bis 49 Jahre,2025,"Wien 3.Bezirk, Landstraße <903>","Wien 19.Bezirk, Döbling <919>",10
45 bis 49 Jahre,2025,"Wien 3.Bezirk, Landstraße <903>","Wien 20.Bezirk, Brigittenau <920>",11
45 bis 49 Jahre,2025,"Wien 3.Bezirk, Landstraße <903>","Wien 21.Bezirk, Floridsdorf <921>",18
45 bis 49 Jahre,2025,"Wien 3.Bezirk, Landstraße <903>","Wien 22.Bezirk, Donaustadt <922>",34
45 bis 49 Jahre,2025,"Wien 3.Bezirk, Landstraße <903>","Wien 23.Bezirk, Liesing <923>",14
45 bis 49 Jahre,2025,"Wien 4.Bezirk, Wieden <904>","Wien 1.Bezirk, Innere Stadt <901>",1
45 bis 49 Jahre,2025,"Wien 4.Bezirk, Wieden <904>","Wien 2.Bezirk, Leopoldstadt <902>",13
45 bis 49 Jahre,2025,"Wien 4.Bezirk, Wieden <904>","Wien 3.Bezirk, Landstraße <903>",32
45 bis 49 Jahre,2025,"Wien 4.Bezirk, Wieden <904>","Wien 4.Bezirk, Wieden <904>",31
45 bis 49 Jahre,2025,"Wien 4.Bezirk, Wieden <904>","Wien 5.Bezirk, Margareten <905>",10
45 bis 49 Jahre,2025,"Wien 4.Bezirk, Wieden <904>","Wien 6.Bezirk, Mariahilf <906>",6
45 bis 49 Jahre,2025,"Wien 4.Bezirk, Wieden <904>","Wien 7.Bezirk, Neubau <907>",9
45 bis 49 Jahre,2025,"Wien 4.Bezirk, Wieden <904>","Wien 8.Bezirk, Josefstadt <908>",9
45 bis 49 Jahre,2025,"Wien 4.Bezirk, Wieden <904>","Wien 9.Bezirk, Alsergrund <909>",8
45 bis 49 Jahre,2025,"Wien 4.Bezirk, Wieden <904>","Wien 10.Bezirk, Favoriten <910>",26
45 bis 49 Jahre,2025,"Wien 4.Bezirk, Wieden <904>","Wien 11.Bezirk, Simmering <911>",9
45 bis 49 Jahre,2025,"Wien 4.Bezirk, Wieden <904>","Wien 12.Bezirk, Meidling <912>",20
45 bis 49 Jahre,2025,"Wien 4.Bezirk, Wieden <904>","Wien 13.Bezirk, Hietzing <913>",2
45 bis 49 Jahre,2025,"Wien 4.Bezirk, Wieden <904>","Wien 14.Bezirk, Penzing <914>",13
45 bis 49 Jahre,2025,"Wien 4.Bezirk, Wieden <904>","Wien 15.Bezirk, Rudolfsheim-Fünfhaus <915>",13
45 bis 49 Jahre,2025,"Wien 4.Bezirk, Wieden <904>","Wien 16.Bezirk, Ottakring <916>",5
45 bis 49 Jahre,2025,"Wien 4.Bezirk, Wieden <904>","Wien 17.Bezirk, Hernals <917>",6
45 bis 49 Jahre,2025,"Wien 4.Bezirk, Wieden <904>","Wien 18.Bezirk, Währing <918>",4
45 bis 49 Jahre,2025,"Wien 4.Bezirk, Wieden <904>","Wien 19.Bezirk, Döbling <919>",7
45 bis 49 Jahre,2025,"Wien 4.Bezirk, Wieden <904>","Wien 20.Bezirk, Brigittenau <920>",8
45 bis 49 Jahre,2025,"Wien 4.Bezirk, Wieden <904>","Wien 21.Bezirk, Floridsdorf <921>",15
45 bis 49 Jahre,2025,"Wien 4.Bezirk, Wieden <904>","Wien 22.Bezirk, Donaustadt <922>",12
45 bis 49 Jahre,2025,"Wien 4.Bezirk, Wieden <904>","Wien 23.Bezirk, Liesing <923>",2
45 bis 49 Jahre,2025,"Wien 5.Bezirk, Margareten <905>","Wien 1.Bezirk, Innere Stadt <901>",2
45 bis 49 Jahre,2025,"Wien 5.Bezirk, Margareten <905>","Wien 2.Bezirk, Leopoldstadt <902>",11
45 bis 49 Jahre,2025,"Wien 5.Bezirk, Margareten <905>","Wien 3.Bezirk, Landstraße <903>",13
45 bis 49 Jahre,2025,"Wien 5.Bezirk, Margareten <905>","Wien 4.Bezirk, Wieden <904>",17
45 bis 49 Jahre,2025,"Wien 5.Bezirk, Margareten <905>","Wien 5.Bezirk, Margareten <905>",41
45 bis 49 Jahre,2025,"Wien 5.Bezirk, Margareten <905>","Wien 6.Bezirk, Mariahilf <906>",7
45 bis 49 Jahre,2025,"Wien 5.Bezirk, Margareten <905>","Wien 7.Bezirk, Neubau <907>",6
45 bis 49 Jahre,2025,"Wien 5.Bezirk, Margareten <905>","Wien 8.Bezirk, Josefstadt <908>",2
45 bis 49 Jahre,2025,"Wien 5.Bezirk, Margareten <905>","Wien 9.Bezirk, Alsergrund <909>",1
45 bis 49 Jahre,2025,"Wien 5.Bezirk, Margareten <905>","Wien 10.Bezirk, Favoriten <910>",33
45 bis 49 Jahre,2025,"Wien 5.Bezirk, Margareten <905>","Wien 11.Bezirk, Simmering <911>",12
45 bis 49 Jahre,2025,"Wien 5.Bezirk, Margareten <905>","Wien 12.Bezirk, Meidling <912>",21
45 bis 49 Jahre,2025,"Wien 5.Bezirk, Margareten <905>","Wien 13.Bezirk, Hietzing <913>",6
45 bis 49 Jahre,2025,"Wien 5.Bezirk, Margareten <905>","Wien 14.Bezirk, Penzing <914>",10
45 bis 49 Jahre,2025,"Wien 5.Bezirk, Margareten <905>","Wien 15.Bezirk, Rudolfsheim-Fünfhaus <915>",11
45 bis 49 Jahre,2025,"Wien 5.Bezirk, Margareten <905>","Wien 16.Bezirk, Ottakring <916>",11
45 bis 49 Jahre,2025,"Wien 5.Bezirk, Margareten <905>","Wien 17.Bezirk, Hernals <917>",12
45 bis 49 Jahre,2025,"Wien 5.Bezirk, Margareten <905>","Wien 18.Bezirk, Währing <918>",5
45 bis 49 Jahre,2025,"Wien 5.Bezirk, Margareten <905>","Wien 19.Bezirk, Döbling <919>",8
45 bis 49 Jahre,2025,"Wien 5.Bezirk, Margareten <905>","Wien 20.Bezirk, Brigittenau <920>",7
45 bis 49 Jahre,2025,"Wien 5.Bezirk, Margareten <905>","Wien 21.Bezirk, Floridsdorf <921>",12
45 bis 49 Jahre,2025,"Wien 5.Bezirk, Margareten <905>","Wien 22.Bezirk, Donaustadt <922>",11
45 bis 49 Jahre,2025,"Wien 5.Bezirk, Margareten <905>","Wien 23.Bezirk, Liesing <923>",8
45 bis 49 Jahre,2025,"Wien 6.Bezirk, Mariahilf <906>","Wien 1.Bezirk, Innere Stadt <901>",2
45 bis 49 Jahre,2025,"Wien 6.Bezirk, Mariahilf <906>","Wien 2.Bezirk, Leopoldstadt <902>",5
45 bis 49 Jahre,2025,"Wien 6.Bezirk, Mariahilf <906>","Wien 3.Bezirk, Landstraße <903>",11
45 bis 49 Jahre,2025,"Wien 6.Bezirk, Mariahilf <906>","Wien 4.Bezirk, Wieden <904>",2
45 bis 49 Jahre,2025,"Wien 6.Bezirk, Mariahilf <906>","Wien 5.Bezirk, Margareten <905>",5
45 bis 49 Jahre,2025,"Wien 6.Bezirk, Mariahilf <906>","Wien 6.Bezirk, Mariahilf <906>",25
45 bis 49 Jahre,2025,"Wien 6.Bezirk, Mariahilf <906>","Wien 7.Bezirk, Neubau <907>",11
45 bis 49 Jahre,2025,"Wien 6.Bezirk, Mariahilf <906>","Wien 8.Bezirk, Josefstadt <908>",8
45 bis 49 Jahre,2025,"Wien 6.Bezirk, Mariahilf <906>","Wien 9.Bezirk, Alsergrund <909>",6
45 bis 49 Jahre,2025,"Wien 6.Bezirk, Mariahilf <906>","Wien 10.Bezirk, Favoriten <910>",6
45 bis 49 Jahre,2025,"Wien 6.Bezirk, Mariahilf <906>","Wien 11.Bezirk, Simmering <911>",6
45 bis 49 Jahre,2025,"Wien 6.Bezirk, Mariahilf <906>","Wien 12.Bezirk, Meidling <912>",6
45 bis 49 Jahre,2025,"Wien 6.Bezirk, Mariahilf <906>","Wien 13.Bezirk, Hietzing <913>",6
45 bis 49 Jahre,2025,"Wien 6.Bezirk, Mariahilf <906>","Wien 14.Bezirk, Penzing <914>",7
45 bis 49 Jahre,2025,"Wien 6.Bezirk, Mariahilf <906>","Wien 15.Bezirk, Rudolfsheim-Fünfhaus <915>",11
45 bis 49 Jahre,2025,"Wien 6.Bezirk, Mariahilf <906>","Wien 16.Bezirk, Ottakring <916>",9
45 bis 49 Jahre,2025,"Wien 6.Bezirk, Mariahilf <906>","Wien 17.Bezirk, Hernals <917>",4
45 bis 49 Jahre,2025,"Wien 6.Bezirk, Mariahilf <906>","Wien 18.Bezirk, Währing <918>",7
45 bis 49 Jahre,2025,"Wien 6.Bezirk, Mariahilf <906>","Wien 19.Bezirk, Döbling <919>",2
45 bis 49 Jahre,2025,"Wien 6.Bezirk, Mariahilf <906>","Wien 20.Bezirk, Brigittenau <920>",4
45 bis 49 Jahre,2025,"Wien 6.Bezirk, Mariahilf <906>","Wien 21.Bezirk, Floridsdorf <921>",6
45 bis 49 Jahre,2025,"Wien 6.Bezirk, Mariahilf <906>","Wien 22.Bezirk, Donaustadt <922>",10
45 bis 49 Jahre,2025,"Wien 6.Bezirk, Mariahilf <906>","Wien 23.Bezirk, Liesing <923>",5
45 bis 49 Jahre,2025,"Wien 7.Bezirk, Neubau <907>","Wien 1.Bezirk, Innere Stadt <901>",2
45 bis 49 Jahre,2025,"Wien 7.Bezirk, Neubau <907>","Wien 2.Bezirk, Leopoldstadt <902>",5
45 bis 49 Jahre,2025,"Wien 7.Bezirk, Neubau <907>","Wien 3.Bezirk, Landstraße <903>",5
45 bis 49 Jahre,2025,"Wien 7.Bezirk, Neubau <907>","Wien 4.Bezirk, Wieden <904>",9
45 bis 49 Jahre,2025,"Wien 7.Bezirk, Neubau <907>","Wien 5.Bezirk, Margareten <905>",3
45 bis 49 Jahre,2025,"Wien 7.Bezirk, Neubau <907>","Wien 6.Bezirk, Mariahilf <906>",3
45 bis 49 Jahre,2025,"Wien 7.Bezirk, Neubau <907>","Wien 7.Bezirk, Neubau <907>",23
45 bis 49 Jahre,2025,"Wien 7.Bezirk, Neubau <907>","Wien 8.Bezirk, Josefstadt <908>",5
45 bis 49 Jahre,2025,"Wien 7.Bezirk, Neubau <907>","Wien 9.Bezirk, Alsergrund <909>",5
45 bis 49 Jahre,2025,"Wien 7.Bezirk, Neubau <907>","Wien 10.Bezirk, Favoriten <910>",10
45 bis 49 Jahre,2025,"Wien 7.Bezirk, Neubau <907>","Wien 11.Bezirk, Simmering <911>",4
45 bis 49 Jahre,2025,"Wien 7.Bezirk, Neubau <907>","Wien 12.Bezirk, Meidling <912>",7
45 bis 49 Jahre,2025,"Wien 7.Bezirk, Neubau <907>","Wien 13.Bezirk, Hietzing <913>",4
45 bis 49 Jahre,2025,"Wien 7.Bezirk, Neubau <907>","Wien 14.Bezirk, Penzing <914>",8
45 bis 49 Jahre,2025,"Wien 7.Bezirk, Neubau <907>","Wien 15.Bezirk, Rudolfsheim-Fünfhaus <915>",15
45 bis 49 Jahre,2025,"Wien 7.Bezirk, Neubau <907>","Wien 16.Bezirk, Ottakring <916>",7
45 bis 49 Jahre,2025,"Wien 7.Bezirk, Neubau <907>","Wien 17.Bezirk, Hernals <917>",5
45 bis 49 Jahre,2025,"Wien 7.Bezirk, Neubau <907>","Wien 18.Bezirk, Währing <918>",1
45 bis 49 Jahre,2025,"Wien 7.Bezirk, Neubau <907>","Wien 19.Bezirk, Döbling <919>",2
45 bis 49 Jahre,2025,"Wien 7.Bezirk, Neubau <907>","Wien 20.Bezirk, Brigittenau <920>",2
45 bis 49 Jahre,2025,"Wien 7.Bezirk, Neubau <907>","Wien 21.Bezirk, Floridsdorf <921>",2
45 bis 49 Jahre,2025,"Wien 7.Bezirk, Neubau <907>","Wien 22.Bezirk, Donaustadt <922>",6
45 bis 49 Jahre,2025,"Wien 7.Bezirk, Neubau <907>","Wien 23.Bezirk, Liesing <923>",2
45 bis 49 Jahre,2025,"Wien 8.Bezirk, Josefstadt <908>","Wien 1.Bezirk, Innere Stadt <901>",2
45 bis 49 Jahre,2025,"Wien 8.Bezirk, Josefstadt <908>","Wien 2.Bezirk, Leopoldstadt <902>",9
45 bis 49 Jahre,2025,"Wien 8.Bezirk, Josefstadt <908>","Wien 3.Bezirk, Landstraße <903>",4
45 bis 49 Jahre,2025,"Wien 8.Bezirk, Josefstadt <908>","Wien 4.Bezirk, Wieden <904>",1
45 bis 49 Jahre,2025,"Wien 8.Bezirk, Josefstadt <908>","Wien 5.Bezirk, Margareten <905>",2
45 bis 49 Jahre,2025,"Wien 8.Bezirk, Josefstadt <908>","Wien 6.Bezirk, Mariahilf <906>",5
45 bis 49 Jahre,2025,"Wien 8.Bezirk, Josefstadt <908>","Wien 7.Bezirk, Neubau <907>",12
45 bis 49 Jahre,2025,"Wien 8.Bezirk, Josefstadt <908>","Wien 8.Bezirk, Josefstadt <908>",18
45 bis 49 Jahre,2025,"Wien 8.Bezirk, Josefstadt <908>","Wien 9.Bezirk, Alsergrund <909>",21
45 bis 49 Jahre,2025,"Wien 8.Bezirk, Josefstadt <908>","Wien 10.Bezirk, Favoriten <910>",3
45 bis 49 Jahre,2025,"Wien 8.Bezirk, Josefstadt <908>","Wien 11.Bezirk, Simmering <911>",3
45 bis 49 Jahre,2025,"Wien 8.Bezirk, Josefstadt <908>","Wien 12.Bezirk, Meidling <912>",5
45 bis 49 Jahre,2025,"Wien 8.Bezirk, Josefstadt <908>","Wien 13.Bezirk, Hietzing <913>",1
45 bis 49 Jahre,2025,"Wien 8.Bezirk, Josefstadt <908>","Wien 14.Bezirk, Penzing <914>",6
45 bis 49 Jahre,2025,"Wien 8.Bezirk, Josefstadt <908>","Wien 15.Bezirk, Rudolfsheim-Fünfhaus <915>",5
45 bis 49 Jahre,2025,"Wien 8.Bezirk, Josefstadt <908>","Wien 16.Bezirk, Ottakring <916>",9
45 bis 49 Jahre,2025,"Wien 8.Bezirk, Josefstadt <908>","Wien 17.Bezirk, Hernals <917>",7
45 bis 49 Jahre,2025,"Wien 8.Bezirk, Josefstadt <908>","Wien 18.Bezirk, Währing <918>",2
45 bis 49 Jahre,2025,"Wien 8.Bezirk, Josefstadt <908>","Wien 19.Bezirk, Döbling <919>",4
45 bis 49 Jahre,2025,"Wien 8.Bezirk, Josefstadt <908>","Wien 20.Bezirk, Brigittenau <920>",2
45 bis 49 Jahre,2025,"Wien 8.Bezirk, Josefstadt <908>","Wien 21.Bezirk, Floridsdorf <921>",5
45 bis 49 Jahre,2025,"Wien 8.Bezirk, Josefstadt <908>","Wien 22.Bezirk, Donaustadt <922>",5
45 bis 49 Jahre,2025,"Wien 8.Bezirk, Josefstadt <908>","Wien 23.Bezirk, Liesing <923>",1
45 bis 49 Jahre,2025,"Wien 9.Bezirk, Alsergrund <909>","Wien 1.Bezirk, Innere Stadt <901>",4
45 bis 49 Jahre,2025,"Wien 9.Bezirk, Alsergrund <909>","Wien 2.Bezirk, Leopoldstadt <902>",15
45 bis 49 Jahre,2025,"Wien 9.Bezirk, Alsergrund <909>","Wien 3.Bezirk, Landstraße <903>",12
45 bis 49 Jahre,2025,"Wien 9.Bezirk, Alsergrund <909>","Wien 4.Bezirk, Wieden <904>",6
45 bis 49 Jahre,2025,"Wien 9.Bezirk, Alsergrund <909>","Wien 5.Bezirk, Margareten <905>",3
45 bis 49 Jahre,2025,"Wien 9.Bezirk, Alsergrund <909>","Wien 6.Bezirk, Mariahilf <906>",10
45 bis 49 Jahre,2025,"Wien 9.Bezirk, Alsergrund <909>","Wien 7.Bezirk, Neubau <907>",7
45 bis 49 Jahre,2025,"Wien 9.Bezirk, Alsergrund <909>","Wien 8.Bezirk, Josefstadt <908>",9
45 bis 49 Jahre,2025,"Wien 9.Bezirk, Alsergrund <909>","Wien 9.Bezirk, Alsergrund <909>",39
45 bis 49 Jahre,2025,"Wien 9.Bezirk, Alsergrund <909>","Wien 10.Bezirk, Favoriten <910>",15
45 bis 49 Jahre,2025,"Wien 9.Bezirk, Alsergrund <909>","Wien 11.Bezirk, Simmering <911>",-
45 bis 49 Jahre,2025,"Wien 9.Bezirk, Alsergrund <909>","Wien 12.Bezirk, Meidling <912>",6
45 bis 49 Jahre,2025,"Wien 9.Bezirk, Alsergrund <909>","Wien 13.Bezirk, Hietzing <913>",6
45 bis 49 Jahre,2025,"Wien 9.Bezirk, Alsergrund <909>","Wien 14.Bezirk, Penzing <914>",3
45 bis 49 Jahre,2025,"Wien 9.Bezirk, Alsergrund <909>","Wien 15.Bezirk, Rudolfsheim-Fünfhaus <915>",2
45 bis 49 Jahre,2025,"Wien 9.Bezirk, Alsergrund <909>","Wien 16.Bezirk, Ottakring <916>",10
45 bis 49 Jahre,2025,"Wien 9.Bezirk, Alsergrund <909>","Wien 17.Bezirk, Hernals <917>",6
45 bis 49 Jahre,2025,"Wien 9.Bezirk, Alsergrund <909>","Wien 18.Bezirk, Währing <918>",11
45 bis 49 Jahre,2025,"Wien 9.Bezirk, Alsergrund <909>","Wien 19.Bezirk, Döbling <919>",14
45 bis 49 Jahre,2025,"Wien 9.Bezirk, Alsergrund <909>","Wien 20.Bezirk, Brigittenau <920>",11
45 bis 49 Jahre,2025,"Wien 9.Bezirk, Alsergrund <909>","Wien 21.Bezirk, Floridsdorf <921>",11
45 bis 49 Jahre,2025,"Wien 9.Bezirk, Alsergrund <909>","Wien 22.Bezirk, Donaustadt <922>",11
45 bis 49 Jahre,2025,"Wien 9.Bezirk, Alsergrund <909>","Wien 23.Bezirk, Liesing <923>",5
45 bis 49 Jahre,2025,"Wien 10.Bezirk, Favoriten <910>","Wien 1.Bezirk, Innere Stadt <901>",5
45 bis 49 Jahre,2025,"Wien 10.Bezirk, Favoriten <910>","Wien 2.Bezirk, Leopoldstadt <902>",30
45 bis 49 Jahre,2025,"Wien 10.Bezirk, Favoriten <910>","Wien 3.Bezirk, Landstraße <903>",42
45 bis 49 Jahre,2025,"Wien 10.Bezirk, Favoriten <910>","Wien 4.Bezirk, Wieden <904>",34
45 bis 49 Jahre,2025,"Wien 10.Bezirk, Favoriten <910>","Wien 5.Bezirk, Margareten <905>",23
45 bis 49 Jahre,2025,"Wien 10.Bezirk, Favoriten <910>","Wien 6.Bezirk, Mariahilf <906>",16
45 bis 49 Jahre,2025,"Wien 10.Bezirk, Favoriten <910>","Wien 7.Bezirk, Neubau <907>",8
45 bis 49 Jahre,2025,"Wien 10.Bezirk, Favoriten <910>","Wien 8.Bezirk, Josefstadt <908>",5
45 bis 49 Jahre,2025,"Wien 10.Bezirk, Favoriten <910>","Wien 9.Bezirk, Alsergrund <909>",6
45 bis 49 Jahre,2025,"Wien 10.Bezirk, Favoriten <910>","Wien 10.Bezirk, Favoriten <910>",419
45 bis 49 Jahre,2025,"Wien 10.Bezirk, Favoriten <910>","Wien 11.Bezirk, Simmering <911>",64
45 bis 49 Jahre,2025,"Wien 10.Bezirk, Favoriten <910>","Wien 12.Bezirk, Meidling <912>",56
45 bis 49 Jahre,2025,"Wien 10.Bezirk, Favoriten <910>","Wien 13.Bezirk, Hietzing <913>",12
45 bis 49 Jahre,2025,"Wien 10.Bezirk, Favoriten <910>","Wien 14.Bezirk, Penzing <914>",14
45 bis 49 Jahre,2025,"Wien 10.Bezirk, Favoriten <910>","Wien 15.Bezirk, Rudolfsheim-Fünfhaus <915>",31
45 bis 49 Jahre,2025,"Wien 10.Bezirk, Favoriten <910>","Wien 16.Bezirk, Ottakring <916>",40
45 bis 49 Jahre,2025,"Wien 10.Bezirk, Favoriten <910>","Wien 17.Bezirk, Hernals <917>",19
45 bis 49 Jahre,2025,"Wien 10.Bezirk, Favoriten <910>","Wien 18.Bezirk, Währing <918>",10
45 bis 49 Jahre,2025,"Wien 10.Bezirk, Favoriten <910>","Wien 19.Bezirk, Döbling <919>",14
45 bis 49 Jahre,2025,"Wien 10.Bezirk, Favoriten <910>","Wien 20.Bezirk, Brigittenau <920>",21
45 bis 49 Jahre,2025,"Wien 10.Bezirk, Favoriten <910>","Wien 21.Bezirk, Floridsdorf <921>",62
45 bis 49 Jahre,2025,"Wien 10.Bezirk, Favoriten <910>","Wien 22.Bezirk, Donaustadt <922>",93
45 bis 49 Jahre,2025,"Wien 10.Bezirk, Favoriten <910>","Wien 23.Bezirk, Liesing <923>",43
45 bis 49 Jahre,2025,"Wien 11.Bezirk, Simmering <911>","Wien 1.Bezirk, Innere Stadt <901>",2
45 bis 49 Jahre,2025,"Wien 11.Bezirk, Simmering <911>","Wien 2.Bezirk, Leopoldstadt <902>",8
45 bis 49 Jahre,2025,"Wien 11.Bezirk, Simmering <911>","Wien 3.Bezirk, Landstraße <903>",16
45 bis 49 Jahre,2025,"Wien 11.Bezirk, Simmering <911>","Wien 4.Bezirk, Wieden <904>",11
45 bis 49 Jahre,2025,"Wien 11.Bezirk, Simmering <911>","Wien 5.Bezirk, Margareten <905>",12
45 bis 49 Jahre,2025,"Wien 11.Bezirk, Simmering <911>","Wien 6.Bezirk, Mariahilf <906>",2
45 bis 49 Jahre,2025,"Wien 11.Bezirk, Simmering <911>","Wien 7.Bezirk, Neubau <907>",1
45 bis 49 Jahre,2025,"Wien 11.Bezirk, Simmering <911>","Wien 8.Bezirk, Josefstadt <908>",2
45 bis 49 Jahre,2025,"Wien 11.Bezirk, Simmering <911>","Wien 9.Bezirk, Alsergrund <909>",4
45 bis 49 Jahre,2025,"Wien 11.Bezirk, Simmering <911>","Wien 10.Bezirk, Favoriten <910>",53
45 bis 49 Jahre,2025,"Wien 11.Bezirk, Simmering <911>","Wien 11.Bezirk, Simmering <911>",128
45 bis 49 Jahre,2025,"Wien 11.Bezirk, Simmering <911>","Wien 12.Bezirk, Meidling <912>",12
45 bis 49 Jahre,2025,"Wien 11.Bezirk, Simmering <911>","Wien 13.Bezirk, Hietzing <913>",4
45 bis 49 Jahre,2025,"Wien 11.Bezirk, Simmering <911>","Wien 14.Bezirk, Penzing <914>",5
45 bis 49 Jahre,2025,"Wien 11.Bezirk, Simmering <911>","Wien 15.Bezirk, Rudolfsheim-Fünfhaus <915>",7
45 bis 49 Jahre,2025,"Wien 11.Bezirk, Simmering <911>","Wien 16.Bezirk, Ottakring <916>",9
45 bis 49 Jahre,2025,"Wien 11.Bezirk, Simmering <911>","Wien 17.Bezirk, Hernals <917>",7
45 bis 49 Jahre,2025,"Wien 11.Bezirk, Simmering <911>","Wien 18.Bezirk, Währing <918>",1
45 bis 49 Jahre,2025,"Wien 11.Bezirk, Simmering <911>","Wien 19.Bezirk, Döbling <919>",6
45 bis 49 Jahre,2025,"Wien 11.Bezirk, Simmering <911>","Wien 20.Bezirk, Brigittenau <920>",9
45 bis 49 Jahre,2025,"Wien 11.Bezirk, Simmering <911>","Wien 21.Bezirk, Floridsdorf <921>",20
45 bis 49 Jahre,2025,"Wien 11.Bezirk, Simmering <911>","Wien 22.Bezirk, Donaustadt <922>",39
45 bis 49 Jahre,2025,"Wien 11.Bezirk, Simmering <911>","Wien 23.Bezirk, Liesing <923>",16
45 bis 49 Jahre,2025,"Wien 12.Bezirk, Meidling <912>","Wien 1.Bezirk, Innere Stadt <901>",3
45 bis 49 Jahre,2025,"Wien 12.Bezirk, Meidling <912>","Wien 2.Bezirk, Leopoldstadt <902>",15
45 bis 49 Jahre,2025,"Wien 12.Bezirk, Meidling <912>","Wien 3.Bezirk, Landstraße <903>",19
45 bis 49 Jahre,2025,"Wien 12.Bezirk, Meidling <912>","Wien 4.Bezirk, Wieden <904>",14
45 bis 49 Jahre,2025,"Wien 12.Bezirk, Meidling <912>","Wien 5.Bezirk, Margareten <905>",18
45 bis 49 Jahre,2025,"Wien 12.Bezirk, Meidling <912>","Wien 6.Bezirk, Mariahilf <906>",11
45 bis 49 Jahre,2025,"Wien 12.Bezirk, Meidling <912>","Wien 7.Bezirk, Neubau <907>",4
45 bis 49 Jahre,2025,"Wien 12.Bezirk, Meidling <912>","Wien 8.Bezirk, Josefstadt <908>",3
45 bis 49 Jahre,2025,"Wien 12.Bezirk, Meidling <912>","Wien 9.Bezirk, Alsergrund <909>",6
45 bis 49 Jahre,2025,"Wien 12.Bezirk, Meidling <912>","Wien 10.Bezirk, Favoriten <910>",61
45 bis 49 Jahre,2025,"Wien 12.Bezirk, Meidling <912>","Wien 11.Bezirk, Simmering <911>",16
45 bis 49 Jahre,2025,"Wien 12.Bezirk, Meidling <912>","Wien 12.Bezirk, Meidling <912>",119
45 bis 49 Jahre,2025,"Wien 12.Bezirk, Meidling <912>","Wien 13.Bezirk, Hietzing <913>",19
45 bis 49 Jahre,2025,"Wien 12.Bezirk, Meidling <912>","Wien 14.Bezirk, Penzing <914>",12
45 bis 49 Jahre,2025,"Wien 12.Bezirk, Meidling <912>","Wien 15.Bezirk, Rudolfsheim-Fünfhaus <915>",25
45 bis 49 Jahre,2025,"Wien 12.Bezirk, Meidling <912>","Wien 16.Bezirk, Ottakring <916>",24
45 bis 49 Jahre,2025,"Wien 12.Bezirk, Meidling <912>","Wien 17.Bezirk, Hernals <917>",13
45 bis 49 Jahre,2025,"Wien 12.Bezirk, Meidling <912>","Wien 18.Bezirk, Währing <918>",1
45 bis 49 Jahre,2025,"Wien 12.Bezirk, Meidling <912>","Wien 19.Bezirk, Döbling <919>",5
45 bis 49 Jahre,2025,"Wien 12.Bezirk, Meidling <912>","Wien 20.Bezirk, Brigittenau <920>",18
45 bis 49 Jahre,2025,"Wien 12.Bezirk, Meidling <912>","Wien 21.Bezirk, Floridsdorf <921>",26
45 bis 49 Jahre,2025,"Wien 12.Bezirk, Meidling <912>","Wien 22.Bezirk, Donaustadt <922>",24
45 bis 49 Jahre,2025,"Wien 12.Bezirk, Meidling <912>","Wien 23.Bezirk, Liesing <923>",51
45 bis 49 Jahre,2025,"Wien 13.Bezirk, Hietzing <913>","Wien 1.Bezirk, Innere Stadt <901>",1
45 bis 49 Jahre,2025,"Wien 13.Bezirk, Hietzing <913>","Wien 2.Bezirk, Leopoldstadt <902>",3
45 bis 49 Jahre,2025,"Wien 13.Bezirk, Hietzing <913>","Wien 3.Bezirk, Landstraße <903>",6
45 bis 49 Jahre,2025,"Wien 13.Bezirk, Hietzing <913>","Wien 4.Bezirk, Wieden <904>",3
45 bis 49 Jahre,2025,"Wien 13.Bezirk, Hietzing <913>","Wien 5.Bezirk, Margareten <905>",2
45 bis 49 Jahre,2025,"Wien 13.Bezirk, Hietzing <913>","Wien 6.Bezirk, Mariahilf <906>",3
45 bis 49 Jahre,2025,"Wien 13.Bezirk, Hietzing <913>","Wien 7.Bezirk, Neubau <907>",2
45 bis 49 Jahre,2025,"Wien 13.Bezirk, Hietzing <913>","Wien 8.Bezirk, Josefstadt <908>",2
45 bis 49 Jahre,2025,"Wien 13.Bezirk, Hietzing <913>","Wien 9.Bezirk, Alsergrund <909>",4
45 bis 49 Jahre,2025,"Wien 13.Bezirk, Hietzing <913>","Wien 10.Bezirk, Favoriten <910>",15
45 bis 49 Jahre,2025,"Wien 13.Bezirk, Hietzing <913>","Wien 11.Bezirk, Simmering <911>",3
45 bis 49 Jahre,2025,"Wien 13.Bezirk, Hietzing <913>","Wien 12.Bezirk, Meidling <912>",15
45 bis 49 Jahre,2025,"Wien 13.Bezirk, Hietzing <913>","Wien 13.Bezirk, Hietzing <913>",56
45 bis 49 Jahre,2025,"Wien 13.Bezirk, Hietzing <913>","Wien 14.Bezirk, Penzing <914>",22
45 bis 49 Jahre,2025,"Wien 13.Bezirk, Hietzing <913>","Wien 15.Bezirk, Rudolfsheim-Fünfhaus <915>",3
45 bis 49 Jahre,2025,"Wien 13.Bezirk, Hietzing <913>","Wien 16.Bezirk, Ottakring <916>",8
45 bis 49 Jahre,2025,"Wien 13.Bezirk, Hietzing <913>","Wien 17.Bezirk, Hernals <917>",3
45 bis 49 Jahre,2025,"Wien 13.Bezirk, Hietzing <913>","Wien 18.Bezirk, Währing <918>",3
45 bis 49 Jahre,2025,"Wien 13.Bezirk, Hietzing <913>","Wien 19.Bezirk, Döbling <919>",4
45 bis 49 Jahre,2025,"Wien 13.Bezirk, Hietzing <913>","Wien 20.Bezirk, Brigittenau <920>",4
45 bis 49 Jahre,2025,"Wien 13.Bezirk, Hietzing <913>","Wien 21.Bezirk, Floridsdorf <921>",6
45 bis 49 Jahre,2025,"Wien 13.Bezirk, Hietzing <913>","Wien 22.Bezirk, Donaustadt <922>",11
45 bis 49 Jahre,2025,"Wien 13.Bezirk, Hietzing <913>","Wien 23.Bezirk, Liesing <923>",20
45 bis 49 Jahre,2025,"Wien 14.Bezirk, Penzing <914>","Wien 1.Bezirk, Innere Stadt <901>",1
45 bis 49 Jahre,2025,"Wien 14.Bezirk, Penzing <914>","Wien 2.Bezirk, Leopoldstadt <902>",9
45 bis 49 Jahre,2025,"Wien 14.Bezirk, Penzing <914>","Wien 3.Bezirk, Landstraße <903>",9
45 bis 49 Jahre,2025,"Wien 14.Bezirk, Penzing <914>","Wien 4.Bezirk, Wieden <904>",14
45 bis 49 Jahre,2025,"Wien 14.Bezirk, Penzing <914>","Wien 5.Bezirk, Margareten <905>",18
45 bis 49 Jahre,2025,"Wien 14.Bezirk, Penzing <914>","Wien 6.Bezirk, Mariahilf <906>",8
45 bis 49 Jahre,2025,"Wien 14.Bezirk, Penzing <914>","Wien 7.Bezirk, Neubau <907>",3
45 bis 49 Jahre,2025,"Wien 14.Bezirk, Penzing <914>","Wien 8.Bezirk, Josefstadt <908>",-
45 bis 49 Jahre,2025,"Wien 14.Bezirk, Penzing <914>","Wien 9.Bezirk, Alsergrund <909>",3
45 bis 49 Jahre,2025,"Wien 14.Bezirk, Penzing <914>","Wien 10.Bezirk, Favoriten <910>",26
45 bis 49 Jahre,2025,"Wien 14.Bezirk, Penzing <914>","Wien 11.Bezirk, Simmering <911>",10
45 bis 49 Jahre,2025,"Wien 14.Bezirk, Penzing <914>","Wien 12.Bezirk, Meidling <912>",18
45 bis 49 Jahre,2025,"Wien 14.Bezirk, Penzing <914>","Wien 13.Bezirk, Hietzing <913>",19
45 bis 49 Jahre,2025,"Wien 14.Bezirk, Penzing <914>","Wien 14.Bezirk, Penzing <914>",109
45 bis 49 Jahre,2025,"Wien 14.Bezirk, Penzing <914>","Wien 15.Bezirk, Rudolfsheim-Fünfhaus <915>",23
45 bis 49 Jahre,2025,"Wien 14.Bezirk, Penzing <914>","Wien 16.Bezirk, Ottakring <916>",29
45 bis 49 Jahre,2025,"Wien 14.Bezirk, Penzing <914>","Wien 17.Bezirk, Hernals <917>",8
45 bis 49 Jahre,2025,"Wien 14.Bezirk, Penzing <914>","Wien 18.Bezirk, Währing <918>",8
45 bis 49 Jahre,2025,"Wien 14.Bezirk, Penzing <914>","Wien 19.Bezirk, Döbling <919>",5
45 bis 49 Jahre,2025,"Wien 14.Bezirk, Penzing <914>","Wien 20.Bezirk, Brigittenau <920>",9
45 bis 49 Jahre,2025,"Wien 14.Bezirk, Penzing <914>","Wien 21.Bezirk, Floridsdorf <921>",14
45 bis 49 Jahre,2025,"Wien 14.Bezirk, Penzing <914>","Wien 22.Bezirk, Donaustadt <922>",18
45 bis 49 Jahre,2025,"Wien 14.Bezirk, Penzing <914>","Wien 23.Bezirk, Liesing <923>",22
45 bis 49 Jahre,2025,"Wien 15.Bezirk, Rudolfsheim-Fünfhaus <915>","Wien 1.Bezirk, Innere Stadt <901>",2
45 bis 49 Jahre,2025,"Wien 15.Bezirk, Rudolfsheim-Fünfhaus <915>","Wien 2.Bezirk, Leopoldstadt <902>",17
45 bis 49 Jahre,2025,"Wien 15.Bezirk, Rudolfsheim-Fünfhaus <915>","Wien 3.Bezirk, Landstraße <903>",17
45 bis 49 Jahre,2025,"Wien 15.Bezirk, Rudolfsheim-Fünfhaus <915>","Wien 4.Bezirk, Wieden <904>",11
45 bis 49 Jahre,2025,"Wien 15.Bezirk, Rudolfsheim-Fünfhaus <915>","Wien 5.Bezirk, Margareten <905>",4
45 bis 49 Jahre,2025,"Wien 15.Bezirk, Rudolfsheim-Fünfhaus <915>","Wien 6.Bezirk, Mariahilf <906>",8
45 bis 49 Jahre,2025,"Wien 15.Bezirk, Rudolfsheim-Fünfhaus <915>","Wien 7.Bezirk, Neubau <907>",11
45 bis 49 Jahre,2025,"Wien 15.Bezirk, Rudolfsheim-Fünfhaus <915>","Wien 8.Bezirk, Josefstadt <908>",1
45 bis 49 Jahre,2025,"Wien 15.Bezirk, Rudolfsheim-Fünfhaus <915>","Wien 9.Bezirk, Alsergrund <909>",14
45 bis 49 Jahre,2025,"Wien 15.Bezirk, Rudolfsheim-Fünfhaus <915>","Wien 10.Bezirk, Favoriten <910>",38
45 bis 49 Jahre,2025,"Wien 15.Bezirk, Rudolfsheim-Fünfhaus <915>","Wien 11.Bezirk, Simmering <911>",11
45 bis 49 Jahre,2025,"Wien 15.Bezirk, Rudolfsheim-Fünfhaus <915>","Wien 12.Bezirk, Meidling <912>",26
45 bis 49 Jahre,2025,"Wien 15.Bezirk, Rudolfsheim-Fünfhaus <915>","Wien 13.Bezirk, Hietzing <913>",10
45 bis 49 Jahre,2025,"Wien 15.Bezirk, Rudolfsheim-Fünfhaus <915>","Wien 14.Bezirk, Penzing <914>",48
45 bis 49 Jahre,2025,"Wien 15.Bezirk, Rudolfsheim-Fünfhaus <915>","Wien 15.Bezirk, Rudolfsheim-Fünfhaus <915>",80
45 bis 49 Jahre,2025,"Wien 15.Bezirk, Rudolfsheim-Fünfhaus <915>","Wien 16.Bezirk, Ottakring <916>",32
45 bis 49 Jahre,2025,"Wien 15.Bezirk, Rudolfsheim-Fünfhaus <915>","Wien 17.Bezirk, Hernals <917>",8
45 bis 49 Jahre,2025,"Wien 15.Bezirk, Rudolfsheim-Fünfhaus <915>","Wien 18.Bezirk, Währing <918>",12
45 bis 49 Jahre,2025,"Wien 15.Bezirk, Rudolfsheim-Fünfhaus <915>","Wien 19.Bezirk, Döbling <919>",8
45 bis 49 Jahre,2025,"Wien 15.Bezirk, Rudolfsheim-Fünfhaus <915>","Wien 20.Bezirk, Brigittenau <920>",21
45 bis 49 Jahre,2025,"Wien 15.Bezirk, Rudolfsheim-Fünfhaus <915>","Wien 21.Bezirk, Floridsdorf <921>",13
45 bis 49 Jahre,2025,"Wien 15.Bezirk, Rudolfsheim-Fünfhaus <915>","Wien 22.Bezirk, Donaustadt <922>",17
45 bis 49 Jahre,2025,"Wien 15.Bezirk, Rudolfsheim-Fünfhaus <915>","Wien 23.Bezirk, Liesing <923>",14
45 bis 49 Jahre,2025,"Wien 16.Bezirk, Ottakring <916>","Wien 1.Bezirk, Innere Stadt <901>",1
45 bis 49 Jahre,2025,"Wien 16.Bezirk, Ottakring <916>","Wien 2.Bezirk, Leopoldstadt <902>",22
45 bis 49 Jahre,2025,"Wien 16.Bezirk, Ottakring <916>","Wien 3.Bezirk, Landstraße <903>",13
45 bis 49 Jahre,2025,"Wien 16.Bezirk, Ottakring <916>","Wien 4.Bezirk, Wieden <904>",9
45 bis 49 Jahre,2025,"Wien 16.Bezirk, Ottakring <916>","Wien 5.Bezirk, Margareten <905>",15
45 bis 49 Jahre,2025,"Wien 16.Bezirk, Ottakring <916>","Wien 6.Bezirk, Mariahilf <906>",4
45 bis 49 Jahre,2025,"Wien 16.Bezirk, Ottakring <916>","Wien 7.Bezirk, Neubau <907>",8
45 bis 49 Jahre,2025,"Wien 16.Bezirk, Ottakring <916>","Wien 8.Bezirk, Josefstadt <908>",8
45 bis 49 Jahre,2025,"Wien 16.Bezirk, Ottakring <916>","Wien 9.Bezirk, Alsergrund <909>",9
45 bis 49 Jahre,2025,"Wien 16.Bezirk, Ottakring <916>","Wien 10.Bezirk, Favoriten <910>",40
45 bis 49 Jahre,2025,"Wien 16.Bezirk, Ottakring <916>","Wien 11.Bezirk, Simmering <911>",13
45 bis 49 Jahre,2025,"Wien 16.Bezirk, Ottakring <916>","Wien 12.Bezirk, Meidling <912>",18
45 bis 49 Jahre,2025,"Wien 16.Bezirk, Ottakring <916>","Wien 13.Bezirk, Hietzing <913>",8
45 bis 49 Jahre,2025,"Wien 16.Bezirk, Ottakring <916>","Wien 14.Bezirk, Penzing <914>",36
45 bis 49 Jahre,2025,"Wien 16.Bezirk, Ottakring <916>","Wien 15.Bezirk, Rudolfsheim-Fünfhaus <915>",25
45 bis 49 Jahre,2025,"Wien 16.Bezirk, Ottakring <916>","Wien 16.Bezirk, Ottakring <916>",122
45 bis 49 Jahre,2025,"Wien 16.Bezirk, Ottakring <916>","Wien 17.Bezirk, Hernals <917>",36
45 bis 49 Jahre,2025,"Wien 16.Bezirk, Ottakring <916>","Wien 18.Bezirk, Währing <918>",13
45 bis 49 Jahre,2025,"Wien 16.Bezirk, Ottakring <916>","Wien 19.Bezirk, Döbling <919>",14
45 bis 49 Jahre,2025,"Wien 16.Bezirk, Ottakring <916>","Wien 20.Bezirk, Brigittenau <920>",26
45 bis 49 Jahre,2025,"Wien 16.Bezirk, Ottakring <916>","Wien 21.Bezirk, Floridsdorf <921>",34
45 bis 49 Jahre,2025,"Wien 16.Bezirk, Ottakring <916>","Wien 22.Bezirk, Donaustadt <922>",32
45 bis 49 Jahre,2025,"Wien 16.Bezirk, Ottakring <916>","Wien 23.Bezirk, Liesing <923>",14
45 bis 49 Jahre,2025,"Wien 17.Bezirk, Hernals <917>","Wien 1.Bezirk, Innere Stadt <901>",1
45 bis 49 Jahre,2025,"Wien 17.Bezirk, Hernals <917>","Wien 2.Bezirk, Leopoldstadt <902>",10
45 bis 49 Jahre,2025,"Wien 17.Bezirk, Hernals <917>","Wien 3.Bezirk, Landstraße <903>",9
45 bis 49 Jahre,2025,"Wien 17.Bezirk, Hernals <917>","Wien 4.Bezirk, Wieden <904>",9
45 bis 49 Jahre,2025,"Wien 17.Bezirk, Hernals <917>","Wien 5.Bezirk, Margareten <905>",6
45 bis 49 Jahre,2025,"Wien 17.Bezirk, Hernals <917>","Wien 6.Bezirk, Mariahilf <906>",3
45 bis 49 Jahre,2025,"Wien 17.Bezirk, Hernals <917>","Wien 7.Bezirk, Neubau <907>",4
45 bis 49 Jahre,2025,"Wien 17.Bezirk, Hernals <917>","Wien 8.Bezirk, Josefstadt <908>",3
45 bis 49 Jahre,2025,"Wien 17.Bezirk, Hernals <917>","Wien 9.Bezirk, Alsergrund <909>",10
45 bis 49 Jahre,2025,"Wien 17.Bezirk, Hernals <917>","Wien 10.Bezirk, Favoriten <910>",18
45 bis 49 Jahre,2025,"Wien 17.Bezirk, Hernals <917>","Wien 11.Bezirk, Simmering <911>",6
45 bis 49 Jahre,2025,"Wien 17.Bezirk, Hernals <917>","Wien 12.Bezirk, Meidling <912>",8
45 bis 49 Jahre,2025,"Wien 17.Bezirk, Hernals <917>","Wien 13.Bezirk, Hietzing <913>",2
45 bis 49 Jahre,2025,"Wien 17.Bezirk, Hernals <917>","Wien 14.Bezirk, Penzing <914>",13
45 bis 49 Jahre,2025,"Wien 17.Bezirk, Hernals <917>","Wien 15.Bezirk, Rudolfsheim-Fünfhaus <915>",23
45 bis 49 Jahre,2025,"Wien 17.Bezirk, Hernals <917>","Wien 16.Bezirk, Ottakring <916>",38
45 bis 49 Jahre,2025,"Wien 17.Bezirk, Hernals <917>","Wien 17.Bezirk, Hernals <917>",46
45 bis 49 Jahre,2025,"Wien 17.Bezirk, Hernals <917>","Wien 18.Bezirk, Währing <918>",8
45 bis 49 Jahre,2025,"Wien 17.Bezirk, Hernals <917>","Wien 19.Bezirk, Döbling <919>",11
45 bis 49 Jahre,2025,"Wien 17.Bezirk, Hernals <917>","Wien 20.Bezirk, Brigittenau <920>",14
45 bis 49 Jahre,2025,"Wien 17.Bezirk, Hernals <917>","Wien 21.Bezirk, Floridsdorf <921>",20
45 bis 49 Jahre,2025,"Wien 17.Bezirk, Hernals <917>","Wien 22.Bezirk, Donaustadt <922>",9
45 bis 49 Jahre,2025,"Wien 17.Bezirk, Hernals <917>","Wien 23.Bezirk, Liesing <923>",5
45 bis 49 Jahre,2025,"Wien 18.Bezirk, Währing <918>","Wien 1.Bezirk, Innere Stadt <901>",6
45 bis 49 Jahre,2025,"Wien 18.Bezirk, Währing <918>","Wien 2.Bezirk, Leopoldstadt <902>",1
45 bis 49 Jahre,2025,"Wien 18.Bezirk, Währing <918>","Wien 3.Bezirk, Landstraße <903>",3
45 bis 49 Jahre,2025,"Wien 18.Bezirk, Währing <918>","Wien 4.Bezirk, Wieden <904>",4
45 bis 49 Jahre,2025,"Wien 18.Bezirk, Währing <918>","Wien 5.Bezirk, Margareten <905>",3
45 bis 49 Jahre,2025,"Wien 18.Bezirk, Währing <918>","Wien 6.Bezirk, Mariahilf <906>",6
45 bis 49 Jahre,2025,"Wien 18.Bezirk, Währing <918>","Wien 7.Bezirk, Neubau <907>",3
45 bis 49 Jahre,2025,"Wien 18.Bezirk, Währing <918>","Wien 8.Bezirk, Josefstadt <908>",4
45 bis 49 Jahre,2025,"Wien 18.Bezirk, Währing <918>","Wien 9.Bezirk, Alsergrund <909>",5
45 bis 49 Jahre,2025,"Wien 18.Bezirk, Währing <918>","Wien 10.Bezirk, Favoriten <910>",11
45 bis 49 Jahre,2025,"Wien 18.Bezirk, Währing <918>","Wien 11.Bezirk, Simmering <911>",5
45 bis 49 Jahre,2025,"Wien 18.Bezirk, Währing <918>","Wien 12.Bezirk, Meidling <912>",5
45 bis 49 Jahre,2025,"Wien 18.Bezirk, Währing <918>","Wien 13.Bezirk, Hietzing <913>",5
45 bis 49 Jahre,2025,"Wien 18.Bezirk, Währing <918>","Wien 14.Bezirk, Penzing <914>",2
45 bis 49 Jahre,2025,"Wien 18.Bezirk, Währing <918>","Wien 15.Bezirk, Rudolfsheim-Fünfhaus <915>",8
45 bis 49 Jahre,2025,"Wien 18.Bezirk, Währing <918>","Wien 16.Bezirk, Ottakring <916>",7
45 bis 49 Jahre,2025,"Wien 18.Bezirk, Währing <918>","Wien 17.Bezirk, Hernals <917>",19
45 bis 49 Jahre,2025,"Wien 18.Bezirk, Währing <918>","Wien 18.Bezirk, Währing <918>",72
45 bis 49 Jahre,2025,"Wien 18.Bezirk, Währing <918>","Wien 19.Bezirk, Döbling <919>",36
45 bis 49 Jahre,2025,"Wien 18.Bezirk, Währing <918>","Wien 20.Bezirk, Brigittenau <920>",5
45 bis 49 Jahre,2025,"Wien 18.Bezirk, Währing <918>","Wien 21.Bezirk, Floridsdorf <921>",7
45 bis 49 Jahre,2025,"Wien 18.Bezirk, Währing <918>","Wien 22.Bezirk, Donaustadt <922>",6
45 bis 49 Jahre,2025,"Wien 18.Bezirk, Währing <918>","Wien 23.Bezirk, Liesing <923>",5
45 bis 49 Jahre,2025,"Wien 19.Bezirk, Döbling <919>","Wien 1.Bezirk, Innere Stadt <901>",3
45 bis 49 Jahre,2025,"Wien 19.Bezirk, Döbling <919>","Wien 2.Bezirk, Leopoldstadt <902>",8
45 bis 49 Jahre,2025,"Wien 19.Bezirk, Döbling <919>","Wien 3.Bezirk, Landstraße <903>",11
45 bis 49 Jahre,2025,"Wien 19.Bezirk, Döbling <919>","Wien 4.Bezirk, Wieden <904>",1
45 bis 49 Jahre,2025,"Wien 19.Bezirk, Döbling <919>","Wien 5.Bezirk, Margareten <905>",5
45 bis 49 Jahre,2025,"Wien 19.Bezirk, Döbling <919>","Wien 6.Bezirk, Mariahilf <906>",1
45 bis 49 Jahre,2025,"Wien 19.Bezirk, Döbling <919>","Wien 7.Bezirk, Neubau <907>",2
45 bis 49 Jahre,2025,"Wien 19.Bezirk, Döbling <919>","Wien 8.Bezirk, Josefstadt <908>",2
45 bis 49 Jahre,2025,"Wien 19.Bezirk, Döbling <919>","Wien 9.Bezirk, Alsergrund <909>",8
45 bis 49 Jahre,2025,"Wien 19.Bezirk, Döbling <919>","Wien 10.Bezirk, Favoriten <910>",17
45 bis 49 Jahre,2025,"Wien 19.Bezirk, Döbling <919>","Wien 11.Bezirk, Simmering <911>",2
45 bis 49 Jahre,2025,"Wien 19.Bezirk, Döbling <919>","Wien 12.Bezirk, Meidling <912>",6
45 bis 49 Jahre,2025,"Wien 19.Bezirk, Döbling <919>","Wien 13.Bezirk, Hietzing <913>",9
45 bis 49 Jahre,2025,"Wien 19.Bezirk, Döbling <919>","Wien 14.Bezirk, Penzing <914>",3
45 bis 49 Jahre,2025,"Wien 19.Bezirk, Döbling <919>","Wien 15.Bezirk, Rudolfsheim-Fünfhaus <915>",7
45 bis 49 Jahre,2025,"Wien 19.Bezirk, Döbling <919>","Wien 16.Bezirk, Ottakring <916>",7
45 bis 49 Jahre,2025,"Wien 19.Bezirk, Döbling <919>","Wien 17.Bezirk, Hernals <917>",10
45 bis 49 Jahre,2025,"Wien 19.Bezirk, Döbling <919>","Wien 18.Bezirk, Währing <918>",23
45 bis 49 Jahre,2025,"Wien 19.Bezirk, Döbling <919>","Wien 19.Bezirk, Döbling <919>",119
45 bis 49 Jahre,2025,"Wien 19.Bezirk, Döbling <919>","Wien 20.Bezirk, Brigittenau <920>",7
45 bis 49 Jahre,2025,"Wien 19.Bezirk, Döbling <919>","Wien 21.Bezirk, Floridsdorf <921>",22
45 bis 49 Jahre,2025,"Wien 19.Bezirk, Döbling <919>","Wien 22.Bezirk, Donaustadt <922>",12
45 bis 49 Jahre,2025,"Wien 19.Bezirk, Döbling <919>","Wien 23.Bezirk, Liesing <923>",2
45 bis 49 Jahre,2025,"Wien 20.Bezirk, Brigittenau <920>","Wien 1.Bezirk, Innere Stadt <901>",-
45 bis 49 Jahre,2025,"Wien 20.Bezirk, Brigittenau <920>","Wien 2.Bezirk, Leopoldstadt <902>",27
45 bis 49 Jahre,2025,"Wien 20.Bezirk, Brigittenau <920>","Wien 3.Bezirk, Landstraße <903>",18
45 bis 49 Jahre,2025,"Wien 20.Bezirk, Brigittenau <920>","Wien 4.Bezirk, Wieden <904>",7
45 bis 49 Jahre,2025,"Wien 20.Bezirk, Brigittenau <920>","Wien 5.Bezirk, Margareten <905>",9
45 bis 49 Jahre,2025,"Wien 20.Bezirk, Brigittenau <920>","Wien 6.Bezirk, Mariahilf <906>",3
45 bis 49 Jahre,2025,"Wien 20.Bezirk, Brigittenau <920>","Wien 7.Bezirk, Neubau <907>",1
45 bis 49 Jahre,2025,"Wien 20.Bezirk, Brigittenau <920>","Wien 8.Bezirk, Josefstadt <908>",3
45 bis 49 Jahre,2025,"Wien 20.Bezirk, Brigittenau <920>","Wien 9.Bezirk, Alsergrund <909>",11
45 bis 49 Jahre,2025,"Wien 20.Bezirk, Brigittenau <920>","Wien 10.Bezirk, Favoriten <910>",34
45 bis 49 Jahre,2025,"Wien 20.Bezirk, Brigittenau <920>","Wien 11.Bezirk, Simmering <911>",7
45 bis 49 Jahre,2025,"Wien 20.Bezirk, Brigittenau <920>","Wien 12.Bezirk, Meidling <912>",11
45 bis 49 Jahre,2025,"Wien 20.Bezirk, Brigittenau <920>","Wien 13.Bezirk, Hietzing <913>",4
45 bis 49 Jahre,2025,"Wien 20.Bezirk, Brigittenau <920>","Wien 14.Bezirk, Penzing <914>",10
45 bis 49 Jahre,2025,"Wien 20.Bezirk, Brigittenau <920>","Wien 15.Bezirk, Rudolfsheim-Fünfhaus <915>",16
45 bis 49 Jahre,2025,"Wien 20.Bezirk, Brigittenau <920>","Wien 16.Bezirk, Ottakring <916>",17
45 bis 49 Jahre,2025,"Wien 20.Bezirk, Brigittenau <920>","Wien 17.Bezirk, Hernals <917>",14
45 bis 49 Jahre,2025,"Wien 20.Bezirk, Brigittenau <920>","Wien 18.Bezirk, Währing <918>",5
45 bis 49 Jahre,2025,"Wien 20.Bezirk, Brigittenau <920>","Wien 19.Bezirk, Döbling <919>",16
45 bis 49 Jahre,2025,"Wien 20.Bezirk, Brigittenau <920>","Wien 20.Bezirk, Brigittenau <920>",98
45 bis 49 Jahre,2025,"Wien 20.Bezirk, Brigittenau <920>","Wien 21.Bezirk, Floridsdorf <921>",40
45 bis 49 Jahre,2025,"Wien 20.Bezirk, Brigittenau <920>","Wien 22.Bezirk, Donaustadt <922>",33
45 bis 49 Jahre,2025,"Wien 20.Bezirk, Brigittenau <920>","Wien 23.Bezirk, Liesing <923>",7
45 bis 49 Jahre,2025,"Wien 21.Bezirk, Floridsdorf <921>","Wien 1.Bezirk, Innere Stadt <901>",-
45 bis 49 Jahre,2025,"Wien 21.Bezirk, Floridsdorf <921>","Wien 2.Bezirk, Leopoldstadt <902>",20
45 bis 49 Jahre,2025,"Wien 21.Bezirk, Floridsdorf <921>","Wien 3.Bezirk, Landstraße <903>",18
45 bis 49 Jahre,2025,"Wien 21.Bezirk, Floridsdorf <921>","Wien 4.Bezirk, Wieden <904>",12
45 bis 49 Jahre,2025,"Wien 21.Bezirk, Floridsdorf <921>","Wien 5.Bezirk, Margareten <905>",8
45 bis 49 Jahre,2025,"Wien 21.Bezirk, Floridsdorf <921>","Wien 6.Bezirk, Mariahilf <906>",7
45 bis 49 Jahre,2025,"Wien 21.Bezirk, Floridsdorf <921>","Wien 7.Bezirk, Neubau <907>",1
45 bis 49 Jahre,2025,"Wien 21.Bezirk, Floridsdorf <921>","Wien 8.Bezirk, Josefstadt <908>",3
45 bis 49 Jahre,2025,"Wien 21.Bezirk, Floridsdorf <921>","Wien 9.Bezirk, Alsergrund <909>",5
45 bis 49 Jahre,2025,"Wien 21.Bezirk, Floridsdorf <921>","Wien 10.Bezirk, Favoriten <910>",37
45 bis 49 Jahre,2025,"Wien 21.Bezirk, Floridsdorf <921>","Wien 11.Bezirk, Simmering <911>",9
45 bis 49 Jahre,2025,"Wien 21.Bezirk, Floridsdorf <921>","Wien 12.Bezirk, Meidling <912>",15
45 bis 49 Jahre,2025,"Wien 21.Bezirk, Floridsdorf <921>","Wien 13.Bezirk, Hietzing <913>",3
45 bis 49 Jahre,2025,"Wien 21.Bezirk, Floridsdorf <921>","Wien 14.Bezirk, Penzing <914>",14
45 bis 49 Jahre,2025,"Wien 21.Bezirk, Floridsdorf <921>","Wien 15.Bezirk, Rudolfsheim-Fünfhaus <915>",12
45 bis 49 Jahre,2025,"Wien 21.Bezirk, Floridsdorf <921>","Wien 16.Bezirk, Ottakring <916>",20
45 bis 49 Jahre,2025,"Wien 21.Bezirk, Floridsdorf <921>","Wien 17.Bezirk, Hernals <917>",9
45 bis 49 Jahre,2025,"Wien 21.Bezirk, Floridsdorf <921>","Wien 18.Bezirk, Währing <918>",5
45 bis 49 Jahre,2025,"Wien 21.Bezirk, Floridsdorf <921>","Wien 19.Bezirk, Döbling <919>",8
45 bis 49 Jahre,2025,"Wien 21.Bezirk, Floridsdorf <921>","Wien 20.Bezirk, Brigittenau <920>",26
45 bis 49 Jahre,2025,"Wien 21.Bezirk, Floridsdorf <921>","Wien 21.Bezirk, Floridsdorf <921>",282
45 bis 49 Jahre,2025,"Wien 21.Bezirk, Floridsdorf <921>","Wien 22.Bezirk, Donaustadt <922>",99
45 bis 49 Jahre,2025,"Wien 21.Bezirk, Floridsdorf <921>","Wien 23.Bezirk, Liesing <923>",21
45 bis 49 Jahre,2025,"Wien 22.Bezirk, Donaustadt <922>","Wien 1.Bezirk, Innere Stadt <901>",4
45 bis 49 Jahre,2025,"Wien 22.Bezirk, Donaustadt <922>","Wien 2.Bezirk, Leopoldstadt <902>",31
45 bis 49 Jahre,2025,"Wien 22.Bezirk, Donaustadt <922>","Wien 3.Bezirk, Landstraße <903>",23
45 bis 49 Jahre,2025,"Wien 22.Bezirk, Donaustadt <922>","Wien 4.Bezirk, Wieden <904>",17
45 bis 49 Jahre,2025,"Wien 22.Bezirk, Donaustadt <922>","Wien 5.Bezirk, Margareten <905>",8
45 bis 49 Jahre,2025,"Wien 22.Bezirk, Donaustadt <922>","Wien 6.Bezirk, Mariahilf <906>",4
45 bis 49 Jahre,2025,"Wien 22.Bezirk, Donaustadt <922>","Wien 7.Bezirk, Neubau <907>",-
45 bis 49 Jahre,2025,"Wien 22.Bezirk, Donaustadt <922>","Wien 8.Bezirk, Josefstadt <908>",2
45 bis 49 Jahre,2025,"Wien 22.Bezirk, Donaustadt <922>","Wien 9.Bezirk, Alsergrund <909>",8
45 bis 49 Jahre,2025,"Wien 22.Bezirk, Donaustadt <922>","Wien 10.Bezirk, Favoriten <910>",33
45 bis 49 Jahre,2025,"Wien 22.Bezirk, Donaustadt <922>","Wien 11.Bezirk, Simmering <911>",17
45 bis 49 Jahre,2025,"Wien 22.Bezirk, Donaustadt <922>","Wien 12.Bezirk, Meidling <912>",18
45 bis 49 Jahre,2025,"Wien 22.Bezirk, Donaustadt <922>","Wien 13.Bezirk, Hietzing <913>",3
45 bis 49 Jahre,2025,"Wien 22.Bezirk, Donaustadt <922>","Wien 14.Bezirk, Penzing <914>",8
45 bis 49 Jahre,2025,"Wien 22.Bezirk, Donaustadt <922>","Wien 15.Bezirk, Rudolfsheim-Fünfhaus <915>",10
45 bis 49 Jahre,2025,"Wien 22.Bezirk, Donaustadt <922>","Wien 16.Bezirk, Ottakring <916>",15
45 bis 49 Jahre,2025,"Wien 22.Bezirk, Donaustadt <922>","Wien 17.Bezirk, Hernals <917>",9
45 bis 49 Jahre,2025,"Wien 22.Bezirk, Donaustadt <922>","Wien 18.Bezirk, Währing <918>",5
45 bis 49 Jahre,2025,"Wien 22.Bezirk, Donaustadt <922>","Wien 19.Bezirk, Döbling <919>",7
45 bis 49 Jahre,2025,"Wien 22.Bezirk, Donaustadt <922>","Wien 20.Bezirk, Brigittenau <920>",13
45 bis 49 Jahre,2025,"Wien 22.Bezirk, Donaustadt <922>","Wien 21.Bezirk, Floridsdorf <921>",63
45 bis 49 Jahre,2025,"Wien 22.Bezirk, Donaustadt <922>","Wien 22.Bezirk, Donaustadt <922>",390
45 bis 49 Jahre,2025,"Wien 22.Bezirk, Donaustadt <922>","Wien 23.Bezirk, Liesing <923>",14
45 bis 49 Jahre,2025,"Wien 23.Bezirk, Liesing <923>","Wien 1.Bezirk, Innere Stadt <901>",-
45 bis 49 Jahre,2025,"Wien 23.Bezirk, Liesing <923>","Wien 2.Bezirk, Leopoldstadt <902>",9
45 bis 49 Jahre,2025,"Wien 23.Bezirk, Liesing <923>","Wien 3.Bezirk, Landstraße <903>",4
45 bis 49 Jahre,2025,"Wien 23.Bezirk, Liesing <923>","Wien 4.Bezirk, Wieden <904>",4
45 bis 49 Jahre,2025,"Wien 23.Bezirk, Liesing <923>","Wien 5.Bezirk, Margareten <905>",6
45 bis 49 Jahre,2025,"Wien 23.Bezirk, Liesing <923>","Wien 6.Bezirk, Mariahilf <906>",4
45 bis 49 Jahre,2025,"Wien 23.Bezirk, Liesing <923>","Wien 7.Bezirk, Neubau <907>",1
45 bis 49 Jahre,2025,"Wien 23.Bezirk, Liesing <923>","Wien 8.Bezirk, Josefstadt <908>",1
45 bis 49 Jahre,2025,"Wien 23.Bezirk, Liesing <923>","Wien 9.Bezirk, Alsergrund <909>",2
45 bis 49 Jahre,2025,"Wien 23.Bezirk, Liesing <923>","Wien 10.Bezirk, Favoriten <910>",20
45 bis 49 Jahre,2025,"Wien 23.Bezirk, Liesing <923>","Wien 11.Bezirk, Simmering <911>",11
45 bis 49 Jahre,2025,"Wien 23.Bezirk, Liesing <923>","Wien 12.Bezirk, Meidling <912>",25
45 bis 49 Jahre,2025,"Wien 23.Bezirk, Liesing <923>","Wien 13.Bezirk, Hietzing <913>",17
45 bis 49 Jahre,2025,"Wien 23.Bezirk, Liesing <923>","Wien 14.Bezirk, Penzing <914>",12
45 bis 49 Jahre,2025,"Wien 23.Bezirk, Liesing <923>","Wien 15.Bezirk, Rudolfsheim-Fünfhaus <915>",10
45 bis 49 Jahre,2025,"Wien 23.Bezirk, Liesing <923>","Wien 16.Bezirk, Ottakring <916>",10
45 bis 49 Jahre,2025,"Wien 23.Bezirk, Liesing <923>","Wien 17.Bezirk, Hernals <917>",3
45 bis 49 Jahre,2025,"Wien 23.Bezirk, Liesing <923>","Wien 18.Bezirk, Währing <918>",3
45 bis 49 Jahre,2025,"Wien 23.Bezirk, Liesing <923>","Wien 19.Bezirk, Döbling <919>",1
45 bis 49 Jahre,2025,"Wien 23.Bezirk, Liesing <923>","Wien 20.Bezirk, Brigittenau <920>",7
45 bis 49 Jahre,2025,"Wien 23.Bezirk, Liesing <923>","Wien 21.Bezirk, Floridsdorf <921>",19
45 bis 49 Jahre,2025,"Wien 23.Bezirk, Liesing <923>","Wien 22.Bezirk, Donaustadt <922>",24
45 bis 49 Jahre,2025,"Wien 23.Bezirk, Liesing <923>","Wien 23.Bezirk, Liesing <923>",141
50 bis 54 Jahre,2025,"Wien 1.Bezirk, Innere Stadt <901>","Wien 1.Bezirk, Innere Stadt <901>",20
50 bis 54 Jahre,2025,"Wien 1.Bezirk, Innere Stadt <901>","Wien 2.Bezirk, Leopoldstadt <902>",15
50 bis 54 Jahre,2025,"Wien 1.Bezirk, Innere Stadt <901>","Wien 3.Bezirk, Landstraße <903>",8
50 bis 54 Jahre,2025,"Wien 1.Bezirk, Innere Stadt <901>","Wien 4.Bezirk, Wieden <904>",4
50 bis 54 Jahre,2025,"Wien 1.Bezirk, Innere Stadt <901>","Wien 5.Bezirk, Margareten <905>",-
50 bis 54 Jahre,2025,"Wien 1.Bezirk, Innere Stadt <901>","Wien 6.Bezirk, Mariahilf <906>",2
50 bis 54 Jahre,2025,"Wien 1.Bezirk, Innere Stadt <901>","Wien 7.Bezirk, Neubau <907>",-
50 bis 54 Jahre,2025,"Wien 1.Bezirk, Innere Stadt <901>","Wien 8.Bezirk, Josefstadt <908>",1
50 bis 54 Jahre,2025,"Wien 1.Bezirk, Innere Stadt <901>","Wien 9.Bezirk, Alsergrund <909>",2
50 bis 54 Jahre,2025,"Wien 1.Bezirk, Innere Stadt <901>","Wien 10.Bezirk, Favoriten <910>",2
50 bis 54 Jahre,2025,"Wien 1.Bezirk, Innere Stadt <901>","Wien 11.Bezirk, Simmering <911>",2
50 bis 54 Jahre,2025,"Wien 1.Bezirk, Innere Stadt <901>","Wien 12.Bezirk, Meidling <912>",2
50 bis 54 Jahre,2025,"Wien 1.Bezirk, Innere Stadt <901>","Wien 13.Bezirk, Hietzing <913>",3
50 bis 54 Jahre,2025,"Wien 1.Bezirk, Innere Stadt <901>","Wien 14.Bezirk, Penzing <914>",2
50 bis 54 Jahre,2025,"Wien 1.Bezirk, Innere Stadt <901>","Wien 15.Bezirk, Rudolfsheim-Fünfhaus <915>",1
50 bis 54 Jahre,2025,"Wien 1.Bezirk, Innere Stadt <901>","Wien 16.Bezirk, Ottakring <916>",9
50 bis 54 Jahre,2025,"Wien 1.Bezirk, Innere Stadt <901>","Wien 17.Bezirk, Hernals <917>",1
50 bis 54 Jahre,2025,"Wien 1.Bezirk, Innere Stadt <901>","Wien 18.Bezirk, Währing <918>",3
50 bis 54 Jahre,2025,"Wien 1.Bezirk, Innere Stadt <901>","Wien 19.Bezirk, Döbling <919>",2
50 bis 54 Jahre,2025,"Wien 1.Bezirk, Innere Stadt <901>","Wien 20.Bezirk, Brigittenau <920>",1
50 bis 54 Jahre,2025,"Wien 1.Bezirk, Innere Stadt <901>","Wien 21.Bezirk, Floridsdorf <921>",1
50 bis 54 Jahre,2025,"Wien 1.Bezirk, Innere Stadt <901>","Wien 22.Bezirk, Donaustadt <922>",4
50 bis 54 Jahre,2025,"Wien 1.Bezirk, Innere Stadt <901>","Wien 23.Bezirk, Liesing <923>",2
50 bis 54 Jahre,2025,"Wien 2.Bezirk, Leopoldstadt <902>","Wien 1.Bezirk, Innere Stadt <901>",4
50 bis 54 Jahre,2025,"Wien 2.Bezirk, Leopoldstadt <902>","Wien 2.Bezirk, Leopoldstadt <902>",106
50 bis 54 Jahre,2025,"Wien 2.Bezirk, Leopoldstadt <902>","Wien 3.Bezirk, Landstraße <903>",27
50 bis 54 Jahre,2025,"Wien 2.Bezirk, Leopoldstadt <902>","Wien 4.Bezirk, Wieden <904>",20
50 bis 54 Jahre,2025,"Wien 2.Bezirk, Leopoldstadt <902>","Wien 5.Bezirk, Margareten <905>",6
50 bis 54 Jahre,2025,"Wien 2.Bezirk, Leopoldstadt <902>","Wien 6.Bezirk, Mariahilf <906>",1
50 bis 54 Jahre,2025,"Wien 2.Bezirk, Leopoldstadt <902>","Wien 7.Bezirk, Neubau <907>",1
50 bis 54 Jahre,2025,"Wien 2.Bezirk, Leopoldstadt <902>","Wien 8.Bezirk, Josefstadt <908>",2
50 bis 54 Jahre,2025,"Wien 2.Bezirk, Leopoldstadt <902>","Wien 9.Bezirk, Alsergrund <909>",10
50 bis 54 Jahre,2025,"Wien 2.Bezirk, Leopoldstadt <902>","Wien 10.Bezirk, Favoriten <910>",24
50 bis 54 Jahre,2025,"Wien 2.Bezirk, Leopoldstadt <902>","Wien 11.Bezirk, Simmering <911>",12
50 bis 54 Jahre,2025,"Wien 2.Bezirk, Leopoldstadt <902>","Wien 12.Bezirk, Meidling <912>",10
50 bis 54 Jahre,2025,"Wien 2.Bezirk, Leopoldstadt <902>","Wien 13.Bezirk, Hietzing <913>",7
50 bis 54 Jahre,2025,"Wien 2.Bezirk, Leopoldstadt <902>","Wien 14.Bezirk, Penzing <914>",7
50 bis 54 Jahre,2025,"Wien 2.Bezirk, Leopoldstadt <902>","Wien 15.Bezirk, Rudolfsheim-Fünfhaus <915>",3
50 bis 54 Jahre,2025,"Wien 2.Bezirk, Leopoldstadt <902>","Wien 16.Bezirk, Ottakring <916>",6
50 bis 54 Jahre,2025,"Wien 2.Bezirk, Leopoldstadt <902>","Wien 17.Bezirk, Hernals <917>",7
50 bis 54 Jahre,2025,"Wien 2.Bezirk, Leopoldstadt <902>","Wien 18.Bezirk, Währing <918>",5
50 bis 54 Jahre,2025,"Wien 2.Bezirk, Leopoldstadt <902>","Wien 19.Bezirk, Döbling <919>",11
50 bis 54 Jahre,2025,"Wien 2.Bezirk, Leopoldstadt <902>","Wien 20.Bezirk, Brigittenau <920>",32
50 bis 54 Jahre,2025,"Wien 2.Bezirk, Leopoldstadt <902>","Wien 21.Bezirk, Floridsdorf <921>",23
50 bis 54 Jahre,2025,"Wien 2.Bezirk, Leopoldstadt <902>","Wien 22.Bezirk, Donaustadt <922>",48
50 bis 54 Jahre,2025,"Wien 2.Bezirk, Leopoldstadt <902>","Wien 23.Bezirk, Liesing <923>",5
50 bis 54 Jahre,2025,"Wien 3.Bezirk, Landstraße <903>","Wien 1.Bezirk, Innere Stadt <901>",6
50 bis 54 Jahre,2025,"Wien 3.Bezirk, Landstraße <903>","Wien 2.Bezirk, Leopoldstadt <902>",25
50 bis 54 Jahre,2025,"Wien 3.Bezirk, Landstraße <903>","Wien 3.Bezirk, Landstraße <903>",91
50 bis 54 Jahre,2025,"Wien 3.Bezirk, Landstraße <903>","Wien 4.Bezirk, Wieden <904>",21
50 bis 54 Jahre,2025,"Wien 3.Bezirk, Landstraße <903>","Wien 5.Bezirk, Margareten <905>",6
50 bis 54 Jahre,2025,"Wien 3.Bezirk, Landstraße <903>","Wien 6.Bezirk, Mariahilf <906>",5
50 bis 54 Jahre,2025,"Wien 3.Bezirk, Landstraße <903>","Wien 7.Bezirk, Neubau <907>",4
50 bis 54 Jahre,2025,"Wien 3.Bezirk, Landstraße <903>","Wien 8.Bezirk, Josefstadt <908>",4
50 bis 54 Jahre,2025,"Wien 3.Bezirk, Landstraße <903>","Wien 9.Bezirk, Alsergrund <909>",8
50 bis 54 Jahre,2025,"Wien 3.Bezirk, Landstraße <903>","Wien 10.Bezirk, Favoriten <910>",37
50 bis 54 Jahre,2025,"Wien 3.Bezirk, Landstraße <903>","Wien 11.Bezirk, Simmering <911>",26
50 bis 54 Jahre,2025,"Wien 3.Bezirk, Landstraße <903>","Wien 12.Bezirk, Meidling <912>",17
50 bis 54 Jahre,2025,"Wien 3.Bezirk, Landstraße <903>","Wien 13.Bezirk, Hietzing <913>",5
50 bis 54 Jahre,2025,"Wien 3.Bezirk, Landstraße <903>","Wien 14.Bezirk, Penzing <914>",12
50 bis 54 Jahre,2025,"Wien 3.Bezirk, Landstraße <903>","Wien 15.Bezirk, Rudolfsheim-Fünfhaus <915>",7
50 bis 54 Jahre,2025,"Wien 3.Bezirk, Landstraße <903>","Wien 16.Bezirk, Ottakring <916>",16
50 bis 54 Jahre,2025,"Wien 3.Bezirk, Landstraße <903>","Wien 17.Bezirk, Hernals <917>",8
50 bis 54 Jahre,2025,"Wien 3.Bezirk, Landstraße <903>","Wien 18.Bezirk, Währing <918>",5
50 bis 54 Jahre,2025,"Wien 3.Bezirk, Landstraße <903>","Wien 19.Bezirk, Döbling <919>",13
50 bis 54 Jahre,2025,"Wien 3.Bezirk, Landstraße <903>","Wien 20.Bezirk, Brigittenau <920>",8
50 bis 54 Jahre,2025,"Wien 3.Bezirk, Landstraße <903>","Wien 21.Bezirk, Floridsdorf <921>",15
50 bis 54 Jahre,2025,"Wien 3.Bezirk, Landstraße <903>","Wien 22.Bezirk, Donaustadt <922>",28
50 bis 54 Jahre,2025,"Wien 3.Bezirk, Landstraße <903>","Wien 23.Bezirk, Liesing <923>",14
50 bis 54 Jahre,2025,"Wien 4.Bezirk, Wieden <904>","Wien 1.Bezirk, Innere Stadt <901>",2
50 bis 54 Jahre,2025,"Wien 4.Bezirk, Wieden <904>","Wien 2.Bezirk, Leopoldstadt <902>",17
50 bis 54 Jahre,2025,"Wien 4.Bezirk, Wieden <904>","Wien 3.Bezirk, Landstraße <903>",26
50 bis 54 Jahre,2025,"Wien 4.Bezirk, Wieden <904>","Wien 4.Bezirk, Wieden <904>",21
50 bis 54 Jahre,2025,"Wien 4.Bezirk, Wieden <904>","Wien 5.Bezirk, Margareten <905>",7
50 bis 54 Jahre,2025,"Wien 4.Bezirk, Wieden <904>","Wien 6.Bezirk, Mariahilf <906>",10
50 bis 54 Jahre,2025,"Wien 4.Bezirk, Wieden <904>","Wien 7.Bezirk, Neubau <907>",5
50 bis 54 Jahre,2025,"Wien 4.Bezirk, Wieden <904>","Wien 8.Bezirk, Josefstadt <908>",6
50 bis 54 Jahre,2025,"Wien 4.Bezirk, Wieden <904>","Wien 9.Bezirk, Alsergrund <909>",4
50 bis 54 Jahre,2025,"Wien 4.Bezirk, Wieden <904>","Wien 10.Bezirk, Favoriten <910>",25
50 bis 54 Jahre,2025,"Wien 4.Bezirk, Wieden <904>","Wien 11.Bezirk, Simmering <911>",5
50 bis 54 Jahre,2025,"Wien 4.Bezirk, Wieden <904>","Wien 12.Bezirk, Meidling <912>",22
50 bis 54 Jahre,2025,"Wien 4.Bezirk, Wieden <904>","Wien 13.Bezirk, Hietzing <913>",3
50 bis 54 Jahre,2025,"Wien 4.Bezirk, Wieden <904>","Wien 14.Bezirk, Penzing <914>",7
50 bis 54 Jahre,2025,"Wien 4.Bezirk, Wieden <904>","Wien 15.Bezirk, Rudolfsheim-Fünfhaus <915>",4
50 bis 54 Jahre,2025,"Wien 4.Bezirk, Wieden <904>","Wien 16.Bezirk, Ottakring <916>",4
50 bis 54 Jahre,2025,"Wien 4.Bezirk, Wieden <904>","Wien 17.Bezirk, Hernals <917>",3
50 bis 54 Jahre,2025,"Wien 4.Bezirk, Wieden <904>","Wien 18.Bezirk, Währing <918>",1
50 bis 54 Jahre,2025,"Wien 4.Bezirk, Wieden <904>","Wien 19.Bezirk, Döbling <919>",4
50 bis 54 Jahre,2025,"Wien 4.Bezirk, Wieden <904>","Wien 20.Bezirk, Brigittenau <920>",4
50 bis 54 Jahre,2025,"Wien 4.Bezirk, Wieden <904>","Wien 21.Bezirk, Floridsdorf <921>",8
50 bis 54 Jahre,2025,"Wien 4.Bezirk, Wieden <904>","Wien 22.Bezirk, Donaustadt <922>",9
50 bis 54 Jahre,2025,"Wien 4.Bezirk, Wieden <904>","Wien 23.Bezirk, Liesing <923>",5
50 bis 54 Jahre,2025,"Wien 5.Bezirk, Margareten <905>","Wien 1.Bezirk, Innere Stadt <901>",3
50 bis 54 Jahre,2025,"Wien 5.Bezirk, Margareten <905>","Wien 2.Bezirk, Leopoldstadt <902>",11
50 bis 54 Jahre,2025,"Wien 5.Bezirk, Margareten <905>","Wien 3.Bezirk, Landstraße <903>",6
50 bis 54 Jahre,2025,"Wien 5.Bezirk, Margareten <905>","Wien 4.Bezirk, Wieden <904>",8
50 bis 54 Jahre,2025,"Wien 5.Bezirk, Margareten <905>","Wien 5.Bezirk, Margareten <905>",24
50 bis 54 Jahre,2025,"Wien 5.Bezirk, Margareten <905>","Wien 6.Bezirk, Mariahilf <906>",5
50 bis 54 Jahre,2025,"Wien 5.Bezirk, Margareten <905>","Wien 7.Bezirk, Neubau <907>",6
50 bis 54 Jahre,2025,"Wien 5.Bezirk, Margareten <905>","Wien 8.Bezirk, Josefstadt <908>",3
50 bis 54 Jahre,2025,"Wien 5.Bezirk, Margareten <905>","Wien 9.Bezirk, Alsergrund <909>",2
50 bis 54 Jahre,2025,"Wien 5.Bezirk, Margareten <905>","Wien 10.Bezirk, Favoriten <910>",39
50 bis 54 Jahre,2025,"Wien 5.Bezirk, Margareten <905>","Wien 11.Bezirk, Simmering <911>",6
50 bis 54 Jahre,2025,"Wien 5.Bezirk, Margareten <905>","Wien 12.Bezirk, Meidling <912>",15
50 bis 54 Jahre,2025,"Wien 5.Bezirk, Margareten <905>","Wien 13.Bezirk, Hietzing <913>",7
50 bis 54 Jahre,2025,"Wien 5.Bezirk, Margareten <905>","Wien 14.Bezirk, Penzing <914>",8
50 bis 54 Jahre,2025,"Wien 5.Bezirk, Margareten <905>","Wien 15.Bezirk, Rudolfsheim-Fünfhaus <915>",6
50 bis 54 Jahre,2025,"Wien 5.Bezirk, Margareten <905>","Wien 16.Bezirk, Ottakring <916>",7
50 bis 54 Jahre,2025,"Wien 5.Bezirk, Margareten <905>","Wien 17.Bezirk, Hernals <917>",1
50 bis 54 Jahre,2025,"Wien 5.Bezirk, Margareten <905>","Wien 18.Bezirk, Währing <918>",2
50 bis 54 Jahre,2025,"Wien 5.Bezirk, Margareten <905>","Wien 19.Bezirk, Döbling <919>",7
50 bis 54 Jahre,2025,"Wien 5.Bezirk, Margareten <905>","Wien 20.Bezirk, Brigittenau <920>",5
50 bis 54 Jahre,2025,"Wien 5.Bezirk, Margareten <905>","Wien 21.Bezirk, Floridsdorf <921>",6
50 bis 54 Jahre,2025,"Wien 5.Bezirk, Margareten <905>","Wien 22.Bezirk, Donaustadt <922>",13
50 bis 54 Jahre,2025,"Wien 5.Bezirk, Margareten <905>","Wien 23.Bezirk, Liesing <923>",8
50 bis 54 Jahre,2025,"Wien 6.Bezirk, Mariahilf <906>","Wien 1.Bezirk, Innere Stadt <901>",3
50 bis 54 Jahre,2025,"Wien 6.Bezirk, Mariahilf <906>","Wien 2.Bezirk, Leopoldstadt <902>",8
50 bis 54 Jahre,2025,"Wien 6.Bezirk, Mariahilf <906>","Wien 3.Bezirk, Landstraße <903>",11
50 bis 54 Jahre,2025,"Wien 6.Bezirk, Mariahilf <906>","Wien 4.Bezirk, Wieden <904>",5
50 bis 54 Jahre,2025,"Wien 6.Bezirk, Mariahilf <906>","Wien 5.Bezirk, Margareten <905>",10
50 bis 54 Jahre,2025,"Wien 6.Bezirk, Mariahilf <906>","Wien 6.Bezirk, Mariahilf <906>",11
50 bis 54 Jahre,2025,"Wien 6.Bezirk, Mariahilf <906>","Wien 7.Bezirk, Neubau <907>",7
50 bis 54 Jahre,2025,"Wien 6.Bezirk, Mariahilf <906>","Wien 8.Bezirk, Josefstadt <908>",5
50 bis 54 Jahre,2025,"Wien 6.Bezirk, Mariahilf <906>","Wien 9.Bezirk, Alsergrund <909>",3
50 bis 54 Jahre,2025,"Wien 6.Bezirk, Mariahilf <906>","Wien 10.Bezirk, Favoriten <910>",13
50 bis 54 Jahre,2025,"Wien 6.Bezirk, Mariahilf <906>","Wien 11.Bezirk, Simmering <911>",-
50 bis 54 Jahre,2025,"Wien 6.Bezirk, Mariahilf <906>","Wien 12.Bezirk, Meidling <912>",9
50 bis 54 Jahre,2025,"Wien 6.Bezirk, Mariahilf <906>","Wien 13.Bezirk, Hietzing <913>",6
50 bis 54 Jahre,2025,"Wien 6.Bezirk, Mariahilf <906>","Wien 14.Bezirk, Penzing <914>",4
50 bis 54 Jahre,2025,"Wien 6.Bezirk, Mariahilf <906>","Wien 15.Bezirk, Rudolfsheim-Fünfhaus <915>",5
50 bis 54 Jahre,2025,"Wien 6.Bezirk, Mariahilf <906>","Wien 16.Bezirk, Ottakring <916>",4
50 bis 54 Jahre,2025,"Wien 6.Bezirk, Mariahilf <906>","Wien 17.Bezirk, Hernals <917>",3
50 bis 54 Jahre,2025,"Wien 6.Bezirk, Mariahilf <906>","Wien 18.Bezirk, Währing <918>",3
50 bis 54 Jahre,2025,"Wien 6.Bezirk, Mariahilf <906>","Wien 19.Bezirk, Döbling <919>",3
50 bis 54 Jahre,2025,"Wien 6.Bezirk, Mariahilf <906>","Wien 20.Bezirk, Brigittenau <920>",2
50 bis 54 Jahre,2025,"Wien 6.Bezirk, Mariahilf <906>","Wien 21.Bezirk, Floridsdorf <921>",3
50 bis 54 Jahre,2025,"Wien 6.Bezirk, Mariahilf <906>","Wien 22.Bezirk, Donaustadt <922>",5
50 bis 54 Jahre,2025,"Wien 6.Bezirk, Mariahilf <906>","Wien 23.Bezirk, Liesing <923>",3
50 bis 54 Jahre,2025,"Wien 7.Bezirk, Neubau <907>","Wien 1.Bezirk, Innere Stadt <901>",2
50 bis 54 Jahre,2025,"Wien 7.Bezirk, Neubau <907>","Wien 2.Bezirk, Leopoldstadt <902>",4
50 bis 54 Jahre,2025,"Wien 7.Bezirk, Neubau <907>","Wien 3.Bezirk, Landstraße <903>",2
50 bis 54 Jahre,2025,"Wien 7.Bezirk, Neubau <907>","Wien 4.Bezirk, Wieden <904>",2
50 bis 54 Jahre,2025,"Wien 7.Bezirk, Neubau <907>","Wien 5.Bezirk, Margareten <905>",1
50 bis 54 Jahre,2025,"Wien 7.Bezirk, Neubau <907>","Wien 6.Bezirk, Mariahilf <906>",3
50 bis 54 Jahre,2025,"Wien 7.Bezirk, Neubau <907>","Wien 7.Bezirk, Neubau <907>",13
50 bis 54 Jahre,2025,"Wien 7.Bezirk, Neubau <907>","Wien 8.Bezirk, Josefstadt <908>",5
50 bis 54 Jahre,2025,"Wien 7.Bezirk, Neubau <907>","Wien 9.Bezirk, Alsergrund <909>",3
50 bis 54 Jahre,2025,"Wien 7.Bezirk, Neubau <907>","Wien 10.Bezirk, Favoriten <910>",3
50 bis 54 Jahre,2025,"Wien 7.Bezirk, Neubau <907>","Wien 11.Bezirk, Simmering <911>",3
50 bis 54 Jahre,2025,"Wien 7.Bezirk, Neubau <907>","Wien 12.Bezirk, Meidling <912>",3
50 bis 54 Jahre,2025,"Wien 7.Bezirk, Neubau <907>","Wien 13.Bezirk, Hietzing <913>",5
50 bis 54 Jahre,2025,"Wien 7.Bezirk, Neubau <907>","Wien 14.Bezirk, Penzing <914>",3
50 bis 54 Jahre,2025,"Wien 7.Bezirk, Neubau <907>","Wien 15.Bezirk, Rudolfsheim-Fünfhaus <915>",7
50 bis 54 Jahre,2025,"Wien 7.Bezirk, Neubau <907>","Wien 16.Bezirk, Ottakring <916>",3
50 bis 54 Jahre,2025,"Wien 7.Bezirk, Neubau <907>","Wien 17.Bezirk, Hernals <917>",3
50 bis 54 Jahre,2025,"Wien 7.Bezirk, Neubau <907>","Wien 18.Bezirk, Währing <918>",3
50 bis 54 Jahre,2025,"Wien 7.Bezirk, Neubau <907>","Wien 19.Bezirk, Döbling <919>",3
50 bis 54 Jahre,2025,"Wien 7.Bezirk, Neubau <907>","Wien 20.Bezirk, Brigittenau <920>",3
50 bis 54 Jahre,2025,"Wien 7.Bezirk, Neubau <907>","Wien 21.Bezirk, Floridsdorf <921>",7
50 bis 54 Jahre,2025,"Wien 7.Bezirk, Neubau <907>","Wien 22.Bezirk, Donaustadt <922>",3
50 bis 54 Jahre,2025,"Wien 7.Bezirk, Neubau <907>","Wien 23.Bezirk, Liesing <923>",1
50 bis 54 Jahre,2025,"Wien 8.Bezirk, Josefstadt <908>","Wien 1.Bezirk, Innere Stadt <901>",2
50 bis 54 Jahre,2025,"Wien 8.Bezirk, Josefstadt <908>","Wien 2.Bezirk, Leopoldstadt <902>",5
50 bis 54 Jahre,2025,"Wien 8.Bezirk, Josefstadt <908>","Wien 3.Bezirk, Landstraße <903>",6
50 bis 54 Jahre,2025,"Wien 8.Bezirk, Josefstadt <908>","Wien 4.Bezirk, Wieden <904>",4
50 bis 54 Jahre,2025,"Wien 8.Bezirk, Josefstadt <908>","Wien 5.Bezirk, Margareten <905>",2
50 bis 54 Jahre,2025,"Wien 8.Bezirk, Josefstadt <908>","Wien 6.Bezirk, Mariahilf <906>",-
50 bis 54 Jahre,2025,"Wien 8.Bezirk, Josefstadt <908>","Wien 7.Bezirk, Neubau <907>",5
50 bis 54 Jahre,2025,"Wien 8.Bezirk, Josefstadt <908>","Wien 8.Bezirk, Josefstadt <908>",15
50 bis 54 Jahre,2025,"Wien 8.Bezirk, Josefstadt <908>","Wien 9.Bezirk, Alsergrund <909>",7
50 bis 54 Jahre,2025,"Wien 8.Bezirk, Josefstadt <908>","Wien 10.Bezirk, Favoriten <910>",7
50 bis 54 Jahre,2025,"Wien 8.Bezirk, Josefstadt <908>","Wien 11.Bezirk, Simmering <911>",4
50 bis 54 Jahre,2025,"Wien 8.Bezirk, Josefstadt <908>","Wien 12.Bezirk, Meidling <912>",4
50 bis 54 Jahre,2025,"Wien 8.Bezirk, Josefstadt <908>","Wien 13.Bezirk, Hietzing <913>",2
50 bis 54 Jahre,2025,"Wien 8.Bezirk, Josefstadt <908>","Wien 14.Bezirk, Penzing <914>",1
50 bis 54 Jahre,2025,"Wien 8.Bezirk, Josefstadt <908>","Wien 15.Bezirk, Rudolfsheim-Fünfhaus <915>",6
50 bis 54 Jahre,2025,"Wien 8.Bezirk, Josefstadt <908>","Wien 16.Bezirk, Ottakring <916>",3
50 bis 54 Jahre,2025,"Wien 8.Bezirk, Josefstadt <908>","Wien 17.Bezirk, Hernals <917>",5
50 bis 54 Jahre,2025,"Wien 8.Bezirk, Josefstadt <908>","Wien 18.Bezirk, Währing <918>",3
50 bis 54 Jahre,2025,"Wien 8.Bezirk, Josefstadt <908>","Wien 19.Bezirk, Döbling <919>",2
50 bis 54 Jahre,2025,"Wien 8.Bezirk, Josefstadt <908>","Wien 20.Bezirk, Brigittenau <920>",3
50 bis 54 Jahre,2025,"Wien 8.Bezirk, Josefstadt <908>","Wien 21.Bezirk, Floridsdorf <921>",4
50 bis 54 Jahre,2025,"Wien 8.Bezirk, Josefstadt <908>","Wien 22.Bezirk, Donaustadt <922>",7
50 bis 54 Jahre,2025,"Wien 8.Bezirk, Josefstadt <908>","Wien 23.Bezirk, Liesing <923>",3
50 bis 54 Jahre,2025,"Wien 9.Bezirk, Alsergrund <909>","Wien 1.Bezirk, Innere Stadt <901>",4
50 bis 54 Jahre,2025,"Wien 9.Bezirk, Alsergrund <909>","Wien 2.Bezirk, Leopoldstadt <902>",7
50 bis 54 Jahre,2025,"Wien 9.Bezirk, Alsergrund <909>","Wien 3.Bezirk, Landstraße <903>",12
50 bis 54 Jahre,2025,"Wien 9.Bezirk, Alsergrund <909>","Wien 4.Bezirk, Wieden <904>",4
50 bis 54 Jahre,2025,"Wien 9.Bezirk, Alsergrund <909>","Wien 5.Bezirk, Margareten <905>",5
50 bis 54 Jahre,2025,"Wien 9.Bezirk, Alsergrund <909>","Wien 6.Bezirk, Mariahilf <906>",5
50 bis 54 Jahre,2025,"Wien 9.Bezirk, Alsergrund <909>","Wien 7.Bezirk, Neubau <907>",5
50 bis 54 Jahre,2025,"Wien 9.Bezirk, Alsergrund <909>","Wien 8.Bezirk, Josefstadt <908>",8
50 bis 54 Jahre,2025,"Wien 9.Bezirk, Alsergrund <909>","Wien 9.Bezirk, Alsergrund <909>",24
50 bis 54 Jahre,2025,"Wien 9.Bezirk, Alsergrund <909>","Wien 10.Bezirk, Favoriten <910>",10
50 bis 54 Jahre,2025,"Wien 9.Bezirk, Alsergrund <909>","Wien 11.Bezirk, Simmering <911>",2
50 bis 54 Jahre,2025,"Wien 9.Bezirk, Alsergrund <909>","Wien 12.Bezirk, Meidling <912>",7
50 bis 54 Jahre,2025,"Wien 9.Bezirk, Alsergrund <909>","Wien 13.Bezirk, Hietzing <913>",4
50 bis 54 Jahre,2025,"Wien 9.Bezirk, Alsergrund <909>","Wien 14.Bezirk, Penzing <914>",2
50 bis 54 Jahre,2025,"Wien 9.Bezirk, Alsergrund <909>","Wien 15.Bezirk, Rudolfsheim-Fünfhaus <915>",4
50 bis 54 Jahre,2025,"Wien 9.Bezirk, Alsergrund <909>","Wien 16.Bezirk, Ottakring <916>",7
50 bis 54 Jahre,2025,"Wien 9.Bezirk, Alsergrund <909>","Wien 17.Bezirk, Hernals <917>",6
50 bis 54 Jahre,2025,"Wien 9.Bezirk, Alsergrund <909>","Wien 18.Bezirk, Währing <918>",8
50 bis 54 Jahre,2025,"Wien 9.Bezirk, Alsergrund <909>","Wien 19.Bezirk, Döbling <919>",11
50 bis 54 Jahre,2025,"Wien 9.Bezirk, Alsergrund <909>","Wien 20.Bezirk, Brigittenau <920>",8
50 bis 54 Jahre,2025,"Wien 9.Bezirk, Alsergrund <909>","Wien 21.Bezirk, Floridsdorf <921>",16
50 bis 54 Jahre,2025,"Wien 9.Bezirk, Alsergrund <909>","Wien 22.Bezirk, Donaustadt <922>",5
50 bis 54 Jahre,2025,"Wien 9.Bezirk, Alsergrund <909>","Wien 23.Bezirk, Liesing <923>",2
50 bis 54 Jahre,2025,"Wien 10.Bezirk, Favoriten <910>","Wien 1.Bezirk, Innere Stadt <901>",4
50 bis 54 Jahre,2025,"Wien 10.Bezirk, Favoriten <910>","Wien 2.Bezirk, Leopoldstadt <902>",20
50 bis 54 Jahre,2025,"Wien 10.Bezirk, Favoriten <910>","Wien 3.Bezirk, Landstraße <903>",38
50 bis 54 Jahre,2025,"Wien 10.Bezirk, Favoriten <910>","Wien 4.Bezirk, Wieden <904>",23
50 bis 54 Jahre,2025,"Wien 10.Bezirk, Favoriten <910>","Wien 5.Bezirk, Margareten <905>",20
50 bis 54 Jahre,2025,"Wien 10.Bezirk, Favoriten <910>","Wien 6.Bezirk, Mariahilf <906>",8
50 bis 54 Jahre,2025,"Wien 10.Bezirk, Favoriten <910>","Wien 7.Bezirk, Neubau <907>",8
50 bis 54 Jahre,2025,"Wien 10.Bezirk, Favoriten <910>","Wien 8.Bezirk, Josefstadt <908>",3
50 bis 54 Jahre,2025,"Wien 10.Bezirk, Favoriten <910>","Wien 9.Bezirk, Alsergrund <909>",3
50 bis 54 Jahre,2025,"Wien 10.Bezirk, Favoriten <910>","Wien 10.Bezirk, Favoriten <910>",328
50 bis 54 Jahre,2025,"Wien 10.Bezirk, Favoriten <910>","Wien 11.Bezirk, Simmering <911>",56
50 bis 54 Jahre,2025,"Wien 10.Bezirk, Favoriten <910>","Wien 12.Bezirk, Meidling <912>",43
50 bis 54 Jahre,2025,"Wien 10.Bezirk, Favoriten <910>","Wien 13.Bezirk, Hietzing <913>",11
50 bis 54 Jahre,2025,"Wien 10.Bezirk, Favoriten <910>","Wien 14.Bezirk, Penzing <914>",24
50 bis 54 Jahre,2025,"Wien 10.Bezirk, Favoriten <910>","Wien 15.Bezirk, Rudolfsheim-Fünfhaus <915>",15
50 bis 54 Jahre,2025,"Wien 10.Bezirk, Favoriten <910>","Wien 16.Bezirk, Ottakring <916>",31
50 bis 54 Jahre,2025,"Wien 10.Bezirk, Favoriten <910>","Wien 17.Bezirk, Hernals <917>",5
50 bis 54 Jahre,2025,"Wien 10.Bezirk, Favoriten <910>","Wien 18.Bezirk, Währing <918>",7
50 bis 54 Jahre,2025,"Wien 10.Bezirk, Favoriten <910>","Wien 19.Bezirk, Döbling <919>",14
50 bis 54 Jahre,2025,"Wien 10.Bezirk, Favoriten <910>","Wien 20.Bezirk, Brigittenau <920>",21
50 bis 54 Jahre,2025,"Wien 10.Bezirk, Favoriten <910>","Wien 21.Bezirk, Floridsdorf <921>",25
50 bis 54 Jahre,2025,"Wien 10.Bezirk, Favoriten <910>","Wien 22.Bezirk, Donaustadt <922>",58
50 bis 54 Jahre,2025,"Wien 10.Bezirk, Favoriten <910>","Wien 23.Bezirk, Liesing <923>",36
50 bis 54 Jahre,2025,"Wien 11.Bezirk, Simmering <911>","Wien 1.Bezirk, Innere Stadt <901>",1
50 bis 54 Jahre,2025,"Wien 11.Bezirk, Simmering <911>","Wien 2.Bezirk, Leopoldstadt <902>",8
50 bis 54 Jahre,2025,"Wien 11.Bezirk, Simmering <911>","Wien 3.Bezirk, Landstraße <903>",22
50 bis 54 Jahre,2025,"Wien 11.Bezirk, Simmering <911>","Wien 4.Bezirk, Wieden <904>",10
50 bis 54 Jahre,2025,"Wien 11.Bezirk, Simmering <911>","Wien 5.Bezirk, Margareten <905>",2
50 bis 54 Jahre,2025,"Wien 11.Bezirk, Simmering <911>","Wien 6.Bezirk, Mariahilf <906>",4
50 bis 54 Jahre,2025,"Wien 11.Bezirk, Simmering <911>","Wien 7.Bezirk, Neubau <907>",1
50 bis 54 Jahre,2025,"Wien 11.Bezirk, Simmering <911>","Wien 8.Bezirk, Josefstadt <908>",1
50 bis 54 Jahre,2025,"Wien 11.Bezirk, Simmering <911>","Wien 9.Bezirk, Alsergrund <909>",3
50 bis 54 Jahre,2025,"Wien 11.Bezirk, Simmering <911>","Wien 10.Bezirk, Favoriten <910>",51
50 bis 54 Jahre,2025,"Wien 11.Bezirk, Simmering <911>","Wien 11.Bezirk, Simmering <911>",85
50 bis 54 Jahre,2025,"Wien 11.Bezirk, Simmering <911>","Wien 12.Bezirk, Meidling <912>",8
50 bis 54 Jahre,2025,"Wien 11.Bezirk, Simmering <911>","Wien 13.Bezirk, Hietzing <913>",5
50 bis 54 Jahre,2025,"Wien 11.Bezirk, Simmering <911>","Wien 14.Bezirk, Penzing <914>",5
50 bis 54 Jahre,2025,"Wien 11.Bezirk, Simmering <911>","Wien 15.Bezirk, Rudolfsheim-Fünfhaus <915>",8
50 bis 54 Jahre,2025,"Wien 11.Bezirk, Simmering <911>","Wien 16.Bezirk, Ottakring <916>",10
50 bis 54 Jahre,2025,"Wien 11.Bezirk, Simmering <911>","Wien 17.Bezirk, Hernals <917>",3
50 bis 54 Jahre,2025,"Wien 11.Bezirk, Simmering <911>","Wien 18.Bezirk, Währing <918>",-
50 bis 54 Jahre,2025,"Wien 11.Bezirk, Simmering <911>","Wien 19.Bezirk, Döbling <919>",3
50 bis 54 Jahre,2025,"Wien 11.Bezirk, Simmering <911>","Wien 20.Bezirk, Brigittenau <920>",8
50 bis 54 Jahre,2025,"Wien 11.Bezirk, Simmering <911>","Wien 21.Bezirk, Floridsdorf <921>",19
50 bis 54 Jahre,2025,"Wien 11.Bezirk, Simmering <911>","Wien 22.Bezirk, Donaustadt <922>",16
50 bis 54 Jahre,2025,"Wien 11.Bezirk, Simmering <911>","Wien 23.Bezirk, Liesing <923>",14
50 bis 54 Jahre,2025,"Wien 12.Bezirk, Meidling <912>","Wien 1.Bezirk, Innere Stadt <901>",1
50 bis 54 Jahre,2025,"Wien 12.Bezirk, Meidling <912>","Wien 2.Bezirk, Leopoldstadt <902>",14
50 bis 54 Jahre,2025,"Wien 12.Bezirk, Meidling <912>","Wien 3.Bezirk, Landstraße <903>",11
50 bis 54 Jahre,2025,"Wien 12.Bezirk, Meidling <912>","Wien 4.Bezirk, Wieden <904>",11
50 bis 54 Jahre,2025,"Wien 12.Bezirk, Meidling <912>","Wien 5.Bezirk, Margareten <905>",12
50 bis 54 Jahre,2025,"Wien 12.Bezirk, Meidling <912>","Wien 6.Bezirk, Mariahilf <906>",5
50 bis 54 Jahre,2025,"Wien 12.Bezirk, Meidling <912>","Wien 7.Bezirk, Neubau <907>",3
50 bis 54 Jahre,2025,"Wien 12.Bezirk, Meidling <912>","Wien 8.Bezirk, Josefstadt <908>",5
50 bis 54 Jahre,2025,"Wien 12.Bezirk, Meidling <912>","Wien 9.Bezirk, Alsergrund <909>",2
50 bis 54 Jahre,2025,"Wien 12.Bezirk, Meidling <912>","Wien 10.Bezirk, Favoriten <910>",48
50 bis 54 Jahre,2025,"Wien 12.Bezirk, Meidling <912>","Wien 11.Bezirk, Simmering <911>",6
50 bis 54 Jahre,2025,"Wien 12.Bezirk, Meidling <912>","Wien 12.Bezirk, Meidling <912>",81
50 bis 54 Jahre,2025,"Wien 12.Bezirk, Meidling <912>","Wien 13.Bezirk, Hietzing <913>",10
50 bis 54 Jahre,2025,"Wien 12.Bezirk, Meidling <912>","Wien 14.Bezirk, Penzing <914>",15
50 bis 54 Jahre,2025,"Wien 12.Bezirk, Meidling <912>","Wien 15.Bezirk, Rudolfsheim-Fünfhaus <915>",16
50 bis 54 Jahre,2025,"Wien 12.Bezirk, Meidling <912>","Wien 16.Bezirk, Ottakring <916>",18
50 bis 54 Jahre,2025,"Wien 12.Bezirk, Meidling <912>","Wien 17.Bezirk, Hernals <917>",9
50 bis 54 Jahre,2025,"Wien 12.Bezirk, Meidling <912>","Wien 18.Bezirk, Währing <918>",2
50 bis 54 Jahre,2025,"Wien 12.Bezirk, Meidling <912>","Wien 19.Bezirk, Döbling <919>",5
50 bis 54 Jahre,2025,"Wien 12.Bezirk, Meidling <912>","Wien 20.Bezirk, Brigittenau <920>",5
50 bis 54 Jahre,2025,"Wien 12.Bezirk, Meidling <912>","Wien 21.Bezirk, Floridsdorf <921>",21
50 bis 54 Jahre,2025,"Wien 12.Bezirk, Meidling <912>","Wien 22.Bezirk, Donaustadt <922>",20
50 bis 54 Jahre,2025,"Wien 12.Bezirk, Meidling <912>","Wien 23.Bezirk, Liesing <923>",28
50 bis 54 Jahre,2025,"Wien 13.Bezirk, Hietzing <913>","Wien 1.Bezirk, Innere Stadt <901>",1
50 bis 54 Jahre,2025,"Wien 13.Bezirk, Hietzing <913>","Wien 2.Bezirk, Leopoldstadt <902>",5
50 bis 54 Jahre,2025,"Wien 13.Bezirk, Hietzing <913>","Wien 3.Bezirk, Landstraße <903>",9
50 bis 54 Jahre,2025,"Wien 13.Bezirk, Hietzing <913>","Wien 4.Bezirk, Wieden <904>",2
50 bis 54 Jahre,2025,"Wien 13.Bezirk, Hietzing <913>","Wien 5.Bezirk, Margareten <905>",-
50 bis 54 Jahre,2025,"Wien 13.Bezirk, Hietzing <913>","Wien 6.Bezirk, Mariahilf <906>",4
50 bis 54 Jahre,2025,"Wien 13.Bezirk, Hietzing <913>","Wien 7.Bezirk, Neubau <907>",-
50 bis 54 Jahre,2025,"Wien 13.Bezirk, Hietzing <913>","Wien 8.Bezirk, Josefstadt <908>",2
50 bis 54 Jahre,2025,"Wien 13.Bezirk, Hietzing <913>","Wien 9.Bezirk, Alsergrund <909>",3
50 bis 54 Jahre,2025,"Wien 13.Bezirk, Hietzing <913>","Wien 10.Bezirk, Favoriten <910>",9
50 bis 54 Jahre,2025,"Wien 13.Bezirk, Hietzing <913>","Wien 11.Bezirk, Simmering <911>",3
50 bis 54 Jahre,2025,"Wien 13.Bezirk, Hietzing <913>","Wien 12.Bezirk, Meidling <912>",9
50 bis 54 Jahre,2025,"Wien 13.Bezirk, Hietzing <913>","Wien 13.Bezirk, Hietzing <913>",69
50 bis 54 Jahre,2025,"Wien 13.Bezirk, Hietzing <913>","Wien 14.Bezirk, Penzing <914>",18
50 bis 54 Jahre,2025,"Wien 13.Bezirk, Hietzing <913>","Wien 15.Bezirk, Rudolfsheim-Fünfhaus <915>",7
50 bis 54 Jahre,2025,"Wien 13.Bezirk, Hietzing <913>","Wien 16.Bezirk, Ottakring <916>",3
50 bis 54 Jahre,2025,"Wien 13.Bezirk, Hietzing <913>","Wien 17.Bezirk, Hernals <917>",6
50 bis 54 Jahre,2025,"Wien 13.Bezirk, Hietzing <913>","Wien 18.Bezirk, Währing <918>",3
50 bis 54 Jahre,2025,"Wien 13.Bezirk, Hietzing <913>","Wien 19.Bezirk, Döbling <919>",6
50 bis 54 Jahre,2025,"Wien 13.Bezirk, Hietzing <913>","Wien 20.Bezirk, Brigittenau <920>",2
50 bis 54 Jahre,2025,"Wien 13.Bezirk, Hietzing <913>","Wien 21.Bezirk, Floridsdorf <921>",4
50 bis 54 Jahre,2025,"Wien 13.Bezirk, Hietzing <913>","Wien 22.Bezirk, Donaustadt <922>",5
50 bis 54 Jahre,2025,"Wien 13.Bezirk, Hietzing <913>","Wien 23.Bezirk, Liesing <923>",18
50 bis 54 Jahre,2025,"Wien 14.Bezirk, Penzing <914>","Wien 1.Bezirk, Innere Stadt <901>",1
50 bis 54 Jahre,2025,"Wien 14.Bezirk, Penzing <914>","Wien 2.Bezirk, Leopoldstadt <902>",11
50 bis 54 Jahre,2025,"Wien 14.Bezirk, Penzing <914>","Wien 3.Bezirk, Landstraße <903>",5
50 bis 54 Jahre,2025,"Wien 14.Bezirk, Penzing <914>","Wien 4.Bezirk, Wieden <904>",5
50 bis 54 Jahre,2025,"Wien 14.Bezirk, Penzing <914>","Wien 5.Bezirk, Margareten <905>",8
50 bis 54 Jahre,2025,"Wien 14.Bezirk, Penzing <914>","Wien 6.Bezirk, Mariahilf <906>",4
50 bis 54 Jahre,2025,"Wien 14.Bezirk, Penzing <914>","Wien 7.Bezirk, Neubau <907>",2
50 bis 54 Jahre,2025,"Wien 14.Bezirk, Penzing <914>","Wien 8.Bezirk, Josefstadt <908>",2
50 bis 54 Jahre,2025,"Wien 14.Bezirk, Penzing <914>","Wien 9.Bezirk, Alsergrund <909>",2
50 bis 54 Jahre,2025,"Wien 14.Bezirk, Penzing <914>","Wien 10.Bezirk, Favoriten <910>",23
50 bis 54 Jahre,2025,"Wien 14.Bezirk, Penzing <914>","Wien 11.Bezirk, Simmering <911>",7
50 bis 54 Jahre,2025,"Wien 14.Bezirk, Penzing <914>","Wien 12.Bezirk, Meidling <912>",23
50 bis 54 Jahre,2025,"Wien 14.Bezirk, Penzing <914>","Wien 13.Bezirk, Hietzing <913>",15
50 bis 54 Jahre,2025,"Wien 14.Bezirk, Penzing <914>","Wien 14.Bezirk, Penzing <914>",68
50 bis 54 Jahre,2025,"Wien 14.Bezirk, Penzing <914>","Wien 15.Bezirk, Rudolfsheim-Fünfhaus <915>",16
50 bis 54 Jahre,2025,"Wien 14.Bezirk, Penzing <914>","Wien 16.Bezirk, Ottakring <916>",31
50 bis 54 Jahre,2025,"Wien 14.Bezirk, Penzing <914>","Wien 17.Bezirk, Hernals <917>",3
50 bis 54 Jahre,2025,"Wien 14.Bezirk, Penzing <914>","Wien 18.Bezirk, Währing <918>",7
50 bis 54 Jahre,2025,"Wien 14.Bezirk, Penzing <914>","Wien 19.Bezirk, Döbling <919>",11
50 bis 54 Jahre,2025,"Wien 14.Bezirk, Penzing <914>","Wien 20.Bezirk, Brigittenau <920>",6
50 bis 54 Jahre,2025,"Wien 14.Bezirk, Penzing <914>","Wien 21.Bezirk, Floridsdorf <921>",12
50 bis 54 Jahre,2025,"Wien 14.Bezirk, Penzing <914>","Wien 22.Bezirk, Donaustadt <922>",15
50 bis 54 Jahre,2025,"Wien 14.Bezirk, Penzing <914>","Wien 23.Bezirk, Liesing <923>",10
50 bis 54 Jahre,2025,"Wien 15.Bezirk, Rudolfsheim-Fünfhaus <915>","Wien 1.Bezirk, Innere Stadt <901>",-
50 bis 54 Jahre,2025,"Wien 15.Bezirk, Rudolfsheim-Fünfhaus <915>","Wien 2.Bezirk, Leopoldstadt <902>",10
50 bis 54 Jahre,2025,"Wien 15.Bezirk, Rudolfsheim-Fünfhaus <915>","Wien 3.Bezirk, Landstraße <903>",16
50 bis 54 Jahre,2025,"Wien 15.Bezirk, Rudolfsheim-Fünfhaus <915>","Wien 4.Bezirk, Wieden <904>",6
50 bis 54 Jahre,2025,"Wien 15.Bezirk, Rudolfsheim-Fünfhaus <915>","Wien 5.Bezirk, Margareten <905>",10
50 bis 54 Jahre,2025,"Wien 15.Bezirk, Rudolfsheim-Fünfhaus <915>","Wien 6.Bezirk, Mariahilf <906>",9
50 bis 54 Jahre,2025,"Wien 15.Bezirk, Rudolfsheim-Fünfhaus <915>","Wien 7.Bezirk, Neubau <907>",7
50 bis 54 Jahre,2025,"Wien 15.Bezirk, Rudolfsheim-Fünfhaus <915>","Wien 8.Bezirk, Josefstadt <908>",4
50 bis 54 Jahre,2025,"Wien 15.Bezirk, Rudolfsheim-Fünfhaus <915>","Wien 9.Bezirk, Alsergrund <909>",7
50 bis 54 Jahre,2025,"Wien 15.Bezirk, Rudolfsheim-Fünfhaus <915>","Wien 10.Bezirk, Favoriten <910>",36
50 bis 54 Jahre,2025,"Wien 15.Bezirk, Rudolfsheim-Fünfhaus <915>","Wien 11.Bezirk, Simmering <911>",5
50 bis 54 Jahre,2025,"Wien 15.Bezirk, Rudolfsheim-Fünfhaus <915>","Wien 12.Bezirk, Meidling <912>",19
50 bis 54 Jahre,2025,"Wien 15.Bezirk, Rudolfsheim-Fünfhaus <915>","Wien 13.Bezirk, Hietzing <913>",2
50 bis 54 Jahre,2025,"Wien 15.Bezirk, Rudolfsheim-Fünfhaus <915>","Wien 14.Bezirk, Penzing <914>",21
50 bis 54 Jahre,2025,"Wien 15.Bezirk, Rudolfsheim-Fünfhaus <915>","Wien 15.Bezirk, Rudolfsheim-Fünfhaus <915>",43
50 bis 54 Jahre,2025,"Wien 15.Bezirk, Rudolfsheim-Fünfhaus <915>","Wien 16.Bezirk, Ottakring <916>",27
50 bis 54 Jahre,2025,"Wien 15.Bezirk, Rudolfsheim-Fünfhaus <915>","Wien 17.Bezirk, Hernals <917>",15
50 bis 54 Jahre,2025,"Wien 15.Bezirk, Rudolfsheim-Fünfhaus <915>","Wien 18.Bezirk, Währing <918>",6
50 bis 54 Jahre,2025,"Wien 15.Bezirk, Rudolfsheim-Fünfhaus <915>","Wien 19.Bezirk, Döbling <919>",6
50 bis 54 Jahre,2025,"Wien 15.Bezirk, Rudolfsheim-Fünfhaus <915>","Wien 20.Bezirk, Brigittenau <920>",12
50 bis 54 Jahre,2025,"Wien 15.Bezirk, Rudolfsheim-Fünfhaus <915>","Wien 21.Bezirk, Floridsdorf <921>",14
50 bis 54 Jahre,2025,"Wien 15.Bezirk, Rudolfsheim-Fünfhaus <915>","Wien 22.Bezirk, Donaustadt <922>",21
50 bis 54 Jahre,2025,"Wien 15.Bezirk, Rudolfsheim-Fünfhaus <915>","Wien 23.Bezirk, Liesing <923>",16
50 bis 54 Jahre,2025,"Wien 16.Bezirk, Ottakring <916>","Wien 1.Bezirk, Innere Stadt <901>",3
50 bis 54 Jahre,2025,"Wien 16.Bezirk, Ottakring <916>","Wien 2.Bezirk, Leopoldstadt <902>",14
50 bis 54 Jahre,2025,"Wien 16.Bezirk, Ottakring <916>","Wien 3.Bezirk, Landstraße <903>",15
50 bis 54 Jahre,2025,"Wien 16.Bezirk, Ottakring <916>","Wien 4.Bezirk, Wieden <904>",8
50 bis 54 Jahre,2025,"Wien 16.Bezirk, Ottakring <916>","Wien 5.Bezirk, Margareten <905>",12
50 bis 54 Jahre,2025,"Wien 16.Bezirk, Ottakring <916>","Wien 6.Bezirk, Mariahilf <906>",3
50 bis 54 Jahre,2025,"Wien 16.Bezirk, Ottakring <916>","Wien 7.Bezirk, Neubau <907>",6
50 bis 54 Jahre,2025,"Wien 16.Bezirk, Ottakring <916>","Wien 8.Bezirk, Josefstadt <908>",5
50 bis 54 Jahre,2025,"Wien 16.Bezirk, Ottakring <916>","Wien 9.Bezirk, Alsergrund <909>",8
50 bis 54 Jahre,2025,"Wien 16.Bezirk, Ottakring <916>","Wien 10.Bezirk, Favoriten <910>",34
50 bis 54 Jahre,2025,"Wien 16.Bezirk, Ottakring <916>","Wien 11.Bezirk, Simmering <911>",9
50 bis 54 Jahre,2025,"Wien 16.Bezirk, Ottakring <916>","Wien 12.Bezirk, Meidling <912>",19
50 bis 54 Jahre,2025,"Wien 16.Bezirk, Ottakring <916>","Wien 13.Bezirk, Hietzing <913>",16
50 bis 54 Jahre,2025,"Wien 16.Bezirk, Ottakring <916>","Wien 14.Bezirk, Penzing <914>",38
50 bis 54 Jahre,2025,"Wien 16.Bezirk, Ottakring <916>","Wien 15.Bezirk, Rudolfsheim-Fünfhaus <915>",31
50 bis 54 Jahre,2025,"Wien 16.Bezirk, Ottakring <916>","Wien 16.Bezirk, Ottakring <916>",91
50 bis 54 Jahre,2025,"Wien 16.Bezirk, Ottakring <916>","Wien 17.Bezirk, Hernals <917>",21
50 bis 54 Jahre,2025,"Wien 16.Bezirk, Ottakring <916>","Wien 18.Bezirk, Währing <918>",8
50 bis 54 Jahre,2025,"Wien 16.Bezirk, Ottakring <916>","Wien 19.Bezirk, Döbling <919>",13
50 bis 54 Jahre,2025,"Wien 16.Bezirk, Ottakring <916>","Wien 20.Bezirk, Brigittenau <920>",23
50 bis 54 Jahre,2025,"Wien 16.Bezirk, Ottakring <916>","Wien 21.Bezirk, Floridsdorf <921>",22
50 bis 54 Jahre,2025,"Wien 16.Bezirk, Ottakring <916>","Wien 22.Bezirk, Donaustadt <922>",28
50 bis 54 Jahre,2025,"Wien 16.Bezirk, Ottakring <916>","Wien 23.Bezirk, Liesing <923>",12
50 bis 54 Jahre,2025,"Wien 17.Bezirk, Hernals <917>","Wien 1.Bezirk, Innere Stadt <901>",1
50 bis 54 Jahre,2025,"Wien 17.Bezirk, Hernals <917>","Wien 2.Bezirk, Leopoldstadt <902>",7
50 bis 54 Jahre,2025,"Wien 17.Bezirk, Hernals <917>","Wien 3.Bezirk, Landstraße <903>",4
50 bis 54 Jahre,2025,"Wien 17.Bezirk, Hernals <917>","Wien 4.Bezirk, Wieden <904>",5
50 bis 54 Jahre,2025,"Wien 17.Bezirk, Hernals <917>","Wien 5.Bezirk, Margareten <905>",6
50 bis 54 Jahre,2025,"Wien 17.Bezirk, Hernals <917>","Wien 6.Bezirk, Mariahilf <906>",-
50 bis 54 Jahre,2025,"Wien 17.Bezirk, Hernals <917>","Wien 7.Bezirk, Neubau <907>",4
50 bis 54 Jahre,2025,"Wien 17.Bezirk, Hernals <917>","Wien 8.Bezirk, Josefstadt <908>",1
50 bis 54 Jahre,2025,"Wien 17.Bezirk, Hernals <917>","Wien 9.Bezirk, Alsergrund <909>",7
50 bis 54 Jahre,2025,"Wien 17.Bezirk, Hernals <917>","Wien 10.Bezirk, Favoriten <910>",10
50 bis 54 Jahre,2025,"Wien 17.Bezirk, Hernals <917>","Wien 11.Bezirk, Simmering <911>",5
50 bis 54 Jahre,2025,"Wien 17.Bezirk, Hernals <917>","Wien 12.Bezirk, Meidling <912>",7
50 bis 54 Jahre,2025,"Wien 17.Bezirk, Hernals <917>","Wien 13.Bezirk, Hietzing <913>",3
50 bis 54 Jahre,2025,"Wien 17.Bezirk, Hernals <917>","Wien 14.Bezirk, Penzing <914>",8
50 bis 54 Jahre,2025,"Wien 17.Bezirk, Hernals <917>","Wien 15.Bezirk, Rudolfsheim-Fünfhaus <915>",14
50 bis 54 Jahre,2025,"Wien 17.Bezirk, Hernals <917>","Wien 16.Bezirk, Ottakring <916>",42
50 bis 54 Jahre,2025,"Wien 17.Bezirk, Hernals <917>","Wien 17.Bezirk, Hernals <917>",25
50 bis 54 Jahre,2025,"Wien 17.Bezirk, Hernals <917>","Wien 18.Bezirk, Währing <918>",4
50 bis 54 Jahre,2025,"Wien 17.Bezirk, Hernals <917>","Wien 19.Bezirk, Döbling <919>",8
50 bis 54 Jahre,2025,"Wien 17.Bezirk, Hernals <917>","Wien 20.Bezirk, Brigittenau <920>",6
50 bis 54 Jahre,2025,"Wien 17.Bezirk, Hernals <917>","Wien 21.Bezirk, Floridsdorf <921>",8
50 bis 54 Jahre,2025,"Wien 17.Bezirk, Hernals <917>","Wien 22.Bezirk, Donaustadt <922>",9
50 bis 54 Jahre,2025,"Wien 17.Bezirk, Hernals <917>","Wien 23.Bezirk, Liesing <923>",8
50 bis 54 Jahre,2025,"Wien 18.Bezirk, Währing <918>","Wien 1.Bezirk, Innere Stadt <901>",3
50 bis 54 Jahre,2025,"Wien 18.Bezirk, Währing <918>","Wien 2.Bezirk, Leopoldstadt <902>",4
50 bis 54 Jahre,2025,"Wien 18.Bezirk, Währing <918>","Wien 3.Bezirk, Landstraße <903>",10
50 bis 54 Jahre,2025,"Wien 18.Bezirk, Währing <918>","Wien 4.Bezirk, Wieden <904>",2
50 bis 54 Jahre,2025,"Wien 18.Bezirk, Währing <918>","Wien 5.Bezirk, Margareten <905>",5
50 bis 54 Jahre,2025,"Wien 18.Bezirk, Währing <918>","Wien 6.Bezirk, Mariahilf <906>",3
50 bis 54 Jahre,2025,"Wien 18.Bezirk, Währing <918>","Wien 7.Bezirk, Neubau <907>",-
50 bis 54 Jahre,2025,"Wien 18.Bezirk, Währing <918>","Wien 8.Bezirk, Josefstadt <908>",1
50 bis 54 Jahre,2025,"Wien 18.Bezirk, Währing <918>","Wien 9.Bezirk, Alsergrund <909>",4
50 bis 54 Jahre,2025,"Wien 18.Bezirk, Währing <918>","Wien 10.Bezirk, Favoriten <910>",3
50 bis 54 Jahre,2025,"Wien 18.Bezirk, Währing <918>","Wien 11.Bezirk, Simmering <911>",5
50 bis 54 Jahre,2025,"Wien 18.Bezirk, Währing <918>","Wien 12.Bezirk, Meidling <912>",4
50 bis 54 Jahre,2025,"Wien 18.Bezirk, Währing <918>","Wien 13.Bezirk, Hietzing <913>",4
50 bis 54 Jahre,2025,"Wien 18.Bezirk, Währing <918>","Wien 14.Bezirk, Penzing <914>",6
50 bis 54 Jahre,2025,"Wien 18.Bezirk, Währing <918>","Wien 15.Bezirk, Rudolfsheim-Fünfhaus <915>",4
50 bis 54 Jahre,2025,"Wien 18.Bezirk, Währing <918>","Wien 16.Bezirk, Ottakring <916>",13
50 bis 54 Jahre,2025,"Wien 18.Bezirk, Währing <918>","Wien 17.Bezirk, Hernals <917>",9
50 bis 54 Jahre,2025,"Wien 18.Bezirk, Währing <918>","Wien 18.Bezirk, Währing <918>",45
50 bis 54 Jahre,2025,"Wien 18.Bezirk, Währing <918>","Wien 19.Bezirk, Döbling <919>",21
50 bis 54 Jahre,2025,"Wien 18.Bezirk, Währing <918>","Wien 20.Bezirk, Brigittenau <920>",5
50 bis 54 Jahre,2025,"Wien 18.Bezirk, Währing <918>","Wien 21.Bezirk, Floridsdorf <921>",8
50 bis 54 Jahre,2025,"Wien 18.Bezirk, Währing <918>","Wien 22.Bezirk, Donaustadt <922>",6
50 bis 54 Jahre,2025,"Wien 18.Bezirk, Währing <918>","Wien 23.Bezirk, Liesing <923>",2
50 bis 54 Jahre,2025,"Wien 19.Bezirk, Döbling <919>","Wien 1.Bezirk, Innere Stadt <901>",3
50 bis 54 Jahre,2025,"Wien 19.Bezirk, Döbling <919>","Wien 2.Bezirk, Leopoldstadt <902>",14
50 bis 54 Jahre,2025,"Wien 19.Bezirk, Döbling <919>","Wien 3.Bezirk, Landstraße <903>",7
50 bis 54 Jahre,2025,"Wien 19.Bezirk, Döbling <919>","Wien 4.Bezirk, Wieden <904>",4
50 bis 54 Jahre,2025,"Wien 19.Bezirk, Döbling <919>","Wien 5.Bezirk, Margareten <905>",1
50 bis 54 Jahre,2025,"Wien 19.Bezirk, Döbling <919>","Wien 6.Bezirk, Mariahilf <906>",4
50 bis 54 Jahre,2025,"Wien 19.Bezirk, Döbling <919>","Wien 7.Bezirk, Neubau <907>",3
50 bis 54 Jahre,2025,"Wien 19.Bezirk, Döbling <919>","Wien 8.Bezirk, Josefstadt <908>",3
50 bis 54 Jahre,2025,"Wien 19.Bezirk, Döbling <919>","Wien 9.Bezirk, Alsergrund <909>",7
50 bis 54 Jahre,2025,"Wien 19.Bezirk, Döbling <919>","Wien 10.Bezirk, Favoriten <910>",10
50 bis 54 Jahre,2025,"Wien 19.Bezirk, Döbling <919>","Wien 11.Bezirk, Simmering <911>",8
50 bis 54 Jahre,2025,"Wien 19.Bezirk, Döbling <919>","Wien 12.Bezirk, Meidling <912>",5
50 bis 54 Jahre,2025,"Wien 19.Bezirk, Döbling <919>","Wien 13.Bezirk, Hietzing <913>",1
50 bis 54 Jahre,2025,"Wien 19.Bezirk, Döbling <919>","Wien 14.Bezirk, Penzing <914>",7
50 bis 54 Jahre,2025,"Wien 19.Bezirk, Döbling <919>","Wien 15.Bezirk, Rudolfsheim-Fünfhaus <915>",4
50 bis 54 Jahre,2025,"Wien 19.Bezirk, Döbling <919>","Wien 16.Bezirk, Ottakring <916>",17
50 bis 54 Jahre,2025,"Wien 19.Bezirk, Döbling <919>","Wien 17.Bezirk, Hernals <917>",10
50 bis 54 Jahre,2025,"Wien 19.Bezirk, Döbling <919>","Wien 18.Bezirk, Währing <918>",15
50 bis 54 Jahre,2025,"Wien 19.Bezirk, Döbling <919>","Wien 19.Bezirk, Döbling <919>",95
50 bis 54 Jahre,2025,"Wien 19.Bezirk, Döbling <919>","Wien 20.Bezirk, Brigittenau <920>",8
50 bis 54 Jahre,2025,"Wien 19.Bezirk, Döbling <919>","Wien 21.Bezirk, Floridsdorf <921>",19
50 bis 54 Jahre,2025,"Wien 19.Bezirk, Döbling <919>","Wien 22.Bezirk, Donaustadt <922>",18
50 bis 54 Jahre,2025,"Wien 19.Bezirk, Döbling <919>","Wien 23.Bezirk, Liesing <923>",3
50 bis 54 Jahre,2025,"Wien 20.Bezirk, Brigittenau <920>","Wien 1.Bezirk, Innere Stadt <901>",4
50 bis 54 Jahre,2025,"Wien 20.Bezirk, Brigittenau <920>","Wien 2.Bezirk, Leopoldstadt <902>",34
50 bis 54 Jahre,2025,"Wien 20.Bezirk, Brigittenau <920>","Wien 3.Bezirk, Landstraße <903>",4
50 bis 54 Jahre,2025,"Wien 20.Bezirk, Brigittenau <920>","Wien 4.Bezirk, Wieden <904>",7
50 bis 54 Jahre,2025,"Wien 20.Bezirk, Brigittenau <920>","Wien 5.Bezirk, Margareten <905>",8
50 bis 54 Jahre,2025,"Wien 20.Bezirk, Brigittenau <920>","Wien 6.Bezirk, Mariahilf <906>",-
50 bis 54 Jahre,2025,"Wien 20.Bezirk, Brigittenau <920>","Wien 7.Bezirk, Neubau <907>",1
50 bis 54 Jahre,2025,"Wien 20.Bezirk, Brigittenau <920>","Wien 8.Bezirk, Josefstadt <908>",2
50 bis 54 Jahre,2025,"Wien 20.Bezirk, Brigittenau <920>","Wien 9.Bezirk, Alsergrund <909>",7
50 bis 54 Jahre,2025,"Wien 20.Bezirk, Brigittenau <920>","Wien 10.Bezirk, Favoriten <910>",26
50 bis 54 Jahre,2025,"Wien 20.Bezirk, Brigittenau <920>","Wien 11.Bezirk, Simmering <911>",13
50 bis 54 Jahre,2025,"Wien 20.Bezirk, Brigittenau <920>","Wien 12.Bezirk, Meidling <912>",12
50 bis 54 Jahre,2025,"Wien 20.Bezirk, Brigittenau <920>","Wien 13.Bezirk, Hietzing <913>",2
50 bis 54 Jahre,2025,"Wien 20.Bezirk, Brigittenau <920>","Wien 14.Bezirk, Penzing <914>",7
50 bis 54 Jahre,2025,"Wien 20.Bezirk, Brigittenau <920>","Wien 15.Bezirk, Rudolfsheim-Fünfhaus <915>",9
50 bis 54 Jahre,2025,"Wien 20.Bezirk, Brigittenau <920>","Wien 16.Bezirk, Ottakring <916>",10
50 bis 54 Jahre,2025,"Wien 20.Bezirk, Brigittenau <920>","Wien 17.Bezirk, Hernals <917>",3
50 bis 54 Jahre,2025,"Wien 20.Bezirk, Brigittenau <920>","Wien 18.Bezirk, Währing <918>",7
50 bis 54 Jahre,2025,"Wien 20.Bezirk, Brigittenau <920>","Wien 19.Bezirk, Döbling <919>",12
50 bis 54 Jahre,2025,"Wien 20.Bezirk, Brigittenau <920>","Wien 20.Bezirk, Brigittenau <920>",61
50 bis 54 Jahre,2025,"Wien 20.Bezirk, Brigittenau <920>","Wien 21.Bezirk, Floridsdorf <921>",38
50 bis 54 Jahre,2025,"Wien 20.Bezirk, Brigittenau <920>","Wien 22.Bezirk, Donaustadt <922>",41
50 bis 54 Jahre,2025,"Wien 20.Bezirk, Brigittenau <920>","Wien 23.Bezirk, Liesing <923>",6
50 bis 54 Jahre,2025,"Wien 21.Bezirk, Floridsdorf <921>","Wien 1.Bezirk, Innere Stadt <901>",2
50 bis 54 Jahre,2025,"Wien 21.Bezirk, Floridsdorf <921>","Wien 2.Bezirk, Leopoldstadt <902>",20
50 bis 54 Jahre,2025,"Wien 21.Bezirk, Floridsdorf <921>","Wien 3.Bezirk, Landstraße <903>",13
50 bis 54 Jahre,2025,"Wien 21.Bezirk, Floridsdorf <921>","Wien 4.Bezirk, Wieden <904>",11
50 bis 54 Jahre,2025,"Wien 21.Bezirk, Floridsdorf <921>","Wien 5.Bezirk, Margareten <905>",5
50 bis 54 Jahre,2025,"Wien 21.Bezirk, Floridsdorf <921>","Wien 6.Bezirk, Mariahilf <906>",3
50 bis 54 Jahre,2025,"Wien 21.Bezirk, Floridsdorf <921>","Wien 7.Bezirk, Neubau <907>",1
50 bis 54 Jahre,2025,"Wien 21.Bezirk, Floridsdorf <921>","Wien 8.Bezirk, Josefstadt <908>",2
50 bis 54 Jahre,2025,"Wien 21.Bezirk, Floridsdorf <921>","Wien 9.Bezirk, Alsergrund <909>",10
50 bis 54 Jahre,2025,"Wien 21.Bezirk, Floridsdorf <921>","Wien 10.Bezirk, Favoriten <910>",32
50 bis 54 Jahre,2025,"Wien 21.Bezirk, Floridsdorf <921>","Wien 11.Bezirk, Simmering <911>",16
50 bis 54 Jahre,2025,"Wien 21.Bezirk, Floridsdorf <921>","Wien 12.Bezirk, Meidling <912>",14
50 bis 54 Jahre,2025,"Wien 21.Bezirk, Floridsdorf <921>","Wien 13.Bezirk, Hietzing <913>",5
50 bis 54 Jahre,2025,"Wien 21.Bezirk, Floridsdorf <921>","Wien 14.Bezirk, Penzing <914>",11
50 bis 54 Jahre,2025,"Wien 21.Bezirk, Floridsdorf <921>","Wien 15.Bezirk, Rudolfsheim-Fünfhaus <915>",8
50 bis 54 Jahre,2025,"Wien 21.Bezirk, Floridsdorf <921>","Wien 16.Bezirk, Ottakring <916>",10
50 bis 54 Jahre,2025,"Wien 21.Bezirk, Floridsdorf <921>","Wien 17.Bezirk, Hernals <917>",4
50 bis 54 Jahre,2025,"Wien 21.Bezirk, Floridsdorf <921>","Wien 18.Bezirk, Währing <918>",4
50 bis 54 Jahre,2025,"Wien 21.Bezirk, Floridsdorf <921>","Wien 19.Bezirk, Döbling <919>",11
50 bis 54 Jahre,2025,"Wien 21.Bezirk, Floridsdorf <921>","Wien 20.Bezirk, Brigittenau <920>",20
50 bis 54 Jahre,2025,"Wien 21.Bezirk, Floridsdorf <921>","Wien 21.Bezirk, Floridsdorf <921>",224
50 bis 54 Jahre,2025,"Wien 21.Bezirk, Floridsdorf <921>","Wien 22.Bezirk, Donaustadt <922>",84
50 bis 54 Jahre,2025,"Wien 21.Bezirk, Floridsdorf <921>","Wien 23.Bezirk, Liesing <923>",13
50 bis 54 Jahre,2025,"Wien 22.Bezirk, Donaustadt <922>","Wien 1.Bezirk, Innere Stadt <901>",4
50 bis 54 Jahre,2025,"Wien 22.Bezirk, Donaustadt <922>","Wien 2.Bezirk, Leopoldstadt <902>",25
50 bis 54 Jahre,2025,"Wien 22.Bezirk, Donaustadt <922>","Wien 3.Bezirk, Landstraße <903>",15
50 bis 54 Jahre,2025,"Wien 22.Bezirk, Donaustadt <922>","Wien 4.Bezirk, Wieden <904>",8
50 bis 54 Jahre,2025,"Wien 22.Bezirk, Donaustadt <922>","Wien 5.Bezirk, Margareten <905>",9
50 bis 54 Jahre,2025,"Wien 22.Bezirk, Donaustadt <922>","Wien 6.Bezirk, Mariahilf <906>",1
50 bis 54 Jahre,2025,"Wien 22.Bezirk, Donaustadt <922>","Wien 7.Bezirk, Neubau <907>",1
50 bis 54 Jahre,2025,"Wien 22.Bezirk, Donaustadt <922>","Wien 8.Bezirk, Josefstadt <908>",4
50 bis 54 Jahre,2025,"Wien 22.Bezirk, Donaustadt <922>","Wien 9.Bezirk, Alsergrund <909>",7
50 bis 54 Jahre,2025,"Wien 22.Bezirk, Donaustadt <922>","Wien 10.Bezirk, Favoriten <910>",26
50 bis 54 Jahre,2025,"Wien 22.Bezirk, Donaustadt <922>","Wien 11.Bezirk, Simmering <911>",16
50 bis 54 Jahre,2025,"Wien 22.Bezirk, Donaustadt <922>","Wien 12.Bezirk, Meidling <912>",10
50 bis 54 Jahre,2025,"Wien 22.Bezirk, Donaustadt <922>","Wien 13.Bezirk, Hietzing <913>",3
50 bis 54 Jahre,2025,"Wien 22.Bezirk, Donaustadt <922>","Wien 14.Bezirk, Penzing <914>",10
50 bis 54 Jahre,2025,"Wien 22.Bezirk, Donaustadt <922>","Wien 15.Bezirk, Rudolfsheim-Fünfhaus <915>",4
50 bis 54 Jahre,2025,"Wien 22.Bezirk, Donaustadt <922>","Wien 16.Bezirk, Ottakring <916>",13
50 bis 54 Jahre,2025,"Wien 22.Bezirk, Donaustadt <922>","Wien 17.Bezirk, Hernals <917>",9
50 bis 54 Jahre,2025,"Wien 22.Bezirk, Donaustadt <922>","Wien 18.Bezirk, Währing <918>",6
50 bis 54 Jahre,2025,"Wien 22.Bezirk, Donaustadt <922>","Wien 19.Bezirk, Döbling <919>",7
50 bis 54 Jahre,2025,"Wien 22.Bezirk, Donaustadt <922>","Wien 20.Bezirk, Brigittenau <920>",18
50 bis 54 Jahre,2025,"Wien 22.Bezirk, Donaustadt <922>","Wien 21.Bezirk, Floridsdorf <921>",58
50 bis 54 Jahre,2025,"Wien 22.Bezirk, Donaustadt <922>","Wien 22.Bezirk, Donaustadt <922>",297
50 bis 54 Jahre,2025,"Wien 22.Bezirk, Donaustadt <922>","Wien 23.Bezirk, Liesing <923>",12
50 bis 54 Jahre,2025,"Wien 23.Bezirk, Liesing <923>","Wien 1.Bezirk, Innere Stadt <901>",2
50 bis 54 Jahre,2025,"Wien 23.Bezirk, Liesing <923>","Wien 2.Bezirk, Leopoldstadt <902>",5
50 bis 54 Jahre,2025,"Wien 23.Bezirk, Liesing <923>","Wien 3.Bezirk, Landstraße <903>",12
50 bis 54 Jahre,2025,"Wien 23.Bezirk, Liesing <923>","Wien 4.Bezirk, Wieden <904>",6
50 bis 54 Jahre,2025,"Wien 23.Bezirk, Liesing <923>","Wien 5.Bezirk, Margareten <905>",6
50 bis 54 Jahre,2025,"Wien 23.Bezirk, Liesing <923>","Wien 6.Bezirk, Mariahilf <906>",1
50 bis 54 Jahre,2025,"Wien 23.Bezirk, Liesing <923>","Wien 7.Bezirk, Neubau <907>",-
50 bis 54 Jahre,2025,"Wien 23.Bezirk, Liesing <923>","Wien 8.Bezirk, Josefstadt <908>",1
50 bis 54 Jahre,2025,"Wien 23.Bezirk, Liesing <923>","Wien 9.Bezirk, Alsergrund <909>",2
50 bis 54 Jahre,2025,"Wien 23.Bezirk, Liesing <923>","Wien 10.Bezirk, Favoriten <910>",27
50 bis 54 Jahre,2025,"Wien 23.Bezirk, Liesing <923>","Wien 11.Bezirk, Simmering <911>",6
50 bis 54 Jahre,2025,"Wien 23.Bezirk, Liesing <923>","Wien 12.Bezirk, Meidling <912>",16
50 bis 54 Jahre,2025,"Wien 23.Bezirk, Liesing <923>","Wien 13.Bezirk, Hietzing <913>",8
50 bis 54 Jahre,2025,"Wien 23.Bezirk, Liesing <923>","Wien 14.Bezirk, Penzing <914>",7
50 bis 54 Jahre,2025,"Wien 23.Bezirk, Liesing <923>","Wien 15.Bezirk, Rudolfsheim-Fünfhaus <915>",4
50 bis 54 Jahre,2025,"Wien 23.Bezirk, Liesing <923>","Wien 16.Bezirk, Ottakring <916>",8
50 bis 54 Jahre,2025,"Wien 23.Bezirk, Liesing <923>","Wien 17.Bezirk, Hernals <917>",4
50 bis 54 Jahre,2025,"Wien 23.Bezirk, Liesing <923>","Wien 18.Bezirk, Währing <918>",3
50 bis 54 Jahre,2025,"Wien 23.Bezirk, Liesing <923>","Wien 19.Bezirk, Döbling <919>",5
50 bis 54 Jahre,2025,"Wien 23.Bezirk, Liesing <923>","Wien 20.Bezirk, Brigittenau <920>",7
50 bis 54 Jahre,2025,"Wien 23.Bezirk, Liesing <923>","Wien 21.Bezirk, Floridsdorf <921>",16
50 bis 54 Jahre,2025,"Wien 23.Bezirk, Liesing <923>","Wien 22.Bezirk, Donaustadt <922>",19
50 bis 54 Jahre,2025,"Wien 23.Bezirk, Liesing <923>","Wien 23.Bezirk, Liesing <923>",92
55 bis 59 Jahre,2025,"Wien 1.Bezirk, Innere Stadt <901>","Wien 1.Bezirk, Innere Stadt <901>",16
55 bis 59 Jahre,2025,"Wien 1.Bezirk, Innere Stadt <901>","Wien 2.Bezirk, Leopoldstadt <902>",4
55 bis 59 Jahre,2025,"Wien 1.Bezirk, Innere Stadt <901>","Wien 3.Bezirk, Landstraße <903>",7
55 bis 59 Jahre,2025,"Wien 1.Bezirk, Innere Stadt <901>","Wien 4.Bezirk, Wieden <904>",5
55 bis 59 Jahre,2025,"Wien 1.Bezirk, Innere Stadt <901>","Wien 5.Bezirk, Margareten <905>",1
55 bis 59 Jahre,2025,"Wien 1.Bezirk, Innere Stadt <901>","Wien 6.Bezirk, Mariahilf <906>",4
55 bis 59 Jahre,2025,"Wien 1.Bezirk, Innere Stadt <901>","Wien 7.Bezirk, Neubau <907>",3
55 bis 59 Jahre,2025,"Wien 1.Bezirk, Innere Stadt <901>","Wien 8.Bezirk, Josefstadt <908>",-
55 bis 59 Jahre,2025,"Wien 1.Bezirk, Innere Stadt <901>","Wien 9.Bezirk, Alsergrund <909>",3
55 bis 59 Jahre,2025,"Wien 1.Bezirk, Innere Stadt <901>","Wien 10.Bezirk, Favoriten <910>",3
55 bis 59 Jahre,2025,"Wien 1.Bezirk, Innere Stadt <901>","Wien 11.Bezirk, Simmering <911>",1
55 bis 59 Jahre,2025,"Wien 1.Bezirk, Innere Stadt <901>","Wien 12.Bezirk, Meidling <912>",3
55 bis 59 Jahre,2025,"Wien 1.Bezirk, Innere Stadt <901>","Wien 13.Bezirk, Hietzing <913>",1
55 bis 59 Jahre,2025,"Wien 1.Bezirk, Innere Stadt <901>","Wien 14.Bezirk, Penzing <914>",3
55 bis 59 Jahre,2025,"Wien 1.Bezirk, Innere Stadt <901>","Wien 15.Bezirk, Rudolfsheim-Fünfhaus <915>",2
55 bis 59 Jahre,2025,"Wien 1.Bezirk, Innere Stadt <901>","Wien 16.Bezirk, Ottakring <916>",9
55 bis 59 Jahre,2025,"Wien 1.Bezirk, Innere Stadt <901>","Wien 17.Bezirk, Hernals <917>",3
55 bis 59 Jahre,2025,"Wien 1.Bezirk, Innere Stadt <901>","Wien 18.Bezirk, Währing <918>",4
55 bis 59 Jahre,2025,"Wien 1.Bezirk, Innere Stadt <901>","Wien 19.Bezirk, Döbling <919>",6
55 bis 59 Jahre,2025,"Wien 1.Bezirk, Innere Stadt <901>","Wien 20.Bezirk, Brigittenau <920>",-
55 bis 59 Jahre,2025,"Wien 1.Bezirk, Innere Stadt <901>","Wien 21.Bezirk, Floridsdorf <921>",2
55 bis 59 Jahre,2025,"Wien 1.Bezirk, Innere Stadt <901>","Wien 22.Bezirk, Donaustadt <922>",4
55 bis 59 Jahre,2025,"Wien 1.Bezirk, Innere Stadt <901>","Wien 23.Bezirk, Liesing <923>",3
55 bis 59 Jahre,2025,"Wien 2.Bezirk, Leopoldstadt <902>","Wien 1.Bezirk, Innere Stadt <901>",2
55 bis 59 Jahre,2025,"Wien 2.Bezirk, Leopoldstadt <902>","Wien 2.Bezirk, Leopoldstadt <902>",81
55 bis 59 Jahre,2025,"Wien 2.Bezirk, Leopoldstadt <902>","Wien 3.Bezirk, Landstraße <903>",22
55 bis 59 Jahre,2025,"Wien 2.Bezirk, Leopoldstadt <902>","Wien 4.Bezirk, Wieden <904>",3
55 bis 59 Jahre,2025,"Wien 2.Bezirk, Leopoldstadt <902>","Wien 5.Bezirk, Margareten <905>",6
55 bis 59 Jahre,2025,"Wien 2.Bezirk, Leopoldstadt <902>","Wien 6.Bezirk, Mariahilf <906>",2
55 bis 59 Jahre,2025,"Wien 2.Bezirk, Leopoldstadt <902>","Wien 7.Bezirk, Neubau <907>",3
55 bis 59 Jahre,2025,"Wien 2.Bezirk, Leopoldstadt <902>","Wien 8.Bezirk, Josefstadt <908>",3
55 bis 59 Jahre,2025,"Wien 2.Bezirk, Leopoldstadt <902>","Wien 9.Bezirk, Alsergrund <909>",3
55 bis 59 Jahre,2025,"Wien 2.Bezirk, Leopoldstadt <902>","Wien 10.Bezirk, Favoriten <910>",12
55 bis 59 Jahre,2025,"Wien 2.Bezirk, Leopoldstadt <902>","Wien 11.Bezirk, Simmering <911>",14
55 bis 59 Jahre,2025,"Wien 2.Bezirk, Leopoldstadt <902>","Wien 12.Bezirk, Meidling <912>",9
55 bis 59 Jahre,2025,"Wien 2.Bezirk, Leopoldstadt <902>","Wien 13.Bezirk, Hietzing <913>",4
55 bis 59 Jahre,2025,"Wien 2.Bezirk, Leopoldstadt <902>","Wien 14.Bezirk, Penzing <914>",6
55 bis 59 Jahre,2025,"Wien 2.Bezirk, Leopoldstadt <902>","Wien 15.Bezirk, Rudolfsheim-Fünfhaus <915>",6
55 bis 59 Jahre,2025,"Wien 2.Bezirk, Leopoldstadt <902>","Wien 16.Bezirk, Ottakring <916>",4
55 bis 59 Jahre,2025,"Wien 2.Bezirk, Leopoldstadt <902>","Wien 17.Bezirk, Hernals <917>",5
55 bis 59 Jahre,2025,"Wien 2.Bezirk, Leopoldstadt <902>","Wien 18.Bezirk, Währing <918>",3
55 bis 59 Jahre,2025,"Wien 2.Bezirk, Leopoldstadt <902>","Wien 19.Bezirk, Döbling <919>",11
55 bis 59 Jahre,2025,"Wien 2.Bezirk, Leopoldstadt <902>","Wien 20.Bezirk, Brigittenau <920>",20
55 bis 59 Jahre,2025,"Wien 2.Bezirk, Leopoldstadt <902>","Wien 21.Bezirk, Floridsdorf <921>",22
55 bis 59 Jahre,2025,"Wien 2.Bezirk, Leopoldstadt <902>","Wien 22.Bezirk, Donaustadt <922>",39
55 bis 59 Jahre,2025,"Wien 2.Bezirk, Leopoldstadt <902>","Wien 23.Bezirk, Liesing <923>",2
55 bis 59 Jahre,2025,"Wien 3.Bezirk, Landstraße <903>","Wien 1.Bezirk, Innere Stadt <901>",3
55 bis 59 Jahre,2025,"Wien 3.Bezirk, Landstraße <903>","Wien 2.Bezirk, Leopoldstadt <902>",14
55 bis 59 Jahre,2025,"Wien 3.Bezirk, Landstraße <903>","Wien 3.Bezirk, Landstraße <903>",57
55 bis 59 Jahre,2025,"Wien 3.Bezirk, Landstraße <903>","Wien 4.Bezirk, Wieden <904>",12
55 bis 59 Jahre,2025,"Wien 3.Bezirk, Landstraße <903>","Wien 5.Bezirk, Margareten <905>",9
55 bis 59 Jahre,2025,"Wien 3.Bezirk, Landstraße <903>","Wien 6.Bezirk, Mariahilf <906>",5
55 bis 59 Jahre,2025,"Wien 3.Bezirk, Landstraße <903>","Wien 7.Bezirk, Neubau <907>",6
55 bis 59 Jahre,2025,"Wien 3.Bezirk, Landstraße <903>","Wien 8.Bezirk, Josefstadt <908>",4
55 bis 59 Jahre,2025,"Wien 3.Bezirk, Landstraße <903>","Wien 9.Bezirk, Alsergrund <909>",6
55 bis 59 Jahre,2025,"Wien 3.Bezirk, Landstraße <903>","Wien 10.Bezirk, Favoriten <910>",38
55 bis 59 Jahre,2025,"Wien 3.Bezirk, Landstraße <903>","Wien 11.Bezirk, Simmering <911>",18
55 bis 59 Jahre,2025,"Wien 3.Bezirk, Landstraße <903>","Wien 12.Bezirk, Meidling <912>",8
55 bis 59 Jahre,2025,"Wien 3.Bezirk, Landstraße <903>","Wien 13.Bezirk, Hietzing <913>",9
55 bis 59 Jahre,2025,"Wien 3.Bezirk, Landstraße <903>","Wien 14.Bezirk, Penzing <914>",3
55 bis 59 Jahre,2025,"Wien 3.Bezirk, Landstraße <903>","Wien 15.Bezirk, Rudolfsheim-Fünfhaus <915>",11
55 bis 59 Jahre,2025,"Wien 3.Bezirk, Landstraße <903>","Wien 16.Bezirk, Ottakring <916>",6
55 bis 59 Jahre,2025,"Wien 3.Bezirk, Landstraße <903>","Wien 17.Bezirk, Hernals <917>",7
55 bis 59 Jahre,2025,"Wien 3.Bezirk, Landstraße <903>","Wien 18.Bezirk, Währing <918>",4
55 bis 59 Jahre,2025,"Wien 3.Bezirk, Landstraße <903>","Wien 19.Bezirk, Döbling <919>",7
55 bis 59 Jahre,2025,"Wien 3.Bezirk, Landstraße <903>","Wien 20.Bezirk, Brigittenau <920>",3
55 bis 59 Jahre,2025,"Wien 3.Bezirk, Landstraße <903>","Wien 21.Bezirk, Floridsdorf <921>",13
55 bis 59 Jahre,2025,"Wien 3.Bezirk, Landstraße <903>","Wien 22.Bezirk, Donaustadt <922>",25
55 bis 59 Jahre,2025,"Wien 3.Bezirk, Landstraße <903>","Wien 23.Bezirk, Liesing <923>",6
55 bis 59 Jahre,2025,"Wien 4.Bezirk, Wieden <904>","Wien 1.Bezirk, Innere Stadt <901>",2
55 bis 59 Jahre,2025,"Wien 4.Bezirk, Wieden <904>","Wien 2.Bezirk, Leopoldstadt <902>",10
55 bis 59 Jahre,2025,"Wien 4.Bezirk, Wieden <904>","Wien 3.Bezirk, Landstraße <903>",21
55 bis 59 Jahre,2025,"Wien 4.Bezirk, Wieden <904>","Wien 4.Bezirk, Wieden <904>",18
55 bis 59 Jahre,2025,"Wien 4.Bezirk, Wieden <904>","Wien 5.Bezirk, Margareten <905>",7
55 bis 59 Jahre,2025,"Wien 4.Bezirk, Wieden <904>","Wien 6.Bezirk, Mariahilf <906>",6
55 bis 59 Jahre,2025,"Wien 4.Bezirk, Wieden <904>","Wien 7.Bezirk, Neubau <907>",1
55 bis 59 Jahre,2025,"Wien 4.Bezirk, Wieden <904>","Wien 8.Bezirk, Josefstadt <908>",2
55 bis 59 Jahre,2025,"Wien 4.Bezirk, Wieden <904>","Wien 9.Bezirk, Alsergrund <909>",5
55 bis 59 Jahre,2025,"Wien 4.Bezirk, Wieden <904>","Wien 10.Bezirk, Favoriten <910>",19
55 bis 59 Jahre,2025,"Wien 4.Bezirk, Wieden <904>","Wien 11.Bezirk, Simmering <911>",6
55 bis 59 Jahre,2025,"Wien 4.Bezirk, Wieden <904>","Wien 12.Bezirk, Meidling <912>",18
55 bis 59 Jahre,2025,"Wien 4.Bezirk, Wieden <904>","Wien 13.Bezirk, Hietzing <913>",3
55 bis 59 Jahre,2025,"Wien 4.Bezirk, Wieden <904>","Wien 14.Bezirk, Penzing <914>",4
55 bis 59 Jahre,2025,"Wien 4.Bezirk, Wieden <904>","Wien 15.Bezirk, Rudolfsheim-Fünfhaus <915>",8
55 bis 59 Jahre,2025,"Wien 4.Bezirk, Wieden <904>","Wien 16.Bezirk, Ottakring <916>",5
55 bis 59 Jahre,2025,"Wien 4.Bezirk, Wieden <904>","Wien 17.Bezirk, Hernals <917>",5
55 bis 59 Jahre,2025,"Wien 4.Bezirk, Wieden <904>","Wien 18.Bezirk, Währing <918>",4
55 bis 59 Jahre,2025,"Wien 4.Bezirk, Wieden <904>","Wien 19.Bezirk, Döbling <919>",4
55 bis 59 Jahre,2025,"Wien 4.Bezirk, Wieden <904>","Wien 20.Bezirk, Brigittenau <920>",4
55 bis 59 Jahre,2025,"Wien 4.Bezirk, Wieden <904>","Wien 21.Bezirk, Floridsdorf <921>",16
55 bis 59 Jahre,2025,"Wien 4.Bezirk, Wieden <904>","Wien 22.Bezirk, Donaustadt <922>",8
55 bis 59 Jahre,2025,"Wien 4.Bezirk, Wieden <904>","Wien 23.Bezirk, Liesing <923>",6
55 bis 59 Jahre,2025,"Wien 5.Bezirk, Margareten <905>","Wien 1.Bezirk, Innere Stadt <901>",-
55 bis 59 Jahre,2025,"Wien 5.Bezirk, Margareten <905>","Wien 2.Bezirk, Leopoldstadt <902>",2
55 bis 59 Jahre,2025,"Wien 5.Bezirk, Margareten <905>","Wien 3.Bezirk, Landstraße <903>",5
55 bis 59 Jahre,2025,"Wien 5.Bezirk, Margareten <905>","Wien 4.Bezirk, Wieden <904>",5
55 bis 59 Jahre,2025,"Wien 5.Bezirk, Margareten <905>","Wien 5.Bezirk, Margareten <905>",17
55 bis 59 Jahre,2025,"Wien 5.Bezirk, Margareten <905>","Wien 6.Bezirk, Mariahilf <906>",6
55 bis 59 Jahre,2025,"Wien 5.Bezirk, Margareten <905>","Wien 7.Bezirk, Neubau <907>",-
55 bis 59 Jahre,2025,"Wien 5.Bezirk, Margareten <905>","Wien 8.Bezirk, Josefstadt <908>",-
55 bis 59 Jahre,2025,"Wien 5.Bezirk, Margareten <905>","Wien 9.Bezirk, Alsergrund <909>",10
55 bis 59 Jahre,2025,"Wien 5.Bezirk, Margareten <905>","Wien 10.Bezirk, Favoriten <910>",18
55 bis 59 Jahre,2025,"Wien 5.Bezirk, Margareten <905>","Wien 11.Bezirk, Simmering <911>",11
55 bis 59 Jahre,2025,"Wien 5.Bezirk, Margareten <905>","Wien 12.Bezirk, Meidling <912>",9
55 bis 59 Jahre,2025,"Wien 5.Bezirk, Margareten <905>","Wien 13.Bezirk, Hietzing <913>",7
55 bis 59 Jahre,2025,"Wien 5.Bezirk, Margareten <905>","Wien 14.Bezirk, Penzing <914>",6
55 bis 59 Jahre,2025,"Wien 5.Bezirk, Margareten <905>","Wien 15.Bezirk, Rudolfsheim-Fünfhaus <915>",3
55 bis 59 Jahre,2025,"Wien 5.Bezirk, Margareten <905>","Wien 16.Bezirk, Ottakring <916>",10
55 bis 59 Jahre,2025,"Wien 5.Bezirk, Margareten <905>","Wien 17.Bezirk, Hernals <917>",3
55 bis 59 Jahre,2025,"Wien 5.Bezirk, Margareten <905>","Wien 18.Bezirk, Währing <918>",4
55 bis 59 Jahre,2025,"Wien 5.Bezirk, Margareten <905>","Wien 19.Bezirk, Döbling <919>",2
55 bis 59 Jahre,2025,"Wien 5.Bezirk, Margareten <905>","Wien 20.Bezirk, Brigittenau <920>",3
55 bis 59 Jahre,2025,"Wien 5.Bezirk, Margareten <905>","Wien 21.Bezirk, Floridsdorf <921>",9
55 bis 59 Jahre,2025,"Wien 5.Bezirk, Margareten <905>","Wien 22.Bezirk, Donaustadt <922>",11
55 bis 59 Jahre,2025,"Wien 5.Bezirk, Margareten <905>","Wien 23.Bezirk, Liesing <923>",5
55 bis 59 Jahre,2025,"Wien 6.Bezirk, Mariahilf <906>","Wien 1.Bezirk, Innere Stadt <901>",1
55 bis 59 Jahre,2025,"Wien 6.Bezirk, Mariahilf <906>","Wien 2.Bezirk, Leopoldstadt <902>",8
55 bis 59 Jahre,2025,"Wien 6.Bezirk, Mariahilf <906>","Wien 3.Bezirk, Landstraße <903>",6
55 bis 59 Jahre,2025,"Wien 6.Bezirk, Mariahilf <906>","Wien 4.Bezirk, Wieden <904>",3
55 bis 59 Jahre,2025,"Wien 6.Bezirk, Mariahilf <906>","Wien 5.Bezirk, Margareten <905>",4
55 bis 59 Jahre,2025,"Wien 6.Bezirk, Mariahilf <906>","Wien 6.Bezirk, Mariahilf <906>",9
55 bis 59 Jahre,2025,"Wien 6.Bezirk, Mariahilf <906>","Wien 7.Bezirk, Neubau <907>",2
55 bis 59 Jahre,2025,"Wien 6.Bezirk, Mariahilf <906>","Wien 8.Bezirk, Josefstadt <908>",4
55 bis 59 Jahre,2025,"Wien 6.Bezirk, Mariahilf <906>","Wien 9.Bezirk, Alsergrund <909>",4
55 bis 59 Jahre,2025,"Wien 6.Bezirk, Mariahilf <906>","Wien 10.Bezirk, Favoriten <910>",7
55 bis 59 Jahre,2025,"Wien 6.Bezirk, Mariahilf <906>","Wien 11.Bezirk, Simmering <911>",1
55 bis 59 Jahre,2025,"Wien 6.Bezirk, Mariahilf <906>","Wien 12.Bezirk, Meidling <912>",4
55 bis 59 Jahre,2025,"Wien 6.Bezirk, Mariahilf <906>","Wien 13.Bezirk, Hietzing <913>",2
55 bis 59 Jahre,2025,"Wien 6.Bezirk, Mariahilf <906>","Wien 14.Bezirk, Penzing <914>",3
55 bis 59 Jahre,2025,"Wien 6.Bezirk, Mariahilf <906>","Wien 15.Bezirk, Rudolfsheim-Fünfhaus <915>",3
55 bis 59 Jahre,2025,"Wien 6.Bezirk, Mariahilf <906>","Wien 16.Bezirk, Ottakring <916>",5
55 bis 59 Jahre,2025,"Wien 6.Bezirk, Mariahilf <906>","Wien 17.Bezirk, Hernals <917>",1
55 bis 59 Jahre,2025,"Wien 6.Bezirk, Mariahilf <906>","Wien 18.Bezirk, Währing <918>",-
55 bis 59 Jahre,2025,"Wien 6.Bezirk, Mariahilf <906>","Wien 19.Bezirk, Döbling <919>",1
55 bis 59 Jahre,2025,"Wien 6.Bezirk, Mariahilf <906>","Wien 20.Bezirk, Brigittenau <920>",-
55 bis 59 Jahre,2025,"Wien 6.Bezirk, Mariahilf <906>","Wien 21.Bezirk, Floridsdorf <921>",3
55 bis 59 Jahre,2025,"Wien 6.Bezirk, Mariahilf <906>","Wien 22.Bezirk, Donaustadt <922>",2
55 bis 59 Jahre,2025,"Wien 6.Bezirk, Mariahilf <906>","Wien 23.Bezirk, Liesing <923>",1
55 bis 59 Jahre,2025,"Wien 7.Bezirk, Neubau <907>","Wien 1.Bezirk, Innere Stadt <901>",2
55 bis 59 Jahre,2025,"Wien 7.Bezirk, Neubau <907>","Wien 2.Bezirk, Leopoldstadt <902>",2
55 bis 59 Jahre,2025,"Wien 7.Bezirk, Neubau <907>","Wien 3.Bezirk, Landstraße <903>",2
55 bis 59 Jahre,2025,"Wien 7.Bezirk, Neubau <907>","Wien 4.Bezirk, Wieden <904>",4
55 bis 59 Jahre,2025,"Wien 7.Bezirk, Neubau <907>","Wien 5.Bezirk, Margareten <905>",2
55 bis 59 Jahre,2025,"Wien 7.Bezirk, Neubau <907>","Wien 6.Bezirk, Mariahilf <906>",5
55 bis 59 Jahre,2025,"Wien 7.Bezirk, Neubau <907>","Wien 7.Bezirk, Neubau <907>",13
55 bis 59 Jahre,2025,"Wien 7.Bezirk, Neubau <907>","Wien 8.Bezirk, Josefstadt <908>",1
55 bis 59 Jahre,2025,"Wien 7.Bezirk, Neubau <907>","Wien 9.Bezirk, Alsergrund <909>",2
55 bis 59 Jahre,2025,"Wien 7.Bezirk, Neubau <907>","Wien 10.Bezirk, Favoriten <910>",2
55 bis 59 Jahre,2025,"Wien 7.Bezirk, Neubau <907>","Wien 11.Bezirk, Simmering <911>",1
55 bis 59 Jahre,2025,"Wien 7.Bezirk, Neubau <907>","Wien 12.Bezirk, Meidling <912>",3
55 bis 59 Jahre,2025,"Wien 7.Bezirk, Neubau <907>","Wien 13.Bezirk, Hietzing <913>",4
55 bis 59 Jahre,2025,"Wien 7.Bezirk, Neubau <907>","Wien 14.Bezirk, Penzing <914>",5
55 bis 59 Jahre,2025,"Wien 7.Bezirk, Neubau <907>","Wien 15.Bezirk, Rudolfsheim-Fünfhaus <915>",4
55 bis 59 Jahre,2025,"Wien 7.Bezirk, Neubau <907>","Wien 16.Bezirk, Ottakring <916>",9
55 bis 59 Jahre,2025,"Wien 7.Bezirk, Neubau <907>","Wien 17.Bezirk, Hernals <917>",2
55 bis 59 Jahre,2025,"Wien 7.Bezirk, Neubau <907>","Wien 18.Bezirk, Währing <918>",1
55 bis 59 Jahre,2025,"Wien 7.Bezirk, Neubau <907>","Wien 19.Bezirk, Döbling <919>",7
55 bis 59 Jahre,2025,"Wien 7.Bezirk, Neubau <907>","Wien 20.Bezirk, Brigittenau <920>",2
55 bis 59 Jahre,2025,"Wien 7.Bezirk, Neubau <907>","Wien 21.Bezirk, Floridsdorf <921>",2
55 bis 59 Jahre,2025,"Wien 7.Bezirk, Neubau <907>","Wien 22.Bezirk, Donaustadt <922>",6
55 bis 59 Jahre,2025,"Wien 7.Bezirk, Neubau <907>","Wien 23.Bezirk, Liesing <923>",2
55 bis 59 Jahre,2025,"Wien 8.Bezirk, Josefstadt <908>","Wien 1.Bezirk, Innere Stadt <901>",3
55 bis 59 Jahre,2025,"Wien 8.Bezirk, Josefstadt <908>","Wien 2.Bezirk, Leopoldstadt <902>",7
55 bis 59 Jahre,2025,"Wien 8.Bezirk, Josefstadt <908>","Wien 3.Bezirk, Landstraße <903>",5
55 bis 59 Jahre,2025,"Wien 8.Bezirk, Josefstadt <908>","Wien 4.Bezirk, Wieden <904>",2
55 bis 59 Jahre,2025,"Wien 8.Bezirk, Josefstadt <908>","Wien 5.Bezirk, Margareten <905>",3
55 bis 59 Jahre,2025,"Wien 8.Bezirk, Josefstadt <908>","Wien 6.Bezirk, Mariahilf <906>",1
55 bis 59 Jahre,2025,"Wien 8.Bezirk, Josefstadt <908>","Wien 7.Bezirk, Neubau <907>",3
55 bis 59 Jahre,2025,"Wien 8.Bezirk, Josefstadt <908>","Wien 8.Bezirk, Josefstadt <908>",8
55 bis 59 Jahre,2025,"Wien 8.Bezirk, Josefstadt <908>","Wien 9.Bezirk, Alsergrund <909>",7
55 bis 59 Jahre,2025,"Wien 8.Bezirk, Josefstadt <908>","Wien 10.Bezirk, Favoriten <910>",3
55 bis 59 Jahre,2025,"Wien 8.Bezirk, Josefstadt <908>","Wien 11.Bezirk, Simmering <911>",2
55 bis 59 Jahre,2025,"Wien 8.Bezirk, Josefstadt <908>","Wien 12.Bezirk, Meidling <912>",2
55 bis 59 Jahre,2025,"Wien 8.Bezirk, Josefstadt <908>","Wien 13.Bezirk, Hietzing <913>",-
55 bis 59 Jahre,2025,"Wien 8.Bezirk, Josefstadt <908>","Wien 14.Bezirk, Penzing <914>",5
55 bis 59 Jahre,2025,"Wien 8.Bezirk, Josefstadt <908>","Wien 15.Bezirk, Rudolfsheim-Fünfhaus <915>",1
55 bis 59 Jahre,2025,"Wien 8.Bezirk, Josefstadt <908>","Wien 16.Bezirk, Ottakring <916>",3
55 bis 59 Jahre,2025,"Wien 8.Bezirk, Josefstadt <908>","Wien 17.Bezirk, Hernals <917>",3
55 bis 59 Jahre,2025,"Wien 8.Bezirk, Josefstadt <908>","Wien 18.Bezirk, Währing <918>",-
55 bis 59 Jahre,2025,"Wien 8.Bezirk, Josefstadt <908>","Wien 19.Bezirk, Döbling <919>",3
55 bis 59 Jahre,2025,"Wien 8.Bezirk, Josefstadt <908>","Wien 20.Bezirk, Brigittenau <920>",3
55 bis 59 Jahre,2025,"Wien 8.Bezirk, Josefstadt <908>","Wien 21.Bezirk, Floridsdorf <921>",2
55 bis 59 Jahre,2025,"Wien 8.Bezirk, Josefstadt <908>","Wien 22.Bezirk, Donaustadt <922>",6
55 bis 59 Jahre,2025,"Wien 8.Bezirk, Josefstadt <908>","Wien 23.Bezirk, Liesing <923>",2
55 bis 59 Jahre,2025,"Wien 9.Bezirk, Alsergrund <909>","Wien 1.Bezirk, Innere Stadt <901>",3
55 bis 59 Jahre,2025,"Wien 9.Bezirk, Alsergrund <909>","Wien 2.Bezirk, Leopoldstadt <902>",5
55 bis 59 Jahre,2025,"Wien 9.Bezirk, Alsergrund <909>","Wien 3.Bezirk, Landstraße <903>",5
55 bis 59 Jahre,2025,"Wien 9.Bezirk, Alsergrund <909>","Wien 4.Bezirk, Wieden <904>",6
55 bis 59 Jahre,2025,"Wien 9.Bezirk, Alsergrund <909>","Wien 5.Bezirk, Margareten <905>",3
55 bis 59 Jahre,2025,"Wien 9.Bezirk, Alsergrund <909>","Wien 6.Bezirk, Mariahilf <906>",1
55 bis 59 Jahre,2025,"Wien 9.Bezirk, Alsergrund <909>","Wien 7.Bezirk, Neubau <907>",4
55 bis 59 Jahre,2025,"Wien 9.Bezirk, Alsergrund <909>","Wien 8.Bezirk, Josefstadt <908>",6
55 bis 59 Jahre,2025,"Wien 9.Bezirk, Alsergrund <909>","Wien 9.Bezirk, Alsergrund <909>",17
55 bis 59 Jahre,2025,"Wien 9.Bezirk, Alsergrund <909>","Wien 10.Bezirk, Favoriten <910>",3
55 bis 59 Jahre,2025,"Wien 9.Bezirk, Alsergrund <909>","Wien 11.Bezirk, Simmering <911>",2
55 bis 59 Jahre,2025,"Wien 9.Bezirk, Alsergrund <909>","Wien 12.Bezirk, Meidling <912>",3
55 bis 59 Jahre,2025,"Wien 9.Bezirk, Alsergrund <909>","Wien 13.Bezirk, Hietzing <913>",2
55 bis 59 Jahre,2025,"Wien 9.Bezirk, Alsergrund <909>","Wien 14.Bezirk, Penzing <914>",3
55 bis 59 Jahre,2025,"Wien 9.Bezirk, Alsergrund <909>","Wien 15.Bezirk, Rudolfsheim-Fünfhaus <915>",3
55 bis 59 Jahre,2025,"Wien 9.Bezirk, Alsergrund <909>","Wien 16.Bezirk, Ottakring <916>",5
55 bis 59 Jahre,2025,"Wien 9.Bezirk, Alsergrund <909>","Wien 17.Bezirk, Hernals <917>",9
55 bis 59 Jahre,2025,"Wien 9.Bezirk, Alsergrund <909>","Wien 18.Bezirk, Währing <918>",8
55 bis 59 Jahre,2025,"Wien 9.Bezirk, Alsergrund <909>","Wien 19.Bezirk, Döbling <919>",13
55 bis 59 Jahre,2025,"Wien 9.Bezirk, Alsergrund <909>","Wien 20.Bezirk, Brigittenau <920>",7
55 bis 59 Jahre,2025,"Wien 9.Bezirk, Alsergrund <909>","Wien 21.Bezirk, Floridsdorf <921>",5
55 bis 59 Jahre,2025,"Wien 9.Bezirk, Alsergrund <909>","Wien 22.Bezirk, Donaustadt <922>",3
55 bis 59 Jahre,2025,"Wien 9.Bezirk, Alsergrund <909>","Wien 23.Bezirk, Liesing <923>",2
55 bis 59 Jahre,2025,"Wien 10.Bezirk, Favoriten <910>","Wien 1.Bezirk, Innere Stadt <901>",2
55 bis 59 Jahre,2025,"Wien 10.Bezirk, Favoriten <910>","Wien 2.Bezirk, Leopoldstadt <902>",17
55 bis 59 Jahre,2025,"Wien 10.Bezirk, Favoriten <910>","Wien 3.Bezirk, Landstraße <903>",25
55 bis 59 Jahre,2025,"Wien 10.Bezirk, Favoriten <910>","Wien 4.Bezirk, Wieden <904>",21
55 bis 59 Jahre,2025,"Wien 10.Bezirk, Favoriten <910>","Wien 5.Bezirk, Margareten <905>",8
55 bis 59 Jahre,2025,"Wien 10.Bezirk, Favoriten <910>","Wien 6.Bezirk, Mariahilf <906>",6
55 bis 59 Jahre,2025,"Wien 10.Bezirk, Favoriten <910>","Wien 7.Bezirk, Neubau <907>",2
55 bis 59 Jahre,2025,"Wien 10.Bezirk, Favoriten <910>","Wien 8.Bezirk, Josefstadt <908>",4
55 bis 59 Jahre,2025,"Wien 10.Bezirk, Favoriten <910>","Wien 9.Bezirk, Alsergrund <909>",4
55 bis 59 Jahre,2025,"Wien 10.Bezirk, Favoriten <910>","Wien 10.Bezirk, Favoriten <910>",296
55 bis 59 Jahre,2025,"Wien 10.Bezirk, Favoriten <910>","Wien 11.Bezirk, Simmering <911>",33
55 bis 59 Jahre,2025,"Wien 10.Bezirk, Favoriten <910>","Wien 12.Bezirk, Meidling <912>",32
55 bis 59 Jahre,2025,"Wien 10.Bezirk, Favoriten <910>","Wien 13.Bezirk, Hietzing <913>",9
55 bis 59 Jahre,2025,"Wien 10.Bezirk, Favoriten <910>","Wien 14.Bezirk, Penzing <914>",14
55 bis 59 Jahre,2025,"Wien 10.Bezirk, Favoriten <910>","Wien 15.Bezirk, Rudolfsheim-Fünfhaus <915>",19
55 bis 59 Jahre,2025,"Wien 10.Bezirk, Favoriten <910>","Wien 16.Bezirk, Ottakring <916>",12
55 bis 59 Jahre,2025,"Wien 10.Bezirk, Favoriten <910>","Wien 17.Bezirk, Hernals <917>",9
55 bis 59 Jahre,2025,"Wien 10.Bezirk, Favoriten <910>","Wien 18.Bezirk, Währing <918>",6
55 bis 59 Jahre,2025,"Wien 10.Bezirk, Favoriten <910>","Wien 19.Bezirk, Döbling <919>",7
55 bis 59 Jahre,2025,"Wien 10.Bezirk, Favoriten <910>","Wien 20.Bezirk, Brigittenau <920>",11
55 bis 59 Jahre,2025,"Wien 10.Bezirk, Favoriten <910>","Wien 21.Bezirk, Floridsdorf <921>",34
55 bis 59 Jahre,2025,"Wien 10.Bezirk, Favoriten <910>","Wien 22.Bezirk, Donaustadt <922>",51
55 bis 59 Jahre,2025,"Wien 10.Bezirk, Favoriten <910>","Wien 23.Bezirk, Liesing <923>",22
55 bis 59 Jahre,2025,"Wien 11.Bezirk, Simmering <911>","Wien 1.Bezirk, Innere Stadt <901>",2
55 bis 59 Jahre,2025,"Wien 11.Bezirk, Simmering <911>","Wien 2.Bezirk, Leopoldstadt <902>",10
55 bis 59 Jahre,2025,"Wien 11.Bezirk, Simmering <911>","Wien 3.Bezirk, Landstraße <903>",11
55 bis 59 Jahre,2025,"Wien 11.Bezirk, Simmering <911>","Wien 4.Bezirk, Wieden <904>",4
55 bis 59 Jahre,2025,"Wien 11.Bezirk, Simmering <911>","Wien 5.Bezirk, Margareten <905>",2
55 bis 59 Jahre,2025,"Wien 11.Bezirk, Simmering <911>","Wien 6.Bezirk, Mariahilf <906>",2
55 bis 59 Jahre,2025,"Wien 11.Bezirk, Simmering <911>","Wien 7.Bezirk, Neubau <907>",-
55 bis 59 Jahre,2025,"Wien 11.Bezirk, Simmering <911>","Wien 8.Bezirk, Josefstadt <908>",3
55 bis 59 Jahre,2025,"Wien 11.Bezirk, Simmering <911>","Wien 9.Bezirk, Alsergrund <909>",1
55 bis 59 Jahre,2025,"Wien 11.Bezirk, Simmering <911>","Wien 10.Bezirk, Favoriten <910>",38
55 bis 59 Jahre,2025,"Wien 11.Bezirk, Simmering <911>","Wien 11.Bezirk, Simmering <911>",91
55 bis 59 Jahre,2025,"Wien 11.Bezirk, Simmering <911>","Wien 12.Bezirk, Meidling <912>",16
55 bis 59 Jahre,2025,"Wien 11.Bezirk, Simmering <911>","Wien 13.Bezirk, Hietzing <913>",4
55 bis 59 Jahre,2025,"Wien 11.Bezirk, Simmering <911>","Wien 14.Bezirk, Penzing <914>",2
55 bis 59 Jahre,2025,"Wien 11.Bezirk, Simmering <911>","Wien 15.Bezirk, Rudolfsheim-Fünfhaus <915>",6
55 bis 59 Jahre,2025,"Wien 11.Bezirk, Simmering <911>","Wien 16.Bezirk, Ottakring <916>",10
55 bis 59 Jahre,2025,"Wien 11.Bezirk, Simmering <911>","Wien 17.Bezirk, Hernals <917>",-
55 bis 59 Jahre,2025,"Wien 11.Bezirk, Simmering <911>","Wien 18.Bezirk, Währing <918>",-
55 bis 59 Jahre,2025,"Wien 11.Bezirk, Simmering <911>","Wien 19.Bezirk, Döbling <919>",4
55 bis 59 Jahre,2025,"Wien 11.Bezirk, Simmering <911>","Wien 20.Bezirk, Brigittenau <920>",6
55 bis 59 Jahre,2025,"Wien 11.Bezirk, Simmering <911>","Wien 21.Bezirk, Floridsdorf <921>",11
55 bis 59 Jahre,2025,"Wien 11.Bezirk, Simmering <911>","Wien 22.Bezirk, Donaustadt <922>",19
55 bis 59 Jahre,2025,"Wien 11.Bezirk, Simmering <911>","Wien 23.Bezirk, Liesing <923>",16
55 bis 59 Jahre,2025,"Wien 12.Bezirk, Meidling <912>","Wien 1.Bezirk, Innere Stadt <901>",-
55 bis 59 Jahre,2025,"Wien 12.Bezirk, Meidling <912>","Wien 2.Bezirk, Leopoldstadt <902>",8
55 bis 59 Jahre,2025,"Wien 12.Bezirk, Meidling <912>","Wien 3.Bezirk, Landstraße <903>",7
55 bis 59 Jahre,2025,"Wien 12.Bezirk, Meidling <912>","Wien 4.Bezirk, Wieden <904>",12
55 bis 59 Jahre,2025,"Wien 12.Bezirk, Meidling <912>","Wien 5.Bezirk, Margareten <905>",3
55 bis 59 Jahre,2025,"Wien 12.Bezirk, Meidling <912>","Wien 6.Bezirk, Mariahilf <906>",5
55 bis 59 Jahre,2025,"Wien 12.Bezirk, Meidling <912>","Wien 7.Bezirk, Neubau <907>",2
55 bis 59 Jahre,2025,"Wien 12.Bezirk, Meidling <912>","Wien 8.Bezirk, Josefstadt <908>",5
55 bis 59 Jahre,2025,"Wien 12.Bezirk, Meidling <912>","Wien 9.Bezirk, Alsergrund <909>",1
55 bis 59 Jahre,2025,"Wien 12.Bezirk, Meidling <912>","Wien 10.Bezirk, Favoriten <910>",29
55 bis 59 Jahre,2025,"Wien 12.Bezirk, Meidling <912>","Wien 11.Bezirk, Simmering <911>",9
55 bis 59 Jahre,2025,"Wien 12.Bezirk, Meidling <912>","Wien 12.Bezirk, Meidling <912>",71
55 bis 59 Jahre,2025,"Wien 12.Bezirk, Meidling <912>","Wien 13.Bezirk, Hietzing <913>",13
55 bis 59 Jahre,2025,"Wien 12.Bezirk, Meidling <912>","Wien 14.Bezirk, Penzing <914>",7
55 bis 59 Jahre,2025,"Wien 12.Bezirk, Meidling <912>","Wien 15.Bezirk, Rudolfsheim-Fünfhaus <915>",14
55 bis 59 Jahre,2025,"Wien 12.Bezirk, Meidling <912>","Wien 16.Bezirk, Ottakring <916>",7
55 bis 59 Jahre,2025,"Wien 12.Bezirk, Meidling <912>","Wien 17.Bezirk, Hernals <917>",3
55 bis 59 Jahre,2025,"Wien 12.Bezirk, Meidling <912>","Wien 18.Bezirk, Währing <918>",1
55 bis 59 Jahre,2025,"Wien 12.Bezirk, Meidling <912>","Wien 19.Bezirk, Döbling <919>",6
55 bis 59 Jahre,2025,"Wien 12.Bezirk, Meidling <912>","Wien 20.Bezirk, Brigittenau <920>",5
55 bis 59 Jahre,2025,"Wien 12.Bezirk, Meidling <912>","Wien 21.Bezirk, Floridsdorf <921>",11
55 bis 59 Jahre,2025,"Wien 12.Bezirk, Meidling <912>","Wien 22.Bezirk, Donaustadt <922>",13
55 bis 59 Jahre,2025,"Wien 12.Bezirk, Meidling <912>","Wien 23.Bezirk, Liesing <923>",32
55 bis 59 Jahre,2025,"Wien 13.Bezirk, Hietzing <913>","Wien 1.Bezirk, Innere Stadt <901>",1
55 bis 59 Jahre,2025,"Wien 13.Bezirk, Hietzing <913>","Wien 2.Bezirk, Leopoldstadt <902>",1
55 bis 59 Jahre,2025,"Wien 13.Bezirk, Hietzing <913>","Wien 3.Bezirk, Landstraße <903>",5
55 bis 59 Jahre,2025,"Wien 13.Bezirk, Hietzing <913>","Wien 4.Bezirk, Wieden <904>",5
55 bis 59 Jahre,2025,"Wien 13.Bezirk, Hietzing <913>","Wien 5.Bezirk, Margareten <905>",-
55 bis 59 Jahre,2025,"Wien 13.Bezirk, Hietzing <913>","Wien 6.Bezirk, Mariahilf <906>",2
55 bis 59 Jahre,2025,"Wien 13.Bezirk, Hietzing <913>","Wien 7.Bezirk, Neubau <907>",1
55 bis 59 Jahre,2025,"Wien 13.Bezirk, Hietzing <913>","Wien 8.Bezirk, Josefstadt <908>",-
55 bis 59 Jahre,2025,"Wien 13.Bezirk, Hietzing <913>","Wien 9.Bezirk, Alsergrund <909>",-
55 bis 59 Jahre,2025,"Wien 13.Bezirk, Hietzing <913>","Wien 10.Bezirk, Favoriten <910>",6
55 bis 59 Jahre,2025,"Wien 13.Bezirk, Hietzing <913>","Wien 11.Bezirk, Simmering <911>",4
55 bis 59 Jahre,2025,"Wien 13.Bezirk, Hietzing <913>","Wien 12.Bezirk, Meidling <912>",7
55 bis 59 Jahre,2025,"Wien 13.Bezirk, Hietzing <913>","Wien 13.Bezirk, Hietzing <913>",46
55 bis 59 Jahre,2025,"Wien 13.Bezirk, Hietzing <913>","Wien 14.Bezirk, Penzing <914>",9
55 bis 59 Jahre,2025,"Wien 13.Bezirk, Hietzing <913>","Wien 15.Bezirk, Rudolfsheim-Fünfhaus <915>",5
55 bis 59 Jahre,2025,"Wien 13.Bezirk, Hietzing <913>","Wien 16.Bezirk, Ottakring <916>",8
55 bis 59 Jahre,2025,"Wien 13.Bezirk, Hietzing <913>","Wien 17.Bezirk, Hernals <917>",3
55 bis 59 Jahre,2025,"Wien 13.Bezirk, Hietzing <913>","Wien 18.Bezirk, Währing <918>",1
55 bis 59 Jahre,2025,"Wien 13.Bezirk, Hietzing <913>","Wien 19.Bezirk, Döbling <919>",3
55 bis 59 Jahre,2025,"Wien 13.Bezirk, Hietzing <913>","Wien 20.Bezirk, Brigittenau <920>",2
55 bis 59 Jahre,2025,"Wien 13.Bezirk, Hietzing <913>","Wien 21.Bezirk, Floridsdorf <921>",7
55 bis 59 Jahre,2025,"Wien 13.Bezirk, Hietzing <913>","Wien 22.Bezirk, Donaustadt <922>",6
55 bis 59 Jahre,2025,"Wien 13.Bezirk, Hietzing <913>","Wien 23.Bezirk, Liesing <923>",16
55 bis 59 Jahre,2025,"Wien 14.Bezirk, Penzing <914>","Wien 1.Bezirk, Innere Stadt <901>",1
55 bis 59 Jahre,2025,"Wien 14.Bezirk, Penzing <914>","Wien 2.Bezirk, Leopoldstadt <902>",3
55 bis 59 Jahre,2025,"Wien 14.Bezirk, Penzing <914>","Wien 3.Bezirk, Landstraße <903>",9
55 bis 59 Jahre,2025,"Wien 14.Bezirk, Penzing <914>","Wien 4.Bezirk, Wieden <904>",7
55 bis 59 Jahre,2025,"Wien 14.Bezirk, Penzing <914>","Wien 5.Bezirk, Margareten <905>",1
55 bis 59 Jahre,2025,"Wien 14.Bezirk, Penzing <914>","Wien 6.Bezirk, Mariahilf <906>",4
55 bis 59 Jahre,2025,"Wien 14.Bezirk, Penzing <914>","Wien 7.Bezirk, Neubau <907>",1
55 bis 59 Jahre,2025,"Wien 14.Bezirk, Penzing <914>","Wien 8.Bezirk, Josefstadt <908>",2
55 bis 59 Jahre,2025,"Wien 14.Bezirk, Penzing <914>","Wien 9.Bezirk, Alsergrund <909>",4
55 bis 59 Jahre,2025,"Wien 14.Bezirk, Penzing <914>","Wien 10.Bezirk, Favoriten <910>",16
55 bis 59 Jahre,2025,"Wien 14.Bezirk, Penzing <914>","Wien 11.Bezirk, Simmering <911>",6
55 bis 59 Jahre,2025,"Wien 14.Bezirk, Penzing <914>","Wien 12.Bezirk, Meidling <912>",15
55 bis 59 Jahre,2025,"Wien 14.Bezirk, Penzing <914>","Wien 13.Bezirk, Hietzing <913>",15
55 bis 59 Jahre,2025,"Wien 14.Bezirk, Penzing <914>","Wien 14.Bezirk, Penzing <914>",73
55 bis 59 Jahre,2025,"Wien 14.Bezirk, Penzing <914>","Wien 15.Bezirk, Rudolfsheim-Fünfhaus <915>",12
55 bis 59 Jahre,2025,"Wien 14.Bezirk, Penzing <914>","Wien 16.Bezirk, Ottakring <916>",11
55 bis 59 Jahre,2025,"Wien 14.Bezirk, Penzing <914>","Wien 17.Bezirk, Hernals <917>",8
55 bis 59 Jahre,2025,"Wien 14.Bezirk, Penzing <914>","Wien 18.Bezirk, Währing <918>",5
55 bis 59 Jahre,2025,"Wien 14.Bezirk, Penzing <914>","Wien 19.Bezirk, Döbling <919>",5
55 bis 59 Jahre,2025,"Wien 14.Bezirk, Penzing <914>","Wien 20.Bezirk, Brigittenau <920>",2
55 bis 59 Jahre,2025,"Wien 14.Bezirk, Penzing <914>","Wien 21.Bezirk, Floridsdorf <921>",7
55 bis 59 Jahre,2025,"Wien 14.Bezirk, Penzing <914>","Wien 22.Bezirk, Donaustadt <922>",13
55 bis 59 Jahre,2025,"Wien 14.Bezirk, Penzing <914>","Wien 23.Bezirk, Liesing <923>",12
55 bis 59 Jahre,2025,"Wien 15.Bezirk, Rudolfsheim-Fünfhaus <915>","Wien 1.Bezirk, Innere Stadt <901>",2
55 bis 59 Jahre,2025,"Wien 15.Bezirk, Rudolfsheim-Fünfhaus <915>","Wien 2.Bezirk, Leopoldstadt <902>",7
55 bis 59 Jahre,2025,"Wien 15.Bezirk, Rudolfsheim-Fünfhaus <915>","Wien 3.Bezirk, Landstraße <903>",14
55 bis 59 Jahre,2025,"Wien 15.Bezirk, Rudolfsheim-Fünfhaus <915>","Wien 4.Bezirk, Wieden <904>",4
55 bis 59 Jahre,2025,"Wien 15.Bezirk, Rudolfsheim-Fünfhaus <915>","Wien 5.Bezirk, Margareten <905>",8
55 bis 59 Jahre,2025,"Wien 15.Bezirk, Rudolfsheim-Fünfhaus <915>","Wien 6.Bezirk, Mariahilf <906>",6
55 bis 59 Jahre,2025,"Wien 15.Bezirk, Rudolfsheim-Fünfhaus <915>","Wien 7.Bezirk, Neubau <907>",2
55 bis 59 Jahre,2025,"Wien 15.Bezirk, Rudolfsheim-Fünfhaus <915>","Wien 8.Bezirk, Josefstadt <908>",2
55 bis 59 Jahre,2025,"Wien 15.Bezirk, Rudolfsheim-Fünfhaus <915>","Wien 9.Bezirk, Alsergrund <909>",-
55 bis 59 Jahre,2025,"Wien 15.Bezirk, Rudolfsheim-Fünfhaus <915>","Wien 10.Bezirk, Favoriten <910>",22
55 bis 59 Jahre,2025,"Wien 15.Bezirk, Rudolfsheim-Fünfhaus <915>","Wien 11.Bezirk, Simmering <911>",11
55 bis 59 Jahre,2025,"Wien 15.Bezirk, Rudolfsheim-Fünfhaus <915>","Wien 12.Bezirk, Meidling <912>",14
55 bis 59 Jahre,2025,"Wien 15.Bezirk, Rudolfsheim-Fünfhaus <915>","Wien 13.Bezirk, Hietzing <913>",7
55 bis 59 Jahre,2025,"Wien 15.Bezirk, Rudolfsheim-Fünfhaus <915>","Wien 14.Bezirk, Penzing <914>",24
55 bis 59 Jahre,2025,"Wien 15.Bezirk, Rudolfsheim-Fünfhaus <915>","Wien 15.Bezirk, Rudolfsheim-Fünfhaus <915>",29
55 bis 59 Jahre,2025,"Wien 15.Bezirk, Rudolfsheim-Fünfhaus <915>","Wien 16.Bezirk, Ottakring <916>",18
55 bis 59 Jahre,2025,"Wien 15.Bezirk, Rudolfsheim-Fünfhaus <915>","Wien 17.Bezirk, Hernals <917>",4
55 bis 59 Jahre,2025,"Wien 15.Bezirk, Rudolfsheim-Fünfhaus <915>","Wien 18.Bezirk, Währing <918>",4
55 bis 59 Jahre,2025,"Wien 15.Bezirk, Rudolfsheim-Fünfhaus <915>","Wien 19.Bezirk, Döbling <919>",5
55 bis 59 Jahre,2025,"Wien 15.Bezirk, Rudolfsheim-Fünfhaus <915>","Wien 20.Bezirk, Brigittenau <920>",9
55 bis 59 Jahre,2025,"Wien 15.Bezirk, Rudolfsheim-Fünfhaus <915>","Wien 21.Bezirk, Floridsdorf <921>",15
55 bis 59 Jahre,2025,"Wien 15.Bezirk, Rudolfsheim-Fünfhaus <915>","Wien 22.Bezirk, Donaustadt <922>",13
55 bis 59 Jahre,2025,"Wien 15.Bezirk, Rudolfsheim-Fünfhaus <915>","Wien 23.Bezirk, Liesing <923>",9
55 bis 59 Jahre,2025,"Wien 16.Bezirk, Ottakring <916>","Wien 1.Bezirk, Innere Stadt <901>",2
55 bis 59 Jahre,2025,"Wien 16.Bezirk, Ottakring <916>","Wien 2.Bezirk, Leopoldstadt <902>",7
55 bis 59 Jahre,2025,"Wien 16.Bezirk, Ottakring <916>","Wien 3.Bezirk, Landstraße <903>",5
55 bis 59 Jahre,2025,"Wien 16.Bezirk, Ottakring <916>","Wien 4.Bezirk, Wieden <904>",14
55 bis 59 Jahre,2025,"Wien 16.Bezirk, Ottakring <916>","Wien 5.Bezirk, Margareten <905>",4
55 bis 59 Jahre,2025,"Wien 16.Bezirk, Ottakring <916>","Wien 6.Bezirk, Mariahilf <906>",4
55 bis 59 Jahre,2025,"Wien 16.Bezirk, Ottakring <916>","Wien 7.Bezirk, Neubau <907>",2
55 bis 59 Jahre,2025,"Wien 16.Bezirk, Ottakring <916>","Wien 8.Bezirk, Josefstadt <908>",6
55 bis 59 Jahre,2025,"Wien 16.Bezirk, Ottakring <916>","Wien 9.Bezirk, Alsergrund <909>",3
55 bis 59 Jahre,2025,"Wien 16.Bezirk, Ottakring <916>","Wien 10.Bezirk, Favoriten <910>",20
55 bis 59 Jahre,2025,"Wien 16.Bezirk, Ottakring <916>","Wien 11.Bezirk, Simmering <911>",14
55 bis 59 Jahre,2025,"Wien 16.Bezirk, Ottakring <916>","Wien 12.Bezirk, Meidling <912>",23
55 bis 59 Jahre,2025,"Wien 16.Bezirk, Ottakring <916>","Wien 13.Bezirk, Hietzing <913>",4
55 bis 59 Jahre,2025,"Wien 16.Bezirk, Ottakring <916>","Wien 14.Bezirk, Penzing <914>",24
55 bis 59 Jahre,2025,"Wien 16.Bezirk, Ottakring <916>","Wien 15.Bezirk, Rudolfsheim-Fünfhaus <915>",18
55 bis 59 Jahre,2025,"Wien 16.Bezirk, Ottakring <916>","Wien 16.Bezirk, Ottakring <916>",87
55 bis 59 Jahre,2025,"Wien 16.Bezirk, Ottakring <916>","Wien 17.Bezirk, Hernals <917>",23
55 bis 59 Jahre,2025,"Wien 16.Bezirk, Ottakring <916>","Wien 18.Bezirk, Währing <918>",5
55 bis 59 Jahre,2025,"Wien 16.Bezirk, Ottakring <916>","Wien 19.Bezirk, Döbling <919>",6
55 bis 59 Jahre,2025,"Wien 16.Bezirk, Ottakring <916>","Wien 20.Bezirk, Brigittenau <920>",11
55 bis 59 Jahre,2025,"Wien 16.Bezirk, Ottakring <916>","Wien 21.Bezirk, Floridsdorf <921>",15
55 bis 59 Jahre,2025,"Wien 16.Bezirk, Ottakring <916>","Wien 22.Bezirk, Donaustadt <922>",29
55 bis 59 Jahre,2025,"Wien 16.Bezirk, Ottakring <916>","Wien 23.Bezirk, Liesing <923>",5
55 bis 59 Jahre,2025,"Wien 17.Bezirk, Hernals <917>","Wien 1.Bezirk, Innere Stadt <901>",2
55 bis 59 Jahre,2025,"Wien 17.Bezirk, Hernals <917>","Wien 2.Bezirk, Leopoldstadt <902>",3
55 bis 59 Jahre,2025,"Wien 17.Bezirk, Hernals <917>","Wien 3.Bezirk, Landstraße <903>",3
55 bis 59 Jahre,2025,"Wien 17.Bezirk, Hernals <917>","Wien 4.Bezirk, Wieden <904>",4
55 bis 59 Jahre,2025,"Wien 17.Bezirk, Hernals <917>","Wien 5.Bezirk, Margareten <905>",3
55 bis 59 Jahre,2025,"Wien 17.Bezirk, Hernals <917>","Wien 6.Bezirk, Mariahilf <906>",2
55 bis 59 Jahre,2025,"Wien 17.Bezirk, Hernals <917>","Wien 7.Bezirk, Neubau <907>",3
55 bis 59 Jahre,2025,"Wien 17.Bezirk, Hernals <917>","Wien 8.Bezirk, Josefstadt <908>",-
55 bis 59 Jahre,2025,"Wien 17.Bezirk, Hernals <917>","Wien 9.Bezirk, Alsergrund <909>",4
55 bis 59 Jahre,2025,"Wien 17.Bezirk, Hernals <917>","Wien 10.Bezirk, Favoriten <910>",14
55 bis 59 Jahre,2025,"Wien 17.Bezirk, Hernals <917>","Wien 11.Bezirk, Simmering <911>",2
55 bis 59 Jahre,2025,"Wien 17.Bezirk, Hernals <917>","Wien 12.Bezirk, Meidling <912>",6
55 bis 59 Jahre,2025,"Wien 17.Bezirk, Hernals <917>","Wien 13.Bezirk, Hietzing <913>",1
55 bis 59 Jahre,2025,"Wien 17.Bezirk, Hernals <917>","Wien 14.Bezirk, Penzing <914>",17
55 bis 59 Jahre,2025,"Wien 17.Bezirk, Hernals <917>","Wien 15.Bezirk, Rudolfsheim-Fünfhaus <915>",4
55 bis 59 Jahre,2025,"Wien 17.Bezirk, Hernals <917>","Wien 16.Bezirk, Ottakring <916>",27
55 bis 59 Jahre,2025,"Wien 17.Bezirk, Hernals <917>","Wien 17.Bezirk, Hernals <917>",28
55 bis 59 Jahre,2025,"Wien 17.Bezirk, Hernals <917>","Wien 18.Bezirk, Währing <918>",6
55 bis 59 Jahre,2025,"Wien 17.Bezirk, Hernals <917>","Wien 19.Bezirk, Döbling <919>",9
55 bis 59 Jahre,2025,"Wien 17.Bezirk, Hernals <917>","Wien 20.Bezirk, Brigittenau <920>",5
55 bis 59 Jahre,2025,"Wien 17.Bezirk, Hernals <917>","Wien 21.Bezirk, Floridsdorf <921>",9
55 bis 59 Jahre,2025,"Wien 17.Bezirk, Hernals <917>","Wien 22.Bezirk, Donaustadt <922>",6
55 bis 59 Jahre,2025,"Wien 17.Bezirk, Hernals <917>","Wien 23.Bezirk, Liesing <923>",3
55 bis 59 Jahre,2025,"Wien 18.Bezirk, Währing <918>","Wien 1.Bezirk, Innere Stadt <901>",4
55 bis 59 Jahre,2025,"Wien 18.Bezirk, Währing <918>","Wien 2.Bezirk, Leopoldstadt <902>",4
55 bis 59 Jahre,2025,"Wien 18.Bezirk, Währing <918>","Wien 3.Bezirk, Landstraße <903>",6
55 bis 59 Jahre,2025,"Wien 18.Bezirk, Währing <918>","Wien 4.Bezirk, Wieden <904>",4
55 bis 59 Jahre,2025,"Wien 18.Bezirk, Währing <918>","Wien 5.Bezirk, Margareten <905>",1
55 bis 59 Jahre,2025,"Wien 18.Bezirk, Währing <918>","Wien 6.Bezirk, Mariahilf <906>",3
55 bis 59 Jahre,2025,"Wien 18.Bezirk, Währing <918>","Wien 7.Bezirk, Neubau <907>",1
55 bis 59 Jahre,2025,"Wien 18.Bezirk, Währing <918>","Wien 8.Bezirk, Josefstadt <908>",1
55 bis 59 Jahre,2025,"Wien 18.Bezirk, Währing <918>","Wien 9.Bezirk, Alsergrund <909>",5
55 bis 59 Jahre,2025,"Wien 18.Bezirk, Währing <918>","Wien 10.Bezirk, Favoriten <910>",6
55 bis 59 Jahre,2025,"Wien 18.Bezirk, Währing <918>","Wien 11.Bezirk, Simmering <911>",2
55 bis 59 Jahre,2025,"Wien 18.Bezirk, Währing <918>","Wien 12.Bezirk, Meidling <912>",1
55 bis 59 Jahre,2025,"Wien 18.Bezirk, Währing <918>","Wien 13.Bezirk, Hietzing <913>",-
55 bis 59 Jahre,2025,"Wien 18.Bezirk, Währing <918>","Wien 14.Bezirk, Penzing <914>",7
55 bis 59 Jahre,2025,"Wien 18.Bezirk, Währing <918>","Wien 15.Bezirk, Rudolfsheim-Fünfhaus <915>",-
55 bis 59 Jahre,2025,"Wien 18.Bezirk, Währing <918>","Wien 16.Bezirk, Ottakring <916>",12
55 bis 59 Jahre,2025,"Wien 18.Bezirk, Währing <918>","Wien 17.Bezirk, Hernals <917>",11
55 bis 59 Jahre,2025,"Wien 18.Bezirk, Währing <918>","Wien 18.Bezirk, Währing <918>",31
55 bis 59 Jahre,2025,"Wien 18.Bezirk, Währing <918>","Wien 19.Bezirk, Döbling <919>",11
55 bis 59 Jahre,2025,"Wien 18.Bezirk, Währing <918>","Wien 20.Bezirk, Brigittenau <920>",2
55 bis 59 Jahre,2025,"Wien 18.Bezirk, Währing <918>","Wien 21.Bezirk, Floridsdorf <921>",7
55 bis 59 Jahre,2025,"Wien 18.Bezirk, Währing <918>","Wien 22.Bezirk, Donaustadt <922>",6
55 bis 59 Jahre,2025,"Wien 18.Bezirk, Währing <918>","Wien 23.Bezirk, Liesing <923>",-
55 bis 59 Jahre,2025,"Wien 19.Bezirk, Döbling <919>","Wien 1.Bezirk, Innere Stadt <901>",3
55 bis 59 Jahre,2025,"Wien 19.Bezirk, Döbling <919>","Wien 2.Bezirk, Leopoldstadt <902>",8
55 bis 59 Jahre,2025,"Wien 19.Bezirk, Döbling <919>","Wien 3.Bezirk, Landstraße <903>",7
55 bis 59 Jahre,2025,"Wien 19.Bezirk, Döbling <919>","Wien 4.Bezirk, Wieden <904>",6
55 bis 59 Jahre,2025,"Wien 19.Bezirk, Döbling <919>","Wien 5.Bezirk, Margareten <905>",-
55 bis 59 Jahre,2025,"Wien 19.Bezirk, Döbling <919>","Wien 6.Bezirk, Mariahilf <906>",2
55 bis 59 Jahre,2025,"Wien 19.Bezirk, Döbling <919>","Wien 7.Bezirk, Neubau <907>",4
55 bis 59 Jahre,2025,"Wien 19.Bezirk, Döbling <919>","Wien 8.Bezirk, Josefstadt <908>",7
55 bis 59 Jahre,2025,"Wien 19.Bezirk, Döbling <919>","Wien 9.Bezirk, Alsergrund <909>",8
55 bis 59 Jahre,2025,"Wien 19.Bezirk, Döbling <919>","Wien 10.Bezirk, Favoriten <910>",6
55 bis 59 Jahre,2025,"Wien 19.Bezirk, Döbling <919>","Wien 11.Bezirk, Simmering <911>",4
55 bis 59 Jahre,2025,"Wien 19.Bezirk, Döbling <919>","Wien 12.Bezirk, Meidling <912>",5
55 bis 59 Jahre,2025,"Wien 19.Bezirk, Döbling <919>","Wien 13.Bezirk, Hietzing <913>",6
55 bis 59 Jahre,2025,"Wien 19.Bezirk, Döbling <919>","Wien 14.Bezirk, Penzing <914>",9
55 bis 59 Jahre,2025,"Wien 19.Bezirk, Döbling <919>","Wien 15.Bezirk, Rudolfsheim-Fünfhaus <915>",3
55 bis 59 Jahre,2025,"Wien 19.Bezirk, Döbling <919>","Wien 16.Bezirk, Ottakring <916>",5
55 bis 59 Jahre,2025,"Wien 19.Bezirk, Döbling <919>","Wien 17.Bezirk, Hernals <917>",4
55 bis 59 Jahre,2025,"Wien 19.Bezirk, Döbling <919>","Wien 18.Bezirk, Währing <918>",16
55 bis 59 Jahre,2025,"Wien 19.Bezirk, Döbling <919>","Wien 19.Bezirk, Döbling <919>",92
55 bis 59 Jahre,2025,"Wien 19.Bezirk, Döbling <919>","Wien 20.Bezirk, Brigittenau <920>",7
55 bis 59 Jahre,2025,"Wien 19.Bezirk, Döbling <919>","Wien 21.Bezirk, Floridsdorf <921>",17
55 bis 59 Jahre,2025,"Wien 19.Bezirk, Döbling <919>","Wien 22.Bezirk, Donaustadt <922>",5
55 bis 59 Jahre,2025,"Wien 19.Bezirk, Döbling <919>","Wien 23.Bezirk, Liesing <923>",5
55 bis 59 Jahre,2025,"Wien 20.Bezirk, Brigittenau <920>","Wien 1.Bezirk, Innere Stadt <901>",1
55 bis 59 Jahre,2025,"Wien 20.Bezirk, Brigittenau <920>","Wien 2.Bezirk, Leopoldstadt <902>",19
55 bis 59 Jahre,2025,"Wien 20.Bezirk, Brigittenau <920>","Wien 3.Bezirk, Landstraße <903>",6
55 bis 59 Jahre,2025,"Wien 20.Bezirk, Brigittenau <920>","Wien 4.Bezirk, Wieden <904>",6
55 bis 59 Jahre,2025,"Wien 20.Bezirk, Brigittenau <920>","Wien 5.Bezirk, Margareten <905>",4
55 bis 59 Jahre,2025,"Wien 20.Bezirk, Brigittenau <920>","Wien 6.Bezirk, Mariahilf <906>",4
55 bis 59 Jahre,2025,"Wien 20.Bezirk, Brigittenau <920>","Wien 7.Bezirk, Neubau <907>",-
55 bis 59 Jahre,2025,"Wien 20.Bezirk, Brigittenau <920>","Wien 8.Bezirk, Josefstadt <908>",1
55 bis 59 Jahre,2025,"Wien 20.Bezirk, Brigittenau <920>","Wien 9.Bezirk, Alsergrund <909>",3
55 bis 59 Jahre,2025,"Wien 20.Bezirk, Brigittenau <920>","Wien 10.Bezirk, Favoriten <910>",23
55 bis 59 Jahre,2025,"Wien 20.Bezirk, Brigittenau <920>","Wien 11.Bezirk, Simmering <911>",11
55 bis 59 Jahre,2025,"Wien 20.Bezirk, Brigittenau <920>","Wien 12.Bezirk, Meidling <912>",6
55 bis 59 Jahre,2025,"Wien 20.Bezirk, Brigittenau <920>","Wien 13.Bezirk, Hietzing <913>",9
55 bis 59 Jahre,2025,"Wien 20.Bezirk, Brigittenau <920>","Wien 14.Bezirk, Penzing <914>",3
55 bis 59 Jahre,2025,"Wien 20.Bezirk, Brigittenau <920>","Wien 15.Bezirk, Rudolfsheim-Fünfhaus <915>",5
55 bis 59 Jahre,2025,"Wien 20.Bezirk, Brigittenau <920>","Wien 16.Bezirk, Ottakring <916>",7
55 bis 59 Jahre,2025,"Wien 20.Bezirk, Brigittenau <920>","Wien 17.Bezirk, Hernals <917>",3
55 bis 59 Jahre,2025,"Wien 20.Bezirk, Brigittenau <920>","Wien 18.Bezirk, Währing <918>",5
55 bis 59 Jahre,2025,"Wien 20.Bezirk, Brigittenau <920>","Wien 19.Bezirk, Döbling <919>",7
55 bis 59 Jahre,2025,"Wien 20.Bezirk, Brigittenau <920>","Wien 20.Bezirk, Brigittenau <920>",53
55 bis 59 Jahre,2025,"Wien 20.Bezirk, Brigittenau <920>","Wien 21.Bezirk, Floridsdorf <921>",34
55 bis 59 Jahre,2025,"Wien 20.Bezirk, Brigittenau <920>","Wien 22.Bezirk, Donaustadt <922>",30
55 bis 59 Jahre,2025,"Wien 20.Bezirk, Brigittenau <920>","Wien 23.Bezirk, Liesing <923>",7
55 bis 59 Jahre,2025,"Wien 21.Bezirk, Floridsdorf <921>","Wien 1.Bezirk, Innere Stadt <901>",2
55 bis 59 Jahre,2025,"Wien 21.Bezirk, Floridsdorf <921>","Wien 2.Bezirk, Leopoldstadt <902>",10
55 bis 59 Jahre,2025,"Wien 21.Bezirk, Floridsdorf <921>","Wien 3.Bezirk, Landstraße <903>",12
55 bis 59 Jahre,2025,"Wien 21.Bezirk, Floridsdorf <921>","Wien 4.Bezirk, Wieden <904>",6
55 bis 59 Jahre,2025,"Wien 21.Bezirk, Floridsdorf <921>","Wien 5.Bezirk, Margareten <905>",1
55 bis 59 Jahre,2025,"Wien 21.Bezirk, Floridsdorf <921>","Wien 6.Bezirk, Mariahilf <906>",2
55 bis 59 Jahre,2025,"Wien 21.Bezirk, Floridsdorf <921>","Wien 7.Bezirk, Neubau <907>",2
55 bis 59 Jahre,2025,"Wien 21.Bezirk, Floridsdorf <921>","Wien 8.Bezirk, Josefstadt <908>",2
55 bis 59 Jahre,2025,"Wien 21.Bezirk, Floridsdorf <921>","Wien 9.Bezirk, Alsergrund <909>",3
55 bis 59 Jahre,2025,"Wien 21.Bezirk, Floridsdorf <921>","Wien 10.Bezirk, Favoriten <910>",21
55 bis 59 Jahre,2025,"Wien 21.Bezirk, Floridsdorf <921>","Wien 11.Bezirk, Simmering <911>",13
55 bis 59 Jahre,2025,"Wien 21.Bezirk, Floridsdorf <921>","Wien 12.Bezirk, Meidling <912>",8
55 bis 59 Jahre,2025,"Wien 21.Bezirk, Floridsdorf <921>","Wien 13.Bezirk, Hietzing <913>",6
55 bis 59 Jahre,2025,"Wien 21.Bezirk, Floridsdorf <921>","Wien 14.Bezirk, Penzing <914>",10
55 bis 59 Jahre,2025,"Wien 21.Bezirk, Floridsdorf <921>","Wien 15.Bezirk, Rudolfsheim-Fünfhaus <915>",7
55 bis 59 Jahre,2025,"Wien 21.Bezirk, Floridsdorf <921>","Wien 16.Bezirk, Ottakring <916>",12
55 bis 59 Jahre,2025,"Wien 21.Bezirk, Floridsdorf <921>","Wien 17.Bezirk, Hernals <917>",7
55 bis 59 Jahre,2025,"Wien 21.Bezirk, Floridsdorf <921>","Wien 18.Bezirk, Währing <918>",5
55 bis 59 Jahre,2025,"Wien 21.Bezirk, Floridsdorf <921>","Wien 19.Bezirk, Döbling <919>",5
55 bis 59 Jahre,2025,"Wien 21.Bezirk, Floridsdorf <921>","Wien 20.Bezirk, Brigittenau <920>",10
55 bis 59 Jahre,2025,"Wien 21.Bezirk, Floridsdorf <921>","Wien 21.Bezirk, Floridsdorf <921>",167
55 bis 59 Jahre,2025,"Wien 21.Bezirk, Floridsdorf <921>","Wien 22.Bezirk, Donaustadt <922>",68
55 bis 59 Jahre,2025,"Wien 21.Bezirk, Floridsdorf <921>","Wien 23.Bezirk, Liesing <923>",2
55 bis 59 Jahre,2025,"Wien 22.Bezirk, Donaustadt <922>","Wien 1.Bezirk, Innere Stadt <901>",2
55 bis 59 Jahre,2025,"Wien 22.Bezirk, Donaustadt <922>","Wien 2.Bezirk, Leopoldstadt <902>",19
55 bis 59 Jahre,2025,"Wien 22.Bezirk, Donaustadt <922>","Wien 3.Bezirk, Landstraße <903>",12
55 bis 59 Jahre,2025,"Wien 22.Bezirk, Donaustadt <922>","Wien 4.Bezirk, Wieden <904>",5
55 bis 59 Jahre,2025,"Wien 22.Bezirk, Donaustadt <922>","Wien 5.Bezirk, Margareten <905>",4
55 bis 59 Jahre,2025,"Wien 22.Bezirk, Donaustadt <922>","Wien 6.Bezirk, Mariahilf <906>",2
55 bis 59 Jahre,2025,"Wien 22.Bezirk, Donaustadt <922>","Wien 7.Bezirk, Neubau <907>",4
55 bis 59 Jahre,2025,"Wien 22.Bezirk, Donaustadt <922>","Wien 8.Bezirk, Josefstadt <908>",3
55 bis 59 Jahre,2025,"Wien 22.Bezirk, Donaustadt <922>","Wien 9.Bezirk, Alsergrund <909>",3
55 bis 59 Jahre,2025,"Wien 22.Bezirk, Donaustadt <922>","Wien 10.Bezirk, Favoriten <910>",19
55 bis 59 Jahre,2025,"Wien 22.Bezirk, Donaustadt <922>","Wien 11.Bezirk, Simmering <911>",5
55 bis 59 Jahre,2025,"Wien 22.Bezirk, Donaustadt <922>","Wien 12.Bezirk, Meidling <912>",11
55 bis 59 Jahre,2025,"Wien 22.Bezirk, Donaustadt <922>","Wien 13.Bezirk, Hietzing <913>",9
55 bis 59 Jahre,2025,"Wien 22.Bezirk, Donaustadt <922>","Wien 14.Bezirk, Penzing <914>",6
55 bis 59 Jahre,2025,"Wien 22.Bezirk, Donaustadt <922>","Wien 15.Bezirk, Rudolfsheim-Fünfhaus <915>",4
55 bis 59 Jahre,2025,"Wien 22.Bezirk, Donaustadt <922>","Wien 16.Bezirk, Ottakring <916>",10
55 bis 59 Jahre,2025,"Wien 22.Bezirk, Donaustadt <922>","Wien 17.Bezirk, Hernals <917>",10
55 bis 59 Jahre,2025,"Wien 22.Bezirk, Donaustadt <922>","Wien 18.Bezirk, Währing <918>",3
55 bis 59 Jahre,2025,"Wien 22.Bezirk, Donaustadt <922>","Wien 19.Bezirk, Döbling <919>",6
55 bis 59 Jahre,2025,"Wien 22.Bezirk, Donaustadt <922>","Wien 20.Bezirk, Brigittenau <920>",14
55 bis 59 Jahre,2025,"Wien 22.Bezirk, Donaustadt <922>","Wien 21.Bezirk, Floridsdorf <921>",39
55 bis 59 Jahre,2025,"Wien 22.Bezirk, Donaustadt <922>","Wien 22.Bezirk, Donaustadt <922>",247
55 bis 59 Jahre,2025,"Wien 22.Bezirk, Donaustadt <922>","Wien 23.Bezirk, Liesing <923>",12
55 bis 59 Jahre,2025,"Wien 23.Bezirk, Liesing <923>","Wien 1.Bezirk, Innere Stadt <901>",-
55 bis 59 Jahre,2025,"Wien 23.Bezirk, Liesing <923>","Wien 2.Bezirk, Leopoldstadt <902>",8
55 bis 59 Jahre,2025,"Wien 23.Bezirk, Liesing <923>","Wien 3.Bezirk, Landstraße <903>",7
55 bis 59 Jahre,2025,"Wien 23.Bezirk, Liesing <923>","Wien 4.Bezirk, Wieden <904>",4
55 bis 59 Jahre,2025,"Wien 23.Bezirk, Liesing <923>","Wien 5.Bezirk, Margareten <905>",3
55 bis 59 Jahre,2025,"Wien 23.Bezirk, Liesing <923>","Wien 6.Bezirk, Mariahilf <906>",2
55 bis 59 Jahre,2025,"Wien 23.Bezirk, Liesing <923>","Wien 7.Bezirk, Neubau <907>",-
55 bis 59 Jahre,2025,"Wien 23.Bezirk, Liesing <923>","Wien 8.Bezirk, Josefstadt <908>",1
55 bis 59 Jahre,2025,"Wien 23.Bezirk, Liesing <923>","Wien 9.Bezirk, Alsergrund <909>",-
55 bis 59 Jahre,2025,"Wien 23.Bezirk, Liesing <923>","Wien 10.Bezirk, Favoriten <910>",28
55 bis 59 Jahre,2025,"Wien 23.Bezirk, Liesing <923>","Wien 11.Bezirk, Simmering <911>",9
55 bis 59 Jahre,2025,"Wien 23.Bezirk, Liesing <923>","Wien 12.Bezirk, Meidling <912>",24
55 bis 59 Jahre,2025,"Wien 23.Bezirk, Liesing <923>","Wien 13.Bezirk, Hietzing <913>",15
55 bis 59 Jahre,2025,"Wien 23.Bezirk, Liesing <923>","Wien 14.Bezirk, Penzing <914>",6
55 bis 59 Jahre,2025,"Wien 23.Bezirk, Liesing <923>","Wien 15.Bezirk, Rudolfsheim-Fünfhaus <915>",2
55 bis 59 Jahre,2025,"Wien 23.Bezirk, Liesing <923>","Wien 16.Bezirk, Ottakring <916>",9
55 bis 59 Jahre,2025,"Wien 23.Bezirk, Liesing <923>","Wien 17.Bezirk, Hernals <917>",2
55 bis 59 Jahre,2025,"Wien 23.Bezirk, Liesing <923>","Wien 18.Bezirk, Währing <918>",3
55 bis 59 Jahre,2025,"Wien 23.Bezirk, Liesing <923>","Wien 19.Bezirk, Döbling <919>",2
55 bis 59 Jahre,2025,"Wien 23.Bezirk, Liesing <923>","Wien 20.Bezirk, Brigittenau <920>",5
55 bis 59 Jahre,2025,"Wien 23.Bezirk, Liesing <923>","Wien 21.Bezirk, Floridsdorf <921>",4
55 bis 59 Jahre,2025,"Wien 23.Bezirk, Liesing <923>","Wien 22.Bezirk, Donaustadt <922>",16
55 bis 59 Jahre,2025,"Wien 23.Bezirk, Liesing <923>","Wien 23.Bezirk, Liesing <923>",108
60 bis 64 Jahre,2025,"Wien 1.Bezirk, Innere Stadt <901>","Wien 1.Bezirk, Innere Stadt <901>",14
60 bis 64 Jahre,2025,"Wien 1.Bezirk, Innere Stadt <901>","Wien 2.Bezirk, Leopoldstadt <902>",4
60 bis 64 Jahre,2025,"Wien 1.Bezirk, Innere Stadt <901>","Wien 3.Bezirk, Landstraße <903>",4
60 bis 64 Jahre,2025,"Wien 1.Bezirk, Innere Stadt <901>","Wien 4.Bezirk, Wieden <904>",2
60 bis 64 Jahre,2025,"Wien 1.Bezirk, Innere Stadt <901>","Wien 5.Bezirk, Margareten <905>",5
60 bis 64 Jahre,2025,"Wien 1.Bezirk, Innere Stadt <901>","Wien 6.Bezirk, Mariahilf <906>",3
60 bis 64 Jahre,2025,"Wien 1.Bezirk, Innere Stadt <901>","Wien 7.Bezirk, Neubau <907>",1
60 bis 64 Jahre,2025,"Wien 1.Bezirk, Innere Stadt <901>","Wien 8.Bezirk, Josefstadt <908>",1
60 bis 64 Jahre,2025,"Wien 1.Bezirk, Innere Stadt <901>","Wien 9.Bezirk, Alsergrund <909>",2
60 bis 64 Jahre,2025,"Wien 1.Bezirk, Innere Stadt <901>","Wien 10.Bezirk, Favoriten <910>",1
60 bis 64 Jahre,2025,"Wien 1.Bezirk, Innere Stadt <901>","Wien 11.Bezirk, Simmering <911>",-
60 bis 64 Jahre,2025,"Wien 1.Bezirk, Innere Stadt <901>","Wien 12.Bezirk, Meidling <912>",-
60 bis 64 Jahre,2025,"Wien 1.Bezirk, Innere Stadt <901>","Wien 13.Bezirk, Hietzing <913>",1
60 bis 64 Jahre,2025,"Wien 1.Bezirk, Innere Stadt <901>","Wien 14.Bezirk, Penzing <914>",1
60 bis 64 Jahre,2025,"Wien 1.Bezirk, Innere Stadt <901>","Wien 15.Bezirk, Rudolfsheim-Fünfhaus <915>",4
60 bis 64 Jahre,2025,"Wien 1.Bezirk, Innere Stadt <901>","Wien 16.Bezirk, Ottakring <916>",4
60 bis 64 Jahre,2025,"Wien 1.Bezirk, Innere Stadt <901>","Wien 17.Bezirk, Hernals <917>",3
60 bis 64 Jahre,2025,"Wien 1.Bezirk, Innere Stadt <901>","Wien 18.Bezirk, Währing <918>",1
60 bis 64 Jahre,2025,"Wien 1.Bezirk, Innere Stadt <901>","Wien 19.Bezirk, Döbling <919>",4
60 bis 64 Jahre,2025,"Wien 1.Bezirk, Innere Stadt <901>","Wien 20.Bezirk, Brigittenau <920>",-
60 bis 64 Jahre,2025,"Wien 1.Bezirk, Innere Stadt <901>","Wien 21.Bezirk, Floridsdorf <921>",1
60 bis 64 Jahre,2025,"Wien 1.Bezirk, Innere Stadt <901>","Wien 22.Bezirk, Donaustadt <922>",1
60 bis 64 Jahre,2025,"Wien 1.Bezirk, Innere Stadt <901>","Wien 23.Bezirk, Liesing <923>",2
60 bis 64 Jahre,2025,"Wien 2.Bezirk, Leopoldstadt <902>","Wien 1.Bezirk, Innere Stadt <901>",1
60 bis 64 Jahre,2025,"Wien 2.Bezirk, Leopoldstadt <902>","Wien 2.Bezirk, Leopoldstadt <902>",61
60 bis 64 Jahre,2025,"Wien 2.Bezirk, Leopoldstadt <902>","Wien 3.Bezirk, Landstraße <903>",16
60 bis 64 Jahre,2025,"Wien 2.Bezirk, Leopoldstadt <902>","Wien 4.Bezirk, Wieden <904>",3
60 bis 64 Jahre,2025,"Wien 2.Bezirk, Leopoldstadt <902>","Wien 5.Bezirk, Margareten <905>",2
60 bis 64 Jahre,2025,"Wien 2.Bezirk, Leopoldstadt <902>","Wien 6.Bezirk, Mariahilf <906>",1
60 bis 64 Jahre,2025,"Wien 2.Bezirk, Leopoldstadt <902>","Wien 7.Bezirk, Neubau <907>",2
60 bis 64 Jahre,2025,"Wien 2.Bezirk, Leopoldstadt <902>","Wien 8.Bezirk, Josefstadt <908>",3
60 bis 64 Jahre,2025,"Wien 2.Bezirk, Leopoldstadt <902>","Wien 9.Bezirk, Alsergrund <909>",4
60 bis 64 Jahre,2025,"Wien 2.Bezirk, Leopoldstadt <902>","Wien 10.Bezirk, Favoriten <910>",16
60 bis 64 Jahre,2025,"Wien 2.Bezirk, Leopoldstadt <902>","Wien 11.Bezirk, Simmering <911>",5
60 bis 64 Jahre,2025,"Wien 2.Bezirk, Leopoldstadt <902>","Wien 12.Bezirk, Meidling <912>",7
60 bis 64 Jahre,2025,"Wien 2.Bezirk, Leopoldstadt <902>","Wien 13.Bezirk, Hietzing <913>",3
60 bis 64 Jahre,2025,"Wien 2.Bezirk, Leopoldstadt <902>","Wien 14.Bezirk, Penzing <914>",11
60 bis 64 Jahre,2025,"Wien 2.Bezirk, Leopoldstadt <902>","Wien 15.Bezirk, Rudolfsheim-Fünfhaus <915>",2
60 bis 64 Jahre,2025,"Wien 2.Bezirk, Leopoldstadt <902>","Wien 16.Bezirk, Ottakring <916>",7
60 bis 64 Jahre,2025,"Wien 2.Bezirk, Leopoldstadt <902>","Wien 17.Bezirk, Hernals <917>",1
60 bis 64 Jahre,2025,"Wien 2.Bezirk, Leopoldstadt <902>","Wien 18.Bezirk, Währing <918>",5
60 bis 64 Jahre,2025,"Wien 2.Bezirk, Leopoldstadt <902>","Wien 19.Bezirk, Döbling <919>",5
60 bis 64 Jahre,2025,"Wien 2.Bezirk, Leopoldstadt <902>","Wien 20.Bezirk, Brigittenau <920>",22
60 bis 64 Jahre,2025,"Wien 2.Bezirk, Leopoldstadt <902>","Wien 21.Bezirk, Floridsdorf <921>",7
60 bis 64 Jahre,2025,"Wien 2.Bezirk, Leopoldstadt <902>","Wien 22.Bezirk, Donaustadt <922>",28
60 bis 64 Jahre,2025,"Wien 2.Bezirk, Leopoldstadt <902>","Wien 23.Bezirk, Liesing <923>",6
60 bis 64 Jahre,2025,"Wien 3.Bezirk, Landstraße <903>","Wien 1.Bezirk, Innere Stadt <901>",5
60 bis 64 Jahre,2025,"Wien 3.Bezirk, Landstraße <903>","Wien 2.Bezirk, Leopoldstadt <902>",11
60 bis 64 Jahre,2025,"Wien 3.Bezirk, Landstraße <903>","Wien 3.Bezirk, Landstraße <903>",63
60 bis 64 Jahre,2025,"Wien 3.Bezirk, Landstraße <903>","Wien 4.Bezirk, Wieden <904>",2
60 bis 64 Jahre,2025,"Wien 3.Bezirk, Landstraße <903>","Wien 5.Bezirk, Margareten <905>",4
60 bis 64 Jahre,2025,"Wien 3.Bezirk, Landstraße <903>","Wien 6.Bezirk, Mariahilf <906>",8
60 bis 64 Jahre,2025,"Wien 3.Bezirk, Landstraße <903>","Wien 7.Bezirk, Neubau <907>",2
60 bis 64 Jahre,2025,"Wien 3.Bezirk, Landstraße <903>","Wien 8.Bezirk, Josefstadt <908>",1
60 bis 64 Jahre,2025,"Wien 3.Bezirk, Landstraße <903>","Wien 9.Bezirk, Alsergrund <909>",1
60 bis 64 Jahre,2025,"Wien 3.Bezirk, Landstraße <903>","Wien 10.Bezirk, Favoriten <910>",22
60 bis 64 Jahre,2025,"Wien 3.Bezirk, Landstraße <903>","Wien 11.Bezirk, Simmering <911>",13
60 bis 64 Jahre,2025,"Wien 3.Bezirk, Landstraße <903>","Wien 12.Bezirk, Meidling <912>",5
60 bis 64 Jahre,2025,"Wien 3.Bezirk, Landstraße <903>","Wien 13.Bezirk, Hietzing <913>",3
60 bis 64 Jahre,2025,"Wien 3.Bezirk, Landstraße <903>","Wien 14.Bezirk, Penzing <914>",2
60 bis 64 Jahre,2025,"Wien 3.Bezirk, Landstraße <903>","Wien 15.Bezirk, Rudolfsheim-Fünfhaus <915>",6
60 bis 64 Jahre,2025,"Wien 3.Bezirk, Landstraße <903>","Wien 16.Bezirk, Ottakring <916>",7
60 bis 64 Jahre,2025,"Wien 3.Bezirk, Landstraße <903>","Wien 17.Bezirk, Hernals <917>",1
60 bis 64 Jahre,2025,"Wien 3.Bezirk, Landstraße <903>","Wien 18.Bezirk, Währing <918>",7
60 bis 64 Jahre,2025,"Wien 3.Bezirk, Landstraße <903>","Wien 19.Bezirk, Döbling <919>",6
60 bis 64 Jahre,2025,"Wien 3.Bezirk, Landstraße <903>","Wien 20.Bezirk, Brigittenau <920>",5
60 bis 64 Jahre,2025,"Wien 3.Bezirk, Landstraße <903>","Wien 21.Bezirk, Floridsdorf <921>",11
60 bis 64 Jahre,2025,"Wien 3.Bezirk, Landstraße <903>","Wien 22.Bezirk, Donaustadt <922>",20
60 bis 64 Jahre,2025,"Wien 3.Bezirk, Landstraße <903>","Wien 23.Bezirk, Liesing <923>",8
60 bis 64 Jahre,2025,"Wien 4.Bezirk, Wieden <904>","Wien 1.Bezirk, Innere Stadt <901>",-
60 bis 64 Jahre,2025,"Wien 4.Bezirk, Wieden <904>","Wien 2.Bezirk, Leopoldstadt <902>",3
60 bis 64 Jahre,2025,"Wien 4.Bezirk, Wieden <904>","Wien 3.Bezirk, Landstraße <903>",17
60 bis 64 Jahre,2025,"Wien 4.Bezirk, Wieden <904>","Wien 4.Bezirk, Wieden <904>",12
60 bis 64 Jahre,2025,"Wien 4.Bezirk, Wieden <904>","Wien 5.Bezirk, Margareten <905>",5
60 bis 64 Jahre,2025,"Wien 4.Bezirk, Wieden <904>","Wien 6.Bezirk, Mariahilf <906>",1
60 bis 64 Jahre,2025,"Wien 4.Bezirk, Wieden <904>","Wien 7.Bezirk, Neubau <907>",2
60 bis 64 Jahre,2025,"Wien 4.Bezirk, Wieden <904>","Wien 8.Bezirk, Josefstadt <908>",2
60 bis 64 Jahre,2025,"Wien 4.Bezirk, Wieden <904>","Wien 9.Bezirk, Alsergrund <909>",2
60 bis 64 Jahre,2025,"Wien 4.Bezirk, Wieden <904>","Wien 10.Bezirk, Favoriten <910>",14
60 bis 64 Jahre,2025,"Wien 4.Bezirk, Wieden <904>","Wien 11.Bezirk, Simmering <911>",3
60 bis 64 Jahre,2025,"Wien 4.Bezirk, Wieden <904>","Wien 12.Bezirk, Meidling <912>",8
60 bis 64 Jahre,2025,"Wien 4.Bezirk, Wieden <904>","Wien 13.Bezirk, Hietzing <913>",4
60 bis 64 Jahre,2025,"Wien 4.Bezirk, Wieden <904>","Wien 14.Bezirk, Penzing <914>",5
60 bis 64 Jahre,2025,"Wien 4.Bezirk, Wieden <904>","Wien 15.Bezirk, Rudolfsheim-Fünfhaus <915>",2
60 bis 64 Jahre,2025,"Wien 4.Bezirk, Wieden <904>","Wien 16.Bezirk, Ottakring <916>",3
60 bis 64 Jahre,2025,"Wien 4.Bezirk, Wieden <904>","Wien 17.Bezirk, Hernals <917>",3
60 bis 64 Jahre,2025,"Wien 4.Bezirk, Wieden <904>","Wien 18.Bezirk, Währing <918>",-
60 bis 64 Jahre,2025,"Wien 4.Bezirk, Wieden <904>","Wien 19.Bezirk, Döbling <919>",2
60 bis 64 Jahre,2025,"Wien 4.Bezirk, Wieden <904>","Wien 20.Bezirk, Brigittenau <920>",2
60 bis 64 Jahre,2025,"Wien 4.Bezirk, Wieden <904>","Wien 21.Bezirk, Floridsdorf <921>",4
60 bis 64 Jahre,2025,"Wien 4.Bezirk, Wieden <904>","Wien 22.Bezirk, Donaustadt <922>",10
60 bis 64 Jahre,2025,"Wien 4.Bezirk, Wieden <904>","Wien 23.Bezirk, Liesing <923>",6
60 bis 64 Jahre,2025,"Wien 5.Bezirk, Margareten <905>","Wien 1.Bezirk, Innere Stadt <901>",1
60 bis 64 Jahre,2025,"Wien 5.Bezirk, Margareten <905>","Wien 2.Bezirk, Leopoldstadt <902>",6
60 bis 64 Jahre,2025,"Wien 5.Bezirk, Margareten <905>","Wien 3.Bezirk, Landstraße <903>",7
60 bis 64 Jahre,2025,"Wien 5.Bezirk, Margareten <905>","Wien 4.Bezirk, Wieden <904>",9
60 bis 64 Jahre,2025,"Wien 5.Bezirk, Margareten <905>","Wien 5.Bezirk, Margareten <905>",15
60 bis 64 Jahre,2025,"Wien 5.Bezirk, Margareten <905>","Wien 6.Bezirk, Mariahilf <906>",2
60 bis 64 Jahre,2025,"Wien 5.Bezirk, Margareten <905>","Wien 7.Bezirk, Neubau <907>",2
60 bis 64 Jahre,2025,"Wien 5.Bezirk, Margareten <905>","Wien 8.Bezirk, Josefstadt <908>",1
60 bis 64 Jahre,2025,"Wien 5.Bezirk, Margareten <905>","Wien 9.Bezirk, Alsergrund <909>",2
60 bis 64 Jahre,2025,"Wien 5.Bezirk, Margareten <905>","Wien 10.Bezirk, Favoriten <910>",14
60 bis 64 Jahre,2025,"Wien 5.Bezirk, Margareten <905>","Wien 11.Bezirk, Simmering <911>",5
60 bis 64 Jahre,2025,"Wien 5.Bezirk, Margareten <905>","Wien 12.Bezirk, Meidling <912>",10
60 bis 64 Jahre,2025,"Wien 5.Bezirk, Margareten <905>","Wien 13.Bezirk, Hietzing <913>",3
60 bis 64 Jahre,2025,"Wien 5.Bezirk, Margareten <905>","Wien 14.Bezirk, Penzing <914>",8
60 bis 64 Jahre,2025,"Wien 5.Bezirk, Margareten <905>","Wien 15.Bezirk, Rudolfsheim-Fünfhaus <915>",3
60 bis 64 Jahre,2025,"Wien 5.Bezirk, Margareten <905>","Wien 16.Bezirk, Ottakring <916>",2
60 bis 64 Jahre,2025,"Wien 5.Bezirk, Margareten <905>","Wien 17.Bezirk, Hernals <917>",-
60 bis 64 Jahre,2025,"Wien 5.Bezirk, Margareten <905>","Wien 18.Bezirk, Währing <918>",2
60 bis 64 Jahre,2025,"Wien 5.Bezirk, Margareten <905>","Wien 19.Bezirk, Döbling <919>",1
60 bis 64 Jahre,2025,"Wien 5.Bezirk, Margareten <905>","Wien 20.Bezirk, Brigittenau <920>",-
60 bis 64 Jahre,2025,"Wien 5.Bezirk, Margareten <905>","Wien 21.Bezirk, Floridsdorf <921>",12
60 bis 64 Jahre,2025,"Wien 5.Bezirk, Margareten <905>","Wien 22.Bezirk, Donaustadt <922>",17
60 bis 64 Jahre,2025,"Wien 5.Bezirk, Margareten <905>","Wien 23.Bezirk, Liesing <923>",7
60 bis 64 Jahre,2025,"Wien 6.Bezirk, Mariahilf <906>","Wien 1.Bezirk, Innere Stadt <901>",1
60 bis 64 Jahre,2025,"Wien 6.Bezirk, Mariahilf <906>","Wien 2.Bezirk, Leopoldstadt <902>",1
60 bis 64 Jahre,2025,"Wien 6.Bezirk, Mariahilf <906>","Wien 3.Bezirk, Landstraße <903>",7
60 bis 64 Jahre,2025,"Wien 6.Bezirk, Mariahilf <906>","Wien 4.Bezirk, Wieden <904>",-
60 bis 64 Jahre,2025,"Wien 6.Bezirk, Mariahilf <906>","Wien 5.Bezirk, Margareten <905>",2
60 bis 64 Jahre,2025,"Wien 6.Bezirk, Mariahilf <906>","Wien 6.Bezirk, Mariahilf <906>",2
60 bis 64 Jahre,2025,"Wien 6.Bezirk, Mariahilf <906>","Wien 7.Bezirk, Neubau <907>",4
60 bis 64 Jahre,2025,"Wien 6.Bezirk, Mariahilf <906>","Wien 8.Bezirk, Josefstadt <908>",3
60 bis 64 Jahre,2025,"Wien 6.Bezirk, Mariahilf <906>","Wien 9.Bezirk, Alsergrund <909>",2
60 bis 64 Jahre,2025,"Wien 6.Bezirk, Mariahilf <906>","Wien 10.Bezirk, Favoriten <910>",6
60 bis 64 Jahre,2025,"Wien 6.Bezirk, Mariahilf <906>","Wien 11.Bezirk, Simmering <911>",-
60 bis 64 Jahre,2025,"Wien 6.Bezirk, Mariahilf <906>","Wien 12.Bezirk, Meidling <912>",4
60 bis 64 Jahre,2025,"Wien 6.Bezirk, Mariahilf <906>","Wien 13.Bezirk, Hietzing <913>",4
60 bis 64 Jahre,2025,"Wien 6.Bezirk, Mariahilf <906>","Wien 14.Bezirk, Penzing <914>",7
60 bis 64 Jahre,2025,"Wien 6.Bezirk, Mariahilf <906>","Wien 15.Bezirk, Rudolfsheim-Fünfhaus <915>",3
60 bis 64 Jahre,2025,"Wien 6.Bezirk, Mariahilf <906>","Wien 16.Bezirk, Ottakring <916>",1
60 bis 64 Jahre,2025,"Wien 6.Bezirk, Mariahilf <906>","Wien 17.Bezirk, Hernals <917>",2
60 bis 64 Jahre,2025,"Wien 6.Bezirk, Mariahilf <906>","Wien 18.Bezirk, Währing <918>",1
60 bis 64 Jahre,2025,"Wien 6.Bezirk, Mariahilf <906>","Wien 19.Bezirk, Döbling <919>",4
60 bis 64 Jahre,2025,"Wien 6.Bezirk, Mariahilf <906>","Wien 20.Bezirk, Brigittenau <920>",-
60 bis 64 Jahre,2025,"Wien 6.Bezirk, Mariahilf <906>","Wien 21.Bezirk, Floridsdorf <921>",5
60 bis 64 Jahre,2025,"Wien 6.Bezirk, Mariahilf <906>","Wien 22.Bezirk, Donaustadt <922>",1
60 bis 64 Jahre,2025,"Wien 6.Bezirk, Mariahilf <906>","Wien 23.Bezirk, Liesing <923>",1
60 bis 64 Jahre,2025,"Wien 7.Bezirk, Neubau <907>","Wien 1.Bezirk, Innere Stadt <901>",3
60 bis 64 Jahre,2025,"Wien 7.Bezirk, Neubau <907>","Wien 2.Bezirk, Leopoldstadt <902>",2
60 bis 64 Jahre,2025,"Wien 7.Bezirk, Neubau <907>","Wien 3.Bezirk, Landstraße <903>",1
60 bis 64 Jahre,2025,"Wien 7.Bezirk, Neubau <907>","Wien 4.Bezirk, Wieden <904>",2
60 bis 64 Jahre,2025,"Wien 7.Bezirk, Neubau <907>","Wien 5.Bezirk, Margareten <905>",3
60 bis 64 Jahre,2025,"Wien 7.Bezirk, Neubau <907>","Wien 6.Bezirk, Mariahilf <906>",2
60 bis 64 Jahre,2025,"Wien 7.Bezirk, Neubau <907>","Wien 7.Bezirk, Neubau <907>",4
60 bis 64 Jahre,2025,"Wien 7.Bezirk, Neubau <907>","Wien 8.Bezirk, Josefstadt <908>",-
60 bis 64 Jahre,2025,"Wien 7.Bezirk, Neubau <907>","Wien 9.Bezirk, Alsergrund <909>",2
60 bis 64 Jahre,2025,"Wien 7.Bezirk, Neubau <907>","Wien 10.Bezirk, Favoriten <910>",4
60 bis 64 Jahre,2025,"Wien 7.Bezirk, Neubau <907>","Wien 11.Bezirk, Simmering <911>",-
60 bis 64 Jahre,2025,"Wien 7.Bezirk, Neubau <907>","Wien 12.Bezirk, Meidling <912>",2
60 bis 64 Jahre,2025,"Wien 7.Bezirk, Neubau <907>","Wien 13.Bezirk, Hietzing <913>",1
60 bis 64 Jahre,2025,"Wien 7.Bezirk, Neubau <907>","Wien 14.Bezirk, Penzing <914>",4
60 bis 64 Jahre,2025,"Wien 7.Bezirk, Neubau <907>","Wien 15.Bezirk, Rudolfsheim-Fünfhaus <915>",4
60 bis 64 Jahre,2025,"Wien 7.Bezirk, Neubau <907>","Wien 16.Bezirk, Ottakring <916>",7
60 bis 64 Jahre,2025,"Wien 7.Bezirk, Neubau <907>","Wien 17.Bezirk, Hernals <917>",-
60 bis 64 Jahre,2025,"Wien 7.Bezirk, Neubau <907>","Wien 18.Bezirk, Währing <918>",-
60 bis 64 Jahre,2025,"Wien 7.Bezirk, Neubau <907>","Wien 19.Bezirk, Döbling <919>",3
60 bis 64 Jahre,2025,"Wien 7.Bezirk, Neubau <907>","Wien 20.Bezirk, Brigittenau <920>",-
60 bis 64 Jahre,2025,"Wien 7.Bezirk, Neubau <907>","Wien 21.Bezirk, Floridsdorf <921>",1
60 bis 64 Jahre,2025,"Wien 7.Bezirk, Neubau <907>","Wien 22.Bezirk, Donaustadt <922>",2
60 bis 64 Jahre,2025,"Wien 7.Bezirk, Neubau <907>","Wien 23.Bezirk, Liesing <923>",2
60 bis 64 Jahre,2025,"Wien 8.Bezirk, Josefstadt <908>","Wien 1.Bezirk, Innere Stadt <901>",1
60 bis 64 Jahre,2025,"Wien 8.Bezirk, Josefstadt <908>","Wien 2.Bezirk, Leopoldstadt <902>",4
60 bis 64 Jahre,2025,"Wien 8.Bezirk, Josefstadt <908>","Wien 3.Bezirk, Landstraße <903>",-
60 bis 64 Jahre,2025,"Wien 8.Bezirk, Josefstadt <908>","Wien 4.Bezirk, Wieden <904>",-
60 bis 64 Jahre,2025,"Wien 8.Bezirk, Josefstadt <908>","Wien 5.Bezirk, Margareten <905>",2
60 bis 64 Jahre,2025,"Wien 8.Bezirk, Josefstadt <908>","Wien 6.Bezirk, Mariahilf <906>",1
60 bis 64 Jahre,2025,"Wien 8.Bezirk, Josefstadt <908>","Wien 7.Bezirk, Neubau <907>",4
60 bis 64 Jahre,2025,"Wien 8.Bezirk, Josefstadt <908>","Wien 8.Bezirk, Josefstadt <908>",7
60 bis 64 Jahre,2025,"Wien 8.Bezirk, Josefstadt <908>","Wien 9.Bezirk, Alsergrund <909>",-
60 bis 64 Jahre,2025,"Wien 8.Bezirk, Josefstadt <908>","Wien 10.Bezirk, Favoriten <910>",2
60 bis 64 Jahre,2025,"Wien 8.Bezirk, Josefstadt <908>","Wien 11.Bezirk, Simmering <911>",2
60 bis 64 Jahre,2025,"Wien 8.Bezirk, Josefstadt <908>","Wien 12.Bezirk, Meidling <912>",1
60 bis 64 Jahre,2025,"Wien 8.Bezirk, Josefstadt <908>","Wien 13.Bezirk, Hietzing <913>",1
60 bis 64 Jahre,2025,"Wien 8.Bezirk, Josefstadt <908>","Wien 14.Bezirk, Penzing <914>",3
60 bis 64 Jahre,2025,"Wien 8.Bezirk, Josefstadt <908>","Wien 15.Bezirk, Rudolfsheim-Fünfhaus <915>",3
60 bis 64 Jahre,2025,"Wien 8.Bezirk, Josefstadt <908>","Wien 16.Bezirk, Ottakring <916>",5
60 bis 64 Jahre,2025,"Wien 8.Bezirk, Josefstadt <908>","Wien 17.Bezirk, Hernals <917>",2
60 bis 64 Jahre,2025,"Wien 8.Bezirk, Josefstadt <908>","Wien 18.Bezirk, Währing <918>",-
60 bis 64 Jahre,2025,"Wien 8.Bezirk, Josefstadt <908>","Wien 19.Bezirk, Döbling <919>",4
60 bis 64 Jahre,2025,"Wien 8.Bezirk, Josefstadt <908>","Wien 20.Bezirk, Brigittenau <920>",4
60 bis 64 Jahre,2025,"Wien 8.Bezirk, Josefstadt <908>","Wien 21.Bezirk, Floridsdorf <921>",1
60 bis 64 Jahre,2025,"Wien 8.Bezirk, Josefstadt <908>","Wien 22.Bezirk, Donaustadt <922>",5
60 bis 64 Jahre,2025,"Wien 8.Bezirk, Josefstadt <908>","Wien 23.Bezirk, Liesing <923>",3
60 bis 64 Jahre,2025,"Wien 9.Bezirk, Alsergrund <909>","Wien 1.Bezirk, Innere Stadt <901>",1
60 bis 64 Jahre,2025,"Wien 9.Bezirk, Alsergrund <909>","Wien 2.Bezirk, Leopoldstadt <902>",4
60 bis 64 Jahre,2025,"Wien 9.Bezirk, Alsergrund <909>","Wien 3.Bezirk, Landstraße <903>",3
60 bis 64 Jahre,2025,"Wien 9.Bezirk, Alsergrund <909>","Wien 4.Bezirk, Wieden <904>",2
60 bis 64 Jahre,2025,"Wien 9.Bezirk, Alsergrund <909>","Wien 5.Bezirk, Margareten <905>",4
60 bis 64 Jahre,2025,"Wien 9.Bezirk, Alsergrund <909>","Wien 6.Bezirk, Mariahilf <906>",2
60 bis 64 Jahre,2025,"Wien 9.Bezirk, Alsergrund <909>","Wien 7.Bezirk, Neubau <907>",1
60 bis 64 Jahre,2025,"Wien 9.Bezirk, Alsergrund <909>","Wien 8.Bezirk, Josefstadt <908>",1
60 bis 64 Jahre,2025,"Wien 9.Bezirk, Alsergrund <909>","Wien 9.Bezirk, Alsergrund <909>",6
60 bis 64 Jahre,2025,"Wien 9.Bezirk, Alsergrund <909>","Wien 10.Bezirk, Favoriten <910>",3
60 bis 64 Jahre,2025,"Wien 9.Bezirk, Alsergrund <909>","Wien 11.Bezirk, Simmering <911>",1
60 bis 64 Jahre,2025,"Wien 9.Bezirk, Alsergrund <909>","Wien 12.Bezirk, Meidling <912>",6
60 bis 64 Jahre,2025,"Wien 9.Bezirk, Alsergrund <909>","Wien 13.Bezirk, Hietzing <913>",-
60 bis 64 Jahre,2025,"Wien 9.Bezirk, Alsergrund <909>","Wien 14.Bezirk, Penzing <914>",2
60 bis 64 Jahre,2025,"Wien 9.Bezirk, Alsergrund <909>","Wien 15.Bezirk, Rudolfsheim-Fünfhaus <915>",2
60 bis 64 Jahre,2025,"Wien 9.Bezirk, Alsergrund <909>","Wien 16.Bezirk, Ottakring <916>",3
60 bis 64 Jahre,2025,"Wien 9.Bezirk, Alsergrund <909>","Wien 17.Bezirk, Hernals <917>",2
60 bis 64 Jahre,2025,"Wien 9.Bezirk, Alsergrund <909>","Wien 18.Bezirk, Währing <918>",3
60 bis 64 Jahre,2025,"Wien 9.Bezirk, Alsergrund <909>","Wien 19.Bezirk, Döbling <919>",9
60 bis 64 Jahre,2025,"Wien 9.Bezirk, Alsergrund <909>","Wien 20.Bezirk, Brigittenau <920>",7
60 bis 64 Jahre,2025,"Wien 9.Bezirk, Alsergrund <909>","Wien 21.Bezirk, Floridsdorf <921>",8
60 bis 64 Jahre,2025,"Wien 9.Bezirk, Alsergrund <909>","Wien 22.Bezirk, Donaustadt <922>",-
60 bis 64 Jahre,2025,"Wien 9.Bezirk, Alsergrund <909>","Wien 23.Bezirk, Liesing <923>",1
60 bis 64 Jahre,2025,"Wien 10.Bezirk, Favoriten <910>","Wien 1.Bezirk, Innere Stadt <901>",-
60 bis 64 Jahre,2025,"Wien 10.Bezirk, Favoriten <910>","Wien 2.Bezirk, Leopoldstadt <902>",17
60 bis 64 Jahre,2025,"Wien 10.Bezirk, Favoriten <910>","Wien 3.Bezirk, Landstraße <903>",21
60 bis 64 Jahre,2025,"Wien 10.Bezirk, Favoriten <910>","Wien 4.Bezirk, Wieden <904>",10
60 bis 64 Jahre,2025,"Wien 10.Bezirk, Favoriten <910>","Wien 5.Bezirk, Margareten <905>",13
60 bis 64 Jahre,2025,"Wien 10.Bezirk, Favoriten <910>","Wien 6.Bezirk, Mariahilf <906>",7
60 bis 64 Jahre,2025,"Wien 10.Bezirk, Favoriten <910>","Wien 7.Bezirk, Neubau <907>",3
60 bis 64 Jahre,2025,"Wien 10.Bezirk, Favoriten <910>","Wien 8.Bezirk, Josefstadt <908>",1
60 bis 64 Jahre,2025,"Wien 10.Bezirk, Favoriten <910>","Wien 9.Bezirk, Alsergrund <909>",4
60 bis 64 Jahre,2025,"Wien 10.Bezirk, Favoriten <910>","Wien 10.Bezirk, Favoriten <910>",226
60 bis 64 Jahre,2025,"Wien 10.Bezirk, Favoriten <910>","Wien 11.Bezirk, Simmering <911>",27
60 bis 64 Jahre,2025,"Wien 10.Bezirk, Favoriten <910>","Wien 12.Bezirk, Meidling <912>",28
60 bis 64 Jahre,2025,"Wien 10.Bezirk, Favoriten <910>","Wien 13.Bezirk, Hietzing <913>",7
60 bis 64 Jahre,2025,"Wien 10.Bezirk, Favoriten <910>","Wien 14.Bezirk, Penzing <914>",7
60 bis 64 Jahre,2025,"Wien 10.Bezirk, Favoriten <910>","Wien 15.Bezirk, Rudolfsheim-Fünfhaus <915>",9
60 bis 64 Jahre,2025,"Wien 10.Bezirk, Favoriten <910>","Wien 16.Bezirk, Ottakring <916>",11
60 bis 64 Jahre,2025,"Wien 10.Bezirk, Favoriten <910>","Wien 17.Bezirk, Hernals <917>",6
60 bis 64 Jahre,2025,"Wien 10.Bezirk, Favoriten <910>","Wien 18.Bezirk, Währing <918>",5
60 bis 64 Jahre,2025,"Wien 10.Bezirk, Favoriten <910>","Wien 19.Bezirk, Döbling <919>",5
60 bis 64 Jahre,2025,"Wien 10.Bezirk, Favoriten <910>","Wien 20.Bezirk, Brigittenau <920>",14
60 bis 64 Jahre,2025,"Wien 10.Bezirk, Favoriten <910>","Wien 21.Bezirk, Floridsdorf <921>",24
60 bis 64 Jahre,2025,"Wien 10.Bezirk, Favoriten <910>","Wien 22.Bezirk, Donaustadt <922>",41
60 bis 64 Jahre,2025,"Wien 10.Bezirk, Favoriten <910>","Wien 23.Bezirk, Liesing <923>",25
60 bis 64 Jahre,2025,"Wien 11.Bezirk, Simmering <911>","Wien 1.Bezirk, Innere Stadt <901>",1
60 bis 64 Jahre,2025,"Wien 11.Bezirk, Simmering <911>","Wien 2.Bezirk, Leopoldstadt <902>",14
60 bis 64 Jahre,2025,"Wien 11.Bezirk, Simmering <911>","Wien 3.Bezirk, Landstraße <903>",13
60 bis 64 Jahre,2025,"Wien 11.Bezirk, Simmering <911>","Wien 4.Bezirk, Wieden <904>",3
60 bis 64 Jahre,2025,"Wien 11.Bezirk, Simmering <911>","Wien 5.Bezirk, Margareten <905>",5
60 bis 64 Jahre,2025,"Wien 11.Bezirk, Simmering <911>","Wien 6.Bezirk, Mariahilf <906>",3
60 bis 64 Jahre,2025,"Wien 11.Bezirk, Simmering <911>","Wien 7.Bezirk, Neubau <907>",-
60 bis 64 Jahre,2025,"Wien 11.Bezirk, Simmering <911>","Wien 8.Bezirk, Josefstadt <908>",-
60 bis 64 Jahre,2025,"Wien 11.Bezirk, Simmering <911>","Wien 9.Bezirk, Alsergrund <909>",-
60 bis 64 Jahre,2025,"Wien 11.Bezirk, Simmering <911>","Wien 10.Bezirk, Favoriten <910>",22
60 bis 64 Jahre,2025,"Wien 11.Bezirk, Simmering <911>","Wien 11.Bezirk, Simmering <911>",60
60 bis 64 Jahre,2025,"Wien 11.Bezirk, Simmering <911>","Wien 12.Bezirk, Meidling <912>",3
60 bis 64 Jahre,2025,"Wien 11.Bezirk, Simmering <911>","Wien 13.Bezirk, Hietzing <913>",1
60 bis 64 Jahre,2025,"Wien 11.Bezirk, Simmering <911>","Wien 14.Bezirk, Penzing <914>",3
60 bis 64 Jahre,2025,"Wien 11.Bezirk, Simmering <911>","Wien 15.Bezirk, Rudolfsheim-Fünfhaus <915>",4
60 bis 64 Jahre,2025,"Wien 11.Bezirk, Simmering <911>","Wien 16.Bezirk, Ottakring <916>",7
60 bis 64 Jahre,2025,"Wien 11.Bezirk, Simmering <911>","Wien 17.Bezirk, Hernals <917>",1
60 bis 64 Jahre,2025,"Wien 11.Bezirk, Simmering <911>","Wien 18.Bezirk, Währing <918>",1
60 bis 64 Jahre,2025,"Wien 11.Bezirk, Simmering <911>","Wien 19.Bezirk, Döbling <919>",4
60 bis 64 Jahre,2025,"Wien 11.Bezirk, Simmering <911>","Wien 20.Bezirk, Brigittenau <920>",3
60 bis 64 Jahre,2025,"Wien 11.Bezirk, Simmering <911>","Wien 21.Bezirk, Floridsdorf <921>",10
60 bis 64 Jahre,2025,"Wien 11.Bezirk, Simmering <911>","Wien 22.Bezirk, Donaustadt <922>",12
60 bis 64 Jahre,2025,"Wien 11.Bezirk, Simmering <911>","Wien 23.Bezirk, Liesing <923>",7
60 bis 64 Jahre,2025,"Wien 12.Bezirk, Meidling <912>","Wien 1.Bezirk, Innere Stadt <901>",1
60 bis 64 Jahre,2025,"Wien 12.Bezirk, Meidling <912>","Wien 2.Bezirk, Leopoldstadt <902>",4
60 bis 64 Jahre,2025,"Wien 12.Bezirk, Meidling <912>","Wien 3.Bezirk, Landstraße <903>",7
60 bis 64 Jahre,2025,"Wien 12.Bezirk, Meidling <912>","Wien 4.Bezirk, Wieden <904>",5
60 bis 64 Jahre,2025,"Wien 12.Bezirk, Meidling <912>","Wien 5.Bezirk, Margareten <905>",4
60 bis 64 Jahre,2025,"Wien 12.Bezirk, Meidling <912>","Wien 6.Bezirk, Mariahilf <906>",6
60 bis 64 Jahre,2025,"Wien 12.Bezirk, Meidling <912>","Wien 7.Bezirk, Neubau <907>",3
60 bis 64 Jahre,2025,"Wien 12.Bezirk, Meidling <912>","Wien 8.Bezirk, Josefstadt <908>",4
60 bis 64 Jahre,2025,"Wien 12.Bezirk, Meidling <912>","Wien 9.Bezirk, Alsergrund <909>",3
60 bis 64 Jahre,2025,"Wien 12.Bezirk, Meidling <912>","Wien 10.Bezirk, Favoriten <910>",25
60 bis 64 Jahre,2025,"Wien 12.Bezirk, Meidling <912>","Wien 11.Bezirk, Simmering <911>",8
60 bis 64 Jahre,2025,"Wien 12.Bezirk, Meidling <912>","Wien 12.Bezirk, Meidling <912>",56
60 bis 64 Jahre,2025,"Wien 12.Bezirk, Meidling <912>","Wien 13.Bezirk, Hietzing <913>",6
60 bis 64 Jahre,2025,"Wien 12.Bezirk, Meidling <912>","Wien 14.Bezirk, Penzing <914>",8
60 bis 64 Jahre,2025,"Wien 12.Bezirk, Meidling <912>","Wien 15.Bezirk, Rudolfsheim-Fünfhaus <915>",9
60 bis 64 Jahre,2025,"Wien 12.Bezirk, Meidling <912>","Wien 16.Bezirk, Ottakring <916>",11
60 bis 64 Jahre,2025,"Wien 12.Bezirk, Meidling <912>","Wien 17.Bezirk, Hernals <917>",6
60 bis 64 Jahre,2025,"Wien 12.Bezirk, Meidling <912>","Wien 18.Bezirk, Währing <918>",-
60 bis 64 Jahre,2025,"Wien 12.Bezirk, Meidling <912>","Wien 19.Bezirk, Döbling <919>",2
60 bis 64 Jahre,2025,"Wien 12.Bezirk, Meidling <912>","Wien 20.Bezirk, Brigittenau <920>",2
60 bis 64 Jahre,2025,"Wien 12.Bezirk, Meidling <912>","Wien 21.Bezirk, Floridsdorf <921>",6
60 bis 64 Jahre,2025,"Wien 12.Bezirk, Meidling <912>","Wien 22.Bezirk, Donaustadt <922>",13
60 bis 64 Jahre,2025,"Wien 12.Bezirk, Meidling <912>","Wien 23.Bezirk, Liesing <923>",24
60 bis 64 Jahre,2025,"Wien 13.Bezirk, Hietzing <913>","Wien 1.Bezirk, Innere Stadt <901>",2
60 bis 64 Jahre,2025,"Wien 13.Bezirk, Hietzing <913>","Wien 2.Bezirk, Leopoldstadt <902>",5
60 bis 64 Jahre,2025,"Wien 13.Bezirk, Hietzing <913>","Wien 3.Bezirk, Landstraße <903>",7
60 bis 64 Jahre,2025,"Wien 13.Bezirk, Hietzing <913>","Wien 4.Bezirk, Wieden <904>",2
60 bis 64 Jahre,2025,"Wien 13.Bezirk, Hietzing <913>","Wien 5.Bezirk, Margareten <905>",3
60 bis 64 Jahre,2025,"Wien 13.Bezirk, Hietzing <913>","Wien 6.Bezirk, Mariahilf <906>",1
60 bis 64 Jahre,2025,"Wien 13.Bezirk, Hietzing <913>","Wien 7.Bezirk, Neubau <907>",2
60 bis 64 Jahre,2025,"Wien 13.Bezirk, Hietzing <913>","Wien 8.Bezirk, Josefstadt <908>",-
60 bis 64 Jahre,2025,"Wien 13.Bezirk, Hietzing <913>","Wien 9.Bezirk, Alsergrund <909>",-
60 bis 64 Jahre,2025,"Wien 13.Bezirk, Hietzing <913>","Wien 10.Bezirk, Favoriten <910>",11
60 bis 64 Jahre,2025,"Wien 13.Bezirk, Hietzing <913>","Wien 11.Bezirk, Simmering <911>",-
60 bis 64 Jahre,2025,"Wien 13.Bezirk, Hietzing <913>","Wien 12.Bezirk, Meidling <912>",6
60 bis 64 Jahre,2025,"Wien 13.Bezirk, Hietzing <913>","Wien 13.Bezirk, Hietzing <913>",45
60 bis 64 Jahre,2025,"Wien 13.Bezirk, Hietzing <913>","Wien 14.Bezirk, Penzing <914>",4
60 bis 64 Jahre,2025,"Wien 13.Bezirk, Hietzing <913>","Wien 15.Bezirk, Rudolfsheim-Fünfhaus <915>",4
60 bis 64 Jahre,2025,"Wien 13.Bezirk, Hietzing <913>","Wien 16.Bezirk, Ottakring <916>",3
60 bis 64 Jahre,2025,"Wien 13.Bezirk, Hietzing <913>","Wien 17.Bezirk, Hernals <917>",4
60 bis 64 Jahre,2025,"Wien 13.Bezirk, Hietzing <913>","Wien 18.Bezirk, Währing <918>",3
60 bis 64 Jahre,2025,"Wien 13.Bezirk, Hietzing <913>","Wien 19.Bezirk, Döbling <919>",3
60 bis 64 Jahre,2025,"Wien 13.Bezirk, Hietzing <913>","Wien 20.Bezirk, Brigittenau <920>",1
60 bis 64 Jahre,2025,"Wien 13.Bezirk, Hietzing <913>","Wien 21.Bezirk, Floridsdorf <921>",5
60 bis 64 Jahre,2025,"Wien 13.Bezirk, Hietzing <913>","Wien 22.Bezirk, Donaustadt <922>",3
60 bis 64 Jahre,2025,"Wien 13.Bezirk, Hietzing <913>","Wien 23.Bezirk, Liesing <923>",12
60 bis 64 Jahre,2025,"Wien 14.Bezirk, Penzing <914>","Wien 1.Bezirk, Innere Stadt <901>",-
60 bis 64 Jahre,2025,"Wien 14.Bezirk, Penzing <914>","Wien 2.Bezirk, Leopoldstadt <902>",2
60 bis 64 Jahre,2025,"Wien 14.Bezirk, Penzing <914>","Wien 3.Bezirk, Landstraße <903>",3
60 bis 64 Jahre,2025,"Wien 14.Bezirk, Penzing <914>","Wien 4.Bezirk, Wieden <904>",5
60 bis 64 Jahre,2025,"Wien 14.Bezirk, Penzing <914>","Wien 5.Bezirk, Margareten <905>",1
60 bis 64 Jahre,2025,"Wien 14.Bezirk, Penzing <914>","Wien 6.Bezirk, Mariahilf <906>",1
60 bis 64 Jahre,2025,"Wien 14.Bezirk, Penzing <914>","Wien 7.Bezirk, Neubau <907>",4
60 bis 64 Jahre,2025,"Wien 14.Bezirk, Penzing <914>","Wien 8.Bezirk, Josefstadt <908>",2
60 bis 64 Jahre,2025,"Wien 14.Bezirk, Penzing <914>","Wien 9.Bezirk, Alsergrund <909>",-
60 bis 64 Jahre,2025,"Wien 14.Bezirk, Penzing <914>","Wien 10.Bezirk, Favoriten <910>",9
60 bis 64 Jahre,2025,"Wien 14.Bezirk, Penzing <914>","Wien 11.Bezirk, Simmering <911>",12
60 bis 64 Jahre,2025,"Wien 14.Bezirk, Penzing <914>","Wien 12.Bezirk, Meidling <912>",20
60 bis 64 Jahre,2025,"Wien 14.Bezirk, Penzing <914>","Wien 13.Bezirk, Hietzing <913>",12
60 bis 64 Jahre,2025,"Wien 14.Bezirk, Penzing <914>","Wien 14.Bezirk, Penzing <914>",64
60 bis 64 Jahre,2025,"Wien 14.Bezirk, Penzing <914>","Wien 15.Bezirk, Rudolfsheim-Fünfhaus <915>",10
60 bis 64 Jahre,2025,"Wien 14.Bezirk, Penzing <914>","Wien 16.Bezirk, Ottakring <916>",13
60 bis 64 Jahre,2025,"Wien 14.Bezirk, Penzing <914>","Wien 17.Bezirk, Hernals <917>",2
60 bis 64 Jahre,2025,"Wien 14.Bezirk, Penzing <914>","Wien 18.Bezirk, Währing <918>",3
60 bis 64 Jahre,2025,"Wien 14.Bezirk, Penzing <914>","Wien 19.Bezirk, Döbling <919>",6
60 bis 64 Jahre,2025,"Wien 14.Bezirk, Penzing <914>","Wien 20.Bezirk, Brigittenau <920>",6
60 bis 64 Jahre,2025,"Wien 14.Bezirk, Penzing <914>","Wien 21.Bezirk, Floridsdorf <921>",13
60 bis 64 Jahre,2025,"Wien 14.Bezirk, Penzing <914>","Wien 22.Bezirk, Donaustadt <922>",10
60 bis 64 Jahre,2025,"Wien 14.Bezirk, Penzing <914>","Wien 23.Bezirk, Liesing <923>",8
60 bis 64 Jahre,2025,"Wien 15.Bezirk, Rudolfsheim-Fünfhaus <915>","Wien 1.Bezirk, Innere Stadt <901>",-
60 bis 64 Jahre,2025,"Wien 15.Bezirk, Rudolfsheim-Fünfhaus <915>","Wien 2.Bezirk, Leopoldstadt <902>",11
60 bis 64 Jahre,2025,"Wien 15.Bezirk, Rudolfsheim-Fünfhaus <915>","Wien 3.Bezirk, Landstraße <903>",8
60 bis 64 Jahre,2025,"Wien 15.Bezirk, Rudolfsheim-Fünfhaus <915>","Wien 4.Bezirk, Wieden <904>",4
60 bis 64 Jahre,2025,"Wien 15.Bezirk, Rudolfsheim-Fünfhaus <915>","Wien 5.Bezirk, Margareten <905>",3
60 bis 64 Jahre,2025,"Wien 15.Bezirk, Rudolfsheim-Fünfhaus <915>","Wien 6.Bezirk, Mariahilf <906>",5
60 bis 64 Jahre,2025,"Wien 15.Bezirk, Rudolfsheim-Fünfhaus <915>","Wien 7.Bezirk, Neubau <907>",7
60 bis 64 Jahre,2025,"Wien 15.Bezirk, Rudolfsheim-Fünfhaus <915>","Wien 8.Bezirk, Josefstadt <908>",1
60 bis 64 Jahre,2025,"Wien 15.Bezirk, Rudolfsheim-Fünfhaus <915>","Wien 9.Bezirk, Alsergrund <909>",1
60 bis 64 Jahre,2025,"Wien 15.Bezirk, Rudolfsheim-Fünfhaus <915>","Wien 10.Bezirk, Favoriten <910>",12
60 bis 64 Jahre,2025,"Wien 15.Bezirk, Rudolfsheim-Fünfhaus <915>","Wien 11.Bezirk, Simmering <911>",4
60 bis 64 Jahre,2025,"Wien 15.Bezirk, Rudolfsheim-Fünfhaus <915>","Wien 12.Bezirk, Meidling <912>",7
60 bis 64 Jahre,2025,"Wien 15.Bezirk, Rudolfsheim-Fünfhaus <915>","Wien 13.Bezirk, Hietzing <913>",3
60 bis 64 Jahre,2025,"Wien 15.Bezirk, Rudolfsheim-Fünfhaus <915>","Wien 14.Bezirk, Penzing <914>",24
60 bis 64 Jahre,2025,"Wien 15.Bezirk, Rudolfsheim-Fünfhaus <915>","Wien 15.Bezirk, Rudolfsheim-Fünfhaus <915>",21
60 bis 64 Jahre,2025,"Wien 15.Bezirk, Rudolfsheim-Fünfhaus <915>","Wien 16.Bezirk, Ottakring <916>",21
60 bis 64 Jahre,2025,"Wien 15.Bezirk, Rudolfsheim-Fünfhaus <915>","Wien 17.Bezirk, Hernals <917>",4
60 bis 64 Jahre,2025,"Wien 15.Bezirk, Rudolfsheim-Fünfhaus <915>","Wien 18.Bezirk, Währing <918>",2
60 bis 64 Jahre,2025,"Wien 15.Bezirk, Rudolfsheim-Fünfhaus <915>","Wien 19.Bezirk, Döbling <919>",5
60 bis 64 Jahre,2025,"Wien 15.Bezirk, Rudolfsheim-Fünfhaus <915>","Wien 20.Bezirk, Brigittenau <920>",11
60 bis 64 Jahre,2025,"Wien 15.Bezirk, Rudolfsheim-Fünfhaus <915>","Wien 21.Bezirk, Floridsdorf <921>",8
60 bis 64 Jahre,2025,"Wien 15.Bezirk, Rudolfsheim-Fünfhaus <915>","Wien 22.Bezirk, Donaustadt <922>",12
60 bis 64 Jahre,2025,"Wien 15.Bezirk, Rudolfsheim-Fünfhaus <915>","Wien 23.Bezirk, Liesing <923>",11
60 bis 64 Jahre,2025,"Wien 16.Bezirk, Ottakring <916>","Wien 1.Bezirk, Innere Stadt <901>",1
60 bis 64 Jahre,2025,"Wien 16.Bezirk, Ottakring <916>","Wien 2.Bezirk, Leopoldstadt <902>",6
60 bis 64 Jahre,2025,"Wien 16.Bezirk, Ottakring <916>","Wien 3.Bezirk, Landstraße <903>",12
60 bis 64 Jahre,2025,"Wien 16.Bezirk, Ottakring <916>","Wien 4.Bezirk, Wieden <904>",2
60 bis 64 Jahre,2025,"Wien 16.Bezirk, Ottakring <916>","Wien 5.Bezirk, Margareten <905>",2
60 bis 64 Jahre,2025,"Wien 16.Bezirk, Ottakring <916>","Wien 6.Bezirk, Mariahilf <906>",2
60 bis 64 Jahre,2025,"Wien 16.Bezirk, Ottakring <916>","Wien 7.Bezirk, Neubau <907>",4
60 bis 64 Jahre,2025,"Wien 16.Bezirk, Ottakring <916>","Wien 8.Bezirk, Josefstadt <908>",6
60 bis 64 Jahre,2025,"Wien 16.Bezirk, Ottakring <916>","Wien 9.Bezirk, Alsergrund <909>",2
60 bis 64 Jahre,2025,"Wien 16.Bezirk, Ottakring <916>","Wien 10.Bezirk, Favoriten <910>",24
60 bis 64 Jahre,2025,"Wien 16.Bezirk, Ottakring <916>","Wien 11.Bezirk, Simmering <911>",6
60 bis 64 Jahre,2025,"Wien 16.Bezirk, Ottakring <916>","Wien 12.Bezirk, Meidling <912>",12
60 bis 64 Jahre,2025,"Wien 16.Bezirk, Ottakring <916>","Wien 13.Bezirk, Hietzing <913>",4
60 bis 64 Jahre,2025,"Wien 16.Bezirk, Ottakring <916>","Wien 14.Bezirk, Penzing <914>",20
60 bis 64 Jahre,2025,"Wien 16.Bezirk, Ottakring <916>","Wien 15.Bezirk, Rudolfsheim-Fünfhaus <915>",13
60 bis 64 Jahre,2025,"Wien 16.Bezirk, Ottakring <916>","Wien 16.Bezirk, Ottakring <916>",57
60 bis 64 Jahre,2025,"Wien 16.Bezirk, Ottakring <916>","Wien 17.Bezirk, Hernals <917>",12
60 bis 64 Jahre,2025,"Wien 16.Bezirk, Ottakring <916>","Wien 18.Bezirk, Währing <918>",4
60 bis 64 Jahre,2025,"Wien 16.Bezirk, Ottakring <916>","Wien 19.Bezirk, Döbling <919>",3
60 bis 64 Jahre,2025,"Wien 16.Bezirk, Ottakring <916>","Wien 20.Bezirk, Brigittenau <920>",3
60 bis 64 Jahre,2025,"Wien 16.Bezirk, Ottakring <916>","Wien 21.Bezirk, Floridsdorf <921>",13
60 bis 64 Jahre,2025,"Wien 16.Bezirk, Ottakring <916>","Wien 22.Bezirk, Donaustadt <922>",12
60 bis 64 Jahre,2025,"Wien 16.Bezirk, Ottakring <916>","Wien 23.Bezirk, Liesing <923>",2
60 bis 64 Jahre,2025,"Wien 17.Bezirk, Hernals <917>","Wien 1.Bezirk, Innere Stadt <901>",-
60 bis 64 Jahre,2025,"Wien 17.Bezirk, Hernals <917>","Wien 2.Bezirk, Leopoldstadt <902>",3
60 bis 64 Jahre,2025,"Wien 17.Bezirk, Hernals <917>","Wien 3.Bezirk, Landstraße <903>",5
60 bis 64 Jahre,2025,"Wien 17.Bezirk, Hernals <917>","Wien 4.Bezirk, Wieden <904>",4
60 bis 64 Jahre,2025,"Wien 17.Bezirk, Hernals <917>","Wien 5.Bezirk, Margareten <905>",3
60 bis 64 Jahre,2025,"Wien 17.Bezirk, Hernals <917>","Wien 6.Bezirk, Mariahilf <906>",3
60 bis 64 Jahre,2025,"Wien 17.Bezirk, Hernals <917>","Wien 7.Bezirk, Neubau <907>",-
60 bis 64 Jahre,2025,"Wien 17.Bezirk, Hernals <917>","Wien 8.Bezirk, Josefstadt <908>",2
60 bis 64 Jahre,2025,"Wien 17.Bezirk, Hernals <917>","Wien 9.Bezirk, Alsergrund <909>",1
60 bis 64 Jahre,2025,"Wien 17.Bezirk, Hernals <917>","Wien 10.Bezirk, Favoriten <910>",9
60 bis 64 Jahre,2025,"Wien 17.Bezirk, Hernals <917>","Wien 11.Bezirk, Simmering <911>",2
60 bis 64 Jahre,2025,"Wien 17.Bezirk, Hernals <917>","Wien 12.Bezirk, Meidling <912>",5
60 bis 64 Jahre,2025,"Wien 17.Bezirk, Hernals <917>","Wien 13.Bezirk, Hietzing <913>",6
60 bis 64 Jahre,2025,"Wien 17.Bezirk, Hernals <917>","Wien 14.Bezirk, Penzing <914>",5
60 bis 64 Jahre,2025,"Wien 17.Bezirk, Hernals <917>","Wien 15.Bezirk, Rudolfsheim-Fünfhaus <915>",7
60 bis 64 Jahre,2025,"Wien 17.Bezirk, Hernals <917>","Wien 16.Bezirk, Ottakring <916>",11
60 bis 64 Jahre,2025,"Wien 17.Bezirk, Hernals <917>","Wien 17.Bezirk, Hernals <917>",17
60 bis 64 Jahre,2025,"Wien 17.Bezirk, Hernals <917>","Wien 18.Bezirk, Währing <918>",8
60 bis 64 Jahre,2025,"Wien 17.Bezirk, Hernals <917>","Wien 19.Bezirk, Döbling <919>",8
60 bis 64 Jahre,2025,"Wien 17.Bezirk, Hernals <917>","Wien 20.Bezirk, Brigittenau <920>",4
60 bis 64 Jahre,2025,"Wien 17.Bezirk, Hernals <917>","Wien 21.Bezirk, Floridsdorf <921>",11
60 bis 64 Jahre,2025,"Wien 17.Bezirk, Hernals <917>","Wien 22.Bezirk, Donaustadt <922>",13
60 bis 64 Jahre,2025,"Wien 17.Bezirk, Hernals <917>","Wien 23.Bezirk, Liesing <923>",3
60 bis 64 Jahre,2025,"Wien 18.Bezirk, Währing <918>","Wien 1.Bezirk, Innere Stadt <901>",2
60 bis 64 Jahre,2025,"Wien 18.Bezirk, Währing <918>","Wien 2.Bezirk, Leopoldstadt <902>",3
60 bis 64 Jahre,2025,"Wien 18.Bezirk, Währing <918>","Wien 3.Bezirk, Landstraße <903>",6
60 bis 64 Jahre,2025,"Wien 18.Bezirk, Währing <918>","Wien 4.Bezirk, Wieden <904>",2
60 bis 64 Jahre,2025,"Wien 18.Bezirk, Währing <918>","Wien 5.Bezirk, Margareten <905>",-
60 bis 64 Jahre,2025,"Wien 18.Bezirk, Währing <918>","Wien 6.Bezirk, Mariahilf <906>",1
60 bis 64 Jahre,2025,"Wien 18.Bezirk, Währing <918>","Wien 7.Bezirk, Neubau <907>",2
60 bis 64 Jahre,2025,"Wien 18.Bezirk, Währing <918>","Wien 8.Bezirk, Josefstadt <908>",-
60 bis 64 Jahre,2025,"Wien 18.Bezirk, Währing <918>","Wien 9.Bezirk, Alsergrund <909>",1
60 bis 64 Jahre,2025,"Wien 18.Bezirk, Währing <918>","Wien 10.Bezirk, Favoriten <910>",4
60 bis 64 Jahre,2025,"Wien 18.Bezirk, Währing <918>","Wien 11.Bezirk, Simmering <911>",3
60 bis 64 Jahre,2025,"Wien 18.Bezirk, Währing <918>","Wien 12.Bezirk, Meidling <912>",5
60 bis 64 Jahre,2025,"Wien 18.Bezirk, Währing <918>","Wien 13.Bezirk, Hietzing <913>",3
60 bis 64 Jahre,2025,"Wien 18.Bezirk, Währing <918>","Wien 14.Bezirk, Penzing <914>",3
60 bis 64 Jahre,2025,"Wien 18.Bezirk, Währing <918>","Wien 15.Bezirk, Rudolfsheim-Fünfhaus <915>",2
60 bis 64 Jahre,2025,"Wien 18.Bezirk, Währing <918>","Wien 16.Bezirk, Ottakring <916>",9
60 bis 64 Jahre,2025,"Wien 18.Bezirk, Währing <918>","Wien 17.Bezirk, Hernals <917>",4
60 bis 64 Jahre,2025,"Wien 18.Bezirk, Währing <918>","Wien 18.Bezirk, Währing <918>",25
60 bis 64 Jahre,2025,"Wien 18.Bezirk, Währing <918>","Wien 19.Bezirk, Döbling <919>",5
60 bis 64 Jahre,2025,"Wien 18.Bezirk, Währing <918>","Wien 20.Bezirk, Brigittenau <920>",3
60 bis 64 Jahre,2025,"Wien 18.Bezirk, Währing <918>","Wien 21.Bezirk, Floridsdorf <921>",5
60 bis 64 Jahre,2025,"Wien 18.Bezirk, Währing <918>","Wien 22.Bezirk, Donaustadt <922>",9
60 bis 64 Jahre,2025,"Wien 18.Bezirk, Währing <918>","Wien 23.Bezirk, Liesing <923>",4
60 bis 64 Jahre,2025,"Wien 19.Bezirk, Döbling <919>","Wien 1.Bezirk, Innere Stadt <901>",1
60 bis 64 Jahre,2025,"Wien 19.Bezirk, Döbling <919>","Wien 2.Bezirk, Leopoldstadt <902>",4
60 bis 64 Jahre,2025,"Wien 19.Bezirk, Döbling <919>","Wien 3.Bezirk, Landstraße <903>",3
60 bis 64 Jahre,2025,"Wien 19.Bezirk, Döbling <919>","Wien 4.Bezirk, Wieden <904>",2
60 bis 64 Jahre,2025,"Wien 19.Bezirk, Döbling <919>","Wien 5.Bezirk, Margareten <905>",1
60 bis 64 Jahre,2025,"Wien 19.Bezirk, Döbling <919>","Wien 6.Bezirk, Mariahilf <906>",-
60 bis 64 Jahre,2025,"Wien 19.Bezirk, Döbling <919>","Wien 7.Bezirk, Neubau <907>",2
60 bis 64 Jahre,2025,"Wien 19.Bezirk, Döbling <919>","Wien 8.Bezirk, Josefstadt <908>",1
60 bis 64 Jahre,2025,"Wien 19.Bezirk, Döbling <919>","Wien 9.Bezirk, Alsergrund <909>",4
60 bis 64 Jahre,2025,"Wien 19.Bezirk, Döbling <919>","Wien 10.Bezirk, Favoriten <910>",3
60 bis 64 Jahre,2025,"Wien 19.Bezirk, Döbling <919>","Wien 11.Bezirk, Simmering <911>",2
60 bis 64 Jahre,2025,"Wien 19.Bezirk, Döbling <919>","Wien 12.Bezirk, Meidling <912>",4
60 bis 64 Jahre,2025,"Wien 19.Bezirk, Döbling <919>","Wien 13.Bezirk, Hietzing <913>",3
60 bis 64 Jahre,2025,"Wien 19.Bezirk, Döbling <919>","Wien 14.Bezirk, Penzing <914>",1
60 bis 64 Jahre,2025,"Wien 19.Bezirk, Döbling <919>","Wien 15.Bezirk, Rudolfsheim-Fünfhaus <915>",5
60 bis 64 Jahre,2025,"Wien 19.Bezirk, Döbling <919>","Wien 16.Bezirk, Ottakring <916>",3
60 bis 64 Jahre,2025,"Wien 19.Bezirk, Döbling <919>","Wien 17.Bezirk, Hernals <917>",3
60 bis 64 Jahre,2025,"Wien 19.Bezirk, Döbling <919>","Wien 18.Bezirk, Währing <918>",3
60 bis 64 Jahre,2025,"Wien 19.Bezirk, Döbling <919>","Wien 19.Bezirk, Döbling <919>",58
60 bis 64 Jahre,2025,"Wien 19.Bezirk, Döbling <919>","Wien 20.Bezirk, Brigittenau <920>",8
60 bis 64 Jahre,2025,"Wien 19.Bezirk, Döbling <919>","Wien 21.Bezirk, Floridsdorf <921>",13
60 bis 64 Jahre,2025,"Wien 19.Bezirk, Döbling <919>","Wien 22.Bezirk, Donaustadt <922>",11
60 bis 64 Jahre,2025,"Wien 19.Bezirk, Döbling <919>","Wien 23.Bezirk, Liesing <923>",1
60 bis 64 Jahre,2025,"Wien 20.Bezirk, Brigittenau <920>","Wien 1.Bezirk, Innere Stadt <901>",2
60 bis 64 Jahre,2025,"Wien 20.Bezirk, Brigittenau <920>","Wien 2.Bezirk, Leopoldstadt <902>",18
60 bis 64 Jahre,2025,"Wien 20.Bezirk, Brigittenau <920>","Wien 3.Bezirk, Landstraße <903>",8
60 bis 64 Jahre,2025,"Wien 20.Bezirk, Brigittenau <920>","Wien 4.Bezirk, Wieden <904>",6
60 bis 64 Jahre,2025,"Wien 20.Bezirk, Brigittenau <920>","Wien 5.Bezirk, Margareten <905>",2
60 bis 64 Jahre,2025,"Wien 20.Bezirk, Brigittenau <920>","Wien 6.Bezirk, Mariahilf <906>",2
60 bis 64 Jahre,2025,"Wien 20.Bezirk, Brigittenau <920>","Wien 7.Bezirk, Neubau <907>",1
60 bis 64 Jahre,2025,"Wien 20.Bezirk, Brigittenau <920>","Wien 8.Bezirk, Josefstadt <908>",-
60 bis 64 Jahre,2025,"Wien 20.Bezirk, Brigittenau <920>","Wien 9.Bezirk, Alsergrund <909>",5
60 bis 64 Jahre,2025,"Wien 20.Bezirk, Brigittenau <920>","Wien 10.Bezirk, Favoriten <910>",9
60 bis 64 Jahre,2025,"Wien 20.Bezirk, Brigittenau <920>","Wien 11.Bezirk, Simmering <911>",2
60 bis 64 Jahre,2025,"Wien 20.Bezirk, Brigittenau <920>","Wien 12.Bezirk, Meidling <912>",6
60 bis 64 Jahre,2025,"Wien 20.Bezirk, Brigittenau <920>","Wien 13.Bezirk, Hietzing <913>",3
60 bis 64 Jahre,2025,"Wien 20.Bezirk, Brigittenau <920>","Wien 14.Bezirk, Penzing <914>",2
60 bis 64 Jahre,2025,"Wien 20.Bezirk, Brigittenau <920>","Wien 15.Bezirk, Rudolfsheim-Fünfhaus <915>",7
60 bis 64 Jahre,2025,"Wien 20.Bezirk, Brigittenau <920>","Wien 16.Bezirk, Ottakring <916>",5
60 bis 64 Jahre,2025,"Wien 20.Bezirk, Brigittenau <920>","Wien 17.Bezirk, Hernals <917>",-
60 bis 64 Jahre,2025,"Wien 20.Bezirk, Brigittenau <920>","Wien 18.Bezirk, Währing <918>",3
60 bis 64 Jahre,2025,"Wien 20.Bezirk, Brigittenau <920>","Wien 19.Bezirk, Döbling <919>",4
60 bis 64 Jahre,2025,"Wien 20.Bezirk, Brigittenau <920>","Wien 20.Bezirk, Brigittenau <920>",55
60 bis 64 Jahre,2025,"Wien 20.Bezirk, Brigittenau <920>","Wien 21.Bezirk, Floridsdorf <921>",22
60 bis 64 Jahre,2025,"Wien 20.Bezirk, Brigittenau <920>","Wien 22.Bezirk, Donaustadt <922>",21
60 bis 64 Jahre,2025,"Wien 20.Bezirk, Brigittenau <920>","Wien 23.Bezirk, Liesing <923>",6
60 bis 64 Jahre,2025,"Wien 21.Bezirk, Floridsdorf <921>","Wien 1.Bezirk, Innere Stadt <901>",1
60 bis 64 Jahre,2025,"Wien 21.Bezirk, Floridsdorf <921>","Wien 2.Bezirk, Leopoldstadt <902>",7
60 bis 64 Jahre,2025,"Wien 21.Bezirk, Floridsdorf <921>","Wien 3.Bezirk, Landstraße <903>",7
60 bis 64 Jahre,2025,"Wien 21.Bezirk, Floridsdorf <921>","Wien 4.Bezirk, Wieden <904>",9
60 bis 64 Jahre,2025,"Wien 21.Bezirk, Floridsdorf <921>","Wien 5.Bezirk, Margareten <905>",7
60 bis 64 Jahre,2025,"Wien 21.Bezirk, Floridsdorf <921>","Wien 6.Bezirk, Mariahilf <906>",3
60 bis 64 Jahre,2025,"Wien 21.Bezirk, Floridsdorf <921>","Wien 7.Bezirk, Neubau <907>",1
60 bis 64 Jahre,2025,"Wien 21.Bezirk, Floridsdorf <921>","Wien 8.Bezirk, Josefstadt <908>",3
60 bis 64 Jahre,2025,"Wien 21.Bezirk, Floridsdorf <921>","Wien 9.Bezirk, Alsergrund <909>",3
60 bis 64 Jahre,2025,"Wien 21.Bezirk, Floridsdorf <921>","Wien 10.Bezirk, Favoriten <910>",21
60 bis 64 Jahre,2025,"Wien 21.Bezirk, Floridsdorf <921>","Wien 11.Bezirk, Simmering <911>",6
60 bis 64 Jahre,2025,"Wien 21.Bezirk, Floridsdorf <921>","Wien 12.Bezirk, Meidling <912>",1
60 bis 64 Jahre,2025,"Wien 21.Bezirk, Floridsdorf <921>","Wien 13.Bezirk, Hietzing <913>",2
60 bis 64 Jahre,2025,"Wien 21.Bezirk, Floridsdorf <921>","Wien 14.Bezirk, Penzing <914>",3
60 bis 64 Jahre,2025,"Wien 21.Bezirk, Floridsdorf <921>","Wien 15.Bezirk, Rudolfsheim-Fünfhaus <915>",4
60 bis 64 Jahre,2025,"Wien 21.Bezirk, Floridsdorf <921>","Wien 16.Bezirk, Ottakring <916>",8
60 bis 64 Jahre,2025,"Wien 21.Bezirk, Floridsdorf <921>","Wien 17.Bezirk, Hernals <917>",7
60 bis 64 Jahre,2025,"Wien 21.Bezirk, Floridsdorf <921>","Wien 18.Bezirk, Währing <918>",2
60 bis 64 Jahre,2025,"Wien 21.Bezirk, Floridsdorf <921>","Wien 19.Bezirk, Döbling <919>",5
60 bis 64 Jahre,2025,"Wien 21.Bezirk, Floridsdorf <921>","Wien 20.Bezirk, Brigittenau <920>",10
60 bis 64 Jahre,2025,"Wien 21.Bezirk, Floridsdorf <921>","Wien 21.Bezirk, Floridsdorf <921>",130
60 bis 64 Jahre,2025,"Wien 21.Bezirk, Floridsdorf <921>","Wien 22.Bezirk, Donaustadt <922>",66
60 bis 64 Jahre,2025,"Wien 21.Bezirk, Floridsdorf <921>","Wien 23.Bezirk, Liesing <923>",-
60 bis 64 Jahre,2025,"Wien 22.Bezirk, Donaustadt <922>","Wien 1.Bezirk, Innere Stadt <901>",1
60 bis 64 Jahre,2025,"Wien 22.Bezirk, Donaustadt <922>","Wien 2.Bezirk, Leopoldstadt <902>",17
60 bis 64 Jahre,2025,"Wien 22.Bezirk, Donaustadt <922>","Wien 3.Bezirk, Landstraße <903>",12
60 bis 64 Jahre,2025,"Wien 22.Bezirk, Donaustadt <922>","Wien 4.Bezirk, Wieden <904>",5
60 bis 64 Jahre,2025,"Wien 22.Bezirk, Donaustadt <922>","Wien 5.Bezirk, Margareten <905>",4
60 bis 64 Jahre,2025,"Wien 22.Bezirk, Donaustadt <922>","Wien 6.Bezirk, Mariahilf <906>",2
60 bis 64 Jahre,2025,"Wien 22.Bezirk, Donaustadt <922>","Wien 7.Bezirk, Neubau <907>",2
60 bis 64 Jahre,2025,"Wien 22.Bezirk, Donaustadt <922>","Wien 8.Bezirk, Josefstadt <908>",4
60 bis 64 Jahre,2025,"Wien 22.Bezirk, Donaustadt <922>","Wien 9.Bezirk, Alsergrund <909>",3
60 bis 64 Jahre,2025,"Wien 22.Bezirk, Donaustadt <922>","Wien 10.Bezirk, Favoriten <910>",10
60 bis 64 Jahre,2025,"Wien 22.Bezirk, Donaustadt <922>","Wien 11.Bezirk, Simmering <911>",11
60 bis 64 Jahre,2025,"Wien 22.Bezirk, Donaustadt <922>","Wien 12.Bezirk, Meidling <912>",9
60 bis 64 Jahre,2025,"Wien 22.Bezirk, Donaustadt <922>","Wien 13.Bezirk, Hietzing <913>",4
60 bis 64 Jahre,2025,"Wien 22.Bezirk, Donaustadt <922>","Wien 14.Bezirk, Penzing <914>",10
60 bis 64 Jahre,2025,"Wien 22.Bezirk, Donaustadt <922>","Wien 15.Bezirk, Rudolfsheim-Fünfhaus <915>",2
60 bis 64 Jahre,2025,"Wien 22.Bezirk, Donaustadt <922>","Wien 16.Bezirk, Ottakring <916>",5
60 bis 64 Jahre,2025,"Wien 22.Bezirk, Donaustadt <922>","Wien 17.Bezirk, Hernals <917>",5
60 bis 64 Jahre,2025,"Wien 22.Bezirk, Donaustadt <922>","Wien 18.Bezirk, Währing <918>",3
60 bis 64 Jahre,2025,"Wien 22.Bezirk, Donaustadt <922>","Wien 19.Bezirk, Döbling <919>",3
60 bis 64 Jahre,2025,"Wien 22.Bezirk, Donaustadt <922>","Wien 20.Bezirk, Brigittenau <920>",9
60 bis 64 Jahre,2025,"Wien 22.Bezirk, Donaustadt <922>","Wien 21.Bezirk, Floridsdorf <921>",29
60 bis 64 Jahre,2025,"Wien 22.Bezirk, Donaustadt <922>","Wien 22.Bezirk, Donaustadt <922>",162
60 bis 64 Jahre,2025,"Wien 22.Bezirk, Donaustadt <922>","Wien 23.Bezirk, Liesing <923>",11
60 bis 64 Jahre,2025,"Wien 23.Bezirk, Liesing <923>","Wien 1.Bezirk, Innere Stadt <901>",-
60 bis 64 Jahre,2025,"Wien 23.Bezirk, Liesing <923>","Wien 2.Bezirk, Leopoldstadt <902>",5
60 bis 64 Jahre,2025,"Wien 23.Bezirk, Liesing <923>","Wien 3.Bezirk, Landstraße <903>",7
60 bis 64 Jahre,2025,"Wien 23.Bezirk, Liesing <923>","Wien 4.Bezirk, Wieden <904>",2
60 bis 64 Jahre,2025,"Wien 23.Bezirk, Liesing <923>","Wien 5.Bezirk, Margareten <905>",3
60 bis 64 Jahre,2025,"Wien 23.Bezirk, Liesing <923>","Wien 6.Bezirk, Mariahilf <906>",1
60 bis 64 Jahre,2025,"Wien 23.Bezirk, Liesing <923>","Wien 7.Bezirk, Neubau <907>",1
60 bis 64 Jahre,2025,"Wien 23.Bezirk, Liesing <923>","Wien 8.Bezirk, Josefstadt <908>",-
60 bis 64 Jahre,2025,"Wien 23.Bezirk, Liesing <923>","Wien 9.Bezirk, Alsergrund <909>",1
60 bis 64 Jahre,2025,"Wien 23.Bezirk, Liesing <923>","Wien 10.Bezirk, Favoriten <910>",11
60 bis 64 Jahre,2025,"Wien 23.Bezirk, Liesing <923>","Wien 11.Bezirk, Simmering <911>",11
60 bis 64 Jahre,2025,"Wien 23.Bezirk, Liesing <923>","Wien 12.Bezirk, Meidling <912>",9
60 bis 64 Jahre,2025,"Wien 23.Bezirk, Liesing <923>","Wien 13.Bezirk, Hietzing <913>",6
60 bis 64 Jahre,2025,"Wien 23.Bezirk, Liesing <923>","Wien 14.Bezirk, Penzing <914>",4
60 bis 64 Jahre,2025,"Wien 23.Bezirk, Liesing <923>","Wien 15.Bezirk, Rudolfsheim-Fünfhaus <915>",2
60 bis 64 Jahre,2025,"Wien 23.Bezirk, Liesing <923>","Wien 16.Bezirk, Ottakring <916>",2
60 bis 64 Jahre,2025,"Wien 23.Bezirk, Liesing <923>","Wien 17.Bezirk, Hernals <917>",1
60 bis 64 Jahre,2025,"Wien 23.Bezirk, Liesing <923>","Wien 18.Bezirk, Währing <918>",3
60 bis 64 Jahre,2025,"Wien 23.Bezirk, Liesing <923>","Wien 19.Bezirk, Döbling <919>",5
60 bis 64 Jahre,2025,"Wien 23.Bezirk, Liesing <923>","Wien 20.Bezirk, Brigittenau <920>",5
60 bis 64 Jahre,2025,"Wien 23.Bezirk, Liesing <923>","Wien 21.Bezirk, Floridsdorf <921>",5
60 bis 64 Jahre,2025,"Wien 23.Bezirk, Liesing <923>","Wien 22.Bezirk, Donaustadt <922>",13
60 bis 64 Jahre,2025,"Wien 23.Bezirk, Liesing <923>","Wien 23.Bezirk, Liesing <923>",70
65 bis 69 Jahre,2025,"Wien 1.Bezirk, Innere Stadt <901>","Wien 1.Bezirk, Innere Stadt <901>",9
65 bis 69 Jahre,2025,"Wien 1.Bezirk, Innere Stadt <901>","Wien 2.Bezirk, Leopoldstadt <902>",3
65 bis 69 Jahre,2025,"Wien 1.Bezirk, Innere Stadt <901>","Wien 3.Bezirk, Landstraße <903>",8
65 bis 69 Jahre,2025,"Wien 1.Bezirk, Innere Stadt <901>","Wien 4.Bezirk, Wieden <904>",1
65 bis 69 Jahre,2025,"Wien 1.Bezirk, Innere Stadt <901>","Wien 5.Bezirk, Margareten <905>",1
65 bis 69 Jahre,2025,"Wien 1.Bezirk, Innere Stadt <901>","Wien 6.Bezirk, Mariahilf <906>",3
65 bis 69 Jahre,2025,"Wien 1.Bezirk, Innere Stadt <901>","Wien 7.Bezirk, Neubau <907>",-
65 bis 69 Jahre,2025,"Wien 1.Bezirk, Innere Stadt <901>","Wien 8.Bezirk, Josefstadt <908>",-
65 bis 69 Jahre,2025,"Wien 1.Bezirk, Innere Stadt <901>","Wien 9.Bezirk, Alsergrund <909>",3
65 bis 69 Jahre,2025,"Wien 1.Bezirk, Innere Stadt <901>","Wien 10.Bezirk, Favoriten <910>",2
65 bis 69 Jahre,2025,"Wien 1.Bezirk, Innere Stadt <901>","Wien 11.Bezirk, Simmering <911>",-
65 bis 69 Jahre,2025,"Wien 1.Bezirk, Innere Stadt <901>","Wien 12.Bezirk, Meidling <912>",2
65 bis 69 Jahre,2025,"Wien 1.Bezirk, Innere Stadt <901>","Wien 13.Bezirk, Hietzing <913>",2
65 bis 69 Jahre,2025,"Wien 1.Bezirk, Innere Stadt <901>","Wien 14.Bezirk, Penzing <914>",2
65 bis 69 Jahre,2025,"Wien 1.Bezirk, Innere Stadt <901>","Wien 15.Bezirk, Rudolfsheim-Fünfhaus <915>",2
65 bis 69 Jahre,2025,"Wien 1.Bezirk, Innere Stadt <901>","Wien 16.Bezirk, Ottakring <916>",13
65 bis 69 Jahre,2025,"Wien 1.Bezirk, Innere Stadt <901>","Wien 17.Bezirk, Hernals <917>",2
65 bis 69 Jahre,2025,"Wien 1.Bezirk, Innere Stadt <901>","Wien 18.Bezirk, Währing <918>",7
65 bis 69 Jahre,2025,"Wien 1.Bezirk, Innere Stadt <901>","Wien 19.Bezirk, Döbling <919>",6
65 bis 69 Jahre,2025,"Wien 1.Bezirk, Innere Stadt <901>","Wien 20.Bezirk, Brigittenau <920>",-
65 bis 69 Jahre,2025,"Wien 1.Bezirk, Innere Stadt <901>","Wien 21.Bezirk, Floridsdorf <921>",1
65 bis 69 Jahre,2025,"Wien 1.Bezirk, Innere Stadt <901>","Wien 22.Bezirk, Donaustadt <922>",3
65 bis 69 Jahre,2025,"Wien 1.Bezirk, Innere Stadt <901>","Wien 23.Bezirk, Liesing <923>",4
65 bis 69 Jahre,2025,"Wien 2.Bezirk, Leopoldstadt <902>","Wien 1.Bezirk, Innere Stadt <901>",4
65 bis 69 Jahre,2025,"Wien 2.Bezirk, Leopoldstadt <902>","Wien 2.Bezirk, Leopoldstadt <902>",44
65 bis 69 Jahre,2025,"Wien 2.Bezirk, Leopoldstadt <902>","Wien 3.Bezirk, Landstraße <903>",8
65 bis 69 Jahre,2025,"Wien 2.Bezirk, Leopoldstadt <902>","Wien 4.Bezirk, Wieden <904>",3
65 bis 69 Jahre,2025,"Wien 2.Bezirk, Leopoldstadt <902>","Wien 5.Bezirk, Margareten <905>",6
65 bis 69 Jahre,2025,"Wien 2.Bezirk, Leopoldstadt <902>","Wien 6.Bezirk, Mariahilf <906>",2
65 bis 69 Jahre,2025,"Wien 2.Bezirk, Leopoldstadt <902>","Wien 7.Bezirk, Neubau <907>",1
65 bis 69 Jahre,2025,"Wien 2.Bezirk, Leopoldstadt <902>","Wien 8.Bezirk, Josefstadt <908>",2
65 bis 69 Jahre,2025,"Wien 2.Bezirk, Leopoldstadt <902>","Wien 9.Bezirk, Alsergrund <909>",2
65 bis 69 Jahre,2025,"Wien 2.Bezirk, Leopoldstadt <902>","Wien 10.Bezirk, Favoriten <910>",9
65 bis 69 Jahre,2025,"Wien 2.Bezirk, Leopoldstadt <902>","Wien 11.Bezirk, Simmering <911>",6
65 bis 69 Jahre,2025,"Wien 2.Bezirk, Leopoldstadt <902>","Wien 12.Bezirk, Meidling <912>",7
65 bis 69 Jahre,2025,"Wien 2.Bezirk, Leopoldstadt <902>","Wien 13.Bezirk, Hietzing <913>",2
65 bis 69 Jahre,2025,"Wien 2.Bezirk, Leopoldstadt <902>","Wien 14.Bezirk, Penzing <914>",5
65 bis 69 Jahre,2025,"Wien 2.Bezirk, Leopoldstadt <902>","Wien 15.Bezirk, Rudolfsheim-Fünfhaus <915>",1
65 bis 69 Jahre,2025,"Wien 2.Bezirk, Leopoldstadt <902>","Wien 16.Bezirk, Ottakring <916>",1
65 bis 69 Jahre,2025,"Wien 2.Bezirk, Leopoldstadt <902>","Wien 17.Bezirk, Hernals <917>",1
65 bis 69 Jahre,2025,"Wien 2.Bezirk, Leopoldstadt <902>","Wien 18.Bezirk, Währing <918>",1
65 bis 69 Jahre,2025,"Wien 2.Bezirk, Leopoldstadt <902>","Wien 19.Bezirk, Döbling <919>",5
65 bis 69 Jahre,2025,"Wien 2.Bezirk, Leopoldstadt <902>","Wien 20.Bezirk, Brigittenau <920>",12
65 bis 69 Jahre,2025,"Wien 2.Bezirk, Leopoldstadt <902>","Wien 21.Bezirk, Floridsdorf <921>",12
65 bis 69 Jahre,2025,"Wien 2.Bezirk, Leopoldstadt <902>","Wien 22.Bezirk, Donaustadt <922>",18
65 bis 69 Jahre,2025,"Wien 2.Bezirk, Leopoldstadt <902>","Wien 23.Bezirk, Liesing <923>",4
65 bis 69 Jahre,2025,"Wien 3.Bezirk, Landstraße <903>","Wien 1.Bezirk, Innere Stadt <901>",3
65 bis 69 Jahre,2025,"Wien 3.Bezirk, Landstraße <903>","Wien 2.Bezirk, Leopoldstadt <902>",6
65 bis 69 Jahre,2025,"Wien 3.Bezirk, Landstraße <903>","Wien 3.Bezirk, Landstraße <903>",33
65 bis 69 Jahre,2025,"Wien 3.Bezirk, Landstraße <903>","Wien 4.Bezirk, Wieden <904>",3
65 bis 69 Jahre,2025,"Wien 3.Bezirk, Landstraße <903>","Wien 5.Bezirk, Margareten <905>",1
65 bis 69 Jahre,2025,"Wien 3.Bezirk, Landstraße <903>","Wien 6.Bezirk, Mariahilf <906>",2
65 bis 69 Jahre,2025,"Wien 3.Bezirk, Landstraße <903>","Wien 7.Bezirk, Neubau <907>",2
65 bis 69 Jahre,2025,"Wien 3.Bezirk, Landstraße <903>","Wien 8.Bezirk, Josefstadt <908>",-
65 bis 69 Jahre,2025,"Wien 3.Bezirk, Landstraße <903>","Wien 9.Bezirk, Alsergrund <909>",1
65 bis 69 Jahre,2025,"Wien 3.Bezirk, Landstraße <903>","Wien 10.Bezirk, Favoriten <910>",20
65 bis 69 Jahre,2025,"Wien 3.Bezirk, Landstraße <903>","Wien 11.Bezirk, Simmering <911>",9
65 bis 69 Jahre,2025,"Wien 3.Bezirk, Landstraße <903>","Wien 12.Bezirk, Meidling <912>",2
65 bis 69 Jahre,2025,"Wien 3.Bezirk, Landstraße <903>","Wien 13.Bezirk, Hietzing <913>",2
65 bis 69 Jahre,2025,"Wien 3.Bezirk, Landstraße <903>","Wien 14.Bezirk, Penzing <914>",2
65 bis 69 Jahre,2025,"Wien 3.Bezirk, Landstraße <903>","Wien 15.Bezirk, Rudolfsheim-Fünfhaus <915>",6
65 bis 69 Jahre,2025,"Wien 3.Bezirk, Landstraße <903>","Wien 16.Bezirk, Ottakring <916>",6
65 bis 69 Jahre,2025,"Wien 3.Bezirk, Landstraße <903>","Wien 17.Bezirk, Hernals <917>",1
65 bis 69 Jahre,2025,"Wien 3.Bezirk, Landstraße <903>","Wien 18.Bezirk, Währing <918>",-
65 bis 69 Jahre,2025,"Wien 3.Bezirk, Landstraße <903>","Wien 19.Bezirk, Döbling <919>",5
65 bis 69 Jahre,2025,"Wien 3.Bezirk, Landstraße <903>","Wien 20.Bezirk, Brigittenau <920>",5
65 bis 69 Jahre,2025,"Wien 3.Bezirk, Landstraße <903>","Wien 21.Bezirk, Floridsdorf <921>",6
65 bis 69 Jahre,2025,"Wien 3.Bezirk, Landstraße <903>","Wien 22.Bezirk, Donaustadt <922>",11
65 bis 69 Jahre,2025,"Wien 3.Bezirk, Landstraße <903>","Wien 23.Bezirk, Liesing <923>",2
65 bis 69 Jahre,2025,"Wien 4.Bezirk, Wieden <904>","Wien 1.Bezirk, Innere Stadt <901>",5
65 bis 69 Jahre,2025,"Wien 4.Bezirk, Wieden <904>","Wien 2.Bezirk, Leopoldstadt <902>",4
65 bis 69 Jahre,2025,"Wien 4.Bezirk, Wieden <904>","Wien 3.Bezirk, Landstraße <903>",7
65 bis 69 Jahre,2025,"Wien 4.Bezirk, Wieden <904>","Wien 4.Bezirk, Wieden <904>",7
65 bis 69 Jahre,2025,"Wien 4.Bezirk, Wieden <904>","Wien 5.Bezirk, Margareten <905>",6
65 bis 69 Jahre,2025,"Wien 4.Bezirk, Wieden <904>","Wien 6.Bezirk, Mariahilf <906>",1
65 bis 69 Jahre,2025,"Wien 4.Bezirk, Wieden <904>","Wien 7.Bezirk, Neubau <907>",4
65 bis 69 Jahre,2025,"Wien 4.Bezirk, Wieden <904>","Wien 8.Bezirk, Josefstadt <908>",1
65 bis 69 Jahre,2025,"Wien 4.Bezirk, Wieden <904>","Wien 9.Bezirk, Alsergrund <909>",3
65 bis 69 Jahre,2025,"Wien 4.Bezirk, Wieden <904>","Wien 10.Bezirk, Favoriten <910>",8
65 bis 69 Jahre,2025,"Wien 4.Bezirk, Wieden <904>","Wien 11.Bezirk, Simmering <911>",6
65 bis 69 Jahre,2025,"Wien 4.Bezirk, Wieden <904>","Wien 12.Bezirk, Meidling <912>",5
65 bis 69 Jahre,2025,"Wien 4.Bezirk, Wieden <904>","Wien 13.Bezirk, Hietzing <913>",-
65 bis 69 Jahre,2025,"Wien 4.Bezirk, Wieden <904>","Wien 14.Bezirk, Penzing <914>",2
65 bis 69 Jahre,2025,"Wien 4.Bezirk, Wieden <904>","Wien 15.Bezirk, Rudolfsheim-Fünfhaus <915>",3
65 bis 69 Jahre,2025,"Wien 4.Bezirk, Wieden <904>","Wien 16.Bezirk, Ottakring <916>",6
65 bis 69 Jahre,2025,"Wien 4.Bezirk, Wieden <904>","Wien 17.Bezirk, Hernals <917>",-
65 bis 69 Jahre,2025,"Wien 4.Bezirk, Wieden <904>","Wien 18.Bezirk, Währing <918>",-
65 bis 69 Jahre,2025,"Wien 4.Bezirk, Wieden <904>","Wien 19.Bezirk, Döbling <919>",5
65 bis 69 Jahre,2025,"Wien 4.Bezirk, Wieden <904>","Wien 20.Bezirk, Brigittenau <920>",2
65 bis 69 Jahre,2025,"Wien 4.Bezirk, Wieden <904>","Wien 21.Bezirk, Floridsdorf <921>",5
65 bis 69 Jahre,2025,"Wien 4.Bezirk, Wieden <904>","Wien 22.Bezirk, Donaustadt <922>",5
65 bis 69 Jahre,2025,"Wien 4.Bezirk, Wieden <904>","Wien 23.Bezirk, Liesing <923>",3
65 bis 69 Jahre,2025,"Wien 5.Bezirk, Margareten <905>","Wien 1.Bezirk, Innere Stadt <901>",1
65 bis 69 Jahre,2025,"Wien 5.Bezirk, Margareten <905>","Wien 2.Bezirk, Leopoldstadt <902>",2
65 bis 69 Jahre,2025,"Wien 5.Bezirk, Margareten <905>","Wien 3.Bezirk, Landstraße <903>",2
65 bis 69 Jahre,2025,"Wien 5.Bezirk, Margareten <905>","Wien 4.Bezirk, Wieden <904>",6
65 bis 69 Jahre,2025,"Wien 5.Bezirk, Margareten <905>","Wien 5.Bezirk, Margareten <905>",14
65 bis 69 Jahre,2025,"Wien 5.Bezirk, Margareten <905>","Wien 6.Bezirk, Mariahilf <906>",1
65 bis 69 Jahre,2025,"Wien 5.Bezirk, Margareten <905>","Wien 7.Bezirk, Neubau <907>",-
65 bis 69 Jahre,2025,"Wien 5.Bezirk, Margareten <905>","Wien 8.Bezirk, Josefstadt <908>",-
65 bis 69 Jahre,2025,"Wien 5.Bezirk, Margareten <905>","Wien 9.Bezirk, Alsergrund <909>",6
65 bis 69 Jahre,2025,"Wien 5.Bezirk, Margareten <905>","Wien 10.Bezirk, Favoriten <910>",9
65 bis 69 Jahre,2025,"Wien 5.Bezirk, Margareten <905>","Wien 11.Bezirk, Simmering <911>",6
65 bis 69 Jahre,2025,"Wien 5.Bezirk, Margareten <905>","Wien 12.Bezirk, Meidling <912>",10
65 bis 69 Jahre,2025,"Wien 5.Bezirk, Margareten <905>","Wien 13.Bezirk, Hietzing <913>",1
65 bis 69 Jahre,2025,"Wien 5.Bezirk, Margareten <905>","Wien 14.Bezirk, Penzing <914>",3
65 bis 69 Jahre,2025,"Wien 5.Bezirk, Margareten <905>","Wien 15.Bezirk, Rudolfsheim-Fünfhaus <915>",5
65 bis 69 Jahre,2025,"Wien 5.Bezirk, Margareten <905>","Wien 16.Bezirk, Ottakring <916>",4
65 bis 69 Jahre,2025,"Wien 5.Bezirk, Margareten <905>","Wien 17.Bezirk, Hernals <917>",3
65 bis 69 Jahre,2025,"Wien 5.Bezirk, Margareten <905>","Wien 18.Bezirk, Währing <918>",-
65 bis 69 Jahre,2025,"Wien 5.Bezirk, Margareten <905>","Wien 19.Bezirk, Döbling <919>",-
65 bis 69 Jahre,2025,"Wien 5.Bezirk, Margareten <905>","Wien 20.Bezirk, Brigittenau <920>",2
65 bis 69 Jahre,2025,"Wien 5.Bezirk, Margareten <905>","Wien 21.Bezirk, Floridsdorf <921>",4
65 bis 69 Jahre,2025,"Wien 5.Bezirk, Margareten <905>","Wien 22.Bezirk, Donaustadt <922>",7
65 bis 69 Jahre,2025,"Wien 5.Bezirk, Margareten <905>","Wien 23.Bezirk, Liesing <923>",2
65 bis 69 Jahre,2025,"Wien 6.Bezirk, Mariahilf <906>","Wien 1.Bezirk, Innere Stadt <901>",1
65 bis 69 Jahre,2025,"Wien 6.Bezirk, Mariahilf <906>","Wien 2.Bezirk, Leopoldstadt <902>",3
65 bis 69 Jahre,2025,"Wien 6.Bezirk, Mariahilf <906>","Wien 3.Bezirk, Landstraße <903>",5
65 bis 69 Jahre,2025,"Wien 6.Bezirk, Mariahilf <906>","Wien 4.Bezirk, Wieden <904>",1
65 bis 69 Jahre,2025,"Wien 6.Bezirk, Mariahilf <906>","Wien 5.Bezirk, Margareten <905>",5
65 bis 69 Jahre,2025,"Wien 6.Bezirk, Mariahilf <906>","Wien 6.Bezirk, Mariahilf <906>",1
65 bis 69 Jahre,2025,"Wien 6.Bezirk, Mariahilf <906>","Wien 7.Bezirk, Neubau <907>",6
65 bis 69 Jahre,2025,"Wien 6.Bezirk, Mariahilf <906>","Wien 8.Bezirk, Josefstadt <908>",-
65 bis 69 Jahre,2025,"Wien 6.Bezirk, Mariahilf <906>","Wien 9.Bezirk, Alsergrund <909>",1
65 bis 69 Jahre,2025,"Wien 6.Bezirk, Mariahilf <906>","Wien 10.Bezirk, Favoriten <910>",5
65 bis 69 Jahre,2025,"Wien 6.Bezirk, Mariahilf <906>","Wien 11.Bezirk, Simmering <911>",2
65 bis 69 Jahre,2025,"Wien 6.Bezirk, Mariahilf <906>","Wien 12.Bezirk, Meidling <912>",4
65 bis 69 Jahre,2025,"Wien 6.Bezirk, Mariahilf <906>","Wien 13.Bezirk, Hietzing <913>",2
65 bis 69 Jahre,2025,"Wien 6.Bezirk, Mariahilf <906>","Wien 14.Bezirk, Penzing <914>",-
65 bis 69 Jahre,2025,"Wien 6.Bezirk, Mariahilf <906>","Wien 15.Bezirk, Rudolfsheim-Fünfhaus <915>",1
65 bis 69 Jahre,2025,"Wien 6.Bezirk, Mariahilf <906>","Wien 16.Bezirk, Ottakring <916>",4
65 bis 69 Jahre,2025,"Wien 6.Bezirk, Mariahilf <906>","Wien 17.Bezirk, Hernals <917>",1
65 bis 69 Jahre,2025,"Wien 6.Bezirk, Mariahilf <906>","Wien 18.Bezirk, Währing <918>",1
65 bis 69 Jahre,2025,"Wien 6.Bezirk, Mariahilf <906>","Wien 19.Bezirk, Döbling <919>",-
65 bis 69 Jahre,2025,"Wien 6.Bezirk, Mariahilf <906>","Wien 20.Bezirk, Brigittenau <920>",-
65 bis 69 Jahre,2025,"Wien 6.Bezirk, Mariahilf <906>","Wien 21.Bezirk, Floridsdorf <921>",1
65 bis 69 Jahre,2025,"Wien 6.Bezirk, Mariahilf <906>","Wien 22.Bezirk, Donaustadt <922>",4
65 bis 69 Jahre,2025,"Wien 6.Bezirk, Mariahilf <906>","Wien 23.Bezirk, Liesing <923>",2
65 bis 69 Jahre,2025,"Wien 7.Bezirk, Neubau <907>","Wien 1.Bezirk, Innere Stadt <901>",-
65 bis 69 Jahre,2025,"Wien 7.Bezirk, Neubau <907>","Wien 2.Bezirk, Leopoldstadt <902>",-
65 bis 69 Jahre,2025,"Wien 7.Bezirk, Neubau <907>","Wien 3.Bezirk, Landstraße <903>",4
65 bis 69 Jahre,2025,"Wien 7.Bezirk, Neubau <907>","Wien 4.Bezirk, Wieden <904>",3
65 bis 69 Jahre,2025,"Wien 7.Bezirk, Neubau <907>","Wien 5.Bezirk, Margareten <905>",2
65 bis 69 Jahre,2025,"Wien 7.Bezirk, Neubau <907>","Wien 6.Bezirk, Mariahilf <906>",3
65 bis 69 Jahre,2025,"Wien 7.Bezirk, Neubau <907>","Wien 7.Bezirk, Neubau <907>",5
65 bis 69 Jahre,2025,"Wien 7.Bezirk, Neubau <907>","Wien 8.Bezirk, Josefstadt <908>",1
65 bis 69 Jahre,2025,"Wien 7.Bezirk, Neubau <907>","Wien 9.Bezirk, Alsergrund <909>",1
65 bis 69 Jahre,2025,"Wien 7.Bezirk, Neubau <907>","Wien 10.Bezirk, Favoriten <910>",3
65 bis 69 Jahre,2025,"Wien 7.Bezirk, Neubau <907>","Wien 11.Bezirk, Simmering <911>",-
65 bis 69 Jahre,2025,"Wien 7.Bezirk, Neubau <907>","Wien 12.Bezirk, Meidling <912>",2
65 bis 69 Jahre,2025,"Wien 7.Bezirk, Neubau <907>","Wien 13.Bezirk, Hietzing <913>",1
65 bis 69 Jahre,2025,"Wien 7.Bezirk, Neubau <907>","Wien 14.Bezirk, Penzing <914>",5
65 bis 69 Jahre,2025,"Wien 7.Bezirk, Neubau <907>","Wien 15.Bezirk, Rudolfsheim-Fünfhaus <915>",1
65 bis 69 Jahre,2025,"Wien 7.Bezirk, Neubau <907>","Wien 16.Bezirk, Ottakring <916>",5
65 bis 69 Jahre,2025,"Wien 7.Bezirk, Neubau <907>","Wien 17.Bezirk, Hernals <917>",5
65 bis 69 Jahre,2025,"Wien 7.Bezirk, Neubau <907>","Wien 18.Bezirk, Währing <918>",2
65 bis 69 Jahre,2025,"Wien 7.Bezirk, Neubau <907>","Wien 19.Bezirk, Döbling <919>",-
65 bis 69 Jahre,2025,"Wien 7.Bezirk, Neubau <907>","Wien 20.Bezirk, Brigittenau <920>",1
65 bis 69 Jahre,2025,"Wien 7.Bezirk, Neubau <907>","Wien 21.Bezirk, Floridsdorf <921>",2
65 bis 69 Jahre,2025,"Wien 7.Bezirk, Neubau <907>","Wien 22.Bezirk, Donaustadt <922>",3
65 bis 69 Jahre,2025,"Wien 7.Bezirk, Neubau <907>","Wien 23.Bezirk, Liesing <923>",-
65 bis 69 Jahre,2025,"Wien 8.Bezirk, Josefstadt <908>","Wien 1.Bezirk, Innere Stadt <901>",-
65 bis 69 Jahre,2025,"Wien 8.Bezirk, Josefstadt <908>","Wien 2.Bezirk, Leopoldstadt <902>",1
65 bis 69 Jahre,2025,"Wien 8.Bezirk, Josefstadt <908>","Wien 3.Bezirk, Landstraße <903>",2
65 bis 69 Jahre,2025,"Wien 8.Bezirk, Josefstadt <908>","Wien 4.Bezirk, Wieden <904>",1
65 bis 69 Jahre,2025,"Wien 8.Bezirk, Josefstadt <908>","Wien 5.Bezirk, Margareten <905>",-
65 bis 69 Jahre,2025,"Wien 8.Bezirk, Josefstadt <908>","Wien 6.Bezirk, Mariahilf <906>",1
65 bis 69 Jahre,2025,"Wien 8.Bezirk, Josefstadt <908>","Wien 7.Bezirk, Neubau <907>",2
65 bis 69 Jahre,2025,"Wien 8.Bezirk, Josefstadt <908>","Wien 8.Bezirk, Josefstadt <908>",8
65 bis 69 Jahre,2025,"Wien 8.Bezirk, Josefstadt <908>","Wien 9.Bezirk, Alsergrund <909>",2
65 bis 69 Jahre,2025,"Wien 8.Bezirk, Josefstadt <908>","Wien 10.Bezirk, Favoriten <910>",1
65 bis 69 Jahre,2025,"Wien 8.Bezirk, Josefstadt <908>","Wien 11.Bezirk, Simmering <911>",1
65 bis 69 Jahre,2025,"Wien 8.Bezirk, Josefstadt <908>","Wien 12.Bezirk, Meidling <912>",1
65 bis 69 Jahre,2025,"Wien 8.Bezirk, Josefstadt <908>","Wien 13.Bezirk, Hietzing <913>",-
65 bis 69 Jahre,2025,"Wien 8.Bezirk, Josefstadt <908>","Wien 14.Bezirk, Penzing <914>",1
65 bis 69 Jahre,2025,"Wien 8.Bezirk, Josefstadt <908>","Wien 15.Bezirk, Rudolfsheim-Fünfhaus <915>",2
65 bis 69 Jahre,2025,"Wien 8.Bezirk, Josefstadt <908>","Wien 16.Bezirk, Ottakring <916>",7
65 bis 69 Jahre,2025,"Wien 8.Bezirk, Josefstadt <908>","Wien 17.Bezirk, Hernals <917>",4
65 bis 69 Jahre,2025,"Wien 8.Bezirk, Josefstadt <908>","Wien 18.Bezirk, Währing <918>",-
65 bis 69 Jahre,2025,"Wien 8.Bezirk, Josefstadt <908>","Wien 19.Bezirk, Döbling <919>",1
65 bis 69 Jahre,2025,"Wien 8.Bezirk, Josefstadt <908>","Wien 20.Bezirk, Brigittenau <920>",1
65 bis 69 Jahre,2025,"Wien 8.Bezirk, Josefstadt <908>","Wien 21.Bezirk, Floridsdorf <921>",2
65 bis 69 Jahre,2025,"Wien 8.Bezirk, Josefstadt <908>","Wien 22.Bezirk, Donaustadt <922>",1
65 bis 69 Jahre,2025,"Wien 8.Bezirk, Josefstadt <908>","Wien 23.Bezirk, Liesing <923>",-
65 bis 69 Jahre,2025,"Wien 9.Bezirk, Alsergrund <909>","Wien 1.Bezirk, Innere Stadt <901>",-
65 bis 69 Jahre,2025,"Wien 9.Bezirk, Alsergrund <909>","Wien 2.Bezirk, Leopoldstadt <902>",4
65 bis 69 Jahre,2025,"Wien 9.Bezirk, Alsergrund <909>","Wien 3.Bezirk, Landstraße <903>",1
65 bis 69 Jahre,2025,"Wien 9.Bezirk, Alsergrund <909>","Wien 4.Bezirk, Wieden <904>",3
65 bis 69 Jahre,2025,"Wien 9.Bezirk, Alsergrund <909>","Wien 5.Bezirk, Margareten <905>",3
65 bis 69 Jahre,2025,"Wien 9.Bezirk, Alsergrund <909>","Wien 6.Bezirk, Mariahilf <906>",-
65 bis 69 Jahre,2025,"Wien 9.Bezirk, Alsergrund <909>","Wien 7.Bezirk, Neubau <907>",-
65 bis 69 Jahre,2025,"Wien 9.Bezirk, Alsergrund <909>","Wien 8.Bezirk, Josefstadt <908>",2
65 bis 69 Jahre,2025,"Wien 9.Bezirk, Alsergrund <909>","Wien 9.Bezirk, Alsergrund <909>",1
65 bis 69 Jahre,2025,"Wien 9.Bezirk, Alsergrund <909>","Wien 10.Bezirk, Favoriten <910>",1
65 bis 69 Jahre,2025,"Wien 9.Bezirk, Alsergrund <909>","Wien 11.Bezirk, Simmering <911>",2
65 bis 69 Jahre,2025,"Wien 9.Bezirk, Alsergrund <909>","Wien 12.Bezirk, Meidling <912>",4
65 bis 69 Jahre,2025,"Wien 9.Bezirk, Alsergrund <909>","Wien 13.Bezirk, Hietzing <913>",-
65 bis 69 Jahre,2025,"Wien 9.Bezirk, Alsergrund <909>","Wien 14.Bezirk, Penzing <914>",2
65 bis 69 Jahre,2025,"Wien 9.Bezirk, Alsergrund <909>","Wien 15.Bezirk, Rudolfsheim-Fünfhaus <915>",2
65 bis 69 Jahre,2025,"Wien 9.Bezirk, Alsergrund <909>","Wien 16.Bezirk, Ottakring <916>",4
65 bis 69 Jahre,2025,"Wien 9.Bezirk, Alsergrund <909>","Wien 17.Bezirk, Hernals <917>",1
65 bis 69 Jahre,2025,"Wien 9.Bezirk, Alsergrund <909>","Wien 18.Bezirk, Währing <918>",1
65 bis 69 Jahre,2025,"Wien 9.Bezirk, Alsergrund <909>","Wien 19.Bezirk, Döbling <919>",8
65 bis 69 Jahre,2025,"Wien 9.Bezirk, Alsergrund <909>","Wien 20.Bezirk, Brigittenau <920>",2
65 bis 69 Jahre,2025,"Wien 9.Bezirk, Alsergrund <909>","Wien 21.Bezirk, Floridsdorf <921>",4
65 bis 69 Jahre,2025,"Wien 9.Bezirk, Alsergrund <909>","Wien 22.Bezirk, Donaustadt <922>",1
65 bis 69 Jahre,2025,"Wien 9.Bezirk, Alsergrund <909>","Wien 23.Bezirk, Liesing <923>",2
65 bis 69 Jahre,2025,"Wien 10.Bezirk, Favoriten <910>","Wien 1.Bezirk, Innere Stadt <901>",-
65 bis 69 Jahre,2025,"Wien 10.Bezirk, Favoriten <910>","Wien 2.Bezirk, Leopoldstadt <902>",11
65 bis 69 Jahre,2025,"Wien 10.Bezirk, Favoriten <910>","Wien 3.Bezirk, Landstraße <903>",8
65 bis 69 Jahre,2025,"Wien 10.Bezirk, Favoriten <910>","Wien 4.Bezirk, Wieden <904>",9
65 bis 69 Jahre,2025,"Wien 10.Bezirk, Favoriten <910>","Wien 5.Bezirk, Margareten <905>",9
65 bis 69 Jahre,2025,"Wien 10.Bezirk, Favoriten <910>","Wien 6.Bezirk, Mariahilf <906>",1
65 bis 69 Jahre,2025,"Wien 10.Bezirk, Favoriten <910>","Wien 7.Bezirk, Neubau <907>",5
65 bis 69 Jahre,2025,"Wien 10.Bezirk, Favoriten <910>","Wien 8.Bezirk, Josefstadt <908>",2
65 bis 69 Jahre,2025,"Wien 10.Bezirk, Favoriten <910>","Wien 9.Bezirk, Alsergrund <909>",2
65 bis 69 Jahre,2025,"Wien 10.Bezirk, Favoriten <910>","Wien 10.Bezirk, Favoriten <910>",129
65 bis 69 Jahre,2025,"Wien 10.Bezirk, Favoriten <910>","Wien 11.Bezirk, Simmering <911>",23
65 bis 69 Jahre,2025,"Wien 10.Bezirk, Favoriten <910>","Wien 12.Bezirk, Meidling <912>",16
65 bis 69 Jahre,2025,"Wien 10.Bezirk, Favoriten <910>","Wien 13.Bezirk, Hietzing <913>",1
65 bis 69 Jahre,2025,"Wien 10.Bezirk, Favoriten <910>","Wien 14.Bezirk, Penzing <914>",3
65 bis 69 Jahre,2025,"Wien 10.Bezirk, Favoriten <910>","Wien 15.Bezirk, Rudolfsheim-Fünfhaus <915>",5
65 bis 69 Jahre,2025,"Wien 10.Bezirk, Favoriten <910>","Wien 16.Bezirk, Ottakring <916>",5
65 bis 69 Jahre,2025,"Wien 10.Bezirk, Favoriten <910>","Wien 17.Bezirk, Hernals <917>",1
65 bis 69 Jahre,2025,"Wien 10.Bezirk, Favoriten <910>","Wien 18.Bezirk, Währing <918>",3
65 bis 69 Jahre,2025,"Wien 10.Bezirk, Favoriten <910>","Wien 19.Bezirk, Döbling <919>",4
65 bis 69 Jahre,2025,"Wien 10.Bezirk, Favoriten <910>","Wien 20.Bezirk, Brigittenau <920>",6
65 bis 69 Jahre,2025,"Wien 10.Bezirk, Favoriten <910>","Wien 21.Bezirk, Floridsdorf <921>",10
65 bis 69 Jahre,2025,"Wien 10.Bezirk, Favoriten <910>","Wien 22.Bezirk, Donaustadt <922>",26
65 bis 69 Jahre,2025,"Wien 10.Bezirk, Favoriten <910>","Wien 23.Bezirk, Liesing <923>",20
65 bis 69 Jahre,2025,"Wien 11.Bezirk, Simmering <911>","Wien 1.Bezirk, Innere Stadt <901>",1
65 bis 69 Jahre,2025,"Wien 11.Bezirk, Simmering <911>","Wien 2.Bezirk, Leopoldstadt <902>",8
65 bis 69 Jahre,2025,"Wien 11.Bezirk, Simmering <911>","Wien 3.Bezirk, Landstraße <903>",7
65 bis 69 Jahre,2025,"Wien 11.Bezirk, Simmering <911>","Wien 4.Bezirk, Wieden <904>",3
65 bis 69 Jahre,2025,"Wien 11.Bezirk, Simmering <911>","Wien 5.Bezirk, Margareten <905>",1
65 bis 69 Jahre,2025,"Wien 11.Bezirk, Simmering <911>","Wien 6.Bezirk, Mariahilf <906>",-
65 bis 69 Jahre,2025,"Wien 11.Bezirk, Simmering <911>","Wien 7.Bezirk, Neubau <907>",1
65 bis 69 Jahre,2025,"Wien 11.Bezirk, Simmering <911>","Wien 8.Bezirk, Josefstadt <908>",-
65 bis 69 Jahre,2025,"Wien 11.Bezirk, Simmering <911>","Wien 9.Bezirk, Alsergrund <909>",1
65 bis 69 Jahre,2025,"Wien 11.Bezirk, Simmering <911>","Wien 10.Bezirk, Favoriten <910>",14
65 bis 69 Jahre,2025,"Wien 11.Bezirk, Simmering <911>","Wien 11.Bezirk, Simmering <911>",45
65 bis 69 Jahre,2025,"Wien 11.Bezirk, Simmering <911>","Wien 12.Bezirk, Meidling <912>",1
65 bis 69 Jahre,2025,"Wien 11.Bezirk, Simmering <911>","Wien 13.Bezirk, Hietzing <913>",5
65 bis 69 Jahre,2025,"Wien 11.Bezirk, Simmering <911>","Wien 14.Bezirk, Penzing <914>",7
65 bis 69 Jahre,2025,"Wien 11.Bezirk, Simmering <911>","Wien 15.Bezirk, Rudolfsheim-Fünfhaus <915>",-
65 bis 69 Jahre,2025,"Wien 11.Bezirk, Simmering <911>","Wien 16.Bezirk, Ottakring <916>",1
65 bis 69 Jahre,2025,"Wien 11.Bezirk, Simmering <911>","Wien 17.Bezirk, Hernals <917>",2
65 bis 69 Jahre,2025,"Wien 11.Bezirk, Simmering <911>","Wien 18.Bezirk, Währing <918>",-
65 bis 69 Jahre,2025,"Wien 11.Bezirk, Simmering <911>","Wien 19.Bezirk, Döbling <919>",1
65 bis 69 Jahre,2025,"Wien 11.Bezirk, Simmering <911>","Wien 20.Bezirk, Brigittenau <920>",3
65 bis 69 Jahre,2025,"Wien 11.Bezirk, Simmering <911>","Wien 21.Bezirk, Floridsdorf <921>",10
65 bis 69 Jahre,2025,"Wien 11.Bezirk, Simmering <911>","Wien 22.Bezirk, Donaustadt <922>",11
65 bis 69 Jahre,2025,"Wien 11.Bezirk, Simmering <911>","Wien 23.Bezirk, Liesing <923>",3
65 bis 69 Jahre,2025,"Wien 12.Bezirk, Meidling <912>","Wien 1.Bezirk, Innere Stadt <901>",-
65 bis 69 Jahre,2025,"Wien 12.Bezirk, Meidling <912>","Wien 2.Bezirk, Leopoldstadt <902>",4
65 bis 69 Jahre,2025,"Wien 12.Bezirk, Meidling <912>","Wien 3.Bezirk, Landstraße <903>",7
65 bis 69 Jahre,2025,"Wien 12.Bezirk, Meidling <912>","Wien 4.Bezirk, Wieden <904>",4
65 bis 69 Jahre,2025,"Wien 12.Bezirk, Meidling <912>","Wien 5.Bezirk, Margareten <905>",4
65 bis 69 Jahre,2025,"Wien 12.Bezirk, Meidling <912>","Wien 6.Bezirk, Mariahilf <906>",1
65 bis 69 Jahre,2025,"Wien 12.Bezirk, Meidling <912>","Wien 7.Bezirk, Neubau <907>",-
65 bis 69 Jahre,2025,"Wien 12.Bezirk, Meidling <912>","Wien 8.Bezirk, Josefstadt <908>",-
65 bis 69 Jahre,2025,"Wien 12.Bezirk, Meidling <912>","Wien 9.Bezirk, Alsergrund <909>",1
65 bis 69 Jahre,2025,"Wien 12.Bezirk, Meidling <912>","Wien 10.Bezirk, Favoriten <910>",14
65 bis 69 Jahre,2025,"Wien 12.Bezirk, Meidling <912>","Wien 11.Bezirk, Simmering <911>",8
65 bis 69 Jahre,2025,"Wien 12.Bezirk, Meidling <912>","Wien 12.Bezirk, Meidling <912>",42
65 bis 69 Jahre,2025,"Wien 12.Bezirk, Meidling <912>","Wien 13.Bezirk, Hietzing <913>",4
65 bis 69 Jahre,2025,"Wien 12.Bezirk, Meidling <912>","Wien 14.Bezirk, Penzing <914>",5
65 bis 69 Jahre,2025,"Wien 12.Bezirk, Meidling <912>","Wien 15.Bezirk, Rudolfsheim-Fünfhaus <915>",7
65 bis 69 Jahre,2025,"Wien 12.Bezirk, Meidling <912>","Wien 16.Bezirk, Ottakring <916>",5
65 bis 69 Jahre,2025,"Wien 12.Bezirk, Meidling <912>","Wien 17.Bezirk, Hernals <917>",-
65 bis 69 Jahre,2025,"Wien 12.Bezirk, Meidling <912>","Wien 18.Bezirk, Währing <918>",-
65 bis 69 Jahre,2025,"Wien 12.Bezirk, Meidling <912>","Wien 19.Bezirk, Döbling <919>",2
65 bis 69 Jahre,2025,"Wien 12.Bezirk, Meidling <912>","Wien 20.Bezirk, Brigittenau <920>",2
65 bis 69 Jahre,2025,"Wien 12.Bezirk, Meidling <912>","Wien 21.Bezirk, Floridsdorf <921>",10
65 bis 69 Jahre,2025,"Wien 12.Bezirk, Meidling <912>","Wien 22.Bezirk, Donaustadt <922>",9
65 bis 69 Jahre,2025,"Wien 12.Bezirk, Meidling <912>","Wien 23.Bezirk, Liesing <923>",15
65 bis 69 Jahre,2025,"Wien 13.Bezirk, Hietzing <913>","Wien 1.Bezirk, Innere Stadt <901>",-
65 bis 69 Jahre,2025,"Wien 13.Bezirk, Hietzing <913>","Wien 2.Bezirk, Leopoldstadt <902>",2
65 bis 69 Jahre,2025,"Wien 13.Bezirk, Hietzing <913>","Wien 3.Bezirk, Landstraße <903>",3
65 bis 69 Jahre,2025,"Wien 13.Bezirk, Hietzing <913>","Wien 4.Bezirk, Wieden <904>",2
65 bis 69 Jahre,2025,"Wien 13.Bezirk, Hietzing <913>","Wien 5.Bezirk, Margareten <905>",1
65 bis 69 Jahre,2025,"Wien 13.Bezirk, Hietzing <913>","Wien 6.Bezirk, Mariahilf <906>",-
65 bis 69 Jahre,2025,"Wien 13.Bezirk, Hietzing <913>","Wien 7.Bezirk, Neubau <907>",2
65 bis 69 Jahre,2025,"Wien 13.Bezirk, Hietzing <913>","Wien 8.Bezirk, Josefstadt <908>",1
65 bis 69 Jahre,2025,"Wien 13.Bezirk, Hietzing <913>","Wien 9.Bezirk, Alsergrund <909>",-
65 bis 69 Jahre,2025,"Wien 13.Bezirk, Hietzing <913>","Wien 10.Bezirk, Favoriten <910>",3
65 bis 69 Jahre,2025,"Wien 13.Bezirk, Hietzing <913>","Wien 11.Bezirk, Simmering <911>",1
65 bis 69 Jahre,2025,"Wien 13.Bezirk, Hietzing <913>","Wien 12.Bezirk, Meidling <912>",2
65 bis 69 Jahre,2025,"Wien 13.Bezirk, Hietzing <913>","Wien 13.Bezirk, Hietzing <913>",29
65 bis 69 Jahre,2025,"Wien 13.Bezirk, Hietzing <913>","Wien 14.Bezirk, Penzing <914>",7
65 bis 69 Jahre,2025,"Wien 13.Bezirk, Hietzing <913>","Wien 15.Bezirk, Rudolfsheim-Fünfhaus <915>",1
65 bis 69 Jahre,2025,"Wien 13.Bezirk, Hietzing <913>","Wien 16.Bezirk, Ottakring <916>",3
65 bis 69 Jahre,2025,"Wien 13.Bezirk, Hietzing <913>","Wien 17.Bezirk, Hernals <917>",2
65 bis 69 Jahre,2025,"Wien 13.Bezirk, Hietzing <913>","Wien 18.Bezirk, Währing <918>",2
65 bis 69 Jahre,2025,"Wien 13.Bezirk, Hietzing <913>","Wien 19.Bezirk, Döbling <919>",6
65 bis 69 Jahre,2025,"Wien 13.Bezirk, Hietzing <913>","Wien 20.Bezirk, Brigittenau <920>",-
65 bis 69 Jahre,2025,"Wien 13.Bezirk, Hietzing <913>","Wien 21.Bezirk, Floridsdorf <921>",2
65 bis 69 Jahre,2025,"Wien 13.Bezirk, Hietzing <913>","Wien 22.Bezirk, Donaustadt <922>",3
65 bis 69 Jahre,2025,"Wien 13.Bezirk, Hietzing <913>","Wien 23.Bezirk, Liesing <923>",12
65 bis 69 Jahre,2025,"Wien 14.Bezirk, Penzing <914>","Wien 1.Bezirk, Innere Stadt <901>",1
65 bis 69 Jahre,2025,"Wien 14.Bezirk, Penzing <914>","Wien 2.Bezirk, Leopoldstadt <902>",3
65 bis 69 Jahre,2025,"Wien 14.Bezirk, Penzing <914>","Wien 3.Bezirk, Landstraße <903>",1
65 bis 69 Jahre,2025,"Wien 14.Bezirk, Penzing <914>","Wien 4.Bezirk, Wieden <904>",3
65 bis 69 Jahre,2025,"Wien 14.Bezirk, Penzing <914>","Wien 5.Bezirk, Margareten <905>",1
65 bis 69 Jahre,2025,"Wien 14.Bezirk, Penzing <914>","Wien 6.Bezirk, Mariahilf <906>",1
65 bis 69 Jahre,2025,"Wien 14.Bezirk, Penzing <914>","Wien 7.Bezirk, Neubau <907>",1
65 bis 69 Jahre,2025,"Wien 14.Bezirk, Penzing <914>","Wien 8.Bezirk, Josefstadt <908>",-
65 bis 69 Jahre,2025,"Wien 14.Bezirk, Penzing <914>","Wien 9.Bezirk, Alsergrund <909>",-
65 bis 69 Jahre,2025,"Wien 14.Bezirk, Penzing <914>","Wien 10.Bezirk, Favoriten <910>",2
65 bis 69 Jahre,2025,"Wien 14.Bezirk, Penzing <914>","Wien 11.Bezirk, Simmering <911>",2
65 bis 69 Jahre,2025,"Wien 14.Bezirk, Penzing <914>","Wien 12.Bezirk, Meidling <912>",8
65 bis 69 Jahre,2025,"Wien 14.Bezirk, Penzing <914>","Wien 13.Bezirk, Hietzing <913>",10
65 bis 69 Jahre,2025,"Wien 14.Bezirk, Penzing <914>","Wien 14.Bezirk, Penzing <914>",41
65 bis 69 Jahre,2025,"Wien 14.Bezirk, Penzing <914>","Wien 15.Bezirk, Rudolfsheim-Fünfhaus <915>",11
65 bis 69 Jahre,2025,"Wien 14.Bezirk, Penzing <914>","Wien 16.Bezirk, Ottakring <916>",10
65 bis 69 Jahre,2025,"Wien 14.Bezirk, Penzing <914>","Wien 17.Bezirk, Hernals <917>",6
65 bis 69 Jahre,2025,"Wien 14.Bezirk, Penzing <914>","Wien 18.Bezirk, Währing <918>",4
65 bis 69 Jahre,2025,"Wien 14.Bezirk, Penzing <914>","Wien 19.Bezirk, Döbling <919>",2
65 bis 69 Jahre,2025,"Wien 14.Bezirk, Penzing <914>","Wien 20.Bezirk, Brigittenau <920>",2
65 bis 69 Jahre,2025,"Wien 14.Bezirk, Penzing <914>","Wien 21.Bezirk, Floridsdorf <921>",7
65 bis 69 Jahre,2025,"Wien 14.Bezirk, Penzing <914>","Wien 22.Bezirk, Donaustadt <922>",5
65 bis 69 Jahre,2025,"Wien 14.Bezirk, Penzing <914>","Wien 23.Bezirk, Liesing <923>",1
65 bis 69 Jahre,2025,"Wien 15.Bezirk, Rudolfsheim-Fünfhaus <915>","Wien 1.Bezirk, Innere Stadt <901>",-
65 bis 69 Jahre,2025,"Wien 15.Bezirk, Rudolfsheim-Fünfhaus <915>","Wien 2.Bezirk, Leopoldstadt <902>",6
65 bis 69 Jahre,2025,"Wien 15.Bezirk, Rudolfsheim-Fünfhaus <915>","Wien 3.Bezirk, Landstraße <903>",3
65 bis 69 Jahre,2025,"Wien 15.Bezirk, Rudolfsheim-Fünfhaus <915>","Wien 4.Bezirk, Wieden <904>",2
65 bis 69 Jahre,2025,"Wien 15.Bezirk, Rudolfsheim-Fünfhaus <915>","Wien 5.Bezirk, Margareten <905>",4
65 bis 69 Jahre,2025,"Wien 15.Bezirk, Rudolfsheim-Fünfhaus <915>","Wien 6.Bezirk, Mariahilf <906>",-
65 bis 69 Jahre,2025,"Wien 15.Bezirk, Rudolfsheim-Fünfhaus <915>","Wien 7.Bezirk, Neubau <907>",1
65 bis 69 Jahre,2025,"Wien 15.Bezirk, Rudolfsheim-Fünfhaus <915>","Wien 8.Bezirk, Josefstadt <908>",1
65 bis 69 Jahre,2025,"Wien 15.Bezirk, Rudolfsheim-Fünfhaus <915>","Wien 9.Bezirk, Alsergrund <909>",-
65 bis 69 Jahre,2025,"Wien 15.Bezirk, Rudolfsheim-Fünfhaus <915>","Wien 10.Bezirk, Favoriten <910>",17
65 bis 69 Jahre,2025,"Wien 15.Bezirk, Rudolfsheim-Fünfhaus <915>","Wien 11.Bezirk, Simmering <911>",1
65 bis 69 Jahre,2025,"Wien 15.Bezirk, Rudolfsheim-Fünfhaus <915>","Wien 12.Bezirk, Meidling <912>",9
65 bis 69 Jahre,2025,"Wien 15.Bezirk, Rudolfsheim-Fünfhaus <915>","Wien 13.Bezirk, Hietzing <913>",3
65 bis 69 Jahre,2025,"Wien 15.Bezirk, Rudolfsheim-Fünfhaus <915>","Wien 14.Bezirk, Penzing <914>",12
65 bis 69 Jahre,2025,"Wien 15.Bezirk, Rudolfsheim-Fünfhaus <915>","Wien 15.Bezirk, Rudolfsheim-Fünfhaus <915>",23
65 bis 69 Jahre,2025,"Wien 15.Bezirk, Rudolfsheim-Fünfhaus <915>","Wien 16.Bezirk, Ottakring <916>",14
65 bis 69 Jahre,2025,"Wien 15.Bezirk, Rudolfsheim-Fünfhaus <915>","Wien 17.Bezirk, Hernals <917>",3
65 bis 69 Jahre,2025,"Wien 15.Bezirk, Rudolfsheim-Fünfhaus <915>","Wien 18.Bezirk, Währing <918>",1
65 bis 69 Jahre,2025,"Wien 15.Bezirk, Rudolfsheim-Fünfhaus <915>","Wien 19.Bezirk, Döbling <919>",4
65 bis 69 Jahre,2025,"Wien 15.Bezirk, Rudolfsheim-Fünfhaus <915>","Wien 20.Bezirk, Brigittenau <920>",8
65 bis 69 Jahre,2025,"Wien 15.Bezirk, Rudolfsheim-Fünfhaus <915>","Wien 21.Bezirk, Floridsdorf <921>",7
65 bis 69 Jahre,2025,"Wien 15.Bezirk, Rudolfsheim-Fünfhaus <915>","Wien 22.Bezirk, Donaustadt <922>",10
65 bis 69 Jahre,2025,"Wien 15.Bezirk, Rudolfsheim-Fünfhaus <915>","Wien 23.Bezirk, Liesing <923>",2
65 bis 69 Jahre,2025,"Wien 16.Bezirk, Ottakring <916>","Wien 1.Bezirk, Innere Stadt <901>",1
65 bis 69 Jahre,2025,"Wien 16.Bezirk, Ottakring <916>","Wien 2.Bezirk, Leopoldstadt <902>",-
65 bis 69 Jahre,2025,"Wien 16.Bezirk, Ottakring <916>","Wien 3.Bezirk, Landstraße <903>",7
65 bis 69 Jahre,2025,"Wien 16.Bezirk, Ottakring <916>","Wien 4.Bezirk, Wieden <904>",5
65 bis 69 Jahre,2025,"Wien 16.Bezirk, Ottakring <916>","Wien 5.Bezirk, Margareten <905>",1
65 bis 69 Jahre,2025,"Wien 16.Bezirk, Ottakring <916>","Wien 6.Bezirk, Mariahilf <906>",1
65 bis 69 Jahre,2025,"Wien 16.Bezirk, Ottakring <916>","Wien 7.Bezirk, Neubau <907>",2
65 bis 69 Jahre,2025,"Wien 16.Bezirk, Ottakring <916>","Wien 8.Bezirk, Josefstadt <908>",3
65 bis 69 Jahre,2025,"Wien 16.Bezirk, Ottakring <916>","Wien 9.Bezirk, Alsergrund <909>",4
65 bis 69 Jahre,2025,"Wien 16.Bezirk, Ottakring <916>","Wien 10.Bezirk, Favoriten <910>",13
65 bis 69 Jahre,2025,"Wien 16.Bezirk, Ottakring <916>","Wien 11.Bezirk, Simmering <911>",2
65 bis 69 Jahre,2025,"Wien 16.Bezirk, Ottakring <916>","Wien 12.Bezirk, Meidling <912>",4
65 bis 69 Jahre,2025,"Wien 16.Bezirk, Ottakring <916>","Wien 13.Bezirk, Hietzing <913>",3
65 bis 69 Jahre,2025,"Wien 16.Bezirk, Ottakring <916>","Wien 14.Bezirk, Penzing <914>",11
65 bis 69 Jahre,2025,"Wien 16.Bezirk, Ottakring <916>","Wien 15.Bezirk, Rudolfsheim-Fünfhaus <915>",10
65 bis 69 Jahre,2025,"Wien 16.Bezirk, Ottakring <916>","Wien 16.Bezirk, Ottakring <916>",35
65 bis 69 Jahre,2025,"Wien 16.Bezirk, Ottakring <916>","Wien 17.Bezirk, Hernals <917>",6
65 bis 69 Jahre,2025,"Wien 16.Bezirk, Ottakring <916>","Wien 18.Bezirk, Währing <918>",3
65 bis 69 Jahre,2025,"Wien 16.Bezirk, Ottakring <916>","Wien 19.Bezirk, Döbling <919>",1
65 bis 69 Jahre,2025,"Wien 16.Bezirk, Ottakring <916>","Wien 20.Bezirk, Brigittenau <920>",5
65 bis 69 Jahre,2025,"Wien 16.Bezirk, Ottakring <916>","Wien 21.Bezirk, Floridsdorf <921>",7
65 bis 69 Jahre,2025,"Wien 16.Bezirk, Ottakring <916>","Wien 22.Bezirk, Donaustadt <922>",6
65 bis 69 Jahre,2025,"Wien 16.Bezirk, Ottakring <916>","Wien 23.Bezirk, Liesing <923>",2
65 bis 69 Jahre,2025,"Wien 17.Bezirk, Hernals <917>","Wien 1.Bezirk, Innere Stadt <901>",-
65 bis 69 Jahre,2025,"Wien 17.Bezirk, Hernals <917>","Wien 2.Bezirk, Leopoldstadt <902>",2
65 bis 69 Jahre,2025,"Wien 17.Bezirk, Hernals <917>","Wien 3.Bezirk, Landstraße <903>",1
65 bis 69 Jahre,2025,"Wien 17.Bezirk, Hernals <917>","Wien 4.Bezirk, Wieden <904>",-
65 bis 69 Jahre,2025,"Wien 17.Bezirk, Hernals <917>","Wien 5.Bezirk, Margareten <905>",1
65 bis 69 Jahre,2025,"Wien 17.Bezirk, Hernals <917>","Wien 6.Bezirk, Mariahilf <906>",1
65 bis 69 Jahre,2025,"Wien 17.Bezirk, Hernals <917>","Wien 7.Bezirk, Neubau <907>",-
65 bis 69 Jahre,2025,"Wien 17.Bezirk, Hernals <917>","Wien 8.Bezirk, Josefstadt <908>",-
65 bis 69 Jahre,2025,"Wien 17.Bezirk, Hernals <917>","Wien 9.Bezirk, Alsergrund <909>",1
65 bis 69 Jahre,2025,"Wien 17.Bezirk, Hernals <917>","Wien 10.Bezirk, Favoriten <910>",4
65 bis 69 Jahre,2025,"Wien 17.Bezirk, Hernals <917>","Wien 11.Bezirk, Simmering <911>",1
65 bis 69 Jahre,2025,"Wien 17.Bezirk, Hernals <917>","Wien 12.Bezirk, Meidling <912>",1
65 bis 69 Jahre,2025,"Wien 17.Bezirk, Hernals <917>","Wien 13.Bezirk, Hietzing <913>",4
65 bis 69 Jahre,2025,"Wien 17.Bezirk, Hernals <917>","Wien 14.Bezirk, Penzing <914>",5
65 bis 69 Jahre,2025,"Wien 17.Bezirk, Hernals <917>","Wien 15.Bezirk, Rudolfsheim-Fünfhaus <915>",4
65 bis 69 Jahre,2025,"Wien 17.Bezirk, Hernals <917>","Wien 16.Bezirk, Ottakring <916>",10
65 bis 69 Jahre,2025,"Wien 17.Bezirk, Hernals <917>","Wien 17.Bezirk, Hernals <917>",11
65 bis 69 Jahre,2025,"Wien 17.Bezirk, Hernals <917>","Wien 18.Bezirk, Währing <918>",2
65 bis 69 Jahre,2025,"Wien 17.Bezirk, Hernals <917>","Wien 19.Bezirk, Döbling <919>",6
65 bis 69 Jahre,2025,"Wien 17.Bezirk, Hernals <917>","Wien 20.Bezirk, Brigittenau <920>",2
65 bis 69 Jahre,2025,"Wien 17.Bezirk, Hernals <917>","Wien 21.Bezirk, Floridsdorf <921>",4
65 bis 69 Jahre,2025,"Wien 17.Bezirk, Hernals <917>","Wien 22.Bezirk, Donaustadt <922>",5
65 bis 69 Jahre,2025,"Wien 17.Bezirk, Hernals <917>","Wien 23.Bezirk, Liesing <923>",3
65 bis 69 Jahre,2025,"Wien 18.Bezirk, Währing <918>","Wien 1.Bezirk, Innere Stadt <901>",-
65 bis 69 Jahre,2025,"Wien 18.Bezirk, Währing <918>","Wien 2.Bezirk, Leopoldstadt <902>",1
65 bis 69 Jahre,2025,"Wien 18.Bezirk, Währing <918>","Wien 3.Bezirk, Landstraße <903>",5
65 bis 69 Jahre,2025,"Wien 18.Bezirk, Währing <918>","Wien 4.Bezirk, Wieden <904>",1
65 bis 69 Jahre,2025,"Wien 18.Bezirk, Währing <918>","Wien 5.Bezirk, Margareten <905>",1
65 bis 69 Jahre,2025,"Wien 18.Bezirk, Währing <918>","Wien 6.Bezirk, Mariahilf <906>",1
65 bis 69 Jahre,2025,"Wien 18.Bezirk, Währing <918>","Wien 7.Bezirk, Neubau <907>",1
65 bis 69 Jahre,2025,"Wien 18.Bezirk, Währing <918>","Wien 8.Bezirk, Josefstadt <908>",-
65 bis 69 Jahre,2025,"Wien 18.Bezirk, Währing <918>","Wien 9.Bezirk, Alsergrund <909>",-
65 bis 69 Jahre,2025,"Wien 18.Bezirk, Währing <918>","Wien 10.Bezirk, Favoriten <910>",2
65 bis 69 Jahre,2025,"Wien 18.Bezirk, Währing <918>","Wien 11.Bezirk, Simmering <911>",2
65 bis 69 Jahre,2025,"Wien 18.Bezirk, Währing <918>","Wien 12.Bezirk, Meidling <912>",2
65 bis 69 Jahre,2025,"Wien 18.Bezirk, Währing <918>","Wien 13.Bezirk, Hietzing <913>",2
65 bis 69 Jahre,2025,"Wien 18.Bezirk, Währing <918>","Wien 14.Bezirk, Penzing <914>",5
65 bis 69 Jahre,2025,"Wien 18.Bezirk, Währing <918>","Wien 15.Bezirk, Rudolfsheim-Fünfhaus <915>",-
65 bis 69 Jahre,2025,"Wien 18.Bezirk, Währing <918>","Wien 16.Bezirk, Ottakring <916>",3
65 bis 69 Jahre,2025,"Wien 18.Bezirk, Währing <918>","Wien 17.Bezirk, Hernals <917>",4
65 bis 69 Jahre,2025,"Wien 18.Bezirk, Währing <918>","Wien 18.Bezirk, Währing <918>",16
65 bis 69 Jahre,2025,"Wien 18.Bezirk, Währing <918>","Wien 19.Bezirk, Döbling <919>",13
65 bis 69 Jahre,2025,"Wien 18.Bezirk, Währing <918>","Wien 20.Bezirk, Brigittenau <920>",2
65 bis 69 Jahre,2025,"Wien 18.Bezirk, Währing <918>","Wien 21.Bezirk, Floridsdorf <921>",5
65 bis 69 Jahre,2025,"Wien 18.Bezirk, Währing <918>","Wien 22.Bezirk, Donaustadt <922>",5
65 bis 69 Jahre,2025,"Wien 18.Bezirk, Währing <918>","Wien 23.Bezirk, Liesing <923>",-
65 bis 69 Jahre,2025,"Wien 19.Bezirk, Döbling <919>","Wien 1.Bezirk, Innere Stadt <901>",1
65 bis 69 Jahre,2025,"Wien 19.Bezirk, Döbling <919>","Wien 2.Bezirk, Leopoldstadt <902>",5
65 bis 69 Jahre,2025,"Wien 19.Bezirk, Döbling <919>","Wien 3.Bezirk, Landstraße <903>",1
65 bis 69 Jahre,2025,"Wien 19.Bezirk, Döbling <919>","Wien 4.Bezirk, Wieden <904>",2
65 bis 69 Jahre,2025,"Wien 19.Bezirk, Döbling <919>","Wien 5.Bezirk, Margareten <905>",1
65 bis 69 Jahre,2025,"Wien 19.Bezirk, Döbling <919>","Wien 6.Bezirk, Mariahilf <906>",-
65 bis 69 Jahre,2025,"Wien 19.Bezirk, Döbling <919>","Wien 7.Bezirk, Neubau <907>",2
65 bis 69 Jahre,2025,"Wien 19.Bezirk, Döbling <919>","Wien 8.Bezirk, Josefstadt <908>",1
65 bis 69 Jahre,2025,"Wien 19.Bezirk, Döbling <919>","Wien 9.Bezirk, Alsergrund <909>",3
65 bis 69 Jahre,2025,"Wien 19.Bezirk, Döbling <919>","Wien 10.Bezirk, Favoriten <910>",6
65 bis 69 Jahre,2025,"Wien 19.Bezirk, Döbling <919>","Wien 11.Bezirk, Simmering <911>",4
65 bis 69 Jahre,2025,"Wien 19.Bezirk, Döbling <919>","Wien 12.Bezirk, Meidling <912>",2
65 bis 69 Jahre,2025,"Wien 19.Bezirk, Döbling <919>","Wien 13.Bezirk, Hietzing <913>",1
65 bis 69 Jahre,2025,"Wien 19.Bezirk, Döbling <919>","Wien 14.Bezirk, Penzing <914>",6
65 bis 69 Jahre,2025,"Wien 19.Bezirk, Döbling <919>","Wien 15.Bezirk, Rudolfsheim-Fünfhaus <915>",3
65 bis 69 Jahre,2025,"Wien 19.Bezirk, Döbling <919>","Wien 16.Bezirk, Ottakring <916>",3
65 bis 69 Jahre,2025,"Wien 19.Bezirk, Döbling <919>","Wien 17.Bezirk, Hernals <917>",9
65 bis 69 Jahre,2025,"Wien 19.Bezirk, Döbling <919>","Wien 18.Bezirk, Währing <918>",7
65 bis 69 Jahre,2025,"Wien 19.Bezirk, Döbling <919>","Wien 19.Bezirk, Döbling <919>",35
65 bis 69 Jahre,2025,"Wien 19.Bezirk, Döbling <919>","Wien 20.Bezirk, Brigittenau <920>",3
65 bis 69 Jahre,2025,"Wien 19.Bezirk, Döbling <919>","Wien 21.Bezirk, Floridsdorf <921>",12
65 bis 69 Jahre,2025,"Wien 19.Bezirk, Döbling <919>","Wien 22.Bezirk, Donaustadt <922>",8
65 bis 69 Jahre,2025,"Wien 19.Bezirk, Döbling <919>","Wien 23.Bezirk, Liesing <923>",5
65 bis 69 Jahre,2025,"Wien 20.Bezirk, Brigittenau <920>","Wien 1.Bezirk, Innere Stadt <901>",2
65 bis 69 Jahre,2025,"Wien 20.Bezirk, Brigittenau <920>","Wien 2.Bezirk, Leopoldstadt <902>",14
65 bis 69 Jahre,2025,"Wien 20.Bezirk, Brigittenau <920>","Wien 3.Bezirk, Landstraße <903>",5
65 bis 69 Jahre,2025,"Wien 20.Bezirk, Brigittenau <920>","Wien 4.Bezirk, Wieden <904>",2
65 bis 69 Jahre,2025,"Wien 20.Bezirk, Brigittenau <920>","Wien 5.Bezirk, Margareten <905>",3
65 bis 69 Jahre,2025,"Wien 20.Bezirk, Brigittenau <920>","Wien 6.Bezirk, Mariahilf <906>",1
65 bis 69 Jahre,2025,"Wien 20.Bezirk, Brigittenau <920>","Wien 7.Bezirk, Neubau <907>",3
65 bis 69 Jahre,2025,"Wien 20.Bezirk, Brigittenau <920>","Wien 8.Bezirk, Josefstadt <908>",1
65 bis 69 Jahre,2025,"Wien 20.Bezirk, Brigittenau <920>","Wien 9.Bezirk, Alsergrund <909>",1
65 bis 69 Jahre,2025,"Wien 20.Bezirk, Brigittenau <920>","Wien 10.Bezirk, Favoriten <910>",5
65 bis 69 Jahre,2025,"Wien 20.Bezirk, Brigittenau <920>","Wien 11.Bezirk, Simmering <911>",2
65 bis 69 Jahre,2025,"Wien 20.Bezirk, Brigittenau <920>","Wien 12.Bezirk, Meidling <912>",5
65 bis 69 Jahre,2025,"Wien 20.Bezirk, Brigittenau <920>","Wien 13.Bezirk, Hietzing <913>",2
65 bis 69 Jahre,2025,"Wien 20.Bezirk, Brigittenau <920>","Wien 14.Bezirk, Penzing <914>",1
65 bis 69 Jahre,2025,"Wien 20.Bezirk, Brigittenau <920>","Wien 15.Bezirk, Rudolfsheim-Fünfhaus <915>",5
65 bis 69 Jahre,2025,"Wien 20.Bezirk, Brigittenau <920>","Wien 16.Bezirk, Ottakring <916>",3
65 bis 69 Jahre,2025,"Wien 20.Bezirk, Brigittenau <920>","Wien 17.Bezirk, Hernals <917>",1
65 bis 69 Jahre,2025,"Wien 20.Bezirk, Brigittenau <920>","Wien 18.Bezirk, Währing <918>",4
65 bis 69 Jahre,2025,"Wien 20.Bezirk, Brigittenau <920>","Wien 19.Bezirk, Döbling <919>",5
65 bis 69 Jahre,2025,"Wien 20.Bezirk, Brigittenau <920>","Wien 20.Bezirk, Brigittenau <920>",35
65 bis 69 Jahre,2025,"Wien 20.Bezirk, Brigittenau <920>","Wien 21.Bezirk, Floridsdorf <921>",8
65 bis 69 Jahre,2025,"Wien 20.Bezirk, Brigittenau <920>","Wien 22.Bezirk, Donaustadt <922>",16
65 bis 69 Jahre,2025,"Wien 20.Bezirk, Brigittenau <920>","Wien 23.Bezirk, Liesing <923>",4
65 bis 69 Jahre,2025,"Wien 21.Bezirk, Floridsdorf <921>","Wien 1.Bezirk, Innere Stadt <901>",-
65 bis 69 Jahre,2025,"Wien 21.Bezirk, Floridsdorf <921>","Wien 2.Bezirk, Leopoldstadt <902>",8
65 bis 69 Jahre,2025,"Wien 21.Bezirk, Floridsdorf <921>","Wien 3.Bezirk, Landstraße <903>",7
65 bis 69 Jahre,2025,"Wien 21.Bezirk, Floridsdorf <921>","Wien 4.Bezirk, Wieden <904>",-
65 bis 69 Jahre,2025,"Wien 21.Bezirk, Floridsdorf <921>","Wien 5.Bezirk, Margareten <905>",-
65 bis 69 Jahre,2025,"Wien 21.Bezirk, Floridsdorf <921>","Wien 6.Bezirk, Mariahilf <906>",1
65 bis 69 Jahre,2025,"Wien 21.Bezirk, Floridsdorf <921>","Wien 7.Bezirk, Neubau <907>",-
65 bis 69 Jahre,2025,"Wien 21.Bezirk, Floridsdorf <921>","Wien 8.Bezirk, Josefstadt <908>",2
65 bis 69 Jahre,2025,"Wien 21.Bezirk, Floridsdorf <921>","Wien 9.Bezirk, Alsergrund <909>",3
65 bis 69 Jahre,2025,"Wien 21.Bezirk, Floridsdorf <921>","Wien 10.Bezirk, Favoriten <910>",16
65 bis 69 Jahre,2025,"Wien 21.Bezirk, Floridsdorf <921>","Wien 11.Bezirk, Simmering <911>",8
65 bis 69 Jahre,2025,"Wien 21.Bezirk, Floridsdorf <921>","Wien 12.Bezirk, Meidling <912>",2
65 bis 69 Jahre,2025,"Wien 21.Bezirk, Floridsdorf <921>","Wien 13.Bezirk, Hietzing <913>",1
65 bis 69 Jahre,2025,"Wien 21.Bezirk, Floridsdorf <921>","Wien 14.Bezirk, Penzing <914>",1
65 bis 69 Jahre,2025,"Wien 21.Bezirk, Floridsdorf <921>","Wien 15.Bezirk, Rudolfsheim-Fünfhaus <915>",5
65 bis 69 Jahre,2025,"Wien 21.Bezirk, Floridsdorf <921>","Wien 16.Bezirk, Ottakring <916>",4
65 bis 69 Jahre,2025,"Wien 21.Bezirk, Floridsdorf <921>","Wien 17.Bezirk, Hernals <917>",-
65 bis 69 Jahre,2025,"Wien 21.Bezirk, Floridsdorf <921>","Wien 18.Bezirk, Währing <918>",2
65 bis 69 Jahre,2025,"Wien 21.Bezirk, Floridsdorf <921>","Wien 19.Bezirk, Döbling <919>",5
65 bis 69 Jahre,2025,"Wien 21.Bezirk, Floridsdorf <921>","Wien 20.Bezirk, Brigittenau <920>",3
65 bis 69 Jahre,2025,"Wien 21.Bezirk, Floridsdorf <921>","Wien 21.Bezirk, Floridsdorf <921>",85
65 bis 69 Jahre,2025,"Wien 21.Bezirk, Floridsdorf <921>","Wien 22.Bezirk, Donaustadt <922>",33
65 bis 69 Jahre,2025,"Wien 21.Bezirk, Floridsdorf <921>","Wien 23.Bezirk, Liesing <923>",7
65 bis 69 Jahre,2025,"Wien 22.Bezirk, Donaustadt <922>","Wien 1.Bezirk, Innere Stadt <901>",1
65 bis 69 Jahre,2025,"Wien 22.Bezirk, Donaustadt <922>","Wien 2.Bezirk, Leopoldstadt <902>",9
65 bis 69 Jahre,2025,"Wien 22.Bezirk, Donaustadt <922>","Wien 3.Bezirk, Landstraße <903>",6
65 bis 69 Jahre,2025,"Wien 22.Bezirk, Donaustadt <922>","Wien 4.Bezirk, Wieden <904>",3
65 bis 69 Jahre,2025,"Wien 22.Bezirk, Donaustadt <922>","Wien 5.Bezirk, Margareten <905>",4
65 bis 69 Jahre,2025,"Wien 22.Bezirk, Donaustadt <922>","Wien 6.Bezirk, Mariahilf <906>",1
65 bis 69 Jahre,2025,"Wien 22.Bezirk, Donaustadt <922>","Wien 7.Bezirk, Neubau <907>",-
65 bis 69 Jahre,2025,"Wien 22.Bezirk, Donaustadt <922>","Wien 8.Bezirk, Josefstadt <908>",2
65 bis 69 Jahre,2025,"Wien 22.Bezirk, Donaustadt <922>","Wien 9.Bezirk, Alsergrund <909>",-
65 bis 69 Jahre,2025,"Wien 22.Bezirk, Donaustadt <922>","Wien 10.Bezirk, Favoriten <910>",12
65 bis 69 Jahre,2025,"Wien 22.Bezirk, Donaustadt <922>","Wien 11.Bezirk, Simmering <911>",6
65 bis 69 Jahre,2025,"Wien 22.Bezirk, Donaustadt <922>","Wien 12.Bezirk, Meidling <912>",1
65 bis 69 Jahre,2025,"Wien 22.Bezirk, Donaustadt <922>","Wien 13.Bezirk, Hietzing <913>",4
65 bis 69 Jahre,2025,"Wien 22.Bezirk, Donaustadt <922>","Wien 14.Bezirk, Penzing <914>",3
65 bis 69 Jahre,2025,"Wien 22.Bezirk, Donaustadt <922>","Wien 15.Bezirk, Rudolfsheim-Fünfhaus <915>",2
65 bis 69 Jahre,2025,"Wien 22.Bezirk, Donaustadt <922>","Wien 16.Bezirk, Ottakring <916>",8
65 bis 69 Jahre,2025,"Wien 22.Bezirk, Donaustadt <922>","Wien 17.Bezirk, Hernals <917>",5
65 bis 69 Jahre,2025,"Wien 22.Bezirk, Donaustadt <922>","Wien 18.Bezirk, Währing <918>",2
65 bis 69 Jahre,2025,"Wien 22.Bezirk, Donaustadt <922>","Wien 19.Bezirk, Döbling <919>",3
65 bis 69 Jahre,2025,"Wien 22.Bezirk, Donaustadt <922>","Wien 20.Bezirk, Brigittenau <920>",3
65 bis 69 Jahre,2025,"Wien 22.Bezirk, Donaustadt <922>","Wien 21.Bezirk, Floridsdorf <921>",17
65 bis 69 Jahre,2025,"Wien 22.Bezirk, Donaustadt <922>","Wien 22.Bezirk, Donaustadt <922>",112
65 bis 69 Jahre,2025,"Wien 22.Bezirk, Donaustadt <922>","Wien 23.Bezirk, Liesing <923>",10
65 bis 69 Jahre,2025,"Wien 23.Bezirk, Liesing <923>","Wien 1.Bezirk, Innere Stadt <901>",1
65 bis 69 Jahre,2025,"Wien 23.Bezirk, Liesing <923>","Wien 2.Bezirk, Leopoldstadt <902>",3
65 bis 69 Jahre,2025,"Wien 23.Bezirk, Liesing <923>","Wien 3.Bezirk, Landstraße <903>",1
65 bis 69 Jahre,2025,"Wien 23.Bezirk, Liesing <923>","Wien 4.Bezirk, Wieden <904>",-
65 bis 69 Jahre,2025,"Wien 23.Bezirk, Liesing <923>","Wien 5.Bezirk, Margareten <905>",5
65 bis 69 Jahre,2025,"Wien 23.Bezirk, Liesing <923>","Wien 6.Bezirk, Mariahilf <906>",1
65 bis 69 Jahre,2025,"Wien 23.Bezirk, Liesing <923>","Wien 7.Bezirk, Neubau <907>",2
65 bis 69 Jahre,2025,"Wien 23.Bezirk, Liesing <923>","Wien 8.Bezirk, Josefstadt <908>",1
65 bis 69 Jahre,2025,"Wien 23.Bezirk, Liesing <923>","Wien 9.Bezirk, Alsergrund <909>",-
65 bis 69 Jahre,2025,"Wien 23.Bezirk, Liesing <923>","Wien 10.Bezirk, Favoriten <910>",11
65 bis 69 Jahre,2025,"Wien 23.Bezirk, Liesing <923>","Wien 11.Bezirk, Simmering <911>",-
65 bis 69 Jahre,2025,"Wien 23.Bezirk, Liesing <923>","Wien 12.Bezirk, Meidling <912>",3
65 bis 69 Jahre,2025,"Wien 23.Bezirk, Liesing <923>","Wien 13.Bezirk, Hietzing <913>",4
65 bis 69 Jahre,2025,"Wien 23.Bezirk, Liesing <923>","Wien 14.Bezirk, Penzing <914>",3
65 bis 69 Jahre,2025,"Wien 23.Bezirk, Liesing <923>","Wien 15.Bezirk, Rudolfsheim-Fünfhaus <915>",3
65 bis 69 Jahre,2025,"Wien 23.Bezirk, Liesing <923>","Wien 16.Bezirk, Ottakring <916>",1
65 bis 69 Jahre,2025,"Wien 23.Bezirk, Liesing <923>","Wien 17.Bezirk, Hernals <917>",1
65 bis 69 Jahre,2025,"Wien 23.Bezirk, Liesing <923>","Wien 18.Bezirk, Währing <918>",3
65 bis 69 Jahre,2025,"Wien 23.Bezirk, Liesing <923>","Wien 19.Bezirk, Döbling <919>",1
65 bis 69 Jahre,2025,"Wien 23.Bezirk, Liesing <923>","Wien 20.Bezirk, Brigittenau <920>",3
65 bis 69 Jahre,2025,"Wien 23.Bezirk, Liesing <923>","Wien 21.Bezirk, Floridsdorf <921>",2
65 bis 69 Jahre,2025,"Wien 23.Bezirk, Liesing <923>","Wien 22.Bezirk, Donaustadt <922>",9
65 bis 69 Jahre,2025,"Wien 23.Bezirk, Liesing <923>","Wien 23.Bezirk, Liesing <923>",39
70 bis 74 Jahre,2025,"Wien 1.Bezirk, Innere Stadt <901>","Wien 1.Bezirk, Innere Stadt <901>",6
70 bis 74 Jahre,2025,"Wien 1.Bezirk, Innere Stadt <901>","Wien 2.Bezirk, Leopoldstadt <902>",4
70 bis 74 Jahre,2025,"Wien 1.Bezirk, Innere Stadt <901>","Wien 3.Bezirk, Landstraße <903>",2
70 bis 74 Jahre,2025,"Wien 1.Bezirk, Innere Stadt <901>","Wien 4.Bezirk, Wieden <904>",1
70 bis 74 Jahre,2025,"Wien 1.Bezirk, Innere Stadt <901>","Wien 5.Bezirk, Margareten <905>",-
70 bis 74 Jahre,2025,"Wien 1.Bezirk, Innere Stadt <901>","Wien 6.Bezirk, Mariahilf <906>",2
70 bis 74 Jahre,2025,"Wien 1.Bezirk, Innere Stadt <901>","Wien 7.Bezirk, Neubau <907>",1
70 bis 74 Jahre,2025,"Wien 1.Bezirk, Innere Stadt <901>","Wien 8.Bezirk, Josefstadt <908>",-
70 bis 74 Jahre,2025,"Wien 1.Bezirk, Innere Stadt <901>","Wien 9.Bezirk, Alsergrund <909>",1
70 bis 74 Jahre,2025,"Wien 1.Bezirk, Innere Stadt <901>","Wien 10.Bezirk, Favoriten <910>",-
70 bis 74 Jahre,2025,"Wien 1.Bezirk, Innere Stadt <901>","Wien 11.Bezirk, Simmering <911>",1
70 bis 74 Jahre,2025,"Wien 1.Bezirk, Innere Stadt <901>","Wien 12.Bezirk, Meidling <912>",1
70 bis 74 Jahre,2025,"Wien 1.Bezirk, Innere Stadt <901>","Wien 13.Bezirk, Hietzing <913>",3
70 bis 74 Jahre,2025,"Wien 1.Bezirk, Innere Stadt <901>","Wien 14.Bezirk, Penzing <914>",1
70 bis 74 Jahre,2025,"Wien 1.Bezirk, Innere Stadt <901>","Wien 15.Bezirk, Rudolfsheim-Fünfhaus <915>",-
70 bis 74 Jahre,2025,"Wien 1.Bezirk, Innere Stadt <901>","Wien 16.Bezirk, Ottakring <916>",5
70 bis 74 Jahre,2025,"Wien 1.Bezirk, Innere Stadt <901>","Wien 17.Bezirk, Hernals <917>",1
70 bis 74 Jahre,2025,"Wien 1.Bezirk, Innere Stadt <901>","Wien 18.Bezirk, Währing <918>",2
70 bis 74 Jahre,2025,"Wien 1.Bezirk, Innere Stadt <901>","Wien 19.Bezirk, Döbling <919>",3
70 bis 74 Jahre,2025,"Wien 1.Bezirk, Innere Stadt <901>","Wien 20.Bezirk, Brigittenau <920>",-
70 bis 74 Jahre,2025,"Wien 1.Bezirk, Innere Stadt <901>","Wien 21.Bezirk, Floridsdorf <921>",-
70 bis 74 Jahre,2025,"Wien 1.Bezirk, Innere Stadt <901>","Wien 22.Bezirk, Donaustadt <922>",1
70 bis 74 Jahre,2025,"Wien 1.Bezirk, Innere Stadt <901>","Wien 23.Bezirk, Liesing <923>",2
70 bis 74 Jahre,2025,"Wien 2.Bezirk, Leopoldstadt <902>","Wien 1.Bezirk, Innere Stadt <901>",3
70 bis 74 Jahre,2025,"Wien 2.Bezirk, Leopoldstadt <902>","Wien 2.Bezirk, Leopoldstadt <902>",23
70 bis 74 Jahre,2025,"Wien 2.Bezirk, Leopoldstadt <902>","Wien 3.Bezirk, Landstraße <903>",2
70 bis 74 Jahre,2025,"Wien 2.Bezirk, Leopoldstadt <902>","Wien 4.Bezirk, Wieden <904>",1
70 bis 74 Jahre,2025,"Wien 2.Bezirk, Leopoldstadt <902>","Wien 5.Bezirk, Margareten <905>",2
70 bis 74 Jahre,2025,"Wien 2.Bezirk, Leopoldstadt <902>","Wien 6.Bezirk, Mariahilf <906>",1
70 bis 74 Jahre,2025,"Wien 2.Bezirk, Leopoldstadt <902>","Wien 7.Bezirk, Neubau <907>",1
70 bis 74 Jahre,2025,"Wien 2.Bezirk, Leopoldstadt <902>","Wien 8.Bezirk, Josefstadt <908>",-
70 bis 74 Jahre,2025,"Wien 2.Bezirk, Leopoldstadt <902>","Wien 9.Bezirk, Alsergrund <909>",-
70 bis 74 Jahre,2025,"Wien 2.Bezirk, Leopoldstadt <902>","Wien 10.Bezirk, Favoriten <910>",5
70 bis 74 Jahre,2025,"Wien 2.Bezirk, Leopoldstadt <902>","Wien 11.Bezirk, Simmering <911>",-
70 bis 74 Jahre,2025,"Wien 2.Bezirk, Leopoldstadt <902>","Wien 12.Bezirk, Meidling <912>",-
70 bis 74 Jahre,2025,"Wien 2.Bezirk, Leopoldstadt <902>","Wien 13.Bezirk, Hietzing <913>",-
70 bis 74 Jahre,2025,"Wien 2.Bezirk, Leopoldstadt <902>","Wien 14.Bezirk, Penzing <914>",2
70 bis 74 Jahre,2025,"Wien 2.Bezirk, Leopoldstadt <902>","Wien 15.Bezirk, Rudolfsheim-Fünfhaus <915>",2
70 bis 74 Jahre,2025,"Wien 2.Bezirk, Leopoldstadt <902>","Wien 16.Bezirk, Ottakring <916>",1
70 bis 74 Jahre,2025,"Wien 2.Bezirk, Leopoldstadt <902>","Wien 17.Bezirk, Hernals <917>",2
70 bis 74 Jahre,2025,"Wien 2.Bezirk, Leopoldstadt <902>","Wien 18.Bezirk, Währing <918>",1
70 bis 74 Jahre,2025,"Wien 2.Bezirk, Leopoldstadt <902>","Wien 19.Bezirk, Döbling <919>",4
70 bis 74 Jahre,2025,"Wien 2.Bezirk, Leopoldstadt <902>","Wien 20.Bezirk, Brigittenau <920>",4
70 bis 74 Jahre,2025,"Wien 2.Bezirk, Leopoldstadt <902>","Wien 21.Bezirk, Floridsdorf <921>",3
70 bis 74 Jahre,2025,"Wien 2.Bezirk, Leopoldstadt <902>","Wien 22.Bezirk, Donaustadt <922>",16
70 bis 74 Jahre,2025,"Wien 2.Bezirk, Leopoldstadt <902>","Wien 23.Bezirk, Liesing <923>",4
70 bis 74 Jahre,2025,"Wien 3.Bezirk, Landstraße <903>","Wien 1.Bezirk, Innere Stadt <901>",2
70 bis 74 Jahre,2025,"Wien 3.Bezirk, Landstraße <903>","Wien 2.Bezirk, Leopoldstadt <902>",2
70 bis 74 Jahre,2025,"Wien 3.Bezirk, Landstraße <903>","Wien 3.Bezirk, Landstraße <903>",34
70 bis 74 Jahre,2025,"Wien 3.Bezirk, Landstraße <903>","Wien 4.Bezirk, Wieden <904>",1
70 bis 74 Jahre,2025,"Wien 3.Bezirk, Landstraße <903>","Wien 5.Bezirk, Margareten <905>",-
70 bis 74 Jahre,2025,"Wien 3.Bezirk, Landstraße <903>","Wien 6.Bezirk, Mariahilf <906>",2
70 bis 74 Jahre,2025,"Wien 3.Bezirk, Landstraße <903>","Wien 7.Bezirk, Neubau <907>",2
70 bis 74 Jahre,2025,"Wien 3.Bezirk, Landstraße <903>","Wien 8.Bezirk, Josefstadt <908>",1
70 bis 74 Jahre,2025,"Wien 3.Bezirk, Landstraße <903>","Wien 9.Bezirk, Alsergrund <909>",-
70 bis 74 Jahre,2025,"Wien 3.Bezirk, Landstraße <903>","Wien 10.Bezirk, Favoriten <910>",6
70 bis 74 Jahre,2025,"Wien 3.Bezirk, Landstraße <903>","Wien 11.Bezirk, Simmering <911>",10
70 bis 74 Jahre,2025,"Wien 3.Bezirk, Landstraße <903>","Wien 12.Bezirk, Meidling <912>",2
70 bis 74 Jahre,2025,"Wien 3.Bezirk, Landstraße <903>","Wien 13.Bezirk, Hietzing <913>",1
70 bis 74 Jahre,2025,"Wien 3.Bezirk, Landstraße <903>","Wien 14.Bezirk, Penzing <914>",3
70 bis 74 Jahre,2025,"Wien 3.Bezirk, Landstraße <903>","Wien 15.Bezirk, Rudolfsheim-Fünfhaus <915>",1
70 bis 74 Jahre,2025,"Wien 3.Bezirk, Landstraße <903>","Wien 16.Bezirk, Ottakring <916>",-
70 bis 74 Jahre,2025,"Wien 3.Bezirk, Landstraße <903>","Wien 17.Bezirk, Hernals <917>",1
70 bis 74 Jahre,2025,"Wien 3.Bezirk, Landstraße <903>","Wien 18.Bezirk, Währing <918>",-
70 bis 74 Jahre,2025,"Wien 3.Bezirk, Landstraße <903>","Wien 19.Bezirk, Döbling <919>",6
70 bis 74 Jahre,2025,"Wien 3.Bezirk, Landstraße <903>","Wien 20.Bezirk, Brigittenau <920>",1
70 bis 74 Jahre,2025,"Wien 3.Bezirk, Landstraße <903>","Wien 21.Bezirk, Floridsdorf <921>",6
70 bis 74 Jahre,2025,"Wien 3.Bezirk, Landstraße <903>","Wien 22.Bezirk, Donaustadt <922>",11
70 bis 74 Jahre,2025,"Wien 3.Bezirk, Landstraße <903>","Wien 23.Bezirk, Liesing <923>",4
70 bis 74 Jahre,2025,"Wien 4.Bezirk, Wieden <904>","Wien 1.Bezirk, Innere Stadt <901>",1
70 bis 74 Jahre,2025,"Wien 4.Bezirk, Wieden <904>","Wien 2.Bezirk, Leopoldstadt <902>",1
70 bis 74 Jahre,2025,"Wien 4.Bezirk, Wieden <904>","Wien 3.Bezirk, Landstraße <903>",2
70 bis 74 Jahre,2025,"Wien 4.Bezirk, Wieden <904>","Wien 4.Bezirk, Wieden <904>",8
70 bis 74 Jahre,2025,"Wien 4.Bezirk, Wieden <904>","Wien 5.Bezirk, Margareten <905>",5
70 bis 74 Jahre,2025,"Wien 4.Bezirk, Wieden <904>","Wien 6.Bezirk, Mariahilf <906>",2
70 bis 74 Jahre,2025,"Wien 4.Bezirk, Wieden <904>","Wien 7.Bezirk, Neubau <907>",-
70 bis 74 Jahre,2025,"Wien 4.Bezirk, Wieden <904>","Wien 8.Bezirk, Josefstadt <908>",-
70 bis 74 Jahre,2025,"Wien 4.Bezirk, Wieden <904>","Wien 9.Bezirk, Alsergrund <909>",2
70 bis 74 Jahre,2025,"Wien 4.Bezirk, Wieden <904>","Wien 10.Bezirk, Favoriten <910>",3
70 bis 74 Jahre,2025,"Wien 4.Bezirk, Wieden <904>","Wien 11.Bezirk, Simmering <911>",1
70 bis 74 Jahre,2025,"Wien 4.Bezirk, Wieden <904>","Wien 12.Bezirk, Meidling <912>",1
70 bis 74 Jahre,2025,"Wien 4.Bezirk, Wieden <904>","Wien 13.Bezirk, Hietzing <913>",3
70 bis 74 Jahre,2025,"Wien 4.Bezirk, Wieden <904>","Wien 14.Bezirk, Penzing <914>",1
70 bis 74 Jahre,2025,"Wien 4.Bezirk, Wieden <904>","Wien 15.Bezirk, Rudolfsheim-Fünfhaus <915>",1
70 bis 74 Jahre,2025,"Wien 4.Bezirk, Wieden <904>","Wien 16.Bezirk, Ottakring <916>",1
70 bis 74 Jahre,2025,"Wien 4.Bezirk, Wieden <904>","Wien 17.Bezirk, Hernals <917>",2
70 bis 74 Jahre,2025,"Wien 4.Bezirk, Wieden <904>","Wien 18.Bezirk, Währing <918>",-
70 bis 74 Jahre,2025,"Wien 4.Bezirk, Wieden <904>","Wien 19.Bezirk, Döbling <919>",-
70 bis 74 Jahre,2025,"Wien 4.Bezirk, Wieden <904>","Wien 20.Bezirk, Brigittenau <920>",1
70 bis 74 Jahre,2025,"Wien 4.Bezirk, Wieden <904>","Wien 21.Bezirk, Floridsdorf <921>",3
70 bis 74 Jahre,2025,"Wien 4.Bezirk, Wieden <904>","Wien 22.Bezirk, Donaustadt <922>",4
70 bis 74 Jahre,2025,"Wien 4.Bezirk, Wieden <904>","Wien 23.Bezirk, Liesing <923>",1
70 bis 74 Jahre,2025,"Wien 5.Bezirk, Margareten <905>","Wien 1.Bezirk, Innere Stadt <901>",-
70 bis 74 Jahre,2025,"Wien 5.Bezirk, Margareten <905>","Wien 2.Bezirk, Leopoldstadt <902>",1
70 bis 74 Jahre,2025,"Wien 5.Bezirk, Margareten <905>","Wien 3.Bezirk, Landstraße <903>",4
70 bis 74 Jahre,2025,"Wien 5.Bezirk, Margareten <905>","Wien 4.Bezirk, Wieden <904>",4
70 bis 74 Jahre,2025,"Wien 5.Bezirk, Margareten <905>","Wien 5.Bezirk, Margareten <905>",12
70 bis 74 Jahre,2025,"Wien 5.Bezirk, Margareten <905>","Wien 6.Bezirk, Mariahilf <906>",1
70 bis 74 Jahre,2025,"Wien 5.Bezirk, Margareten <905>","Wien 7.Bezirk, Neubau <907>",-
70 bis 74 Jahre,2025,"Wien 5.Bezirk, Margareten <905>","Wien 8.Bezirk, Josefstadt <908>",-
70 bis 74 Jahre,2025,"Wien 5.Bezirk, Margareten <905>","Wien 9.Bezirk, Alsergrund <909>",-
70 bis 74 Jahre,2025,"Wien 5.Bezirk, Margareten <905>","Wien 10.Bezirk, Favoriten <910>",5
70 bis 74 Jahre,2025,"Wien 5.Bezirk, Margareten <905>","Wien 11.Bezirk, Simmering <911>",5
70 bis 74 Jahre,2025,"Wien 5.Bezirk, Margareten <905>","Wien 12.Bezirk, Meidling <912>",2
70 bis 74 Jahre,2025,"Wien 5.Bezirk, Margareten <905>","Wien 13.Bezirk, Hietzing <913>",-
70 bis 74 Jahre,2025,"Wien 5.Bezirk, Margareten <905>","Wien 14.Bezirk, Penzing <914>",4
70 bis 74 Jahre,2025,"Wien 5.Bezirk, Margareten <905>","Wien 15.Bezirk, Rudolfsheim-Fünfhaus <915>",3
70 bis 74 Jahre,2025,"Wien 5.Bezirk, Margareten <905>","Wien 16.Bezirk, Ottakring <916>",3
70 bis 74 Jahre,2025,"Wien 5.Bezirk, Margareten <905>","Wien 17.Bezirk, Hernals <917>",-
70 bis 74 Jahre,2025,"Wien 5.Bezirk, Margareten <905>","Wien 18.Bezirk, Währing <918>",2
70 bis 74 Jahre,2025,"Wien 5.Bezirk, Margareten <905>","Wien 19.Bezirk, Döbling <919>",3
70 bis 74 Jahre,2025,"Wien 5.Bezirk, Margareten <905>","Wien 20.Bezirk, Brigittenau <920>",-
70 bis 74 Jahre,2025,"Wien 5.Bezirk, Margareten <905>","Wien 21.Bezirk, Floridsdorf <921>",1
70 bis 74 Jahre,2025,"Wien 5.Bezirk, Margareten <905>","Wien 22.Bezirk, Donaustadt <922>",6
70 bis 74 Jahre,2025,"Wien 5.Bezirk, Margareten <905>","Wien 23.Bezirk, Liesing <923>",4
70 bis 74 Jahre,2025,"Wien 6.Bezirk, Mariahilf <906>","Wien 1.Bezirk, Innere Stadt <901>",1
70 bis 74 Jahre,2025,"Wien 6.Bezirk, Mariahilf <906>","Wien 2.Bezirk, Leopoldstadt <902>",2
70 bis 74 Jahre,2025,"Wien 6.Bezirk, Mariahilf <906>","Wien 3.Bezirk, Landstraße <903>",1
70 bis 74 Jahre,2025,"Wien 6.Bezirk, Mariahilf <906>","Wien 4.Bezirk, Wieden <904>",1
70 bis 74 Jahre,2025,"Wien 6.Bezirk, Mariahilf <906>","Wien 5.Bezirk, Margareten <905>",1
70 bis 74 Jahre,2025,"Wien 6.Bezirk, Mariahilf <906>","Wien 6.Bezirk, Mariahilf <906>",4
70 bis 74 Jahre,2025,"Wien 6.Bezirk, Mariahilf <906>","Wien 7.Bezirk, Neubau <907>",1
70 bis 74 Jahre,2025,"Wien 6.Bezirk, Mariahilf <906>","Wien 8.Bezirk, Josefstadt <908>",1
70 bis 74 Jahre,2025,"Wien 6.Bezirk, Mariahilf <906>","Wien 9.Bezirk, Alsergrund <909>",-
70 bis 74 Jahre,2025,"Wien 6.Bezirk, Mariahilf <906>","Wien 10.Bezirk, Favoriten <910>",3
70 bis 74 Jahre,2025,"Wien 6.Bezirk, Mariahilf <906>","Wien 11.Bezirk, Simmering <911>",-
70 bis 74 Jahre,2025,"Wien 6.Bezirk, Mariahilf <906>","Wien 12.Bezirk, Meidling <912>",1
70 bis 74 Jahre,2025,"Wien 6.Bezirk, Mariahilf <906>","Wien 13.Bezirk, Hietzing <913>",-
70 bis 74 Jahre,2025,"Wien 6.Bezirk, Mariahilf <906>","Wien 14.Bezirk, Penzing <914>",1
70 bis 74 Jahre,2025,"Wien 6.Bezirk, Mariahilf <906>","Wien 15.Bezirk, Rudolfsheim-Fünfhaus <915>",2
70 bis 74 Jahre,2025,"Wien 6.Bezirk, Mariahilf <906>","Wien 16.Bezirk, Ottakring <916>",-
70 bis 74 Jahre,2025,"Wien 6.Bezirk, Mariahilf <906>","Wien 17.Bezirk, Hernals <917>",1
70 bis 74 Jahre,2025,"Wien 6.Bezirk, Mariahilf <906>","Wien 18.Bezirk, Währing <918>",-
70 bis 74 Jahre,2025,"Wien 6.Bezirk, Mariahilf <906>","Wien 19.Bezirk, Döbling <919>",1
70 bis 74 Jahre,2025,"Wien 6.Bezirk, Mariahilf <906>","Wien 20.Bezirk, Brigittenau <920>",-
70 bis 74 Jahre,2025,"Wien 6.Bezirk, Mariahilf <906>","Wien 21.Bezirk, Floridsdorf <921>",1
70 bis 74 Jahre,2025,"Wien 6.Bezirk, Mariahilf <906>","Wien 22.Bezirk, Donaustadt <922>",3
70 bis 74 Jahre,2025,"Wien 6.Bezirk, Mariahilf <906>","Wien 23.Bezirk, Liesing <923>",1
70 bis 74 Jahre,2025,"Wien 7.Bezirk, Neubau <907>","Wien 1.Bezirk, Innere Stadt <901>",-
70 bis 74 Jahre,2025,"Wien 7.Bezirk, Neubau <907>","Wien 2.Bezirk, Leopoldstadt <902>",4
70 bis 74 Jahre,2025,"Wien 7.Bezirk, Neubau <907>","Wien 3.Bezirk, Landstraße <903>",1
70 bis 74 Jahre,2025,"Wien 7.Bezirk, Neubau <907>","Wien 4.Bezirk, Wieden <904>",2
70 bis 74 Jahre,2025,"Wien 7.Bezirk, Neubau <907>","Wien 5.Bezirk, Margareten <905>",-
70 bis 74 Jahre,2025,"Wien 7.Bezirk, Neubau <907>","Wien 6.Bezirk, Mariahilf <906>",2
70 bis 74 Jahre,2025,"Wien 7.Bezirk, Neubau <907>","Wien 7.Bezirk, Neubau <907>",3
70 bis 74 Jahre,2025,"Wien 7.Bezirk, Neubau <907>","Wien 8.Bezirk, Josefstadt <908>",1
70 bis 74 Jahre,2025,"Wien 7.Bezirk, Neubau <907>","Wien 9.Bezirk, Alsergrund <909>",-
70 bis 74 Jahre,2025,"Wien 7.Bezirk, Neubau <907>","Wien 10.Bezirk, Favoriten <910>",1
70 bis 74 Jahre,2025,"Wien 7.Bezirk, Neubau <907>","Wien 11.Bezirk, Simmering <911>",-
70 bis 74 Jahre,2025,"Wien 7.Bezirk, Neubau <907>","Wien 12.Bezirk, Meidling <912>",1
70 bis 74 Jahre,2025,"Wien 7.Bezirk, Neubau <907>","Wien 13.Bezirk, Hietzing <913>",1
70 bis 74 Jahre,2025,"Wien 7.Bezirk, Neubau <907>","Wien 14.Bezirk, Penzing <914>",3
70 bis 74 Jahre,2025,"Wien 7.Bezirk, Neubau <907>","Wien 15.Bezirk, Rudolfsheim-Fünfhaus <915>",-
70 bis 74 Jahre,2025,"Wien 7.Bezirk, Neubau <907>","Wien 16.Bezirk, Ottakring <916>",4
70 bis 74 Jahre,2025,"Wien 7.Bezirk, Neubau <907>","Wien 17.Bezirk, Hernals <917>",1
70 bis 74 Jahre,2025,"Wien 7.Bezirk, Neubau <907>","Wien 18.Bezirk, Währing <918>",-
70 bis 74 Jahre,2025,"Wien 7.Bezirk, Neubau <907>","Wien 19.Bezirk, Döbling <919>",2
70 bis 74 Jahre,2025,"Wien 7.Bezirk, Neubau <907>","Wien 20.Bezirk, Brigittenau <920>",-
70 bis 74 Jahre,2025,"Wien 7.Bezirk, Neubau <907>","Wien 21.Bezirk, Floridsdorf <921>",-
70 bis 74 Jahre,2025,"Wien 7.Bezirk, Neubau <907>","Wien 22.Bezirk, Donaustadt <922>",2
70 bis 74 Jahre,2025,"Wien 7.Bezirk, Neubau <907>","Wien 23.Bezirk, Liesing <923>",-
70 bis 74 Jahre,2025,"Wien 8.Bezirk, Josefstadt <908>","Wien 1.Bezirk, Innere Stadt <901>",1
70 bis 74 Jahre,2025,"Wien 8.Bezirk, Josefstadt <908>","Wien 2.Bezirk, Leopoldstadt <902>",-
70 bis 74 Jahre,2025,"Wien 8.Bezirk, Josefstadt <908>","Wien 3.Bezirk, Landstraße <903>",-
70 bis 74 Jahre,2025,"Wien 8.Bezirk, Josefstadt <908>","Wien 4.Bezirk, Wieden <904>",1
70 bis 74 Jahre,2025,"Wien 8.Bezirk, Josefstadt <908>","Wien 5.Bezirk, Margareten <905>",1
70 bis 74 Jahre,2025,"Wien 8.Bezirk, Josefstadt <908>","Wien 6.Bezirk, Mariahilf <906>",-
70 bis 74 Jahre,2025,"Wien 8.Bezirk, Josefstadt <908>","Wien 7.Bezirk, Neubau <907>",1
70 bis 74 Jahre,2025,"Wien 8.Bezirk, Josefstadt <908>","Wien 8.Bezirk, Josefstadt <908>",1
70 bis 74 Jahre,2025,"Wien 8.Bezirk, Josefstadt <908>","Wien 9.Bezirk, Alsergrund <909>",5
70 bis 74 Jahre,2025,"Wien 8.Bezirk, Josefstadt <908>","Wien 10.Bezirk, Favoriten <910>",-
70 bis 74 Jahre,2025,"Wien 8.Bezirk, Josefstadt <908>","Wien 11.Bezirk, Simmering <911>",1
70 bis 74 Jahre,2025,"Wien 8.Bezirk, Josefstadt <908>","Wien 12.Bezirk, Meidling <912>",4
70 bis 74 Jahre,2025,"Wien 8.Bezirk, Josefstadt <908>","Wien 13.Bezirk, Hietzing <913>",-
70 bis 74 Jahre,2025,"Wien 8.Bezirk, Josefstadt <908>","Wien 14.Bezirk, Penzing <914>",-
70 bis 74 Jahre,2025,"Wien 8.Bezirk, Josefstadt <908>","Wien 15.Bezirk, Rudolfsheim-Fünfhaus <915>",-
70 bis 74 Jahre,2025,"Wien 8.Bezirk, Josefstadt <908>","Wien 16.Bezirk, Ottakring <916>",1
70 bis 74 Jahre,2025,"Wien 8.Bezirk, Josefstadt <908>","Wien 17.Bezirk, Hernals <917>",2
70 bis 74 Jahre,2025,"Wien 8.Bezirk, Josefstadt <908>","Wien 18.Bezirk, Währing <918>",-
70 bis 74 Jahre,2025,"Wien 8.Bezirk, Josefstadt <908>","Wien 19.Bezirk, Döbling <919>",1
70 bis 74 Jahre,2025,"Wien 8.Bezirk, Josefstadt <908>","Wien 20.Bezirk, Brigittenau <920>",-
70 bis 74 Jahre,2025,"Wien 8.Bezirk, Josefstadt <908>","Wien 21.Bezirk, Floridsdorf <921>",1
70 bis 74 Jahre,2025,"Wien 8.Bezirk, Josefstadt <908>","Wien 22.Bezirk, Donaustadt <922>",2
70 bis 74 Jahre,2025,"Wien 8.Bezirk, Josefstadt <908>","Wien 23.Bezirk, Liesing <923>",-
70 bis 74 Jahre,2025,"Wien 9.Bezirk, Alsergrund <909>","Wien 1.Bezirk, Innere Stadt <901>",-
70 bis 74 Jahre,2025,"Wien 9.Bezirk, Alsergrund <909>","Wien 2.Bezirk, Leopoldstadt <902>",1
70 bis 74 Jahre,2025,"Wien 9.Bezirk, Alsergrund <909>","Wien 3.Bezirk, Landstraße <903>",1
70 bis 74 Jahre,2025,"Wien 9.Bezirk, Alsergrund <909>","Wien 4.Bezirk, Wieden <904>",1
70 bis 74 Jahre,2025,"Wien 9.Bezirk, Alsergrund <909>","Wien 5.Bezirk, Margareten <905>",-
70 bis 74 Jahre,2025,"Wien 9.Bezirk, Alsergrund <909>","Wien 6.Bezirk, Mariahilf <906>",-
70 bis 74 Jahre,2025,"Wien 9.Bezirk, Alsergrund <909>","Wien 7.Bezirk, Neubau <907>",-
70 bis 74 Jahre,2025,"Wien 9.Bezirk, Alsergrund <909>","Wien 8.Bezirk, Josefstadt <908>",3
70 bis 74 Jahre,2025,"Wien 9.Bezirk, Alsergrund <909>","Wien 9.Bezirk, Alsergrund <909>",3
70 bis 74 Jahre,2025,"Wien 9.Bezirk, Alsergrund <909>","Wien 10.Bezirk, Favoriten <910>",3
70 bis 74 Jahre,2025,"Wien 9.Bezirk, Alsergrund <909>","Wien 11.Bezirk, Simmering <911>",-
70 bis 74 Jahre,2025,"Wien 9.Bezirk, Alsergrund <909>","Wien 12.Bezirk, Meidling <912>",4
70 bis 74 Jahre,2025,"Wien 9.Bezirk, Alsergrund <909>","Wien 13.Bezirk, Hietzing <913>",2
70 bis 74 Jahre,2025,"Wien 9.Bezirk, Alsergrund <909>","Wien 14.Bezirk, Penzing <914>",2
70 bis 74 Jahre,2025,"Wien 9.Bezirk, Alsergrund <909>","Wien 15.Bezirk, Rudolfsheim-Fünfhaus <915>",3
70 bis 74 Jahre,2025,"Wien 9.Bezirk, Alsergrund <909>","Wien 16.Bezirk, Ottakring <916>",1
70 bis 74 Jahre,2025,"Wien 9.Bezirk, Alsergrund <909>","Wien 17.Bezirk, Hernals <917>",1
70 bis 74 Jahre,2025,"Wien 9.Bezirk, Alsergrund <909>","Wien 18.Bezirk, Währing <918>",2
70 bis 74 Jahre,2025,"Wien 9.Bezirk, Alsergrund <909>","Wien 19.Bezirk, Döbling <919>",1
70 bis 74 Jahre,2025,"Wien 9.Bezirk, Alsergrund <909>","Wien 20.Bezirk, Brigittenau <920>",1
70 bis 74 Jahre,2025,"Wien 9.Bezirk, Alsergrund <909>","Wien 21.Bezirk, Floridsdorf <921>",3
70 bis 74 Jahre,2025,"Wien 9.Bezirk, Alsergrund <909>","Wien 22.Bezirk, Donaustadt <922>",1
70 bis 74 Jahre,2025,"Wien 9.Bezirk, Alsergrund <909>","Wien 23.Bezirk, Liesing <923>",1
70 bis 74 Jahre,2025,"Wien 10.Bezirk, Favoriten <910>","Wien 1.Bezirk, Innere Stadt <901>",-
70 bis 74 Jahre,2025,"Wien 10.Bezirk, Favoriten <910>","Wien 2.Bezirk, Leopoldstadt <902>",6
70 bis 74 Jahre,2025,"Wien 10.Bezirk, Favoriten <910>","Wien 3.Bezirk, Landstraße <903>",10
70 bis 74 Jahre,2025,"Wien 10.Bezirk, Favoriten <910>","Wien 4.Bezirk, Wieden <904>",3
70 bis 74 Jahre,2025,"Wien 10.Bezirk, Favoriten <910>","Wien 5.Bezirk, Margareten <905>",3
70 bis 74 Jahre,2025,"Wien 10.Bezirk, Favoriten <910>","Wien 6.Bezirk, Mariahilf <906>",2
70 bis 74 Jahre,2025,"Wien 10.Bezirk, Favoriten <910>","Wien 7.Bezirk, Neubau <907>",1
70 bis 74 Jahre,2025,"Wien 10.Bezirk, Favoriten <910>","Wien 8.Bezirk, Josefstadt <908>",-
70 bis 74 Jahre,2025,"Wien 10.Bezirk, Favoriten <910>","Wien 9.Bezirk, Alsergrund <909>",1
70 bis 74 Jahre,2025,"Wien 10.Bezirk, Favoriten <910>","Wien 10.Bezirk, Favoriten <910>",77
70 bis 74 Jahre,2025,"Wien 10.Bezirk, Favoriten <910>","Wien 11.Bezirk, Simmering <911>",4
70 bis 74 Jahre,2025,"Wien 10.Bezirk, Favoriten <910>","Wien 12.Bezirk, Meidling <912>",8
70 bis 74 Jahre,2025,"Wien 10.Bezirk, Favoriten <910>","Wien 13.Bezirk, Hietzing <913>",2
70 bis 74 Jahre,2025,"Wien 10.Bezirk, Favoriten <910>","Wien 14.Bezirk, Penzing <914>",1
70 bis 74 Jahre,2025,"Wien 10.Bezirk, Favoriten <910>","Wien 15.Bezirk, Rudolfsheim-Fünfhaus <915>",4
70 bis 74 Jahre,2025,"Wien 10.Bezirk, Favoriten <910>","Wien 16.Bezirk, Ottakring <916>",6
70 bis 74 Jahre,2025,"Wien 10.Bezirk, Favoriten <910>","Wien 17.Bezirk, Hernals <917>",2
70 bis 74 Jahre,2025,"Wien 10.Bezirk, Favoriten <910>","Wien 18.Bezirk, Währing <918>",1
70 bis 74 Jahre,2025,"Wien 10.Bezirk, Favoriten <910>","Wien 19.Bezirk, Döbling <919>",2
70 bis 74 Jahre,2025,"Wien 10.Bezirk, Favoriten <910>","Wien 20.Bezirk, Brigittenau <920>",2
70 bis 74 Jahre,2025,"Wien 10.Bezirk, Favoriten <910>","Wien 21.Bezirk, Floridsdorf <921>",10
70 bis 74 Jahre,2025,"Wien 10.Bezirk, Favoriten <910>","Wien 22.Bezirk, Donaustadt <922>",13
70 bis 74 Jahre,2025,"Wien 10.Bezirk, Favoriten <910>","Wien 23.Bezirk, Liesing <923>",11
70 bis 74 Jahre,2025,"Wien 11.Bezirk, Simmering <911>","Wien 1.Bezirk, Innere Stadt <901>",-
70 bis 74 Jahre,2025,"Wien 11.Bezirk, Simmering <911>","Wien 2.Bezirk, Leopoldstadt <902>",3
70 bis 74 Jahre,2025,"Wien 11.Bezirk, Simmering <911>","Wien 3.Bezirk, Landstraße <903>",4
70 bis 74 Jahre,2025,"Wien 11.Bezirk, Simmering <911>","Wien 4.Bezirk, Wieden <904>",-
70 bis 74 Jahre,2025,"Wien 11.Bezirk, Simmering <911>","Wien 5.Bezirk, Margareten <905>",-
70 bis 74 Jahre,2025,"Wien 11.Bezirk, Simmering <911>","Wien 6.Bezirk, Mariahilf <906>",-
70 bis 74 Jahre,2025,"Wien 11.Bezirk, Simmering <911>","Wien 7.Bezirk, Neubau <907>",-
70 bis 74 Jahre,2025,"Wien 11.Bezirk, Simmering <911>","Wien 8.Bezirk, Josefstadt <908>",-
70 bis 74 Jahre,2025,"Wien 11.Bezirk, Simmering <911>","Wien 9.Bezirk, Alsergrund <909>",-
70 bis 74 Jahre,2025,"Wien 11.Bezirk, Simmering <911>","Wien 10.Bezirk, Favoriten <910>",6
70 bis 74 Jahre,2025,"Wien 11.Bezirk, Simmering <911>","Wien 11.Bezirk, Simmering <911>",23
70 bis 74 Jahre,2025,"Wien 11.Bezirk, Simmering <911>","Wien 12.Bezirk, Meidling <912>",1
70 bis 74 Jahre,2025,"Wien 11.Bezirk, Simmering <911>","Wien 13.Bezirk, Hietzing <913>",2
70 bis 74 Jahre,2025,"Wien 11.Bezirk, Simmering <911>","Wien 14.Bezirk, Penzing <914>",1
70 bis 74 Jahre,2025,"Wien 11.Bezirk, Simmering <911>","Wien 15.Bezirk, Rudolfsheim-Fünfhaus <915>",1
70 bis 74 Jahre,2025,"Wien 11.Bezirk, Simmering <911>","Wien 16.Bezirk, Ottakring <916>",2
70 bis 74 Jahre,2025,"Wien 11.Bezirk, Simmering <911>","Wien 17.Bezirk, Hernals <917>",-
70 bis 74 Jahre,2025,"Wien 11.Bezirk, Simmering <911>","Wien 18.Bezirk, Währing <918>",-
70 bis 74 Jahre,2025,"Wien 11.Bezirk, Simmering <911>","Wien 19.Bezirk, Döbling <919>",1
70 bis 74 Jahre,2025,"Wien 11.Bezirk, Simmering <911>","Wien 20.Bezirk, Brigittenau <920>",1
70 bis 74 Jahre,2025,"Wien 11.Bezirk, Simmering <911>","Wien 21.Bezirk, Floridsdorf <921>",5
70 bis 74 Jahre,2025,"Wien 11.Bezirk, Simmering <911>","Wien 22.Bezirk, Donaustadt <922>",4
70 bis 74 Jahre,2025,"Wien 11.Bezirk, Simmering <911>","Wien 23.Bezirk, Liesing <923>",4
70 bis 74 Jahre,2025,"Wien 12.Bezirk, Meidling <912>","Wien 1.Bezirk, Innere Stadt <901>",-
70 bis 74 Jahre,2025,"Wien 12.Bezirk, Meidling <912>","Wien 2.Bezirk, Leopoldstadt <902>",4
70 bis 74 Jahre,2025,"Wien 12.Bezirk, Meidling <912>","Wien 3.Bezirk, Landstraße <903>",-
70 bis 74 Jahre,2025,"Wien 12.Bezirk, Meidling <912>","Wien 4.Bezirk, Wieden <904>",3
70 bis 74 Jahre,2025,"Wien 12.Bezirk, Meidling <912>","Wien 5.Bezirk, Margareten <905>",3
70 bis 74 Jahre,2025,"Wien 12.Bezirk, Meidling <912>","Wien 6.Bezirk, Mariahilf <906>",1
70 bis 74 Jahre,2025,"Wien 12.Bezirk, Meidling <912>","Wien 7.Bezirk, Neubau <907>",-
70 bis 74 Jahre,2025,"Wien 12.Bezirk, Meidling <912>","Wien 8.Bezirk, Josefstadt <908>",1
70 bis 74 Jahre,2025,"Wien 12.Bezirk, Meidling <912>","Wien 9.Bezirk, Alsergrund <909>",-
70 bis 74 Jahre,2025,"Wien 12.Bezirk, Meidling <912>","Wien 10.Bezirk, Favoriten <910>",5
70 bis 74 Jahre,2025,"Wien 12.Bezirk, Meidling <912>","Wien 11.Bezirk, Simmering <911>",3
70 bis 74 Jahre,2025,"Wien 12.Bezirk, Meidling <912>","Wien 12.Bezirk, Meidling <912>",27
70 bis 74 Jahre,2025,"Wien 12.Bezirk, Meidling <912>","Wien 13.Bezirk, Hietzing <913>",5
70 bis 74 Jahre,2025,"Wien 12.Bezirk, Meidling <912>","Wien 14.Bezirk, Penzing <914>",3
70 bis 74 Jahre,2025,"Wien 12.Bezirk, Meidling <912>","Wien 15.Bezirk, Rudolfsheim-Fünfhaus <915>",5
70 bis 74 Jahre,2025,"Wien 12.Bezirk, Meidling <912>","Wien 16.Bezirk, Ottakring <916>",4
70 bis 74 Jahre,2025,"Wien 12.Bezirk, Meidling <912>","Wien 17.Bezirk, Hernals <917>",-
70 bis 74 Jahre,2025,"Wien 12.Bezirk, Meidling <912>","Wien 18.Bezirk, Währing <918>",-
70 bis 74 Jahre,2025,"Wien 12.Bezirk, Meidling <912>","Wien 19.Bezirk, Döbling <919>",1
70 bis 74 Jahre,2025,"Wien 12.Bezirk, Meidling <912>","Wien 20.Bezirk, Brigittenau <920>",1
70 bis 74 Jahre,2025,"Wien 12.Bezirk, Meidling <912>","Wien 21.Bezirk, Floridsdorf <921>",1
70 bis 74 Jahre,2025,"Wien 12.Bezirk, Meidling <912>","Wien 22.Bezirk, Donaustadt <922>",7
70 bis 74 Jahre,2025,"Wien 12.Bezirk, Meidling <912>","Wien 23.Bezirk, Liesing <923>",3
70 bis 74 Jahre,2025,"Wien 13.Bezirk, Hietzing <913>","Wien 1.Bezirk, Innere Stadt <901>",-
70 bis 74 Jahre,2025,"Wien 13.Bezirk, Hietzing <913>","Wien 2.Bezirk, Leopoldstadt <902>",1
70 bis 74 Jahre,2025,"Wien 13.Bezirk, Hietzing <913>","Wien 3.Bezirk, Landstraße <903>",2
70 bis 74 Jahre,2025,"Wien 13.Bezirk, Hietzing <913>","Wien 4.Bezirk, Wieden <904>",-
70 bis 74 Jahre,2025,"Wien 13.Bezirk, Hietzing <913>","Wien 5.Bezirk, Margareten <905>",-
70 bis 74 Jahre,2025,"Wien 13.Bezirk, Hietzing <913>","Wien 6.Bezirk, Mariahilf <906>",-
70 bis 74 Jahre,2025,"Wien 13.Bezirk, Hietzing <913>","Wien 7.Bezirk, Neubau <907>",3
70 bis 74 Jahre,2025,"Wien 13.Bezirk, Hietzing <913>","Wien 8.Bezirk, Josefstadt <908>",-
70 bis 74 Jahre,2025,"Wien 13.Bezirk, Hietzing <913>","Wien 9.Bezirk, Alsergrund <909>",-
70 bis 74 Jahre,2025,"Wien 13.Bezirk, Hietzing <913>","Wien 10.Bezirk, Favoriten <910>",3
70 bis 74 Jahre,2025,"Wien 13.Bezirk, Hietzing <913>","Wien 11.Bezirk, Simmering <911>",1
70 bis 74 Jahre,2025,"Wien 13.Bezirk, Hietzing <913>","Wien 12.Bezirk, Meidling <912>",1
70 bis 74 Jahre,2025,"Wien 13.Bezirk, Hietzing <913>","Wien 13.Bezirk, Hietzing <913>",27
70 bis 74 Jahre,2025,"Wien 13.Bezirk, Hietzing <913>","Wien 14.Bezirk, Penzing <914>",5
70 bis 74 Jahre,2025,"Wien 13.Bezirk, Hietzing <913>","Wien 15.Bezirk, Rudolfsheim-Fünfhaus <915>",2
70 bis 74 Jahre,2025,"Wien 13.Bezirk, Hietzing <913>","Wien 16.Bezirk, Ottakring <916>",2
70 bis 74 Jahre,2025,"Wien 13.Bezirk, Hietzing <913>","Wien 17.Bezirk, Hernals <917>",1
70 bis 74 Jahre,2025,"Wien 13.Bezirk, Hietzing <913>","Wien 18.Bezirk, Währing <918>",1
70 bis 74 Jahre,2025,"Wien 13.Bezirk, Hietzing <913>","Wien 19.Bezirk, Döbling <919>",1
70 bis 74 Jahre,2025,"Wien 13.Bezirk, Hietzing <913>","Wien 20.Bezirk, Brigittenau <920>",1
70 bis 74 Jahre,2025,"Wien 13.Bezirk, Hietzing <913>","Wien 21.Bezirk, Floridsdorf <921>",2
70 bis 74 Jahre,2025,"Wien 13.Bezirk, Hietzing <913>","Wien 22.Bezirk, Donaustadt <922>",2
70 bis 74 Jahre,2025,"Wien 13.Bezirk, Hietzing <913>","Wien 23.Bezirk, Liesing <923>",3
70 bis 74 Jahre,2025,"Wien 14.Bezirk, Penzing <914>","Wien 1.Bezirk, Innere Stadt <901>",-
70 bis 74 Jahre,2025,"Wien 14.Bezirk, Penzing <914>","Wien 2.Bezirk, Leopoldstadt <902>",3
70 bis 74 Jahre,2025,"Wien 14.Bezirk, Penzing <914>","Wien 3.Bezirk, Landstraße <903>",4
70 bis 74 Jahre,2025,"Wien 14.Bezirk, Penzing <914>","Wien 4.Bezirk, Wieden <904>",2
70 bis 74 Jahre,2025,"Wien 14.Bezirk, Penzing <914>","Wien 5.Bezirk, Margareten <905>",4
70 bis 74 Jahre,2025,"Wien 14.Bezirk, Penzing <914>","Wien 6.Bezirk, Mariahilf <906>",-
70 bis 74 Jahre,2025,"Wien 14.Bezirk, Penzing <914>","Wien 7.Bezirk, Neubau <907>",1
70 bis 74 Jahre,2025,"Wien 14.Bezirk, Penzing <914>","Wien 8.Bezirk, Josefstadt <908>",-
70 bis 74 Jahre,2025,"Wien 14.Bezirk, Penzing <914>","Wien 9.Bezirk, Alsergrund <909>",2
70 bis 74 Jahre,2025,"Wien 14.Bezirk, Penzing <914>","Wien 10.Bezirk, Favoriten <910>",4
70 bis 74 Jahre,2025,"Wien 14.Bezirk, Penzing <914>","Wien 11.Bezirk, Simmering <911>",2
70 bis 74 Jahre,2025,"Wien 14.Bezirk, Penzing <914>","Wien 12.Bezirk, Meidling <912>",5
70 bis 74 Jahre,2025,"Wien 14.Bezirk, Penzing <914>","Wien 13.Bezirk, Hietzing <913>",6
70 bis 74 Jahre,2025,"Wien 14.Bezirk, Penzing <914>","Wien 14.Bezirk, Penzing <914>",18
70 bis 74 Jahre,2025,"Wien 14.Bezirk, Penzing <914>","Wien 15.Bezirk, Rudolfsheim-Fünfhaus <915>",3
70 bis 74 Jahre,2025,"Wien 14.Bezirk, Penzing <914>","Wien 16.Bezirk, Ottakring <916>",6
70 bis 74 Jahre,2025,"Wien 14.Bezirk, Penzing <914>","Wien 17.Bezirk, Hernals <917>",4
70 bis 74 Jahre,2025,"Wien 14.Bezirk, Penzing <914>","Wien 18.Bezirk, Währing <918>",1
70 bis 74 Jahre,2025,"Wien 14.Bezirk, Penzing <914>","Wien 19.Bezirk, Döbling <919>",3
70 bis 74 Jahre,2025,"Wien 14.Bezirk, Penzing <914>","Wien 20.Bezirk, Brigittenau <920>",-
70 bis 74 Jahre,2025,"Wien 14.Bezirk, Penzing <914>","Wien 21.Bezirk, Floridsdorf <921>",5
70 bis 74 Jahre,2025,"Wien 14.Bezirk, Penzing <914>","Wien 22.Bezirk, Donaustadt <922>",6
70 bis 74 Jahre,2025,"Wien 14.Bezirk, Penzing <914>","Wien 23.Bezirk, Liesing <923>",4
70 bis 74 Jahre,2025,"Wien 15.Bezirk, Rudolfsheim-Fünfhaus <915>","Wien 1.Bezirk, Innere Stadt <901>",-
70 bis 74 Jahre,2025,"Wien 15.Bezirk, Rudolfsheim-Fünfhaus <915>","Wien 2.Bezirk, Leopoldstadt <902>",3
70 bis 74 Jahre,2025,"Wien 15.Bezirk, Rudolfsheim-Fünfhaus <915>","Wien 3.Bezirk, Landstraße <903>",2
70 bis 74 Jahre,2025,"Wien 15.Bezirk, Rudolfsheim-Fünfhaus <915>","Wien 4.Bezirk, Wieden <904>",1
70 bis 74 Jahre,2025,"Wien 15.Bezirk, Rudolfsheim-Fünfhaus <915>","Wien 5.Bezirk, Margareten <905>",1
70 bis 74 Jahre,2025,"Wien 15.Bezirk, Rudolfsheim-Fünfhaus <915>","Wien 6.Bezirk, Mariahilf <906>",-
70 bis 74 Jahre,2025,"Wien 15.Bezirk, Rudolfsheim-Fünfhaus <915>","Wien 7.Bezirk, Neubau <907>",1
70 bis 74 Jahre,2025,"Wien 15.Bezirk, Rudolfsheim-Fünfhaus <915>","Wien 8.Bezirk, Josefstadt <908>",-
70 bis 74 Jahre,2025,"Wien 15.Bezirk, Rudolfsheim-Fünfhaus <915>","Wien 9.Bezirk, Alsergrund <909>",1
70 bis 74 Jahre,2025,"Wien 15.Bezirk, Rudolfsheim-Fünfhaus <915>","Wien 10.Bezirk, Favoriten <910>",6
70 bis 74 Jahre,2025,"Wien 15.Bezirk, Rudolfsheim-Fünfhaus <915>","Wien 11.Bezirk, Simmering <911>",1
70 bis 74 Jahre,2025,"Wien 15.Bezirk, Rudolfsheim-Fünfhaus <915>","Wien 12.Bezirk, Meidling <912>",2
70 bis 74 Jahre,2025,"Wien 15.Bezirk, Rudolfsheim-Fünfhaus <915>","Wien 13.Bezirk, Hietzing <913>",1
70 bis 74 Jahre,2025,"Wien 15.Bezirk, Rudolfsheim-Fünfhaus <915>","Wien 14.Bezirk, Penzing <914>",10
70 bis 74 Jahre,2025,"Wien 15.Bezirk, Rudolfsheim-Fünfhaus <915>","Wien 15.Bezirk, Rudolfsheim-Fünfhaus <915>",12
70 bis 74 Jahre,2025,"Wien 15.Bezirk, Rudolfsheim-Fünfhaus <915>","Wien 16.Bezirk, Ottakring <916>",5
70 bis 74 Jahre,2025,"Wien 15.Bezirk, Rudolfsheim-Fünfhaus <915>","Wien 17.Bezirk, Hernals <917>",2
70 bis 74 Jahre,2025,"Wien 15.Bezirk, Rudolfsheim-Fünfhaus <915>","Wien 18.Bezirk, Währing <918>",2
70 bis 74 Jahre,2025,"Wien 15.Bezirk, Rudolfsheim-Fünfhaus <915>","Wien 19.Bezirk, Döbling <919>",1
70 bis 74 Jahre,2025,"Wien 15.Bezirk, Rudolfsheim-Fünfhaus <915>","Wien 20.Bezirk, Brigittenau <920>",2
70 bis 74 Jahre,2025,"Wien 15.Bezirk, Rudolfsheim-Fünfhaus <915>","Wien 21.Bezirk, Floridsdorf <921>",1
70 bis 74 Jahre,2025,"Wien 15.Bezirk, Rudolfsheim-Fünfhaus <915>","Wien 22.Bezirk, Donaustadt <922>",4
70 bis 74 Jahre,2025,"Wien 15.Bezirk, Rudolfsheim-Fünfhaus <915>","Wien 23.Bezirk, Liesing <923>",3
70 bis 74 Jahre,2025,"Wien 16.Bezirk, Ottakring <916>","Wien 1.Bezirk, Innere Stadt <901>",-
70 bis 74 Jahre,2025,"Wien 16.Bezirk, Ottakring <916>","Wien 2.Bezirk, Leopoldstadt <902>",3
70 bis 74 Jahre,2025,"Wien 16.Bezirk, Ottakring <916>","Wien 3.Bezirk, Landstraße <903>",1
70 bis 74 Jahre,2025,"Wien 16.Bezirk, Ottakring <916>","Wien 4.Bezirk, Wieden <904>",-
70 bis 74 Jahre,2025,"Wien 16.Bezirk, Ottakring <916>","Wien 5.Bezirk, Margareten <905>",2
70 bis 74 Jahre,2025,"Wien 16.Bezirk, Ottakring <916>","Wien 6.Bezirk, Mariahilf <906>",-
70 bis 74 Jahre,2025,"Wien 16.Bezirk, Ottakring <916>","Wien 7.Bezirk, Neubau <907>",-
70 bis 74 Jahre,2025,"Wien 16.Bezirk, Ottakring <916>","Wien 8.Bezirk, Josefstadt <908>",2
70 bis 74 Jahre,2025,"Wien 16.Bezirk, Ottakring <916>","Wien 9.Bezirk, Alsergrund <909>",2
70 bis 74 Jahre,2025,"Wien 16.Bezirk, Ottakring <916>","Wien 10.Bezirk, Favoriten <910>",9
70 bis 74 Jahre,2025,"Wien 16.Bezirk, Ottakring <916>","Wien 11.Bezirk, Simmering <911>",-
70 bis 74 Jahre,2025,"Wien 16.Bezirk, Ottakring <916>","Wien 12.Bezirk, Meidling <912>",1
70 bis 74 Jahre,2025,"Wien 16.Bezirk, Ottakring <916>","Wien 13.Bezirk, Hietzing <913>",2
70 bis 74 Jahre,2025,"Wien 16.Bezirk, Ottakring <916>","Wien 14.Bezirk, Penzing <914>",6
70 bis 74 Jahre,2025,"Wien 16.Bezirk, Ottakring <916>","Wien 15.Bezirk, Rudolfsheim-Fünfhaus <915>",9
70 bis 74 Jahre,2025,"Wien 16.Bezirk, Ottakring <916>","Wien 16.Bezirk, Ottakring <916>",24
70 bis 74 Jahre,2025,"Wien 16.Bezirk, Ottakring <916>","Wien 17.Bezirk, Hernals <917>",2
70 bis 74 Jahre,2025,"Wien 16.Bezirk, Ottakring <916>","Wien 18.Bezirk, Währing <918>",3
70 bis 74 Jahre,2025,"Wien 16.Bezirk, Ottakring <916>","Wien 19.Bezirk, Döbling <919>",1
70 bis 74 Jahre,2025,"Wien 16.Bezirk, Ottakring <916>","Wien 20.Bezirk, Brigittenau <920>",2
70 bis 74 Jahre,2025,"Wien 16.Bezirk, Ottakring <916>","Wien 21.Bezirk, Floridsdorf <921>",5
70 bis 74 Jahre,2025,"Wien 16.Bezirk, Ottakring <916>","Wien 22.Bezirk, Donaustadt <922>",5
70 bis 74 Jahre,2025,"Wien 16.Bezirk, Ottakring <916>","Wien 23.Bezirk, Liesing <923>",1
70 bis 74 Jahre,2025,"Wien 17.Bezirk, Hernals <917>","Wien 1.Bezirk, Innere Stadt <901>",-
70 bis 74 Jahre,2025,"Wien 17.Bezirk, Hernals <917>","Wien 2.Bezirk, Leopoldstadt <902>",3
70 bis 74 Jahre,2025,"Wien 17.Bezirk, Hernals <917>","Wien 3.Bezirk, Landstraße <903>",1
70 bis 74 Jahre,2025,"Wien 17.Bezirk, Hernals <917>","Wien 4.Bezirk, Wieden <904>",1
70 bis 74 Jahre,2025,"Wien 17.Bezirk, Hernals <917>","Wien 5.Bezirk, Margareten <905>",1
70 bis 74 Jahre,2025,"Wien 17.Bezirk, Hernals <917>","Wien 6.Bezirk, Mariahilf <906>",-
70 bis 74 Jahre,2025,"Wien 17.Bezirk, Hernals <917>","Wien 7.Bezirk, Neubau <907>",-
70 bis 74 Jahre,2025,"Wien 17.Bezirk, Hernals <917>","Wien 8.Bezirk, Josefstadt <908>",-
70 bis 74 Jahre,2025,"Wien 17.Bezirk, Hernals <917>","Wien 9.Bezirk, Alsergrund <909>",-
70 bis 74 Jahre,2025,"Wien 17.Bezirk, Hernals <917>","Wien 10.Bezirk, Favoriten <910>",-
70 bis 74 Jahre,2025,"Wien 17.Bezirk, Hernals <917>","Wien 11.Bezirk, Simmering <911>",3
70 bis 74 Jahre,2025,"Wien 17.Bezirk, Hernals <917>","Wien 12.Bezirk, Meidling <912>",2
70 bis 74 Jahre,2025,"Wien 17.Bezirk, Hernals <917>","Wien 13.Bezirk, Hietzing <913>",-
70 bis 74 Jahre,2025,"Wien 17.Bezirk, Hernals <917>","Wien 14.Bezirk, Penzing <914>",3
70 bis 74 Jahre,2025,"Wien 17.Bezirk, Hernals <917>","Wien 15.Bezirk, Rudolfsheim-Fünfhaus <915>",1
70 bis 74 Jahre,2025,"Wien 17.Bezirk, Hernals <917>","Wien 16.Bezirk, Ottakring <916>",5
70 bis 74 Jahre,2025,"Wien 17.Bezirk, Hernals <917>","Wien 17.Bezirk, Hernals <917>",15
70 bis 74 Jahre,2025,"Wien 17.Bezirk, Hernals <917>","Wien 18.Bezirk, Währing <918>",1
70 bis 74 Jahre,2025,"Wien 17.Bezirk, Hernals <917>","Wien 19.Bezirk, Döbling <919>",4
70 bis 74 Jahre,2025,"Wien 17.Bezirk, Hernals <917>","Wien 20.Bezirk, Brigittenau <920>",4
70 bis 74 Jahre,2025,"Wien 17.Bezirk, Hernals <917>","Wien 21.Bezirk, Floridsdorf <921>",2
70 bis 74 Jahre,2025,"Wien 17.Bezirk, Hernals <917>","Wien 22.Bezirk, Donaustadt <922>",7
70 bis 74 Jahre,2025,"Wien 17.Bezirk, Hernals <917>","Wien 23.Bezirk, Liesing <923>",2
70 bis 74 Jahre,2025,"Wien 18.Bezirk, Währing <918>","Wien 1.Bezirk, Innere Stadt <901>",1
70 bis 74 Jahre,2025,"Wien 18.Bezirk, Währing <918>","Wien 2.Bezirk, Leopoldstadt <902>",3
70 bis 74 Jahre,2025,"Wien 18.Bezirk, Währing <918>","Wien 3.Bezirk, Landstraße <903>",1
70 bis 74 Jahre,2025,"Wien 18.Bezirk, Währing <918>","Wien 4.Bezirk, Wieden <904>",1
70 bis 74 Jahre,2025,"Wien 18.Bezirk, Währing <918>","Wien 5.Bezirk, Margareten <905>",2
70 bis 74 Jahre,2025,"Wien 18.Bezirk, Währing <918>","Wien 6.Bezirk, Mariahilf <906>",-
70 bis 74 Jahre,2025,"Wien 18.Bezirk, Währing <918>","Wien 7.Bezirk, Neubau <907>",-
70 bis 74 Jahre,2025,"Wien 18.Bezirk, Währing <918>","Wien 8.Bezirk, Josefstadt <908>",1
70 bis 74 Jahre,2025,"Wien 18.Bezirk, Währing <918>","Wien 9.Bezirk, Alsergrund <909>",1
70 bis 74 Jahre,2025,"Wien 18.Bezirk, Währing <918>","Wien 10.Bezirk, Favoriten <910>",3
70 bis 74 Jahre,2025,"Wien 18.Bezirk, Währing <918>","Wien 11.Bezirk, Simmering <911>",1
70 bis 74 Jahre,2025,"Wien 18.Bezirk, Währing <918>","Wien 12.Bezirk, Meidling <912>",-
70 bis 74 Jahre,2025,"Wien 18.Bezirk, Währing <918>","Wien 13.Bezirk, Hietzing <913>",2
70 bis 74 Jahre,2025,"Wien 18.Bezirk, Währing <918>","Wien 14.Bezirk, Penzing <914>",3
70 bis 74 Jahre,2025,"Wien 18.Bezirk, Währing <918>","Wien 15.Bezirk, Rudolfsheim-Fünfhaus <915>",-
70 bis 74 Jahre,2025,"Wien 18.Bezirk, Währing <918>","Wien 16.Bezirk, Ottakring <916>",1
70 bis 74 Jahre,2025,"Wien 18.Bezirk, Währing <918>","Wien 17.Bezirk, Hernals <917>",5
70 bis 74 Jahre,2025,"Wien 18.Bezirk, Währing <918>","Wien 18.Bezirk, Währing <918>",12
70 bis 74 Jahre,2025,"Wien 18.Bezirk, Währing <918>","Wien 19.Bezirk, Döbling <919>",16
70 bis 74 Jahre,2025,"Wien 18.Bezirk, Währing <918>","Wien 20.Bezirk, Brigittenau <920>",2
70 bis 74 Jahre,2025,"Wien 18.Bezirk, Währing <918>","Wien 21.Bezirk, Floridsdorf <921>",5
70 bis 74 Jahre,2025,"Wien 18.Bezirk, Währing <918>","Wien 22.Bezirk, Donaustadt <922>",1
70 bis 74 Jahre,2025,"Wien 18.Bezirk, Währing <918>","Wien 23.Bezirk, Liesing <923>",2
70 bis 74 Jahre,2025,"Wien 19.Bezirk, Döbling <919>","Wien 1.Bezirk, Innere Stadt <901>",3
70 bis 74 Jahre,2025,"Wien 19.Bezirk, Döbling <919>","Wien 2.Bezirk, Leopoldstadt <902>",2
70 bis 74 Jahre,2025,"Wien 19.Bezirk, Döbling <919>","Wien 3.Bezirk, Landstraße <903>",1
70 bis 74 Jahre,2025,"Wien 19.Bezirk, Döbling <919>","Wien 4.Bezirk, Wieden <904>",-
70 bis 74 Jahre,2025,"Wien 19.Bezirk, Döbling <919>","Wien 5.Bezirk, Margareten <905>",-
70 bis 74 Jahre,2025,"Wien 19.Bezirk, Döbling <919>","Wien 6.Bezirk, Mariahilf <906>",-
70 bis 74 Jahre,2025,"Wien 19.Bezirk, Döbling <919>","Wien 7.Bezirk, Neubau <907>",-
70 bis 74 Jahre,2025,"Wien 19.Bezirk, Döbling <919>","Wien 8.Bezirk, Josefstadt <908>",2
70 bis 74 Jahre,2025,"Wien 19.Bezirk, Döbling <919>","Wien 9.Bezirk, Alsergrund <909>",1
70 bis 74 Jahre,2025,"Wien 19.Bezirk, Döbling <919>","Wien 10.Bezirk, Favoriten <910>",2
70 bis 74 Jahre,2025,"Wien 19.Bezirk, Döbling <919>","Wien 11.Bezirk, Simmering <911>",1
70 bis 74 Jahre,2025,"Wien 19.Bezirk, Döbling <919>","Wien 12.Bezirk, Meidling <912>",2
70 bis 74 Jahre,2025,"Wien 19.Bezirk, Döbling <919>","Wien 13.Bezirk, Hietzing <913>",-
70 bis 74 Jahre,2025,"Wien 19.Bezirk, Döbling <919>","Wien 14.Bezirk, Penzing <914>",1
70 bis 74 Jahre,2025,"Wien 19.Bezirk, Döbling <919>","Wien 15.Bezirk, Rudolfsheim-Fünfhaus <915>",-
70 bis 74 Jahre,2025,"Wien 19.Bezirk, Döbling <919>","Wien 16.Bezirk, Ottakring <916>",-
70 bis 74 Jahre,2025,"Wien 19.Bezirk, Döbling <919>","Wien 17.Bezirk, Hernals <917>",2
70 bis 74 Jahre,2025,"Wien 19.Bezirk, Döbling <919>","Wien 18.Bezirk, Währing <918>",2
70 bis 74 Jahre,2025,"Wien 19.Bezirk, Döbling <919>","Wien 19.Bezirk, Döbling <919>",30
70 bis 74 Jahre,2025,"Wien 19.Bezirk, Döbling <919>","Wien 20.Bezirk, Brigittenau <920>",1
70 bis 74 Jahre,2025,"Wien 19.Bezirk, Döbling <919>","Wien 21.Bezirk, Floridsdorf <921>",-
70 bis 74 Jahre,2025,"Wien 19.Bezirk, Döbling <919>","Wien 22.Bezirk, Donaustadt <922>",4
70 bis 74 Jahre,2025,"Wien 19.Bezirk, Döbling <919>","Wien 23.Bezirk, Liesing <923>",-
70 bis 74 Jahre,2025,"Wien 20.Bezirk, Brigittenau <920>","Wien 1.Bezirk, Innere Stadt <901>",-
70 bis 74 Jahre,2025,"Wien 20.Bezirk, Brigittenau <920>","Wien 2.Bezirk, Leopoldstadt <902>",8
70 bis 74 Jahre,2025,"Wien 20.Bezirk, Brigittenau <920>","Wien 3.Bezirk, Landstraße <903>",2
70 bis 74 Jahre,2025,"Wien 20.Bezirk, Brigittenau <920>","Wien 4.Bezirk, Wieden <904>",2
70 bis 74 Jahre,2025,"Wien 20.Bezirk, Brigittenau <920>","Wien 5.Bezirk, Margareten <905>",2
70 bis 74 Jahre,2025,"Wien 20.Bezirk, Brigittenau <920>","Wien 6.Bezirk, Mariahilf <906>",1
70 bis 74 Jahre,2025,"Wien 20.Bezirk, Brigittenau <920>","Wien 7.Bezirk, Neubau <907>",-
70 bis 74 Jahre,2025,"Wien 20.Bezirk, Brigittenau <920>","Wien 8.Bezirk, Josefstadt <908>",-
70 bis 74 Jahre,2025,"Wien 20.Bezirk, Brigittenau <920>","Wien 9.Bezirk, Alsergrund <909>",1
70 bis 74 Jahre,2025,"Wien 20.Bezirk, Brigittenau <920>","Wien 10.Bezirk, Favoriten <910>",7
70 bis 74 Jahre,2025,"Wien 20.Bezirk, Brigittenau <920>","Wien 11.Bezirk, Simmering <911>",2
70 bis 74 Jahre,2025,"Wien 20.Bezirk, Brigittenau <920>","Wien 12.Bezirk, Meidling <912>",1
70 bis 74 Jahre,2025,"Wien 20.Bezirk, Brigittenau <920>","Wien 13.Bezirk, Hietzing <913>",2
70 bis 74 Jahre,2025,"Wien 20.Bezirk, Brigittenau <920>","Wien 14.Bezirk, Penzing <914>",3
70 bis 74 Jahre,2025,"Wien 20.Bezirk, Brigittenau <920>","Wien 15.Bezirk, Rudolfsheim-Fünfhaus <915>",1
70 bis 74 Jahre,2025,"Wien 20.Bezirk, Brigittenau <920>","Wien 16.Bezirk, Ottakring <916>",1
70 bis 74 Jahre,2025,"Wien 20.Bezirk, Brigittenau <920>","Wien 17.Bezirk, Hernals <917>",-
70 bis 74 Jahre,2025,"Wien 20.Bezirk, Brigittenau <920>","Wien 18.Bezirk, Währing <918>",3
70 bis 74 Jahre,2025,"Wien 20.Bezirk, Brigittenau <920>","Wien 19.Bezirk, Döbling <919>",4
70 bis 74 Jahre,2025,"Wien 20.Bezirk, Brigittenau <920>","Wien 20.Bezirk, Brigittenau <920>",20
70 bis 74 Jahre,2025,"Wien 20.Bezirk, Brigittenau <920>","Wien 21.Bezirk, Floridsdorf <921>",17
70 bis 74 Jahre,2025,"Wien 20.Bezirk, Brigittenau <920>","Wien 22.Bezirk, Donaustadt <922>",8
70 bis 74 Jahre,2025,"Wien 20.Bezirk, Brigittenau <920>","Wien 23.Bezirk, Liesing <923>",5
70 bis 74 Jahre,2025,"Wien 21.Bezirk, Floridsdorf <921>","Wien 1.Bezirk, Innere Stadt <901>",-
70 bis 74 Jahre,2025,"Wien 21.Bezirk, Floridsdorf <921>","Wien 2.Bezirk, Leopoldstadt <902>",6
70 bis 74 Jahre,2025,"Wien 21.Bezirk, Floridsdorf <921>","Wien 3.Bezirk, Landstraße <903>",2
70 bis 74 Jahre,2025,"Wien 21.Bezirk, Floridsdorf <921>","Wien 4.Bezirk, Wieden <904>",1
70 bis 74 Jahre,2025,"Wien 21.Bezirk, Floridsdorf <921>","Wien 5.Bezirk, Margareten <905>",2
70 bis 74 Jahre,2025,"Wien 21.Bezirk, Floridsdorf <921>","Wien 6.Bezirk, Mariahilf <906>",2
70 bis 74 Jahre,2025,"Wien 21.Bezirk, Floridsdorf <921>","Wien 7.Bezirk, Neubau <907>",-
70 bis 74 Jahre,2025,"Wien 21.Bezirk, Floridsdorf <921>","Wien 8.Bezirk, Josefstadt <908>",1
70 bis 74 Jahre,2025,"Wien 21.Bezirk, Floridsdorf <921>","Wien 9.Bezirk, Alsergrund <909>",2
70 bis 74 Jahre,2025,"Wien 21.Bezirk, Floridsdorf <921>","Wien 10.Bezirk, Favoriten <910>",8
70 bis 74 Jahre,2025,"Wien 21.Bezirk, Floridsdorf <921>","Wien 11.Bezirk, Simmering <911>",2
70 bis 74 Jahre,2025,"Wien 21.Bezirk, Floridsdorf <921>","Wien 12.Bezirk, Meidling <912>",1
70 bis 74 Jahre,2025,"Wien 21.Bezirk, Floridsdorf <921>","Wien 13.Bezirk, Hietzing <913>",-
70 bis 74 Jahre,2025,"Wien 21.Bezirk, Floridsdorf <921>","Wien 14.Bezirk, Penzing <914>",3
70 bis 74 Jahre,2025,"Wien 21.Bezirk, Floridsdorf <921>","Wien 15.Bezirk, Rudolfsheim-Fünfhaus <915>",1
70 bis 74 Jahre,2025,"Wien 21.Bezirk, Floridsdorf <921>","Wien 16.Bezirk, Ottakring <916>",3
70 bis 74 Jahre,2025,"Wien 21.Bezirk, Floridsdorf <921>","Wien 17.Bezirk, Hernals <917>",2
70 bis 74 Jahre,2025,"Wien 21.Bezirk, Floridsdorf <921>","Wien 18.Bezirk, Währing <918>",-
70 bis 74 Jahre,2025,"Wien 21.Bezirk, Floridsdorf <921>","Wien 19.Bezirk, Döbling <919>",4
70 bis 74 Jahre,2025,"Wien 21.Bezirk, Floridsdorf <921>","Wien 20.Bezirk, Brigittenau <920>",11
70 bis 74 Jahre,2025,"Wien 21.Bezirk, Floridsdorf <921>","Wien 21.Bezirk, Floridsdorf <921>",59
70 bis 74 Jahre,2025,"Wien 21.Bezirk, Floridsdorf <921>","Wien 22.Bezirk, Donaustadt <922>",11
70 bis 74 Jahre,2025,"Wien 21.Bezirk, Floridsdorf <921>","Wien 23.Bezirk, Liesing <923>",5
70 bis 74 Jahre,2025,"Wien 22.Bezirk, Donaustadt <922>","Wien 1.Bezirk, Innere Stadt <901>",1
70 bis 74 Jahre,2025,"Wien 22.Bezirk, Donaustadt <922>","Wien 2.Bezirk, Leopoldstadt <902>",7
70 bis 74 Jahre,2025,"Wien 22.Bezirk, Donaustadt <922>","Wien 3.Bezirk, Landstraße <903>",7
70 bis 74 Jahre,2025,"Wien 22.Bezirk, Donaustadt <922>","Wien 4.Bezirk, Wieden <904>",2
70 bis 74 Jahre,2025,"Wien 22.Bezirk, Donaustadt <922>","Wien 5.Bezirk, Margareten <905>",-
70 bis 74 Jahre,2025,"Wien 22.Bezirk, Donaustadt <922>","Wien 6.Bezirk, Mariahilf <906>",4
70 bis 74 Jahre,2025,"Wien 22.Bezirk, Donaustadt <922>","Wien 7.Bezirk, Neubau <907>",1
70 bis 74 Jahre,2025,"Wien 22.Bezirk, Donaustadt <922>","Wien 8.Bezirk, Josefstadt <908>",-
70 bis 74 Jahre,2025,"Wien 22.Bezirk, Donaustadt <922>","Wien 9.Bezirk, Alsergrund <909>",3
70 bis 74 Jahre,2025,"Wien 22.Bezirk, Donaustadt <922>","Wien 10.Bezirk, Favoriten <910>",5
70 bis 74 Jahre,2025,"Wien 22.Bezirk, Donaustadt <922>","Wien 11.Bezirk, Simmering <911>",4
70 bis 74 Jahre,2025,"Wien 22.Bezirk, Donaustadt <922>","Wien 12.Bezirk, Meidling <912>",4
70 bis 74 Jahre,2025,"Wien 22.Bezirk, Donaustadt <922>","Wien 13.Bezirk, Hietzing <913>",3
70 bis 74 Jahre,2025,"Wien 22.Bezirk, Donaustadt <922>","Wien 14.Bezirk, Penzing <914>",-
70 bis 74 Jahre,2025,"Wien 22.Bezirk, Donaustadt <922>","Wien 15.Bezirk, Rudolfsheim-Fünfhaus <915>",3
70 bis 74 Jahre,2025,"Wien 22.Bezirk, Donaustadt <922>","Wien 16.Bezirk, Ottakring <916>",5
70 bis 74 Jahre,2025,"Wien 22.Bezirk, Donaustadt <922>","Wien 17.Bezirk, Hernals <917>",-
70 bis 74 Jahre,2025,"Wien 22.Bezirk, Donaustadt <922>","Wien 18.Bezirk, Währing <918>",1
70 bis 74 Jahre,2025,"Wien 22.Bezirk, Donaustadt <922>","Wien 19.Bezirk, Döbling <919>",3
70 bis 74 Jahre,2025,"Wien 22.Bezirk, Donaustadt <922>","Wien 20.Bezirk, Brigittenau <920>",4
70 bis 74 Jahre,2025,"Wien 22.Bezirk, Donaustadt <922>","Wien 21.Bezirk, Floridsdorf <921>",10
70 bis 74 Jahre,2025,"Wien 22.Bezirk, Donaustadt <922>","Wien 22.Bezirk, Donaustadt <922>",66
70 bis 74 Jahre,2025,"Wien 22.Bezirk, Donaustadt <922>","Wien 23.Bezirk, Liesing <923>",8
70 bis 74 Jahre,2025,"Wien 23.Bezirk, Liesing <923>","Wien 1.Bezirk, Innere Stadt <901>",-
70 bis 74 Jahre,2025,"Wien 23.Bezirk, Liesing <923>","Wien 2.Bezirk, Leopoldstadt <902>",3
70 bis 74 Jahre,2025,"Wien 23.Bezirk, Liesing <923>","Wien 3.Bezirk, Landstraße <903>",3
70 bis 74 Jahre,2025,"Wien 23.Bezirk, Liesing <923>","Wien 4.Bezirk, Wieden <904>",1
70 bis 74 Jahre,2025,"Wien 23.Bezirk, Liesing <923>","Wien 5.Bezirk, Margareten <905>",1
70 bis 74 Jahre,2025,"Wien 23.Bezirk, Liesing <923>","Wien 6.Bezirk, Mariahilf <906>",-
70 bis 74 Jahre,2025,"Wien 23.Bezirk, Liesing <923>","Wien 7.Bezirk, Neubau <907>",-
70 bis 74 Jahre,2025,"Wien 23.Bezirk, Liesing <923>","Wien 8.Bezirk, Josefstadt <908>",-
70 bis 74 Jahre,2025,"Wien 23.Bezirk, Liesing <923>","Wien 9.Bezirk, Alsergrund <909>",-
70 bis 74 Jahre,2025,"Wien 23.Bezirk, Liesing <923>","Wien 10.Bezirk, Favoriten <910>",6
70 bis 74 Jahre,2025,"Wien 23.Bezirk, Liesing <923>","Wien 11.Bezirk, Simmering <911>",4
70 bis 74 Jahre,2025,"Wien 23.Bezirk, Liesing <923>","Wien 12.Bezirk, Meidling <912>",1
70 bis 74 Jahre,2025,"Wien 23.Bezirk, Liesing <923>","Wien 13.Bezirk, Hietzing <913>",2
70 bis 74 Jahre,2025,"Wien 23.Bezirk, Liesing <923>","Wien 14.Bezirk, Penzing <914>",3
70 bis 74 Jahre,2025,"Wien 23.Bezirk, Liesing <923>","Wien 15.Bezirk, Rudolfsheim-Fünfhaus <915>",2
70 bis 74 Jahre,2025,"Wien 23.Bezirk, Liesing <923>","Wien 16.Bezirk, Ottakring <916>",-
70 bis 74 Jahre,2025,"Wien 23.Bezirk, Liesing <923>","Wien 17.Bezirk, Hernals <917>",1
70 bis 74 Jahre,2025,"Wien 23.Bezirk, Liesing <923>","Wien 18.Bezirk, Währing <918>",1
70 bis 74 Jahre,2025,"Wien 23.Bezirk, Liesing <923>","Wien 19.Bezirk, Döbling <919>",1
70 bis 74 Jahre,2025,"Wien 23.Bezirk, Liesing <923>","Wien 20.Bezirk, Brigittenau <920>",1
70 bis 74 Jahre,2025,"Wien 23.Bezirk, Liesing <923>","Wien 21.Bezirk, Floridsdorf <921>",1
70 bis 74 Jahre,2025,"Wien 23.Bezirk, Liesing <923>","Wien 22.Bezirk, Donaustadt <922>",3
70 bis 74 Jahre,2025,"Wien 23.Bezirk, Liesing <923>","Wien 23.Bezirk, Liesing <923>",29
75 bis 79 Jahre,2025,"Wien 1.Bezirk, Innere Stadt <901>","Wien 1.Bezirk, Innere Stadt <901>",3
75 bis 79 Jahre,2025,"Wien 1.Bezirk, Innere Stadt <901>","Wien 2.Bezirk, Leopoldstadt <902>",-
75 bis 79 Jahre,2025,"Wien 1.Bezirk, Innere Stadt <901>","Wien 3.Bezirk, Landstraße <903>",4
75 bis 79 Jahre,2025,"Wien 1.Bezirk, Innere Stadt <901>","Wien 4.Bezirk, Wieden <904>",1
75 bis 79 Jahre,2025,"Wien 1.Bezirk, Innere Stadt <901>","Wien 5.Bezirk, Margareten <905>",1
75 bis 79 Jahre,2025,"Wien 1.Bezirk, Innere Stadt <901>","Wien 6.Bezirk, Mariahilf <906>",2
75 bis 79 Jahre,2025,"Wien 1.Bezirk, Innere Stadt <901>","Wien 7.Bezirk, Neubau <907>",-
75 bis 79 Jahre,2025,"Wien 1.Bezirk, Innere Stadt <901>","Wien 8.Bezirk, Josefstadt <908>",1
75 bis 79 Jahre,2025,"Wien 1.Bezirk, Innere Stadt <901>","Wien 9.Bezirk, Alsergrund <909>",4
75 bis 79 Jahre,2025,"Wien 1.Bezirk, Innere Stadt <901>","Wien 10.Bezirk, Favoriten <910>",-
75 bis 79 Jahre,2025,"Wien 1.Bezirk, Innere Stadt <901>","Wien 11.Bezirk, Simmering <911>",-
75 bis 79 Jahre,2025,"Wien 1.Bezirk, Innere Stadt <901>","Wien 12.Bezirk, Meidling <912>",-
75 bis 79 Jahre,2025,"Wien 1.Bezirk, Innere Stadt <901>","Wien 13.Bezirk, Hietzing <913>",1
75 bis 79 Jahre,2025,"Wien 1.Bezirk, Innere Stadt <901>","Wien 14.Bezirk, Penzing <914>",-
75 bis 79 Jahre,2025,"Wien 1.Bezirk, Innere Stadt <901>","Wien 15.Bezirk, Rudolfsheim-Fünfhaus <915>",-
75 bis 79 Jahre,2025,"Wien 1.Bezirk, Innere Stadt <901>","Wien 16.Bezirk, Ottakring <916>",4
75 bis 79 Jahre,2025,"Wien 1.Bezirk, Innere Stadt <901>","Wien 17.Bezirk, Hernals <917>",2
75 bis 79 Jahre,2025,"Wien 1.Bezirk, Innere Stadt <901>","Wien 18.Bezirk, Währing <918>",-
75 bis 79 Jahre,2025,"Wien 1.Bezirk, Innere Stadt <901>","Wien 19.Bezirk, Döbling <919>",1
75 bis 79 Jahre,2025,"Wien 1.Bezirk, Innere Stadt <901>","Wien 20.Bezirk, Brigittenau <920>",2
75 bis 79 Jahre,2025,"Wien 1.Bezirk, Innere Stadt <901>","Wien 21.Bezirk, Floridsdorf <921>",-
75 bis 79 Jahre,2025,"Wien 1.Bezirk, Innere Stadt <901>","Wien 22.Bezirk, Donaustadt <922>",-
75 bis 79 Jahre,2025,"Wien 1.Bezirk, Innere Stadt <901>","Wien 23.Bezirk, Liesing <923>",1
75 bis 79 Jahre,2025,"Wien 2.Bezirk, Leopoldstadt <902>","Wien 1.Bezirk, Innere Stadt <901>",1
75 bis 79 Jahre,2025,"Wien 2.Bezirk, Leopoldstadt <902>","Wien 2.Bezirk, Leopoldstadt <902>",23
75 bis 79 Jahre,2025,"Wien 2.Bezirk, Leopoldstadt <902>","Wien 3.Bezirk, Landstraße <903>",4
75 bis 79 Jahre,2025,"Wien 2.Bezirk, Leopoldstadt <902>","Wien 4.Bezirk, Wieden <904>",1
75 bis 79 Jahre,2025,"Wien 2.Bezirk, Leopoldstadt <902>","Wien 5.Bezirk, Margareten <905>",-
75 bis 79 Jahre,2025,"Wien 2.Bezirk, Leopoldstadt <902>","Wien 6.Bezirk, Mariahilf <906>",-
75 bis 79 Jahre,2025,"Wien 2.Bezirk, Leopoldstadt <902>","Wien 7.Bezirk, Neubau <907>",-
75 bis 79 Jahre,2025,"Wien 2.Bezirk, Leopoldstadt <902>","Wien 8.Bezirk, Josefstadt <908>",2
75 bis 79 Jahre,2025,"Wien 2.Bezirk, Leopoldstadt <902>","Wien 9.Bezirk, Alsergrund <909>",-
75 bis 79 Jahre,2025,"Wien 2.Bezirk, Leopoldstadt <902>","Wien 10.Bezirk, Favoriten <910>",3
75 bis 79 Jahre,2025,"Wien 2.Bezirk, Leopoldstadt <902>","Wien 11.Bezirk, Simmering <911>",3
75 bis 79 Jahre,2025,"Wien 2.Bezirk, Leopoldstadt <902>","Wien 12.Bezirk, Meidling <912>",1
75 bis 79 Jahre,2025,"Wien 2.Bezirk, Leopoldstadt <902>","Wien 13.Bezirk, Hietzing <913>",1
75 bis 79 Jahre,2025,"Wien 2.Bezirk, Leopoldstadt <902>","Wien 14.Bezirk, Penzing <914>",2
75 bis 79 Jahre,2025,"Wien 2.Bezirk, Leopoldstadt <902>","Wien 15.Bezirk, Rudolfsheim-Fünfhaus <915>",-
75 bis 79 Jahre,2025,"Wien 2.Bezirk, Leopoldstadt <902>","Wien 16.Bezirk, Ottakring <916>",2
75 bis 79 Jahre,2025,"Wien 2.Bezirk, Leopoldstadt <902>","Wien 17.Bezirk, Hernals <917>",1
75 bis 79 Jahre,2025,"Wien 2.Bezirk, Leopoldstadt <902>","Wien 18.Bezirk, Währing <918>",-
75 bis 79 Jahre,2025,"Wien 2.Bezirk, Leopoldstadt <902>","Wien 19.Bezirk, Döbling <919>",3
75 bis 79 Jahre,2025,"Wien 2.Bezirk, Leopoldstadt <902>","Wien 20.Bezirk, Brigittenau <920>",6
75 bis 79 Jahre,2025,"Wien 2.Bezirk, Leopoldstadt <902>","Wien 21.Bezirk, Floridsdorf <921>",4
75 bis 79 Jahre,2025,"Wien 2.Bezirk, Leopoldstadt <902>","Wien 22.Bezirk, Donaustadt <922>",8
75 bis 79 Jahre,2025,"Wien 2.Bezirk, Leopoldstadt <902>","Wien 23.Bezirk, Liesing <923>",1
75 bis 79 Jahre,2025,"Wien 3.Bezirk, Landstraße <903>","Wien 1.Bezirk, Innere Stadt <901>",-
75 bis 79 Jahre,2025,"Wien 3.Bezirk, Landstraße <903>","Wien 2.Bezirk, Leopoldstadt <902>",3
75 bis 79 Jahre,2025,"Wien 3.Bezirk, Landstraße <903>","Wien 3.Bezirk, Landstraße <903>",12
75 bis 79 Jahre,2025,"Wien 3.Bezirk, Landstraße <903>","Wien 4.Bezirk, Wieden <904>",2
75 bis 79 Jahre,2025,"Wien 3.Bezirk, Landstraße <903>","Wien 5.Bezirk, Margareten <905>",-
75 bis 79 Jahre,2025,"Wien 3.Bezirk, Landstraße <903>","Wien 6.Bezirk, Mariahilf <906>",1
75 bis 79 Jahre,2025,"Wien 3.Bezirk, Landstraße <903>","Wien 7.Bezirk, Neubau <907>",4
75 bis 79 Jahre,2025,"Wien 3.Bezirk, Landstraße <903>","Wien 8.Bezirk, Josefstadt <908>",1
75 bis 79 Jahre,2025,"Wien 3.Bezirk, Landstraße <903>","Wien 9.Bezirk, Alsergrund <909>",1
75 bis 79 Jahre,2025,"Wien 3.Bezirk, Landstraße <903>","Wien 10.Bezirk, Favoriten <910>",6
75 bis 79 Jahre,2025,"Wien 3.Bezirk, Landstraße <903>","Wien 11.Bezirk, Simmering <911>",2
75 bis 79 Jahre,2025,"Wien 3.Bezirk, Landstraße <903>","Wien 12.Bezirk, Meidling <912>",1
75 bis 79 Jahre,2025,"Wien 3.Bezirk, Landstraße <903>","Wien 13.Bezirk, Hietzing <913>",2
75 bis 79 Jahre,2025,"Wien 3.Bezirk, Landstraße <903>","Wien 14.Bezirk, Penzing <914>",1
75 bis 79 Jahre,2025,"Wien 3.Bezirk, Landstraße <903>","Wien 15.Bezirk, Rudolfsheim-Fünfhaus <915>",2
75 bis 79 Jahre,2025,"Wien 3.Bezirk, Landstraße <903>","Wien 16.Bezirk, Ottakring <916>",2
75 bis 79 Jahre,2025,"Wien 3.Bezirk, Landstraße <903>","Wien 17.Bezirk, Hernals <917>",4
75 bis 79 Jahre,2025,"Wien 3.Bezirk, Landstraße <903>","Wien 18.Bezirk, Währing <918>",-
75 bis 79 Jahre,2025,"Wien 3.Bezirk, Landstraße <903>","Wien 19.Bezirk, Döbling <919>",2
75 bis 79 Jahre,2025,"Wien 3.Bezirk, Landstraße <903>","Wien 20.Bezirk, Brigittenau <920>",3
75 bis 79 Jahre,2025,"Wien 3.Bezirk, Landstraße <903>","Wien 21.Bezirk, Floridsdorf <921>",1
75 bis 79 Jahre,2025,"Wien 3.Bezirk, Landstraße <903>","Wien 22.Bezirk, Donaustadt <922>",7
75 bis 79 Jahre,2025,"Wien 3.Bezirk, Landstraße <903>","Wien 23.Bezirk, Liesing <923>",1
75 bis 79 Jahre,2025,"Wien 4.Bezirk, Wieden <904>","Wien 1.Bezirk, Innere Stadt <901>",1
75 bis 79 Jahre,2025,"Wien 4.Bezirk, Wieden <904>","Wien 2.Bezirk, Leopoldstadt <902>",2
75 bis 79 Jahre,2025,"Wien 4.Bezirk, Wieden <904>","Wien 3.Bezirk, Landstraße <903>",2
75 bis 79 Jahre,2025,"Wien 4.Bezirk, Wieden <904>","Wien 4.Bezirk, Wieden <904>",4
75 bis 79 Jahre,2025,"Wien 4.Bezirk, Wieden <904>","Wien 5.Bezirk, Margareten <905>",2
75 bis 79 Jahre,2025,"Wien 4.Bezirk, Wieden <904>","Wien 6.Bezirk, Mariahilf <906>",1
75 bis 79 Jahre,2025,"Wien 4.Bezirk, Wieden <904>","Wien 7.Bezirk, Neubau <907>",2
75 bis 79 Jahre,2025,"Wien 4.Bezirk, Wieden <904>","Wien 8.Bezirk, Josefstadt <908>",-
75 bis 79 Jahre,2025,"Wien 4.Bezirk, Wieden <904>","Wien 9.Bezirk, Alsergrund <909>",3
75 bis 79 Jahre,2025,"Wien 4.Bezirk, Wieden <904>","Wien 10.Bezirk, Favoriten <910>",-
75 bis 79 Jahre,2025,"Wien 4.Bezirk, Wieden <904>","Wien 11.Bezirk, Simmering <911>",-
75 bis 79 Jahre,2025,"Wien 4.Bezirk, Wieden <904>","Wien 12.Bezirk, Meidling <912>",2
75 bis 79 Jahre,2025,"Wien 4.Bezirk, Wieden <904>","Wien 13.Bezirk, Hietzing <913>",2
75 bis 79 Jahre,2025,"Wien 4.Bezirk, Wieden <904>","Wien 14.Bezirk, Penzing <914>",2
75 bis 79 Jahre,2025,"Wien 4.Bezirk, Wieden <904>","Wien 15.Bezirk, Rudolfsheim-Fünfhaus <915>",1
75 bis 79 Jahre,2025,"Wien 4.Bezirk, Wieden <904>","Wien 16.Bezirk, Ottakring <916>",-
75 bis 79 Jahre,2025,"Wien 4.Bezirk, Wieden <904>","Wien 17.Bezirk, Hernals <917>",-
75 bis 79 Jahre,2025,"Wien 4.Bezirk, Wieden <904>","Wien 18.Bezirk, Währing <918>",-
75 bis 79 Jahre,2025,"Wien 4.Bezirk, Wieden <904>","Wien 19.Bezirk, Döbling <919>",1
75 bis 79 Jahre,2025,"Wien 4.Bezirk, Wieden <904>","Wien 20.Bezirk, Brigittenau <920>",-
75 bis 79 Jahre,2025,"Wien 4.Bezirk, Wieden <904>","Wien 21.Bezirk, Floridsdorf <921>",-
75 bis 79 Jahre,2025,"Wien 4.Bezirk, Wieden <904>","Wien 22.Bezirk, Donaustadt <922>",3
75 bis 79 Jahre,2025,"Wien 4.Bezirk, Wieden <904>","Wien 23.Bezirk, Liesing <923>",1
75 bis 79 Jahre,2025,"Wien 5.Bezirk, Margareten <905>","Wien 1.Bezirk, Innere Stadt <901>",-
75 bis 79 Jahre,2025,"Wien 5.Bezirk, Margareten <905>","Wien 2.Bezirk, Leopoldstadt <902>",1
75 bis 79 Jahre,2025,"Wien 5.Bezirk, Margareten <905>","Wien 3.Bezirk, Landstraße <903>",-
75 bis 79 Jahre,2025,"Wien 5.Bezirk, Margareten <905>","Wien 4.Bezirk, Wieden <904>",2
75 bis 79 Jahre,2025,"Wien 5.Bezirk, Margareten <905>","Wien 5.Bezirk, Margareten <905>",1
75 bis 79 Jahre,2025,"Wien 5.Bezirk, Margareten <905>","Wien 6.Bezirk, Mariahilf <906>",1
75 bis 79 Jahre,2025,"Wien 5.Bezirk, Margareten <905>","Wien 7.Bezirk, Neubau <907>",-
75 bis 79 Jahre,2025,"Wien 5.Bezirk, Margareten <905>","Wien 8.Bezirk, Josefstadt <908>",-
75 bis 79 Jahre,2025,"Wien 5.Bezirk, Margareten <905>","Wien 9.Bezirk, Alsergrund <909>",-
75 bis 79 Jahre,2025,"Wien 5.Bezirk, Margareten <905>","Wien 10.Bezirk, Favoriten <910>",8
75 bis 79 Jahre,2025,"Wien 5.Bezirk, Margareten <905>","Wien 11.Bezirk, Simmering <911>",-
75 bis 79 Jahre,2025,"Wien 5.Bezirk, Margareten <905>","Wien 12.Bezirk, Meidling <912>",1
75 bis 79 Jahre,2025,"Wien 5.Bezirk, Margareten <905>","Wien 13.Bezirk, Hietzing <913>",4
75 bis 79 Jahre,2025,"Wien 5.Bezirk, Margareten <905>","Wien 14.Bezirk, Penzing <914>",1
75 bis 79 Jahre,2025,"Wien 5.Bezirk, Margareten <905>","Wien 15.Bezirk, Rudolfsheim-Fünfhaus <915>",-
75 bis 79 Jahre,2025,"Wien 5.Bezirk, Margareten <905>","Wien 16.Bezirk, Ottakring <916>",-
75 bis 79 Jahre,2025,"Wien 5.Bezirk, Margareten <905>","Wien 17.Bezirk, Hernals <917>",2
75 bis 79 Jahre,2025,"Wien 5.Bezirk, Margareten <905>","Wien 18.Bezirk, Währing <918>",-
75 bis 79 Jahre,2025,"Wien 5.Bezirk, Margareten <905>","Wien 19.Bezirk, Döbling <919>",1
75 bis 79 Jahre,2025,"Wien 5.Bezirk, Margareten <905>","Wien 20.Bezirk, Brigittenau <920>",1
75 bis 79 Jahre,2025,"Wien 5.Bezirk, Margareten <905>","Wien 21.Bezirk, Floridsdorf <921>",-
75 bis 79 Jahre,2025,"Wien 5.Bezirk, Margareten <905>","Wien 22.Bezirk, Donaustadt <922>",3
75 bis 79 Jahre,2025,"Wien 5.Bezirk, Margareten <905>","Wien 23.Bezirk, Liesing <923>",1
75 bis 79 Jahre,2025,"Wien 6.Bezirk, Mariahilf <906>","Wien 1.Bezirk, Innere Stadt <901>",1
75 bis 79 Jahre,2025,"Wien 6.Bezirk, Mariahilf <906>","Wien 2.Bezirk, Leopoldstadt <902>",-
75 bis 79 Jahre,2025,"Wien 6.Bezirk, Mariahilf <906>","Wien 3.Bezirk, Landstraße <903>",2
75 bis 79 Jahre,2025,"Wien 6.Bezirk, Mariahilf <906>","Wien 4.Bezirk, Wieden <904>",1
75 bis 79 Jahre,2025,"Wien 6.Bezirk, Mariahilf <906>","Wien 5.Bezirk, Margareten <905>",-
75 bis 79 Jahre,2025,"Wien 6.Bezirk, Mariahilf <906>","Wien 6.Bezirk, Mariahilf <906>",2
75 bis 79 Jahre,2025,"Wien 6.Bezirk, Mariahilf <906>","Wien 7.Bezirk, Neubau <907>",2
75 bis 79 Jahre,2025,"Wien 6.Bezirk, Mariahilf <906>","Wien 8.Bezirk, Josefstadt <908>",1
75 bis 79 Jahre,2025,"Wien 6.Bezirk, Mariahilf <906>","Wien 9.Bezirk, Alsergrund <909>",-
75 bis 79 Jahre,2025,"Wien 6.Bezirk, Mariahilf <906>","Wien 10.Bezirk, Favoriten <910>",-
75 bis 79 Jahre,2025,"Wien 6.Bezirk, Mariahilf <906>","Wien 11.Bezirk, Simmering <911>",-
75 bis 79 Jahre,2025,"Wien 6.Bezirk, Mariahilf <906>","Wien 12.Bezirk, Meidling <912>",2
75 bis 79 Jahre,2025,"Wien 6.Bezirk, Mariahilf <906>","Wien 13.Bezirk, Hietzing <913>",-
75 bis 79 Jahre,2025,"Wien 6.Bezirk, Mariahilf <906>","Wien 14.Bezirk, Penzing <914>",1
75 bis 79 Jahre,2025,"Wien 6.Bezirk, Mariahilf <906>","Wien 15.Bezirk, Rudolfsheim-Fünfhaus <915>",-
75 bis 79 Jahre,2025,"Wien 6.Bezirk, Mariahilf <906>","Wien 16.Bezirk, Ottakring <916>",-
75 bis 79 Jahre,2025,"Wien 6.Bezirk, Mariahilf <906>","Wien 17.Bezirk, Hernals <917>",-
75 bis 79 Jahre,2025,"Wien 6.Bezirk, Mariahilf <906>","Wien 18.Bezirk, Währing <918>",-
75 bis 79 Jahre,2025,"Wien 6.Bezirk, Mariahilf <906>","Wien 19.Bezirk, Döbling <919>",3
75 bis 79 Jahre,2025,"Wien 6.Bezirk, Mariahilf <906>","Wien 20.Bezirk, Brigittenau <920>",-
75 bis 79 Jahre,2025,"Wien 6.Bezirk, Mariahilf <906>","Wien 21.Bezirk, Floridsdorf <921>",2
75 bis 79 Jahre,2025,"Wien 6.Bezirk, Mariahilf <906>","Wien 22.Bezirk, Donaustadt <922>",2
75 bis 79 Jahre,2025,"Wien 6.Bezirk, Mariahilf <906>","Wien 23.Bezirk, Liesing <923>",2
75 bis 79 Jahre,2025,"Wien 7.Bezirk, Neubau <907>","Wien 1.Bezirk, Innere Stadt <901>",-
75 bis 79 Jahre,2025,"Wien 7.Bezirk, Neubau <907>","Wien 2.Bezirk, Leopoldstadt <902>",1
75 bis 79 Jahre,2025,"Wien 7.Bezirk, Neubau <907>","Wien 3.Bezirk, Landstraße <903>",2
75 bis 79 Jahre,2025,"Wien 7.Bezirk, Neubau <907>","Wien 4.Bezirk, Wieden <904>",2
75 bis 79 Jahre,2025,"Wien 7.Bezirk, Neubau <907>","Wien 5.Bezirk, Margareten <905>",1
75 bis 79 Jahre,2025,"Wien 7.Bezirk, Neubau <907>","Wien 6.Bezirk, Mariahilf <906>",2
75 bis 79 Jahre,2025,"Wien 7.Bezirk, Neubau <907>","Wien 7.Bezirk, Neubau <907>",3
75 bis 79 Jahre,2025,"Wien 7.Bezirk, Neubau <907>","Wien 8.Bezirk, Josefstadt <908>",-
75 bis 79 Jahre,2025,"Wien 7.Bezirk, Neubau <907>","Wien 9.Bezirk, Alsergrund <909>",1
75 bis 79 Jahre,2025,"Wien 7.Bezirk, Neubau <907>","Wien 10.Bezirk, Favoriten <910>",1
75 bis 79 Jahre,2025,"Wien 7.Bezirk, Neubau <907>","Wien 11.Bezirk, Simmering <911>",-
75 bis 79 Jahre,2025,"Wien 7.Bezirk, Neubau <907>","Wien 12.Bezirk, Meidling <912>",1
75 bis 79 Jahre,2025,"Wien 7.Bezirk, Neubau <907>","Wien 13.Bezirk, Hietzing <913>",2
75 bis 79 Jahre,2025,"Wien 7.Bezirk, Neubau <907>","Wien 14.Bezirk, Penzing <914>",1
75 bis 79 Jahre,2025,"Wien 7.Bezirk, Neubau <907>","Wien 15.Bezirk, Rudolfsheim-Fünfhaus <915>",1
75 bis 79 Jahre,2025,"Wien 7.Bezirk, Neubau <907>","Wien 16.Bezirk, Ottakring <916>",-
75 bis 79 Jahre,2025,"Wien 7.Bezirk, Neubau <907>","Wien 17.Bezirk, Hernals <917>",1
75 bis 79 Jahre,2025,"Wien 7.Bezirk, Neubau <907>","Wien 18.Bezirk, Währing <918>",1
75 bis 79 Jahre,2025,"Wien 7.Bezirk, Neubau <907>","Wien 19.Bezirk, Döbling <919>",1
75 bis 79 Jahre,2025,"Wien 7.Bezirk, Neubau <907>","Wien 20.Bezirk, Brigittenau <920>",-
75 bis 79 Jahre,2025,"Wien 7.Bezirk, Neubau <907>","Wien 21.Bezirk, Floridsdorf <921>",1
75 bis 79 Jahre,2025,"Wien 7.Bezirk, Neubau <907>","Wien 22.Bezirk, Donaustadt <922>",-
75 bis 79 Jahre,2025,"Wien 7.Bezirk, Neubau <907>","Wien 23.Bezirk, Liesing <923>",-
75 bis 79 Jahre,2025,"Wien 8.Bezirk, Josefstadt <908>","Wien 1.Bezirk, Innere Stadt <901>",1
75 bis 79 Jahre,2025,"Wien 8.Bezirk, Josefstadt <908>","Wien 2.Bezirk, Leopoldstadt <902>",-
75 bis 79 Jahre,2025,"Wien 8.Bezirk, Josefstadt <908>","Wien 3.Bezirk, Landstraße <903>",-
75 bis 79 Jahre,2025,"Wien 8.Bezirk, Josefstadt <908>","Wien 4.Bezirk, Wieden <904>",-
75 bis 79 Jahre,2025,"Wien 8.Bezirk, Josefstadt <908>","Wien 5.Bezirk, Margareten <905>",2
75 bis 79 Jahre,2025,"Wien 8.Bezirk, Josefstadt <908>","Wien 6.Bezirk, Mariahilf <906>",-
75 bis 79 Jahre,2025,"Wien 8.Bezirk, Josefstadt <908>","Wien 7.Bezirk, Neubau <907>",-
75 bis 79 Jahre,2025,"Wien 8.Bezirk, Josefstadt <908>","Wien 8.Bezirk, Josefstadt <908>",3
75 bis 79 Jahre,2025,"Wien 8.Bezirk, Josefstadt <908>","Wien 9.Bezirk, Alsergrund <909>",2
75 bis 79 Jahre,2025,"Wien 8.Bezirk, Josefstadt <908>","Wien 10.Bezirk, Favoriten <910>",-
75 bis 79 Jahre,2025,"Wien 8.Bezirk, Josefstadt <908>","Wien 11.Bezirk, Simmering <911>",-
75 bis 79 Jahre,2025,"Wien 8.Bezirk, Josefstadt <908>","Wien 12.Bezirk, Meidling <912>",1
75 bis 79 Jahre,2025,"Wien 8.Bezirk, Josefstadt <908>","Wien 13.Bezirk, Hietzing <913>",-
75 bis 79 Jahre,2025,"Wien 8.Bezirk, Josefstadt <908>","Wien 14.Bezirk, Penzing <914>",-
75 bis 79 Jahre,2025,"Wien 8.Bezirk, Josefstadt <908>","Wien 15.Bezirk, Rudolfsheim-Fünfhaus <915>",-
75 bis 79 Jahre,2025,"Wien 8.Bezirk, Josefstadt <908>","Wien 16.Bezirk, Ottakring <916>",-
75 bis 79 Jahre,2025,"Wien 8.Bezirk, Josefstadt <908>","Wien 17.Bezirk, Hernals <917>",-
75 bis 79 Jahre,2025,"Wien 8.Bezirk, Josefstadt <908>","Wien 18.Bezirk, Währing <918>",1
75 bis 79 Jahre,2025,"Wien 8.Bezirk, Josefstadt <908>","Wien 19.Bezirk, Döbling <919>",2
75 bis 79 Jahre,2025,"Wien 8.Bezirk, Josefstadt <908>","Wien 20.Bezirk, Brigittenau <920>",-
75 bis 79 Jahre,2025,"Wien 8.Bezirk, Josefstadt <908>","Wien 21.Bezirk, Floridsdorf <921>",1
75 bis 79 Jahre,2025,"Wien 8.Bezirk, Josefstadt <908>","Wien 22.Bezirk, Donaustadt <922>",1
75 bis 79 Jahre,2025,"Wien 8.Bezirk, Josefstadt <908>","Wien 23.Bezirk, Liesing <923>",1
75 bis 79 Jahre,2025,"Wien 9.Bezirk, Alsergrund <909>","Wien 1.Bezirk, Innere Stadt <901>",-
75 bis 79 Jahre,2025,"Wien 9.Bezirk, Alsergrund <909>","Wien 2.Bezirk, Leopoldstadt <902>",1
75 bis 79 Jahre,2025,"Wien 9.Bezirk, Alsergrund <909>","Wien 3.Bezirk, Landstraße <903>",-
75 bis 79 Jahre,2025,"Wien 9.Bezirk, Alsergrund <909>","Wien 4.Bezirk, Wieden <904>",-
75 bis 79 Jahre,2025,"Wien 9.Bezirk, Alsergrund <909>","Wien 5.Bezirk, Margareten <905>",-
75 bis 79 Jahre,2025,"Wien 9.Bezirk, Alsergrund <909>","Wien 6.Bezirk, Mariahilf <906>",-
75 bis 79 Jahre,2025,"Wien 9.Bezirk, Alsergrund <909>","Wien 7.Bezirk, Neubau <907>",-
75 bis 79 Jahre,2025,"Wien 9.Bezirk, Alsergrund <909>","Wien 8.Bezirk, Josefstadt <908>",2
75 bis 79 Jahre,2025,"Wien 9.Bezirk, Alsergrund <909>","Wien 9.Bezirk, Alsergrund <909>",1
75 bis 79 Jahre,2025,"Wien 9.Bezirk, Alsergrund <909>","Wien 10.Bezirk, Favoriten <910>",1
75 bis 79 Jahre,2025,"Wien 9.Bezirk, Alsergrund <909>","Wien 11.Bezirk, Simmering <911>",2
75 bis 79 Jahre,2025,"Wien 9.Bezirk, Alsergrund <909>","Wien 12.Bezirk, Meidling <912>",1
75 bis 79 Jahre,2025,"Wien 9.Bezirk, Alsergrund <909>","Wien 13.Bezirk, Hietzing <913>",-
75 bis 79 Jahre,2025,"Wien 9.Bezirk, Alsergrund <909>","Wien 14.Bezirk, Penzing <914>",4
75 bis 79 Jahre,2025,"Wien 9.Bezirk, Alsergrund <909>","Wien 15.Bezirk, Rudolfsheim-Fünfhaus <915>",2
75 bis 79 Jahre,2025,"Wien 9.Bezirk, Alsergrund <909>","Wien 16.Bezirk, Ottakring <916>",2
75 bis 79 Jahre,2025,"Wien 9.Bezirk, Alsergrund <909>","Wien 17.Bezirk, Hernals <917>",-
75 bis 79 Jahre,2025,"Wien 9.Bezirk, Alsergrund <909>","Wien 18.Bezirk, Währing <918>",1
75 bis 79 Jahre,2025,"Wien 9.Bezirk, Alsergrund <909>","Wien 19.Bezirk, Döbling <919>",4
75 bis 79 Jahre,2025,"Wien 9.Bezirk, Alsergrund <909>","Wien 20.Bezirk, Brigittenau <920>",2
75 bis 79 Jahre,2025,"Wien 9.Bezirk, Alsergrund <909>","Wien 21.Bezirk, Floridsdorf <921>",3
75 bis 79 Jahre,2025,"Wien 9.Bezirk, Alsergrund <909>","Wien 22.Bezirk, Donaustadt <922>",1
75 bis 79 Jahre,2025,"Wien 9.Bezirk, Alsergrund <909>","Wien 23.Bezirk, Liesing <923>",-
75 bis 79 Jahre,2025,"Wien 10.Bezirk, Favoriten <910>","Wien 1.Bezirk, Innere Stadt <901>",1
75 bis 79 Jahre,2025,"Wien 10.Bezirk, Favoriten <910>","Wien 2.Bezirk, Leopoldstadt <902>",3
75 bis 79 Jahre,2025,"Wien 10.Bezirk, Favoriten <910>","Wien 3.Bezirk, Landstraße <903>",3
75 bis 79 Jahre,2025,"Wien 10.Bezirk, Favoriten <910>","Wien 4.Bezirk, Wieden <904>",7
75 bis 79 Jahre,2025,"Wien 10.Bezirk, Favoriten <910>","Wien 5.Bezirk, Margareten <905>",1
75 bis 79 Jahre,2025,"Wien 10.Bezirk, Favoriten <910>","Wien 6.Bezirk, Mariahilf <906>",3
75 bis 79 Jahre,2025,"Wien 10.Bezirk, Favoriten <910>","Wien 7.Bezirk, Neubau <907>",1
75 bis 79 Jahre,2025,"Wien 10.Bezirk, Favoriten <910>","Wien 8.Bezirk, Josefstadt <908>",-
75 bis 79 Jahre,2025,"Wien 10.Bezirk, Favoriten <910>","Wien 9.Bezirk, Alsergrund <909>",2
75 bis 79 Jahre,2025,"Wien 10.Bezirk, Favoriten <910>","Wien 10.Bezirk, Favoriten <910>",56
75 bis 79 Jahre,2025,"Wien 10.Bezirk, Favoriten <910>","Wien 11.Bezirk, Simmering <911>",16
75 bis 79 Jahre,2025,"Wien 10.Bezirk, Favoriten <910>","Wien 12.Bezirk, Meidling <912>",13
75 bis 79 Jahre,2025,"Wien 10.Bezirk, Favoriten <910>","Wien 13.Bezirk, Hietzing <913>",7
75 bis 79 Jahre,2025,"Wien 10.Bezirk, Favoriten <910>","Wien 14.Bezirk, Penzing <914>",3
75 bis 79 Jahre,2025,"Wien 10.Bezirk, Favoriten <910>","Wien 15.Bezirk, Rudolfsheim-Fünfhaus <915>",4
75 bis 79 Jahre,2025,"Wien 10.Bezirk, Favoriten <910>","Wien 16.Bezirk, Ottakring <916>",2
75 bis 79 Jahre,2025,"Wien 10.Bezirk, Favoriten <910>","Wien 17.Bezirk, Hernals <917>",2
75 bis 79 Jahre,2025,"Wien 10.Bezirk, Favoriten <910>","Wien 18.Bezirk, Währing <918>",1
75 bis 79 Jahre,2025,"Wien 10.Bezirk, Favoriten <910>","Wien 19.Bezirk, Döbling <919>",5
75 bis 79 Jahre,2025,"Wien 10.Bezirk, Favoriten <910>","Wien 20.Bezirk, Brigittenau <920>",3
75 bis 79 Jahre,2025,"Wien 10.Bezirk, Favoriten <910>","Wien 21.Bezirk, Floridsdorf <921>",11
75 bis 79 Jahre,2025,"Wien 10.Bezirk, Favoriten <910>","Wien 22.Bezirk, Donaustadt <922>",9
75 bis 79 Jahre,2025,"Wien 10.Bezirk, Favoriten <910>","Wien 23.Bezirk, Liesing <923>",8
75 bis 79 Jahre,2025,"Wien 11.Bezirk, Simmering <911>","Wien 1.Bezirk, Innere Stadt <901>",1
75 bis 79 Jahre,2025,"Wien 11.Bezirk, Simmering <911>","Wien 2.Bezirk, Leopoldstadt <902>",9
75 bis 79 Jahre,2025,"Wien 11.Bezirk, Simmering <911>","Wien 3.Bezirk, Landstraße <903>",3
75 bis 79 Jahre,2025,"Wien 11.Bezirk, Simmering <911>","Wien 4.Bezirk, Wieden <904>",1
75 bis 79 Jahre,2025,"Wien 11.Bezirk, Simmering <911>","Wien 5.Bezirk, Margareten <905>",-
75 bis 79 Jahre,2025,"Wien 11.Bezirk, Simmering <911>","Wien 6.Bezirk, Mariahilf <906>",-
75 bis 79 Jahre,2025,"Wien 11.Bezirk, Simmering <911>","Wien 7.Bezirk, Neubau <907>",-
75 bis 79 Jahre,2025,"Wien 11.Bezirk, Simmering <911>","Wien 8.Bezirk, Josefstadt <908>",-
75 bis 79 Jahre,2025,"Wien 11.Bezirk, Simmering <911>","Wien 9.Bezirk, Alsergrund <909>",2
75 bis 79 Jahre,2025,"Wien 11.Bezirk, Simmering <911>","Wien 10.Bezirk, Favoriten <910>",11
75 bis 79 Jahre,2025,"Wien 11.Bezirk, Simmering <911>","Wien 11.Bezirk, Simmering <911>",17
75 bis 79 Jahre,2025,"Wien 11.Bezirk, Simmering <911>","Wien 12.Bezirk, Meidling <912>",4
75 bis 79 Jahre,2025,"Wien 11.Bezirk, Simmering <911>","Wien 13.Bezirk, Hietzing <913>",1
75 bis 79 Jahre,2025,"Wien 11.Bezirk, Simmering <911>","Wien 14.Bezirk, Penzing <914>",1
75 bis 79 Jahre,2025,"Wien 11.Bezirk, Simmering <911>","Wien 15.Bezirk, Rudolfsheim-Fünfhaus <915>",3
75 bis 79 Jahre,2025,"Wien 11.Bezirk, Simmering <911>","Wien 16.Bezirk, Ottakring <916>",1
75 bis 79 Jahre,2025,"Wien 11.Bezirk, Simmering <911>","Wien 17.Bezirk, Hernals <917>",-
75 bis 79 Jahre,2025,"Wien 11.Bezirk, Simmering <911>","Wien 18.Bezirk, Währing <918>",-
75 bis 79 Jahre,2025,"Wien 11.Bezirk, Simmering <911>","Wien 19.Bezirk, Döbling <919>",3
75 bis 79 Jahre,2025,"Wien 11.Bezirk, Simmering <911>","Wien 20.Bezirk, Brigittenau <920>",-
75 bis 79 Jahre,2025,"Wien 11.Bezirk, Simmering <911>","Wien 21.Bezirk, Floridsdorf <921>",3
75 bis 79 Jahre,2025,"Wien 11.Bezirk, Simmering <911>","Wien 22.Bezirk, Donaustadt <922>",6
75 bis 79 Jahre,2025,"Wien 11.Bezirk, Simmering <911>","Wien 23.Bezirk, Liesing <923>",3
75 bis 79 Jahre,2025,"Wien 12.Bezirk, Meidling <912>","Wien 1.Bezirk, Innere Stadt <901>",-
75 bis 79 Jahre,2025,"Wien 12.Bezirk, Meidling <912>","Wien 2.Bezirk, Leopoldstadt <902>",1
75 bis 79 Jahre,2025,"Wien 12.Bezirk, Meidling <912>","Wien 3.Bezirk, Landstraße <903>",3
75 bis 79 Jahre,2025,"Wien 12.Bezirk, Meidling <912>","Wien 4.Bezirk, Wieden <904>",1
75 bis 79 Jahre,2025,"Wien 12.Bezirk, Meidling <912>","Wien 5.Bezirk, Margareten <905>",6
75 bis 79 Jahre,2025,"Wien 12.Bezirk, Meidling <912>","Wien 6.Bezirk, Mariahilf <906>",1
75 bis 79 Jahre,2025,"Wien 12.Bezirk, Meidling <912>","Wien 7.Bezirk, Neubau <907>",1
75 bis 79 Jahre,2025,"Wien 12.Bezirk, Meidling <912>","Wien 8.Bezirk, Josefstadt <908>",-
75 bis 79 Jahre,2025,"Wien 12.Bezirk, Meidling <912>","Wien 9.Bezirk, Alsergrund <909>",-
75 bis 79 Jahre,2025,"Wien 12.Bezirk, Meidling <912>","Wien 10.Bezirk, Favoriten <910>",1
75 bis 79 Jahre,2025,"Wien 12.Bezirk, Meidling <912>","Wien 11.Bezirk, Simmering <911>",1
75 bis 79 Jahre,2025,"Wien 12.Bezirk, Meidling <912>","Wien 12.Bezirk, Meidling <912>",20
75 bis 79 Jahre,2025,"Wien 12.Bezirk, Meidling <912>","Wien 13.Bezirk, Hietzing <913>",7
75 bis 79 Jahre,2025,"Wien 12.Bezirk, Meidling <912>","Wien 14.Bezirk, Penzing <914>",3
75 bis 79 Jahre,2025,"Wien 12.Bezirk, Meidling <912>","Wien 15.Bezirk, Rudolfsheim-Fünfhaus <915>",3
75 bis 79 Jahre,2025,"Wien 12.Bezirk, Meidling <912>","Wien 16.Bezirk, Ottakring <916>",6
75 bis 79 Jahre,2025,"Wien 12.Bezirk, Meidling <912>","Wien 17.Bezirk, Hernals <917>",-
75 bis 79 Jahre,2025,"Wien 12.Bezirk, Meidling <912>","Wien 18.Bezirk, Währing <918>",-
75 bis 79 Jahre,2025,"Wien 12.Bezirk, Meidling <912>","Wien 19.Bezirk, Döbling <919>",5
75 bis 79 Jahre,2025,"Wien 12.Bezirk, Meidling <912>","Wien 20.Bezirk, Brigittenau <920>",3
75 bis 79 Jahre,2025,"Wien 12.Bezirk, Meidling <912>","Wien 21.Bezirk, Floridsdorf <921>",7
75 bis 79 Jahre,2025,"Wien 12.Bezirk, Meidling <912>","Wien 22.Bezirk, Donaustadt <922>",4
75 bis 79 Jahre,2025,"Wien 12.Bezirk, Meidling <912>","Wien 23.Bezirk, Liesing <923>",9
75 bis 79 Jahre,2025,"Wien 13.Bezirk, Hietzing <913>","Wien 1.Bezirk, Innere Stadt <901>",1
75 bis 79 Jahre,2025,"Wien 13.Bezirk, Hietzing <913>","Wien 2.Bezirk, Leopoldstadt <902>",-
75 bis 79 Jahre,2025,"Wien 13.Bezirk, Hietzing <913>","Wien 3.Bezirk, Landstraße <903>",4
75 bis 79 Jahre,2025,"Wien 13.Bezirk, Hietzing <913>","Wien 4.Bezirk, Wieden <904>",1
75 bis 79 Jahre,2025,"Wien 13.Bezirk, Hietzing <913>","Wien 5.Bezirk, Margareten <905>",-
75 bis 79 Jahre,2025,"Wien 13.Bezirk, Hietzing <913>","Wien 6.Bezirk, Mariahilf <906>",-
75 bis 79 Jahre,2025,"Wien 13.Bezirk, Hietzing <913>","Wien 7.Bezirk, Neubau <907>",-
75 bis 79 Jahre,2025,"Wien 13.Bezirk, Hietzing <913>","Wien 8.Bezirk, Josefstadt <908>",-
75 bis 79 Jahre,2025,"Wien 13.Bezirk, Hietzing <913>","Wien 9.Bezirk, Alsergrund <909>",-
75 bis 79 Jahre,2025,"Wien 13.Bezirk, Hietzing <913>","Wien 10.Bezirk, Favoriten <910>",-
75 bis 79 Jahre,2025,"Wien 13.Bezirk, Hietzing <913>","Wien 11.Bezirk, Simmering <911>",-
75 bis 79 Jahre,2025,"Wien 13.Bezirk, Hietzing <913>","Wien 12.Bezirk, Meidling <912>",3
75 bis 79 Jahre,2025,"Wien 13.Bezirk, Hietzing <913>","Wien 13.Bezirk, Hietzing <913>",13
75 bis 79 Jahre,2025,"Wien 13.Bezirk, Hietzing <913>","Wien 14.Bezirk, Penzing <914>",5
75 bis 79 Jahre,2025,"Wien 13.Bezirk, Hietzing <913>","Wien 15.Bezirk, Rudolfsheim-Fünfhaus <915>",-
75 bis 79 Jahre,2025,"Wien 13.Bezirk, Hietzing <913>","Wien 16.Bezirk, Ottakring <916>",2
75 bis 79 Jahre,2025,"Wien 13.Bezirk, Hietzing <913>","Wien 17.Bezirk, Hernals <917>",-
75 bis 79 Jahre,2025,"Wien 13.Bezirk, Hietzing <913>","Wien 18.Bezirk, Währing <918>",1
75 bis 79 Jahre,2025,"Wien 13.Bezirk, Hietzing <913>","Wien 19.Bezirk, Döbling <919>",-
75 bis 79 Jahre,2025,"Wien 13.Bezirk, Hietzing <913>","Wien 20.Bezirk, Brigittenau <920>",1
75 bis 79 Jahre,2025,"Wien 13.Bezirk, Hietzing <913>","Wien 21.Bezirk, Floridsdorf <921>",1
75 bis 79 Jahre,2025,"Wien 13.Bezirk, Hietzing <913>","Wien 22.Bezirk, Donaustadt <922>",1
75 bis 79 Jahre,2025,"Wien 13.Bezirk, Hietzing <913>","Wien 23.Bezirk, Liesing <923>",4
75 bis 79 Jahre,2025,"Wien 14.Bezirk, Penzing <914>","Wien 1.Bezirk, Innere Stadt <901>",-
75 bis 79 Jahre,2025,"Wien 14.Bezirk, Penzing <914>","Wien 2.Bezirk, Leopoldstadt <902>",2
75 bis 79 Jahre,2025,"Wien 14.Bezirk, Penzing <914>","Wien 3.Bezirk, Landstraße <903>",1
75 bis 79 Jahre,2025,"Wien 14.Bezirk, Penzing <914>","Wien 4.Bezirk, Wieden <904>",-
75 bis 79 Jahre,2025,"Wien 14.Bezirk, Penzing <914>","Wien 5.Bezirk, Margareten <905>",1
75 bis 79 Jahre,2025,"Wien 14.Bezirk, Penzing <914>","Wien 6.Bezirk, Mariahilf <906>",1
75 bis 79 Jahre,2025,"Wien 14.Bezirk, Penzing <914>","Wien 7.Bezirk, Neubau <907>",1
75 bis 79 Jahre,2025,"Wien 14.Bezirk, Penzing <914>","Wien 8.Bezirk, Josefstadt <908>",-
75 bis 79 Jahre,2025,"Wien 14.Bezirk, Penzing <914>","Wien 9.Bezirk, Alsergrund <909>",1
75 bis 79 Jahre,2025,"Wien 14.Bezirk, Penzing <914>","Wien 10.Bezirk, Favoriten <910>",6
75 bis 79 Jahre,2025,"Wien 14.Bezirk, Penzing <914>","Wien 11.Bezirk, Simmering <911>",1
75 bis 79 Jahre,2025,"Wien 14.Bezirk, Penzing <914>","Wien 12.Bezirk, Meidling <912>",4
75 bis 79 Jahre,2025,"Wien 14.Bezirk, Penzing <914>","Wien 13.Bezirk, Hietzing <913>",6
75 bis 79 Jahre,2025,"Wien 14.Bezirk, Penzing <914>","Wien 14.Bezirk, Penzing <914>",11
75 bis 79 Jahre,2025,"Wien 14.Bezirk, Penzing <914>","Wien 15.Bezirk, Rudolfsheim-Fünfhaus <915>",6
75 bis 79 Jahre,2025,"Wien 14.Bezirk, Penzing <914>","Wien 16.Bezirk, Ottakring <916>",4
75 bis 79 Jahre,2025,"Wien 14.Bezirk, Penzing <914>","Wien 17.Bezirk, Hernals <917>",-
75 bis 79 Jahre,2025,"Wien 14.Bezirk, Penzing <914>","Wien 18.Bezirk, Währing <918>",1
75 bis 79 Jahre,2025,"Wien 14.Bezirk, Penzing <914>","Wien 19.Bezirk, Döbling <919>",1
75 bis 79 Jahre,2025,"Wien 14.Bezirk, Penzing <914>","Wien 20.Bezirk, Brigittenau <920>",2
75 bis 79 Jahre,2025,"Wien 14.Bezirk, Penzing <914>","Wien 21.Bezirk, Floridsdorf <921>",2
75 bis 79 Jahre,2025,"Wien 14.Bezirk, Penzing <914>","Wien 22.Bezirk, Donaustadt <922>",5
75 bis 79 Jahre,2025,"Wien 14.Bezirk, Penzing <914>","Wien 23.Bezirk, Liesing <923>",3
75 bis 79 Jahre,2025,"Wien 15.Bezirk, Rudolfsheim-Fünfhaus <915>","Wien 1.Bezirk, Innere Stadt <901>",-
75 bis 79 Jahre,2025,"Wien 15.Bezirk, Rudolfsheim-Fünfhaus <915>","Wien 2.Bezirk, Leopoldstadt <902>",1
75 bis 79 Jahre,2025,"Wien 15.Bezirk, Rudolfsheim-Fünfhaus <915>","Wien 3.Bezirk, Landstraße <903>",5
75 bis 79 Jahre,2025,"Wien 15.Bezirk, Rudolfsheim-Fünfhaus <915>","Wien 4.Bezirk, Wieden <904>",1
75 bis 79 Jahre,2025,"Wien 15.Bezirk, Rudolfsheim-Fünfhaus <915>","Wien 5.Bezirk, Margareten <905>",-
75 bis 79 Jahre,2025,"Wien 15.Bezirk, Rudolfsheim-Fünfhaus <915>","Wien 6.Bezirk, Mariahilf <906>",-
75 bis 79 Jahre,2025,"Wien 15.Bezirk, Rudolfsheim-Fünfhaus <915>","Wien 7.Bezirk, Neubau <907>",2
75 bis 79 Jahre,2025,"Wien 15.Bezirk, Rudolfsheim-Fünfhaus <915>","Wien 8.Bezirk, Josefstadt <908>",1
75 bis 79 Jahre,2025,"Wien 15.Bezirk, Rudolfsheim-Fünfhaus <915>","Wien 9.Bezirk, Alsergrund <909>",2
75 bis 79 Jahre,2025,"Wien 15.Bezirk, Rudolfsheim-Fünfhaus <915>","Wien 10.Bezirk, Favoriten <910>",4
75 bis 79 Jahre,2025,"Wien 15.Bezirk, Rudolfsheim-Fünfhaus <915>","Wien 11.Bezirk, Simmering <911>",2
75 bis 79 Jahre,2025,"Wien 15.Bezirk, Rudolfsheim-Fünfhaus <915>","Wien 12.Bezirk, Meidling <912>",1
75 bis 79 Jahre,2025,"Wien 15.Bezirk, Rudolfsheim-Fünfhaus <915>","Wien 13.Bezirk, Hietzing <913>",4
75 bis 79 Jahre,2025,"Wien 15.Bezirk, Rudolfsheim-Fünfhaus <915>","Wien 14.Bezirk, Penzing <914>",3
75 bis 79 Jahre,2025,"Wien 15.Bezirk, Rudolfsheim-Fünfhaus <915>","Wien 15.Bezirk, Rudolfsheim-Fünfhaus <915>",14
75 bis 79 Jahre,2025,"Wien 15.Bezirk, Rudolfsheim-Fünfhaus <915>","Wien 16.Bezirk, Ottakring <916>",5
75 bis 79 Jahre,2025,"Wien 15.Bezirk, Rudolfsheim-Fünfhaus <915>","Wien 17.Bezirk, Hernals <917>",2
75 bis 79 Jahre,2025,"Wien 15.Bezirk, Rudolfsheim-Fünfhaus <915>","Wien 18.Bezirk, Währing <918>",1
75 bis 79 Jahre,2025,"Wien 15.Bezirk, Rudolfsheim-Fünfhaus <915>","Wien 19.Bezirk, Döbling <919>",1
75 bis 79 Jahre,2025,"Wien 15.Bezirk, Rudolfsheim-Fünfhaus <915>","Wien 20.Bezirk, Brigittenau <920>",1
75 bis 79 Jahre,2025,"Wien 15.Bezirk, Rudolfsheim-Fünfhaus <915>","Wien 21.Bezirk, Floridsdorf <921>",4
75 bis 79 Jahre,2025,"Wien 15.Bezirk, Rudolfsheim-Fünfhaus <915>","Wien 22.Bezirk, Donaustadt <922>",2
75 bis 79 Jahre,2025,"Wien 15.Bezirk, Rudolfsheim-Fünfhaus <915>","Wien 23.Bezirk, Liesing <923>",2
75 bis 79 Jahre,2025,"Wien 16.Bezirk, Ottakring <916>","Wien 1.Bezirk, Innere Stadt <901>",1
75 bis 79 Jahre,2025,"Wien 16.Bezirk, Ottakring <916>","Wien 2.Bezirk, Leopoldstadt <902>",4
75 bis 79 Jahre,2025,"Wien 16.Bezirk, Ottakring <916>","Wien 3.Bezirk, Landstraße <903>",-
75 bis 79 Jahre,2025,"Wien 16.Bezirk, Ottakring <916>","Wien 4.Bezirk, Wieden <904>",-
75 bis 79 Jahre,2025,"Wien 16.Bezirk, Ottakring <916>","Wien 5.Bezirk, Margareten <905>",1
75 bis 79 Jahre,2025,"Wien 16.Bezirk, Ottakring <916>","Wien 6.Bezirk, Mariahilf <906>",-
75 bis 79 Jahre,2025,"Wien 16.Bezirk, Ottakring <916>","Wien 7.Bezirk, Neubau <907>",2
75 bis 79 Jahre,2025,"Wien 16.Bezirk, Ottakring <916>","Wien 8.Bezirk, Josefstadt <908>",-
75 bis 79 Jahre,2025,"Wien 16.Bezirk, Ottakring <916>","Wien 9.Bezirk, Alsergrund <909>",2
75 bis 79 Jahre,2025,"Wien 16.Bezirk, Ottakring <916>","Wien 10.Bezirk, Favoriten <910>",1
75 bis 79 Jahre,2025,"Wien 16.Bezirk, Ottakring <916>","Wien 11.Bezirk, Simmering <911>",3
75 bis 79 Jahre,2025,"Wien 16.Bezirk, Ottakring <916>","Wien 12.Bezirk, Meidling <912>",2
75 bis 79 Jahre,2025,"Wien 16.Bezirk, Ottakring <916>","Wien 13.Bezirk, Hietzing <913>",3
75 bis 79 Jahre,2025,"Wien 16.Bezirk, Ottakring <916>","Wien 14.Bezirk, Penzing <914>",4
75 bis 79 Jahre,2025,"Wien 16.Bezirk, Ottakring <916>","Wien 15.Bezirk, Rudolfsheim-Fünfhaus <915>",6
75 bis 79 Jahre,2025,"Wien 16.Bezirk, Ottakring <916>","Wien 16.Bezirk, Ottakring <916>",12
75 bis 79 Jahre,2025,"Wien 16.Bezirk, Ottakring <916>","Wien 17.Bezirk, Hernals <917>",6
75 bis 79 Jahre,2025,"Wien 16.Bezirk, Ottakring <916>","Wien 18.Bezirk, Währing <918>",3
75 bis 79 Jahre,2025,"Wien 16.Bezirk, Ottakring <916>","Wien 19.Bezirk, Döbling <919>",1
75 bis 79 Jahre,2025,"Wien 16.Bezirk, Ottakring <916>","Wien 20.Bezirk, Brigittenau <920>",2
75 bis 79 Jahre,2025,"Wien 16.Bezirk, Ottakring <916>","Wien 21.Bezirk, Floridsdorf <921>",2
75 bis 79 Jahre,2025,"Wien 16.Bezirk, Ottakring <916>","Wien 22.Bezirk, Donaustadt <922>",1
75 bis 79 Jahre,2025,"Wien 16.Bezirk, Ottakring <916>","Wien 23.Bezirk, Liesing <923>",6
75 bis 79 Jahre,2025,"Wien 17.Bezirk, Hernals <917>","Wien 1.Bezirk, Innere Stadt <901>",-
75 bis 79 Jahre,2025,"Wien 17.Bezirk, Hernals <917>","Wien 2.Bezirk, Leopoldstadt <902>",-
75 bis 79 Jahre,2025,"Wien 17.Bezirk, Hernals <917>","Wien 3.Bezirk, Landstraße <903>",4
75 bis 79 Jahre,2025,"Wien 17.Bezirk, Hernals <917>","Wien 4.Bezirk, Wieden <904>",-
75 bis 79 Jahre,2025,"Wien 17.Bezirk, Hernals <917>","Wien 5.Bezirk, Margareten <905>",-
75 bis 79 Jahre,2025,"Wien 17.Bezirk, Hernals <917>","Wien 6.Bezirk, Mariahilf <906>",-
75 bis 79 Jahre,2025,"Wien 17.Bezirk, Hernals <917>","Wien 7.Bezirk, Neubau <907>",-
75 bis 79 Jahre,2025,"Wien 17.Bezirk, Hernals <917>","Wien 8.Bezirk, Josefstadt <908>",-
75 bis 79 Jahre,2025,"Wien 17.Bezirk, Hernals <917>","Wien 9.Bezirk, Alsergrund <909>",1
75 bis 79 Jahre,2025,"Wien 17.Bezirk, Hernals <917>","Wien 10.Bezirk, Favoriten <910>",2
75 bis 79 Jahre,2025,"Wien 17.Bezirk, Hernals <917>","Wien 11.Bezirk, Simmering <911>",1
75 bis 79 Jahre,2025,"Wien 17.Bezirk, Hernals <917>","Wien 12.Bezirk, Meidling <912>",1
75 bis 79 Jahre,2025,"Wien 17.Bezirk, Hernals <917>","Wien 13.Bezirk, Hietzing <913>",1
75 bis 79 Jahre,2025,"Wien 17.Bezirk, Hernals <917>","Wien 14.Bezirk, Penzing <914>",5
75 bis 79 Jahre,2025,"Wien 17.Bezirk, Hernals <917>","Wien 15.Bezirk, Rudolfsheim-Fünfhaus <915>",2
75 bis 79 Jahre,2025,"Wien 17.Bezirk, Hernals <917>","Wien 16.Bezirk, Ottakring <916>",3
75 bis 79 Jahre,2025,"Wien 17.Bezirk, Hernals <917>","Wien 17.Bezirk, Hernals <917>",13
75 bis 79 Jahre,2025,"Wien 17.Bezirk, Hernals <917>","Wien 18.Bezirk, Währing <918>",1
75 bis 79 Jahre,2025,"Wien 17.Bezirk, Hernals <917>","Wien 19.Bezirk, Döbling <919>",3
75 bis 79 Jahre,2025,"Wien 17.Bezirk, Hernals <917>","Wien 20.Bezirk, Brigittenau <920>",-
75 bis 79 Jahre,2025,"Wien 17.Bezirk, Hernals <917>","Wien 21.Bezirk, Floridsdorf <921>",2
75 bis 79 Jahre,2025,"Wien 17.Bezirk, Hernals <917>","Wien 22.Bezirk, Donaustadt <922>",3
75 bis 79 Jahre,2025,"Wien 17.Bezirk, Hernals <917>","Wien 23.Bezirk, Liesing <923>",1
75 bis 79 Jahre,2025,"Wien 18.Bezirk, Währing <918>","Wien 1.Bezirk, Innere Stadt <901>",-
75 bis 79 Jahre,2025,"Wien 18.Bezirk, Währing <918>","Wien 2.Bezirk, Leopoldstadt <902>",1
75 bis 79 Jahre,2025,"Wien 18.Bezirk, Währing <918>","Wien 3.Bezirk, Landstraße <903>",1
75 bis 79 Jahre,2025,"Wien 18.Bezirk, Währing <918>","Wien 4.Bezirk, Wieden <904>",-
75 bis 79 Jahre,2025,"Wien 18.Bezirk, Währing <918>","Wien 5.Bezirk, Margareten <905>",-
75 bis 79 Jahre,2025,"Wien 18.Bezirk, Währing <918>","Wien 6.Bezirk, Mariahilf <906>",-
75 bis 79 Jahre,2025,"Wien 18.Bezirk, Währing <918>","Wien 7.Bezirk, Neubau <907>",1
75 bis 79 Jahre,2025,"Wien 18.Bezirk, Währing <918>","Wien 8.Bezirk, Josefstadt <908>",-
75 bis 79 Jahre,2025,"Wien 18.Bezirk, Währing <918>","Wien 9.Bezirk, Alsergrund <909>",2
75 bis 79 Jahre,2025,"Wien 18.Bezirk, Währing <918>","Wien 10.Bezirk, Favoriten <910>",1
75 bis 79 Jahre,2025,"Wien 18.Bezirk, Währing <918>","Wien 11.Bezirk, Simmering <911>",-
75 bis 79 Jahre,2025,"Wien 18.Bezirk, Währing <918>","Wien 12.Bezirk, Meidling <912>",2
75 bis 79 Jahre,2025,"Wien 18.Bezirk, Währing <918>","Wien 13.Bezirk, Hietzing <913>",2
75 bis 79 Jahre,2025,"Wien 18.Bezirk, Währing <918>","Wien 14.Bezirk, Penzing <914>",1
75 bis 79 Jahre,2025,"Wien 18.Bezirk, Währing <918>","Wien 15.Bezirk, Rudolfsheim-Fünfhaus <915>",2
75 bis 79 Jahre,2025,"Wien 18.Bezirk, Währing <918>","Wien 16.Bezirk, Ottakring <916>",-
75 bis 79 Jahre,2025,"Wien 18.Bezirk, Währing <918>","Wien 17.Bezirk, Hernals <917>",2
75 bis 79 Jahre,2025,"Wien 18.Bezirk, Währing <918>","Wien 18.Bezirk, Währing <918>",12
75 bis 79 Jahre,2025,"Wien 18.Bezirk, Währing <918>","Wien 19.Bezirk, Döbling <919>",6
75 bis 79 Jahre,2025,"Wien 18.Bezirk, Währing <918>","Wien 20.Bezirk, Brigittenau <920>",1
75 bis 79 Jahre,2025,"Wien 18.Bezirk, Währing <918>","Wien 21.Bezirk, Floridsdorf <921>",2
75 bis 79 Jahre,2025,"Wien 18.Bezirk, Währing <918>","Wien 22.Bezirk, Donaustadt <922>",2
75 bis 79 Jahre,2025,"Wien 18.Bezirk, Währing <918>","Wien 23.Bezirk, Liesing <923>",2
75 bis 79 Jahre,2025,"Wien 19.Bezirk, Döbling <919>","Wien 1.Bezirk, Innere Stadt <901>",-
75 bis 79 Jahre,2025,"Wien 19.Bezirk, Döbling <919>","Wien 2.Bezirk, Leopoldstadt <902>",4
75 bis 79 Jahre,2025,"Wien 19.Bezirk, Döbling <919>","Wien 3.Bezirk, Landstraße <903>",3
75 bis 79 Jahre,2025,"Wien 19.Bezirk, Döbling <919>","Wien 4.Bezirk, Wieden <904>",1
75 bis 79 Jahre,2025,"Wien 19.Bezirk, Döbling <919>","Wien 5.Bezirk, Margareten <905>",1
75 bis 79 Jahre,2025,"Wien 19.Bezirk, Döbling <919>","Wien 6.Bezirk, Mariahilf <906>",1
75 bis 79 Jahre,2025,"Wien 19.Bezirk, Döbling <919>","Wien 7.Bezirk, Neubau <907>",1
75 bis 79 Jahre,2025,"Wien 19.Bezirk, Döbling <919>","Wien 8.Bezirk, Josefstadt <908>",-
75 bis 79 Jahre,2025,"Wien 19.Bezirk, Döbling <919>","Wien 9.Bezirk, Alsergrund <909>",2
75 bis 79 Jahre,2025,"Wien 19.Bezirk, Döbling <919>","Wien 10.Bezirk, Favoriten <910>",1
75 bis 79 Jahre,2025,"Wien 19.Bezirk, Döbling <919>","Wien 11.Bezirk, Simmering <911>",-
75 bis 79 Jahre,2025,"Wien 19.Bezirk, Döbling <919>","Wien 12.Bezirk, Meidling <912>",2
75 bis 79 Jahre,2025,"Wien 19.Bezirk, Döbling <919>","Wien 13.Bezirk, Hietzing <913>",4
75 bis 79 Jahre,2025,"Wien 19.Bezirk, Döbling <919>","Wien 14.Bezirk, Penzing <914>",-
75 bis 79 Jahre,2025,"Wien 19.Bezirk, Döbling <919>","Wien 15.Bezirk, Rudolfsheim-Fünfhaus <915>",-
75 bis 79 Jahre,2025,"Wien 19.Bezirk, Döbling <919>","Wien 16.Bezirk, Ottakring <916>",-
75 bis 79 Jahre,2025,"Wien 19.Bezirk, Döbling <919>","Wien 17.Bezirk, Hernals <917>",1
75 bis 79 Jahre,2025,"Wien 19.Bezirk, Döbling <919>","Wien 18.Bezirk, Währing <918>",4
75 bis 79 Jahre,2025,"Wien 19.Bezirk, Döbling <919>","Wien 19.Bezirk, Döbling <919>",28
75 bis 79 Jahre,2025,"Wien 19.Bezirk, Döbling <919>","Wien 20.Bezirk, Brigittenau <920>",4
75 bis 79 Jahre,2025,"Wien 19.Bezirk, Döbling <919>","Wien 21.Bezirk, Floridsdorf <921>",4
75 bis 79 Jahre,2025,"Wien 19.Bezirk, Döbling <919>","Wien 22.Bezirk, Donaustadt <922>",4
75 bis 79 Jahre,2025,"Wien 19.Bezirk, Döbling <919>","Wien 23.Bezirk, Liesing <923>",2
75 bis 79 Jahre,2025,"Wien 20.Bezirk, Brigittenau <920>","Wien 1.Bezirk, Innere Stadt <901>",-
75 bis 79 Jahre,2025,"Wien 20.Bezirk, Brigittenau <920>","Wien 2.Bezirk, Leopoldstadt <902>",6
75 bis 79 Jahre,2025,"Wien 20.Bezirk, Brigittenau <920>","Wien 3.Bezirk, Landstraße <903>",1
75 bis 79 Jahre,2025,"Wien 20.Bezirk, Brigittenau <920>","Wien 4.Bezirk, Wieden <904>",1
75 bis 79 Jahre,2025,"Wien 20.Bezirk, Brigittenau <920>","Wien 5.Bezirk, Margareten <905>",1
75 bis 79 Jahre,2025,"Wien 20.Bezirk, Brigittenau <920>","Wien 6.Bezirk, Mariahilf <906>",1
75 bis 79 Jahre,2025,"Wien 20.Bezirk, Brigittenau <920>","Wien 7.Bezirk, Neubau <907>",-
75 bis 79 Jahre,2025,"Wien 20.Bezirk, Brigittenau <920>","Wien 8.Bezirk, Josefstadt <908>",1
75 bis 79 Jahre,2025,"Wien 20.Bezirk, Brigittenau <920>","Wien 9.Bezirk, Alsergrund <909>",-
75 bis 79 Jahre,2025,"Wien 20.Bezirk, Brigittenau <920>","Wien 10.Bezirk, Favoriten <910>",3
75 bis 79 Jahre,2025,"Wien 20.Bezirk, Brigittenau <920>","Wien 11.Bezirk, Simmering <911>",-
75 bis 79 Jahre,2025,"Wien 20.Bezirk, Brigittenau <920>","Wien 12.Bezirk, Meidling <912>",1
75 bis 79 Jahre,2025,"Wien 20.Bezirk, Brigittenau <920>","Wien 13.Bezirk, Hietzing <913>",-
75 bis 79 Jahre,2025,"Wien 20.Bezirk, Brigittenau <920>","Wien 14.Bezirk, Penzing <914>",-
75 bis 79 Jahre,2025,"Wien 20.Bezirk, Brigittenau <920>","Wien 15.Bezirk, Rudolfsheim-Fünfhaus <915>",1
75 bis 79 Jahre,2025,"Wien 20.Bezirk, Brigittenau <920>","Wien 16.Bezirk, Ottakring <916>",2
75 bis 79 Jahre,2025,"Wien 20.Bezirk, Brigittenau <920>","Wien 17.Bezirk, Hernals <917>",2
75 bis 79 Jahre,2025,"Wien 20.Bezirk, Brigittenau <920>","Wien 18.Bezirk, Währing <918>",3
75 bis 79 Jahre,2025,"Wien 20.Bezirk, Brigittenau <920>","Wien 19.Bezirk, Döbling <919>",6
75 bis 79 Jahre,2025,"Wien 20.Bezirk, Brigittenau <920>","Wien 20.Bezirk, Brigittenau <920>",14
75 bis 79 Jahre,2025,"Wien 20.Bezirk, Brigittenau <920>","Wien 21.Bezirk, Floridsdorf <921>",7
75 bis 79 Jahre,2025,"Wien 20.Bezirk, Brigittenau <920>","Wien 22.Bezirk, Donaustadt <922>",6
75 bis 79 Jahre,2025,"Wien 20.Bezirk, Brigittenau <920>","Wien 23.Bezirk, Liesing <923>",1
75 bis 79 Jahre,2025,"Wien 21.Bezirk, Floridsdorf <921>","Wien 1.Bezirk, Innere Stadt <901>",-
75 bis 79 Jahre,2025,"Wien 21.Bezirk, Floridsdorf <921>","Wien 2.Bezirk, Leopoldstadt <902>",3
75 bis 79 Jahre,2025,"Wien 21.Bezirk, Floridsdorf <921>","Wien 3.Bezirk, Landstraße <903>",2
75 bis 79 Jahre,2025,"Wien 21.Bezirk, Floridsdorf <921>","Wien 4.Bezirk, Wieden <904>",1
75 bis 79 Jahre,2025,"Wien 21.Bezirk, Floridsdorf <921>","Wien 5.Bezirk, Margareten <905>",-
75 bis 79 Jahre,2025,"Wien 21.Bezirk, Floridsdorf <921>","Wien 6.Bezirk, Mariahilf <906>",-
75 bis 79 Jahre,2025,"Wien 21.Bezirk, Floridsdorf <921>","Wien 7.Bezirk, Neubau <907>",-
75 bis 79 Jahre,2025,"Wien 21.Bezirk, Floridsdorf <921>","Wien 8.Bezirk, Josefstadt <908>",-
75 bis 79 Jahre,2025,"Wien 21.Bezirk, Floridsdorf <921>","Wien 9.Bezirk, Alsergrund <909>",2
75 bis 79 Jahre,2025,"Wien 21.Bezirk, Floridsdorf <921>","Wien 10.Bezirk, Favoriten <910>",7
75 bis 79 Jahre,2025,"Wien 21.Bezirk, Floridsdorf <921>","Wien 11.Bezirk, Simmering <911>",2
75 bis 79 Jahre,2025,"Wien 21.Bezirk, Floridsdorf <921>","Wien 12.Bezirk, Meidling <912>",-
75 bis 79 Jahre,2025,"Wien 21.Bezirk, Floridsdorf <921>","Wien 13.Bezirk, Hietzing <913>",-
75 bis 79 Jahre,2025,"Wien 21.Bezirk, Floridsdorf <921>","Wien 14.Bezirk, Penzing <914>",-
75 bis 79 Jahre,2025,"Wien 21.Bezirk, Floridsdorf <921>","Wien 15.Bezirk, Rudolfsheim-Fünfhaus <915>",2
75 bis 79 Jahre,2025,"Wien 21.Bezirk, Floridsdorf <921>","Wien 16.Bezirk, Ottakring <916>",1
75 bis 79 Jahre,2025,"Wien 21.Bezirk, Floridsdorf <921>","Wien 17.Bezirk, Hernals <917>",1
75 bis 79 Jahre,2025,"Wien 21.Bezirk, Floridsdorf <921>","Wien 18.Bezirk, Währing <918>",6
75 bis 79 Jahre,2025,"Wien 21.Bezirk, Floridsdorf <921>","Wien 19.Bezirk, Döbling <919>",8
75 bis 79 Jahre,2025,"Wien 21.Bezirk, Floridsdorf <921>","Wien 20.Bezirk, Brigittenau <920>",2
75 bis 79 Jahre,2025,"Wien 21.Bezirk, Floridsdorf <921>","Wien 21.Bezirk, Floridsdorf <921>",48
75 bis 79 Jahre,2025,"Wien 21.Bezirk, Floridsdorf <921>","Wien 22.Bezirk, Donaustadt <922>",19
75 bis 79 Jahre,2025,"Wien 21.Bezirk, Floridsdorf <921>","Wien 23.Bezirk, Liesing <923>",1
75 bis 79 Jahre,2025,"Wien 22.Bezirk, Donaustadt <922>","Wien 1.Bezirk, Innere Stadt <901>",2
75 bis 79 Jahre,2025,"Wien 22.Bezirk, Donaustadt <922>","Wien 2.Bezirk, Leopoldstadt <902>",6
75 bis 79 Jahre,2025,"Wien 22.Bezirk, Donaustadt <922>","Wien 3.Bezirk, Landstraße <903>",2
75 bis 79 Jahre,2025,"Wien 22.Bezirk, Donaustadt <922>","Wien 4.Bezirk, Wieden <904>",1
75 bis 79 Jahre,2025,"Wien 22.Bezirk, Donaustadt <922>","Wien 5.Bezirk, Margareten <905>",2
75 bis 79 Jahre,2025,"Wien 22.Bezirk, Donaustadt <922>","Wien 6.Bezirk, Mariahilf <906>",1
75 bis 79 Jahre,2025,"Wien 22.Bezirk, Donaustadt <922>","Wien 7.Bezirk, Neubau <907>",-
75 bis 79 Jahre,2025,"Wien 22.Bezirk, Donaustadt <922>","Wien 8.Bezirk, Josefstadt <908>",-
75 bis 79 Jahre,2025,"Wien 22.Bezirk, Donaustadt <922>","Wien 9.Bezirk, Alsergrund <909>",1
75 bis 79 Jahre,2025,"Wien 22.Bezirk, Donaustadt <922>","Wien 10.Bezirk, Favoriten <910>",11
75 bis 79 Jahre,2025,"Wien 22.Bezirk, Donaustadt <922>","Wien 11.Bezirk, Simmering <911>",4
75 bis 79 Jahre,2025,"Wien 22.Bezirk, Donaustadt <922>","Wien 12.Bezirk, Meidling <912>",3
75 bis 79 Jahre,2025,"Wien 22.Bezirk, Donaustadt <922>","Wien 13.Bezirk, Hietzing <913>",1
75 bis 79 Jahre,2025,"Wien 22.Bezirk, Donaustadt <922>","Wien 14.Bezirk, Penzing <914>",1
75 bis 79 Jahre,2025,"Wien 22.Bezirk, Donaustadt <922>","Wien 15.Bezirk, Rudolfsheim-Fünfhaus <915>",3
75 bis 79 Jahre,2025,"Wien 22.Bezirk, Donaustadt <922>","Wien 16.Bezirk, Ottakring <916>",2
75 bis 79 Jahre,2025,"Wien 22.Bezirk, Donaustadt <922>","Wien 17.Bezirk, Hernals <917>",1
75 bis 79 Jahre,2025,"Wien 22.Bezirk, Donaustadt <922>","Wien 18.Bezirk, Währing <918>",1
75 bis 79 Jahre,2025,"Wien 22.Bezirk, Donaustadt <922>","Wien 19.Bezirk, Döbling <919>",8
75 bis 79 Jahre,2025,"Wien 22.Bezirk, Donaustadt <922>","Wien 20.Bezirk, Brigittenau <920>",7
75 bis 79 Jahre,2025,"Wien 22.Bezirk, Donaustadt <922>","Wien 21.Bezirk, Floridsdorf <921>",12
75 bis 79 Jahre,2025,"Wien 22.Bezirk, Donaustadt <922>","Wien 22.Bezirk, Donaustadt <922>",48
75 bis 79 Jahre,2025,"Wien 22.Bezirk, Donaustadt <922>","Wien 23.Bezirk, Liesing <923>",4
75 bis 79 Jahre,2025,"Wien 23.Bezirk, Liesing <923>","Wien 1.Bezirk, Innere Stadt <901>",-
75 bis 79 Jahre,2025,"Wien 23.Bezirk, Liesing <923>","Wien 2.Bezirk, Leopoldstadt <902>",1
75 bis 79 Jahre,2025,"Wien 23.Bezirk, Liesing <923>","Wien 3.Bezirk, Landstraße <903>",-
75 bis 79 Jahre,2025,"Wien 23.Bezirk, Liesing <923>","Wien 4.Bezirk, Wieden <904>",1
75 bis 79 Jahre,2025,"Wien 23.Bezirk, Liesing <923>","Wien 5.Bezirk, Margareten <905>",1
75 bis 79 Jahre,2025,"Wien 23.Bezirk, Liesing <923>","Wien 6.Bezirk, Mariahilf <906>",-
75 bis 79 Jahre,2025,"Wien 23.Bezirk, Liesing <923>","Wien 7.Bezirk, Neubau <907>",1
75 bis 79 Jahre,2025,"Wien 23.Bezirk, Liesing <923>","Wien 8.Bezirk, Josefstadt <908>",1
75 bis 79 Jahre,2025,"Wien 23.Bezirk, Liesing <923>","Wien 9.Bezirk, Alsergrund <909>",-
75 bis 79 Jahre,2025,"Wien 23.Bezirk, Liesing <923>","Wien 10.Bezirk, Favoriten <910>",4
75 bis 79 Jahre,2025,"Wien 23.Bezirk, Liesing <923>","Wien 11.Bezirk, Simmering <911>",1
75 bis 79 Jahre,2025,"Wien 23.Bezirk, Liesing <923>","Wien 12.Bezirk, Meidling <912>",8
75 bis 79 Jahre,2025,"Wien 23.Bezirk, Liesing <923>","Wien 13.Bezirk, Hietzing <913>",5
75 bis 79 Jahre,2025,"Wien 23.Bezirk, Liesing <923>","Wien 14.Bezirk, Penzing <914>",1
75 bis 79 Jahre,2025,"Wien 23.Bezirk, Liesing <923>","Wien 15.Bezirk, Rudolfsheim-Fünfhaus <915>",1
75 bis 79 Jahre,2025,"Wien 23.Bezirk, Liesing <923>","Wien 16.Bezirk, Ottakring <916>",1
75 bis 79 Jahre,2025,"Wien 23.Bezirk, Liesing <923>","Wien 17.Bezirk, Hernals <917>",-
75 bis 79 Jahre,2025,"Wien 23.Bezirk, Liesing <923>","Wien 18.Bezirk, Währing <918>",2
75 bis 79 Jahre,2025,"Wien 23.Bezirk, Liesing <923>","Wien 19.Bezirk, Döbling <919>",-
75 bis 79 Jahre,2025,"Wien 23.Bezirk, Liesing <923>","Wien 20.Bezirk, Brigittenau <920>",-
75 bis 79 Jahre,2025,"Wien 23.Bezirk, Liesing <923>","Wien 21.Bezirk, Floridsdorf <921>",3
75 bis 79 Jahre,2025,"Wien 23.Bezirk, Liesing <923>","Wien 22.Bezirk, Donaustadt <922>",1
75 bis 79 Jahre,2025,"Wien 23.Bezirk, Liesing <923>","Wien 23.Bezirk, Liesing <923>",25
80 bis 84 Jahre,2025,"Wien 1.Bezirk, Innere Stadt <901>","Wien 1.Bezirk, Innere Stadt <901>",5
80 bis 84 Jahre,2025,"Wien 1.Bezirk, Innere Stadt <901>","Wien 2.Bezirk, Leopoldstadt <902>",2
80 bis 84 Jahre,2025,"Wien 1.Bezirk, Innere Stadt <901>","Wien 3.Bezirk, Landstraße <903>",2
80 bis 84 Jahre,2025,"Wien 1.Bezirk, Innere Stadt <901>","Wien 4.Bezirk, Wieden <904>",-
80 bis 84 Jahre,2025,"Wien 1.Bezirk, Innere Stadt <901>","Wien 5.Bezirk, Margareten <905>",1
80 bis 84 Jahre,2025,"Wien 1.Bezirk, Innere Stadt <901>","Wien 6.Bezirk, Mariahilf <906>",-
80 bis 84 Jahre,2025,"Wien 1.Bezirk, Innere Stadt <901>","Wien 7.Bezirk, Neubau <907>",-
80 bis 84 Jahre,2025,"Wien 1.Bezirk, Innere Stadt <901>","Wien 8.Bezirk, Josefstadt <908>",1
80 bis 84 Jahre,2025,"Wien 1.Bezirk, Innere Stadt <901>","Wien 9.Bezirk, Alsergrund <909>",-
80 bis 84 Jahre,2025,"Wien 1.Bezirk, Innere Stadt <901>","Wien 10.Bezirk, Favoriten <910>",1
80 bis 84 Jahre,2025,"Wien 1.Bezirk, Innere Stadt <901>","Wien 11.Bezirk, Simmering <911>",-
80 bis 84 Jahre,2025,"Wien 1.Bezirk, Innere Stadt <901>","Wien 12.Bezirk, Meidling <912>",2
80 bis 84 Jahre,2025,"Wien 1.Bezirk, Innere Stadt <901>","Wien 13.Bezirk, Hietzing <913>",1
80 bis 84 Jahre,2025,"Wien 1.Bezirk, Innere Stadt <901>","Wien 14.Bezirk, Penzing <914>",-
80 bis 84 Jahre,2025,"Wien 1.Bezirk, Innere Stadt <901>","Wien 15.Bezirk, Rudolfsheim-Fünfhaus <915>",-
80 bis 84 Jahre,2025,"Wien 1.Bezirk, Innere Stadt <901>","Wien 16.Bezirk, Ottakring <916>",1
80 bis 84 Jahre,2025,"Wien 1.Bezirk, Innere Stadt <901>","Wien 17.Bezirk, Hernals <917>",-
80 bis 84 Jahre,2025,"Wien 1.Bezirk, Innere Stadt <901>","Wien 18.Bezirk, Währing <918>",-
80 bis 84 Jahre,2025,"Wien 1.Bezirk, Innere Stadt <901>","Wien 19.Bezirk, Döbling <919>",3
80 bis 84 Jahre,2025,"Wien 1.Bezirk, Innere Stadt <901>","Wien 20.Bezirk, Brigittenau <920>",-
80 bis 84 Jahre,2025,"Wien 1.Bezirk, Innere Stadt <901>","Wien 21.Bezirk, Floridsdorf <921>",-
80 bis 84 Jahre,2025,"Wien 1.Bezirk, Innere Stadt <901>","Wien 22.Bezirk, Donaustadt <922>",1
80 bis 84 Jahre,2025,"Wien 1.Bezirk, Innere Stadt <901>","Wien 23.Bezirk, Liesing <923>",-
80 bis 84 Jahre,2025,"Wien 2.Bezirk, Leopoldstadt <902>","Wien 1.Bezirk, Innere Stadt <901>",-
80 bis 84 Jahre,2025,"Wien 2.Bezirk, Leopoldstadt <902>","Wien 2.Bezirk, Leopoldstadt <902>",14
80 bis 84 Jahre,2025,"Wien 2.Bezirk, Leopoldstadt <902>","Wien 3.Bezirk, Landstraße <903>",2
80 bis 84 Jahre,2025,"Wien 2.Bezirk, Leopoldstadt <902>","Wien 4.Bezirk, Wieden <904>",3
80 bis 84 Jahre,2025,"Wien 2.Bezirk, Leopoldstadt <902>","Wien 5.Bezirk, Margareten <905>",-
80 bis 84 Jahre,2025,"Wien 2.Bezirk, Leopoldstadt <902>","Wien 6.Bezirk, Mariahilf <906>",1
80 bis 84 Jahre,2025,"Wien 2.Bezirk, Leopoldstadt <902>","Wien 7.Bezirk, Neubau <907>",-
80 bis 84 Jahre,2025,"Wien 2.Bezirk, Leopoldstadt <902>","Wien 8.Bezirk, Josefstadt <908>",-
80 bis 84 Jahre,2025,"Wien 2.Bezirk, Leopoldstadt <902>","Wien 9.Bezirk, Alsergrund <909>",2
80 bis 84 Jahre,2025,"Wien 2.Bezirk, Leopoldstadt <902>","Wien 10.Bezirk, Favoriten <910>",3
80 bis 84 Jahre,2025,"Wien 2.Bezirk, Leopoldstadt <902>","Wien 11.Bezirk, Simmering <911>",4
80 bis 84 Jahre,2025,"Wien 2.Bezirk, Leopoldstadt <902>","Wien 12.Bezirk, Meidling <912>",1
80 bis 84 Jahre,2025,"Wien 2.Bezirk, Leopoldstadt <902>","Wien 13.Bezirk, Hietzing <913>",3
80 bis 84 Jahre,2025,"Wien 2.Bezirk, Leopoldstadt <902>","Wien 14.Bezirk, Penzing <914>",2
80 bis 84 Jahre,2025,"Wien 2.Bezirk, Leopoldstadt <902>","Wien 15.Bezirk, Rudolfsheim-Fünfhaus <915>",2
80 bis 84 Jahre,2025,"Wien 2.Bezirk, Leopoldstadt <902>","Wien 16.Bezirk, Ottakring <916>",1
80 bis 84 Jahre,2025,"Wien 2.Bezirk, Leopoldstadt <902>","Wien 17.Bezirk, Hernals <917>",-
80 bis 84 Jahre,2025,"Wien 2.Bezirk, Leopoldstadt <902>","Wien 18.Bezirk, Währing <918>",2
80 bis 84 Jahre,2025,"Wien 2.Bezirk, Leopoldstadt <902>","Wien 19.Bezirk, Döbling <919>",4
80 bis 84 Jahre,2025,"Wien 2.Bezirk, Leopoldstadt <902>","Wien 20.Bezirk, Brigittenau <920>",2
80 bis 84 Jahre,2025,"Wien 2.Bezirk, Leopoldstadt <902>","Wien 21.Bezirk, Floridsdorf <921>",9
80 bis 84 Jahre,2025,"Wien 2.Bezirk, Leopoldstadt <902>","Wien 22.Bezirk, Donaustadt <922>",5
80 bis 84 Jahre,2025,"Wien 2.Bezirk, Leopoldstadt <902>","Wien 23.Bezirk, Liesing <923>",1
80 bis 84 Jahre,2025,"Wien 3.Bezirk, Landstraße <903>","Wien 1.Bezirk, Innere Stadt <901>",-
80 bis 84 Jahre,2025,"Wien 3.Bezirk, Landstraße <903>","Wien 2.Bezirk, Leopoldstadt <902>",3
80 bis 84 Jahre,2025,"Wien 3.Bezirk, Landstraße <903>","Wien 3.Bezirk, Landstraße <903>",19
80 bis 84 Jahre,2025,"Wien 3.Bezirk, Landstraße <903>","Wien 4.Bezirk, Wieden <904>",-
80 bis 84 Jahre,2025,"Wien 3.Bezirk, Landstraße <903>","Wien 5.Bezirk, Margareten <905>",-
80 bis 84 Jahre,2025,"Wien 3.Bezirk, Landstraße <903>","Wien 6.Bezirk, Mariahilf <906>",1
80 bis 84 Jahre,2025,"Wien 3.Bezirk, Landstraße <903>","Wien 7.Bezirk, Neubau <907>",1
80 bis 84 Jahre,2025,"Wien 3.Bezirk, Landstraße <903>","Wien 8.Bezirk, Josefstadt <908>",-
80 bis 84 Jahre,2025,"Wien 3.Bezirk, Landstraße <903>","Wien 9.Bezirk, Alsergrund <909>",2
80 bis 84 Jahre,2025,"Wien 3.Bezirk, Landstraße <903>","Wien 10.Bezirk, Favoriten <910>",6
80 bis 84 Jahre,2025,"Wien 3.Bezirk, Landstraße <903>","Wien 11.Bezirk, Simmering <911>",5
80 bis 84 Jahre,2025,"Wien 3.Bezirk, Landstraße <903>","Wien 12.Bezirk, Meidling <912>",2
80 bis 84 Jahre,2025,"Wien 3.Bezirk, Landstraße <903>","Wien 13.Bezirk, Hietzing <913>",4
80 bis 84 Jahre,2025,"Wien 3.Bezirk, Landstraße <903>","Wien 14.Bezirk, Penzing <914>",2
80 bis 84 Jahre,2025,"Wien 3.Bezirk, Landstraße <903>","Wien 15.Bezirk, Rudolfsheim-Fünfhaus <915>",-
80 bis 84 Jahre,2025,"Wien 3.Bezirk, Landstraße <903>","Wien 16.Bezirk, Ottakring <916>",1
80 bis 84 Jahre,2025,"Wien 3.Bezirk, Landstraße <903>","Wien 17.Bezirk, Hernals <917>",-
80 bis 84 Jahre,2025,"Wien 3.Bezirk, Landstraße <903>","Wien 18.Bezirk, Währing <918>",2
80 bis 84 Jahre,2025,"Wien 3.Bezirk, Landstraße <903>","Wien 19.Bezirk, Döbling <919>",7
80 bis 84 Jahre,2025,"Wien 3.Bezirk, Landstraße <903>","Wien 20.Bezirk, Brigittenau <920>",2
80 bis 84 Jahre,2025,"Wien 3.Bezirk, Landstraße <903>","Wien 21.Bezirk, Floridsdorf <921>",1
80 bis 84 Jahre,2025,"Wien 3.Bezirk, Landstraße <903>","Wien 22.Bezirk, Donaustadt <922>",4
80 bis 84 Jahre,2025,"Wien 3.Bezirk, Landstraße <903>","Wien 23.Bezirk, Liesing <923>",3
80 bis 84 Jahre,2025,"Wien 4.Bezirk, Wieden <904>","Wien 1.Bezirk, Innere Stadt <901>",-
80 bis 84 Jahre,2025,"Wien 4.Bezirk, Wieden <904>","Wien 2.Bezirk, Leopoldstadt <902>",-
80 bis 84 Jahre,2025,"Wien 4.Bezirk, Wieden <904>","Wien 3.Bezirk, Landstraße <903>",1
80 bis 84 Jahre,2025,"Wien 4.Bezirk, Wieden <904>","Wien 4.Bezirk, Wieden <904>",4
80 bis 84 Jahre,2025,"Wien 4.Bezirk, Wieden <904>","Wien 5.Bezirk, Margareten <905>",2
80 bis 84 Jahre,2025,"Wien 4.Bezirk, Wieden <904>","Wien 6.Bezirk, Mariahilf <906>",1
80 bis 84 Jahre,2025,"Wien 4.Bezirk, Wieden <904>","Wien 7.Bezirk, Neubau <907>",-
80 bis 84 Jahre,2025,"Wien 4.Bezirk, Wieden <904>","Wien 8.Bezirk, Josefstadt <908>",-
80 bis 84 Jahre,2025,"Wien 4.Bezirk, Wieden <904>","Wien 9.Bezirk, Alsergrund <909>",1
80 bis 84 Jahre,2025,"Wien 4.Bezirk, Wieden <904>","Wien 10.Bezirk, Favoriten <910>",1
80 bis 84 Jahre,2025,"Wien 4.Bezirk, Wieden <904>","Wien 11.Bezirk, Simmering <911>",1
80 bis 84 Jahre,2025,"Wien 4.Bezirk, Wieden <904>","Wien 12.Bezirk, Meidling <912>",2
80 bis 84 Jahre,2025,"Wien 4.Bezirk, Wieden <904>","Wien 13.Bezirk, Hietzing <913>",-
80 bis 84 Jahre,2025,"Wien 4.Bezirk, Wieden <904>","Wien 14.Bezirk, Penzing <914>",1
80 bis 84 Jahre,2025,"Wien 4.Bezirk, Wieden <904>","Wien 15.Bezirk, Rudolfsheim-Fünfhaus <915>",-
80 bis 84 Jahre,2025,"Wien 4.Bezirk, Wieden <904>","Wien 16.Bezirk, Ottakring <916>",-
80 bis 84 Jahre,2025,"Wien 4.Bezirk, Wieden <904>","Wien 17.Bezirk, Hernals <917>",2
80 bis 84 Jahre,2025,"Wien 4.Bezirk, Wieden <904>","Wien 18.Bezirk, Währing <918>",1
80 bis 84 Jahre,2025,"Wien 4.Bezirk, Wieden <904>","Wien 19.Bezirk, Döbling <919>",1
80 bis 84 Jahre,2025,"Wien 4.Bezirk, Wieden <904>","Wien 20.Bezirk, Brigittenau <920>",-
80 bis 84 Jahre,2025,"Wien 4.Bezirk, Wieden <904>","Wien 21.Bezirk, Floridsdorf <921>",-
80 bis 84 Jahre,2025,"Wien 4.Bezirk, Wieden <904>","Wien 22.Bezirk, Donaustadt <922>",2
80 bis 84 Jahre,2025,"Wien 4.Bezirk, Wieden <904>","Wien 23.Bezirk, Liesing <923>",2
80 bis 84 Jahre,2025,"Wien 5.Bezirk, Margareten <905>","Wien 1.Bezirk, Innere Stadt <901>",-
80 bis 84 Jahre,2025,"Wien 5.Bezirk, Margareten <905>","Wien 2.Bezirk, Leopoldstadt <902>",2
80 bis 84 Jahre,2025,"Wien 5.Bezirk, Margareten <905>","Wien 3.Bezirk, Landstraße <903>",3
80 bis 84 Jahre,2025,"Wien 5.Bezirk, Margareten <905>","Wien 4.Bezirk, Wieden <904>",3
80 bis 84 Jahre,2025,"Wien 5.Bezirk, Margareten <905>","Wien 5.Bezirk, Margareten <905>",4
80 bis 84 Jahre,2025,"Wien 5.Bezirk, Margareten <905>","Wien 6.Bezirk, Mariahilf <906>",-
80 bis 84 Jahre,2025,"Wien 5.Bezirk, Margareten <905>","Wien 7.Bezirk, Neubau <907>",-
80 bis 84 Jahre,2025,"Wien 5.Bezirk, Margareten <905>","Wien 8.Bezirk, Josefstadt <908>",-
80 bis 84 Jahre,2025,"Wien 5.Bezirk, Margareten <905>","Wien 9.Bezirk, Alsergrund <909>",-
80 bis 84 Jahre,2025,"Wien 5.Bezirk, Margareten <905>","Wien 10.Bezirk, Favoriten <910>",2
80 bis 84 Jahre,2025,"Wien 5.Bezirk, Margareten <905>","Wien 11.Bezirk, Simmering <911>",1
80 bis 84 Jahre,2025,"Wien 5.Bezirk, Margareten <905>","Wien 12.Bezirk, Meidling <912>",2
80 bis 84 Jahre,2025,"Wien 5.Bezirk, Margareten <905>","Wien 13.Bezirk, Hietzing <913>",2
80 bis 84 Jahre,2025,"Wien 5.Bezirk, Margareten <905>","Wien 14.Bezirk, Penzing <914>",3
80 bis 84 Jahre,2025,"Wien 5.Bezirk, Margareten <905>","Wien 15.Bezirk, Rudolfsheim-Fünfhaus <915>",1
80 bis 84 Jahre,2025,"Wien 5.Bezirk, Margareten <905>","Wien 16.Bezirk, Ottakring <916>",1
80 bis 84 Jahre,2025,"Wien 5.Bezirk, Margareten <905>","Wien 17.Bezirk, Hernals <917>",-
80 bis 84 Jahre,2025,"Wien 5.Bezirk, Margareten <905>","Wien 18.Bezirk, Währing <918>",-
80 bis 84 Jahre,2025,"Wien 5.Bezirk, Margareten <905>","Wien 19.Bezirk, Döbling <919>",3
80 bis 84 Jahre,2025,"Wien 5.Bezirk, Margareten <905>","Wien 20.Bezirk, Brigittenau <920>",-
80 bis 84 Jahre,2025,"Wien 5.Bezirk, Margareten <905>","Wien 21.Bezirk, Floridsdorf <921>",-
80 bis 84 Jahre,2025,"Wien 5.Bezirk, Margareten <905>","Wien 22.Bezirk, Donaustadt <922>",2
80 bis 84 Jahre,2025,"Wien 5.Bezirk, Margareten <905>","Wien 23.Bezirk, Liesing <923>",2
80 bis 84 Jahre,2025,"Wien 6.Bezirk, Mariahilf <906>","Wien 1.Bezirk, Innere Stadt <901>",-
80 bis 84 Jahre,2025,"Wien 6.Bezirk, Mariahilf <906>","Wien 2.Bezirk, Leopoldstadt <902>",1
80 bis 84 Jahre,2025,"Wien 6.Bezirk, Mariahilf <906>","Wien 3.Bezirk, Landstraße <903>",2
80 bis 84 Jahre,2025,"Wien 6.Bezirk, Mariahilf <906>","Wien 4.Bezirk, Wieden <904>",-
80 bis 84 Jahre,2025,"Wien 6.Bezirk, Mariahilf <906>","Wien 5.Bezirk, Margareten <905>",-
80 bis 84 Jahre,2025,"Wien 6.Bezirk, Mariahilf <906>","Wien 6.Bezirk, Mariahilf <906>",2
80 bis 84 Jahre,2025,"Wien 6.Bezirk, Mariahilf <906>","Wien 7.Bezirk, Neubau <907>",-
80 bis 84 Jahre,2025,"Wien 6.Bezirk, Mariahilf <906>","Wien 8.Bezirk, Josefstadt <908>",-
80 bis 84 Jahre,2025,"Wien 6.Bezirk, Mariahilf <906>","Wien 9.Bezirk, Alsergrund <909>",-
80 bis 84 Jahre,2025,"Wien 6.Bezirk, Mariahilf <906>","Wien 10.Bezirk, Favoriten <910>",-
80 bis 84 Jahre,2025,"Wien 6.Bezirk, Mariahilf <906>","Wien 11.Bezirk, Simmering <911>",-
80 bis 84 Jahre,2025,"Wien 6.Bezirk, Mariahilf <906>","Wien 12.Bezirk, Meidling <912>",-
80 bis 84 Jahre,2025,"Wien 6.Bezirk, Mariahilf <906>","Wien 13.Bezirk, Hietzing <913>",1
80 bis 84 Jahre,2025,"Wien 6.Bezirk, Mariahilf <906>","Wien 14.Bezirk, Penzing <914>",1
80 bis 84 Jahre,2025,"Wien 6.Bezirk, Mariahilf <906>","Wien 15.Bezirk, Rudolfsheim-Fünfhaus <915>",1
80 bis 84 Jahre,2025,"Wien 6.Bezirk, Mariahilf <906>","Wien 16.Bezirk, Ottakring <916>",1
80 bis 84 Jahre,2025,"Wien 6.Bezirk, Mariahilf <906>","Wien 17.Bezirk, Hernals <917>",-
80 bis 84 Jahre,2025,"Wien 6.Bezirk, Mariahilf <906>","Wien 18.Bezirk, Währing <918>",1
80 bis 84 Jahre,2025,"Wien 6.Bezirk, Mariahilf <906>","Wien 19.Bezirk, Döbling <919>",2
80 bis 84 Jahre,2025,"Wien 6.Bezirk, Mariahilf <906>","Wien 20.Bezirk, Brigittenau <920>",-
80 bis 84 Jahre,2025,"Wien 6.Bezirk, Mariahilf <906>","Wien 21.Bezirk, Floridsdorf <921>",-
80 bis 84 Jahre,2025,"Wien 6.Bezirk, Mariahilf <906>","Wien 22.Bezirk, Donaustadt <922>",2
80 bis 84 Jahre,2025,"Wien 6.Bezirk, Mariahilf <906>","Wien 23.Bezirk, Liesing <923>",4
80 bis 84 Jahre,2025,"Wien 7.Bezirk, Neubau <907>","Wien 1.Bezirk, Innere Stadt <901>",-
80 bis 84 Jahre,2025,"Wien 7.Bezirk, Neubau <907>","Wien 2.Bezirk, Leopoldstadt <902>",1
80 bis 84 Jahre,2025,"Wien 7.Bezirk, Neubau <907>","Wien 3.Bezirk, Landstraße <903>",-
80 bis 84 Jahre,2025,"Wien 7.Bezirk, Neubau <907>","Wien 4.Bezirk, Wieden <904>",1
80 bis 84 Jahre,2025,"Wien 7.Bezirk, Neubau <907>","Wien 5.Bezirk, Margareten <905>",1
80 bis 84 Jahre,2025,"Wien 7.Bezirk, Neubau <907>","Wien 6.Bezirk, Mariahilf <906>",1
80 bis 84 Jahre,2025,"Wien 7.Bezirk, Neubau <907>","Wien 7.Bezirk, Neubau <907>",7
80 bis 84 Jahre,2025,"Wien 7.Bezirk, Neubau <907>","Wien 8.Bezirk, Josefstadt <908>",-
80 bis 84 Jahre,2025,"Wien 7.Bezirk, Neubau <907>","Wien 9.Bezirk, Alsergrund <909>",-
80 bis 84 Jahre,2025,"Wien 7.Bezirk, Neubau <907>","Wien 10.Bezirk, Favoriten <910>",-
80 bis 84 Jahre,2025,"Wien 7.Bezirk, Neubau <907>","Wien 11.Bezirk, Simmering <911>",1
80 bis 84 Jahre,2025,"Wien 7.Bezirk, Neubau <907>","Wien 12.Bezirk, Meidling <912>",2
80 bis 84 Jahre,2025,"Wien 7.Bezirk, Neubau <907>","Wien 13.Bezirk, Hietzing <913>",1
80 bis 84 Jahre,2025,"Wien 7.Bezirk, Neubau <907>","Wien 14.Bezirk, Penzing <914>",-
80 bis 84 Jahre,2025,"Wien 7.Bezirk, Neubau <907>","Wien 15.Bezirk, Rudolfsheim-Fünfhaus <915>",4
80 bis 84 Jahre,2025,"Wien 7.Bezirk, Neubau <907>","Wien 16.Bezirk, Ottakring <916>",1
80 bis 84 Jahre,2025,"Wien 7.Bezirk, Neubau <907>","Wien 17.Bezirk, Hernals <917>",-
80 bis 84 Jahre,2025,"Wien 7.Bezirk, Neubau <907>","Wien 18.Bezirk, Währing <918>",1
80 bis 84 Jahre,2025,"Wien 7.Bezirk, Neubau <907>","Wien 19.Bezirk, Döbling <919>",2
80 bis 84 Jahre,2025,"Wien 7.Bezirk, Neubau <907>","Wien 20.Bezirk, Brigittenau <920>",-
80 bis 84 Jahre,2025,"Wien 7.Bezirk, Neubau <907>","Wien 21.Bezirk, Floridsdorf <921>",-
80 bis 84 Jahre,2025,"Wien 7.Bezirk, Neubau <907>","Wien 22.Bezirk, Donaustadt <922>",1
80 bis 84 Jahre,2025,"Wien 7.Bezirk, Neubau <907>","Wien 23.Bezirk, Liesing <923>",2
80 bis 84 Jahre,2025,"Wien 8.Bezirk, Josefstadt <908>","Wien 1.Bezirk, Innere Stadt <901>",-
80 bis 84 Jahre,2025,"Wien 8.Bezirk, Josefstadt <908>","Wien 2.Bezirk, Leopoldstadt <902>",-
80 bis 84 Jahre,2025,"Wien 8.Bezirk, Josefstadt <908>","Wien 3.Bezirk, Landstraße <903>",3
80 bis 84 Jahre,2025,"Wien 8.Bezirk, Josefstadt <908>","Wien 4.Bezirk, Wieden <904>",1
80 bis 84 Jahre,2025,"Wien 8.Bezirk, Josefstadt <908>","Wien 5.Bezirk, Margareten <905>",-
80 bis 84 Jahre,2025,"Wien 8.Bezirk, Josefstadt <908>","Wien 6.Bezirk, Mariahilf <906>",1
80 bis 84 Jahre,2025,"Wien 8.Bezirk, Josefstadt <908>","Wien 7.Bezirk, Neubau <907>",-
80 bis 84 Jahre,2025,"Wien 8.Bezirk, Josefstadt <908>","Wien 8.Bezirk, Josefstadt <908>",2
80 bis 84 Jahre,2025,"Wien 8.Bezirk, Josefstadt <908>","Wien 9.Bezirk, Alsergrund <909>",2
80 bis 84 Jahre,2025,"Wien 8.Bezirk, Josefstadt <908>","Wien 10.Bezirk, Favoriten <910>",1
80 bis 84 Jahre,2025,"Wien 8.Bezirk, Josefstadt <908>","Wien 11.Bezirk, Simmering <911>",-
80 bis 84 Jahre,2025,"Wien 8.Bezirk, Josefstadt <908>","Wien 12.Bezirk, Meidling <912>",1
80 bis 84 Jahre,2025,"Wien 8.Bezirk, Josefstadt <908>","Wien 13.Bezirk, Hietzing <913>",1
80 bis 84 Jahre,2025,"Wien 8.Bezirk, Josefstadt <908>","Wien 14.Bezirk, Penzing <914>",1
80 bis 84 Jahre,2025,"Wien 8.Bezirk, Josefstadt <908>","Wien 15.Bezirk, Rudolfsheim-Fünfhaus <915>",1
80 bis 84 Jahre,2025,"Wien 8.Bezirk, Josefstadt <908>","Wien 16.Bezirk, Ottakring <916>",1
80 bis 84 Jahre,2025,"Wien 8.Bezirk, Josefstadt <908>","Wien 17.Bezirk, Hernals <917>",1
80 bis 84 Jahre,2025,"Wien 8.Bezirk, Josefstadt <908>","Wien 18.Bezirk, Währing <918>",-
80 bis 84 Jahre,2025,"Wien 8.Bezirk, Josefstadt <908>","Wien 19.Bezirk, Döbling <919>",-
80 bis 84 Jahre,2025,"Wien 8.Bezirk, Josefstadt <908>","Wien 20.Bezirk, Brigittenau <920>",-
80 bis 84 Jahre,2025,"Wien 8.Bezirk, Josefstadt <908>","Wien 21.Bezirk, Floridsdorf <921>",-
80 bis 84 Jahre,2025,"Wien 8.Bezirk, Josefstadt <908>","Wien 22.Bezirk, Donaustadt <922>",2
80 bis 84 Jahre,2025,"Wien 8.Bezirk, Josefstadt <908>","Wien 23.Bezirk, Liesing <923>",1
80 bis 84 Jahre,2025,"Wien 9.Bezirk, Alsergrund <909>","Wien 1.Bezirk, Innere Stadt <901>",-
80 bis 84 Jahre,2025,"Wien 9.Bezirk, Alsergrund <909>","Wien 2.Bezirk, Leopoldstadt <902>",3
80 bis 84 Jahre,2025,"Wien 9.Bezirk, Alsergrund <909>","Wien 3.Bezirk, Landstraße <903>",1
80 bis 84 Jahre,2025,"Wien 9.Bezirk, Alsergrund <909>","Wien 4.Bezirk, Wieden <904>",1
80 bis 84 Jahre,2025,"Wien 9.Bezirk, Alsergrund <909>","Wien 5.Bezirk, Margareten <905>",-
80 bis 84 Jahre,2025,"Wien 9.Bezirk, Alsergrund <909>","Wien 6.Bezirk, Mariahilf <906>",-
80 bis 84 Jahre,2025,"Wien 9.Bezirk, Alsergrund <909>","Wien 7.Bezirk, Neubau <907>",1
80 bis 84 Jahre,2025,"Wien 9.Bezirk, Alsergrund <909>","Wien 8.Bezirk, Josefstadt <908>",-
80 bis 84 Jahre,2025,"Wien 9.Bezirk, Alsergrund <909>","Wien 9.Bezirk, Alsergrund <909>",10
80 bis 84 Jahre,2025,"Wien 9.Bezirk, Alsergrund <909>","Wien 10.Bezirk, Favoriten <910>",1
80 bis 84 Jahre,2025,"Wien 9.Bezirk, Alsergrund <909>","Wien 11.Bezirk, Simmering <911>",-
80 bis 84 Jahre,2025,"Wien 9.Bezirk, Alsergrund <909>","Wien 12.Bezirk, Meidling <912>",-
80 bis 84 Jahre,2025,"Wien 9.Bezirk, Alsergrund <909>","Wien 13.Bezirk, Hietzing <913>",2
80 bis 84 Jahre,2025,"Wien 9.Bezirk, Alsergrund <909>","Wien 14.Bezirk, Penzing <914>",-
80 bis 84 Jahre,2025,"Wien 9.Bezirk, Alsergrund <909>","Wien 15.Bezirk, Rudolfsheim-Fünfhaus <915>",1
80 bis 84 Jahre,2025,"Wien 9.Bezirk, Alsergrund <909>","Wien 16.Bezirk, Ottakring <916>",-
80 bis 84 Jahre,2025,"Wien 9.Bezirk, Alsergrund <909>","Wien 17.Bezirk, Hernals <917>",1
80 bis 84 Jahre,2025,"Wien 9.Bezirk, Alsergrund <909>","Wien 18.Bezirk, Währing <918>",1
80 bis 84 Jahre,2025,"Wien 9.Bezirk, Alsergrund <909>","Wien 19.Bezirk, Döbling <919>",6
80 bis 84 Jahre,2025,"Wien 9.Bezirk, Alsergrund <909>","Wien 20.Bezirk, Brigittenau <920>",1
80 bis 84 Jahre,2025,"Wien 9.Bezirk, Alsergrund <909>","Wien 21.Bezirk, Floridsdorf <921>",2
80 bis 84 Jahre,2025,"Wien 9.Bezirk, Alsergrund <909>","Wien 22.Bezirk, Donaustadt <922>",2
80 bis 84 Jahre,2025,"Wien 9.Bezirk, Alsergrund <909>","Wien 23.Bezirk, Liesing <923>",1
80 bis 84 Jahre,2025,"Wien 10.Bezirk, Favoriten <910>","Wien 1.Bezirk, Innere Stadt <901>",-
80 bis 84 Jahre,2025,"Wien 10.Bezirk, Favoriten <910>","Wien 2.Bezirk, Leopoldstadt <902>",1
80 bis 84 Jahre,2025,"Wien 10.Bezirk, Favoriten <910>","Wien 3.Bezirk, Landstraße <903>",8
80 bis 84 Jahre,2025,"Wien 10.Bezirk, Favoriten <910>","Wien 4.Bezirk, Wieden <904>",3
80 bis 84 Jahre,2025,"Wien 10.Bezirk, Favoriten <910>","Wien 5.Bezirk, Margareten <905>",1
80 bis 84 Jahre,2025,"Wien 10.Bezirk, Favoriten <910>","Wien 6.Bezirk, Mariahilf <906>",3
80 bis 84 Jahre,2025,"Wien 10.Bezirk, Favoriten <910>","Wien 7.Bezirk, Neubau <907>",-
80 bis 84 Jahre,2025,"Wien 10.Bezirk, Favoriten <910>","Wien 8.Bezirk, Josefstadt <908>",-
80 bis 84 Jahre,2025,"Wien 10.Bezirk, Favoriten <910>","Wien 9.Bezirk, Alsergrund <909>",1
80 bis 84 Jahre,2025,"Wien 10.Bezirk, Favoriten <910>","Wien 10.Bezirk, Favoriten <910>",59
80 bis 84 Jahre,2025,"Wien 10.Bezirk, Favoriten <910>","Wien 11.Bezirk, Simmering <911>",13
80 bis 84 Jahre,2025,"Wien 10.Bezirk, Favoriten <910>","Wien 12.Bezirk, Meidling <912>",13
80 bis 84 Jahre,2025,"Wien 10.Bezirk, Favoriten <910>","Wien 13.Bezirk, Hietzing <913>",6
80 bis 84 Jahre,2025,"Wien 10.Bezirk, Favoriten <910>","Wien 14.Bezirk, Penzing <914>",4
80 bis 84 Jahre,2025,"Wien 10.Bezirk, Favoriten <910>","Wien 15.Bezirk, Rudolfsheim-Fünfhaus <915>",3
80 bis 84 Jahre,2025,"Wien 10.Bezirk, Favoriten <910>","Wien 16.Bezirk, Ottakring <916>",-
80 bis 84 Jahre,2025,"Wien 10.Bezirk, Favoriten <910>","Wien 17.Bezirk, Hernals <917>",1
80 bis 84 Jahre,2025,"Wien 10.Bezirk, Favoriten <910>","Wien 18.Bezirk, Währing <918>",1
80 bis 84 Jahre,2025,"Wien 10.Bezirk, Favoriten <910>","Wien 19.Bezirk, Döbling <919>",4
80 bis 84 Jahre,2025,"Wien 10.Bezirk, Favoriten <910>","Wien 20.Bezirk, Brigittenau <920>",2
80 bis 84 Jahre,2025,"Wien 10.Bezirk, Favoriten <910>","Wien 21.Bezirk, Floridsdorf <921>",7
80 bis 84 Jahre,2025,"Wien 10.Bezirk, Favoriten <910>","Wien 22.Bezirk, Donaustadt <922>",9
80 bis 84 Jahre,2025,"Wien 10.Bezirk, Favoriten <910>","Wien 23.Bezirk, Liesing <923>",12
80 bis 84 Jahre,2025,"Wien 11.Bezirk, Simmering <911>","Wien 1.Bezirk, Innere Stadt <901>",1
80 bis 84 Jahre,2025,"Wien 11.Bezirk, Simmering <911>","Wien 2.Bezirk, Leopoldstadt <902>",4
80 bis 84 Jahre,2025,"Wien 11.Bezirk, Simmering <911>","Wien 3.Bezirk, Landstraße <903>",7
80 bis 84 Jahre,2025,"Wien 11.Bezirk, Simmering <911>","Wien 4.Bezirk, Wieden <904>",1
80 bis 84 Jahre,2025,"Wien 11.Bezirk, Simmering <911>","Wien 5.Bezirk, Margareten <905>",-
80 bis 84 Jahre,2025,"Wien 11.Bezirk, Simmering <911>","Wien 6.Bezirk, Mariahilf <906>",-
80 bis 84 Jahre,2025,"Wien 11.Bezirk, Simmering <911>","Wien 7.Bezirk, Neubau <907>",-
80 bis 84 Jahre,2025,"Wien 11.Bezirk, Simmering <911>","Wien 8.Bezirk, Josefstadt <908>",-
80 bis 84 Jahre,2025,"Wien 11.Bezirk, Simmering <911>","Wien 9.Bezirk, Alsergrund <909>",-
80 bis 84 Jahre,2025,"Wien 11.Bezirk, Simmering <911>","Wien 10.Bezirk, Favoriten <910>",7
80 bis 84 Jahre,2025,"Wien 11.Bezirk, Simmering <911>","Wien 11.Bezirk, Simmering <911>",10
80 bis 84 Jahre,2025,"Wien 11.Bezirk, Simmering <911>","Wien 12.Bezirk, Meidling <912>",2
80 bis 84 Jahre,2025,"Wien 11.Bezirk, Simmering <911>","Wien 13.Bezirk, Hietzing <913>",1
80 bis 84 Jahre,2025,"Wien 11.Bezirk, Simmering <911>","Wien 14.Bezirk, Penzing <914>",-
80 bis 84 Jahre,2025,"Wien 11.Bezirk, Simmering <911>","Wien 15.Bezirk, Rudolfsheim-Fünfhaus <915>",-
80 bis 84 Jahre,2025,"Wien 11.Bezirk, Simmering <911>","Wien 16.Bezirk, Ottakring <916>",-
80 bis 84 Jahre,2025,"Wien 11.Bezirk, Simmering <911>","Wien 17.Bezirk, Hernals <917>",-
80 bis 84 Jahre,2025,"Wien 11.Bezirk, Simmering <911>","Wien 18.Bezirk, Währing <918>",1
80 bis 84 Jahre,2025,"Wien 11.Bezirk, Simmering <911>","Wien 19.Bezirk, Döbling <919>",3
80 bis 84 Jahre,2025,"Wien 11.Bezirk, Simmering <911>","Wien 20.Bezirk, Brigittenau <920>",1
80 bis 84 Jahre,2025,"Wien 11.Bezirk, Simmering <911>","Wien 21.Bezirk, Floridsdorf <921>",2
80 bis 84 Jahre,2025,"Wien 11.Bezirk, Simmering <911>","Wien 22.Bezirk, Donaustadt <922>",9
80 bis 84 Jahre,2025,"Wien 11.Bezirk, Simmering <911>","Wien 23.Bezirk, Liesing <923>",4
80 bis 84 Jahre,2025,"Wien 12.Bezirk, Meidling <912>","Wien 1.Bezirk, Innere Stadt <901>",-
80 bis 84 Jahre,2025,"Wien 12.Bezirk, Meidling <912>","Wien 2.Bezirk, Leopoldstadt <902>",1
80 bis 84 Jahre,2025,"Wien 12.Bezirk, Meidling <912>","Wien 3.Bezirk, Landstraße <903>",1
80 bis 84 Jahre,2025,"Wien 12.Bezirk, Meidling <912>","Wien 4.Bezirk, Wieden <904>",2
80 bis 84 Jahre,2025,"Wien 12.Bezirk, Meidling <912>","Wien 5.Bezirk, Margareten <905>",2
80 bis 84 Jahre,2025,"Wien 12.Bezirk, Meidling <912>","Wien 6.Bezirk, Mariahilf <906>",-
80 bis 84 Jahre,2025,"Wien 12.Bezirk, Meidling <912>","Wien 7.Bezirk, Neubau <907>",-
80 bis 84 Jahre,2025,"Wien 12.Bezirk, Meidling <912>","Wien 8.Bezirk, Josefstadt <908>",-
80 bis 84 Jahre,2025,"Wien 12.Bezirk, Meidling <912>","Wien 9.Bezirk, Alsergrund <909>",-
80 bis 84 Jahre,2025,"Wien 12.Bezirk, Meidling <912>","Wien 10.Bezirk, Favoriten <910>",11
80 bis 84 Jahre,2025,"Wien 12.Bezirk, Meidling <912>","Wien 11.Bezirk, Simmering <911>",4
80 bis 84 Jahre,2025,"Wien 12.Bezirk, Meidling <912>","Wien 12.Bezirk, Meidling <912>",20
80 bis 84 Jahre,2025,"Wien 12.Bezirk, Meidling <912>","Wien 13.Bezirk, Hietzing <913>",15
80 bis 84 Jahre,2025,"Wien 12.Bezirk, Meidling <912>","Wien 14.Bezirk, Penzing <914>",6
80 bis 84 Jahre,2025,"Wien 12.Bezirk, Meidling <912>","Wien 15.Bezirk, Rudolfsheim-Fünfhaus <915>",2
80 bis 84 Jahre,2025,"Wien 12.Bezirk, Meidling <912>","Wien 16.Bezirk, Ottakring <916>",3
80 bis 84 Jahre,2025,"Wien 12.Bezirk, Meidling <912>","Wien 17.Bezirk, Hernals <917>",2
80 bis 84 Jahre,2025,"Wien 12.Bezirk, Meidling <912>","Wien 18.Bezirk, Währing <918>",-
80 bis 84 Jahre,2025,"Wien 12.Bezirk, Meidling <912>","Wien 19.Bezirk, Döbling <919>",7
80 bis 84 Jahre,2025,"Wien 12.Bezirk, Meidling <912>","Wien 20.Bezirk, Brigittenau <920>",2
80 bis 84 Jahre,2025,"Wien 12.Bezirk, Meidling <912>","Wien 21.Bezirk, Floridsdorf <921>",1
80 bis 84 Jahre,2025,"Wien 12.Bezirk, Meidling <912>","Wien 22.Bezirk, Donaustadt <922>",-
80 bis 84 Jahre,2025,"Wien 12.Bezirk, Meidling <912>","Wien 23.Bezirk, Liesing <923>",11
80 bis 84 Jahre,2025,"Wien 13.Bezirk, Hietzing <913>","Wien 1.Bezirk, Innere Stadt <901>",-
80 bis 84 Jahre,2025,"Wien 13.Bezirk, Hietzing <913>","Wien 2.Bezirk, Leopoldstadt <902>",2
80 bis 84 Jahre,2025,"Wien 13.Bezirk, Hietzing <913>","Wien 3.Bezirk, Landstraße <903>",4
80 bis 84 Jahre,2025,"Wien 13.Bezirk, Hietzing <913>","Wien 4.Bezirk, Wieden <904>",1
80 bis 84 Jahre,2025,"Wien 13.Bezirk, Hietzing <913>","Wien 5.Bezirk, Margareten <905>",1
80 bis 84 Jahre,2025,"Wien 13.Bezirk, Hietzing <913>","Wien 6.Bezirk, Mariahilf <906>",-
80 bis 84 Jahre,2025,"Wien 13.Bezirk, Hietzing <913>","Wien 7.Bezirk, Neubau <907>",-
80 bis 84 Jahre,2025,"Wien 13.Bezirk, Hietzing <913>","Wien 8.Bezirk, Josefstadt <908>",-
80 bis 84 Jahre,2025,"Wien 13.Bezirk, Hietzing <913>","Wien 9.Bezirk, Alsergrund <909>",1
80 bis 84 Jahre,2025,"Wien 13.Bezirk, Hietzing <913>","Wien 10.Bezirk, Favoriten <910>",-
80 bis 84 Jahre,2025,"Wien 13.Bezirk, Hietzing <913>","Wien 11.Bezirk, Simmering <911>",-
80 bis 84 Jahre,2025,"Wien 13.Bezirk, Hietzing <913>","Wien 12.Bezirk, Meidling <912>",2
80 bis 84 Jahre,2025,"Wien 13.Bezirk, Hietzing <913>","Wien 13.Bezirk, Hietzing <913>",21
80 bis 84 Jahre,2025,"Wien 13.Bezirk, Hietzing <913>","Wien 14.Bezirk, Penzing <914>",9
80 bis 84 Jahre,2025,"Wien 13.Bezirk, Hietzing <913>","Wien 15.Bezirk, Rudolfsheim-Fünfhaus <915>",1
80 bis 84 Jahre,2025,"Wien 13.Bezirk, Hietzing <913>","Wien 16.Bezirk, Ottakring <916>",2
80 bis 84 Jahre,2025,"Wien 13.Bezirk, Hietzing <913>","Wien 17.Bezirk, Hernals <917>",-
80 bis 84 Jahre,2025,"Wien 13.Bezirk, Hietzing <913>","Wien 18.Bezirk, Währing <918>",-
80 bis 84 Jahre,2025,"Wien 13.Bezirk, Hietzing <913>","Wien 19.Bezirk, Döbling <919>",2
80 bis 84 Jahre,2025,"Wien 13.Bezirk, Hietzing <913>","Wien 20.Bezirk, Brigittenau <920>",-
80 bis 84 Jahre,2025,"Wien 13.Bezirk, Hietzing <913>","Wien 21.Bezirk, Floridsdorf <921>",-
80 bis 84 Jahre,2025,"Wien 13.Bezirk, Hietzing <913>","Wien 22.Bezirk, Donaustadt <922>",-
80 bis 84 Jahre,2025,"Wien 13.Bezirk, Hietzing <913>","Wien 23.Bezirk, Liesing <923>",4
80 bis 84 Jahre,2025,"Wien 14.Bezirk, Penzing <914>","Wien 1.Bezirk, Innere Stadt <901>",-
80 bis 84 Jahre,2025,"Wien 14.Bezirk, Penzing <914>","Wien 2.Bezirk, Leopoldstadt <902>",2
80 bis 84 Jahre,2025,"Wien 14.Bezirk, Penzing <914>","Wien 3.Bezirk, Landstraße <903>",-
80 bis 84 Jahre,2025,"Wien 14.Bezirk, Penzing <914>","Wien 4.Bezirk, Wieden <904>",-
80 bis 84 Jahre,2025,"Wien 14.Bezirk, Penzing <914>","Wien 5.Bezirk, Margareten <905>",-
80 bis 84 Jahre,2025,"Wien 14.Bezirk, Penzing <914>","Wien 6.Bezirk, Mariahilf <906>",1
80 bis 84 Jahre,2025,"Wien 14.Bezirk, Penzing <914>","Wien 7.Bezirk, Neubau <907>",1
80 bis 84 Jahre,2025,"Wien 14.Bezirk, Penzing <914>","Wien 8.Bezirk, Josefstadt <908>",-
80 bis 84 Jahre,2025,"Wien 14.Bezirk, Penzing <914>","Wien 9.Bezirk, Alsergrund <909>",-
80 bis 84 Jahre,2025,"Wien 14.Bezirk, Penzing <914>","Wien 10.Bezirk, Favoriten <910>",5
80 bis 84 Jahre,2025,"Wien 14.Bezirk, Penzing <914>","Wien 11.Bezirk, Simmering <911>",-
80 bis 84 Jahre,2025,"Wien 14.Bezirk, Penzing <914>","Wien 12.Bezirk, Meidling <912>",11
80 bis 84 Jahre,2025,"Wien 14.Bezirk, Penzing <914>","Wien 13.Bezirk, Hietzing <913>",10
80 bis 84 Jahre,2025,"Wien 14.Bezirk, Penzing <914>","Wien 14.Bezirk, Penzing <914>",16
80 bis 84 Jahre,2025,"Wien 14.Bezirk, Penzing <914>","Wien 15.Bezirk, Rudolfsheim-Fünfhaus <915>",6
80 bis 84 Jahre,2025,"Wien 14.Bezirk, Penzing <914>","Wien 16.Bezirk, Ottakring <916>",3
80 bis 84 Jahre,2025,"Wien 14.Bezirk, Penzing <914>","Wien 17.Bezirk, Hernals <917>",3
80 bis 84 Jahre,2025,"Wien 14.Bezirk, Penzing <914>","Wien 18.Bezirk, Währing <918>",2
80 bis 84 Jahre,2025,"Wien 14.Bezirk, Penzing <914>","Wien 19.Bezirk, Döbling <919>",5
80 bis 84 Jahre,2025,"Wien 14.Bezirk, Penzing <914>","Wien 20.Bezirk, Brigittenau <920>",1
80 bis 84 Jahre,2025,"Wien 14.Bezirk, Penzing <914>","Wien 21.Bezirk, Floridsdorf <921>",1
80 bis 84 Jahre,2025,"Wien 14.Bezirk, Penzing <914>","Wien 22.Bezirk, Donaustadt <922>",4
80 bis 84 Jahre,2025,"Wien 14.Bezirk, Penzing <914>","Wien 23.Bezirk, Liesing <923>",3
80 bis 84 Jahre,2025,"Wien 15.Bezirk, Rudolfsheim-Fünfhaus <915>","Wien 1.Bezirk, Innere Stadt <901>",-
80 bis 84 Jahre,2025,"Wien 15.Bezirk, Rudolfsheim-Fünfhaus <915>","Wien 2.Bezirk, Leopoldstadt <902>",1
80 bis 84 Jahre,2025,"Wien 15.Bezirk, Rudolfsheim-Fünfhaus <915>","Wien 3.Bezirk, Landstraße <903>",-
80 bis 84 Jahre,2025,"Wien 15.Bezirk, Rudolfsheim-Fünfhaus <915>","Wien 4.Bezirk, Wieden <904>",1
80 bis 84 Jahre,2025,"Wien 15.Bezirk, Rudolfsheim-Fünfhaus <915>","Wien 5.Bezirk, Margareten <905>",-
80 bis 84 Jahre,2025,"Wien 15.Bezirk, Rudolfsheim-Fünfhaus <915>","Wien 6.Bezirk, Mariahilf <906>",3
80 bis 84 Jahre,2025,"Wien 15.Bezirk, Rudolfsheim-Fünfhaus <915>","Wien 7.Bezirk, Neubau <907>",-
80 bis 84 Jahre,2025,"Wien 15.Bezirk, Rudolfsheim-Fünfhaus <915>","Wien 8.Bezirk, Josefstadt <908>",-
80 bis 84 Jahre,2025,"Wien 15.Bezirk, Rudolfsheim-Fünfhaus <915>","Wien 9.Bezirk, Alsergrund <909>",3
80 bis 84 Jahre,2025,"Wien 15.Bezirk, Rudolfsheim-Fünfhaus <915>","Wien 10.Bezirk, Favoriten <910>",2
80 bis 84 Jahre,2025,"Wien 15.Bezirk, Rudolfsheim-Fünfhaus <915>","Wien 11.Bezirk, Simmering <911>",-
80 bis 84 Jahre,2025,"Wien 15.Bezirk, Rudolfsheim-Fünfhaus <915>","Wien 12.Bezirk, Meidling <912>",7
80 bis 84 Jahre,2025,"Wien 15.Bezirk, Rudolfsheim-Fünfhaus <915>","Wien 13.Bezirk, Hietzing <913>",2
80 bis 84 Jahre,2025,"Wien 15.Bezirk, Rudolfsheim-Fünfhaus <915>","Wien 14.Bezirk, Penzing <914>",5
80 bis 84 Jahre,2025,"Wien 15.Bezirk, Rudolfsheim-Fünfhaus <915>","Wien 15.Bezirk, Rudolfsheim-Fünfhaus <915>",10
80 bis 84 Jahre,2025,"Wien 15.Bezirk, Rudolfsheim-Fünfhaus <915>","Wien 16.Bezirk, Ottakring <916>",-
80 bis 84 Jahre,2025,"Wien 15.Bezirk, Rudolfsheim-Fünfhaus <915>","Wien 17.Bezirk, Hernals <917>",-
80 bis 84 Jahre,2025,"Wien 15.Bezirk, Rudolfsheim-Fünfhaus <915>","Wien 18.Bezirk, Währing <918>",-
80 bis 84 Jahre,2025,"Wien 15.Bezirk, Rudolfsheim-Fünfhaus <915>","Wien 19.Bezirk, Döbling <919>",3
80 bis 84 Jahre,2025,"Wien 15.Bezirk, Rudolfsheim-Fünfhaus <915>","Wien 20.Bezirk, Brigittenau <920>",-
80 bis 84 Jahre,2025,"Wien 15.Bezirk, Rudolfsheim-Fünfhaus <915>","Wien 21.Bezirk, Floridsdorf <921>",3
80 bis 84 Jahre,2025,"Wien 15.Bezirk, Rudolfsheim-Fünfhaus <915>","Wien 22.Bezirk, Donaustadt <922>",2
80 bis 84 Jahre,2025,"Wien 15.Bezirk, Rudolfsheim-Fünfhaus <915>","Wien 23.Bezirk, Liesing <923>",5
80 bis 84 Jahre,2025,"Wien 16.Bezirk, Ottakring <916>","Wien 1.Bezirk, Innere Stadt <901>",1
80 bis 84 Jahre,2025,"Wien 16.Bezirk, Ottakring <916>","Wien 2.Bezirk, Leopoldstadt <902>",2
80 bis 84 Jahre,2025,"Wien 16.Bezirk, Ottakring <916>","Wien 3.Bezirk, Landstraße <903>",-
80 bis 84 Jahre,2025,"Wien 16.Bezirk, Ottakring <916>","Wien 4.Bezirk, Wieden <904>",-
80 bis 84 Jahre,2025,"Wien 16.Bezirk, Ottakring <916>","Wien 5.Bezirk, Margareten <905>",1
80 bis 84 Jahre,2025,"Wien 16.Bezirk, Ottakring <916>","Wien 6.Bezirk, Mariahilf <906>",1
80 bis 84 Jahre,2025,"Wien 16.Bezirk, Ottakring <916>","Wien 7.Bezirk, Neubau <907>",1
80 bis 84 Jahre,2025,"Wien 16.Bezirk, Ottakring <916>","Wien 8.Bezirk, Josefstadt <908>",-
80 bis 84 Jahre,2025,"Wien 16.Bezirk, Ottakring <916>","Wien 9.Bezirk, Alsergrund <909>",3
80 bis 84 Jahre,2025,"Wien 16.Bezirk, Ottakring <916>","Wien 10.Bezirk, Favoriten <910>",3
80 bis 84 Jahre,2025,"Wien 16.Bezirk, Ottakring <916>","Wien 11.Bezirk, Simmering <911>",1
80 bis 84 Jahre,2025,"Wien 16.Bezirk, Ottakring <916>","Wien 12.Bezirk, Meidling <912>",3
80 bis 84 Jahre,2025,"Wien 16.Bezirk, Ottakring <916>","Wien 13.Bezirk, Hietzing <913>",2
80 bis 84 Jahre,2025,"Wien 16.Bezirk, Ottakring <916>","Wien 14.Bezirk, Penzing <914>",7
80 bis 84 Jahre,2025,"Wien 16.Bezirk, Ottakring <916>","Wien 15.Bezirk, Rudolfsheim-Fünfhaus <915>",10
80 bis 84 Jahre,2025,"Wien 16.Bezirk, Ottakring <916>","Wien 16.Bezirk, Ottakring <916>",22
80 bis 84 Jahre,2025,"Wien 16.Bezirk, Ottakring <916>","Wien 17.Bezirk, Hernals <917>",6
80 bis 84 Jahre,2025,"Wien 16.Bezirk, Ottakring <916>","Wien 18.Bezirk, Währing <918>",8
80 bis 84 Jahre,2025,"Wien 16.Bezirk, Ottakring <916>","Wien 19.Bezirk, Döbling <919>",5
80 bis 84 Jahre,2025,"Wien 16.Bezirk, Ottakring <916>","Wien 20.Bezirk, Brigittenau <920>",1
80 bis 84 Jahre,2025,"Wien 16.Bezirk, Ottakring <916>","Wien 21.Bezirk, Floridsdorf <921>",1
80 bis 84 Jahre,2025,"Wien 16.Bezirk, Ottakring <916>","Wien 22.Bezirk, Donaustadt <922>",3
80 bis 84 Jahre,2025,"Wien 16.Bezirk, Ottakring <916>","Wien 23.Bezirk, Liesing <923>",4
80 bis 84 Jahre,2025,"Wien 17.Bezirk, Hernals <917>","Wien 1.Bezirk, Innere Stadt <901>",-
80 bis 84 Jahre,2025,"Wien 17.Bezirk, Hernals <917>","Wien 2.Bezirk, Leopoldstadt <902>",3
80 bis 84 Jahre,2025,"Wien 17.Bezirk, Hernals <917>","Wien 3.Bezirk, Landstraße <903>",-
80 bis 84 Jahre,2025,"Wien 17.Bezirk, Hernals <917>","Wien 4.Bezirk, Wieden <904>",-
80 bis 84 Jahre,2025,"Wien 17.Bezirk, Hernals <917>","Wien 5.Bezirk, Margareten <905>",-
80 bis 84 Jahre,2025,"Wien 17.Bezirk, Hernals <917>","Wien 6.Bezirk, Mariahilf <906>",-
80 bis 84 Jahre,2025,"Wien 17.Bezirk, Hernals <917>","Wien 7.Bezirk, Neubau <907>",-
80 bis 84 Jahre,2025,"Wien 17.Bezirk, Hernals <917>","Wien 8.Bezirk, Josefstadt <908>",-
80 bis 84 Jahre,2025,"Wien 17.Bezirk, Hernals <917>","Wien 9.Bezirk, Alsergrund <909>",1
80 bis 84 Jahre,2025,"Wien 17.Bezirk, Hernals <917>","Wien 10.Bezirk, Favoriten <910>",5
80 bis 84 Jahre,2025,"Wien 17.Bezirk, Hernals <917>","Wien 11.Bezirk, Simmering <911>",1
80 bis 84 Jahre,2025,"Wien 17.Bezirk, Hernals <917>","Wien 12.Bezirk, Meidling <912>",1
80 bis 84 Jahre,2025,"Wien 17.Bezirk, Hernals <917>","Wien 13.Bezirk, Hietzing <913>",3
80 bis 84 Jahre,2025,"Wien 17.Bezirk, Hernals <917>","Wien 14.Bezirk, Penzing <914>",4
80 bis 84 Jahre,2025,"Wien 17.Bezirk, Hernals <917>","Wien 15.Bezirk, Rudolfsheim-Fünfhaus <915>",3
80 bis 84 Jahre,2025,"Wien 17.Bezirk, Hernals <917>","Wien 16.Bezirk, Ottakring <916>",1
80 bis 84 Jahre,2025,"Wien 17.Bezirk, Hernals <917>","Wien 17.Bezirk, Hernals <917>",8
80 bis 84 Jahre,2025,"Wien 17.Bezirk, Hernals <917>","Wien 18.Bezirk, Währing <918>",3
80 bis 84 Jahre,2025,"Wien 17.Bezirk, Hernals <917>","Wien 19.Bezirk, Döbling <919>",10
80 bis 84 Jahre,2025,"Wien 17.Bezirk, Hernals <917>","Wien 20.Bezirk, Brigittenau <920>",1
80 bis 84 Jahre,2025,"Wien 17.Bezirk, Hernals <917>","Wien 21.Bezirk, Floridsdorf <921>",2
80 bis 84 Jahre,2025,"Wien 17.Bezirk, Hernals <917>","Wien 22.Bezirk, Donaustadt <922>",3
80 bis 84 Jahre,2025,"Wien 17.Bezirk, Hernals <917>","Wien 23.Bezirk, Liesing <923>",-
80 bis 84 Jahre,2025,"Wien 18.Bezirk, Währing <918>","Wien 1.Bezirk, Innere Stadt <901>",-
80 bis 84 Jahre,2025,"Wien 18.Bezirk, Währing <918>","Wien 2.Bezirk, Leopoldstadt <902>",1
80 bis 84 Jahre,2025,"Wien 18.Bezirk, Währing <918>","Wien 3.Bezirk, Landstraße <903>",5
80 bis 84 Jahre,2025,"Wien 18.Bezirk, Währing <918>","Wien 4.Bezirk, Wieden <904>",1
80 bis 84 Jahre,2025,"Wien 18.Bezirk, Währing <918>","Wien 5.Bezirk, Margareten <905>",2
80 bis 84 Jahre,2025,"Wien 18.Bezirk, Währing <918>","Wien 6.Bezirk, Mariahilf <906>",-
80 bis 84 Jahre,2025,"Wien 18.Bezirk, Währing <918>","Wien 7.Bezirk, Neubau <907>",-
80 bis 84 Jahre,2025,"Wien 18.Bezirk, Währing <918>","Wien 8.Bezirk, Josefstadt <908>",-
80 bis 84 Jahre,2025,"Wien 18.Bezirk, Währing <918>","Wien 9.Bezirk, Alsergrund <909>",-
80 bis 84 Jahre,2025,"Wien 18.Bezirk, Währing <918>","Wien 10.Bezirk, Favoriten <910>",4
80 bis 84 Jahre,2025,"Wien 18.Bezirk, Währing <918>","Wien 11.Bezirk, Simmering <911>",-
80 bis 84 Jahre,2025,"Wien 18.Bezirk, Währing <918>","Wien 12.Bezirk, Meidling <912>",1
80 bis 84 Jahre,2025,"Wien 18.Bezirk, Währing <918>","Wien 13.Bezirk, Hietzing <913>",3
80 bis 84 Jahre,2025,"Wien 18.Bezirk, Währing <918>","Wien 14.Bezirk, Penzing <914>",2
80 bis 84 Jahre,2025,"Wien 18.Bezirk, Währing <918>","Wien 15.Bezirk, Rudolfsheim-Fünfhaus <915>",3
80 bis 84 Jahre,2025,"Wien 18.Bezirk, Währing <918>","Wien 16.Bezirk, Ottakring <916>",2
80 bis 84 Jahre,2025,"Wien 18.Bezirk, Währing <918>","Wien 17.Bezirk, Hernals <917>",2
80 bis 84 Jahre,2025,"Wien 18.Bezirk, Währing <918>","Wien 18.Bezirk, Währing <918>",8
80 bis 84 Jahre,2025,"Wien 18.Bezirk, Währing <918>","Wien 19.Bezirk, Döbling <919>",6
80 bis 84 Jahre,2025,"Wien 18.Bezirk, Währing <918>","Wien 20.Bezirk, Brigittenau <920>",1
80 bis 84 Jahre,2025,"Wien 18.Bezirk, Währing <918>","Wien 21.Bezirk, Floridsdorf <921>",1
80 bis 84 Jahre,2025,"Wien 18.Bezirk, Währing <918>","Wien 22.Bezirk, Donaustadt <922>",-
80 bis 84 Jahre,2025,"Wien 18.Bezirk, Währing <918>","Wien 23.Bezirk, Liesing <923>",1
80 bis 84 Jahre,2025,"Wien 19.Bezirk, Döbling <919>","Wien 1.Bezirk, Innere Stadt <901>",-
80 bis 84 Jahre,2025,"Wien 19.Bezirk, Döbling <919>","Wien 2.Bezirk, Leopoldstadt <902>",2
80 bis 84 Jahre,2025,"Wien 19.Bezirk, Döbling <919>","Wien 3.Bezirk, Landstraße <903>",-
80 bis 84 Jahre,2025,"Wien 19.Bezirk, Döbling <919>","Wien 4.Bezirk, Wieden <904>",-
80 bis 84 Jahre,2025,"Wien 19.Bezirk, Döbling <919>","Wien 5.Bezirk, Margareten <905>",1
80 bis 84 Jahre,2025,"Wien 19.Bezirk, Döbling <919>","Wien 6.Bezirk, Mariahilf <906>",-
80 bis 84 Jahre,2025,"Wien 19.Bezirk, Döbling <919>","Wien 7.Bezirk, Neubau <907>",2
80 bis 84 Jahre,2025,"Wien 19.Bezirk, Döbling <919>","Wien 8.Bezirk, Josefstadt <908>",-
80 bis 84 Jahre,2025,"Wien 19.Bezirk, Döbling <919>","Wien 9.Bezirk, Alsergrund <909>",1
80 bis 84 Jahre,2025,"Wien 19.Bezirk, Döbling <919>","Wien 10.Bezirk, Favoriten <910>",2
80 bis 84 Jahre,2025,"Wien 19.Bezirk, Döbling <919>","Wien 11.Bezirk, Simmering <911>",-
80 bis 84 Jahre,2025,"Wien 19.Bezirk, Döbling <919>","Wien 12.Bezirk, Meidling <912>",2
80 bis 84 Jahre,2025,"Wien 19.Bezirk, Döbling <919>","Wien 13.Bezirk, Hietzing <913>",3
80 bis 84 Jahre,2025,"Wien 19.Bezirk, Döbling <919>","Wien 14.Bezirk, Penzing <914>",3
80 bis 84 Jahre,2025,"Wien 19.Bezirk, Döbling <919>","Wien 15.Bezirk, Rudolfsheim-Fünfhaus <915>",2
80 bis 84 Jahre,2025,"Wien 19.Bezirk, Döbling <919>","Wien 16.Bezirk, Ottakring <916>",-
80 bis 84 Jahre,2025,"Wien 19.Bezirk, Döbling <919>","Wien 17.Bezirk, Hernals <917>",2
80 bis 84 Jahre,2025,"Wien 19.Bezirk, Döbling <919>","Wien 18.Bezirk, Währing <918>",6
80 bis 84 Jahre,2025,"Wien 19.Bezirk, Döbling <919>","Wien 19.Bezirk, Döbling <919>",49
80 bis 84 Jahre,2025,"Wien 19.Bezirk, Döbling <919>","Wien 20.Bezirk, Brigittenau <920>",2
80 bis 84 Jahre,2025,"Wien 19.Bezirk, Döbling <919>","Wien 21.Bezirk, Floridsdorf <921>",1
80 bis 84 Jahre,2025,"Wien 19.Bezirk, Döbling <919>","Wien 22.Bezirk, Donaustadt <922>",3
80 bis 84 Jahre,2025,"Wien 19.Bezirk, Döbling <919>","Wien 23.Bezirk, Liesing <923>",4
80 bis 84 Jahre,2025,"Wien 20.Bezirk, Brigittenau <920>","Wien 1.Bezirk, Innere Stadt <901>",-
80 bis 84 Jahre,2025,"Wien 20.Bezirk, Brigittenau <920>","Wien 2.Bezirk, Leopoldstadt <902>",8
80 bis 84 Jahre,2025,"Wien 20.Bezirk, Brigittenau <920>","Wien 3.Bezirk, Landstraße <903>",2
80 bis 84 Jahre,2025,"Wien 20.Bezirk, Brigittenau <920>","Wien 4.Bezirk, Wieden <904>",-
80 bis 84 Jahre,2025,"Wien 20.Bezirk, Brigittenau <920>","Wien 5.Bezirk, Margareten <905>",-
80 bis 84 Jahre,2025,"Wien 20.Bezirk, Brigittenau <920>","Wien 6.Bezirk, Mariahilf <906>",1
80 bis 84 Jahre,2025,"Wien 20.Bezirk, Brigittenau <920>","Wien 7.Bezirk, Neubau <907>",-
80 bis 84 Jahre,2025,"Wien 20.Bezirk, Brigittenau <920>","Wien 8.Bezirk, Josefstadt <908>",-
80 bis 84 Jahre,2025,"Wien 20.Bezirk, Brigittenau <920>","Wien 9.Bezirk, Alsergrund <909>",-
80 bis 84 Jahre,2025,"Wien 20.Bezirk, Brigittenau <920>","Wien 10.Bezirk, Favoriten <910>",1
80 bis 84 Jahre,2025,"Wien 20.Bezirk, Brigittenau <920>","Wien 11.Bezirk, Simmering <911>",1
80 bis 84 Jahre,2025,"Wien 20.Bezirk, Brigittenau <920>","Wien 12.Bezirk, Meidling <912>",3
80 bis 84 Jahre,2025,"Wien 20.Bezirk, Brigittenau <920>","Wien 13.Bezirk, Hietzing <913>",-
80 bis 84 Jahre,2025,"Wien 20.Bezirk, Brigittenau <920>","Wien 14.Bezirk, Penzing <914>",3
80 bis 84 Jahre,2025,"Wien 20.Bezirk, Brigittenau <920>","Wien 15.Bezirk, Rudolfsheim-Fünfhaus <915>",1
80 bis 84 Jahre,2025,"Wien 20.Bezirk, Brigittenau <920>","Wien 16.Bezirk, Ottakring <916>",1
80 bis 84 Jahre,2025,"Wien 20.Bezirk, Brigittenau <920>","Wien 17.Bezirk, Hernals <917>",-
80 bis 84 Jahre,2025,"Wien 20.Bezirk, Brigittenau <920>","Wien 18.Bezirk, Währing <918>",2
80 bis 84 Jahre,2025,"Wien 20.Bezirk, Brigittenau <920>","Wien 19.Bezirk, Döbling <919>",10
80 bis 84 Jahre,2025,"Wien 20.Bezirk, Brigittenau <920>","Wien 20.Bezirk, Brigittenau <920>",15
80 bis 84 Jahre,2025,"Wien 20.Bezirk, Brigittenau <920>","Wien 21.Bezirk, Floridsdorf <921>",6
80 bis 84 Jahre,2025,"Wien 20.Bezirk, Brigittenau <920>","Wien 22.Bezirk, Donaustadt <922>",5
80 bis 84 Jahre,2025,"Wien 20.Bezirk, Brigittenau <920>","Wien 23.Bezirk, Liesing <923>",2
80 bis 84 Jahre,2025,"Wien 21.Bezirk, Floridsdorf <921>","Wien 1.Bezirk, Innere Stadt <901>",-
80 bis 84 Jahre,2025,"Wien 21.Bezirk, Floridsdorf <921>","Wien 2.Bezirk, Leopoldstadt <902>",10
80 bis 84 Jahre,2025,"Wien 21.Bezirk, Floridsdorf <921>","Wien 3.Bezirk, Landstraße <903>",4
80 bis 84 Jahre,2025,"Wien 21.Bezirk, Floridsdorf <921>","Wien 4.Bezirk, Wieden <904>",-
80 bis 84 Jahre,2025,"Wien 21.Bezirk, Floridsdorf <921>","Wien 5.Bezirk, Margareten <905>",-
80 bis 84 Jahre,2025,"Wien 21.Bezirk, Floridsdorf <921>","Wien 6.Bezirk, Mariahilf <906>",1
80 bis 84 Jahre,2025,"Wien 21.Bezirk, Floridsdorf <921>","Wien 7.Bezirk, Neubau <907>",-
80 bis 84 Jahre,2025,"Wien 21.Bezirk, Floridsdorf <921>","Wien 8.Bezirk, Josefstadt <908>",-
80 bis 84 Jahre,2025,"Wien 21.Bezirk, Floridsdorf <921>","Wien 9.Bezirk, Alsergrund <909>",3
80 bis 84 Jahre,2025,"Wien 21.Bezirk, Floridsdorf <921>","Wien 10.Bezirk, Favoriten <910>",6
80 bis 84 Jahre,2025,"Wien 21.Bezirk, Floridsdorf <921>","Wien 11.Bezirk, Simmering <911>",3
80 bis 84 Jahre,2025,"Wien 21.Bezirk, Floridsdorf <921>","Wien 12.Bezirk, Meidling <912>",2
80 bis 84 Jahre,2025,"Wien 21.Bezirk, Floridsdorf <921>","Wien 13.Bezirk, Hietzing <913>",4
80 bis 84 Jahre,2025,"Wien 21.Bezirk, Floridsdorf <921>","Wien 14.Bezirk, Penzing <914>",3
80 bis 84 Jahre,2025,"Wien 21.Bezirk, Floridsdorf <921>","Wien 15.Bezirk, Rudolfsheim-Fünfhaus <915>",3
80 bis 84 Jahre,2025,"Wien 21.Bezirk, Floridsdorf <921>","Wien 16.Bezirk, Ottakring <916>",3
80 bis 84 Jahre,2025,"Wien 21.Bezirk, Floridsdorf <921>","Wien 17.Bezirk, Hernals <917>",1
80 bis 84 Jahre,2025,"Wien 21.Bezirk, Floridsdorf <921>","Wien 18.Bezirk, Währing <918>",4
80 bis 84 Jahre,2025,"Wien 21.Bezirk, Floridsdorf <921>","Wien 19.Bezirk, Döbling <919>",12
80 bis 84 Jahre,2025,"Wien 21.Bezirk, Floridsdorf <921>","Wien 20.Bezirk, Brigittenau <920>",5
80 bis 84 Jahre,2025,"Wien 21.Bezirk, Floridsdorf <921>","Wien 21.Bezirk, Floridsdorf <921>",51
80 bis 84 Jahre,2025,"Wien 21.Bezirk, Floridsdorf <921>","Wien 22.Bezirk, Donaustadt <922>",24
80 bis 84 Jahre,2025,"Wien 21.Bezirk, Floridsdorf <921>","Wien 23.Bezirk, Liesing <923>",5
80 bis 84 Jahre,2025,"Wien 22.Bezirk, Donaustadt <922>","Wien 1.Bezirk, Innere Stadt <901>",1
80 bis 84 Jahre,2025,"Wien 22.Bezirk, Donaustadt <922>","Wien 2.Bezirk, Leopoldstadt <902>",10
80 bis 84 Jahre,2025,"Wien 22.Bezirk, Donaustadt <922>","Wien 3.Bezirk, Landstraße <903>",2
80 bis 84 Jahre,2025,"Wien 22.Bezirk, Donaustadt <922>","Wien 4.Bezirk, Wieden <904>",2
80 bis 84 Jahre,2025,"Wien 22.Bezirk, Donaustadt <922>","Wien 5.Bezirk, Margareten <905>",1
80 bis 84 Jahre,2025,"Wien 22.Bezirk, Donaustadt <922>","Wien 6.Bezirk, Mariahilf <906>",1
80 bis 84 Jahre,2025,"Wien 22.Bezirk, Donaustadt <922>","Wien 7.Bezirk, Neubau <907>",1
80 bis 84 Jahre,2025,"Wien 22.Bezirk, Donaustadt <922>","Wien 8.Bezirk, Josefstadt <908>",1
80 bis 84 Jahre,2025,"Wien 22.Bezirk, Donaustadt <922>","Wien 9.Bezirk, Alsergrund <909>",1
80 bis 84 Jahre,2025,"Wien 22.Bezirk, Donaustadt <922>","Wien 10.Bezirk, Favoriten <910>",10
80 bis 84 Jahre,2025,"Wien 22.Bezirk, Donaustadt <922>","Wien 11.Bezirk, Simmering <911>",2
80 bis 84 Jahre,2025,"Wien 22.Bezirk, Donaustadt <922>","Wien 12.Bezirk, Meidling <912>",5
80 bis 84 Jahre,2025,"Wien 22.Bezirk, Donaustadt <922>","Wien 13.Bezirk, Hietzing <913>",4
80 bis 84 Jahre,2025,"Wien 22.Bezirk, Donaustadt <922>","Wien 14.Bezirk, Penzing <914>",3
80 bis 84 Jahre,2025,"Wien 22.Bezirk, Donaustadt <922>","Wien 15.Bezirk, Rudolfsheim-Fünfhaus <915>",3
80 bis 84 Jahre,2025,"Wien 22.Bezirk, Donaustadt <922>","Wien 16.Bezirk, Ottakring <916>",-
80 bis 84 Jahre,2025,"Wien 22.Bezirk, Donaustadt <922>","Wien 17.Bezirk, Hernals <917>",2
80 bis 84 Jahre,2025,"Wien 22.Bezirk, Donaustadt <922>","Wien 18.Bezirk, Währing <918>",1
80 bis 84 Jahre,2025,"Wien 22.Bezirk, Donaustadt <922>","Wien 19.Bezirk, Döbling <919>",7
80 bis 84 Jahre,2025,"Wien 22.Bezirk, Donaustadt <922>","Wien 20.Bezirk, Brigittenau <920>",7
80 bis 84 Jahre,2025,"Wien 22.Bezirk, Donaustadt <922>","Wien 21.Bezirk, Floridsdorf <921>",14
80 bis 84 Jahre,2025,"Wien 22.Bezirk, Donaustadt <922>","Wien 22.Bezirk, Donaustadt <922>",47
80 bis 84 Jahre,2025,"Wien 22.Bezirk, Donaustadt <922>","Wien 23.Bezirk, Liesing <923>",5
80 bis 84 Jahre,2025,"Wien 23.Bezirk, Liesing <923>","Wien 1.Bezirk, Innere Stadt <901>",-
80 bis 84 Jahre,2025,"Wien 23.Bezirk, Liesing <923>","Wien 2.Bezirk, Leopoldstadt <902>",2
80 bis 84 Jahre,2025,"Wien 23.Bezirk, Liesing <923>","Wien 3.Bezirk, Landstraße <903>",3
80 bis 84 Jahre,2025,"Wien 23.Bezirk, Liesing <923>","Wien 4.Bezirk, Wieden <904>",-
80 bis 84 Jahre,2025,"Wien 23.Bezirk, Liesing <923>","Wien 5.Bezirk, Margareten <905>",-
80 bis 84 Jahre,2025,"Wien 23.Bezirk, Liesing <923>","Wien 6.Bezirk, Mariahilf <906>",2
80 bis 84 Jahre,2025,"Wien 23.Bezirk, Liesing <923>","Wien 7.Bezirk, Neubau <907>",1
80 bis 84 Jahre,2025,"Wien 23.Bezirk, Liesing <923>","Wien 8.Bezirk, Josefstadt <908>",-
80 bis 84 Jahre,2025,"Wien 23.Bezirk, Liesing <923>","Wien 9.Bezirk, Alsergrund <909>",-
80 bis 84 Jahre,2025,"Wien 23.Bezirk, Liesing <923>","Wien 10.Bezirk, Favoriten <910>",10
80 bis 84 Jahre,2025,"Wien 23.Bezirk, Liesing <923>","Wien 11.Bezirk, Simmering <911>",2
80 bis 84 Jahre,2025,"Wien 23.Bezirk, Liesing <923>","Wien 12.Bezirk, Meidling <912>",6
80 bis 84 Jahre,2025,"Wien 23.Bezirk, Liesing <923>","Wien 13.Bezirk, Hietzing <913>",12
80 bis 84 Jahre,2025,"Wien 23.Bezirk, Liesing <923>","Wien 14.Bezirk, Penzing <914>",-
80 bis 84 Jahre,2025,"Wien 23.Bezirk, Liesing <923>","Wien 15.Bezirk, Rudolfsheim-Fünfhaus <915>",3
80 bis 84 Jahre,2025,"Wien 23.Bezirk, Liesing <923>","Wien 16.Bezirk, Ottakring <916>",1
80 bis 84 Jahre,2025,"Wien 23.Bezirk, Liesing <923>","Wien 17.Bezirk, Hernals <917>",2
80 bis 84 Jahre,2025,"Wien 23.Bezirk, Liesing <923>","Wien 18.Bezirk, Währing <918>",3
80 bis 84 Jahre,2025,"Wien 23.Bezirk, Liesing <923>","Wien 19.Bezirk, Döbling <919>",4
80 bis 84 Jahre,2025,"Wien 23.Bezirk, Liesing <923>","Wien 20.Bezirk, Brigittenau <920>",1
80 bis 84 Jahre,2025,"Wien 23.Bezirk, Liesing <923>","Wien 21.Bezirk, Floridsdorf <921>",-
80 bis 84 Jahre,2025,"Wien 23.Bezirk, Liesing <923>","Wien 22.Bezirk, Donaustadt <922>",4
80 bis 84 Jahre,2025,"Wien 23.Bezirk, Liesing <923>","Wien 23.Bezirk, Liesing <923>",49
85 bis 89 Jahre,2025,"Wien 1.Bezirk, Innere Stadt <901>","Wien 1.Bezirk, Innere Stadt <901>",2
85 bis 89 Jahre,2025,"Wien 1.Bezirk, Innere Stadt <901>","Wien 2.Bezirk, Leopoldstadt <902>",1
85 bis 89 Jahre,2025,"Wien 1.Bezirk, Innere Stadt <901>","Wien 3.Bezirk, Landstraße <903>",1
85 bis 89 Jahre,2025,"Wien 1.Bezirk, Innere Stadt <901>","Wien 4.Bezirk, Wieden <904>",-
85 bis 89 Jahre,2025,"Wien 1.Bezirk, Innere Stadt <901>","Wien 5.Bezirk, Margareten <905>",-
85 bis 89 Jahre,2025,"Wien 1.Bezirk, Innere Stadt <901>","Wien 6.Bezirk, Mariahilf <906>",1
85 bis 89 Jahre,2025,"Wien 1.Bezirk, Innere Stadt <901>","Wien 7.Bezirk, Neubau <907>",-
85 bis 89 Jahre,2025,"Wien 1.Bezirk, Innere Stadt <901>","Wien 8.Bezirk, Josefstadt <908>",-
85 bis 89 Jahre,2025,"Wien 1.Bezirk, Innere Stadt <901>","Wien 9.Bezirk, Alsergrund <909>",-
85 bis 89 Jahre,2025,"Wien 1.Bezirk, Innere Stadt <901>","Wien 10.Bezirk, Favoriten <910>",-
85 bis 89 Jahre,2025,"Wien 1.Bezirk, Innere Stadt <901>","Wien 11.Bezirk, Simmering <911>",-
85 bis 89 Jahre,2025,"Wien 1.Bezirk, Innere Stadt <901>","Wien 12.Bezirk, Meidling <912>",-
85 bis 89 Jahre,2025,"Wien 1.Bezirk, Innere Stadt <901>","Wien 13.Bezirk, Hietzing <913>",-
85 bis 89 Jahre,2025,"Wien 1.Bezirk, Innere Stadt <901>","Wien 14.Bezirk, Penzing <914>",1
85 bis 89 Jahre,2025,"Wien 1.Bezirk, Innere Stadt <901>","Wien 15.Bezirk, Rudolfsheim-Fünfhaus <915>",-
85 bis 89 Jahre,2025,"Wien 1.Bezirk, Innere Stadt <901>","Wien 16.Bezirk, Ottakring <916>",-
85 bis 89 Jahre,2025,"Wien 1.Bezirk, Innere Stadt <901>","Wien 17.Bezirk, Hernals <917>",-
85 bis 89 Jahre,2025,"Wien 1.Bezirk, Innere Stadt <901>","Wien 18.Bezirk, Währing <918>",1
85 bis 89 Jahre,2025,"Wien 1.Bezirk, Innere Stadt <901>","Wien 19.Bezirk, Döbling <919>",2
85 bis 89 Jahre,2025,"Wien 1.Bezirk, Innere Stadt <901>","Wien 20.Bezirk, Brigittenau <920>",-
85 bis 89 Jahre,2025,"Wien 1.Bezirk, Innere Stadt <901>","Wien 21.Bezirk, Floridsdorf <921>",-
85 bis 89 Jahre,2025,"Wien 1.Bezirk, Innere Stadt <901>","Wien 22.Bezirk, Donaustadt <922>",1
85 bis 89 Jahre,2025,"Wien 1.Bezirk, Innere Stadt <901>","Wien 23.Bezirk, Liesing <923>",-
85 bis 89 Jahre,2025,"Wien 2.Bezirk, Leopoldstadt <902>","Wien 1.Bezirk, Innere Stadt <901>",-
85 bis 89 Jahre,2025,"Wien 2.Bezirk, Leopoldstadt <902>","Wien 2.Bezirk, Leopoldstadt <902>",12
85 bis 89 Jahre,2025,"Wien 2.Bezirk, Leopoldstadt <902>","Wien 3.Bezirk, Landstraße <903>",2
85 bis 89 Jahre,2025,"Wien 2.Bezirk, Leopoldstadt <902>","Wien 4.Bezirk, Wieden <904>",-
85 bis 89 Jahre,2025,"Wien 2.Bezirk, Leopoldstadt <902>","Wien 5.Bezirk, Margareten <905>",-
85 bis 89 Jahre,2025,"Wien 2.Bezirk, Leopoldstadt <902>","Wien 6.Bezirk, Mariahilf <906>",-
85 bis 89 Jahre,2025,"Wien 2.Bezirk, Leopoldstadt <902>","Wien 7.Bezirk, Neubau <907>",-
85 bis 89 Jahre,2025,"Wien 2.Bezirk, Leopoldstadt <902>","Wien 8.Bezirk, Josefstadt <908>",1
85 bis 89 Jahre,2025,"Wien 2.Bezirk, Leopoldstadt <902>","Wien 9.Bezirk, Alsergrund <909>",3
85 bis 89 Jahre,2025,"Wien 2.Bezirk, Leopoldstadt <902>","Wien 10.Bezirk, Favoriten <910>",4
85 bis 89 Jahre,2025,"Wien 2.Bezirk, Leopoldstadt <902>","Wien 11.Bezirk, Simmering <911>",1
85 bis 89 Jahre,2025,"Wien 2.Bezirk, Leopoldstadt <902>","Wien 12.Bezirk, Meidling <912>",4
85 bis 89 Jahre,2025,"Wien 2.Bezirk, Leopoldstadt <902>","Wien 13.Bezirk, Hietzing <913>",2
85 bis 89 Jahre,2025,"Wien 2.Bezirk, Leopoldstadt <902>","Wien 14.Bezirk, Penzing <914>",1
85 bis 89 Jahre,2025,"Wien 2.Bezirk, Leopoldstadt <902>","Wien 15.Bezirk, Rudolfsheim-Fünfhaus <915>",3
85 bis 89 Jahre,2025,"Wien 2.Bezirk, Leopoldstadt <902>","Wien 16.Bezirk, Ottakring <916>",2
85 bis 89 Jahre,2025,"Wien 2.Bezirk, Leopoldstadt <902>","Wien 17.Bezirk, Hernals <917>",-
85 bis 89 Jahre,2025,"Wien 2.Bezirk, Leopoldstadt <902>","Wien 18.Bezirk, Währing <918>",-
85 bis 89 Jahre,2025,"Wien 2.Bezirk, Leopoldstadt <902>","Wien 19.Bezirk, Döbling <919>",3
85 bis 89 Jahre,2025,"Wien 2.Bezirk, Leopoldstadt <902>","Wien 20.Bezirk, Brigittenau <920>",1
85 bis 89 Jahre,2025,"Wien 2.Bezirk, Leopoldstadt <902>","Wien 21.Bezirk, Floridsdorf <921>",2
85 bis 89 Jahre,2025,"Wien 2.Bezirk, Leopoldstadt <902>","Wien 22.Bezirk, Donaustadt <922>",8
85 bis 89 Jahre,2025,"Wien 2.Bezirk, Leopoldstadt <902>","Wien 23.Bezirk, Liesing <923>",-
85 bis 89 Jahre,2025,"Wien 3.Bezirk, Landstraße <903>","Wien 1.Bezirk, Innere Stadt <901>",1
85 bis 89 Jahre,2025,"Wien 3.Bezirk, Landstraße <903>","Wien 2.Bezirk, Leopoldstadt <902>",2
85 bis 89 Jahre,2025,"Wien 3.Bezirk, Landstraße <903>","Wien 3.Bezirk, Landstraße <903>",22
85 bis 89 Jahre,2025,"Wien 3.Bezirk, Landstraße <903>","Wien 4.Bezirk, Wieden <904>",1
85 bis 89 Jahre,2025,"Wien 3.Bezirk, Landstraße <903>","Wien 5.Bezirk, Margareten <905>",-
85 bis 89 Jahre,2025,"Wien 3.Bezirk, Landstraße <903>","Wien 6.Bezirk, Mariahilf <906>",1
85 bis 89 Jahre,2025,"Wien 3.Bezirk, Landstraße <903>","Wien 7.Bezirk, Neubau <907>",1
85 bis 89 Jahre,2025,"Wien 3.Bezirk, Landstraße <903>","Wien 8.Bezirk, Josefstadt <908>",1
85 bis 89 Jahre,2025,"Wien 3.Bezirk, Landstraße <903>","Wien 9.Bezirk, Alsergrund <909>",1
85 bis 89 Jahre,2025,"Wien 3.Bezirk, Landstraße <903>","Wien 10.Bezirk, Favoriten <910>",3
85 bis 89 Jahre,2025,"Wien 3.Bezirk, Landstraße <903>","Wien 11.Bezirk, Simmering <911>",4
85 bis 89 Jahre,2025,"Wien 3.Bezirk, Landstraße <903>","Wien 12.Bezirk, Meidling <912>",2
85 bis 89 Jahre,2025,"Wien 3.Bezirk, Landstraße <903>","Wien 13.Bezirk, Hietzing <913>",3
85 bis 89 Jahre,2025,"Wien 3.Bezirk, Landstraße <903>","Wien 14.Bezirk, Penzing <914>",1
85 bis 89 Jahre,2025,"Wien 3.Bezirk, Landstraße <903>","Wien 15.Bezirk, Rudolfsheim-Fünfhaus <915>",-
85 bis 89 Jahre,2025,"Wien 3.Bezirk, Landstraße <903>","Wien 16.Bezirk, Ottakring <916>",2
85 bis 89 Jahre,2025,"Wien 3.Bezirk, Landstraße <903>","Wien 17.Bezirk, Hernals <917>",-
85 bis 89 Jahre,2025,"Wien 3.Bezirk, Landstraße <903>","Wien 18.Bezirk, Währing <918>",3
85 bis 89 Jahre,2025,"Wien 3.Bezirk, Landstraße <903>","Wien 19.Bezirk, Döbling <919>",4
85 bis 89 Jahre,2025,"Wien 3.Bezirk, Landstraße <903>","Wien 20.Bezirk, Brigittenau <920>",1
85 bis 89 Jahre,2025,"Wien 3.Bezirk, Landstraße <903>","Wien 21.Bezirk, Floridsdorf <921>",2
85 bis 89 Jahre,2025,"Wien 3.Bezirk, Landstraße <903>","Wien 22.Bezirk, Donaustadt <922>",3
85 bis 89 Jahre,2025,"Wien 3.Bezirk, Landstraße <903>","Wien 23.Bezirk, Liesing <923>",3
85 bis 89 Jahre,2025,"Wien 4.Bezirk, Wieden <904>","Wien 1.Bezirk, Innere Stadt <901>",-
85 bis 89 Jahre,2025,"Wien 4.Bezirk, Wieden <904>","Wien 2.Bezirk, Leopoldstadt <902>",-
85 bis 89 Jahre,2025,"Wien 4.Bezirk, Wieden <904>","Wien 3.Bezirk, Landstraße <903>",1
85 bis 89 Jahre,2025,"Wien 4.Bezirk, Wieden <904>","Wien 4.Bezirk, Wieden <904>",2
85 bis 89 Jahre,2025,"Wien 4.Bezirk, Wieden <904>","Wien 5.Bezirk, Margareten <905>",1
85 bis 89 Jahre,2025,"Wien 4.Bezirk, Wieden <904>","Wien 6.Bezirk, Mariahilf <906>",-
85 bis 89 Jahre,2025,"Wien 4.Bezirk, Wieden <904>","Wien 7.Bezirk, Neubau <907>",-
85 bis 89 Jahre,2025,"Wien 4.Bezirk, Wieden <904>","Wien 8.Bezirk, Josefstadt <908>",-
85 bis 89 Jahre,2025,"Wien 4.Bezirk, Wieden <904>","Wien 9.Bezirk, Alsergrund <909>",-
85 bis 89 Jahre,2025,"Wien 4.Bezirk, Wieden <904>","Wien 10.Bezirk, Favoriten <910>",1
85 bis 89 Jahre,2025,"Wien 4.Bezirk, Wieden <904>","Wien 11.Bezirk, Simmering <911>",-
85 bis 89 Jahre,2025,"Wien 4.Bezirk, Wieden <904>","Wien 12.Bezirk, Meidling <912>",-
85 bis 89 Jahre,2025,"Wien 4.Bezirk, Wieden <904>","Wien 13.Bezirk, Hietzing <913>",1
85 bis 89 Jahre,2025,"Wien 4.Bezirk, Wieden <904>","Wien 14.Bezirk, Penzing <914>",1
85 bis 89 Jahre,2025,"Wien 4.Bezirk, Wieden <904>","Wien 15.Bezirk, Rudolfsheim-Fünfhaus <915>",-
85 bis 89 Jahre,2025,"Wien 4.Bezirk, Wieden <904>","Wien 16.Bezirk, Ottakring <916>",-
85 bis 89 Jahre,2025,"Wien 4.Bezirk, Wieden <904>","Wien 17.Bezirk, Hernals <917>",-
85 bis 89 Jahre,2025,"Wien 4.Bezirk, Wieden <904>","Wien 18.Bezirk, Währing <918>",1
85 bis 89 Jahre,2025,"Wien 4.Bezirk, Wieden <904>","Wien 19.Bezirk, Döbling <919>",2
85 bis 89 Jahre,2025,"Wien 4.Bezirk, Wieden <904>","Wien 20.Bezirk, Brigittenau <920>",-
85 bis 89 Jahre,2025,"Wien 4.Bezirk, Wieden <904>","Wien 21.Bezirk, Floridsdorf <921>",-
85 bis 89 Jahre,2025,"Wien 4.Bezirk, Wieden <904>","Wien 22.Bezirk, Donaustadt <922>",-
85 bis 89 Jahre,2025,"Wien 4.Bezirk, Wieden <904>","Wien 23.Bezirk, Liesing <923>",-
85 bis 89 Jahre,2025,"Wien 5.Bezirk, Margareten <905>","Wien 1.Bezirk, Innere Stadt <901>",-
85 bis 89 Jahre,2025,"Wien 5.Bezirk, Margareten <905>","Wien 2.Bezirk, Leopoldstadt <902>",1
85 bis 89 Jahre,2025,"Wien 5.Bezirk, Margareten <905>","Wien 3.Bezirk, Landstraße <903>",-
85 bis 89 Jahre,2025,"Wien 5.Bezirk, Margareten <905>","Wien 4.Bezirk, Wieden <904>",-
85 bis 89 Jahre,2025,"Wien 5.Bezirk, Margareten <905>","Wien 5.Bezirk, Margareten <905>",1
85 bis 89 Jahre,2025,"Wien 5.Bezirk, Margareten <905>","Wien 6.Bezirk, Mariahilf <906>",1
85 bis 89 Jahre,2025,"Wien 5.Bezirk, Margareten <905>","Wien 7.Bezirk, Neubau <907>",-
85 bis 89 Jahre,2025,"Wien 5.Bezirk, Margareten <905>","Wien 8.Bezirk, Josefstadt <908>",-
85 bis 89 Jahre,2025,"Wien 5.Bezirk, Margareten <905>","Wien 9.Bezirk, Alsergrund <909>",-
85 bis 89 Jahre,2025,"Wien 5.Bezirk, Margareten <905>","Wien 10.Bezirk, Favoriten <910>",-
85 bis 89 Jahre,2025,"Wien 5.Bezirk, Margareten <905>","Wien 11.Bezirk, Simmering <911>",1
85 bis 89 Jahre,2025,"Wien 5.Bezirk, Margareten <905>","Wien 12.Bezirk, Meidling <912>",3
85 bis 89 Jahre,2025,"Wien 5.Bezirk, Margareten <905>","Wien 13.Bezirk, Hietzing <913>",-
85 bis 89 Jahre,2025,"Wien 5.Bezirk, Margareten <905>","Wien 14.Bezirk, Penzing <914>",2
85 bis 89 Jahre,2025,"Wien 5.Bezirk, Margareten <905>","Wien 15.Bezirk, Rudolfsheim-Fünfhaus <915>",2
85 bis 89 Jahre,2025,"Wien 5.Bezirk, Margareten <905>","Wien 16.Bezirk, Ottakring <916>",-
85 bis 89 Jahre,2025,"Wien 5.Bezirk, Margareten <905>","Wien 17.Bezirk, Hernals <917>",-
85 bis 89 Jahre,2025,"Wien 5.Bezirk, Margareten <905>","Wien 18.Bezirk, Währing <918>",-
85 bis 89 Jahre,2025,"Wien 5.Bezirk, Margareten <905>","Wien 19.Bezirk, Döbling <919>",1
85 bis 89 Jahre,2025,"Wien 5.Bezirk, Margareten <905>","Wien 20.Bezirk, Brigittenau <920>",2
85 bis 89 Jahre,2025,"Wien 5.Bezirk, Margareten <905>","Wien 21.Bezirk, Floridsdorf <921>",1
85 bis 89 Jahre,2025,"Wien 5.Bezirk, Margareten <905>","Wien 22.Bezirk, Donaustadt <922>",-
85 bis 89 Jahre,2025,"Wien 5.Bezirk, Margareten <905>","Wien 23.Bezirk, Liesing <923>",2
85 bis 89 Jahre,2025,"Wien 6.Bezirk, Mariahilf <906>","Wien 1.Bezirk, Innere Stadt <901>",-
85 bis 89 Jahre,2025,"Wien 6.Bezirk, Mariahilf <906>","Wien 2.Bezirk, Leopoldstadt <902>",2
85 bis 89 Jahre,2025,"Wien 6.Bezirk, Mariahilf <906>","Wien 3.Bezirk, Landstraße <903>",-
85 bis 89 Jahre,2025,"Wien 6.Bezirk, Mariahilf <906>","Wien 4.Bezirk, Wieden <904>",-
85 bis 89 Jahre,2025,"Wien 6.Bezirk, Mariahilf <906>","Wien 5.Bezirk, Margareten <905>",-
85 bis 89 Jahre,2025,"Wien 6.Bezirk, Mariahilf <906>","Wien 6.Bezirk, Mariahilf <906>",3
85 bis 89 Jahre,2025,"Wien 6.Bezirk, Mariahilf <906>","Wien 7.Bezirk, Neubau <907>",1
85 bis 89 Jahre,2025,"Wien 6.Bezirk, Mariahilf <906>","Wien 8.Bezirk, Josefstadt <908>",-
85 bis 89 Jahre,2025,"Wien 6.Bezirk, Mariahilf <906>","Wien 9.Bezirk, Alsergrund <909>",-
85 bis 89 Jahre,2025,"Wien 6.Bezirk, Mariahilf <906>","Wien 10.Bezirk, Favoriten <910>",1
85 bis 89 Jahre,2025,"Wien 6.Bezirk, Mariahilf <906>","Wien 11.Bezirk, Simmering <911>",1
85 bis 89 Jahre,2025,"Wien 6.Bezirk, Mariahilf <906>","Wien 12.Bezirk, Meidling <912>",1
85 bis 89 Jahre,2025,"Wien 6.Bezirk, Mariahilf <906>","Wien 13.Bezirk, Hietzing <913>",-
85 bis 89 Jahre,2025,"Wien 6.Bezirk, Mariahilf <906>","Wien 14.Bezirk, Penzing <914>",-
85 bis 89 Jahre,2025,"Wien 6.Bezirk, Mariahilf <906>","Wien 15.Bezirk, Rudolfsheim-Fünfhaus <915>",-
85 bis 89 Jahre,2025,"Wien 6.Bezirk, Mariahilf <906>","Wien 16.Bezirk, Ottakring <916>",-
85 bis 89 Jahre,2025,"Wien 6.Bezirk, Mariahilf <906>","Wien 17.Bezirk, Hernals <917>",-
85 bis 89 Jahre,2025,"Wien 6.Bezirk, Mariahilf <906>","Wien 18.Bezirk, Währing <918>",-
85 bis 89 Jahre,2025,"Wien 6.Bezirk, Mariahilf <906>","Wien 19.Bezirk, Döbling <919>",3
85 bis 89 Jahre,2025,"Wien 6.Bezirk, Mariahilf <906>","Wien 20.Bezirk, Brigittenau <920>",-
85 bis 89 Jahre,2025,"Wien 6.Bezirk, Mariahilf <906>","Wien 21.Bezirk, Floridsdorf <921>",-
85 bis 89 Jahre,2025,"Wien 6.Bezirk, Mariahilf <906>","Wien 22.Bezirk, Donaustadt <922>",-
85 bis 89 Jahre,2025,"Wien 6.Bezirk, Mariahilf <906>","Wien 23.Bezirk, Liesing <923>",1
85 bis 89 Jahre,2025,"Wien 7.Bezirk, Neubau <907>","Wien 1.Bezirk, Innere Stadt <901>",-
85 bis 89 Jahre,2025,"Wien 7.Bezirk, Neubau <907>","Wien 2.Bezirk, Leopoldstadt <902>",-
85 bis 89 Jahre,2025,"Wien 7.Bezirk, Neubau <907>","Wien 3.Bezirk, Landstraße <903>",1
85 bis 89 Jahre,2025,"Wien 7.Bezirk, Neubau <907>","Wien 4.Bezirk, Wieden <904>",-
85 bis 89 Jahre,2025,"Wien 7.Bezirk, Neubau <907>","Wien 5.Bezirk, Margareten <905>",-
85 bis 89 Jahre,2025,"Wien 7.Bezirk, Neubau <907>","Wien 6.Bezirk, Mariahilf <906>",-
85 bis 89 Jahre,2025,"Wien 7.Bezirk, Neubau <907>","Wien 7.Bezirk, Neubau <907>",3
85 bis 89 Jahre,2025,"Wien 7.Bezirk, Neubau <907>","Wien 8.Bezirk, Josefstadt <908>",-
85 bis 89 Jahre,2025,"Wien 7.Bezirk, Neubau <907>","Wien 9.Bezirk, Alsergrund <909>",-
85 bis 89 Jahre,2025,"Wien 7.Bezirk, Neubau <907>","Wien 10.Bezirk, Favoriten <910>",-
85 bis 89 Jahre,2025,"Wien 7.Bezirk, Neubau <907>","Wien 11.Bezirk, Simmering <911>",1
85 bis 89 Jahre,2025,"Wien 7.Bezirk, Neubau <907>","Wien 12.Bezirk, Meidling <912>",1
85 bis 89 Jahre,2025,"Wien 7.Bezirk, Neubau <907>","Wien 13.Bezirk, Hietzing <913>",3
85 bis 89 Jahre,2025,"Wien 7.Bezirk, Neubau <907>","Wien 14.Bezirk, Penzing <914>",-
85 bis 89 Jahre,2025,"Wien 7.Bezirk, Neubau <907>","Wien 15.Bezirk, Rudolfsheim-Fünfhaus <915>",1
85 bis 89 Jahre,2025,"Wien 7.Bezirk, Neubau <907>","Wien 16.Bezirk, Ottakring <916>",-
85 bis 89 Jahre,2025,"Wien 7.Bezirk, Neubau <907>","Wien 17.Bezirk, Hernals <917>",-
85 bis 89 Jahre,2025,"Wien 7.Bezirk, Neubau <907>","Wien 18.Bezirk, Währing <918>",1
85 bis 89 Jahre,2025,"Wien 7.Bezirk, Neubau <907>","Wien 19.Bezirk, Döbling <919>",1
85 bis 89 Jahre,2025,"Wien 7.Bezirk, Neubau <907>","Wien 20.Bezirk, Brigittenau <920>",-
85 bis 89 Jahre,2025,"Wien 7.Bezirk, Neubau <907>","Wien 21.Bezirk, Floridsdorf <921>",-
85 bis 89 Jahre,2025,"Wien 7.Bezirk, Neubau <907>","Wien 22.Bezirk, Donaustadt <922>",1
85 bis 89 Jahre,2025,"Wien 7.Bezirk, Neubau <907>","Wien 23.Bezirk, Liesing <923>",-
85 bis 89 Jahre,2025,"Wien 8.Bezirk, Josefstadt <908>","Wien 1.Bezirk, Innere Stadt <901>",1
85 bis 89 Jahre,2025,"Wien 8.Bezirk, Josefstadt <908>","Wien 2.Bezirk, Leopoldstadt <902>",1
85 bis 89 Jahre,2025,"Wien 8.Bezirk, Josefstadt <908>","Wien 3.Bezirk, Landstraße <903>",1
85 bis 89 Jahre,2025,"Wien 8.Bezirk, Josefstadt <908>","Wien 4.Bezirk, Wieden <904>",-
85 bis 89 Jahre,2025,"Wien 8.Bezirk, Josefstadt <908>","Wien 5.Bezirk, Margareten <905>",-
85 bis 89 Jahre,2025,"Wien 8.Bezirk, Josefstadt <908>","Wien 6.Bezirk, Mariahilf <906>",-
85 bis 89 Jahre,2025,"Wien 8.Bezirk, Josefstadt <908>","Wien 7.Bezirk, Neubau <907>",1
85 bis 89 Jahre,2025,"Wien 8.Bezirk, Josefstadt <908>","Wien 8.Bezirk, Josefstadt <908>",-
85 bis 89 Jahre,2025,"Wien 8.Bezirk, Josefstadt <908>","Wien 9.Bezirk, Alsergrund <909>",1
85 bis 89 Jahre,2025,"Wien 8.Bezirk, Josefstadt <908>","Wien 10.Bezirk, Favoriten <910>",-
85 bis 89 Jahre,2025,"Wien 8.Bezirk, Josefstadt <908>","Wien 11.Bezirk, Simmering <911>",-
85 bis 89 Jahre,2025,"Wien 8.Bezirk, Josefstadt <908>","Wien 12.Bezirk, Meidling <912>",-
85 bis 89 Jahre,2025,"Wien 8.Bezirk, Josefstadt <908>","Wien 13.Bezirk, Hietzing <913>",-
85 bis 89 Jahre,2025,"Wien 8.Bezirk, Josefstadt <908>","Wien 14.Bezirk, Penzing <914>",-
85 bis 89 Jahre,2025,"Wien 8.Bezirk, Josefstadt <908>","Wien 15.Bezirk, Rudolfsheim-Fünfhaus <915>",-
85 bis 89 Jahre,2025,"Wien 8.Bezirk, Josefstadt <908>","Wien 16.Bezirk, Ottakring <916>",-
85 bis 89 Jahre,2025,"Wien 8.Bezirk, Josefstadt <908>","Wien 17.Bezirk, Hernals <917>",1
85 bis 89 Jahre,2025,"Wien 8.Bezirk, Josefstadt <908>","Wien 18.Bezirk, Währing <918>",1
85 bis 89 Jahre,2025,"Wien 8.Bezirk, Josefstadt <908>","Wien 19.Bezirk, Döbling <919>",1
85 bis 89 Jahre,2025,"Wien 8.Bezirk, Josefstadt <908>","Wien 20.Bezirk, Brigittenau <920>",-
85 bis 89 Jahre,2025,"Wien 8.Bezirk, Josefstadt <908>","Wien 21.Bezirk, Floridsdorf <921>",-
85 bis 89 Jahre,2025,"Wien 8.Bezirk, Josefstadt <908>","Wien 22.Bezirk, Donaustadt <922>",-
85 bis 89 Jahre,2025,"Wien 8.Bezirk, Josefstadt <908>","Wien 23.Bezirk, Liesing <923>",2
85 bis 89 Jahre,2025,"Wien 9.Bezirk, Alsergrund <909>","Wien 1.Bezirk, Innere Stadt <901>",-
85 bis 89 Jahre,2025,"Wien 9.Bezirk, Alsergrund <909>","Wien 2.Bezirk, Leopoldstadt <902>",1
85 bis 89 Jahre,2025,"Wien 9.Bezirk, Alsergrund <909>","Wien 3.Bezirk, Landstraße <903>",1
85 bis 89 Jahre,2025,"Wien 9.Bezirk, Alsergrund <909>","Wien 4.Bezirk, Wieden <904>",-
85 bis 89 Jahre,2025,"Wien 9.Bezirk, Alsergrund <909>","Wien 5.Bezirk, Margareten <905>",-
85 bis 89 Jahre,2025,"Wien 9.Bezirk, Alsergrund <909>","Wien 6.Bezirk, Mariahilf <906>",-
85 bis 89 Jahre,2025,"Wien 9.Bezirk, Alsergrund <909>","Wien 7.Bezirk, Neubau <907>",-
85 bis 89 Jahre,2025,"Wien 9.Bezirk, Alsergrund <909>","Wien 8.Bezirk, Josefstadt <908>",-
85 bis 89 Jahre,2025,"Wien 9.Bezirk, Alsergrund <909>","Wien 9.Bezirk, Alsergrund <909>",6
85 bis 89 Jahre,2025,"Wien 9.Bezirk, Alsergrund <909>","Wien 10.Bezirk, Favoriten <910>",1
85 bis 89 Jahre,2025,"Wien 9.Bezirk, Alsergrund <909>","Wien 11.Bezirk, Simmering <911>",-
85 bis 89 Jahre,2025,"Wien 9.Bezirk, Alsergrund <909>","Wien 12.Bezirk, Meidling <912>",1
85 bis 89 Jahre,2025,"Wien 9.Bezirk, Alsergrund <909>","Wien 13.Bezirk, Hietzing <913>",-
85 bis 89 Jahre,2025,"Wien 9.Bezirk, Alsergrund <909>","Wien 14.Bezirk, Penzing <914>",-
85 bis 89 Jahre,2025,"Wien 9.Bezirk, Alsergrund <909>","Wien 15.Bezirk, Rudolfsheim-Fünfhaus <915>",-
85 bis 89 Jahre,2025,"Wien 9.Bezirk, Alsergrund <909>","Wien 16.Bezirk, Ottakring <916>",-
85 bis 89 Jahre,2025,"Wien 9.Bezirk, Alsergrund <909>","Wien 17.Bezirk, Hernals <917>",-
85 bis 89 Jahre,2025,"Wien 9.Bezirk, Alsergrund <909>","Wien 18.Bezirk, Währing <918>",-
85 bis 89 Jahre,2025,"Wien 9.Bezirk, Alsergrund <909>","Wien 19.Bezirk, Döbling <919>",6
85 bis 89 Jahre,2025,"Wien 9.Bezirk, Alsergrund <909>","Wien 20.Bezirk, Brigittenau <920>",1
85 bis 89 Jahre,2025,"Wien 9.Bezirk, Alsergrund <909>","Wien 21.Bezirk, Floridsdorf <921>",1
85 bis 89 Jahre,2025,"Wien 9.Bezirk, Alsergrund <909>","Wien 22.Bezirk, Donaustadt <922>",1
85 bis 89 Jahre,2025,"Wien 9.Bezirk, Alsergrund <909>","Wien 23.Bezirk, Liesing <923>",-
85 bis 89 Jahre,2025,"Wien 10.Bezirk, Favoriten <910>","Wien 1.Bezirk, Innere Stadt <901>",-
85 bis 89 Jahre,2025,"Wien 10.Bezirk, Favoriten <910>","Wien 2.Bezirk, Leopoldstadt <902>",-
85 bis 89 Jahre,2025,"Wien 10.Bezirk, Favoriten <910>","Wien 3.Bezirk, Landstraße <903>",5
85 bis 89 Jahre,2025,"Wien 10.Bezirk, Favoriten <910>","Wien 4.Bezirk, Wieden <904>",1
85 bis 89 Jahre,2025,"Wien 10.Bezirk, Favoriten <910>","Wien 5.Bezirk, Margareten <905>",1
85 bis 89 Jahre,2025,"Wien 10.Bezirk, Favoriten <910>","Wien 6.Bezirk, Mariahilf <906>",2
85 bis 89 Jahre,2025,"Wien 10.Bezirk, Favoriten <910>","Wien 7.Bezirk, Neubau <907>",2
85 bis 89 Jahre,2025,"Wien 10.Bezirk, Favoriten <910>","Wien 8.Bezirk, Josefstadt <908>",-
85 bis 89 Jahre,2025,"Wien 10.Bezirk, Favoriten <910>","Wien 9.Bezirk, Alsergrund <909>",-
85 bis 89 Jahre,2025,"Wien 10.Bezirk, Favoriten <910>","Wien 10.Bezirk, Favoriten <910>",49
85 bis 89 Jahre,2025,"Wien 10.Bezirk, Favoriten <910>","Wien 11.Bezirk, Simmering <911>",9
85 bis 89 Jahre,2025,"Wien 10.Bezirk, Favoriten <910>","Wien 12.Bezirk, Meidling <912>",7
85 bis 89 Jahre,2025,"Wien 10.Bezirk, Favoriten <910>","Wien 13.Bezirk, Hietzing <913>",5
85 bis 89 Jahre,2025,"Wien 10.Bezirk, Favoriten <910>","Wien 14.Bezirk, Penzing <914>",-
85 bis 89 Jahre,2025,"Wien 10.Bezirk, Favoriten <910>","Wien 15.Bezirk, Rudolfsheim-Fünfhaus <915>",6
85 bis 89 Jahre,2025,"Wien 10.Bezirk, Favoriten <910>","Wien 16.Bezirk, Ottakring <916>",2
85 bis 89 Jahre,2025,"Wien 10.Bezirk, Favoriten <910>","Wien 17.Bezirk, Hernals <917>",-
85 bis 89 Jahre,2025,"Wien 10.Bezirk, Favoriten <910>","Wien 18.Bezirk, Währing <918>",2
85 bis 89 Jahre,2025,"Wien 10.Bezirk, Favoriten <910>","Wien 19.Bezirk, Döbling <919>",5
85 bis 89 Jahre,2025,"Wien 10.Bezirk, Favoriten <910>","Wien 20.Bezirk, Brigittenau <920>",1
85 bis 89 Jahre,2025,"Wien 10.Bezirk, Favoriten <910>","Wien 21.Bezirk, Floridsdorf <921>",1
85 bis 89 Jahre,2025,"Wien 10.Bezirk, Favoriten <910>","Wien 22.Bezirk, Donaustadt <922>",6
85 bis 89 Jahre,2025,"Wien 10.Bezirk, Favoriten <910>","Wien 23.Bezirk, Liesing <923>",14
85 bis 89 Jahre,2025,"Wien 11.Bezirk, Simmering <911>","Wien 1.Bezirk, Innere Stadt <901>",-
85 bis 89 Jahre,2025,"Wien 11.Bezirk, Simmering <911>","Wien 2.Bezirk, Leopoldstadt <902>",3
85 bis 89 Jahre,2025,"Wien 11.Bezirk, Simmering <911>","Wien 3.Bezirk, Landstraße <903>",4
85 bis 89 Jahre,2025,"Wien 11.Bezirk, Simmering <911>","Wien 4.Bezirk, Wieden <904>",-
85 bis 89 Jahre,2025,"Wien 11.Bezirk, Simmering <911>","Wien 5.Bezirk, Margareten <905>",1
85 bis 89 Jahre,2025,"Wien 11.Bezirk, Simmering <911>","Wien 6.Bezirk, Mariahilf <906>",-
85 bis 89 Jahre,2025,"Wien 11.Bezirk, Simmering <911>","Wien 7.Bezirk, Neubau <907>",-
85 bis 89 Jahre,2025,"Wien 11.Bezirk, Simmering <911>","Wien 8.Bezirk, Josefstadt <908>",-
85 bis 89 Jahre,2025,"Wien 11.Bezirk, Simmering <911>","Wien 9.Bezirk, Alsergrund <909>",-
85 bis 89 Jahre,2025,"Wien 11.Bezirk, Simmering <911>","Wien 10.Bezirk, Favoriten <910>",7
85 bis 89 Jahre,2025,"Wien 11.Bezirk, Simmering <911>","Wien 11.Bezirk, Simmering <911>",9
85 bis 89 Jahre,2025,"Wien 11.Bezirk, Simmering <911>","Wien 12.Bezirk, Meidling <912>",6
85 bis 89 Jahre,2025,"Wien 11.Bezirk, Simmering <911>","Wien 13.Bezirk, Hietzing <913>",3
85 bis 89 Jahre,2025,"Wien 11.Bezirk, Simmering <911>","Wien 14.Bezirk, Penzing <914>",1
85 bis 89 Jahre,2025,"Wien 11.Bezirk, Simmering <911>","Wien 15.Bezirk, Rudolfsheim-Fünfhaus <915>",3
85 bis 89 Jahre,2025,"Wien 11.Bezirk, Simmering <911>","Wien 16.Bezirk, Ottakring <916>",1
85 bis 89 Jahre,2025,"Wien 11.Bezirk, Simmering <911>","Wien 17.Bezirk, Hernals <917>",-
85 bis 89 Jahre,2025,"Wien 11.Bezirk, Simmering <911>","Wien 18.Bezirk, Währing <918>",-
85 bis 89 Jahre,2025,"Wien 11.Bezirk, Simmering <911>","Wien 19.Bezirk, Döbling <919>",3
85 bis 89 Jahre,2025,"Wien 11.Bezirk, Simmering <911>","Wien 20.Bezirk, Brigittenau <920>",-
85 bis 89 Jahre,2025,"Wien 11.Bezirk, Simmering <911>","Wien 21.Bezirk, Floridsdorf <921>",3
85 bis 89 Jahre,2025,"Wien 11.Bezirk, Simmering <911>","Wien 22.Bezirk, Donaustadt <922>",4
85 bis 89 Jahre,2025,"Wien 11.Bezirk, Simmering <911>","Wien 23.Bezirk, Liesing <923>",5
85 bis 89 Jahre,2025,"Wien 12.Bezirk, Meidling <912>","Wien 1.Bezirk, Innere Stadt <901>",-
85 bis 89 Jahre,2025,"Wien 12.Bezirk, Meidling <912>","Wien 2.Bezirk, Leopoldstadt <902>",4
85 bis 89 Jahre,2025,"Wien 12.Bezirk, Meidling <912>","Wien 3.Bezirk, Landstraße <903>",2
85 bis 89 Jahre,2025,"Wien 12.Bezirk, Meidling <912>","Wien 4.Bezirk, Wieden <904>",-
85 bis 89 Jahre,2025,"Wien 12.Bezirk, Meidling <912>","Wien 5.Bezirk, Margareten <905>",2
85 bis 89 Jahre,2025,"Wien 12.Bezirk, Meidling <912>","Wien 6.Bezirk, Mariahilf <906>",-
85 bis 89 Jahre,2025,"Wien 12.Bezirk, Meidling <912>","Wien 7.Bezirk, Neubau <907>",-
85 bis 89 Jahre,2025,"Wien 12.Bezirk, Meidling <912>","Wien 8.Bezirk, Josefstadt <908>",-
85 bis 89 Jahre,2025,"Wien 12.Bezirk, Meidling <912>","Wien 9.Bezirk, Alsergrund <909>",1
85 bis 89 Jahre,2025,"Wien 12.Bezirk, Meidling <912>","Wien 10.Bezirk, Favoriten <910>",7
85 bis 89 Jahre,2025,"Wien 12.Bezirk, Meidling <912>","Wien 11.Bezirk, Simmering <911>",1
85 bis 89 Jahre,2025,"Wien 12.Bezirk, Meidling <912>","Wien 12.Bezirk, Meidling <912>",15
85 bis 89 Jahre,2025,"Wien 12.Bezirk, Meidling <912>","Wien 13.Bezirk, Hietzing <913>",12
85 bis 89 Jahre,2025,"Wien 12.Bezirk, Meidling <912>","Wien 14.Bezirk, Penzing <914>",-
85 bis 89 Jahre,2025,"Wien 12.Bezirk, Meidling <912>","Wien 15.Bezirk, Rudolfsheim-Fünfhaus <915>",1
85 bis 89 Jahre,2025,"Wien 12.Bezirk, Meidling <912>","Wien 16.Bezirk, Ottakring <916>",3
85 bis 89 Jahre,2025,"Wien 12.Bezirk, Meidling <912>","Wien 17.Bezirk, Hernals <917>",-
85 bis 89 Jahre,2025,"Wien 12.Bezirk, Meidling <912>","Wien 18.Bezirk, Währing <918>",-
85 bis 89 Jahre,2025,"Wien 12.Bezirk, Meidling <912>","Wien 19.Bezirk, Döbling <919>",-
85 bis 89 Jahre,2025,"Wien 12.Bezirk, Meidling <912>","Wien 20.Bezirk, Brigittenau <920>",1
85 bis 89 Jahre,2025,"Wien 12.Bezirk, Meidling <912>","Wien 21.Bezirk, Floridsdorf <921>",1
85 bis 89 Jahre,2025,"Wien 12.Bezirk, Meidling <912>","Wien 22.Bezirk, Donaustadt <922>",4
85 bis 89 Jahre,2025,"Wien 12.Bezirk, Meidling <912>","Wien 23.Bezirk, Liesing <923>",8
85 bis 89 Jahre,2025,"Wien 13.Bezirk, Hietzing <913>","Wien 1.Bezirk, Innere Stadt <901>",-
85 bis 89 Jahre,2025,"Wien 13.Bezirk, Hietzing <913>","Wien 2.Bezirk, Leopoldstadt <902>",1
85 bis 89 Jahre,2025,"Wien 13.Bezirk, Hietzing <913>","Wien 3.Bezirk, Landstraße <903>",1
85 bis 89 Jahre,2025,"Wien 13.Bezirk, Hietzing <913>","Wien 4.Bezirk, Wieden <904>",-
85 bis 89 Jahre,2025,"Wien 13.Bezirk, Hietzing <913>","Wien 5.Bezirk, Margareten <905>",-
85 bis 89 Jahre,2025,"Wien 13.Bezirk, Hietzing <913>","Wien 6.Bezirk, Mariahilf <906>",-
85 bis 89 Jahre,2025,"Wien 13.Bezirk, Hietzing <913>","Wien 7.Bezirk, Neubau <907>",1
85 bis 89 Jahre,2025,"Wien 13.Bezirk, Hietzing <913>","Wien 8.Bezirk, Josefstadt <908>",-
85 bis 89 Jahre,2025,"Wien 13.Bezirk, Hietzing <913>","Wien 9.Bezirk, Alsergrund <909>",-
85 bis 89 Jahre,2025,"Wien 13.Bezirk, Hietzing <913>","Wien 10.Bezirk, Favoriten <910>",5
85 bis 89 Jahre,2025,"Wien 13.Bezirk, Hietzing <913>","Wien 11.Bezirk, Simmering <911>",-
85 bis 89 Jahre,2025,"Wien 13.Bezirk, Hietzing <913>","Wien 12.Bezirk, Meidling <912>",4
85 bis 89 Jahre,2025,"Wien 13.Bezirk, Hietzing <913>","Wien 13.Bezirk, Hietzing <913>",18
85 bis 89 Jahre,2025,"Wien 13.Bezirk, Hietzing <913>","Wien 14.Bezirk, Penzing <914>",2
85 bis 89 Jahre,2025,"Wien 13.Bezirk, Hietzing <913>","Wien 15.Bezirk, Rudolfsheim-Fünfhaus <915>",-
85 bis 89 Jahre,2025,"Wien 13.Bezirk, Hietzing <913>","Wien 16.Bezirk, Ottakring <916>",1
85 bis 89 Jahre,2025,"Wien 13.Bezirk, Hietzing <913>","Wien 17.Bezirk, Hernals <917>",1
85 bis 89 Jahre,2025,"Wien 13.Bezirk, Hietzing <913>","Wien 18.Bezirk, Währing <918>",-
85 bis 89 Jahre,2025,"Wien 13.Bezirk, Hietzing <913>","Wien 19.Bezirk, Döbling <919>",3
85 bis 89 Jahre,2025,"Wien 13.Bezirk, Hietzing <913>","Wien 20.Bezirk, Brigittenau <920>",1
85 bis 89 Jahre,2025,"Wien 13.Bezirk, Hietzing <913>","Wien 21.Bezirk, Floridsdorf <921>",1
85 bis 89 Jahre,2025,"Wien 13.Bezirk, Hietzing <913>","Wien 22.Bezirk, Donaustadt <922>",4
85 bis 89 Jahre,2025,"Wien 13.Bezirk, Hietzing <913>","Wien 23.Bezirk, Liesing <923>",3
85 bis 89 Jahre,2025,"Wien 14.Bezirk, Penzing <914>","Wien 1.Bezirk, Innere Stadt <901>",-
85 bis 89 Jahre,2025,"Wien 14.Bezirk, Penzing <914>","Wien 2.Bezirk, Leopoldstadt <902>",1
85 bis 89 Jahre,2025,"Wien 14.Bezirk, Penzing <914>","Wien 3.Bezirk, Landstraße <903>",2
85 bis 89 Jahre,2025,"Wien 14.Bezirk, Penzing <914>","Wien 4.Bezirk, Wieden <904>",-
85 bis 89 Jahre,2025,"Wien 14.Bezirk, Penzing <914>","Wien 5.Bezirk, Margareten <905>",1
85 bis 89 Jahre,2025,"Wien 14.Bezirk, Penzing <914>","Wien 6.Bezirk, Mariahilf <906>",1
85 bis 89 Jahre,2025,"Wien 14.Bezirk, Penzing <914>","Wien 7.Bezirk, Neubau <907>",1
85 bis 89 Jahre,2025,"Wien 14.Bezirk, Penzing <914>","Wien 8.Bezirk, Josefstadt <908>",-
85 bis 89 Jahre,2025,"Wien 14.Bezirk, Penzing <914>","Wien 9.Bezirk, Alsergrund <909>",-
85 bis 89 Jahre,2025,"Wien 14.Bezirk, Penzing <914>","Wien 10.Bezirk, Favoriten <910>",3
85 bis 89 Jahre,2025,"Wien 14.Bezirk, Penzing <914>","Wien 11.Bezirk, Simmering <911>",-
85 bis 89 Jahre,2025,"Wien 14.Bezirk, Penzing <914>","Wien 12.Bezirk, Meidling <912>",3
85 bis 89 Jahre,2025,"Wien 14.Bezirk, Penzing <914>","Wien 13.Bezirk, Hietzing <913>",10
85 bis 89 Jahre,2025,"Wien 14.Bezirk, Penzing <914>","Wien 14.Bezirk, Penzing <914>",19
85 bis 89 Jahre,2025,"Wien 14.Bezirk, Penzing <914>","Wien 15.Bezirk, Rudolfsheim-Fünfhaus <915>",8
85 bis 89 Jahre,2025,"Wien 14.Bezirk, Penzing <914>","Wien 16.Bezirk, Ottakring <916>",1
85 bis 89 Jahre,2025,"Wien 14.Bezirk, Penzing <914>","Wien 17.Bezirk, Hernals <917>",2
85 bis 89 Jahre,2025,"Wien 14.Bezirk, Penzing <914>","Wien 18.Bezirk, Währing <918>",3
85 bis 89 Jahre,2025,"Wien 14.Bezirk, Penzing <914>","Wien 19.Bezirk, Döbling <919>",2
85 bis 89 Jahre,2025,"Wien 14.Bezirk, Penzing <914>","Wien 20.Bezirk, Brigittenau <920>",2
85 bis 89 Jahre,2025,"Wien 14.Bezirk, Penzing <914>","Wien 21.Bezirk, Floridsdorf <921>",3
85 bis 89 Jahre,2025,"Wien 14.Bezirk, Penzing <914>","Wien 22.Bezirk, Donaustadt <922>",-
85 bis 89 Jahre,2025,"Wien 14.Bezirk, Penzing <914>","Wien 23.Bezirk, Liesing <923>",5
85 bis 89 Jahre,2025,"Wien 15.Bezirk, Rudolfsheim-Fünfhaus <915>","Wien 1.Bezirk, Innere Stadt <901>",-
85 bis 89 Jahre,2025,"Wien 15.Bezirk, Rudolfsheim-Fünfhaus <915>","Wien 2.Bezirk, Leopoldstadt <902>",-
85 bis 89 Jahre,2025,"Wien 15.Bezirk, Rudolfsheim-Fünfhaus <915>","Wien 3.Bezirk, Landstraße <903>",-
85 bis 89 Jahre,2025,"Wien 15.Bezirk, Rudolfsheim-Fünfhaus <915>","Wien 4.Bezirk, Wieden <904>",-
85 bis 89 Jahre,2025,"Wien 15.Bezirk, Rudolfsheim-Fünfhaus <915>","Wien 5.Bezirk, Margareten <905>",-
85 bis 89 Jahre,2025,"Wien 15.Bezirk, Rudolfsheim-Fünfhaus <915>","Wien 6.Bezirk, Mariahilf <906>",-
85 bis 89 Jahre,2025,"Wien 15.Bezirk, Rudolfsheim-Fünfhaus <915>","Wien 7.Bezirk, Neubau <907>",-
85 bis 89 Jahre,2025,"Wien 15.Bezirk, Rudolfsheim-Fünfhaus <915>","Wien 8.Bezirk, Josefstadt <908>",-
85 bis 89 Jahre,2025,"Wien 15.Bezirk, Rudolfsheim-Fünfhaus <915>","Wien 9.Bezirk, Alsergrund <909>",-
85 bis 89 Jahre,2025,"Wien 15.Bezirk, Rudolfsheim-Fünfhaus <915>","Wien 10.Bezirk, Favoriten <910>",-
85 bis 89 Jahre,2025,"Wien 15.Bezirk, Rudolfsheim-Fünfhaus <915>","Wien 11.Bezirk, Simmering <911>",2
85 bis 89 Jahre,2025,"Wien 15.Bezirk, Rudolfsheim-Fünfhaus <915>","Wien 12.Bezirk, Meidling <912>",5
85 bis 89 Jahre,2025,"Wien 15.Bezirk, Rudolfsheim-Fünfhaus <915>","Wien 13.Bezirk, Hietzing <913>",3
85 bis 89 Jahre,2025,"Wien 15.Bezirk, Rudolfsheim-Fünfhaus <915>","Wien 14.Bezirk, Penzing <914>",5
85 bis 89 Jahre,2025,"Wien 15.Bezirk, Rudolfsheim-Fünfhaus <915>","Wien 15.Bezirk, Rudolfsheim-Fünfhaus <915>",6
85 bis 89 Jahre,2025,"Wien 15.Bezirk, Rudolfsheim-Fünfhaus <915>","Wien 16.Bezirk, Ottakring <916>",2
85 bis 89 Jahre,2025,"Wien 15.Bezirk, Rudolfsheim-Fünfhaus <915>","Wien 17.Bezirk, Hernals <917>",1
85 bis 89 Jahre,2025,"Wien 15.Bezirk, Rudolfsheim-Fünfhaus <915>","Wien 18.Bezirk, Währing <918>",1
85 bis 89 Jahre,2025,"Wien 15.Bezirk, Rudolfsheim-Fünfhaus <915>","Wien 19.Bezirk, Döbling <919>",-
85 bis 89 Jahre,2025,"Wien 15.Bezirk, Rudolfsheim-Fünfhaus <915>","Wien 20.Bezirk, Brigittenau <920>",1
85 bis 89 Jahre,2025,"Wien 15.Bezirk, Rudolfsheim-Fünfhaus <915>","Wien 21.Bezirk, Floridsdorf <921>",-
85 bis 89 Jahre,2025,"Wien 15.Bezirk, Rudolfsheim-Fünfhaus <915>","Wien 22.Bezirk, Donaustadt <922>",-
85 bis 89 Jahre,2025,"Wien 15.Bezirk, Rudolfsheim-Fünfhaus <915>","Wien 23.Bezirk, Liesing <923>",4
85 bis 89 Jahre,2025,"Wien 16.Bezirk, Ottakring <916>","Wien 1.Bezirk, Innere Stadt <901>",1
85 bis 89 Jahre,2025,"Wien 16.Bezirk, Ottakring <916>","Wien 2.Bezirk, Leopoldstadt <902>",1
85 bis 89 Jahre,2025,"Wien 16.Bezirk, Ottakring <916>","Wien 3.Bezirk, Landstraße <903>",-
85 bis 89 Jahre,2025,"Wien 16.Bezirk, Ottakring <916>","Wien 4.Bezirk, Wieden <904>",1
85 bis 89 Jahre,2025,"Wien 16.Bezirk, Ottakring <916>","Wien 5.Bezirk, Margareten <905>",-
85 bis 89 Jahre,2025,"Wien 16.Bezirk, Ottakring <916>","Wien 6.Bezirk, Mariahilf <906>",1
85 bis 89 Jahre,2025,"Wien 16.Bezirk, Ottakring <916>","Wien 7.Bezirk, Neubau <907>",-
85 bis 89 Jahre,2025,"Wien 16.Bezirk, Ottakring <916>","Wien 8.Bezirk, Josefstadt <908>",-
85 bis 89 Jahre,2025,"Wien 16.Bezirk, Ottakring <916>","Wien 9.Bezirk, Alsergrund <909>",3
85 bis 89 Jahre,2025,"Wien 16.Bezirk, Ottakring <916>","Wien 10.Bezirk, Favoriten <910>",1
85 bis 89 Jahre,2025,"Wien 16.Bezirk, Ottakring <916>","Wien 11.Bezirk, Simmering <911>",2
85 bis 89 Jahre,2025,"Wien 16.Bezirk, Ottakring <916>","Wien 12.Bezirk, Meidling <912>",3
85 bis 89 Jahre,2025,"Wien 16.Bezirk, Ottakring <916>","Wien 13.Bezirk, Hietzing <913>",3
85 bis 89 Jahre,2025,"Wien 16.Bezirk, Ottakring <916>","Wien 14.Bezirk, Penzing <914>",4
85 bis 89 Jahre,2025,"Wien 16.Bezirk, Ottakring <916>","Wien 15.Bezirk, Rudolfsheim-Fünfhaus <915>",7
85 bis 89 Jahre,2025,"Wien 16.Bezirk, Ottakring <916>","Wien 16.Bezirk, Ottakring <916>",11
85 bis 89 Jahre,2025,"Wien 16.Bezirk, Ottakring <916>","Wien 17.Bezirk, Hernals <917>",4
85 bis 89 Jahre,2025,"Wien 16.Bezirk, Ottakring <916>","Wien 18.Bezirk, Währing <918>",2
85 bis 89 Jahre,2025,"Wien 16.Bezirk, Ottakring <916>","Wien 19.Bezirk, Döbling <919>",3
85 bis 89 Jahre,2025,"Wien 16.Bezirk, Ottakring <916>","Wien 20.Bezirk, Brigittenau <920>",-
85 bis 89 Jahre,2025,"Wien 16.Bezirk, Ottakring <916>","Wien 21.Bezirk, Floridsdorf <921>",2
85 bis 89 Jahre,2025,"Wien 16.Bezirk, Ottakring <916>","Wien 22.Bezirk, Donaustadt <922>",-
85 bis 89 Jahre,2025,"Wien 16.Bezirk, Ottakring <916>","Wien 23.Bezirk, Liesing <923>",6
85 bis 89 Jahre,2025,"Wien 17.Bezirk, Hernals <917>","Wien 1.Bezirk, Innere Stadt <901>",-
85 bis 89 Jahre,2025,"Wien 17.Bezirk, Hernals <917>","Wien 2.Bezirk, Leopoldstadt <902>",1
85 bis 89 Jahre,2025,"Wien 17.Bezirk, Hernals <917>","Wien 3.Bezirk, Landstraße <903>",1
85 bis 89 Jahre,2025,"Wien 17.Bezirk, Hernals <917>","Wien 4.Bezirk, Wieden <904>",-
85 bis 89 Jahre,2025,"Wien 17.Bezirk, Hernals <917>","Wien 5.Bezirk, Margareten <905>",-
85 bis 89 Jahre,2025,"Wien 17.Bezirk, Hernals <917>","Wien 6.Bezirk, Mariahilf <906>",1
85 bis 89 Jahre,2025,"Wien 17.Bezirk, Hernals <917>","Wien 7.Bezirk, Neubau <907>",-
85 bis 89 Jahre,2025,"Wien 17.Bezirk, Hernals <917>","Wien 8.Bezirk, Josefstadt <908>",-
85 bis 89 Jahre,2025,"Wien 17.Bezirk, Hernals <917>","Wien 9.Bezirk, Alsergrund <909>",1
85 bis 89 Jahre,2025,"Wien 17.Bezirk, Hernals <917>","Wien 10.Bezirk, Favoriten <910>",1
85 bis 89 Jahre,2025,"Wien 17.Bezirk, Hernals <917>","Wien 11.Bezirk, Simmering <911>",1
85 bis 89 Jahre,2025,"Wien 17.Bezirk, Hernals <917>","Wien 12.Bezirk, Meidling <912>",-
85 bis 89 Jahre,2025,"Wien 17.Bezirk, Hernals <917>","Wien 13.Bezirk, Hietzing <913>",-
85 bis 89 Jahre,2025,"Wien 17.Bezirk, Hernals <917>","Wien 14.Bezirk, Penzing <914>",4
85 bis 89 Jahre,2025,"Wien 17.Bezirk, Hernals <917>","Wien 15.Bezirk, Rudolfsheim-Fünfhaus <915>",2
85 bis 89 Jahre,2025,"Wien 17.Bezirk, Hernals <917>","Wien 16.Bezirk, Ottakring <916>",3
85 bis 89 Jahre,2025,"Wien 17.Bezirk, Hernals <917>","Wien 17.Bezirk, Hernals <917>",9
85 bis 89 Jahre,2025,"Wien 17.Bezirk, Hernals <917>","Wien 18.Bezirk, Währing <918>",1
85 bis 89 Jahre,2025,"Wien 17.Bezirk, Hernals <917>","Wien 19.Bezirk, Döbling <919>",6
85 bis 89 Jahre,2025,"Wien 17.Bezirk, Hernals <917>","Wien 20.Bezirk, Brigittenau <920>",-
85 bis 89 Jahre,2025,"Wien 17.Bezirk, Hernals <917>","Wien 21.Bezirk, Floridsdorf <921>",3
85 bis 89 Jahre,2025,"Wien 17.Bezirk, Hernals <917>","Wien 22.Bezirk, Donaustadt <922>",-
85 bis 89 Jahre,2025,"Wien 17.Bezirk, Hernals <917>","Wien 23.Bezirk, Liesing <923>",-
85 bis 89 Jahre,2025,"Wien 18.Bezirk, Währing <918>","Wien 1.Bezirk, Innere Stadt <901>",-
85 bis 89 Jahre,2025,"Wien 18.Bezirk, Währing <918>","Wien 2.Bezirk, Leopoldstadt <902>",-
85 bis 89 Jahre,2025,"Wien 18.Bezirk, Währing <918>","Wien 3.Bezirk, Landstraße <903>",-
85 bis 89 Jahre,2025,"Wien 18.Bezirk, Währing <918>","Wien 4.Bezirk, Wieden <904>",-
85 bis 89 Jahre,2025,"Wien 18.Bezirk, Währing <918>","Wien 5.Bezirk, Margareten <905>",1
85 bis 89 Jahre,2025,"Wien 18.Bezirk, Währing <918>","Wien 6.Bezirk, Mariahilf <906>",-
85 bis 89 Jahre,2025,"Wien 18.Bezirk, Währing <918>","Wien 7.Bezirk, Neubau <907>",1
85 bis 89 Jahre,2025,"Wien 18.Bezirk, Währing <918>","Wien 8.Bezirk, Josefstadt <908>",-
85 bis 89 Jahre,2025,"Wien 18.Bezirk, Währing <918>","Wien 9.Bezirk, Alsergrund <909>",1
85 bis 89 Jahre,2025,"Wien 18.Bezirk, Währing <918>","Wien 10.Bezirk, Favoriten <910>",2
85 bis 89 Jahre,2025,"Wien 18.Bezirk, Währing <918>","Wien 11.Bezirk, Simmering <911>",-
85 bis 89 Jahre,2025,"Wien 18.Bezirk, Währing <918>","Wien 12.Bezirk, Meidling <912>",-
85 bis 89 Jahre,2025,"Wien 18.Bezirk, Währing <918>","Wien 13.Bezirk, Hietzing <913>",-
85 bis 89 Jahre,2025,"Wien 18.Bezirk, Währing <918>","Wien 14.Bezirk, Penzing <914>",1
85 bis 89 Jahre,2025,"Wien 18.Bezirk, Währing <918>","Wien 15.Bezirk, Rudolfsheim-Fünfhaus <915>",1
85 bis 89 Jahre,2025,"Wien 18.Bezirk, Währing <918>","Wien 16.Bezirk, Ottakring <916>",3
85 bis 89 Jahre,2025,"Wien 18.Bezirk, Währing <918>","Wien 17.Bezirk, Hernals <917>",2
85 bis 89 Jahre,2025,"Wien 18.Bezirk, Währing <918>","Wien 18.Bezirk, Währing <918>",11
85 bis 89 Jahre,2025,"Wien 18.Bezirk, Währing <918>","Wien 19.Bezirk, Döbling <919>",3
85 bis 89 Jahre,2025,"Wien 18.Bezirk, Währing <918>","Wien 20.Bezirk, Brigittenau <920>",-
85 bis 89 Jahre,2025,"Wien 18.Bezirk, Währing <918>","Wien 21.Bezirk, Floridsdorf <921>",1
85 bis 89 Jahre,2025,"Wien 18.Bezirk, Währing <918>","Wien 22.Bezirk, Donaustadt <922>",-
85 bis 89 Jahre,2025,"Wien 18.Bezirk, Währing <918>","Wien 23.Bezirk, Liesing <923>",2
85 bis 89 Jahre,2025,"Wien 19.Bezirk, Döbling <919>","Wien 1.Bezirk, Innere Stadt <901>",-
85 bis 89 Jahre,2025,"Wien 19.Bezirk, Döbling <919>","Wien 2.Bezirk, Leopoldstadt <902>",4
85 bis 89 Jahre,2025,"Wien 19.Bezirk, Döbling <919>","Wien 3.Bezirk, Landstraße <903>",-
85 bis 89 Jahre,2025,"Wien 19.Bezirk, Döbling <919>","Wien 4.Bezirk, Wieden <904>",-
85 bis 89 Jahre,2025,"Wien 19.Bezirk, Döbling <919>","Wien 5.Bezirk, Margareten <905>",1
85 bis 89 Jahre,2025,"Wien 19.Bezirk, Döbling <919>","Wien 6.Bezirk, Mariahilf <906>",1
85 bis 89 Jahre,2025,"Wien 19.Bezirk, Döbling <919>","Wien 7.Bezirk, Neubau <907>",-
85 bis 89 Jahre,2025,"Wien 19.Bezirk, Döbling <919>","Wien 8.Bezirk, Josefstadt <908>",-
85 bis 89 Jahre,2025,"Wien 19.Bezirk, Döbling <919>","Wien 9.Bezirk, Alsergrund <909>",2
85 bis 89 Jahre,2025,"Wien 19.Bezirk, Döbling <919>","Wien 10.Bezirk, Favoriten <910>",1
85 bis 89 Jahre,2025,"Wien 19.Bezirk, Döbling <919>","Wien 11.Bezirk, Simmering <911>",1
85 bis 89 Jahre,2025,"Wien 19.Bezirk, Döbling <919>","Wien 12.Bezirk, Meidling <912>",1
85 bis 89 Jahre,2025,"Wien 19.Bezirk, Döbling <919>","Wien 13.Bezirk, Hietzing <913>",2
85 bis 89 Jahre,2025,"Wien 19.Bezirk, Döbling <919>","Wien 14.Bezirk, Penzing <914>",-
85 bis 89 Jahre,2025,"Wien 19.Bezirk, Döbling <919>","Wien 15.Bezirk, Rudolfsheim-Fünfhaus <915>",3
85 bis 89 Jahre,2025,"Wien 19.Bezirk, Döbling <919>","Wien 16.Bezirk, Ottakring <916>",4
85 bis 89 Jahre,2025,"Wien 19.Bezirk, Döbling <919>","Wien 17.Bezirk, Hernals <917>",2
85 bis 89 Jahre,2025,"Wien 19.Bezirk, Döbling <919>","Wien 18.Bezirk, Währing <918>",7
85 bis 89 Jahre,2025,"Wien 19.Bezirk, Döbling <919>","Wien 19.Bezirk, Döbling <919>",43
85 bis 89 Jahre,2025,"Wien 19.Bezirk, Döbling <919>","Wien 20.Bezirk, Brigittenau <920>",2
85 bis 89 Jahre,2025,"Wien 19.Bezirk, Döbling <919>","Wien 21.Bezirk, Floridsdorf <921>",5
85 bis 89 Jahre,2025,"Wien 19.Bezirk, Döbling <919>","Wien 22.Bezirk, Donaustadt <922>",-
85 bis 89 Jahre,2025,"Wien 19.Bezirk, Döbling <919>","Wien 23.Bezirk, Liesing <923>",-
85 bis 89 Jahre,2025,"Wien 20.Bezirk, Brigittenau <920>","Wien 1.Bezirk, Innere Stadt <901>",-
85 bis 89 Jahre,2025,"Wien 20.Bezirk, Brigittenau <920>","Wien 2.Bezirk, Leopoldstadt <902>",11
85 bis 89 Jahre,2025,"Wien 20.Bezirk, Brigittenau <920>","Wien 3.Bezirk, Landstraße <903>",1
85 bis 89 Jahre,2025,"Wien 20.Bezirk, Brigittenau <920>","Wien 4.Bezirk, Wieden <904>",-
85 bis 89 Jahre,2025,"Wien 20.Bezirk, Brigittenau <920>","Wien 5.Bezirk, Margareten <905>",-
85 bis 89 Jahre,2025,"Wien 20.Bezirk, Brigittenau <920>","Wien 6.Bezirk, Mariahilf <906>",-
85 bis 89 Jahre,2025,"Wien 20.Bezirk, Brigittenau <920>","Wien 7.Bezirk, Neubau <907>",-
85 bis 89 Jahre,2025,"Wien 20.Bezirk, Brigittenau <920>","Wien 8.Bezirk, Josefstadt <908>",-
85 bis 89 Jahre,2025,"Wien 20.Bezirk, Brigittenau <920>","Wien 9.Bezirk, Alsergrund <909>",-
85 bis 89 Jahre,2025,"Wien 20.Bezirk, Brigittenau <920>","Wien 10.Bezirk, Favoriten <910>",1
85 bis 89 Jahre,2025,"Wien 20.Bezirk, Brigittenau <920>","Wien 11.Bezirk, Simmering <911>",-
85 bis 89 Jahre,2025,"Wien 20.Bezirk, Brigittenau <920>","Wien 12.Bezirk, Meidling <912>",1
85 bis 89 Jahre,2025,"Wien 20.Bezirk, Brigittenau <920>","Wien 13.Bezirk, Hietzing <913>",4
85 bis 89 Jahre,2025,"Wien 20.Bezirk, Brigittenau <920>","Wien 14.Bezirk, Penzing <914>",1
85 bis 89 Jahre,2025,"Wien 20.Bezirk, Brigittenau <920>","Wien 15.Bezirk, Rudolfsheim-Fünfhaus <915>",3
85 bis 89 Jahre,2025,"Wien 20.Bezirk, Brigittenau <920>","Wien 16.Bezirk, Ottakring <916>",3
85 bis 89 Jahre,2025,"Wien 20.Bezirk, Brigittenau <920>","Wien 17.Bezirk, Hernals <917>",-
85 bis 89 Jahre,2025,"Wien 20.Bezirk, Brigittenau <920>","Wien 18.Bezirk, Währing <918>",2
85 bis 89 Jahre,2025,"Wien 20.Bezirk, Brigittenau <920>","Wien 19.Bezirk, Döbling <919>",5
85 bis 89 Jahre,2025,"Wien 20.Bezirk, Brigittenau <920>","Wien 20.Bezirk, Brigittenau <920>",13
85 bis 89 Jahre,2025,"Wien 20.Bezirk, Brigittenau <920>","Wien 21.Bezirk, Floridsdorf <921>",1
85 bis 89 Jahre,2025,"Wien 20.Bezirk, Brigittenau <920>","Wien 22.Bezirk, Donaustadt <922>",2
85 bis 89 Jahre,2025,"Wien 20.Bezirk, Brigittenau <920>","Wien 23.Bezirk, Liesing <923>",2
85 bis 89 Jahre,2025,"Wien 21.Bezirk, Floridsdorf <921>","Wien 1.Bezirk, Innere Stadt <901>",-
85 bis 89 Jahre,2025,"Wien 21.Bezirk, Floridsdorf <921>","Wien 2.Bezirk, Leopoldstadt <902>",5
85 bis 89 Jahre,2025,"Wien 21.Bezirk, Floridsdorf <921>","Wien 3.Bezirk, Landstraße <903>",3
85 bis 89 Jahre,2025,"Wien 21.Bezirk, Floridsdorf <921>","Wien 4.Bezirk, Wieden <904>",1
85 bis 89 Jahre,2025,"Wien 21.Bezirk, Floridsdorf <921>","Wien 5.Bezirk, Margareten <905>",1
85 bis 89 Jahre,2025,"Wien 21.Bezirk, Floridsdorf <921>","Wien 6.Bezirk, Mariahilf <906>",1
85 bis 89 Jahre,2025,"Wien 21.Bezirk, Floridsdorf <921>","Wien 7.Bezirk, Neubau <907>",-
85 bis 89 Jahre,2025,"Wien 21.Bezirk, Floridsdorf <921>","Wien 8.Bezirk, Josefstadt <908>",-
85 bis 89 Jahre,2025,"Wien 21.Bezirk, Floridsdorf <921>","Wien 9.Bezirk, Alsergrund <909>",2
85 bis 89 Jahre,2025,"Wien 21.Bezirk, Floridsdorf <921>","Wien 10.Bezirk, Favoriten <910>",3
85 bis 89 Jahre,2025,"Wien 21.Bezirk, Floridsdorf <921>","Wien 11.Bezirk, Simmering <911>",-
85 bis 89 Jahre,2025,"Wien 21.Bezirk, Floridsdorf <921>","Wien 12.Bezirk, Meidling <912>",1
85 bis 89 Jahre,2025,"Wien 21.Bezirk, Floridsdorf <921>","Wien 13.Bezirk, Hietzing <913>",2
85 bis 89 Jahre,2025,"Wien 21.Bezirk, Floridsdorf <921>","Wien 14.Bezirk, Penzing <914>",3
85 bis 89 Jahre,2025,"Wien 21.Bezirk, Floridsdorf <921>","Wien 15.Bezirk, Rudolfsheim-Fünfhaus <915>",3
85 bis 89 Jahre,2025,"Wien 21.Bezirk, Floridsdorf <921>","Wien 16.Bezirk, Ottakring <916>",-
85 bis 89 Jahre,2025,"Wien 21.Bezirk, Floridsdorf <921>","Wien 17.Bezirk, Hernals <917>",1
85 bis 89 Jahre,2025,"Wien 21.Bezirk, Floridsdorf <921>","Wien 18.Bezirk, Währing <918>",4
85 bis 89 Jahre,2025,"Wien 21.Bezirk, Floridsdorf <921>","Wien 19.Bezirk, Döbling <919>",10
85 bis 89 Jahre,2025,"Wien 21.Bezirk, Floridsdorf <921>","Wien 20.Bezirk, Brigittenau <920>",3
85 bis 89 Jahre,2025,"Wien 21.Bezirk, Floridsdorf <921>","Wien 21.Bezirk, Floridsdorf <921>",33
85 bis 89 Jahre,2025,"Wien 21.Bezirk, Floridsdorf <921>","Wien 22.Bezirk, Donaustadt <922>",18
85 bis 89 Jahre,2025,"Wien 21.Bezirk, Floridsdorf <921>","Wien 23.Bezirk, Liesing <923>",2
85 bis 89 Jahre,2025,"Wien 22.Bezirk, Donaustadt <922>","Wien 1.Bezirk, Innere Stadt <901>",-
85 bis 89 Jahre,2025,"Wien 22.Bezirk, Donaustadt <922>","Wien 2.Bezirk, Leopoldstadt <902>",16
85 bis 89 Jahre,2025,"Wien 22.Bezirk, Donaustadt <922>","Wien 3.Bezirk, Landstraße <903>",1
85 bis 89 Jahre,2025,"Wien 22.Bezirk, Donaustadt <922>","Wien 4.Bezirk, Wieden <904>",-
85 bis 89 Jahre,2025,"Wien 22.Bezirk, Donaustadt <922>","Wien 5.Bezirk, Margareten <905>",-
85 bis 89 Jahre,2025,"Wien 22.Bezirk, Donaustadt <922>","Wien 6.Bezirk, Mariahilf <906>",1
85 bis 89 Jahre,2025,"Wien 22.Bezirk, Donaustadt <922>","Wien 7.Bezirk, Neubau <907>",-
85 bis 89 Jahre,2025,"Wien 22.Bezirk, Donaustadt <922>","Wien 8.Bezirk, Josefstadt <908>",-
85 bis 89 Jahre,2025,"Wien 22.Bezirk, Donaustadt <922>","Wien 9.Bezirk, Alsergrund <909>",-
85 bis 89 Jahre,2025,"Wien 22.Bezirk, Donaustadt <922>","Wien 10.Bezirk, Favoriten <910>",9
85 bis 89 Jahre,2025,"Wien 22.Bezirk, Donaustadt <922>","Wien 11.Bezirk, Simmering <911>",1
85 bis 89 Jahre,2025,"Wien 22.Bezirk, Donaustadt <922>","Wien 12.Bezirk, Meidling <912>",1
85 bis 89 Jahre,2025,"Wien 22.Bezirk, Donaustadt <922>","Wien 13.Bezirk, Hietzing <913>",3
85 bis 89 Jahre,2025,"Wien 22.Bezirk, Donaustadt <922>","Wien 14.Bezirk, Penzing <914>",-
85 bis 89 Jahre,2025,"Wien 22.Bezirk, Donaustadt <922>","Wien 15.Bezirk, Rudolfsheim-Fünfhaus <915>",3
85 bis 89 Jahre,2025,"Wien 22.Bezirk, Donaustadt <922>","Wien 16.Bezirk, Ottakring <916>",3
85 bis 89 Jahre,2025,"Wien 22.Bezirk, Donaustadt <922>","Wien 17.Bezirk, Hernals <917>",1
85 bis 89 Jahre,2025,"Wien 22.Bezirk, Donaustadt <922>","Wien 18.Bezirk, Währing <918>",2
85 bis 89 Jahre,2025,"Wien 22.Bezirk, Donaustadt <922>","Wien 19.Bezirk, Döbling <919>",9
85 bis 89 Jahre,2025,"Wien 22.Bezirk, Donaustadt <922>","Wien 20.Bezirk, Brigittenau <920>",2
85 bis 89 Jahre,2025,"Wien 22.Bezirk, Donaustadt <922>","Wien 21.Bezirk, Floridsdorf <921>",11
85 bis 89 Jahre,2025,"Wien 22.Bezirk, Donaustadt <922>","Wien 22.Bezirk, Donaustadt <922>",38
85 bis 89 Jahre,2025,"Wien 22.Bezirk, Donaustadt <922>","Wien 23.Bezirk, Liesing <923>",3
85 bis 89 Jahre,2025,"Wien 23.Bezirk, Liesing <923>","Wien 1.Bezirk, Innere Stadt <901>",-
85 bis 89 Jahre,2025,"Wien 23.Bezirk, Liesing <923>","Wien 2.Bezirk, Leopoldstadt <902>",-
85 bis 89 Jahre,2025,"Wien 23.Bezirk, Liesing <923>","Wien 3.Bezirk, Landstraße <903>",-
85 bis 89 Jahre,2025,"Wien 23.Bezirk, Liesing <923>","Wien 4.Bezirk, Wieden <904>",-
85 bis 89 Jahre,2025,"Wien 23.Bezirk, Liesing <923>","Wien 5.Bezirk, Margareten <905>",1
85 bis 89 Jahre,2025,"Wien 23.Bezirk, Liesing <923>","Wien 6.Bezirk, Mariahilf <906>",-
85 bis 89 Jahre,2025,"Wien 23.Bezirk, Liesing <923>","Wien 7.Bezirk, Neubau <907>",-
85 bis 89 Jahre,2025,"Wien 23.Bezirk, Liesing <923>","Wien 8.Bezirk, Josefstadt <908>",-
85 bis 89 Jahre,2025,"Wien 23.Bezirk, Liesing <923>","Wien 9.Bezirk, Alsergrund <909>",-
85 bis 89 Jahre,2025,"Wien 23.Bezirk, Liesing <923>","Wien 10.Bezirk, Favoriten <910>",6
85 bis 89 Jahre,2025,"Wien 23.Bezirk, Liesing <923>","Wien 11.Bezirk, Simmering <911>",-
85 bis 89 Jahre,2025,"Wien 23.Bezirk, Liesing <923>","Wien 12.Bezirk, Meidling <912>",6
85 bis 89 Jahre,2025,"Wien 23.Bezirk, Liesing <923>","Wien 13.Bezirk, Hietzing <913>",10
85 bis 89 Jahre,2025,"Wien 23.Bezirk, Liesing <923>","Wien 14.Bezirk, Penzing <914>",-
85 bis 89 Jahre,2025,"Wien 23.Bezirk, Liesing <923>","Wien 15.Bezirk, Rudolfsheim-Fünfhaus <915>",2
85 bis 89 Jahre,2025,"Wien 23.Bezirk, Liesing <923>","Wien 16.Bezirk, Ottakring <916>",1
85 bis 89 Jahre,2025,"Wien 23.Bezirk, Liesing <923>","Wien 17.Bezirk, Hernals <917>",-
85 bis 89 Jahre,2025,"Wien 23.Bezirk, Liesing <923>","Wien 18.Bezirk, Währing <918>",1
85 bis 89 Jahre,2025,"Wien 23.Bezirk, Liesing <923>","Wien 19.Bezirk, Döbling <919>",2
85 bis 89 Jahre,2025,"Wien 23.Bezirk, Liesing <923>","Wien 20.Bezirk, Brigittenau <920>",-
85 bis 89 Jahre,2025,"Wien 23.Bezirk, Liesing <923>","Wien 21.Bezirk, Floridsdorf <921>",1
85 bis 89 Jahre,2025,"Wien 23.Bezirk, Liesing <923>","Wien 22.Bezirk, Donaustadt <922>",-
85 bis 89 Jahre,2025,"Wien 23.Bezirk, Liesing <923>","Wien 23.Bezirk, Liesing <923>",41
90 bis 94 Jahre,2025,"Wien 1.Bezirk, Innere Stadt <901>","Wien 1.Bezirk, Innere Stadt <901>",-
90 bis 94 Jahre,2025,"Wien 1.Bezirk, Innere Stadt <901>","Wien 2.Bezirk, Leopoldstadt <902>",1
90 bis 94 Jahre,2025,"Wien 1.Bezirk, Innere Stadt <901>","Wien 3.Bezirk, Landstraße <903>",1
90 bis 94 Jahre,2025,"Wien 1.Bezirk, Innere Stadt <901>","Wien 4.Bezirk, Wieden <904>",-
90 bis 94 Jahre,2025,"Wien 1.Bezirk, Innere Stadt <901>","Wien 5.Bezirk, Margareten <905>",-
90 bis 94 Jahre,2025,"Wien 1.Bezirk, Innere Stadt <901>","Wien 6.Bezirk, Mariahilf <906>",1
90 bis 94 Jahre,2025,"Wien 1.Bezirk, Innere Stadt <901>","Wien 7.Bezirk, Neubau <907>",-
90 bis 94 Jahre,2025,"Wien 1.Bezirk, Innere Stadt <901>","Wien 8.Bezirk, Josefstadt <908>",-
90 bis 94 Jahre,2025,"Wien 1.Bezirk, Innere Stadt <901>","Wien 9.Bezirk, Alsergrund <909>",-
90 bis 94 Jahre,2025,"Wien 1.Bezirk, Innere Stadt <901>","Wien 10.Bezirk, Favoriten <910>",1
90 bis 94 Jahre,2025,"Wien 1.Bezirk, Innere Stadt <901>","Wien 11.Bezirk, Simmering <911>",-
90 bis 94 Jahre,2025,"Wien 1.Bezirk, Innere Stadt <901>","Wien 12.Bezirk, Meidling <912>",-
90 bis 94 Jahre,2025,"Wien 1.Bezirk, Innere Stadt <901>","Wien 13.Bezirk, Hietzing <913>",-
90 bis 94 Jahre,2025,"Wien 1.Bezirk, Innere Stadt <901>","Wien 14.Bezirk, Penzing <914>",-
90 bis 94 Jahre,2025,"Wien 1.Bezirk, Innere Stadt <901>","Wien 15.Bezirk, Rudolfsheim-Fünfhaus <915>",-
90 bis 94 Jahre,2025,"Wien 1.Bezirk, Innere Stadt <901>","Wien 16.Bezirk, Ottakring <916>",-
90 bis 94 Jahre,2025,"Wien 1.Bezirk, Innere Stadt <901>","Wien 17.Bezirk, Hernals <917>",-
90 bis 94 Jahre,2025,"Wien 1.Bezirk, Innere Stadt <901>","Wien 18.Bezirk, Währing <918>",-
90 bis 94 Jahre,2025,"Wien 1.Bezirk, Innere Stadt <901>","Wien 19.Bezirk, Döbling <919>",1
90 bis 94 Jahre,2025,"Wien 1.Bezirk, Innere Stadt <901>","Wien 20.Bezirk, Brigittenau <920>",-
90 bis 94 Jahre,2025,"Wien 1.Bezirk, Innere Stadt <901>","Wien 21.Bezirk, Floridsdorf <921>",-
90 bis 94 Jahre,2025,"Wien 1.Bezirk, Innere Stadt <901>","Wien 22.Bezirk, Donaustadt <922>",-
90 bis 94 Jahre,2025,"Wien 1.Bezirk, Innere Stadt <901>","Wien 23.Bezirk, Liesing <923>",-
90 bis 94 Jahre,2025,"Wien 2.Bezirk, Leopoldstadt <902>","Wien 1.Bezirk, Innere Stadt <901>",-
90 bis 94 Jahre,2025,"Wien 2.Bezirk, Leopoldstadt <902>","Wien 2.Bezirk, Leopoldstadt <902>",16
90 bis 94 Jahre,2025,"Wien 2.Bezirk, Leopoldstadt <902>","Wien 3.Bezirk, Landstraße <903>",2
90 bis 94 Jahre,2025,"Wien 2.Bezirk, Leopoldstadt <902>","Wien 4.Bezirk, Wieden <904>",1
90 bis 94 Jahre,2025,"Wien 2.Bezirk, Leopoldstadt <902>","Wien 5.Bezirk, Margareten <905>",-
90 bis 94 Jahre,2025,"Wien 2.Bezirk, Leopoldstadt <902>","Wien 6.Bezirk, Mariahilf <906>",-
90 bis 94 Jahre,2025,"Wien 2.Bezirk, Leopoldstadt <902>","Wien 7.Bezirk, Neubau <907>",-
90 bis 94 Jahre,2025,"Wien 2.Bezirk, Leopoldstadt <902>","Wien 8.Bezirk, Josefstadt <908>",-
90 bis 94 Jahre,2025,"Wien 2.Bezirk, Leopoldstadt <902>","Wien 9.Bezirk, Alsergrund <909>",1
90 bis 94 Jahre,2025,"Wien 2.Bezirk, Leopoldstadt <902>","Wien 10.Bezirk, Favoriten <910>",2
90 bis 94 Jahre,2025,"Wien 2.Bezirk, Leopoldstadt <902>","Wien 11.Bezirk, Simmering <911>",1
90 bis 94 Jahre,2025,"Wien 2.Bezirk, Leopoldstadt <902>","Wien 12.Bezirk, Meidling <912>",-
90 bis 94 Jahre,2025,"Wien 2.Bezirk, Leopoldstadt <902>","Wien 13.Bezirk, Hietzing <913>",1
90 bis 94 Jahre,2025,"Wien 2.Bezirk, Leopoldstadt <902>","Wien 14.Bezirk, Penzing <914>",-
90 bis 94 Jahre,2025,"Wien 2.Bezirk, Leopoldstadt <902>","Wien 15.Bezirk, Rudolfsheim-Fünfhaus <915>",1
90 bis 94 Jahre,2025,"Wien 2.Bezirk, Leopoldstadt <902>","Wien 16.Bezirk, Ottakring <916>",-
90 bis 94 Jahre,2025,"Wien 2.Bezirk, Leopoldstadt <902>","Wien 17.Bezirk, Hernals <917>",-
90 bis 94 Jahre,2025,"Wien 2.Bezirk, Leopoldstadt <902>","Wien 18.Bezirk, Währing <918>",-
90 bis 94 Jahre,2025,"Wien 2.Bezirk, Leopoldstadt <902>","Wien 19.Bezirk, Döbling <919>",-
90 bis 94 Jahre,2025,"Wien 2.Bezirk, Leopoldstadt <902>","Wien 20.Bezirk, Brigittenau <920>",2
90 bis 94 Jahre,2025,"Wien 2.Bezirk, Leopoldstadt <902>","Wien 21.Bezirk, Floridsdorf <921>",-
90 bis 94 Jahre,2025,"Wien 2.Bezirk, Leopoldstadt <902>","Wien 22.Bezirk, Donaustadt <922>",2
90 bis 94 Jahre,2025,"Wien 2.Bezirk, Leopoldstadt <902>","Wien 23.Bezirk, Liesing <923>",2
90 bis 94 Jahre,2025,"Wien 3.Bezirk, Landstraße <903>","Wien 1.Bezirk, Innere Stadt <901>",1
90 bis 94 Jahre,2025,"Wien 3.Bezirk, Landstraße <903>","Wien 2.Bezirk, Leopoldstadt <902>",5
90 bis 94 Jahre,2025,"Wien 3.Bezirk, Landstraße <903>","Wien 3.Bezirk, Landstraße <903>",8
90 bis 94 Jahre,2025,"Wien 3.Bezirk, Landstraße <903>","Wien 4.Bezirk, Wieden <904>",-
90 bis 94 Jahre,2025,"Wien 3.Bezirk, Landstraße <903>","Wien 5.Bezirk, Margareten <905>",1
90 bis 94 Jahre,2025,"Wien 3.Bezirk, Landstraße <903>","Wien 6.Bezirk, Mariahilf <906>",-
90 bis 94 Jahre,2025,"Wien 3.Bezirk, Landstraße <903>","Wien 7.Bezirk, Neubau <907>",-
90 bis 94 Jahre,2025,"Wien 3.Bezirk, Landstraße <903>","Wien 8.Bezirk, Josefstadt <908>",-
90 bis 94 Jahre,2025,"Wien 3.Bezirk, Landstraße <903>","Wien 9.Bezirk, Alsergrund <909>",2
90 bis 94 Jahre,2025,"Wien 3.Bezirk, Landstraße <903>","Wien 10.Bezirk, Favoriten <910>",-
90 bis 94 Jahre,2025,"Wien 3.Bezirk, Landstraße <903>","Wien 11.Bezirk, Simmering <911>",-
90 bis 94 Jahre,2025,"Wien 3.Bezirk, Landstraße <903>","Wien 12.Bezirk, Meidling <912>",2
90 bis 94 Jahre,2025,"Wien 3.Bezirk, Landstraße <903>","Wien 13.Bezirk, Hietzing <913>",3
90 bis 94 Jahre,2025,"Wien 3.Bezirk, Landstraße <903>","Wien 14.Bezirk, Penzing <914>",1
90 bis 94 Jahre,2025,"Wien 3.Bezirk, Landstraße <903>","Wien 15.Bezirk, Rudolfsheim-Fünfhaus <915>",1
90 bis 94 Jahre,2025,"Wien 3.Bezirk, Landstraße <903>","Wien 16.Bezirk, Ottakring <916>",-
90 bis 94 Jahre,2025,"Wien 3.Bezirk, Landstraße <903>","Wien 17.Bezirk, Hernals <917>",-
90 bis 94 Jahre,2025,"Wien 3.Bezirk, Landstraße <903>","Wien 18.Bezirk, Währing <918>",-
90 bis 94 Jahre,2025,"Wien 3.Bezirk, Landstraße <903>","Wien 19.Bezirk, Döbling <919>",4
90 bis 94 Jahre,2025,"Wien 3.Bezirk, Landstraße <903>","Wien 20.Bezirk, Brigittenau <920>",-
90 bis 94 Jahre,2025,"Wien 3.Bezirk, Landstraße <903>","Wien 21.Bezirk, Floridsdorf <921>",-
90 bis 94 Jahre,2025,"Wien 3.Bezirk, Landstraße <903>","Wien 22.Bezirk, Donaustadt <922>",1
90 bis 94 Jahre,2025,"Wien 3.Bezirk, Landstraße <903>","Wien 23.Bezirk, Liesing <923>",2
90 bis 94 Jahre,2025,"Wien 4.Bezirk, Wieden <904>","Wien 1.Bezirk, Innere Stadt <901>",-
90 bis 94 Jahre,2025,"Wien 4.Bezirk, Wieden <904>","Wien 2.Bezirk, Leopoldstadt <902>",1
90 bis 94 Jahre,2025,"Wien 4.Bezirk, Wieden <904>","Wien 3.Bezirk, Landstraße <903>",1
90 bis 94 Jahre,2025,"Wien 4.Bezirk, Wieden <904>","Wien 4.Bezirk, Wieden <904>",-
90 bis 94 Jahre,2025,"Wien 4.Bezirk, Wieden <904>","Wien 5.Bezirk, Margareten <905>",-
90 bis 94 Jahre,2025,"Wien 4.Bezirk, Wieden <904>","Wien 6.Bezirk, Mariahilf <906>",-
90 bis 94 Jahre,2025,"Wien 4.Bezirk, Wieden <904>","Wien 7.Bezirk, Neubau <907>",-
90 bis 94 Jahre,2025,"Wien 4.Bezirk, Wieden <904>","Wien 8.Bezirk, Josefstadt <908>",-
90 bis 94 Jahre,2025,"Wien 4.Bezirk, Wieden <904>","Wien 9.Bezirk, Alsergrund <909>",1
90 bis 94 Jahre,2025,"Wien 4.Bezirk, Wieden <904>","Wien 10.Bezirk, Favoriten <910>",2
90 bis 94 Jahre,2025,"Wien 4.Bezirk, Wieden <904>","Wien 11.Bezirk, Simmering <911>",1
90 bis 94 Jahre,2025,"Wien 4.Bezirk, Wieden <904>","Wien 12.Bezirk, Meidling <912>",1
90 bis 94 Jahre,2025,"Wien 4.Bezirk, Wieden <904>","Wien 13.Bezirk, Hietzing <913>",-
90 bis 94 Jahre,2025,"Wien 4.Bezirk, Wieden <904>","Wien 14.Bezirk, Penzing <914>",-
90 bis 94 Jahre,2025,"Wien 4.Bezirk, Wieden <904>","Wien 15.Bezirk, Rudolfsheim-Fünfhaus <915>",1
90 bis 94 Jahre,2025,"Wien 4.Bezirk, Wieden <904>","Wien 16.Bezirk, Ottakring <916>",-
90 bis 94 Jahre,2025,"Wien 4.Bezirk, Wieden <904>","Wien 17.Bezirk, Hernals <917>",-
90 bis 94 Jahre,2025,"Wien 4.Bezirk, Wieden <904>","Wien 18.Bezirk, Währing <918>",1
90 bis 94 Jahre,2025,"Wien 4.Bezirk, Wieden <904>","Wien 19.Bezirk, Döbling <919>",-
90 bis 94 Jahre,2025,"Wien 4.Bezirk, Wieden <904>","Wien 20.Bezirk, Brigittenau <920>",-
90 bis 94 Jahre,2025,"Wien 4.Bezirk, Wieden <904>","Wien 21.Bezirk, Floridsdorf <921>",-
90 bis 94 Jahre,2025,"Wien 4.Bezirk, Wieden <904>","Wien 22.Bezirk, Donaustadt <922>",-
90 bis 94 Jahre,2025,"Wien 4.Bezirk, Wieden <904>","Wien 23.Bezirk, Liesing <923>",1
90 bis 94 Jahre,2025,"Wien 5.Bezirk, Margareten <905>","Wien 1.Bezirk, Innere Stadt <901>",-
90 bis 94 Jahre,2025,"Wien 5.Bezirk, Margareten <905>","Wien 2.Bezirk, Leopoldstadt <902>",-
90 bis 94 Jahre,2025,"Wien 5.Bezirk, Margareten <905>","Wien 3.Bezirk, Landstraße <903>",2
90 bis 94 Jahre,2025,"Wien 5.Bezirk, Margareten <905>","Wien 4.Bezirk, Wieden <904>",-
90 bis 94 Jahre,2025,"Wien 5.Bezirk, Margareten <905>","Wien 5.Bezirk, Margareten <905>",-
90 bis 94 Jahre,2025,"Wien 5.Bezirk, Margareten <905>","Wien 6.Bezirk, Mariahilf <906>",1
90 bis 94 Jahre,2025,"Wien 5.Bezirk, Margareten <905>","Wien 7.Bezirk, Neubau <907>",-
90 bis 94 Jahre,2025,"Wien 5.Bezirk, Margareten <905>","Wien 8.Bezirk, Josefstadt <908>",-
90 bis 94 Jahre,2025,"Wien 5.Bezirk, Margareten <905>","Wien 9.Bezirk, Alsergrund <909>",-
90 bis 94 Jahre,2025,"Wien 5.Bezirk, Margareten <905>","Wien 10.Bezirk, Favoriten <910>",2
90 bis 94 Jahre,2025,"Wien 5.Bezirk, Margareten <905>","Wien 11.Bezirk, Simmering <911>",-
90 bis 94 Jahre,2025,"Wien 5.Bezirk, Margareten <905>","Wien 12.Bezirk, Meidling <912>",3
90 bis 94 Jahre,2025,"Wien 5.Bezirk, Margareten <905>","Wien 13.Bezirk, Hietzing <913>",-
90 bis 94 Jahre,2025,"Wien 5.Bezirk, Margareten <905>","Wien 14.Bezirk, Penzing <914>",-
90 bis 94 Jahre,2025,"Wien 5.Bezirk, Margareten <905>","Wien 15.Bezirk, Rudolfsheim-Fünfhaus <915>",-
90 bis 94 Jahre,2025,"Wien 5.Bezirk, Margareten <905>","Wien 16.Bezirk, Ottakring <916>",-
90 bis 94 Jahre,2025,"Wien 5.Bezirk, Margareten <905>","Wien 17.Bezirk, Hernals <917>",-
90 bis 94 Jahre,2025,"Wien 5.Bezirk, Margareten <905>","Wien 18.Bezirk, Währing <918>",-
90 bis 94 Jahre,2025,"Wien 5.Bezirk, Margareten <905>","Wien 19.Bezirk, Döbling <919>",2
90 bis 94 Jahre,2025,"Wien 5.Bezirk, Margareten <905>","Wien 20.Bezirk, Brigittenau <920>",-
90 bis 94 Jahre,2025,"Wien 5.Bezirk, Margareten <905>","Wien 21.Bezirk, Floridsdorf <921>",1
90 bis 94 Jahre,2025,"Wien 5.Bezirk, Margareten <905>","Wien 22.Bezirk, Donaustadt <922>",-
90 bis 94 Jahre,2025,"Wien 5.Bezirk, Margareten <905>","Wien 23.Bezirk, Liesing <923>",3
90 bis 94 Jahre,2025,"Wien 6.Bezirk, Mariahilf <906>","Wien 1.Bezirk, Innere Stadt <901>",-
90 bis 94 Jahre,2025,"Wien 6.Bezirk, Mariahilf <906>","Wien 2.Bezirk, Leopoldstadt <902>",-
90 bis 94 Jahre,2025,"Wien 6.Bezirk, Mariahilf <906>","Wien 3.Bezirk, Landstraße <903>",-
90 bis 94 Jahre,2025,"Wien 6.Bezirk, Mariahilf <906>","Wien 4.Bezirk, Wieden <904>",-
90 bis 94 Jahre,2025,"Wien 6.Bezirk, Mariahilf <906>","Wien 5.Bezirk, Margareten <905>",-
90 bis 94 Jahre,2025,"Wien 6.Bezirk, Mariahilf <906>","Wien 6.Bezirk, Mariahilf <906>",-
90 bis 94 Jahre,2025,"Wien 6.Bezirk, Mariahilf <906>","Wien 7.Bezirk, Neubau <907>",1
90 bis 94 Jahre,2025,"Wien 6.Bezirk, Mariahilf <906>","Wien 8.Bezirk, Josefstadt <908>",-
90 bis 94 Jahre,2025,"Wien 6.Bezirk, Mariahilf <906>","Wien 9.Bezirk, Alsergrund <909>",-
90 bis 94 Jahre,2025,"Wien 6.Bezirk, Mariahilf <906>","Wien 10.Bezirk, Favoriten <910>",1
90 bis 94 Jahre,2025,"Wien 6.Bezirk, Mariahilf <906>","Wien 11.Bezirk, Simmering <911>",-
90 bis 94 Jahre,2025,"Wien 6.Bezirk, Mariahilf <906>","Wien 12.Bezirk, Meidling <912>",-
90 bis 94 Jahre,2025,"Wien 6.Bezirk, Mariahilf <906>","Wien 13.Bezirk, Hietzing <913>",-
90 bis 94 Jahre,2025,"Wien 6.Bezirk, Mariahilf <906>","Wien 14.Bezirk, Penzing <914>",1
90 bis 94 Jahre,2025,"Wien 6.Bezirk, Mariahilf <906>","Wien 15.Bezirk, Rudolfsheim-Fünfhaus <915>",-
90 bis 94 Jahre,2025,"Wien 6.Bezirk, Mariahilf <906>","Wien 16.Bezirk, Ottakring <916>",-
90 bis 94 Jahre,2025,"Wien 6.Bezirk, Mariahilf <906>","Wien 17.Bezirk, Hernals <917>",-
90 bis 94 Jahre,2025,"Wien 6.Bezirk, Mariahilf <906>","Wien 18.Bezirk, Währing <918>",-
90 bis 94 Jahre,2025,"Wien 6.Bezirk, Mariahilf <906>","Wien 19.Bezirk, Döbling <919>",-
90 bis 94 Jahre,2025,"Wien 6.Bezirk, Mariahilf <906>","Wien 20.Bezirk, Brigittenau <920>",-
90 bis 94 Jahre,2025,"Wien 6.Bezirk, Mariahilf <906>","Wien 21.Bezirk, Floridsdorf <921>",-
90 bis 94 Jahre,2025,"Wien 6.Bezirk, Mariahilf <906>","Wien 22.Bezirk, Donaustadt <922>",1
90 bis 94 Jahre,2025,"Wien 6.Bezirk, Mariahilf <906>","Wien 23.Bezirk, Liesing <923>",-
90 bis 94 Jahre,2025,"Wien 7.Bezirk, Neubau <907>","Wien 1.Bezirk, Innere Stadt <901>",-
90 bis 94 Jahre,2025,"Wien 7.Bezirk, Neubau <907>","Wien 2.Bezirk, Leopoldstadt <902>",-
90 bis 94 Jahre,2025,"Wien 7.Bezirk, Neubau <907>","Wien 3.Bezirk, Landstraße <903>",1
90 bis 94 Jahre,2025,"Wien 7.Bezirk, Neubau <907>","Wien 4.Bezirk, Wieden <904>",-
90 bis 94 Jahre,2025,"Wien 7.Bezirk, Neubau <907>","Wien 5.Bezirk, Margareten <905>",-
90 bis 94 Jahre,2025,"Wien 7.Bezirk, Neubau <907>","Wien 6.Bezirk, Mariahilf <906>",-
90 bis 94 Jahre,2025,"Wien 7.Bezirk, Neubau <907>","Wien 7.Bezirk, Neubau <907>",2
90 bis 94 Jahre,2025,"Wien 7.Bezirk, Neubau <907>","Wien 8.Bezirk, Josefstadt <908>",-
90 bis 94 Jahre,2025,"Wien 7.Bezirk, Neubau <907>","Wien 9.Bezirk, Alsergrund <909>",-
90 bis 94 Jahre,2025,"Wien 7.Bezirk, Neubau <907>","Wien 10.Bezirk, Favoriten <910>",-
90 bis 94 Jahre,2025,"Wien 7.Bezirk, Neubau <907>","Wien 11.Bezirk, Simmering <911>",-
90 bis 94 Jahre,2025,"Wien 7.Bezirk, Neubau <907>","Wien 12.Bezirk, Meidling <912>",-
90 bis 94 Jahre,2025,"Wien 7.Bezirk, Neubau <907>","Wien 13.Bezirk, Hietzing <913>",-
90 bis 94 Jahre,2025,"Wien 7.Bezirk, Neubau <907>","Wien 14.Bezirk, Penzing <914>",-
90 bis 94 Jahre,2025,"Wien 7.Bezirk, Neubau <907>","Wien 15.Bezirk, Rudolfsheim-Fünfhaus <915>",-
90 bis 94 Jahre,2025,"Wien 7.Bezirk, Neubau <907>","Wien 16.Bezirk, Ottakring <916>",-
90 bis 94 Jahre,2025,"Wien 7.Bezirk, Neubau <907>","Wien 17.Bezirk, Hernals <917>",-
90 bis 94 Jahre,2025,"Wien 7.Bezirk, Neubau <907>","Wien 18.Bezirk, Währing <918>",-
90 bis 94 Jahre,2025,"Wien 7.Bezirk, Neubau <907>","Wien 19.Bezirk, Döbling <919>",2
90 bis 94 Jahre,2025,"Wien 7.Bezirk, Neubau <907>","Wien 20.Bezirk, Brigittenau <920>",-
90 bis 94 Jahre,2025,"Wien 7.Bezirk, Neubau <907>","Wien 21.Bezirk, Floridsdorf <921>",1
90 bis 94 Jahre,2025,"Wien 7.Bezirk, Neubau <907>","Wien 22.Bezirk, Donaustadt <922>",-
90 bis 94 Jahre,2025,"Wien 7.Bezirk, Neubau <907>","Wien 23.Bezirk, Liesing <923>",-
90 bis 94 Jahre,2025,"Wien 8.Bezirk, Josefstadt <908>","Wien 1.Bezirk, Innere Stadt <901>",-
90 bis 94 Jahre,2025,"Wien 8.Bezirk, Josefstadt <908>","Wien 2.Bezirk, Leopoldstadt <902>",-
90 bis 94 Jahre,2025,"Wien 8.Bezirk, Josefstadt <908>","Wien 3.Bezirk, Landstraße <903>",-
90 bis 94 Jahre,2025,"Wien 8.Bezirk, Josefstadt <908>","Wien 4.Bezirk, Wieden <904>",-
90 bis 94 Jahre,2025,"Wien 8.Bezirk, Josefstadt <908>","Wien 5.Bezirk, Margareten <905>",-
90 bis 94 Jahre,2025,"Wien 8.Bezirk, Josefstadt <908>","Wien 6.Bezirk, Mariahilf <906>",-
90 bis 94 Jahre,2025,"Wien 8.Bezirk, Josefstadt <908>","Wien 7.Bezirk, Neubau <907>",-
90 bis 94 Jahre,2025,"Wien 8.Bezirk, Josefstadt <908>","Wien 8.Bezirk, Josefstadt <908>",-
90 bis 94 Jahre,2025,"Wien 8.Bezirk, Josefstadt <908>","Wien 9.Bezirk, Alsergrund <909>",-
90 bis 94 Jahre,2025,"Wien 8.Bezirk, Josefstadt <908>","Wien 10.Bezirk, Favoriten <910>",-
90 bis 94 Jahre,2025,"Wien 8.Bezirk, Josefstadt <908>","Wien 11.Bezirk, Simmering <911>",-
90 bis 94 Jahre,2025,"Wien 8.Bezirk, Josefstadt <908>","Wien 12.Bezirk, Meidling <912>",-
90 bis 94 Jahre,2025,"Wien 8.Bezirk, Josefstadt <908>","Wien 13.Bezirk, Hietzing <913>",-
90 bis 94 Jahre,2025,"Wien 8.Bezirk, Josefstadt <908>","Wien 14.Bezirk, Penzing <914>",-
90 bis 94 Jahre,2025,"Wien 8.Bezirk, Josefstadt <908>","Wien 15.Bezirk, Rudolfsheim-Fünfhaus <915>",-
90 bis 94 Jahre,2025,"Wien 8.Bezirk, Josefstadt <908>","Wien 16.Bezirk, Ottakring <916>",-
90 bis 94 Jahre,2025,"Wien 8.Bezirk, Josefstadt <908>","Wien 17.Bezirk, Hernals <917>",-
90 bis 94 Jahre,2025,"Wien 8.Bezirk, Josefstadt <908>","Wien 18.Bezirk, Währing <918>",-
90 bis 94 Jahre,2025,"Wien 8.Bezirk, Josefstadt <908>","Wien 19.Bezirk, Döbling <919>",1
90 bis 94 Jahre,2025,"Wien 8.Bezirk, Josefstadt <908>","Wien 20.Bezirk, Brigittenau <920>",-
90 bis 94 Jahre,2025,"Wien 8.Bezirk, Josefstadt <908>","Wien 21.Bezirk, Floridsdorf <921>",-
90 bis 94 Jahre,2025,"Wien 8.Bezirk, Josefstadt <908>","Wien 22.Bezirk, Donaustadt <922>",-
90 bis 94 Jahre,2025,"Wien 8.Bezirk, Josefstadt <908>","Wien 23.Bezirk, Liesing <923>",-
90 bis 94 Jahre,2025,"Wien 9.Bezirk, Alsergrund <909>","Wien 1.Bezirk, Innere Stadt <901>",-
90 bis 94 Jahre,2025,"Wien 9.Bezirk, Alsergrund <909>","Wien 2.Bezirk, Leopoldstadt <902>",1
90 bis 94 Jahre,2025,"Wien 9.Bezirk, Alsergrund <909>","Wien 3.Bezirk, Landstraße <903>",-
90 bis 94 Jahre,2025,"Wien 9.Bezirk, Alsergrund <909>","Wien 4.Bezirk, Wieden <904>",-
90 bis 94 Jahre,2025,"Wien 9.Bezirk, Alsergrund <909>","Wien 5.Bezirk, Margareten <905>",-
90 bis 94 Jahre,2025,"Wien 9.Bezirk, Alsergrund <909>","Wien 6.Bezirk, Mariahilf <906>",-
90 bis 94 Jahre,2025,"Wien 9.Bezirk, Alsergrund <909>","Wien 7.Bezirk, Neubau <907>",-
90 bis 94 Jahre,2025,"Wien 9.Bezirk, Alsergrund <909>","Wien 8.Bezirk, Josefstadt <908>",-
90 bis 94 Jahre,2025,"Wien 9.Bezirk, Alsergrund <909>","Wien 9.Bezirk, Alsergrund <909>",1
90 bis 94 Jahre,2025,"Wien 9.Bezirk, Alsergrund <909>","Wien 10.Bezirk, Favoriten <910>",-
90 bis 94 Jahre,2025,"Wien 9.Bezirk, Alsergrund <909>","Wien 11.Bezirk, Simmering <911>",-
90 bis 94 Jahre,2025,"Wien 9.Bezirk, Alsergrund <909>","Wien 12.Bezirk, Meidling <912>",-
90 bis 94 Jahre,2025,"Wien 9.Bezirk, Alsergrund <909>","Wien 13.Bezirk, Hietzing <913>",-
90 bis 94 Jahre,2025,"Wien 9.Bezirk, Alsergrund <909>","Wien 14.Bezirk, Penzing <914>",-
90 bis 94 Jahre,2025,"Wien 9.Bezirk, Alsergrund <909>","Wien 15.Bezirk, Rudolfsheim-Fünfhaus <915>",-
90 bis 94 Jahre,2025,"Wien 9.Bezirk, Alsergrund <909>","Wien 16.Bezirk, Ottakring <916>",1
90 bis 94 Jahre,2025,"Wien 9.Bezirk, Alsergrund <909>","Wien 17.Bezirk, Hernals <917>",-
90 bis 94 Jahre,2025,"Wien 9.Bezirk, Alsergrund <909>","Wien 18.Bezirk, Währing <918>",1
90 bis 94 Jahre,2025,"Wien 9.Bezirk, Alsergrund <909>","Wien 19.Bezirk, Döbling <919>",6
90 bis 94 Jahre,2025,"Wien 9.Bezirk, Alsergrund <909>","Wien 20.Bezirk, Brigittenau <920>",2
90 bis 94 Jahre,2025,"Wien 9.Bezirk, Alsergrund <909>","Wien 21.Bezirk, Floridsdorf <921>",2
90 bis 94 Jahre,2025,"Wien 9.Bezirk, Alsergrund <909>","Wien 22.Bezirk, Donaustadt <922>",1
90 bis 94 Jahre,2025,"Wien 9.Bezirk, Alsergrund <909>","Wien 23.Bezirk, Liesing <923>",-
90 bis 94 Jahre,2025,"Wien 10.Bezirk, Favoriten <910>","Wien 1.Bezirk, Innere Stadt <901>",-
90 bis 94 Jahre,2025,"Wien 10.Bezirk, Favoriten <910>","Wien 2.Bezirk, Leopoldstadt <902>",1
90 bis 94 Jahre,2025,"Wien 10.Bezirk, Favoriten <910>","Wien 3.Bezirk, Landstraße <903>",1
90 bis 94 Jahre,2025,"Wien 10.Bezirk, Favoriten <910>","Wien 4.Bezirk, Wieden <904>",1
90 bis 94 Jahre,2025,"Wien 10.Bezirk, Favoriten <910>","Wien 5.Bezirk, Margareten <905>",2
90 bis 94 Jahre,2025,"Wien 10.Bezirk, Favoriten <910>","Wien 6.Bezirk, Mariahilf <906>",1
90 bis 94 Jahre,2025,"Wien 10.Bezirk, Favoriten <910>","Wien 7.Bezirk, Neubau <907>",2
90 bis 94 Jahre,2025,"Wien 10.Bezirk, Favoriten <910>","Wien 8.Bezirk, Josefstadt <908>",-
90 bis 94 Jahre,2025,"Wien 10.Bezirk, Favoriten <910>","Wien 9.Bezirk, Alsergrund <909>",2
90 bis 94 Jahre,2025,"Wien 10.Bezirk, Favoriten <910>","Wien 10.Bezirk, Favoriten <910>",25
90 bis 94 Jahre,2025,"Wien 10.Bezirk, Favoriten <910>","Wien 11.Bezirk, Simmering <911>",1
90 bis 94 Jahre,2025,"Wien 10.Bezirk, Favoriten <910>","Wien 12.Bezirk, Meidling <912>",3
90 bis 94 Jahre,2025,"Wien 10.Bezirk, Favoriten <910>","Wien 13.Bezirk, Hietzing <913>",1
90 bis 94 Jahre,2025,"Wien 10.Bezirk, Favoriten <910>","Wien 14.Bezirk, Penzing <914>",1
90 bis 94 Jahre,2025,"Wien 10.Bezirk, Favoriten <910>","Wien 15.Bezirk, Rudolfsheim-Fünfhaus <915>",4
90 bis 94 Jahre,2025,"Wien 10.Bezirk, Favoriten <910>","Wien 16.Bezirk, Ottakring <916>",-
90 bis 94 Jahre,2025,"Wien 10.Bezirk, Favoriten <910>","Wien 17.Bezirk, Hernals <917>",1
90 bis 94 Jahre,2025,"Wien 10.Bezirk, Favoriten <910>","Wien 18.Bezirk, Währing <918>",1
90 bis 94 Jahre,2025,"Wien 10.Bezirk, Favoriten <910>","Wien 19.Bezirk, Döbling <919>",4
90 bis 94 Jahre,2025,"Wien 10.Bezirk, Favoriten <910>","Wien 20.Bezirk, Brigittenau <920>",2
90 bis 94 Jahre,2025,"Wien 10.Bezirk, Favoriten <910>","Wien 21.Bezirk, Floridsdorf <921>",1
90 bis 94 Jahre,2025,"Wien 10.Bezirk, Favoriten <910>","Wien 22.Bezirk, Donaustadt <922>",-
90 bis 94 Jahre,2025,"Wien 10.Bezirk, Favoriten <910>","Wien 23.Bezirk, Liesing <923>",15
90 bis 94 Jahre,2025,"Wien 11.Bezirk, Simmering <911>","Wien 1.Bezirk, Innere Stadt <901>",-
90 bis 94 Jahre,2025,"Wien 11.Bezirk, Simmering <911>","Wien 2.Bezirk, Leopoldstadt <902>",2
90 bis 94 Jahre,2025,"Wien 11.Bezirk, Simmering <911>","Wien 3.Bezirk, Landstraße <903>",1
90 bis 94 Jahre,2025,"Wien 11.Bezirk, Simmering <911>","Wien 4.Bezirk, Wieden <904>",-
90 bis 94 Jahre,2025,"Wien 11.Bezirk, Simmering <911>","Wien 5.Bezirk, Margareten <905>",-
90 bis 94 Jahre,2025,"Wien 11.Bezirk, Simmering <911>","Wien 6.Bezirk, Mariahilf <906>",-
90 bis 94 Jahre,2025,"Wien 11.Bezirk, Simmering <911>","Wien 7.Bezirk, Neubau <907>",-
90 bis 94 Jahre,2025,"Wien 11.Bezirk, Simmering <911>","Wien 8.Bezirk, Josefstadt <908>",-
90 bis 94 Jahre,2025,"Wien 11.Bezirk, Simmering <911>","Wien 9.Bezirk, Alsergrund <909>",-
90 bis 94 Jahre,2025,"Wien 11.Bezirk, Simmering <911>","Wien 10.Bezirk, Favoriten <910>",6
90 bis 94 Jahre,2025,"Wien 11.Bezirk, Simmering <911>","Wien 11.Bezirk, Simmering <911>",9
90 bis 94 Jahre,2025,"Wien 11.Bezirk, Simmering <911>","Wien 12.Bezirk, Meidling <912>",1
90 bis 94 Jahre,2025,"Wien 11.Bezirk, Simmering <911>","Wien 13.Bezirk, Hietzing <913>",3
90 bis 94 Jahre,2025,"Wien 11.Bezirk, Simmering <911>","Wien 14.Bezirk, Penzing <914>",1
90 bis 94 Jahre,2025,"Wien 11.Bezirk, Simmering <911>","Wien 15.Bezirk, Rudolfsheim-Fünfhaus <915>",-
90 bis 94 Jahre,2025,"Wien 11.Bezirk, Simmering <911>","Wien 16.Bezirk, Ottakring <916>",-
90 bis 94 Jahre,2025,"Wien 11.Bezirk, Simmering <911>","Wien 17.Bezirk, Hernals <917>",-
90 bis 94 Jahre,2025,"Wien 11.Bezirk, Simmering <911>","Wien 18.Bezirk, Währing <918>",-
90 bis 94 Jahre,2025,"Wien 11.Bezirk, Simmering <911>","Wien 19.Bezirk, Döbling <919>",-
90 bis 94 Jahre,2025,"Wien 11.Bezirk, Simmering <911>","Wien 20.Bezirk, Brigittenau <920>",-
90 bis 94 Jahre,2025,"Wien 11.Bezirk, Simmering <911>","Wien 21.Bezirk, Floridsdorf <921>",1
90 bis 94 Jahre,2025,"Wien 11.Bezirk, Simmering <911>","Wien 22.Bezirk, Donaustadt <922>",2
90 bis 94 Jahre,2025,"Wien 11.Bezirk, Simmering <911>","Wien 23.Bezirk, Liesing <923>",1
90 bis 94 Jahre,2025,"Wien 12.Bezirk, Meidling <912>","Wien 1.Bezirk, Innere Stadt <901>",-
90 bis 94 Jahre,2025,"Wien 12.Bezirk, Meidling <912>","Wien 2.Bezirk, Leopoldstadt <902>",-
90 bis 94 Jahre,2025,"Wien 12.Bezirk, Meidling <912>","Wien 3.Bezirk, Landstraße <903>",1
90 bis 94 Jahre,2025,"Wien 12.Bezirk, Meidling <912>","Wien 4.Bezirk, Wieden <904>",-
90 bis 94 Jahre,2025,"Wien 12.Bezirk, Meidling <912>","Wien 5.Bezirk, Margareten <905>",-
90 bis 94 Jahre,2025,"Wien 12.Bezirk, Meidling <912>","Wien 6.Bezirk, Mariahilf <906>",-
90 bis 94 Jahre,2025,"Wien 12.Bezirk, Meidling <912>","Wien 7.Bezirk, Neubau <907>",2
90 bis 94 Jahre,2025,"Wien 12.Bezirk, Meidling <912>","Wien 8.Bezirk, Josefstadt <908>",-
90 bis 94 Jahre,2025,"Wien 12.Bezirk, Meidling <912>","Wien 9.Bezirk, Alsergrund <909>",-
90 bis 94 Jahre,2025,"Wien 12.Bezirk, Meidling <912>","Wien 10.Bezirk, Favoriten <910>",4
90 bis 94 Jahre,2025,"Wien 12.Bezirk, Meidling <912>","Wien 11.Bezirk, Simmering <911>",-
90 bis 94 Jahre,2025,"Wien 12.Bezirk, Meidling <912>","Wien 12.Bezirk, Meidling <912>",9
90 bis 94 Jahre,2025,"Wien 12.Bezirk, Meidling <912>","Wien 13.Bezirk, Hietzing <913>",8
90 bis 94 Jahre,2025,"Wien 12.Bezirk, Meidling <912>","Wien 14.Bezirk, Penzing <914>",3
90 bis 94 Jahre,2025,"Wien 12.Bezirk, Meidling <912>","Wien 15.Bezirk, Rudolfsheim-Fünfhaus <915>",2
90 bis 94 Jahre,2025,"Wien 12.Bezirk, Meidling <912>","Wien 16.Bezirk, Ottakring <916>",1
90 bis 94 Jahre,2025,"Wien 12.Bezirk, Meidling <912>","Wien 17.Bezirk, Hernals <917>",-
90 bis 94 Jahre,2025,"Wien 12.Bezirk, Meidling <912>","Wien 18.Bezirk, Währing <918>",-
90 bis 94 Jahre,2025,"Wien 12.Bezirk, Meidling <912>","Wien 19.Bezirk, Döbling <919>",3
90 bis 94 Jahre,2025,"Wien 12.Bezirk, Meidling <912>","Wien 20.Bezirk, Brigittenau <920>",2
90 bis 94 Jahre,2025,"Wien 12.Bezirk, Meidling <912>","Wien 21.Bezirk, Floridsdorf <921>",-
90 bis 94 Jahre,2025,"Wien 12.Bezirk, Meidling <912>","Wien 22.Bezirk, Donaustadt <922>",1
90 bis 94 Jahre,2025,"Wien 12.Bezirk, Meidling <912>","Wien 23.Bezirk, Liesing <923>",5
90 bis 94 Jahre,2025,"Wien 13.Bezirk, Hietzing <913>","Wien 1.Bezirk, Innere Stadt <901>",-
90 bis 94 Jahre,2025,"Wien 13.Bezirk, Hietzing <913>","Wien 2.Bezirk, Leopoldstadt <902>",1
90 bis 94 Jahre,2025,"Wien 13.Bezirk, Hietzing <913>","Wien 3.Bezirk, Landstraße <903>",-
90 bis 94 Jahre,2025,"Wien 13.Bezirk, Hietzing <913>","Wien 4.Bezirk, Wieden <904>",-
90 bis 94 Jahre,2025,"Wien 13.Bezirk, Hietzing <913>","Wien 5.Bezirk, Margareten <905>",-
90 bis 94 Jahre,2025,"Wien 13.Bezirk, Hietzing <913>","Wien 6.Bezirk, Mariahilf <906>",1
90 bis 94 Jahre,2025,"Wien 13.Bezirk, Hietzing <913>","Wien 7.Bezirk, Neubau <907>",2
90 bis 94 Jahre,2025,"Wien 13.Bezirk, Hietzing <913>","Wien 8.Bezirk, Josefstadt <908>",-
90 bis 94 Jahre,2025,"Wien 13.Bezirk, Hietzing <913>","Wien 9.Bezirk, Alsergrund <909>",-
90 bis 94 Jahre,2025,"Wien 13.Bezirk, Hietzing <913>","Wien 10.Bezirk, Favoriten <910>",2
90 bis 94 Jahre,2025,"Wien 13.Bezirk, Hietzing <913>","Wien 11.Bezirk, Simmering <911>",-
90 bis 94 Jahre,2025,"Wien 13.Bezirk, Hietzing <913>","Wien 12.Bezirk, Meidling <912>",2
90 bis 94 Jahre,2025,"Wien 13.Bezirk, Hietzing <913>","Wien 13.Bezirk, Hietzing <913>",6
90 bis 94 Jahre,2025,"Wien 13.Bezirk, Hietzing <913>","Wien 14.Bezirk, Penzing <914>",2
90 bis 94 Jahre,2025,"Wien 13.Bezirk, Hietzing <913>","Wien 15.Bezirk, Rudolfsheim-Fünfhaus <915>",1
90 bis 94 Jahre,2025,"Wien 13.Bezirk, Hietzing <913>","Wien 16.Bezirk, Ottakring <916>",2
90 bis 94 Jahre,2025,"Wien 13.Bezirk, Hietzing <913>","Wien 17.Bezirk, Hernals <917>",-
90 bis 94 Jahre,2025,"Wien 13.Bezirk, Hietzing <913>","Wien 18.Bezirk, Währing <918>",-
90 bis 94 Jahre,2025,"Wien 13.Bezirk, Hietzing <913>","Wien 19.Bezirk, Döbling <919>",6
90 bis 94 Jahre,2025,"Wien 13.Bezirk, Hietzing <913>","Wien 20.Bezirk, Brigittenau <920>",-
90 bis 94 Jahre,2025,"Wien 13.Bezirk, Hietzing <913>","Wien 21.Bezirk, Floridsdorf <921>",-
90 bis 94 Jahre,2025,"Wien 13.Bezirk, Hietzing <913>","Wien 22.Bezirk, Donaustadt <922>",-
90 bis 94 Jahre,2025,"Wien 13.Bezirk, Hietzing <913>","Wien 23.Bezirk, Liesing <923>",-
90 bis 94 Jahre,2025,"Wien 14.Bezirk, Penzing <914>","Wien 1.Bezirk, Innere Stadt <901>",-
90 bis 94 Jahre,2025,"Wien 14.Bezirk, Penzing <914>","Wien 2.Bezirk, Leopoldstadt <902>",-
90 bis 94 Jahre,2025,"Wien 14.Bezirk, Penzing <914>","Wien 3.Bezirk, Landstraße <903>",2
90 bis 94 Jahre,2025,"Wien 14.Bezirk, Penzing <914>","Wien 4.Bezirk, Wieden <904>",-
90 bis 94 Jahre,2025,"Wien 14.Bezirk, Penzing <914>","Wien 5.Bezirk, Margareten <905>",-
90 bis 94 Jahre,2025,"Wien 14.Bezirk, Penzing <914>","Wien 6.Bezirk, Mariahilf <906>",1
90 bis 94 Jahre,2025,"Wien 14.Bezirk, Penzing <914>","Wien 7.Bezirk, Neubau <907>",1
90 bis 94 Jahre,2025,"Wien 14.Bezirk, Penzing <914>","Wien 8.Bezirk, Josefstadt <908>",-
90 bis 94 Jahre,2025,"Wien 14.Bezirk, Penzing <914>","Wien 9.Bezirk, Alsergrund <909>",-
90 bis 94 Jahre,2025,"Wien 14.Bezirk, Penzing <914>","Wien 10.Bezirk, Favoriten <910>",2
90 bis 94 Jahre,2025,"Wien 14.Bezirk, Penzing <914>","Wien 11.Bezirk, Simmering <911>",1
90 bis 94 Jahre,2025,"Wien 14.Bezirk, Penzing <914>","Wien 12.Bezirk, Meidling <912>",2
90 bis 94 Jahre,2025,"Wien 14.Bezirk, Penzing <914>","Wien 13.Bezirk, Hietzing <913>",7
90 bis 94 Jahre,2025,"Wien 14.Bezirk, Penzing <914>","Wien 14.Bezirk, Penzing <914>",5
90 bis 94 Jahre,2025,"Wien 14.Bezirk, Penzing <914>","Wien 15.Bezirk, Rudolfsheim-Fünfhaus <915>",4
90 bis 94 Jahre,2025,"Wien 14.Bezirk, Penzing <914>","Wien 16.Bezirk, Ottakring <916>",-
90 bis 94 Jahre,2025,"Wien 14.Bezirk, Penzing <914>","Wien 17.Bezirk, Hernals <917>",-
90 bis 94 Jahre,2025,"Wien 14.Bezirk, Penzing <914>","Wien 18.Bezirk, Währing <918>",1
90 bis 94 Jahre,2025,"Wien 14.Bezirk, Penzing <914>","Wien 19.Bezirk, Döbling <919>",-
90 bis 94 Jahre,2025,"Wien 14.Bezirk, Penzing <914>","Wien 20.Bezirk, Brigittenau <920>",-
90 bis 94 Jahre,2025,"Wien 14.Bezirk, Penzing <914>","Wien 21.Bezirk, Floridsdorf <921>",-
90 bis 94 Jahre,2025,"Wien 14.Bezirk, Penzing <914>","Wien 22.Bezirk, Donaustadt <922>",-
90 bis 94 Jahre,2025,"Wien 14.Bezirk, Penzing <914>","Wien 23.Bezirk, Liesing <923>",1
90 bis 94 Jahre,2025,"Wien 15.Bezirk, Rudolfsheim-Fünfhaus <915>","Wien 1.Bezirk, Innere Stadt <901>",-
90 bis 94 Jahre,2025,"Wien 15.Bezirk, Rudolfsheim-Fünfhaus <915>","Wien 2.Bezirk, Leopoldstadt <902>",1
90 bis 94 Jahre,2025,"Wien 15.Bezirk, Rudolfsheim-Fünfhaus <915>","Wien 3.Bezirk, Landstraße <903>",-
90 bis 94 Jahre,2025,"Wien 15.Bezirk, Rudolfsheim-Fünfhaus <915>","Wien 4.Bezirk, Wieden <904>",-
90 bis 94 Jahre,2025,"Wien 15.Bezirk, Rudolfsheim-Fünfhaus <915>","Wien 5.Bezirk, Margareten <905>",-
90 bis 94 Jahre,2025,"Wien 15.Bezirk, Rudolfsheim-Fünfhaus <915>","Wien 6.Bezirk, Mariahilf <906>",1
90 bis 94 Jahre,2025,"Wien 15.Bezirk, Rudolfsheim-Fünfhaus <915>","Wien 7.Bezirk, Neubau <907>",-
90 bis 94 Jahre,2025,"Wien 15.Bezirk, Rudolfsheim-Fünfhaus <915>","Wien 8.Bezirk, Josefstadt <908>",-
90 bis 94 Jahre,2025,"Wien 15.Bezirk, Rudolfsheim-Fünfhaus <915>","Wien 9.Bezirk, Alsergrund <909>",-
90 bis 94 Jahre,2025,"Wien 15.Bezirk, Rudolfsheim-Fünfhaus <915>","Wien 10.Bezirk, Favoriten <910>",1
90 bis 94 Jahre,2025,"Wien 15.Bezirk, Rudolfsheim-Fünfhaus <915>","Wien 11.Bezirk, Simmering <911>",-
90 bis 94 Jahre,2025,"Wien 15.Bezirk, Rudolfsheim-Fünfhaus <915>","Wien 12.Bezirk, Meidling <912>",1
90 bis 94 Jahre,2025,"Wien 15.Bezirk, Rudolfsheim-Fünfhaus <915>","Wien 13.Bezirk, Hietzing <913>",1
90 bis 94 Jahre,2025,"Wien 15.Bezirk, Rudolfsheim-Fünfhaus <915>","Wien 14.Bezirk, Penzing <914>",2
90 bis 94 Jahre,2025,"Wien 15.Bezirk, Rudolfsheim-Fünfhaus <915>","Wien 15.Bezirk, Rudolfsheim-Fünfhaus <915>",4
90 bis 94 Jahre,2025,"Wien 15.Bezirk, Rudolfsheim-Fünfhaus <915>","Wien 16.Bezirk, Ottakring <916>",2
90 bis 94 Jahre,2025,"Wien 15.Bezirk, Rudolfsheim-Fünfhaus <915>","Wien 17.Bezirk, Hernals <917>",-
90 bis 94 Jahre,2025,"Wien 15.Bezirk, Rudolfsheim-Fünfhaus <915>","Wien 18.Bezirk, Währing <918>",-
90 bis 94 Jahre,2025,"Wien 15.Bezirk, Rudolfsheim-Fünfhaus <915>","Wien 19.Bezirk, Döbling <919>",-
90 bis 94 Jahre,2025,"Wien 15.Bezirk, Rudolfsheim-Fünfhaus <915>","Wien 20.Bezirk, Brigittenau <920>",-
90 bis 94 Jahre,2025,"Wien 15.Bezirk, Rudolfsheim-Fünfhaus <915>","Wien 21.Bezirk, Floridsdorf <921>",-
90 bis 94 Jahre,2025,"Wien 15.Bezirk, Rudolfsheim-Fünfhaus <915>","Wien 22.Bezirk, Donaustadt <922>",-
90 bis 94 Jahre,2025,"Wien 15.Bezirk, Rudolfsheim-Fünfhaus <915>","Wien 23.Bezirk, Liesing <923>",2
90 bis 94 Jahre,2025,"Wien 16.Bezirk, Ottakring <916>","Wien 1.Bezirk, Innere Stadt <901>",-
90 bis 94 Jahre,2025,"Wien 16.Bezirk, Ottakring <916>","Wien 2.Bezirk, Leopoldstadt <902>",-
90 bis 94 Jahre,2025,"Wien 16.Bezirk, Ottakring <916>","Wien 3.Bezirk, Landstraße <903>",1
90 bis 94 Jahre,2025,"Wien 16.Bezirk, Ottakring <916>","Wien 4.Bezirk, Wieden <904>",-
90 bis 94 Jahre,2025,"Wien 16.Bezirk, Ottakring <916>","Wien 5.Bezirk, Margareten <905>",-
90 bis 94 Jahre,2025,"Wien 16.Bezirk, Ottakring <916>","Wien 6.Bezirk, Mariahilf <906>",-
90 bis 94 Jahre,2025,"Wien 16.Bezirk, Ottakring <916>","Wien 7.Bezirk, Neubau <907>",-
90 bis 94 Jahre,2025,"Wien 16.Bezirk, Ottakring <916>","Wien 8.Bezirk, Josefstadt <908>",-
90 bis 94 Jahre,2025,"Wien 16.Bezirk, Ottakring <916>","Wien 9.Bezirk, Alsergrund <909>",-
90 bis 94 Jahre,2025,"Wien 16.Bezirk, Ottakring <916>","Wien 10.Bezirk, Favoriten <910>",-
90 bis 94 Jahre,2025,"Wien 16.Bezirk, Ottakring <916>","Wien 11.Bezirk, Simmering <911>",2
90 bis 94 Jahre,2025,"Wien 16.Bezirk, Ottakring <916>","Wien 12.Bezirk, Meidling <912>",1
90 bis 94 Jahre,2025,"Wien 16.Bezirk, Ottakring <916>","Wien 13.Bezirk, Hietzing <913>",5
90 bis 94 Jahre,2025,"Wien 16.Bezirk, Ottakring <916>","Wien 14.Bezirk, Penzing <914>",4
90 bis 94 Jahre,2025,"Wien 16.Bezirk, Ottakring <916>","Wien 15.Bezirk, Rudolfsheim-Fünfhaus <915>",3
90 bis 94 Jahre,2025,"Wien 16.Bezirk, Ottakring <916>","Wien 16.Bezirk, Ottakring <916>",11
90 bis 94 Jahre,2025,"Wien 16.Bezirk, Ottakring <916>","Wien 17.Bezirk, Hernals <917>",3
90 bis 94 Jahre,2025,"Wien 16.Bezirk, Ottakring <916>","Wien 18.Bezirk, Währing <918>",1
90 bis 94 Jahre,2025,"Wien 16.Bezirk, Ottakring <916>","Wien 19.Bezirk, Döbling <919>",1
90 bis 94 Jahre,2025,"Wien 16.Bezirk, Ottakring <916>","Wien 20.Bezirk, Brigittenau <920>",-
90 bis 94 Jahre,2025,"Wien 16.Bezirk, Ottakring <916>","Wien 21.Bezirk, Floridsdorf <921>",3
90 bis 94 Jahre,2025,"Wien 16.Bezirk, Ottakring <916>","Wien 22.Bezirk, Donaustadt <922>",2
90 bis 94 Jahre,2025,"Wien 16.Bezirk, Ottakring <916>","Wien 23.Bezirk, Liesing <923>",2
90 bis 94 Jahre,2025,"Wien 17.Bezirk, Hernals <917>","Wien 1.Bezirk, Innere Stadt <901>",-
90 bis 94 Jahre,2025,"Wien 17.Bezirk, Hernals <917>","Wien 2.Bezirk, Leopoldstadt <902>",1
90 bis 94 Jahre,2025,"Wien 17.Bezirk, Hernals <917>","Wien 3.Bezirk, Landstraße <903>",-
90 bis 94 Jahre,2025,"Wien 17.Bezirk, Hernals <917>","Wien 4.Bezirk, Wieden <904>",-
90 bis 94 Jahre,2025,"Wien 17.Bezirk, Hernals <917>","Wien 5.Bezirk, Margareten <905>",-
90 bis 94 Jahre,2025,"Wien 17.Bezirk, Hernals <917>","Wien 6.Bezirk, Mariahilf <906>",-
90 bis 94 Jahre,2025,"Wien 17.Bezirk, Hernals <917>","Wien 7.Bezirk, Neubau <907>",-
90 bis 94 Jahre,2025,"Wien 17.Bezirk, Hernals <917>","Wien 8.Bezirk, Josefstadt <908>",-
90 bis 94 Jahre,2025,"Wien 17.Bezirk, Hernals <917>","Wien 9.Bezirk, Alsergrund <909>",-
90 bis 94 Jahre,2025,"Wien 17.Bezirk, Hernals <917>","Wien 10.Bezirk, Favoriten <910>",-
90 bis 94 Jahre,2025,"Wien 17.Bezirk, Hernals <917>","Wien 11.Bezirk, Simmering <911>",-
90 bis 94 Jahre,2025,"Wien 17.Bezirk, Hernals <917>","Wien 12.Bezirk, Meidling <912>",1
90 bis 94 Jahre,2025,"Wien 17.Bezirk, Hernals <917>","Wien 13.Bezirk, Hietzing <913>",1
90 bis 94 Jahre,2025,"Wien 17.Bezirk, Hernals <917>","Wien 14.Bezirk, Penzing <914>",1
90 bis 94 Jahre,2025,"Wien 17.Bezirk, Hernals <917>","Wien 15.Bezirk, Rudolfsheim-Fünfhaus <915>",1
90 bis 94 Jahre,2025,"Wien 17.Bezirk, Hernals <917>","Wien 16.Bezirk, Ottakring <916>",1
90 bis 94 Jahre,2025,"Wien 17.Bezirk, Hernals <917>","Wien 17.Bezirk, Hernals <917>",2
90 bis 94 Jahre,2025,"Wien 17.Bezirk, Hernals <917>","Wien 18.Bezirk, Währing <918>",-
90 bis 94 Jahre,2025,"Wien 17.Bezirk, Hernals <917>","Wien 19.Bezirk, Döbling <919>",1
90 bis 94 Jahre,2025,"Wien 17.Bezirk, Hernals <917>","Wien 20.Bezirk, Brigittenau <920>",-
90 bis 94 Jahre,2025,"Wien 17.Bezirk, Hernals <917>","Wien 21.Bezirk, Floridsdorf <921>",-
90 bis 94 Jahre,2025,"Wien 17.Bezirk, Hernals <917>","Wien 22.Bezirk, Donaustadt <922>",-
90 bis 94 Jahre,2025,"Wien 17.Bezirk, Hernals <917>","Wien 23.Bezirk, Liesing <923>",2
90 bis 94 Jahre,2025,"Wien 18.Bezirk, Währing <918>","Wien 1.Bezirk, Innere Stadt <901>",-
90 bis 94 Jahre,2025,"Wien 18.Bezirk, Währing <918>","Wien 2.Bezirk, Leopoldstadt <902>",1
90 bis 94 Jahre,2025,"Wien 18.Bezirk, Währing <918>","Wien 3.Bezirk, Landstraße <903>",-
90 bis 94 Jahre,2025,"Wien 18.Bezirk, Währing <918>","Wien 4.Bezirk, Wieden <904>",1
90 bis 94 Jahre,2025,"Wien 18.Bezirk, Währing <918>","Wien 5.Bezirk, Margareten <905>",-
90 bis 94 Jahre,2025,"Wien 18.Bezirk, Währing <918>","Wien 6.Bezirk, Mariahilf <906>",-
90 bis 94 Jahre,2025,"Wien 18.Bezirk, Währing <918>","Wien 7.Bezirk, Neubau <907>",-
90 bis 94 Jahre,2025,"Wien 18.Bezirk, Währing <918>","Wien 8.Bezirk, Josefstadt <908>",-
90 bis 94 Jahre,2025,"Wien 18.Bezirk, Währing <918>","Wien 9.Bezirk, Alsergrund <909>",-
90 bis 94 Jahre,2025,"Wien 18.Bezirk, Währing <918>","Wien 10.Bezirk, Favoriten <910>",-
90 bis 94 Jahre,2025,"Wien 18.Bezirk, Währing <918>","Wien 11.Bezirk, Simmering <911>",-
90 bis 94 Jahre,2025,"Wien 18.Bezirk, Währing <918>","Wien 12.Bezirk, Meidling <912>",-
90 bis 94 Jahre,2025,"Wien 18.Bezirk, Währing <918>","Wien 13.Bezirk, Hietzing <913>",2
90 bis 94 Jahre,2025,"Wien 18.Bezirk, Währing <918>","Wien 14.Bezirk, Penzing <914>",1
90 bis 94 Jahre,2025,"Wien 18.Bezirk, Währing <918>","Wien 15.Bezirk, Rudolfsheim-Fünfhaus <915>",-
90 bis 94 Jahre,2025,"Wien 18.Bezirk, Währing <918>","Wien 16.Bezirk, Ottakring <916>",1
90 bis 94 Jahre,2025,"Wien 18.Bezirk, Währing <918>","Wien 17.Bezirk, Hernals <917>",1
90 bis 94 Jahre,2025,"Wien 18.Bezirk, Währing <918>","Wien 18.Bezirk, Währing <918>",1
90 bis 94 Jahre,2025,"Wien 18.Bezirk, Währing <918>","Wien 19.Bezirk, Döbling <919>",2
90 bis 94 Jahre,2025,"Wien 18.Bezirk, Währing <918>","Wien 20.Bezirk, Brigittenau <920>",-
90 bis 94 Jahre,2025,"Wien 18.Bezirk, Währing <918>","Wien 21.Bezirk, Floridsdorf <921>",-
90 bis 94 Jahre,2025,"Wien 18.Bezirk, Währing <918>","Wien 22.Bezirk, Donaustadt <922>",-
90 bis 94 Jahre,2025,"Wien 18.Bezirk, Währing <918>","Wien 23.Bezirk, Liesing <923>",-
90 bis 94 Jahre,2025,"Wien 19.Bezirk, Döbling <919>","Wien 1.Bezirk, Innere Stadt <901>",-
90 bis 94 Jahre,2025,"Wien 19.Bezirk, Döbling <919>","Wien 2.Bezirk, Leopoldstadt <902>",1
90 bis 94 Jahre,2025,"Wien 19.Bezirk, Döbling <919>","Wien 3.Bezirk, Landstraße <903>",1
90 bis 94 Jahre,2025,"Wien 19.Bezirk, Döbling <919>","Wien 4.Bezirk, Wieden <904>",-
90 bis 94 Jahre,2025,"Wien 19.Bezirk, Döbling <919>","Wien 5.Bezirk, Margareten <905>",-
90 bis 94 Jahre,2025,"Wien 19.Bezirk, Döbling <919>","Wien 6.Bezirk, Mariahilf <906>",-
90 bis 94 Jahre,2025,"Wien 19.Bezirk, Döbling <919>","Wien 7.Bezirk, Neubau <907>",-
90 bis 94 Jahre,2025,"Wien 19.Bezirk, Döbling <919>","Wien 8.Bezirk, Josefstadt <908>",-
90 bis 94 Jahre,2025,"Wien 19.Bezirk, Döbling <919>","Wien 9.Bezirk, Alsergrund <909>",1
90 bis 94 Jahre,2025,"Wien 19.Bezirk, Döbling <919>","Wien 10.Bezirk, Favoriten <910>",-
90 bis 94 Jahre,2025,"Wien 19.Bezirk, Döbling <919>","Wien 11.Bezirk, Simmering <911>",-
90 bis 94 Jahre,2025,"Wien 19.Bezirk, Döbling <919>","Wien 12.Bezirk, Meidling <912>",1
90 bis 94 Jahre,2025,"Wien 19.Bezirk, Döbling <919>","Wien 13.Bezirk, Hietzing <913>",2
90 bis 94 Jahre,2025,"Wien 19.Bezirk, Döbling <919>","Wien 14.Bezirk, Penzing <914>",1
90 bis 94 Jahre,2025,"Wien 19.Bezirk, Döbling <919>","Wien 15.Bezirk, Rudolfsheim-Fünfhaus <915>",1
90 bis 94 Jahre,2025,"Wien 19.Bezirk, Döbling <919>","Wien 16.Bezirk, Ottakring <916>",-
90 bis 94 Jahre,2025,"Wien 19.Bezirk, Döbling <919>","Wien 17.Bezirk, Hernals <917>",1
90 bis 94 Jahre,2025,"Wien 19.Bezirk, Döbling <919>","Wien 18.Bezirk, Währing <918>",3
90 bis 94 Jahre,2025,"Wien 19.Bezirk, Döbling <919>","Wien 19.Bezirk, Döbling <919>",18
90 bis 94 Jahre,2025,"Wien 19.Bezirk, Döbling <919>","Wien 20.Bezirk, Brigittenau <920>",-
90 bis 94 Jahre,2025,"Wien 19.Bezirk, Döbling <919>","Wien 21.Bezirk, Floridsdorf <921>",2
90 bis 94 Jahre,2025,"Wien 19.Bezirk, Döbling <919>","Wien 22.Bezirk, Donaustadt <922>",-
90 bis 94 Jahre,2025,"Wien 19.Bezirk, Döbling <919>","Wien 23.Bezirk, Liesing <923>",1
90 bis 94 Jahre,2025,"Wien 20.Bezirk, Brigittenau <920>","Wien 1.Bezirk, Innere Stadt <901>",-
90 bis 94 Jahre,2025,"Wien 20.Bezirk, Brigittenau <920>","Wien 2.Bezirk, Leopoldstadt <902>",5
90 bis 94 Jahre,2025,"Wien 20.Bezirk, Brigittenau <920>","Wien 3.Bezirk, Landstraße <903>",1
90 bis 94 Jahre,2025,"Wien 20.Bezirk, Brigittenau <920>","Wien 4.Bezirk, Wieden <904>",-
90 bis 94 Jahre,2025,"Wien 20.Bezirk, Brigittenau <920>","Wien 5.Bezirk, Margareten <905>",-
90 bis 94 Jahre,2025,"Wien 20.Bezirk, Brigittenau <920>","Wien 6.Bezirk, Mariahilf <906>",1
90 bis 94 Jahre,2025,"Wien 20.Bezirk, Brigittenau <920>","Wien 7.Bezirk, Neubau <907>",-
90 bis 94 Jahre,2025,"Wien 20.Bezirk, Brigittenau <920>","Wien 8.Bezirk, Josefstadt <908>",-
90 bis 94 Jahre,2025,"Wien 20.Bezirk, Brigittenau <920>","Wien 9.Bezirk, Alsergrund <909>",-
90 bis 94 Jahre,2025,"Wien 20.Bezirk, Brigittenau <920>","Wien 10.Bezirk, Favoriten <910>",1
90 bis 94 Jahre,2025,"Wien 20.Bezirk, Brigittenau <920>","Wien 11.Bezirk, Simmering <911>",1
90 bis 94 Jahre,2025,"Wien 20.Bezirk, Brigittenau <920>","Wien 12.Bezirk, Meidling <912>",1
90 bis 94 Jahre,2025,"Wien 20.Bezirk, Brigittenau <920>","Wien 13.Bezirk, Hietzing <913>",1
90 bis 94 Jahre,2025,"Wien 20.Bezirk, Brigittenau <920>","Wien 14.Bezirk, Penzing <914>",-
90 bis 94 Jahre,2025,"Wien 20.Bezirk, Brigittenau <920>","Wien 15.Bezirk, Rudolfsheim-Fünfhaus <915>",-
90 bis 94 Jahre,2025,"Wien 20.Bezirk, Brigittenau <920>","Wien 16.Bezirk, Ottakring <916>",1
90 bis 94 Jahre,2025,"Wien 20.Bezirk, Brigittenau <920>","Wien 17.Bezirk, Hernals <917>",-
90 bis 94 Jahre,2025,"Wien 20.Bezirk, Brigittenau <920>","Wien 18.Bezirk, Währing <918>",1
90 bis 94 Jahre,2025,"Wien 20.Bezirk, Brigittenau <920>","Wien 19.Bezirk, Döbling <919>",3
90 bis 94 Jahre,2025,"Wien 20.Bezirk, Brigittenau <920>","Wien 20.Bezirk, Brigittenau <920>",5
90 bis 94 Jahre,2025,"Wien 20.Bezirk, Brigittenau <920>","Wien 21.Bezirk, Floridsdorf <921>",4
90 bis 94 Jahre,2025,"Wien 20.Bezirk, Brigittenau <920>","Wien 22.Bezirk, Donaustadt <922>",4
90 bis 94 Jahre,2025,"Wien 20.Bezirk, Brigittenau <920>","Wien 23.Bezirk, Liesing <923>",3
90 bis 94 Jahre,2025,"Wien 21.Bezirk, Floridsdorf <921>","Wien 1.Bezirk, Innere Stadt <901>",-
90 bis 94 Jahre,2025,"Wien 21.Bezirk, Floridsdorf <921>","Wien 2.Bezirk, Leopoldstadt <902>",5
90 bis 94 Jahre,2025,"Wien 21.Bezirk, Floridsdorf <921>","Wien 3.Bezirk, Landstraße <903>",4
90 bis 94 Jahre,2025,"Wien 21.Bezirk, Floridsdorf <921>","Wien 4.Bezirk, Wieden <904>",1
90 bis 94 Jahre,2025,"Wien 21.Bezirk, Floridsdorf <921>","Wien 5.Bezirk, Margareten <905>",-
90 bis 94 Jahre,2025,"Wien 21.Bezirk, Floridsdorf <921>","Wien 6.Bezirk, Mariahilf <906>",-
90 bis 94 Jahre,2025,"Wien 21.Bezirk, Floridsdorf <921>","Wien 7.Bezirk, Neubau <907>",-
90 bis 94 Jahre,2025,"Wien 21.Bezirk, Floridsdorf <921>","Wien 8.Bezirk, Josefstadt <908>",-
90 bis 94 Jahre,2025,"Wien 21.Bezirk, Floridsdorf <921>","Wien 9.Bezirk, Alsergrund <909>",-
90 bis 94 Jahre,2025,"Wien 21.Bezirk, Floridsdorf <921>","Wien 10.Bezirk, Favoriten <910>",2
90 bis 94 Jahre,2025,"Wien 21.Bezirk, Floridsdorf <921>","Wien 11.Bezirk, Simmering <911>",1
90 bis 94 Jahre,2025,"Wien 21.Bezirk, Floridsdorf <921>","Wien 12.Bezirk, Meidling <912>",-
90 bis 94 Jahre,2025,"Wien 21.Bezirk, Floridsdorf <921>","Wien 13.Bezirk, Hietzing <913>",2
90 bis 94 Jahre,2025,"Wien 21.Bezirk, Floridsdorf <921>","Wien 14.Bezirk, Penzing <914>",2
90 bis 94 Jahre,2025,"Wien 21.Bezirk, Floridsdorf <921>","Wien 15.Bezirk, Rudolfsheim-Fünfhaus <915>",-
90 bis 94 Jahre,2025,"Wien 21.Bezirk, Floridsdorf <921>","Wien 16.Bezirk, Ottakring <916>",-
90 bis 94 Jahre,2025,"Wien 21.Bezirk, Floridsdorf <921>","Wien 17.Bezirk, Hernals <917>",-
90 bis 94 Jahre,2025,"Wien 21.Bezirk, Floridsdorf <921>","Wien 18.Bezirk, Währing <918>",2
90 bis 94 Jahre,2025,"Wien 21.Bezirk, Floridsdorf <921>","Wien 19.Bezirk, Döbling <919>",5
90 bis 94 Jahre,2025,"Wien 21.Bezirk, Floridsdorf <921>","Wien 20.Bezirk, Brigittenau <920>",2
90 bis 94 Jahre,2025,"Wien 21.Bezirk, Floridsdorf <921>","Wien 21.Bezirk, Floridsdorf <921>",21
90 bis 94 Jahre,2025,"Wien 21.Bezirk, Floridsdorf <921>","Wien 22.Bezirk, Donaustadt <922>",12
90 bis 94 Jahre,2025,"Wien 21.Bezirk, Floridsdorf <921>","Wien 23.Bezirk, Liesing <923>",3
90 bis 94 Jahre,2025,"Wien 22.Bezirk, Donaustadt <922>","Wien 1.Bezirk, Innere Stadt <901>",-
90 bis 94 Jahre,2025,"Wien 22.Bezirk, Donaustadt <922>","Wien 2.Bezirk, Leopoldstadt <902>",1
90 bis 94 Jahre,2025,"Wien 22.Bezirk, Donaustadt <922>","Wien 3.Bezirk, Landstraße <903>",1
90 bis 94 Jahre,2025,"Wien 22.Bezirk, Donaustadt <922>","Wien 4.Bezirk, Wieden <904>",-
90 bis 94 Jahre,2025,"Wien 22.Bezirk, Donaustadt <922>","Wien 5.Bezirk, Margareten <905>",-
90 bis 94 Jahre,2025,"Wien 22.Bezirk, Donaustadt <922>","Wien 6.Bezirk, Mariahilf <906>",-
90 bis 94 Jahre,2025,"Wien 22.Bezirk, Donaustadt <922>","Wien 7.Bezirk, Neubau <907>",1
90 bis 94 Jahre,2025,"Wien 22.Bezirk, Donaustadt <922>","Wien 8.Bezirk, Josefstadt <908>",-
90 bis 94 Jahre,2025,"Wien 22.Bezirk, Donaustadt <922>","Wien 9.Bezirk, Alsergrund <909>",-
90 bis 94 Jahre,2025,"Wien 22.Bezirk, Donaustadt <922>","Wien 10.Bezirk, Favoriten <910>",3
90 bis 94 Jahre,2025,"Wien 22.Bezirk, Donaustadt <922>","Wien 11.Bezirk, Simmering <911>",-
90 bis 94 Jahre,2025,"Wien 22.Bezirk, Donaustadt <922>","Wien 12.Bezirk, Meidling <912>",1
90 bis 94 Jahre,2025,"Wien 22.Bezirk, Donaustadt <922>","Wien 13.Bezirk, Hietzing <913>",3
90 bis 94 Jahre,2025,"Wien 22.Bezirk, Donaustadt <922>","Wien 14.Bezirk, Penzing <914>",-
90 bis 94 Jahre,2025,"Wien 22.Bezirk, Donaustadt <922>","Wien 15.Bezirk, Rudolfsheim-Fünfhaus <915>",1
90 bis 94 Jahre,2025,"Wien 22.Bezirk, Donaustadt <922>","Wien 16.Bezirk, Ottakring <916>",1
90 bis 94 Jahre,2025,"Wien 22.Bezirk, Donaustadt <922>","Wien 17.Bezirk, Hernals <917>",-
90 bis 94 Jahre,2025,"Wien 22.Bezirk, Donaustadt <922>","Wien 18.Bezirk, Währing <918>",1
90 bis 94 Jahre,2025,"Wien 22.Bezirk, Donaustadt <922>","Wien 19.Bezirk, Döbling <919>",1
90 bis 94 Jahre,2025,"Wien 22.Bezirk, Donaustadt <922>","Wien 20.Bezirk, Brigittenau <920>",1
90 bis 94 Jahre,2025,"Wien 22.Bezirk, Donaustadt <922>","Wien 21.Bezirk, Floridsdorf <921>",5
90 bis 94 Jahre,2025,"Wien 22.Bezirk, Donaustadt <922>","Wien 22.Bezirk, Donaustadt <922>",20
90 bis 94 Jahre,2025,"Wien 22.Bezirk, Donaustadt <922>","Wien 23.Bezirk, Liesing <923>",-
90 bis 94 Jahre,2025,"Wien 23.Bezirk, Liesing <923>","Wien 1.Bezirk, Innere Stadt <901>",-
90 bis 94 Jahre,2025,"Wien 23.Bezirk, Liesing <923>","Wien 2.Bezirk, Leopoldstadt <902>",1
90 bis 94 Jahre,2025,"Wien 23.Bezirk, Liesing <923>","Wien 3.Bezirk, Landstraße <903>",-
90 bis 94 Jahre,2025,"Wien 23.Bezirk, Liesing <923>","Wien 4.Bezirk, Wieden <904>",-
90 bis 94 Jahre,2025,"Wien 23.Bezirk, Liesing <923>","Wien 5.Bezirk, Margareten <905>",1
90 bis 94 Jahre,2025,"Wien 23.Bezirk, Liesing <923>","Wien 6.Bezirk, Mariahilf <906>",-
90 bis 94 Jahre,2025,"Wien 23.Bezirk, Liesing <923>","Wien 7.Bezirk, Neubau <907>",-
90 bis 94 Jahre,2025,"Wien 23.Bezirk, Liesing <923>","Wien 8.Bezirk, Josefstadt <908>",-
90 bis 94 Jahre,2025,"Wien 23.Bezirk, Liesing <923>","Wien 9.Bezirk, Alsergrund <909>",-
90 bis 94 Jahre,2025,"Wien 23.Bezirk, Liesing <923>","Wien 10.Bezirk, Favoriten <910>",2
90 bis 94 Jahre,2025,"Wien 23.Bezirk, Liesing <923>","Wien 11.Bezirk, Simmering <911>",-
90 bis 94 Jahre,2025,"Wien 23.Bezirk, Liesing <923>","Wien 12.Bezirk, Meidling <912>",1
90 bis 94 Jahre,2025,"Wien 23.Bezirk, Liesing <923>","Wien 13.Bezirk, Hietzing <913>",3
90 bis 94 Jahre,2025,"Wien 23.Bezirk, Liesing <923>","Wien 14.Bezirk, Penzing <914>",-
90 bis 94 Jahre,2025,"Wien 23.Bezirk, Liesing <923>","Wien 15.Bezirk, Rudolfsheim-Fünfhaus <915>",-
90 bis 94 Jahre,2025,"Wien 23.Bezirk, Liesing <923>","Wien 16.Bezirk, Ottakring <916>",1
90 bis 94 Jahre,2025,"Wien 23.Bezirk, Liesing <923>","Wien 17.Bezirk, Hernals <917>",-
90 bis 94 Jahre,2025,"Wien 23.Bezirk, Liesing <923>","Wien 18.Bezirk, Währing <918>",1
90 bis 94 Jahre,2025,"Wien 23.Bezirk, Liesing <923>","Wien 19.Bezirk, Döbling <919>",1
90 bis 94 Jahre,2025,"Wien 23.Bezirk, Liesing <923>","Wien 20.Bezirk, Brigittenau <920>",1
90 bis 94 Jahre,2025,"Wien 23.Bezirk, Liesing <923>","Wien 21.Bezirk, Floridsdorf <921>",-
90 bis 94 Jahre,2025,"Wien 23.Bezirk, Liesing <923>","Wien 22.Bezirk, Donaustadt <922>",-
90 bis 94 Jahre,2025,"Wien 23.Bezirk, Liesing <923>","Wien 23.Bezirk, Liesing <923>",14
95 Jahre und älter,2025,"Wien 1.Bezirk, Innere Stadt <901>","Wien 1.Bezirk, Innere Stadt <901>",-
95 Jahre und älter,2025,"Wien 1.Bezirk, Innere Stadt <901>","Wien 2.Bezirk, Leopoldstadt <902>",-
95 Jahre und älter,2025,"Wien 1.Bezirk, Innere Stadt <901>","Wien 3.Bezirk, Landstraße <903>",-
95 Jahre und älter,2025,"Wien 1.Bezirk, Innere Stadt <901>","Wien 4.Bezirk, Wieden <904>",-
95 Jahre und älter,2025,"Wien 1.Bezirk, Innere Stadt <901>","Wien 5.Bezirk, Margareten <905>",-
95 Jahre und älter,2025,"Wien 1.Bezirk, Innere Stadt <901>","Wien 6.Bezirk, Mariahilf <906>",-
95 Jahre und älter,2025,"Wien 1.Bezirk, Innere Stadt <901>","Wien 7.Bezirk, Neubau <907>",-
95 Jahre und älter,2025,"Wien 1.Bezirk, Innere Stadt <901>","Wien 8.Bezirk, Josefstadt <908>",1
95 Jahre und älter,2025,"Wien 1.Bezirk, Innere Stadt <901>","Wien 9.Bezirk, Alsergrund <909>",-
95 Jahre und älter,2025,"Wien 1.Bezirk, Innere Stadt <901>","Wien 10.Bezirk, Favoriten <910>",-
95 Jahre und älter,2025,"Wien 1.Bezirk, Innere Stadt <901>","Wien 11.Bezirk, Simmering <911>",-
95 Jahre und älter,2025,"Wien 1.Bezirk, Innere Stadt <901>","Wien 12.Bezirk, Meidling <912>",-
95 Jahre und älter,2025,"Wien 1.Bezirk, Innere Stadt <901>","Wien 13.Bezirk, Hietzing <913>",-
95 Jahre und älter,2025,"Wien 1.Bezirk, Innere Stadt <901>","Wien 14.Bezirk, Penzing <914>",1
95 Jahre und älter,2025,"Wien 1.Bezirk, Innere Stadt <901>","Wien 15.Bezirk, Rudolfsheim-Fünfhaus <915>",-
95 Jahre und älter,2025,"Wien 1.Bezirk, Innere Stadt <901>","Wien 16.Bezirk, Ottakring <916>",-
95 Jahre und älter,2025,"Wien 1.Bezirk, Innere Stadt <901>","Wien 17.Bezirk, Hernals <917>",-
95 Jahre und älter,2025,"Wien 1.Bezirk, Innere Stadt <901>","Wien 18.Bezirk, Währing <918>",-
95 Jahre und älter,2025,"Wien 1.Bezirk, Innere Stadt <901>","Wien 19.Bezirk, Döbling <919>",-
95 Jahre und älter,2025,"Wien 1.Bezirk, Innere Stadt <901>","Wien 20.Bezirk, Brigittenau <920>",-
95 Jahre und älter,2025,"Wien 1.Bezirk, Innere Stadt <901>","Wien 21.Bezirk, Floridsdorf <921>",-
95 Jahre und älter,2025,"Wien 1.Bezirk, Innere Stadt <901>","Wien 22.Bezirk, Donaustadt <922>",-
95 Jahre und älter,2025,"Wien 1.Bezirk, Innere Stadt <901>","Wien 23.Bezirk, Liesing <923>",-
95 Jahre und älter,2025,"Wien 2.Bezirk, Leopoldstadt <902>","Wien 1.Bezirk, Innere Stadt <901>",-
95 Jahre und älter,2025,"Wien 2.Bezirk, Leopoldstadt <902>","Wien 2.Bezirk, Leopoldstadt <902>",-
95 Jahre und älter,2025,"Wien 2.Bezirk, Leopoldstadt <902>","Wien 3.Bezirk, Landstraße <903>",-
95 Jahre und älter,2025,"Wien 2.Bezirk, Leopoldstadt <902>","Wien 4.Bezirk, Wieden <904>",-
95 Jahre und älter,2025,"Wien 2.Bezirk, Leopoldstadt <902>","Wien 5.Bezirk, Margareten <905>",-
95 Jahre und älter,2025,"Wien 2.Bezirk, Leopoldstadt <902>","Wien 6.Bezirk, Mariahilf <906>",-
95 Jahre und älter,2025,"Wien 2.Bezirk, Leopoldstadt <902>","Wien 7.Bezirk, Neubau <907>",-
95 Jahre und älter,2025,"Wien 2.Bezirk, Leopoldstadt <902>","Wien 8.Bezirk, Josefstadt <908>",-
95 Jahre und älter,2025,"Wien 2.Bezirk, Leopoldstadt <902>","Wien 9.Bezirk, Alsergrund <909>",-
95 Jahre und älter,2025,"Wien 2.Bezirk, Leopoldstadt <902>","Wien 10.Bezirk, Favoriten <910>",1
95 Jahre und älter,2025,"Wien 2.Bezirk, Leopoldstadt <902>","Wien 11.Bezirk, Simmering <911>",-
95 Jahre und älter,2025,"Wien 2.Bezirk, Leopoldstadt <902>","Wien 12.Bezirk, Meidling <912>",1
95 Jahre und älter,2025,"Wien 2.Bezirk, Leopoldstadt <902>","Wien 13.Bezirk, Hietzing <913>",-
95 Jahre und älter,2025,"Wien 2.Bezirk, Leopoldstadt <902>","Wien 14.Bezirk, Penzing <914>",-
95 Jahre und älter,2025,"Wien 2.Bezirk, Leopoldstadt <902>","Wien 15.Bezirk, Rudolfsheim-Fünfhaus <915>",1
95 Jahre und älter,2025,"Wien 2.Bezirk, Leopoldstadt <902>","Wien 16.Bezirk, Ottakring <916>",-
95 Jahre und älter,2025,"Wien 2.Bezirk, Leopoldstadt <902>","Wien 17.Bezirk, Hernals <917>",1
95 Jahre und älter,2025,"Wien 2.Bezirk, Leopoldstadt <902>","Wien 18.Bezirk, Währing <918>",-
95 Jahre und älter,2025,"Wien 2.Bezirk, Leopoldstadt <902>","Wien 19.Bezirk, Döbling <919>",-
95 Jahre und älter,2025,"Wien 2.Bezirk, Leopoldstadt <902>","Wien 20.Bezirk, Brigittenau <920>",-
95 Jahre und älter,2025,"Wien 2.Bezirk, Leopoldstadt <902>","Wien 21.Bezirk, Floridsdorf <921>",-
95 Jahre und älter,2025,"Wien 2.Bezirk, Leopoldstadt <902>","Wien 22.Bezirk, Donaustadt <922>",1
95 Jahre und älter,2025,"Wien 2.Bezirk, Leopoldstadt <902>","Wien 23.Bezirk, Liesing <923>",2
95 Jahre und älter,2025,"Wien 3.Bezirk, Landstraße <903>","Wien 1.Bezirk, Innere Stadt <901>",-
95 Jahre und älter,2025,"Wien 3.Bezirk, Landstraße <903>","Wien 2.Bezirk, Leopoldstadt <902>",1
95 Jahre und älter,2025,"Wien 3.Bezirk, Landstraße <903>","Wien 3.Bezirk, Landstraße <903>",5
95 Jahre und älter,2025,"Wien 3.Bezirk, Landstraße <903>","Wien 4.Bezirk, Wieden <904>",-
95 Jahre und älter,2025,"Wien 3.Bezirk, Landstraße <903>","Wien 5.Bezirk, Margareten <905>",-
95 Jahre und älter,2025,"Wien 3.Bezirk, Landstraße <903>","Wien 6.Bezirk, Mariahilf <906>",-
95 Jahre und älter,2025,"Wien 3.Bezirk, Landstraße <903>","Wien 7.Bezirk, Neubau <907>",-
95 Jahre und älter,2025,"Wien 3.Bezirk, Landstraße <903>","Wien 8.Bezirk, Josefstadt <908>",1
95 Jahre und älter,2025,"Wien 3.Bezirk, Landstraße <903>","Wien 9.Bezirk, Alsergrund <909>",1
95 Jahre und älter,2025,"Wien 3.Bezirk, Landstraße <903>","Wien 10.Bezirk, Favoriten <910>",-
95 Jahre und älter,2025,"Wien 3.Bezirk, Landstraße <903>","Wien 11.Bezirk, Simmering <911>",2
95 Jahre und älter,2025,"Wien 3.Bezirk, Landstraße <903>","Wien 12.Bezirk, Meidling <912>",-
95 Jahre und älter,2025,"Wien 3.Bezirk, Landstraße <903>","Wien 13.Bezirk, Hietzing <913>",1
95 Jahre und älter,2025,"Wien 3.Bezirk, Landstraße <903>","Wien 14.Bezirk, Penzing <914>",-
95 Jahre und älter,2025,"Wien 3.Bezirk, Landstraße <903>","Wien 15.Bezirk, Rudolfsheim-Fünfhaus <915>",2
95 Jahre und älter,2025,"Wien 3.Bezirk, Landstraße <903>","Wien 16.Bezirk, Ottakring <916>",-
95 Jahre und älter,2025,"Wien 3.Bezirk, Landstraße <903>","Wien 17.Bezirk, Hernals <917>",-
95 Jahre und älter,2025,"Wien 3.Bezirk, Landstraße <903>","Wien 18.Bezirk, Währing <918>",-
95 Jahre und älter,2025,"Wien 3.Bezirk, Landstraße <903>","Wien 19.Bezirk, Döbling <919>",2
95 Jahre und älter,2025,"Wien 3.Bezirk, Landstraße <903>","Wien 20.Bezirk, Brigittenau <920>",-
95 Jahre und älter,2025,"Wien 3.Bezirk, Landstraße <903>","Wien 21.Bezirk, Floridsdorf <921>",-
95 Jahre und älter,2025,"Wien 3.Bezirk, Landstraße <903>","Wien 22.Bezirk, Donaustadt <922>",2
95 Jahre und älter,2025,"Wien 3.Bezirk, Landstraße <903>","Wien 23.Bezirk, Liesing <923>",3
95 Jahre und älter,2025,"Wien 4.Bezirk, Wieden <904>","Wien 1.Bezirk, Innere Stadt <901>",-
95 Jahre und älter,2025,"Wien 4.Bezirk, Wieden <904>","Wien 2.Bezirk, Leopoldstadt <902>",-
95 Jahre und älter,2025,"Wien 4.Bezirk, Wieden <904>","Wien 3.Bezirk, Landstraße <903>",-
95 Jahre und älter,2025,"Wien 4.Bezirk, Wieden <904>","Wien 4.Bezirk, Wieden <904>",-
95 Jahre und älter,2025,"Wien 4.Bezirk, Wieden <904>","Wien 5.Bezirk, Margareten <905>",-
95 Jahre und älter,2025,"Wien 4.Bezirk, Wieden <904>","Wien 6.Bezirk, Mariahilf <906>",-
95 Jahre und älter,2025,"Wien 4.Bezirk, Wieden <904>","Wien 7.Bezirk, Neubau <907>",-
95 Jahre und älter,2025,"Wien 4.Bezirk, Wieden <904>","Wien 8.Bezirk, Josefstadt <908>",-
95 Jahre und älter,2025,"Wien 4.Bezirk, Wieden <904>","Wien 9.Bezirk, Alsergrund <909>",-
95 Jahre und älter,2025,"Wien 4.Bezirk, Wieden <904>","Wien 10.Bezirk, Favoriten <910>",-
95 Jahre und älter,2025,"Wien 4.Bezirk, Wieden <904>","Wien 11.Bezirk, Simmering <911>",1
95 Jahre und älter,2025,"Wien 4.Bezirk, Wieden <904>","Wien 12.Bezirk, Meidling <912>",1
95 Jahre und älter,2025,"Wien 4.Bezirk, Wieden <904>","Wien 13.Bezirk, Hietzing <913>",-
95 Jahre und älter,2025,"Wien 4.Bezirk, Wieden <904>","Wien 14.Bezirk, Penzing <914>",1
95 Jahre und älter,2025,"Wien 4.Bezirk, Wieden <904>","Wien 15.Bezirk, Rudolfsheim-Fünfhaus <915>",-
95 Jahre und älter,2025,"Wien 4.Bezirk, Wieden <904>","Wien 16.Bezirk, Ottakring <916>",-
95 Jahre und älter,2025,"Wien 4.Bezirk, Wieden <904>","Wien 17.Bezirk, Hernals <917>",-
95 Jahre und älter,2025,"Wien 4.Bezirk, Wieden <904>","Wien 18.Bezirk, Währing <918>",-
95 Jahre und älter,2025,"Wien 4.Bezirk, Wieden <904>","Wien 19.Bezirk, Döbling <919>",-
95 Jahre und älter,2025,"Wien 4.Bezirk, Wieden <904>","Wien 20.Bezirk, Brigittenau <920>",-
95 Jahre und älter,2025,"Wien 4.Bezirk, Wieden <904>","Wien 21.Bezirk, Floridsdorf <921>",-
95 Jahre und älter,2025,"Wien 4.Bezirk, Wieden <904>","Wien 22.Bezirk, Donaustadt <922>",-
95 Jahre und älter,2025,"Wien 4.Bezirk, Wieden <904>","Wien 23.Bezirk, Liesing <923>",1
95 Jahre und älter,2025,"Wien 5.Bezirk, Margareten <905>","Wien 1.Bezirk, Innere Stadt <901>",-
95 Jahre und älter,2025,"Wien 5.Bezirk, Margareten <905>","Wien 2.Bezirk, Leopoldstadt <902>",-
95 Jahre und älter,2025,"Wien 5.Bezirk, Margareten <905>","Wien 3.Bezirk, Landstraße <903>",-
95 Jahre und älter,2025,"Wien 5.Bezirk, Margareten <905>","Wien 4.Bezirk, Wieden <904>",2
95 Jahre und älter,2025,"Wien 5.Bezirk, Margareten <905>","Wien 5.Bezirk, Margareten <905>",-
95 Jahre und älter,2025,"Wien 5.Bezirk, Margareten <905>","Wien 6.Bezirk, Mariahilf <906>",-
95 Jahre und älter,2025,"Wien 5.Bezirk, Margareten <905>","Wien 7.Bezirk, Neubau <907>",-
95 Jahre und älter,2025,"Wien 5.Bezirk, Margareten <905>","Wien 8.Bezirk, Josefstadt <908>",-
95 Jahre und älter,2025,"Wien 5.Bezirk, Margareten <905>","Wien 9.Bezirk, Alsergrund <909>",-
95 Jahre und älter,2025,"Wien 5.Bezirk, Margareten <905>","Wien 10.Bezirk, Favoriten <910>",-
95 Jahre und älter,2025,"Wien 5.Bezirk, Margareten <905>","Wien 11.Bezirk, Simmering <911>",-
95 Jahre und älter,2025,"Wien 5.Bezirk, Margareten <905>","Wien 12.Bezirk, Meidling <912>",-
95 Jahre und älter,2025,"Wien 5.Bezirk, Margareten <905>","Wien 13.Bezirk, Hietzing <913>",-
95 Jahre und älter,2025,"Wien 5.Bezirk, Margareten <905>","Wien 14.Bezirk, Penzing <914>",1
95 Jahre und älter,2025,"Wien 5.Bezirk, Margareten <905>","Wien 15.Bezirk, Rudolfsheim-Fünfhaus <915>",-
95 Jahre und älter,2025,"Wien 5.Bezirk, Margareten <905>","Wien 16.Bezirk, Ottakring <916>",-
95 Jahre und älter,2025,"Wien 5.Bezirk, Margareten <905>","Wien 17.Bezirk, Hernals <917>",-
95 Jahre und älter,2025,"Wien 5.Bezirk, Margareten <905>","Wien 18.Bezirk, Währing <918>",-
95 Jahre und älter,2025,"Wien 5.Bezirk, Margareten <905>","Wien 19.Bezirk, Döbling <919>",1
95 Jahre und älter,2025,"Wien 5.Bezirk, Margareten <905>","Wien 20.Bezirk, Brigittenau <920>",-
95 Jahre und älter,2025,"Wien 5.Bezirk, Margareten <905>","Wien 21.Bezirk, Floridsdorf <921>",-
95 Jahre und älter,2025,"Wien 5.Bezirk, Margareten <905>","Wien 22.Bezirk, Donaustadt <922>",-
95 Jahre und älter,2025,"Wien 5.Bezirk, Margareten <905>","Wien 23.Bezirk, Liesing <923>",-
95 Jahre und älter,2025,"Wien 6.Bezirk, Mariahilf <906>","Wien 1.Bezirk, Innere Stadt <901>",-
95 Jahre und älter,2025,"Wien 6.Bezirk, Mariahilf <906>","Wien 2.Bezirk, Leopoldstadt <902>",-
95 Jahre und älter,2025,"Wien 6.Bezirk, Mariahilf <906>","Wien 3.Bezirk, Landstraße <903>",-
95 Jahre und älter,2025,"Wien 6.Bezirk, Mariahilf <906>","Wien 4.Bezirk, Wieden <904>",-
95 Jahre und älter,2025,"Wien 6.Bezirk, Mariahilf <906>","Wien 5.Bezirk, Margareten <905>",-
95 Jahre und älter,2025,"Wien 6.Bezirk, Mariahilf <906>","Wien 6.Bezirk, Mariahilf <906>",-
95 Jahre und älter,2025,"Wien 6.Bezirk, Mariahilf <906>","Wien 7.Bezirk, Neubau <907>",-
95 Jahre und älter,2025,"Wien 6.Bezirk, Mariahilf <906>","Wien 8.Bezirk, Josefstadt <908>",-
95 Jahre und älter,2025,"Wien 6.Bezirk, Mariahilf <906>","Wien 9.Bezirk, Alsergrund <909>",-
95 Jahre und älter,2025,"Wien 6.Bezirk, Mariahilf <906>","Wien 10.Bezirk, Favoriten <910>",-
95 Jahre und älter,2025,"Wien 6.Bezirk, Mariahilf <906>","Wien 11.Bezirk, Simmering <911>",-
95 Jahre und älter,2025,"Wien 6.Bezirk, Mariahilf <906>","Wien 12.Bezirk, Meidling <912>",-
95 Jahre und älter,2025,"Wien 6.Bezirk, Mariahilf <906>","Wien 13.Bezirk, Hietzing <913>",-
95 Jahre und älter,2025,"Wien 6.Bezirk, Mariahilf <906>","Wien 14.Bezirk, Penzing <914>",-
95 Jahre und älter,2025,"Wien 6.Bezirk, Mariahilf <906>","Wien 15.Bezirk, Rudolfsheim-Fünfhaus <915>",1
95 Jahre und älter,2025,"Wien 6.Bezirk, Mariahilf <906>","Wien 16.Bezirk, Ottakring <916>",-
95 Jahre und älter,2025,"Wien 6.Bezirk, Mariahilf <906>","Wien 17.Bezirk, Hernals <917>",-
95 Jahre und älter,2025,"Wien 6.Bezirk, Mariahilf <906>","Wien 18.Bezirk, Währing <918>",-
95 Jahre und älter,2025,"Wien 6.Bezirk, Mariahilf <906>","Wien 19.Bezirk, Döbling <919>",-
95 Jahre und älter,2025,"Wien 6.Bezirk, Mariahilf <906>","Wien 20.Bezirk, Brigittenau <920>",-
95 Jahre und älter,2025,"Wien 6.Bezirk, Mariahilf <906>","Wien 21.Bezirk, Floridsdorf <921>",-
95 Jahre und älter,2025,"Wien 6.Bezirk, Mariahilf <906>","Wien 22.Bezirk, Donaustadt <922>",-
95 Jahre und älter,2025,"Wien 6.Bezirk, Mariahilf <906>","Wien 23.Bezirk, Liesing <923>",-
95 Jahre und älter,2025,"Wien 7.Bezirk, Neubau <907>","Wien 1.Bezirk, Innere Stadt <901>",-
95 Jahre und älter,2025,"Wien 7.Bezirk, Neubau <907>","Wien 2.Bezirk, Leopoldstadt <902>",-
95 Jahre und älter,2025,"Wien 7.Bezirk, Neubau <907>","Wien 3.Bezirk, Landstraße <903>",-
95 Jahre und älter,2025,"Wien 7.Bezirk, Neubau <907>","Wien 4.Bezirk, Wieden <904>",1
95 Jahre und älter,2025,"Wien 7.Bezirk, Neubau <907>","Wien 5.Bezirk, Margareten <905>",1
95 Jahre und älter,2025,"Wien 7.Bezirk, Neubau <907>","Wien 6.Bezirk, Mariahilf <906>",-
95 Jahre und älter,2025,"Wien 7.Bezirk, Neubau <907>","Wien 7.Bezirk, Neubau <907>",1
95 Jahre und älter,2025,"Wien 7.Bezirk, Neubau <907>","Wien 8.Bezirk, Josefstadt <908>",-
95 Jahre und älter,2025,"Wien 7.Bezirk, Neubau <907>","Wien 9.Bezirk, Alsergrund <909>",-
95 Jahre und älter,2025,"Wien 7.Bezirk, Neubau <907>","Wien 10.Bezirk, Favoriten <910>",-
95 Jahre und älter,2025,"Wien 7.Bezirk, Neubau <907>","Wien 11.Bezirk, Simmering <911>",-
95 Jahre und älter,2025,"Wien 7.Bezirk, Neubau <907>","Wien 12.Bezirk, Meidling <912>",-
95 Jahre und älter,2025,"Wien 7.Bezirk, Neubau <907>","Wien 13.Bezirk, Hietzing <913>",1
95 Jahre und älter,2025,"Wien 7.Bezirk, Neubau <907>","Wien 14.Bezirk, Penzing <914>",-
95 Jahre und älter,2025,"Wien 7.Bezirk, Neubau <907>","Wien 15.Bezirk, Rudolfsheim-Fünfhaus <915>",-
95 Jahre und älter,2025,"Wien 7.Bezirk, Neubau <907>","Wien 16.Bezirk, Ottakring <916>",-
95 Jahre und älter,2025,"Wien 7.Bezirk, Neubau <907>","Wien 17.Bezirk, Hernals <917>",-
95 Jahre und älter,2025,"Wien 7.Bezirk, Neubau <907>","Wien 18.Bezirk, Währing <918>",-
95 Jahre und älter,2025,"Wien 7.Bezirk, Neubau <907>","Wien 19.Bezirk, Döbling <919>",-
95 Jahre und älter,2025,"Wien 7.Bezirk, Neubau <907>","Wien 20.Bezirk, Brigittenau <920>",-
95 Jahre und älter,2025,"Wien 7.Bezirk, Neubau <907>","Wien 21.Bezirk, Floridsdorf <921>",-
95 Jahre und älter,2025,"Wien 7.Bezirk, Neubau <907>","Wien 22.Bezirk, Donaustadt <922>",-
95 Jahre und älter,2025,"Wien 7.Bezirk, Neubau <907>","Wien 23.Bezirk, Liesing <923>",-
95 Jahre und älter,2025,"Wien 8.Bezirk, Josefstadt <908>","Wien 1.Bezirk, Innere Stadt <901>",-
95 Jahre und älter,2025,"Wien 8.Bezirk, Josefstadt <908>","Wien 2.Bezirk, Leopoldstadt <902>",-
95 Jahre und älter,2025,"Wien 8.Bezirk, Josefstadt <908>","Wien 3.Bezirk, Landstraße <903>",-
95 Jahre und älter,2025,"Wien 8.Bezirk, Josefstadt <908>","Wien 4.Bezirk, Wieden <904>",-
95 Jahre und älter,2025,"Wien 8.Bezirk, Josefstadt <908>","Wien 5.Bezirk, Margareten <905>",-
95 Jahre und älter,2025,"Wien 8.Bezirk, Josefstadt <908>","Wien 6.Bezirk, Mariahilf <906>",-
95 Jahre und älter,2025,"Wien 8.Bezirk, Josefstadt <908>","Wien 7.Bezirk, Neubau <907>",-
95 Jahre und älter,2025,"Wien 8.Bezirk, Josefstadt <908>","Wien 8.Bezirk, Josefstadt <908>",-
95 Jahre und älter,2025,"Wien 8.Bezirk, Josefstadt <908>","Wien 9.Bezirk, Alsergrund <909>",-
95 Jahre und älter,2025,"Wien 8.Bezirk, Josefstadt <908>","Wien 10.Bezirk, Favoriten <910>",-
95 Jahre und älter,2025,"Wien 8.Bezirk, Josefstadt <908>","Wien 11.Bezirk, Simmering <911>",-
95 Jahre und älter,2025,"Wien 8.Bezirk, Josefstadt <908>","Wien 12.Bezirk, Meidling <912>",-
95 Jahre und älter,2025,"Wien 8.Bezirk, Josefstadt <908>","Wien 13.Bezirk, Hietzing <913>",-
95 Jahre und älter,2025,"Wien 8.Bezirk, Josefstadt <908>","Wien 14.Bezirk, Penzing <914>",-
95 Jahre und älter,2025,"Wien 8.Bezirk, Josefstadt <908>","Wien 15.Bezirk, Rudolfsheim-Fünfhaus <915>",-
95 Jahre und älter,2025,"Wien 8.Bezirk, Josefstadt <908>","Wien 16.Bezirk, Ottakring <916>",-
95 Jahre und älter,2025,"Wien 8.Bezirk, Josefstadt <908>","Wien 17.Bezirk, Hernals <917>",-
95 Jahre und älter,2025,"Wien 8.Bezirk, Josefstadt <908>","Wien 18.Bezirk, Währing <918>",1
95 Jahre und älter,2025,"Wien 8.Bezirk, Josefstadt <908>","Wien 19.Bezirk, Döbling <919>",-
95 Jahre und älter,2025,"Wien 8.Bezirk, Josefstadt <908>","Wien 20.Bezirk, Brigittenau <920>",1
95 Jahre und älter,2025,"Wien 8.Bezirk, Josefstadt <908>","Wien 21.Bezirk, Floridsdorf <921>",-
95 Jahre und älter,2025,"Wien 8.Bezirk, Josefstadt <908>","Wien 22.Bezirk, Donaustadt <922>",-
95 Jahre und älter,2025,"Wien 8.Bezirk, Josefstadt <908>","Wien 23.Bezirk, Liesing <923>",-
95 Jahre und älter,2025,"Wien 9.Bezirk, Alsergrund <909>","Wien 1.Bezirk, Innere Stadt <901>",-
95 Jahre und älter,2025,"Wien 9.Bezirk, Alsergrund <909>","Wien 2.Bezirk, Leopoldstadt <902>",-
95 Jahre und älter,2025,"Wien 9.Bezirk, Alsergrund <909>","Wien 3.Bezirk, Landstraße <903>",-
95 Jahre und älter,2025,"Wien 9.Bezirk, Alsergrund <909>","Wien 4.Bezirk, Wieden <904>",-
95 Jahre und älter,2025,"Wien 9.Bezirk, Alsergrund <909>","Wien 5.Bezirk, Margareten <905>",-
95 Jahre und älter,2025,"Wien 9.Bezirk, Alsergrund <909>","Wien 6.Bezirk, Mariahilf <906>",-
95 Jahre und älter,2025,"Wien 9.Bezirk, Alsergrund <909>","Wien 7.Bezirk, Neubau <907>",-
95 Jahre und älter,2025,"Wien 9.Bezirk, Alsergrund <909>","Wien 8.Bezirk, Josefstadt <908>",-
95 Jahre und älter,2025,"Wien 9.Bezirk, Alsergrund <909>","Wien 9.Bezirk, Alsergrund <909>",-
95 Jahre und älter,2025,"Wien 9.Bezirk, Alsergrund <909>","Wien 10.Bezirk, Favoriten <910>",-
95 Jahre und älter,2025,"Wien 9.Bezirk, Alsergrund <909>","Wien 11.Bezirk, Simmering <911>",-
95 Jahre und älter,2025,"Wien 9.Bezirk, Alsergrund <909>","Wien 12.Bezirk, Meidling <912>",-
95 Jahre und älter,2025,"Wien 9.Bezirk, Alsergrund <909>","Wien 13.Bezirk, Hietzing <913>",-
95 Jahre und älter,2025,"Wien 9.Bezirk, Alsergrund <909>","Wien 14.Bezirk, Penzing <914>",-
95 Jahre und älter,2025,"Wien 9.Bezirk, Alsergrund <909>","Wien 15.Bezirk, Rudolfsheim-Fünfhaus <915>",-
95 Jahre und älter,2025,"Wien 9.Bezirk, Alsergrund <909>","Wien 16.Bezirk, Ottakring <916>",-
95 Jahre und älter,2025,"Wien 9.Bezirk, Alsergrund <909>","Wien 17.Bezirk, Hernals <917>",-
95 Jahre und älter,2025,"Wien 9.Bezirk, Alsergrund <909>","Wien 18.Bezirk, Währing <918>",-
95 Jahre und älter,2025,"Wien 9.Bezirk, Alsergrund <909>","Wien 19.Bezirk, Döbling <919>",1
95 Jahre und älter,2025,"Wien 9.Bezirk, Alsergrund <909>","Wien 20.Bezirk, Brigittenau <920>",-
95 Jahre und älter,2025,"Wien 9.Bezirk, Alsergrund <909>","Wien 21.Bezirk, Floridsdorf <921>",-
95 Jahre und älter,2025,"Wien 9.Bezirk, Alsergrund <909>","Wien 22.Bezirk, Donaustadt <922>",-
95 Jahre und älter,2025,"Wien 9.Bezirk, Alsergrund <909>","Wien 23.Bezirk, Liesing <923>",-
95 Jahre und älter,2025,"Wien 10.Bezirk, Favoriten <910>","Wien 1.Bezirk, Innere Stadt <901>",-
95 Jahre und älter,2025,"Wien 10.Bezirk, Favoriten <910>","Wien 2.Bezirk, Leopoldstadt <902>",-
95 Jahre und älter,2025,"Wien 10.Bezirk, Favoriten <910>","Wien 3.Bezirk, Landstraße <903>",-
95 Jahre und älter,2025,"Wien 10.Bezirk, Favoriten <910>","Wien 4.Bezirk, Wieden <904>",1
95 Jahre und älter,2025,"Wien 10.Bezirk, Favoriten <910>","Wien 5.Bezirk, Margareten <905>",-
95 Jahre und älter,2025,"Wien 10.Bezirk, Favoriten <910>","Wien 6.Bezirk, Mariahilf <906>",-
95 Jahre und älter,2025,"Wien 10.Bezirk, Favoriten <910>","Wien 7.Bezirk, Neubau <907>",-
95 Jahre und älter,2025,"Wien 10.Bezirk, Favoriten <910>","Wien 8.Bezirk, Josefstadt <908>",-
95 Jahre und älter,2025,"Wien 10.Bezirk, Favoriten <910>","Wien 9.Bezirk, Alsergrund <909>",1
95 Jahre und älter,2025,"Wien 10.Bezirk, Favoriten <910>","Wien 10.Bezirk, Favoriten <910>",3
95 Jahre und älter,2025,"Wien 10.Bezirk, Favoriten <910>","Wien 11.Bezirk, Simmering <911>",1
95 Jahre und älter,2025,"Wien 10.Bezirk, Favoriten <910>","Wien 12.Bezirk, Meidling <912>",1
95 Jahre und älter,2025,"Wien 10.Bezirk, Favoriten <910>","Wien 13.Bezirk, Hietzing <913>",1
95 Jahre und älter,2025,"Wien 10.Bezirk, Favoriten <910>","Wien 14.Bezirk, Penzing <914>",-
95 Jahre und älter,2025,"Wien 10.Bezirk, Favoriten <910>","Wien 15.Bezirk, Rudolfsheim-Fünfhaus <915>",-
95 Jahre und älter,2025,"Wien 10.Bezirk, Favoriten <910>","Wien 16.Bezirk, Ottakring <916>",-
95 Jahre und älter,2025,"Wien 10.Bezirk, Favoriten <910>","Wien 17.Bezirk, Hernals <917>",-
95 Jahre und älter,2025,"Wien 10.Bezirk, Favoriten <910>","Wien 18.Bezirk, Währing <918>",-
95 Jahre und älter,2025,"Wien 10.Bezirk, Favoriten <910>","Wien 19.Bezirk, Döbling <919>",-
95 Jahre und älter,2025,"Wien 10.Bezirk, Favoriten <910>","Wien 20.Bezirk, Brigittenau <920>",-
95 Jahre und älter,2025,"Wien 10.Bezirk, Favoriten <910>","Wien 21.Bezirk, Floridsdorf <921>",-
95 Jahre und älter,2025,"Wien 10.Bezirk, Favoriten <910>","Wien 22.Bezirk, Donaustadt <922>",1
95 Jahre und älter,2025,"Wien 10.Bezirk, Favoriten <910>","Wien 23.Bezirk, Liesing <923>",3
95 Jahre und älter,2025,"Wien 11.Bezirk, Simmering <911>","Wien 1.Bezirk, Innere Stadt <901>",-
95 Jahre und älter,2025,"Wien 11.Bezirk, Simmering <911>","Wien 2.Bezirk, Leopoldstadt <902>",-
95 Jahre und älter,2025,"Wien 11.Bezirk, Simmering <911>","Wien 3.Bezirk, Landstraße <903>",1
95 Jahre und älter,2025,"Wien 11.Bezirk, Simmering <911>","Wien 4.Bezirk, Wieden <904>",-
95 Jahre und älter,2025,"Wien 11.Bezirk, Simmering <911>","Wien 5.Bezirk, Margareten <905>",-
95 Jahre und älter,2025,"Wien 11.Bezirk, Simmering <911>","Wien 6.Bezirk, Mariahilf <906>",-
95 Jahre und älter,2025,"Wien 11.Bezirk, Simmering <911>","Wien 7.Bezirk, Neubau <907>",-
95 Jahre und älter,2025,"Wien 11.Bezirk, Simmering <911>","Wien 8.Bezirk, Josefstadt <908>",-
95 Jahre und älter,2025,"Wien 11.Bezirk, Simmering <911>","Wien 9.Bezirk, Alsergrund <909>",1
95 Jahre und älter,2025,"Wien 11.Bezirk, Simmering <911>","Wien 10.Bezirk, Favoriten <910>",1
95 Jahre und älter,2025,"Wien 11.Bezirk, Simmering <911>","Wien 11.Bezirk, Simmering <911>",1
95 Jahre und älter,2025,"Wien 11.Bezirk, Simmering <911>","Wien 12.Bezirk, Meidling <912>",-
95 Jahre und älter,2025,"Wien 11.Bezirk, Simmering <911>","Wien 13.Bezirk, Hietzing <913>",-
95 Jahre und älter,2025,"Wien 11.Bezirk, Simmering <911>","Wien 14.Bezirk, Penzing <914>",-
95 Jahre und älter,2025,"Wien 11.Bezirk, Simmering <911>","Wien 15.Bezirk, Rudolfsheim-Fünfhaus <915>",-
95 Jahre und älter,2025,"Wien 11.Bezirk, Simmering <911>","Wien 16.Bezirk, Ottakring <916>",-
95 Jahre und älter,2025,"Wien 11.Bezirk, Simmering <911>","Wien 17.Bezirk, Hernals <917>",-
95 Jahre und älter,2025,"Wien 11.Bezirk, Simmering <911>","Wien 18.Bezirk, Währing <918>",-
95 Jahre und älter,2025,"Wien 11.Bezirk, Simmering <911>","Wien 19.Bezirk, Döbling <919>",-
95 Jahre und älter,2025,"Wien 11.Bezirk, Simmering <911>","Wien 20.Bezirk, Brigittenau <920>",-
95 Jahre und älter,2025,"Wien 11.Bezirk, Simmering <911>","Wien 21.Bezirk, Floridsdorf <921>",1
95 Jahre und älter,2025,"Wien 11.Bezirk, Simmering <911>","Wien 22.Bezirk, Donaustadt <922>",-
95 Jahre und älter,2025,"Wien 11.Bezirk, Simmering <911>","Wien 23.Bezirk, Liesing <923>",1
95 Jahre und älter,2025,"Wien 12.Bezirk, Meidling <912>","Wien 1.Bezirk, Innere Stadt <901>",-
95 Jahre und älter,2025,"Wien 12.Bezirk, Meidling <912>","Wien 2.Bezirk, Leopoldstadt <902>",-
95 Jahre und älter,2025,"Wien 12.Bezirk, Meidling <912>","Wien 3.Bezirk, Landstraße <903>",1
95 Jahre und älter,2025,"Wien 12.Bezirk, Meidling <912>","Wien 4.Bezirk, Wieden <904>",1
95 Jahre und älter,2025,"Wien 12.Bezirk, Meidling <912>","Wien 5.Bezirk, Margareten <905>",-
95 Jahre und älter,2025,"Wien 12.Bezirk, Meidling <912>","Wien 6.Bezirk, Mariahilf <906>",-
95 Jahre und älter,2025,"Wien 12.Bezirk, Meidling <912>","Wien 7.Bezirk, Neubau <907>",1
95 Jahre und älter,2025,"Wien 12.Bezirk, Meidling <912>","Wien 8.Bezirk, Josefstadt <908>",-
95 Jahre und älter,2025,"Wien 12.Bezirk, Meidling <912>","Wien 9.Bezirk, Alsergrund <909>",-
95 Jahre und älter,2025,"Wien 12.Bezirk, Meidling <912>","Wien 10.Bezirk, Favoriten <910>",1
95 Jahre und älter,2025,"Wien 12.Bezirk, Meidling <912>","Wien 11.Bezirk, Simmering <911>",2
95 Jahre und älter,2025,"Wien 12.Bezirk, Meidling <912>","Wien 12.Bezirk, Meidling <912>",7
95 Jahre und älter,2025,"Wien 12.Bezirk, Meidling <912>","Wien 13.Bezirk, Hietzing <913>",6
95 Jahre und älter,2025,"Wien 12.Bezirk, Meidling <912>","Wien 14.Bezirk, Penzing <914>",2
95 Jahre und älter,2025,"Wien 12.Bezirk, Meidling <912>","Wien 15.Bezirk, Rudolfsheim-Fünfhaus <915>",-
95 Jahre und älter,2025,"Wien 12.Bezirk, Meidling <912>","Wien 16.Bezirk, Ottakring <916>",-
95 Jahre und älter,2025,"Wien 12.Bezirk, Meidling <912>","Wien 17.Bezirk, Hernals <917>",-
95 Jahre und älter,2025,"Wien 12.Bezirk, Meidling <912>","Wien 18.Bezirk, Währing <918>",-
95 Jahre und älter,2025,"Wien 12.Bezirk, Meidling <912>","Wien 19.Bezirk, Döbling <919>",2
95 Jahre und älter,2025,"Wien 12.Bezirk, Meidling <912>","Wien 20.Bezirk, Brigittenau <920>",-
95 Jahre und älter,2025,"Wien 12.Bezirk, Meidling <912>","Wien 21.Bezirk, Floridsdorf <921>",-
95 Jahre und älter,2025,"Wien 12.Bezirk, Meidling <912>","Wien 22.Bezirk, Donaustadt <922>",-
95 Jahre und älter,2025,"Wien 12.Bezirk, Meidling <912>","Wien 23.Bezirk, Liesing <923>",4
95 Jahre und älter,2025,"Wien 13.Bezirk, Hietzing <913>","Wien 1.Bezirk, Innere Stadt <901>",-
95 Jahre und älter,2025,"Wien 13.Bezirk, Hietzing <913>","Wien 2.Bezirk, Leopoldstadt <902>",-
95 Jahre und älter,2025,"Wien 13.Bezirk, Hietzing <913>","Wien 3.Bezirk, Landstraße <903>",-
95 Jahre und älter,2025,"Wien 13.Bezirk, Hietzing <913>","Wien 4.Bezirk, Wieden <904>",-
95 Jahre und älter,2025,"Wien 13.Bezirk, Hietzing <913>","Wien 5.Bezirk, Margareten <905>",-
95 Jahre und älter,2025,"Wien 13.Bezirk, Hietzing <913>","Wien 6.Bezirk, Mariahilf <906>",-
95 Jahre und älter,2025,"Wien 13.Bezirk, Hietzing <913>","Wien 7.Bezirk, Neubau <907>",-
95 Jahre und älter,2025,"Wien 13.Bezirk, Hietzing <913>","Wien 8.Bezirk, Josefstadt <908>",-
95 Jahre und älter,2025,"Wien 13.Bezirk, Hietzing <913>","Wien 9.Bezirk, Alsergrund <909>",-
95 Jahre und älter,2025,"Wien 13.Bezirk, Hietzing <913>","Wien 10.Bezirk, Favoriten <910>",-
95 Jahre und älter,2025,"Wien 13.Bezirk, Hietzing <913>","Wien 11.Bezirk, Simmering <911>",-
95 Jahre und älter,2025,"Wien 13.Bezirk, Hietzing <913>","Wien 12.Bezirk, Meidling <912>",1
95 Jahre und älter,2025,"Wien 13.Bezirk, Hietzing <913>","Wien 13.Bezirk, Hietzing <913>",4
95 Jahre und älter,2025,"Wien 13.Bezirk, Hietzing <913>","Wien 14.Bezirk, Penzing <914>",1
95 Jahre und älter,2025,"Wien 13.Bezirk, Hietzing <913>","Wien 15.Bezirk, Rudolfsheim-Fünfhaus <915>",-
95 Jahre und älter,2025,"Wien 13.Bezirk, Hietzing <913>","Wien 16.Bezirk, Ottakring <916>",-
95 Jahre und älter,2025,"Wien 13.Bezirk, Hietzing <913>","Wien 17.Bezirk, Hernals <917>",-
95 Jahre und älter,2025,"Wien 13.Bezirk, Hietzing <913>","Wien 18.Bezirk, Währing <918>",-
95 Jahre und älter,2025,"Wien 13.Bezirk, Hietzing <913>","Wien 19.Bezirk, Döbling <919>",2
95 Jahre und älter,2025,"Wien 13.Bezirk, Hietzing <913>","Wien 20.Bezirk, Brigittenau <920>",-
95 Jahre und älter,2025,"Wien 13.Bezirk, Hietzing <913>","Wien 21.Bezirk, Floridsdorf <921>",-
95 Jahre und älter,2025,"Wien 13.Bezirk, Hietzing <913>","Wien 22.Bezirk, Donaustadt <922>",1
95 Jahre und älter,2025,"Wien 13.Bezirk, Hietzing <913>","Wien 23.Bezirk, Liesing <923>",1
95 Jahre und älter,2025,"Wien 14.Bezirk, Penzing <914>","Wien 1.Bezirk, Innere Stadt <901>",-
95 Jahre und älter,2025,"Wien 14.Bezirk, Penzing <914>","Wien 2.Bezirk, Leopoldstadt <902>",-
95 Jahre und älter,2025,"Wien 14.Bezirk, Penzing <914>","Wien 3.Bezirk, Landstraße <903>",-
95 Jahre und älter,2025,"Wien 14.Bezirk, Penzing <914>","Wien 4.Bezirk, Wieden <904>",-
95 Jahre und älter,2025,"Wien 14.Bezirk, Penzing <914>","Wien 5.Bezirk, Margareten <905>",-
95 Jahre und älter,2025,"Wien 14.Bezirk, Penzing <914>","Wien 6.Bezirk, Mariahilf <906>",1
95 Jahre und älter,2025,"Wien 14.Bezirk, Penzing <914>","Wien 7.Bezirk, Neubau <907>",-
95 Jahre und älter,2025,"Wien 14.Bezirk, Penzing <914>","Wien 8.Bezirk, Josefstadt <908>",-
95 Jahre und älter,2025,"Wien 14.Bezirk, Penzing <914>","Wien 9.Bezirk, Alsergrund <909>",-
95 Jahre und älter,2025,"Wien 14.Bezirk, Penzing <914>","Wien 10.Bezirk, Favoriten <910>",-
95 Jahre und älter,2025,"Wien 14.Bezirk, Penzing <914>","Wien 11.Bezirk, Simmering <911>",-
95 Jahre und älter,2025,"Wien 14.Bezirk, Penzing <914>","Wien 12.Bezirk, Meidling <912>",-
95 Jahre und älter,2025,"Wien 14.Bezirk, Penzing <914>","Wien 13.Bezirk, Hietzing <913>",1
95 Jahre und älter,2025,"Wien 14.Bezirk, Penzing <914>","Wien 14.Bezirk, Penzing <914>",2
95 Jahre und älter,2025,"Wien 14.Bezirk, Penzing <914>","Wien 15.Bezirk, Rudolfsheim-Fünfhaus <915>",3
95 Jahre und älter,2025,"Wien 14.Bezirk, Penzing <914>","Wien 16.Bezirk, Ottakring <916>",1
95 Jahre und älter,2025,"Wien 14.Bezirk, Penzing <914>","Wien 17.Bezirk, Hernals <917>",1
95 Jahre und älter,2025,"Wien 14.Bezirk, Penzing <914>","Wien 18.Bezirk, Währing <918>",-
95 Jahre und älter,2025,"Wien 14.Bezirk, Penzing <914>","Wien 19.Bezirk, Döbling <919>",2
95 Jahre und älter,2025,"Wien 14.Bezirk, Penzing <914>","Wien 20.Bezirk, Brigittenau <920>",-
95 Jahre und älter,2025,"Wien 14.Bezirk, Penzing <914>","Wien 21.Bezirk, Floridsdorf <921>",1
95 Jahre und älter,2025,"Wien 14.Bezirk, Penzing <914>","Wien 22.Bezirk, Donaustadt <922>",1
95 Jahre und älter,2025,"Wien 14.Bezirk, Penzing <914>","Wien 23.Bezirk, Liesing <923>",-
95 Jahre und älter,2025,"Wien 15.Bezirk, Rudolfsheim-Fünfhaus <915>","Wien 1.Bezirk, Innere Stadt <901>",-
95 Jahre und älter,2025,"Wien 15.Bezirk, Rudolfsheim-Fünfhaus <915>","Wien 2.Bezirk, Leopoldstadt <902>",-
95 Jahre und älter,2025,"Wien 15.Bezirk, Rudolfsheim-Fünfhaus <915>","Wien 3.Bezirk, Landstraße <903>",-
95 Jahre und älter,2025,"Wien 15.Bezirk, Rudolfsheim-Fünfhaus <915>","Wien 4.Bezirk, Wieden <904>",-
95 Jahre und älter,2025,"Wien 15.Bezirk, Rudolfsheim-Fünfhaus <915>","Wien 5.Bezirk, Margareten <905>",-
95 Jahre und älter,2025,"Wien 15.Bezirk, Rudolfsheim-Fünfhaus <915>","Wien 6.Bezirk, Mariahilf <906>",-
95 Jahre und älter,2025,"Wien 15.Bezirk, Rudolfsheim-Fünfhaus <915>","Wien 7.Bezirk, Neubau <907>",-
95 Jahre und älter,2025,"Wien 15.Bezirk, Rudolfsheim-Fünfhaus <915>","Wien 8.Bezirk, Josefstadt <908>",-
95 Jahre und älter,2025,"Wien 15.Bezirk, Rudolfsheim-Fünfhaus <915>","Wien 9.Bezirk, Alsergrund <909>",-
95 Jahre und älter,2025,"Wien 15.Bezirk, Rudolfsheim-Fünfhaus <915>","Wien 10.Bezirk, Favoriten <910>",-
95 Jahre und älter,2025,"Wien 15.Bezirk, Rudolfsheim-Fünfhaus <915>","Wien 11.Bezirk, Simmering <911>",-
95 Jahre und älter,2025,"Wien 15.Bezirk, Rudolfsheim-Fünfhaus <915>","Wien 12.Bezirk, Meidling <912>",1
95 Jahre und älter,2025,"Wien 15.Bezirk, Rudolfsheim-Fünfhaus <915>","Wien 13.Bezirk, Hietzing <913>",-
95 Jahre und älter,2025,"Wien 15.Bezirk, Rudolfsheim-Fünfhaus <915>","Wien 14.Bezirk, Penzing <914>",-
95 Jahre und älter,2025,"Wien 15.Bezirk, Rudolfsheim-Fünfhaus <915>","Wien 15.Bezirk, Rudolfsheim-Fünfhaus <915>",2
95 Jahre und älter,2025,"Wien 15.Bezirk, Rudolfsheim-Fünfhaus <915>","Wien 16.Bezirk, Ottakring <916>",-
95 Jahre und älter,2025,"Wien 15.Bezirk, Rudolfsheim-Fünfhaus <915>","Wien 17.Bezirk, Hernals <917>",-
95 Jahre und älter,2025,"Wien 15.Bezirk, Rudolfsheim-Fünfhaus <915>","Wien 18.Bezirk, Währing <918>",-
95 Jahre und älter,2025,"Wien 15.Bezirk, Rudolfsheim-Fünfhaus <915>","Wien 19.Bezirk, Döbling <919>",-
95 Jahre und älter,2025,"Wien 15.Bezirk, Rudolfsheim-Fünfhaus <915>","Wien 20.Bezirk, Brigittenau <920>",-
95 Jahre und älter,2025,"Wien 15.Bezirk, Rudolfsheim-Fünfhaus <915>","Wien 21.Bezirk, Floridsdorf <921>",-
95 Jahre und älter,2025,"Wien 15.Bezirk, Rudolfsheim-Fünfhaus <915>","Wien 22.Bezirk, Donaustadt <922>",-
95 Jahre und älter,2025,"Wien 15.Bezirk, Rudolfsheim-Fünfhaus <915>","Wien 23.Bezirk, Liesing <923>",-
95 Jahre und älter,2025,"Wien 16.Bezirk, Ottakring <916>","Wien 1.Bezirk, Innere Stadt <901>",-
95 Jahre und älter,2025,"Wien 16.Bezirk, Ottakring <916>","Wien 2.Bezirk, Leopoldstadt <902>",-
95 Jahre und älter,2025,"Wien 16.Bezirk, Ottakring <916>","Wien 3.Bezirk, Landstraße <903>",-
95 Jahre und älter,2025,"Wien 16.Bezirk, Ottakring <916>","Wien 4.Bezirk, Wieden <904>",-
95 Jahre und älter,2025,"Wien 16.Bezirk, Ottakring <916>","Wien 5.Bezirk, Margareten <905>",-
95 Jahre und älter,2025,"Wien 16.Bezirk, Ottakring <916>","Wien 6.Bezirk, Mariahilf <906>",-
95 Jahre und älter,2025,"Wien 16.Bezirk, Ottakring <916>","Wien 7.Bezirk, Neubau <907>",-
95 Jahre und älter,2025,"Wien 16.Bezirk, Ottakring <916>","Wien 8.Bezirk, Josefstadt <908>",-
95 Jahre und älter,2025,"Wien 16.Bezirk, Ottakring <916>","Wien 9.Bezirk, Alsergrund <909>",-
95 Jahre und älter,2025,"Wien 16.Bezirk, Ottakring <916>","Wien 10.Bezirk, Favoriten <910>",-
95 Jahre und älter,2025,"Wien 16.Bezirk, Ottakring <916>","Wien 11.Bezirk, Simmering <911>",-
95 Jahre und älter,2025,"Wien 16.Bezirk, Ottakring <916>","Wien 12.Bezirk, Meidling <912>",2
95 Jahre und älter,2025,"Wien 16.Bezirk, Ottakring <916>","Wien 13.Bezirk, Hietzing <913>",-
95 Jahre und älter,2025,"Wien 16.Bezirk, Ottakring <916>","Wien 14.Bezirk, Penzing <914>",-
95 Jahre und älter,2025,"Wien 16.Bezirk, Ottakring <916>","Wien 15.Bezirk, Rudolfsheim-Fünfhaus <915>",1
95 Jahre und älter,2025,"Wien 16.Bezirk, Ottakring <916>","Wien 16.Bezirk, Ottakring <916>",2
95 Jahre und älter,2025,"Wien 16.Bezirk, Ottakring <916>","Wien 17.Bezirk, Hernals <917>",-
95 Jahre und älter,2025,"Wien 16.Bezirk, Ottakring <916>","Wien 18.Bezirk, Währing <918>",1
95 Jahre und älter,2025,"Wien 16.Bezirk, Ottakring <916>","Wien 19.Bezirk, Döbling <919>",3
95 Jahre und älter,2025,"Wien 16.Bezirk, Ottakring <916>","Wien 20.Bezirk, Brigittenau <920>",-
95 Jahre und älter,2025,"Wien 16.Bezirk, Ottakring <916>","Wien 21.Bezirk, Floridsdorf <921>",-
95 Jahre und älter,2025,"Wien 16.Bezirk, Ottakring <916>","Wien 22.Bezirk, Donaustadt <922>",-
95 Jahre und älter,2025,"Wien 16.Bezirk, Ottakring <916>","Wien 23.Bezirk, Liesing <923>",-
95 Jahre und älter,2025,"Wien 17.Bezirk, Hernals <917>","Wien 1.Bezirk, Innere Stadt <901>",-
95 Jahre und älter,2025,"Wien 17.Bezirk, Hernals <917>","Wien 2.Bezirk, Leopoldstadt <902>",1
95 Jahre und älter,2025,"Wien 17.Bezirk, Hernals <917>","Wien 3.Bezirk, Landstraße <903>",1
95 Jahre und älter,2025,"Wien 17.Bezirk, Hernals <917>","Wien 4.Bezirk, Wieden <904>",-
95 Jahre und älter,2025,"Wien 17.Bezirk, Hernals <917>","Wien 5.Bezirk, Margareten <905>",-
95 Jahre und älter,2025,"Wien 17.Bezirk, Hernals <917>","Wien 6.Bezirk, Mariahilf <906>",-
95 Jahre und älter,2025,"Wien 17.Bezirk, Hernals <917>","Wien 7.Bezirk, Neubau <907>",-
95 Jahre und älter,2025,"Wien 17.Bezirk, Hernals <917>","Wien 8.Bezirk, Josefstadt <908>",-
95 Jahre und älter,2025,"Wien 17.Bezirk, Hernals <917>","Wien 9.Bezirk, Alsergrund <909>",1
95 Jahre und älter,2025,"Wien 17.Bezirk, Hernals <917>","Wien 10.Bezirk, Favoriten <910>",-
95 Jahre und älter,2025,"Wien 17.Bezirk, Hernals <917>","Wien 11.Bezirk, Simmering <911>",-
95 Jahre und älter,2025,"Wien 17.Bezirk, Hernals <917>","Wien 12.Bezirk, Meidling <912>",-
95 Jahre und älter,2025,"Wien 17.Bezirk, Hernals <917>","Wien 13.Bezirk, Hietzing <913>",-
95 Jahre und älter,2025,"Wien 17.Bezirk, Hernals <917>","Wien 14.Bezirk, Penzing <914>",-
95 Jahre und älter,2025,"Wien 17.Bezirk, Hernals <917>","Wien 15.Bezirk, Rudolfsheim-Fünfhaus <915>",3
95 Jahre und älter,2025,"Wien 17.Bezirk, Hernals <917>","Wien 16.Bezirk, Ottakring <916>",1
95 Jahre und älter,2025,"Wien 17.Bezirk, Hernals <917>","Wien 17.Bezirk, Hernals <917>",-
95 Jahre und älter,2025,"Wien 17.Bezirk, Hernals <917>","Wien 18.Bezirk, Währing <918>",-
95 Jahre und älter,2025,"Wien 17.Bezirk, Hernals <917>","Wien 19.Bezirk, Döbling <919>",1
95 Jahre und älter,2025,"Wien 17.Bezirk, Hernals <917>","Wien 20.Bezirk, Brigittenau <920>",-
95 Jahre und älter,2025,"Wien 17.Bezirk, Hernals <917>","Wien 21.Bezirk, Floridsdorf <921>",-
95 Jahre und älter,2025,"Wien 17.Bezirk, Hernals <917>","Wien 22.Bezirk, Donaustadt <922>",1
95 Jahre und älter,2025,"Wien 17.Bezirk, Hernals <917>","Wien 23.Bezirk, Liesing <923>",-
95 Jahre und älter,2025,"Wien 18.Bezirk, Währing <918>","Wien 1.Bezirk, Innere Stadt <901>",-
95 Jahre und älter,2025,"Wien 18.Bezirk, Währing <918>","Wien 2.Bezirk, Leopoldstadt <902>",-
95 Jahre und älter,2025,"Wien 18.Bezirk, Währing <918>","Wien 3.Bezirk, Landstraße <903>",-
95 Jahre und älter,2025,"Wien 18.Bezirk, Währing <918>","Wien 4.Bezirk, Wieden <904>",-
95 Jahre und älter,2025,"Wien 18.Bezirk, Währing <918>","Wien 5.Bezirk, Margareten <905>",-
95 Jahre und älter,2025,"Wien 18.Bezirk, Währing <918>","Wien 6.Bezirk, Mariahilf <906>",-
95 Jahre und älter,2025,"Wien 18.Bezirk, Währing <918>","Wien 7.Bezirk, Neubau <907>",-
95 Jahre und älter,2025,"Wien 18.Bezirk, Währing <918>","Wien 8.Bezirk, Josefstadt <908>",-
95 Jahre und älter,2025,"Wien 18.Bezirk, Währing <918>","Wien 9.Bezirk, Alsergrund <909>",-
95 Jahre und älter,2025,"Wien 18.Bezirk, Währing <918>","Wien 10.Bezirk, Favoriten <910>",-
95 Jahre und älter,2025,"Wien 18.Bezirk, Währing <918>","Wien 11.Bezirk, Simmering <911>",-
95 Jahre und älter,2025,"Wien 18.Bezirk, Währing <918>","Wien 12.Bezirk, Meidling <912>",-
95 Jahre und älter,2025,"Wien 18.Bezirk, Währing <918>","Wien 13.Bezirk, Hietzing <913>",-
95 Jahre und älter,2025,"Wien 18.Bezirk, Währing <918>","Wien 14.Bezirk, Penzing <914>",-
95 Jahre und älter,2025,"Wien 18.Bezirk, Währing <918>","Wien 15.Bezirk, Rudolfsheim-Fünfhaus <915>",-
95 Jahre und älter,2025,"Wien 18.Bezirk, Währing <918>","Wien 16.Bezirk, Ottakring <916>",-
95 Jahre und älter,2025,"Wien 18.Bezirk, Währing <918>","Wien 17.Bezirk, Hernals <917>",-
95 Jahre und älter,2025,"Wien 18.Bezirk, Währing <918>","Wien 18.Bezirk, Währing <918>",1
95 Jahre und älter,2025,"Wien 18.Bezirk, Währing <918>","Wien 19.Bezirk, Döbling <919>",4
95 Jahre und älter,2025,"Wien 18.Bezirk, Währing <918>","Wien 20.Bezirk, Brigittenau <920>",-
95 Jahre und älter,2025,"Wien 18.Bezirk, Währing <918>","Wien 21.Bezirk, Floridsdorf <921>",1
95 Jahre und älter,2025,"Wien 18.Bezirk, Währing <918>","Wien 22.Bezirk, Donaustadt <922>",-
95 Jahre und älter,2025,"Wien 18.Bezirk, Währing <918>","Wien 23.Bezirk, Liesing <923>",-
95 Jahre und älter,2025,"Wien 19.Bezirk, Döbling <919>","Wien 1.Bezirk, Innere Stadt <901>",-
95 Jahre und älter,2025,"Wien 19.Bezirk, Döbling <919>","Wien 2.Bezirk, Leopoldstadt <902>",-
95 Jahre und älter,2025,"Wien 19.Bezirk, Döbling <919>","Wien 3.Bezirk, Landstraße <903>",-
95 Jahre und älter,2025,"Wien 19.Bezirk, Döbling <919>","Wien 4.Bezirk, Wieden <904>",-
95 Jahre und älter,2025,"Wien 19.Bezirk, Döbling <919>","Wien 5.Bezirk, Margareten <905>",1
95 Jahre und älter,2025,"Wien 19.Bezirk, Döbling <919>","Wien 6.Bezirk, Mariahilf <906>",-
95 Jahre und älter,2025,"Wien 19.Bezirk, Döbling <919>","Wien 7.Bezirk, Neubau <907>",-
95 Jahre und älter,2025,"Wien 19.Bezirk, Döbling <919>","Wien 8.Bezirk, Josefstadt <908>",-
95 Jahre und älter,2025,"Wien 19.Bezirk, Döbling <919>","Wien 9.Bezirk, Alsergrund <909>",-
95 Jahre und älter,2025,"Wien 19.Bezirk, Döbling <919>","Wien 10.Bezirk, Favoriten <910>",-
95 Jahre und älter,2025,"Wien 19.Bezirk, Döbling <919>","Wien 11.Bezirk, Simmering <911>",1
95 Jahre und älter,2025,"Wien 19.Bezirk, Döbling <919>","Wien 12.Bezirk, Meidling <912>",-
95 Jahre und älter,2025,"Wien 19.Bezirk, Döbling <919>","Wien 13.Bezirk, Hietzing <913>",-
95 Jahre und älter,2025,"Wien 19.Bezirk, Döbling <919>","Wien 14.Bezirk, Penzing <914>",-
95 Jahre und älter,2025,"Wien 19.Bezirk, Döbling <919>","Wien 15.Bezirk, Rudolfsheim-Fünfhaus <915>",-
95 Jahre und älter,2025,"Wien 19.Bezirk, Döbling <919>","Wien 16.Bezirk, Ottakring <916>",-
95 Jahre und älter,2025,"Wien 19.Bezirk, Döbling <919>","Wien 17.Bezirk, Hernals <917>",-
95 Jahre und älter,2025,"Wien 19.Bezirk, Döbling <919>","Wien 18.Bezirk, Währing <918>",-
95 Jahre und älter,2025,"Wien 19.Bezirk, Döbling <919>","Wien 19.Bezirk, Döbling <919>",9
95 Jahre und älter,2025,"Wien 19.Bezirk, Döbling <919>","Wien 20.Bezirk, Brigittenau <920>",-
95 Jahre und älter,2025,"Wien 19.Bezirk, Döbling <919>","Wien 21.Bezirk, Floridsdorf <921>",1
95 Jahre und älter,2025,"Wien 19.Bezirk, Döbling <919>","Wien 22.Bezirk, Donaustadt <922>",-
95 Jahre und älter,2025,"Wien 19.Bezirk, Döbling <919>","Wien 23.Bezirk, Liesing <923>",-
95 Jahre und älter,2025,"Wien 20.Bezirk, Brigittenau <920>","Wien 1.Bezirk, Innere Stadt <901>",-
95 Jahre und älter,2025,"Wien 20.Bezirk, Brigittenau <920>","Wien 2.Bezirk, Leopoldstadt <902>",1
95 Jahre und älter,2025,"Wien 20.Bezirk, Brigittenau <920>","Wien 3.Bezirk, Landstraße <903>",-
95 Jahre und älter,2025,"Wien 20.Bezirk, Brigittenau <920>","Wien 4.Bezirk, Wieden <904>",-
95 Jahre und älter,2025,"Wien 20.Bezirk, Brigittenau <920>","Wien 5.Bezirk, Margareten <905>",-
95 Jahre und älter,2025,"Wien 20.Bezirk, Brigittenau <920>","Wien 6.Bezirk, Mariahilf <906>",2
95 Jahre und älter,2025,"Wien 20.Bezirk, Brigittenau <920>","Wien 7.Bezirk, Neubau <907>",-
95 Jahre und älter,2025,"Wien 20.Bezirk, Brigittenau <920>","Wien 8.Bezirk, Josefstadt <908>",-
95 Jahre und älter,2025,"Wien 20.Bezirk, Brigittenau <920>","Wien 9.Bezirk, Alsergrund <909>",-
95 Jahre und älter,2025,"Wien 20.Bezirk, Brigittenau <920>","Wien 10.Bezirk, Favoriten <910>",-
95 Jahre und älter,2025,"Wien 20.Bezirk, Brigittenau <920>","Wien 11.Bezirk, Simmering <911>",-
95 Jahre und älter,2025,"Wien 20.Bezirk, Brigittenau <920>","Wien 12.Bezirk, Meidling <912>",1
95 Jahre und älter,2025,"Wien 20.Bezirk, Brigittenau <920>","Wien 13.Bezirk, Hietzing <913>",3
95 Jahre und älter,2025,"Wien 20.Bezirk, Brigittenau <920>","Wien 14.Bezirk, Penzing <914>",1
95 Jahre und älter,2025,"Wien 20.Bezirk, Brigittenau <920>","Wien 15.Bezirk, Rudolfsheim-Fünfhaus <915>",1
95 Jahre und älter,2025,"Wien 20.Bezirk, Brigittenau <920>","Wien 16.Bezirk, Ottakring <916>",-
95 Jahre und älter,2025,"Wien 20.Bezirk, Brigittenau <920>","Wien 17.Bezirk, Hernals <917>",-
95 Jahre und älter,2025,"Wien 20.Bezirk, Brigittenau <920>","Wien 18.Bezirk, Währing <918>",-
95 Jahre und älter,2025,"Wien 20.Bezirk, Brigittenau <920>","Wien 19.Bezirk, Döbling <919>",1
95 Jahre und älter,2025,"Wien 20.Bezirk, Brigittenau <920>","Wien 20.Bezirk, Brigittenau <920>",1
95 Jahre und älter,2025,"Wien 20.Bezirk, Brigittenau <920>","Wien 21.Bezirk, Floridsdorf <921>",-
95 Jahre und älter,2025,"Wien 20.Bezirk, Brigittenau <920>","Wien 22.Bezirk, Donaustadt <922>",-
95 Jahre und älter,2025,"Wien 20.Bezirk, Brigittenau <920>","Wien 23.Bezirk, Liesing <923>",-
95 Jahre und älter,2025,"Wien 21.Bezirk, Floridsdorf <921>","Wien 1.Bezirk, Innere Stadt <901>",-
95 Jahre und älter,2025,"Wien 21.Bezirk, Floridsdorf <921>","Wien 2.Bezirk, Leopoldstadt <902>",-
95 Jahre und älter,2025,"Wien 21.Bezirk, Floridsdorf <921>","Wien 3.Bezirk, Landstraße <903>",-
95 Jahre und älter,2025,"Wien 21.Bezirk, Floridsdorf <921>","Wien 4.Bezirk, Wieden <904>",1
95 Jahre und älter,2025,"Wien 21.Bezirk, Floridsdorf <921>","Wien 5.Bezirk, Margareten <905>",-
95 Jahre und älter,2025,"Wien 21.Bezirk, Floridsdorf <921>","Wien 6.Bezirk, Mariahilf <906>",-
95 Jahre und älter,2025,"Wien 21.Bezirk, Floridsdorf <921>","Wien 7.Bezirk, Neubau <907>",-
95 Jahre und älter,2025,"Wien 21.Bezirk, Floridsdorf <921>","Wien 8.Bezirk, Josefstadt <908>",-
95 Jahre und älter,2025,"Wien 21.Bezirk, Floridsdorf <921>","Wien 9.Bezirk, Alsergrund <909>",1
95 Jahre und älter,2025,"Wien 21.Bezirk, Floridsdorf <921>","Wien 10.Bezirk, Favoriten <910>",-
95 Jahre und älter,2025,"Wien 21.Bezirk, Floridsdorf <921>","Wien 11.Bezirk, Simmering <911>",-
95 Jahre und älter,2025,"Wien 21.Bezirk, Floridsdorf <921>","Wien 12.Bezirk, Meidling <912>",1
95 Jahre und älter,2025,"Wien 21.Bezirk, Floridsdorf <921>","Wien 13.Bezirk, Hietzing <913>",2
95 Jahre und älter,2025,"Wien 21.Bezirk, Floridsdorf <921>","Wien 14.Bezirk, Penzing <914>",-
95 Jahre und älter,2025,"Wien 21.Bezirk, Floridsdorf <921>","Wien 15.Bezirk, Rudolfsheim-Fünfhaus <915>",1
95 Jahre und älter,2025,"Wien 21.Bezirk, Floridsdorf <921>","Wien 16.Bezirk, Ottakring <916>",-
95 Jahre und älter,2025,"Wien 21.Bezirk, Floridsdorf <921>","Wien 17.Bezirk, Hernals <917>",-
95 Jahre und älter,2025,"Wien 21.Bezirk, Floridsdorf <921>","Wien 18.Bezirk, Währing <918>",-
95 Jahre und älter,2025,"Wien 21.Bezirk, Floridsdorf <921>","Wien 19.Bezirk, Döbling <919>",2
95 Jahre und älter,2025,"Wien 21.Bezirk, Floridsdorf <921>","Wien 20.Bezirk, Brigittenau <920>",-
95 Jahre und älter,2025,"Wien 21.Bezirk, Floridsdorf <921>","Wien 21.Bezirk, Floridsdorf <921>",3
95 Jahre und älter,2025,"Wien 21.Bezirk, Floridsdorf <921>","Wien 22.Bezirk, Donaustadt <922>",5
95 Jahre und älter,2025,"Wien 21.Bezirk, Floridsdorf <921>","Wien 23.Bezirk, Liesing <923>",1
95 Jahre und älter,2025,"Wien 22.Bezirk, Donaustadt <922>","Wien 1.Bezirk, Innere Stadt <901>",-
95 Jahre und älter,2025,"Wien 22.Bezirk, Donaustadt <922>","Wien 2.Bezirk, Leopoldstadt <902>",1
95 Jahre und älter,2025,"Wien 22.Bezirk, Donaustadt <922>","Wien 3.Bezirk, Landstraße <903>",-
95 Jahre und älter,2025,"Wien 22.Bezirk, Donaustadt <922>","Wien 4.Bezirk, Wieden <904>",-
95 Jahre und älter,2025,"Wien 22.Bezirk, Donaustadt <922>","Wien 5.Bezirk, Margareten <905>",-
95 Jahre und älter,2025,"Wien 22.Bezirk, Donaustadt <922>","Wien 6.Bezirk, Mariahilf <906>",-
95 Jahre und älter,2025,"Wien 22.Bezirk, Donaustadt <922>","Wien 7.Bezirk, Neubau <907>",-
95 Jahre und älter,2025,"Wien 22.Bezirk, Donaustadt <922>","Wien 8.Bezirk, Josefstadt <908>",-
95 Jahre und älter,2025,"Wien 22.Bezirk, Donaustadt <922>","Wien 9.Bezirk, Alsergrund <909>",-
95 Jahre und älter,2025,"Wien 22.Bezirk, Donaustadt <922>","Wien 10.Bezirk, Favoriten <910>",1
95 Jahre und älter,2025,"Wien 22.Bezirk, Donaustadt <922>","Wien 11.Bezirk, Simmering <911>",2
95 Jahre und älter,2025,"Wien 22.Bezirk, Donaustadt <922>","Wien 12.Bezirk, Meidling <912>",-
95 Jahre und älter,2025,"Wien 22.Bezirk, Donaustadt <922>","Wien 13.Bezirk, Hietzing <913>",2
95 Jahre und älter,2025,"Wien 22.Bezirk, Donaustadt <922>","Wien 14.Bezirk, Penzing <914>",-
95 Jahre und älter,2025,"Wien 22.Bezirk, Donaustadt <922>","Wien 15.Bezirk, Rudolfsheim-Fünfhaus <915>",-
95 Jahre und älter,2025,"Wien 22.Bezirk, Donaustadt <922>","Wien 16.Bezirk, Ottakring <916>",1
95 Jahre und älter,2025,"Wien 22.Bezirk, Donaustadt <922>","Wien 17.Bezirk, Hernals <917>",-
95 Jahre und älter,2025,"Wien 22.Bezirk, Donaustadt <922>","Wien 18.Bezirk, Währing <918>",-
95 Jahre und älter,2025,"Wien 22.Bezirk, Donaustadt <922>","Wien 19.Bezirk, Döbling <919>",1
95 Jahre und älter,2025,"Wien 22.Bezirk, Donaustadt <922>","Wien 20.Bezirk, Brigittenau <920>",2
95 Jahre und älter,2025,"Wien 22.Bezirk, Donaustadt <922>","Wien 21.Bezirk, Floridsdorf <921>",-
95 Jahre und älter,2025,"Wien 22.Bezirk, Donaustadt <922>","Wien 22.Bezirk, Donaustadt <922>",5
95 Jahre und älter,2025,"Wien 22.Bezirk, Donaustadt <922>","Wien 23.Bezirk, Liesing <923>",-
95 Jahre und älter,2025,"Wien 23.Bezirk, Liesing <923>","Wien 1.Bezirk, Innere Stadt <901>",-
95 Jahre und älter,2025,"Wien 23.Bezirk, Liesing <923>","Wien 2.Bezirk, Leopoldstadt <902>",1
95 Jahre und älter,2025,"Wien 23.Bezirk, Liesing <923>","Wien 3.Bezirk, Landstraße <903>",2
95 Jahre und älter,2025,"Wien 23.Bezirk, Liesing <923>","Wien 4.Bezirk, Wieden <904>",-
95 Jahre und älter,2025,"Wien 23.Bezirk, Liesing <923>","Wien 5.Bezirk, Margareten <905>",1
95 Jahre und älter,2025,"Wien 23.Bezirk, Liesing <923>","Wien 6.Bezirk, Mariahilf <906>",1
95 Jahre und älter,2025,"Wien 23.Bezirk, Liesing <923>","Wien 7.Bezirk, Neubau <907>",-
95 Jahre und älter,2025,"Wien 23.Bezirk, Liesing <923>","Wien 8.Bezirk, Josefstadt <908>",-
95 Jahre und älter,2025,"Wien 23.Bezirk, Liesing <923>","Wien 9.Bezirk, Alsergrund <909>",-
95 Jahre und älter,2025,"Wien 23.Bezirk, Liesing <923>","Wien 10.Bezirk, Favoriten <910>",-
95 Jahre und älter,2025,"Wien 23.Bezirk, Liesing <923>","Wien 11.Bezirk, Simmering <911>",-
95 Jahre und älter,2025,"Wien 23.Bezirk, Liesing <923>","Wien 12.Bezirk, Meidling <912>",1
95 Jahre und älter,2025,"Wien 23.Bezirk, Liesing <923>","Wien 13.Bezirk, Hietzing <913>",1
95 Jahre und älter,2025,"Wien 23.Bezirk, Liesing <923>","Wien 14.Bezirk, Penzing <914>",-
95 Jahre und älter,2025,"Wien 23.Bezirk, Liesing <923>","Wien 15.Bezirk, Rudolfsheim-Fünfhaus <915>",-
95 Jahre und älter,2025,"Wien 23.Bezirk, Liesing <923>","Wien 16.Bezirk, Ottakring <916>",-
95 Jahre und älter,2025,"Wien 23.Bezirk, Liesing <923>","Wien 17.Bezirk, Hernals <917>",-
95 Jahre und älter,2025,"Wien 23.Bezirk, Liesing <923>","Wien 18.Bezirk, Währing <918>",-
95 Jahre und älter,2025,"Wien 23.Bezirk, Liesing <923>","Wien 19.Bezirk, Döbling <919>",-
95 Jahre und älter,2025,"Wien 23.Bezirk, Liesing <923>","Wien 20.Bezirk, Brigittenau <920>",-
95 Jahre und älter,2025,"Wien 23.Bezirk, Liesing <923>","Wien 21.Bezirk, Floridsdorf <921>",-
95 Jahre und älter,2025,"Wien 23.Bezirk, Liesing <923>","Wien 22.Bezirk, Donaustadt <922>",1
95 Jahre und älter,2025,"Wien 23.Bezirk, Liesing <923>","Wien 23.Bezirk, Liesing <923>",7
